PATH /home/vargas/repos/forests-sounds-vargas
Hablámelo maniño, alles gut oder was??
#### #### HOI FOREST #### ####
#### #### N-JOBS 39 SBOJ-N #### ####
#### #### HOI MODELLING #### ####
#### INDICES => [reg, sid, ban, sec, men, med, sum, max, aci, bet, mmm, npp, hfq, htp, hhh, aei] <= INDICES 16 ####
0/68 ######## ################ ################ ########
0 #### MODELLING #### REGION: ==>> f.region <<== DATA ==>> f.filename.split('/')[-1]
#### #### HOI FOREST - MODELLING #### ####
#### COMBI 511 #### FIXED 7 VARIABLE 9
#### #### READING DATA FILES #### ####
130 511 #### COMBI [reg, sid, ban, sec, men, med, sum, max, aci, bet, mmm] METRICS ####
('Plantation', '/home/vargas/repos/forests-sounds-vargas/out/data/extraction/Plantation/2_00_PSA0010-2010_dict_y_split_7_2512283_1736694580.pkl')
(297840, 11) Index(['reg', 'sid', 'ban', 'sec', 'men', 'med', 'sum', 'max', 'aci', 'bet',
       'mmm'],
      dtype='object') Index(['reg', 'sid', 'ban', 'sec', 'men', 'med', 'sum', 'max', 'aci', 'bet',
       'mmm'],
      dtype='object')
#### MERGE 68 merge_data Dataframe shape: (297840, 11) #### time: 28
#### #### SPLIT TRAIN TEST #### ####
#### CLASSES: [0 1 2 3] TOTAL 4
#### SPLIT train_test_split and CUDA: ??? cuda:0 #### time: 35
#### MODELS - TOTAL 3 ####
#### EPOCHS 11 ####
#### TRAINING MODELS ####
#### TRAINING MODEL SEQ_CNN_LSTM ####
#### prediction torch.Size([192, 4])
Epoch [10/11] Step [33/1241] Loss: 0.5317 Time: 61.882
#### prediction torch.Size([192, 4])
Epoch [10/11] Step [66/1241] Loss: 0.4435 Time: 62.058
#### prediction torch.Size([192, 4])
Epoch [10/11] Step [99/1241] Loss: 0.4976 Time: 62.234
#### prediction torch.Size([192, 4])
Epoch [10/11] Step [132/1241] Loss: 0.5001 Time: 62.41
#### prediction torch.Size([192, 4])
Epoch [10/11] Step [165/1241] Loss: 0.4558 Time: 62.586
#### prediction torch.Size([192, 4])
Epoch [10/11] Step [198/1241] Loss: 0.5115 Time: 62.762
#### prediction torch.Size([192, 4])
Epoch [10/11] Step [231/1241] Loss: 0.4536 Time: 62.938
#### prediction torch.Size([192, 4])
Epoch [10/11] Step [264/1241] Loss: 0.5336 Time: 63.114
#### prediction torch.Size([192, 4])
Epoch [10/11] Step [297/1241] Loss: 0.4709 Time: 63.29
#### prediction torch.Size([192, 4])
Epoch [10/11] Step [330/1241] Loss: 0.5135 Time: 63.466
#### prediction torch.Size([192, 4])
Epoch [10/11] Step [363/1241] Loss: 0.4678 Time: 63.643
#### prediction torch.Size([192, 4])
Epoch [10/11] Step [396/1241] Loss: 0.4982 Time: 63.819
#### prediction torch.Size([192, 4])
Epoch [10/11] Step [429/1241] Loss: 0.5940 Time: 63.995
#### prediction torch.Size([192, 4])
Epoch [10/11] Step [462/1241] Loss: 0.4095 Time: 64.171
#### prediction torch.Size([192, 4])
Epoch [10/11] Step [495/1241] Loss: 0.4741 Time: 64.347
#### prediction torch.Size([192, 4])
Epoch [10/11] Step [528/1241] Loss: 0.4702 Time: 64.523
#### prediction torch.Size([192, 4])
Epoch [10/11] Step [561/1241] Loss: 0.4628 Time: 64.699
#### prediction torch.Size([192, 4])
Epoch [10/11] Step [594/1241] Loss: 0.5642 Time: 64.875
#### prediction torch.Size([192, 4])
Epoch [10/11] Step [627/1241] Loss: 0.4479 Time: 65.051
#### prediction torch.Size([192, 4])
Epoch [10/11] Step [660/1241] Loss: 0.5117 Time: 65.227
#### prediction torch.Size([192, 4])
Epoch [10/11] Step [693/1241] Loss: 0.4581 Time: 65.403
#### prediction torch.Size([192, 4])
Epoch [10/11] Step [726/1241] Loss: 0.4886 Time: 65.579
#### prediction torch.Size([192, 4])
Epoch [10/11] Step [759/1241] Loss: 0.4511 Time: 65.755
#### prediction torch.Size([192, 4])
Epoch [10/11] Step [792/1241] Loss: 0.5623 Time: 65.931
#### prediction torch.Size([192, 4])
Epoch [10/11] Step [825/1241] Loss: 0.5469 Time: 66.285
#### prediction torch.Size([192, 4])
Epoch [10/11] Step [858/1241] Loss: 0.5225 Time: 66.462
#### prediction torch.Size([192, 4])
Epoch [10/11] Step [891/1241] Loss: 0.5134 Time: 66.638
#### prediction torch.Size([192, 4])
Epoch [10/11] Step [924/1241] Loss: 0.5408 Time: 66.814
#### prediction torch.Size([192, 4])
Epoch [10/11] Step [957/1241] Loss: 0.4351 Time: 66.99
#### prediction torch.Size([192, 4])
Epoch [10/11] Step [990/1241] Loss: 0.5161 Time: 67.166
#### prediction torch.Size([192, 4])
Epoch [10/11] Step [1023/1241] Loss: 0.4958 Time: 67.342
#### prediction torch.Size([192, 4])
Epoch [10/11] Step [1056/1241] Loss: 0.4984 Time: 67.519
#### prediction torch.Size([192, 4])
Epoch [10/11] Step [1089/1241] Loss: 0.5798 Time: 67.695
#### prediction torch.Size([192, 4])
Epoch [10/11] Step [1122/1241] Loss: 0.5738 Time: 67.871
#### prediction torch.Size([192, 4])
Epoch [10/11] Step [1155/1241] Loss: 0.4379 Time: 68.047
#### prediction torch.Size([192, 4])
Epoch [10/11] Step [1188/1241] Loss: 0.5329 Time: 68.223
#### prediction torch.Size([192, 4])
Epoch [10/11] Step [1221/1241] Loss: 0.5627 Time: 68.399
#### TRAINED MODEL SEQ_CNN_LSTM model training time: 75.194 total training time: 79.174 ####
#### TRAINING MODEL SEQ_LSTM_CNN ####
#### prediction torch.Size([192, 4])
Epoch [10/11] Step [33/1241] Loss: 0.5024 Time: 69.506
#### prediction torch.Size([192, 4])
Epoch [10/11] Step [66/1241] Loss: 0.4692 Time: 69.708
#### prediction torch.Size([192, 4])
Epoch [10/11] Step [99/1241] Loss: 0.4357 Time: 69.909
#### prediction torch.Size([192, 4])
Epoch [10/11] Step [132/1241] Loss: 0.5371 Time: 70.11
#### prediction torch.Size([192, 4])
Epoch [10/11] Step [165/1241] Loss: 0.4289 Time: 70.311
#### prediction torch.Size([192, 4])
Epoch [10/11] Step [198/1241] Loss: 0.4939 Time: 70.696
#### prediction torch.Size([192, 4])
Epoch [10/11] Step [231/1241] Loss: 0.5196 Time: 70.897
#### prediction torch.Size([192, 4])
Epoch [10/11] Step [264/1241] Loss: 0.5442 Time: 71.1
#### prediction torch.Size([192, 4])
Epoch [10/11] Step [297/1241] Loss: 0.4898 Time: 71.301
#### prediction torch.Size([192, 4])
Epoch [10/11] Step [330/1241] Loss: 0.5664 Time: 71.503
#### prediction torch.Size([192, 4])
Epoch [10/11] Step [363/1241] Loss: 0.5309 Time: 71.704
#### prediction torch.Size([192, 4])
Epoch [10/11] Step [396/1241] Loss: 0.5480 Time: 71.905
#### prediction torch.Size([192, 4])
Epoch [10/11] Step [429/1241] Loss: 0.4380 Time: 72.106
#### prediction torch.Size([192, 4])
Epoch [10/11] Step [462/1241] Loss: 0.3781 Time: 72.308
#### prediction torch.Size([192, 4])
Epoch [10/11] Step [495/1241] Loss: 0.5361 Time: 72.509
#### prediction torch.Size([192, 4])
Epoch [10/11] Step [528/1241] Loss: 0.5947 Time: 72.71
#### prediction torch.Size([192, 4])
Epoch [10/11] Step [561/1241] Loss: 0.5359 Time: 72.911
#### prediction torch.Size([192, 4])
Epoch [10/11] Step [594/1241] Loss: 0.4783 Time: 73.113
#### prediction torch.Size([192, 4])
Epoch [10/11] Step [627/1241] Loss: 0.5184 Time: 73.314
#### prediction torch.Size([192, 4])
Epoch [10/11] Step [660/1241] Loss: 0.4559 Time: 73.515
#### prediction torch.Size([192, 4])
Epoch [10/11] Step [693/1241] Loss: 0.4803 Time: 73.716
#### prediction torch.Size([192, 4])
Epoch [10/11] Step [726/1241] Loss: 0.4003 Time: 73.917
#### prediction torch.Size([192, 4])
Epoch [10/11] Step [759/1241] Loss: 0.4256 Time: 74.118
#### prediction torch.Size([192, 4])
Epoch [10/11] Step [792/1241] Loss: 0.4611 Time: 74.319
#### prediction torch.Size([192, 4])
Epoch [10/11] Step [825/1241] Loss: 0.4997 Time: 74.521
#### prediction torch.Size([192, 4])
Epoch [10/11] Step [858/1241] Loss: 0.4745 Time: 74.722
#### prediction torch.Size([192, 4])
Epoch [10/11] Step [891/1241] Loss: 0.4671 Time: 74.923
#### prediction torch.Size([192, 4])
Epoch [10/11] Step [924/1241] Loss: 0.4224 Time: 75.124
#### prediction torch.Size([192, 4])
Epoch [10/11] Step [957/1241] Loss: 0.4894 Time: 75.325
#### prediction torch.Size([192, 4])
Epoch [10/11] Step [990/1241] Loss: 0.5098 Time: 75.527
#### prediction torch.Size([192, 4])
Epoch [10/11] Step [1023/1241] Loss: 0.5383 Time: 75.728
#### prediction torch.Size([192, 4])
Epoch [10/11] Step [1056/1241] Loss: 0.5432 Time: 75.929
#### prediction torch.Size([192, 4])
Epoch [10/11] Step [1089/1241] Loss: 0.5503 Time: 76.13
#### prediction torch.Size([192, 4])
Epoch [10/11] Step [1122/1241] Loss: 0.4640 Time: 76.331
#### prediction torch.Size([192, 4])
Epoch [10/11] Step [1155/1241] Loss: 0.5232 Time: 76.532
#### prediction torch.Size([192, 4])
Epoch [10/11] Step [1188/1241] Loss: 0.5188 Time: 76.733
#### prediction torch.Size([192, 4])
Epoch [10/11] Step [1221/1241] Loss: 0.4932 Time: 76.935
#### TRAINED MODEL SEQ_LSTM_CNN model training time: 84.85 total training time: 164.024 ####
#### TRAINING MODEL PARA_CNN_LSTM ####
#### prediction torch.Size([192, 4])
Epoch [10/11] Step [33/1241] Loss: 0.4869 Time: 70.692
#### prediction torch.Size([192, 4])
Epoch [10/11] Step [66/1241] Loss: 0.4867 Time: 70.899
#### prediction torch.Size([192, 4])
Epoch [10/11] Step [99/1241] Loss: 0.4204 Time: 71.104
#### prediction torch.Size([192, 4])
Epoch [10/11] Step [132/1241] Loss: 0.5322 Time: 71.309
#### prediction torch.Size([192, 4])
Epoch [10/11] Step [165/1241] Loss: 0.4620 Time: 71.514
#### prediction torch.Size([192, 4])
Epoch [10/11] Step [198/1241] Loss: 0.6361 Time: 71.719
#### prediction torch.Size([192, 4])
Epoch [10/11] Step [231/1241] Loss: 0.5044 Time: 71.924
#### prediction torch.Size([192, 4])
Epoch [10/11] Step [264/1241] Loss: 0.4532 Time: 72.128
#### prediction torch.Size([192, 4])
Epoch [10/11] Step [297/1241] Loss: 0.4696 Time: 72.333
#### prediction torch.Size([192, 4])
Epoch [10/11] Step [330/1241] Loss: 0.5082 Time: 72.537
#### prediction torch.Size([192, 4])
Epoch [10/11] Step [363/1241] Loss: 0.5434 Time: 72.742
#### prediction torch.Size([192, 4])
Epoch [10/11] Step [396/1241] Loss: 0.5430 Time: 72.947
#### prediction torch.Size([192, 4])
Epoch [10/11] Step [429/1241] Loss: 0.4371 Time: 73.152
#### prediction torch.Size([192, 4])
Epoch [10/11] Step [462/1241] Loss: 0.5224 Time: 73.357
#### prediction torch.Size([192, 4])
Epoch [10/11] Step [495/1241] Loss: 0.4510 Time: 73.562
#### prediction torch.Size([192, 4])
Epoch [10/11] Step [528/1241] Loss: 0.5162 Time: 73.767
#### prediction torch.Size([192, 4])
Epoch [10/11] Step [561/1241] Loss: 0.4923 Time: 73.971
#### prediction torch.Size([192, 4])
Epoch [10/11] Step [594/1241] Loss: 0.4078 Time: 74.176
#### prediction torch.Size([192, 4])
Epoch [10/11] Step [627/1241] Loss: 0.5002 Time: 74.38
#### prediction torch.Size([192, 4])
Epoch [10/11] Step [660/1241] Loss: 0.4951 Time: 74.585
#### prediction torch.Size([192, 4])
Epoch [10/11] Step [693/1241] Loss: 0.3843 Time: 74.79
#### prediction torch.Size([192, 4])
Epoch [10/11] Step [726/1241] Loss: 0.4358 Time: 74.996
#### prediction torch.Size([192, 4])
Epoch [10/11] Step [759/1241] Loss: 0.4076 Time: 75.2
#### prediction torch.Size([192, 4])
Epoch [10/11] Step [792/1241] Loss: 0.5812 Time: 75.406
#### prediction torch.Size([192, 4])
Epoch [10/11] Step [825/1241] Loss: 0.5084 Time: 75.61
#### prediction torch.Size([192, 4])
Epoch [10/11] Step [858/1241] Loss: 0.5217 Time: 75.815
#### prediction torch.Size([192, 4])
Epoch [10/11] Step [891/1241] Loss: 0.4200 Time: 76.02
#### prediction torch.Size([192, 4])
Epoch [10/11] Step [924/1241] Loss: 0.4642 Time: 76.224
#### prediction torch.Size([192, 4])
Epoch [10/11] Step [957/1241] Loss: 0.4392 Time: 76.429
#### prediction torch.Size([192, 4])
Epoch [10/11] Step [990/1241] Loss: 0.4420 Time: 76.633
#### prediction torch.Size([192, 4])
Epoch [10/11] Step [1023/1241] Loss: 0.4861 Time: 76.838
#### prediction torch.Size([192, 4])
Epoch [10/11] Step [1056/1241] Loss: 0.5891 Time: 77.042
#### prediction torch.Size([192, 4])
Epoch [10/11] Step [1089/1241] Loss: 0.5297 Time: 77.247
#### prediction torch.Size([192, 4])
Epoch [10/11] Step [1122/1241] Loss: 0.4691 Time: 77.451
#### prediction torch.Size([192, 4])
Epoch [10/11] Step [1155/1241] Loss: 0.4853 Time: 77.656
#### prediction torch.Size([192, 4])
Epoch [10/11] Step [1188/1241] Loss: 0.4913 Time: 77.86
#### prediction torch.Size([192, 4])
Epoch [10/11] Step [1221/1241] Loss: 0.5004 Time: 78.065
#### TRAINED MODEL PARA_CNN_LSTM model training time: 86.106 total training time: 250.129 ####
#### TRAINING TOTAL TIME: 246.15 ####
Accuracy of the SEQ_CNN_LSTM model on the test set: 79.195205 %
Accuracy of the SEQ_LSTM_CNN model on the test set: 79.759267 %
Accuracy of the PARA_CNN_LSTM model on the test set: 78.904781 %
#### TESTING TOTAL TIME: 3.816 ####
#### TIME #### TERMINO #### 317.792 ####
#### FINITO #### TERMINO #### NO-VA-MAS ####
#### TIMES #### modelling TOTAL TOTAL ==>> 317.792 seconds
#### #### READING DATA FILES #### ####
131 511 #### COMBI [reg, sid, ban, sec, men, med, sum, max, aci, bet, npp] METRICS ####
('Plantation', '/home/vargas/repos/forests-sounds-vargas/out/data/extraction/Plantation/2_00_PSA0010-2010_dict_y_split_7_2512283_1736694580.pkl')
(297840, 11) Index(['reg', 'sid', 'ban', 'sec', 'men', 'med', 'sum', 'max', 'aci', 'bet',
       'npp'],
      dtype='object') Index(['reg', 'sid', 'ban', 'sec', 'men', 'med', 'sum', 'max', 'aci', 'bet',
       'npp'],
      dtype='object')
#### MERGE 68 merge_data Dataframe shape: (297840, 11) #### time: 278
#### #### SPLIT TRAIN TEST #### ####
#### CLASSES: [0 1 2 3] TOTAL 4
#### SPLIT train_test_split and CUDA: ??? cuda:0 #### time: 35
#### MODELS - TOTAL 3 ####
#### EPOCHS 11 ####
#### TRAINING MODELS ####
#### TRAINING MODEL SEQ_CNN_LSTM ####
#### prediction torch.Size([192, 4])
Epoch [10/11] Step [33/1241] Loss: 0.2326 Time: 62.904
#### prediction torch.Size([192, 4])
Epoch [10/11] Step [66/1241] Loss: 0.2248 Time: 63.087
#### prediction torch.Size([192, 4])
Epoch [10/11] Step [99/1241] Loss: 0.2313 Time: 63.269
#### prediction torch.Size([192, 4])
Epoch [10/11] Step [132/1241] Loss: 0.2338 Time: 63.45
#### prediction torch.Size([192, 4])
Epoch [10/11] Step [165/1241] Loss: 0.1701 Time: 63.631
#### prediction torch.Size([192, 4])
Epoch [10/11] Step [198/1241] Loss: 0.2104 Time: 63.813
#### prediction torch.Size([192, 4])
Epoch [10/11] Step [231/1241] Loss: 0.1675 Time: 63.994
#### prediction torch.Size([192, 4])
Epoch [10/11] Step [264/1241] Loss: 0.2306 Time: 64.176
#### prediction torch.Size([192, 4])
Epoch [10/11] Step [297/1241] Loss: 0.2350 Time: 64.357
#### prediction torch.Size([192, 4])
Epoch [10/11] Step [330/1241] Loss: 0.2243 Time: 64.538
#### prediction torch.Size([192, 4])
Epoch [10/11] Step [363/1241] Loss: 0.2055 Time: 64.72
#### prediction torch.Size([192, 4])
Epoch [10/11] Step [396/1241] Loss: 0.2110 Time: 64.901
#### prediction torch.Size([192, 4])
Epoch [10/11] Step [429/1241] Loss: 0.1568 Time: 65.083
#### prediction torch.Size([192, 4])
Epoch [10/11] Step [462/1241] Loss: 0.3141 Time: 65.265
#### prediction torch.Size([192, 4])
Epoch [10/11] Step [495/1241] Loss: 0.2526 Time: 65.451
#### prediction torch.Size([192, 4])
Epoch [10/11] Step [528/1241] Loss: 0.3565 Time: 65.633
#### prediction torch.Size([192, 4])
Epoch [10/11] Step [561/1241] Loss: 0.2051 Time: 65.815
#### prediction torch.Size([192, 4])
Epoch [10/11] Step [594/1241] Loss: 0.2375 Time: 65.998
#### prediction torch.Size([192, 4])
Epoch [10/11] Step [627/1241] Loss: 0.1995 Time: 66.18
#### prediction torch.Size([192, 4])
Epoch [10/11] Step [660/1241] Loss: 0.2942 Time: 66.362
#### prediction torch.Size([192, 4])
Epoch [10/11] Step [693/1241] Loss: 0.3656 Time: 66.544
#### prediction torch.Size([192, 4])
Epoch [10/11] Step [726/1241] Loss: 0.1704 Time: 66.727
#### prediction torch.Size([192, 4])
Epoch [10/11] Step [759/1241] Loss: 0.1657 Time: 66.909
#### prediction torch.Size([192, 4])
Epoch [10/11] Step [792/1241] Loss: 0.1900 Time: 67.093
#### prediction torch.Size([192, 4])
Epoch [10/11] Step [825/1241] Loss: 0.2499 Time: 67.275
#### prediction torch.Size([192, 4])
Epoch [10/11] Step [858/1241] Loss: 0.2118 Time: 67.457
#### prediction torch.Size([192, 4])
Epoch [10/11] Step [891/1241] Loss: 0.1716 Time: 67.64
#### prediction torch.Size([192, 4])
Epoch [10/11] Step [924/1241] Loss: 0.2682 Time: 67.822
#### prediction torch.Size([192, 4])
Epoch [10/11] Step [957/1241] Loss: 0.1798 Time: 68.004
#### prediction torch.Size([192, 4])
Epoch [10/11] Step [990/1241] Loss: 0.2100 Time: 68.186
#### prediction torch.Size([192, 4])
Epoch [10/11] Step [1023/1241] Loss: 0.3397 Time: 68.369
#### prediction torch.Size([192, 4])
Epoch [10/11] Step [1056/1241] Loss: 0.5540 Time: 68.551
#### prediction torch.Size([192, 4])
Epoch [10/11] Step [1089/1241] Loss: 0.3014 Time: 68.733
#### prediction torch.Size([192, 4])
Epoch [10/11] Step [1122/1241] Loss: 0.1640 Time: 68.916
#### prediction torch.Size([192, 4])
Epoch [10/11] Step [1155/1241] Loss: 0.2438 Time: 69.098
#### prediction torch.Size([192, 4])
Epoch [10/11] Step [1188/1241] Loss: 0.1800 Time: 69.281
#### prediction torch.Size([192, 4])
Epoch [10/11] Step [1221/1241] Loss: 0.1702 Time: 69.463
#### TRAINED MODEL SEQ_CNN_LSTM model training time: 76.615 total training time: 80.692 ####
#### TRAINING MODEL SEQ_LSTM_CNN ####
#### prediction torch.Size([192, 4])
Epoch [10/11] Step [33/1241] Loss: 0.3894 Time: 70.458
#### prediction torch.Size([192, 4])
Epoch [10/11] Step [66/1241] Loss: 0.2624 Time: 70.662
#### prediction torch.Size([192, 4])
Epoch [10/11] Step [99/1241] Loss: 0.2034 Time: 70.866
#### prediction torch.Size([192, 4])
Epoch [10/11] Step [132/1241] Loss: 0.2650 Time: 71.069
#### prediction torch.Size([192, 4])
Epoch [10/11] Step [165/1241] Loss: 0.1700 Time: 71.273
#### prediction torch.Size([192, 4])
Epoch [10/11] Step [198/1241] Loss: 0.2907 Time: 71.477
#### prediction torch.Size([192, 4])
Epoch [10/11] Step [231/1241] Loss: 0.2918 Time: 71.68
#### prediction torch.Size([192, 4])
Epoch [10/11] Step [264/1241] Loss: 0.1873 Time: 71.884
#### prediction torch.Size([192, 4])
Epoch [10/11] Step [297/1241] Loss: 0.2236 Time: 72.087
#### prediction torch.Size([192, 4])
Epoch [10/11] Step [330/1241] Loss: 0.4773 Time: 72.291
#### prediction torch.Size([192, 4])
Epoch [10/11] Step [363/1241] Loss: 0.2079 Time: 72.494
#### prediction torch.Size([192, 4])
Epoch [10/11] Step [396/1241] Loss: 0.2175 Time: 72.698
#### prediction torch.Size([192, 4])
Epoch [10/11] Step [429/1241] Loss: 0.2398 Time: 72.901
#### prediction torch.Size([192, 4])
Epoch [10/11] Step [462/1241] Loss: 0.2751 Time: 73.104
#### prediction torch.Size([192, 4])
Epoch [10/11] Step [495/1241] Loss: 0.2466 Time: 73.308
#### prediction torch.Size([192, 4])
Epoch [10/11] Step [528/1241] Loss: 0.2743 Time: 73.512
#### prediction torch.Size([192, 4])
Epoch [10/11] Step [561/1241] Loss: 0.2312 Time: 73.716
#### prediction torch.Size([192, 4])
Epoch [10/11] Step [594/1241] Loss: 0.2265 Time: 73.919
#### prediction torch.Size([192, 4])
Epoch [10/11] Step [627/1241] Loss: 0.2406 Time: 74.123
#### prediction torch.Size([192, 4])
Epoch [10/11] Step [660/1241] Loss: 0.2293 Time: 74.326
#### prediction torch.Size([192, 4])
Epoch [10/11] Step [693/1241] Loss: 0.2358 Time: 74.53
#### prediction torch.Size([192, 4])
Epoch [10/11] Step [726/1241] Loss: 0.2804 Time: 74.733
#### prediction torch.Size([192, 4])
Epoch [10/11] Step [759/1241] Loss: 0.2239 Time: 74.937
#### prediction torch.Size([192, 4])
Epoch [10/11] Step [792/1241] Loss: 0.2179 Time: 75.141
#### prediction torch.Size([192, 4])
Epoch [10/11] Step [825/1241] Loss: 0.2579 Time: 75.344
#### prediction torch.Size([192, 4])
Epoch [10/11] Step [858/1241] Loss: 0.2057 Time: 75.548
#### prediction torch.Size([192, 4])
Epoch [10/11] Step [891/1241] Loss: 0.1888 Time: 75.751
#### prediction torch.Size([192, 4])
Epoch [10/11] Step [924/1241] Loss: 0.2385 Time: 75.955
#### prediction torch.Size([192, 4])
Epoch [10/11] Step [957/1241] Loss: 0.2509 Time: 76.158
#### prediction torch.Size([192, 4])
Epoch [10/11] Step [990/1241] Loss: 0.2963 Time: 76.362
#### prediction torch.Size([192, 4])
Epoch [10/11] Step [1023/1241] Loss: 0.2621 Time: 76.567
#### prediction torch.Size([192, 4])
Epoch [10/11] Step [1056/1241] Loss: 0.3008 Time: 76.77
#### prediction torch.Size([192, 4])
Epoch [10/11] Step [1089/1241] Loss: 0.2026 Time: 76.974
#### prediction torch.Size([192, 4])
Epoch [10/11] Step [1122/1241] Loss: 0.2912 Time: 77.177
#### prediction torch.Size([192, 4])
Epoch [10/11] Step [1155/1241] Loss: 0.2361 Time: 77.382
#### prediction torch.Size([192, 4])
Epoch [10/11] Step [1188/1241] Loss: 0.3238 Time: 77.586
#### prediction torch.Size([192, 4])
Epoch [10/11] Step [1221/1241] Loss: 0.1809 Time: 77.789
#### TRAINED MODEL SEQ_LSTM_CNN model training time: 85.817 total training time: 166.508 ####
#### TRAINING MODEL PARA_CNN_LSTM ####
#### prediction torch.Size([192, 4])
Epoch [10/11] Step [33/1241] Loss: 0.2632 Time: 71.785
#### prediction torch.Size([192, 4])
Epoch [10/11] Step [66/1241] Loss: 0.2646 Time: 71.993
#### prediction torch.Size([192, 4])
Epoch [10/11] Step [99/1241] Loss: 0.2071 Time: 72.201
#### prediction torch.Size([192, 4])
Epoch [10/11] Step [132/1241] Loss: 0.2929 Time: 72.408
#### prediction torch.Size([192, 4])
Epoch [10/11] Step [165/1241] Loss: 0.2242 Time: 72.616
#### prediction torch.Size([192, 4])
Epoch [10/11] Step [198/1241] Loss: 0.2601 Time: 72.824
#### prediction torch.Size([192, 4])
Epoch [10/11] Step [231/1241] Loss: 0.2367 Time: 73.031
#### prediction torch.Size([192, 4])
Epoch [10/11] Step [264/1241] Loss: 0.1997 Time: 73.239
#### prediction torch.Size([192, 4])
Epoch [10/11] Step [297/1241] Loss: 0.2672 Time: 73.447
#### prediction torch.Size([192, 4])
Epoch [10/11] Step [330/1241] Loss: 0.2753 Time: 73.655
#### prediction torch.Size([192, 4])
Epoch [10/11] Step [363/1241] Loss: 0.2575 Time: 73.862
#### prediction torch.Size([192, 4])
Epoch [10/11] Step [396/1241] Loss: 0.2274 Time: 74.07
#### prediction torch.Size([192, 4])
Epoch [10/11] Step [429/1241] Loss: 0.2507 Time: 74.278
#### prediction torch.Size([192, 4])
Epoch [10/11] Step [462/1241] Loss: 0.2331 Time: 74.485
#### prediction torch.Size([192, 4])
Epoch [10/11] Step [495/1241] Loss: 0.1913 Time: 74.693
#### prediction torch.Size([192, 4])
Epoch [10/11] Step [528/1241] Loss: 0.1953 Time: 74.901
#### prediction torch.Size([192, 4])
Epoch [10/11] Step [561/1241] Loss: 0.2242 Time: 75.108
#### prediction torch.Size([192, 4])
Epoch [10/11] Step [594/1241] Loss: 0.1702 Time: 75.316
#### prediction torch.Size([192, 4])
Epoch [10/11] Step [627/1241] Loss: 0.2075 Time: 75.524
#### prediction torch.Size([192, 4])
Epoch [10/11] Step [660/1241] Loss: 0.2615 Time: 75.732
#### prediction torch.Size([192, 4])
Epoch [10/11] Step [693/1241] Loss: 0.2066 Time: 75.94
#### prediction torch.Size([192, 4])
Epoch [10/11] Step [726/1241] Loss: 0.3342 Time: 76.314
#### prediction torch.Size([192, 4])
Epoch [10/11] Step [759/1241] Loss: 0.2145 Time: 76.521
#### prediction torch.Size([192, 4])
Epoch [10/11] Step [792/1241] Loss: 0.2609 Time: 76.729
#### prediction torch.Size([192, 4])
Epoch [10/11] Step [825/1241] Loss: 0.2115 Time: 76.937
#### prediction torch.Size([192, 4])
Epoch [10/11] Step [858/1241] Loss: 0.1662 Time: 77.145
#### prediction torch.Size([192, 4])
Epoch [10/11] Step [891/1241] Loss: 0.2569 Time: 77.353
#### prediction torch.Size([192, 4])
Epoch [10/11] Step [924/1241] Loss: 0.2142 Time: 77.561
#### prediction torch.Size([192, 4])
Epoch [10/11] Step [957/1241] Loss: 0.2333 Time: 77.769
#### prediction torch.Size([192, 4])
Epoch [10/11] Step [990/1241] Loss: 0.2437 Time: 77.977
#### prediction torch.Size([192, 4])
Epoch [10/11] Step [1023/1241] Loss: 0.2162 Time: 78.184
#### prediction torch.Size([192, 4])
Epoch [10/11] Step [1056/1241] Loss: 0.3027 Time: 78.392
#### prediction torch.Size([192, 4])
Epoch [10/11] Step [1089/1241] Loss: 0.2499 Time: 78.6
#### prediction torch.Size([192, 4])
Epoch [10/11] Step [1122/1241] Loss: 0.2296 Time: 78.808
#### prediction torch.Size([192, 4])
Epoch [10/11] Step [1155/1241] Loss: 0.2170 Time: 79.015
#### prediction torch.Size([192, 4])
Epoch [10/11] Step [1188/1241] Loss: 0.3536 Time: 79.223
#### prediction torch.Size([192, 4])
Epoch [10/11] Step [1221/1241] Loss: 0.2226 Time: 79.432
#### TRAINED MODEL PARA_CNN_LSTM model training time: 87.414 total training time: 253.923 ####
#### TRAINING TOTAL TIME: 249.846 ####
Accuracy of the SEQ_CNN_LSTM model on the test set: 88.775853 %
Accuracy of the SEQ_LSTM_CNN model on the test set: 86.573328 %
Accuracy of the PARA_CNN_LSTM model on the test set: 91.127787 %
#### TESTING TOTAL TIME: 3.742 ####
#### TIME #### TERMINO #### 634.87 ####
#### FINITO #### TERMINO #### NO-VA-MAS ####
#### TIMES #### modelling TOTAL TOTAL ==>> 634.87 seconds
#### #### READING DATA FILES #### ####
132 511 #### COMBI [reg, sid, ban, sec, men, med, sum, max, aci, bet, hfq] METRICS ####
('Plantation', '/home/vargas/repos/forests-sounds-vargas/out/data/extraction/Plantation/2_00_PSA0010-2010_dict_y_split_7_2512283_1736694580.pkl')
(297840, 11) Index(['reg', 'sid', 'ban', 'sec', 'men', 'med', 'sum', 'max', 'aci', 'bet',
       'hfq'],
      dtype='object') Index(['reg', 'sid', 'ban', 'sec', 'men', 'med', 'sum', 'max', 'aci', 'bet',
       'hfq'],
      dtype='object')
#### MERGE 68 merge_data Dataframe shape: (297840, 11) #### time: 276
#### #### SPLIT TRAIN TEST #### ####
#### CLASSES: [0 1 2 3] TOTAL 4
#### SPLIT train_test_split and CUDA: ??? cuda:0 #### time: 35
#### MODELS - TOTAL 3 ####
#### EPOCHS 11 ####
#### TRAINING MODELS ####
#### TRAINING MODEL SEQ_CNN_LSTM ####
#### prediction torch.Size([192, 4])
Epoch [10/11] Step [33/1241] Loss: 0.5445 Time: 61.776
#### prediction torch.Size([192, 4])
Epoch [10/11] Step [66/1241] Loss: 0.6175 Time: 61.954
#### prediction torch.Size([192, 4])
Epoch [10/11] Step [99/1241] Loss: 0.4910 Time: 62.132
#### prediction torch.Size([192, 4])
Epoch [10/11] Step [132/1241] Loss: 0.5363 Time: 62.31
#### prediction torch.Size([192, 4])
Epoch [10/11] Step [165/1241] Loss: 0.5862 Time: 62.488
#### prediction torch.Size([192, 4])
Epoch [10/11] Step [198/1241] Loss: 0.4688 Time: 62.666
#### prediction torch.Size([192, 4])
Epoch [10/11] Step [231/1241] Loss: 0.4503 Time: 62.844
#### prediction torch.Size([192, 4])
Epoch [10/11] Step [264/1241] Loss: 0.4868 Time: 63.022
#### prediction torch.Size([192, 4])
Epoch [10/11] Step [297/1241] Loss: 0.5365 Time: 63.2
#### prediction torch.Size([192, 4])
Epoch [10/11] Step [330/1241] Loss: 0.4321 Time: 63.379
#### prediction torch.Size([192, 4])
Epoch [10/11] Step [363/1241] Loss: 0.5749 Time: 63.557
#### prediction torch.Size([192, 4])
Epoch [10/11] Step [396/1241] Loss: 0.4286 Time: 63.735
#### prediction torch.Size([192, 4])
Epoch [10/11] Step [429/1241] Loss: 0.5083 Time: 63.913
#### prediction torch.Size([192, 4])
Epoch [10/11] Step [462/1241] Loss: 0.4692 Time: 64.092
#### prediction torch.Size([192, 4])
Epoch [10/11] Step [495/1241] Loss: 0.5411 Time: 64.27
#### prediction torch.Size([192, 4])
Epoch [10/11] Step [528/1241] Loss: 0.4929 Time: 64.448
#### prediction torch.Size([192, 4])
Epoch [10/11] Step [561/1241] Loss: 0.5366 Time: 64.626
#### prediction torch.Size([192, 4])
Epoch [10/11] Step [594/1241] Loss: 0.4545 Time: 64.804
#### prediction torch.Size([192, 4])
Epoch [10/11] Step [627/1241] Loss: 0.5022 Time: 64.982
#### prediction torch.Size([192, 4])
Epoch [10/11] Step [660/1241] Loss: 0.5923 Time: 65.16
#### prediction torch.Size([192, 4])
Epoch [10/11] Step [693/1241] Loss: 0.5007 Time: 65.338
#### prediction torch.Size([192, 4])
Epoch [10/11] Step [726/1241] Loss: 0.5310 Time: 65.516
#### prediction torch.Size([192, 4])
Epoch [10/11] Step [759/1241] Loss: 0.5400 Time: 65.693
#### prediction torch.Size([192, 4])
Epoch [10/11] Step [792/1241] Loss: 0.4435 Time: 65.872
#### prediction torch.Size([192, 4])
Epoch [10/11] Step [825/1241] Loss: 0.4950 Time: 66.051
#### prediction torch.Size([192, 4])
Epoch [10/11] Step [858/1241] Loss: 0.5832 Time: 66.229
#### prediction torch.Size([192, 4])
Epoch [10/11] Step [891/1241] Loss: 0.5213 Time: 66.407
#### prediction torch.Size([192, 4])
Epoch [10/11] Step [924/1241] Loss: 0.4691 Time: 66.748
#### prediction torch.Size([192, 4])
Epoch [10/11] Step [957/1241] Loss: 0.5869 Time: 66.926
#### prediction torch.Size([192, 4])
Epoch [10/11] Step [990/1241] Loss: 0.4948 Time: 67.104
#### prediction torch.Size([192, 4])
Epoch [10/11] Step [1023/1241] Loss: 0.4969 Time: 67.282
#### prediction torch.Size([192, 4])
Epoch [10/11] Step [1056/1241] Loss: 0.4746 Time: 67.46
#### prediction torch.Size([192, 4])
Epoch [10/11] Step [1089/1241] Loss: 0.4585 Time: 67.638
#### prediction torch.Size([192, 4])
Epoch [10/11] Step [1122/1241] Loss: 0.4598 Time: 67.816
#### prediction torch.Size([192, 4])
Epoch [10/11] Step [1155/1241] Loss: 0.4200 Time: 67.994
#### prediction torch.Size([192, 4])
Epoch [10/11] Step [1188/1241] Loss: 0.5033 Time: 68.173
#### prediction torch.Size([192, 4])
Epoch [10/11] Step [1221/1241] Loss: 0.4897 Time: 68.351
#### TRAINED MODEL SEQ_CNN_LSTM model training time: 75.198 total training time: 79.164 ####
#### TRAINING MODEL SEQ_LSTM_CNN ####
#### prediction torch.Size([192, 4])
Epoch [10/11] Step [33/1241] Loss: 0.5959 Time: 69.789
#### prediction torch.Size([192, 4])
Epoch [10/11] Step [66/1241] Loss: 0.5356 Time: 69.992
#### prediction torch.Size([192, 4])
Epoch [10/11] Step [99/1241] Loss: 0.5299 Time: 70.194
#### prediction torch.Size([192, 4])
Epoch [10/11] Step [132/1241] Loss: 0.4672 Time: 70.396
#### prediction torch.Size([192, 4])
Epoch [10/11] Step [165/1241] Loss: 0.5156 Time: 70.599
#### prediction torch.Size([192, 4])
Epoch [10/11] Step [198/1241] Loss: 0.4860 Time: 70.801
#### prediction torch.Size([192, 4])
Epoch [10/11] Step [231/1241] Loss: 0.4877 Time: 71.004
#### prediction torch.Size([192, 4])
Epoch [10/11] Step [264/1241] Loss: 0.5414 Time: 71.206
#### prediction torch.Size([192, 4])
Epoch [10/11] Step [297/1241] Loss: 0.4620 Time: 71.582
#### prediction torch.Size([192, 4])
Epoch [10/11] Step [330/1241] Loss: 0.4511 Time: 71.784
#### prediction torch.Size([192, 4])
Epoch [10/11] Step [363/1241] Loss: 0.4761 Time: 71.986
#### prediction torch.Size([192, 4])
Epoch [10/11] Step [396/1241] Loss: 0.6188 Time: 72.189
#### prediction torch.Size([192, 4])
Epoch [10/11] Step [429/1241] Loss: 0.4608 Time: 72.391
#### prediction torch.Size([192, 4])
Epoch [10/11] Step [462/1241] Loss: 0.5501 Time: 72.594
#### prediction torch.Size([192, 4])
Epoch [10/11] Step [495/1241] Loss: 0.5504 Time: 72.796
#### prediction torch.Size([192, 4])
Epoch [10/11] Step [528/1241] Loss: 0.5370 Time: 72.998
#### prediction torch.Size([192, 4])
Epoch [10/11] Step [561/1241] Loss: 0.4814 Time: 73.201
#### prediction torch.Size([192, 4])
Epoch [10/11] Step [594/1241] Loss: 0.5228 Time: 73.403
#### prediction torch.Size([192, 4])
Epoch [10/11] Step [627/1241] Loss: 0.4921 Time: 73.606
#### prediction torch.Size([192, 4])
Epoch [10/11] Step [660/1241] Loss: 0.4740 Time: 73.808
#### prediction torch.Size([192, 4])
Epoch [10/11] Step [693/1241] Loss: 0.5586 Time: 74.01
#### prediction torch.Size([192, 4])
Epoch [10/11] Step [726/1241] Loss: 0.5708 Time: 74.212
#### prediction torch.Size([192, 4])
Epoch [10/11] Step [759/1241] Loss: 0.4721 Time: 74.415
#### prediction torch.Size([192, 4])
Epoch [10/11] Step [792/1241] Loss: 0.5643 Time: 74.617
#### prediction torch.Size([192, 4])
Epoch [10/11] Step [825/1241] Loss: 0.5164 Time: 74.82
#### prediction torch.Size([192, 4])
Epoch [10/11] Step [858/1241] Loss: 0.4937 Time: 75.022
#### prediction torch.Size([192, 4])
Epoch [10/11] Step [891/1241] Loss: 0.4261 Time: 75.233
#### prediction torch.Size([192, 4])
Epoch [10/11] Step [924/1241] Loss: 0.4685 Time: 75.445
#### prediction torch.Size([192, 4])
Epoch [10/11] Step [957/1241] Loss: 0.5404 Time: 75.647
#### prediction torch.Size([192, 4])
Epoch [10/11] Step [990/1241] Loss: 0.4115 Time: 75.85
#### prediction torch.Size([192, 4])
Epoch [10/11] Step [1023/1241] Loss: 0.5455 Time: 76.052
#### prediction torch.Size([192, 4])
Epoch [10/11] Step [1056/1241] Loss: 0.4491 Time: 76.254
#### prediction torch.Size([192, 4])
Epoch [10/11] Step [1089/1241] Loss: 0.4520 Time: 76.456
#### prediction torch.Size([192, 4])
Epoch [10/11] Step [1122/1241] Loss: 0.4650 Time: 76.659
#### prediction torch.Size([192, 4])
Epoch [10/11] Step [1155/1241] Loss: 0.4597 Time: 76.861
#### prediction torch.Size([192, 4])
Epoch [10/11] Step [1188/1241] Loss: 0.4670 Time: 77.063
#### prediction torch.Size([192, 4])
Epoch [10/11] Step [1221/1241] Loss: 0.5028 Time: 77.265
#### TRAINED MODEL SEQ_LSTM_CNN model training time: 85.184 total training time: 164.348 ####
#### TRAINING MODEL PARA_CNN_LSTM ####
#### prediction torch.Size([192, 4])
Epoch [10/11] Step [33/1241] Loss: 0.4979 Time: 70.885
#### prediction torch.Size([192, 4])
Epoch [10/11] Step [66/1241] Loss: 0.5439 Time: 71.092
#### prediction torch.Size([192, 4])
Epoch [10/11] Step [99/1241] Loss: 0.4913 Time: 71.302
#### prediction torch.Size([192, 4])
Epoch [10/11] Step [132/1241] Loss: 0.5113 Time: 71.511
#### prediction torch.Size([192, 4])
Epoch [10/11] Step [165/1241] Loss: 0.4490 Time: 71.719
#### prediction torch.Size([192, 4])
Epoch [10/11] Step [198/1241] Loss: 0.4366 Time: 71.925
#### prediction torch.Size([192, 4])
Epoch [10/11] Step [231/1241] Loss: 0.4988 Time: 72.131
#### prediction torch.Size([192, 4])
Epoch [10/11] Step [264/1241] Loss: 0.5447 Time: 72.337
#### prediction torch.Size([192, 4])
Epoch [10/11] Step [297/1241] Loss: 0.5154 Time: 72.543
#### prediction torch.Size([192, 4])
Epoch [10/11] Step [330/1241] Loss: 0.4938 Time: 72.749
#### prediction torch.Size([192, 4])
Epoch [10/11] Step [363/1241] Loss: 0.5278 Time: 72.955
#### prediction torch.Size([192, 4])
Epoch [10/11] Step [396/1241] Loss: 0.3733 Time: 73.173
#### prediction torch.Size([192, 4])
Epoch [10/11] Step [429/1241] Loss: 0.4969 Time: 73.379
#### prediction torch.Size([192, 4])
Epoch [10/11] Step [462/1241] Loss: 0.5151 Time: 73.585
#### prediction torch.Size([192, 4])
Epoch [10/11] Step [495/1241] Loss: 0.4963 Time: 73.792
#### prediction torch.Size([192, 4])
Epoch [10/11] Step [528/1241] Loss: 0.6091 Time: 73.998
#### prediction torch.Size([192, 4])
Epoch [10/11] Step [561/1241] Loss: 0.4682 Time: 74.204
#### prediction torch.Size([192, 4])
Epoch [10/11] Step [594/1241] Loss: 0.4480 Time: 74.41
#### prediction torch.Size([192, 4])
Epoch [10/11] Step [627/1241] Loss: 0.4449 Time: 74.616
#### prediction torch.Size([192, 4])
Epoch [10/11] Step [660/1241] Loss: 0.5664 Time: 74.823
#### prediction torch.Size([192, 4])
Epoch [10/11] Step [693/1241] Loss: 0.4789 Time: 75.029
#### prediction torch.Size([192, 4])
Epoch [10/11] Step [726/1241] Loss: 0.5082 Time: 75.235
#### prediction torch.Size([192, 4])
Epoch [10/11] Step [759/1241] Loss: 0.4267 Time: 75.442
#### prediction torch.Size([192, 4])
Epoch [10/11] Step [792/1241] Loss: 0.4537 Time: 75.647
#### prediction torch.Size([192, 4])
Epoch [10/11] Step [825/1241] Loss: 0.4793 Time: 75.854
#### prediction torch.Size([192, 4])
Epoch [10/11] Step [858/1241] Loss: 0.5622 Time: 76.06
#### prediction torch.Size([192, 4])
Epoch [10/11] Step [891/1241] Loss: 0.4585 Time: 76.265
#### prediction torch.Size([192, 4])
Epoch [10/11] Step [924/1241] Loss: 0.4488 Time: 76.471
#### prediction torch.Size([192, 4])
Epoch [10/11] Step [957/1241] Loss: 0.4524 Time: 76.677
#### prediction torch.Size([192, 4])
Epoch [10/11] Step [990/1241] Loss: 0.4294 Time: 76.883
#### prediction torch.Size([192, 4])
Epoch [10/11] Step [1023/1241] Loss: 0.4342 Time: 77.089
#### prediction torch.Size([192, 4])
Epoch [10/11] Step [1056/1241] Loss: 0.4343 Time: 77.295
#### prediction torch.Size([192, 4])
Epoch [10/11] Step [1089/1241] Loss: 0.4072 Time: 77.501
#### prediction torch.Size([192, 4])
Epoch [10/11] Step [1122/1241] Loss: 0.5375 Time: 77.707
#### prediction torch.Size([192, 4])
Epoch [10/11] Step [1155/1241] Loss: 0.6062 Time: 77.913
#### prediction torch.Size([192, 4])
Epoch [10/11] Step [1188/1241] Loss: 0.4700 Time: 78.118
#### prediction torch.Size([192, 4])
Epoch [10/11] Step [1221/1241] Loss: 0.5236 Time: 78.324
#### TRAINED MODEL PARA_CNN_LSTM model training time: 86.386 total training time: 250.735 ####
#### TRAINING TOTAL TIME: 246.769 ####
Accuracy of the SEQ_CNN_LSTM model on the test set: 80.120199 %
Accuracy of the SEQ_LSTM_CNN model on the test set: 78.067083 %
Accuracy of the PARA_CNN_LSTM model on the test set: 79.050833 %
#### TESTING TOTAL TIME: 3.53 ####
#### TIME #### TERMINO #### 943.489 ####
#### FINITO #### TERMINO #### NO-VA-MAS ####
#### TIMES #### modelling TOTAL TOTAL ==>> 943.489 seconds
#### #### READING DATA FILES #### ####
133 511 #### COMBI [reg, sid, ban, sec, men, med, sum, max, aci, bet, htp] METRICS ####
('Plantation', '/home/vargas/repos/forests-sounds-vargas/out/data/extraction/Plantation/2_00_PSA0010-2010_dict_y_split_7_2512283_1736694580.pkl')
(297840, 11) Index(['reg', 'sid', 'ban', 'sec', 'men', 'med', 'sum', 'max', 'aci', 'bet',
       'htp'],
      dtype='object') Index(['reg', 'sid', 'ban', 'sec', 'men', 'med', 'sum', 'max', 'aci', 'bet',
       'htp'],
      dtype='object')
#### MERGE 68 merge_data Dataframe shape: (297840, 11) #### time: 270
#### #### SPLIT TRAIN TEST #### ####
#### CLASSES: [0 1 2 3] TOTAL 4
#### SPLIT train_test_split and CUDA: ??? cuda:0 #### time: 35
#### MODELS - TOTAL 3 ####
#### EPOCHS 11 ####
#### TRAINING MODELS ####
#### TRAINING MODEL SEQ_CNN_LSTM ####
#### prediction torch.Size([192, 4])
Epoch [10/11] Step [33/1241] Loss: 0.5343 Time: 62.155
#### prediction torch.Size([192, 4])
Epoch [10/11] Step [66/1241] Loss: 0.5444 Time: 62.334
#### prediction torch.Size([192, 4])
Epoch [10/11] Step [99/1241] Loss: 0.4489 Time: 62.513
#### prediction torch.Size([192, 4])
Epoch [10/11] Step [132/1241] Loss: 0.5676 Time: 62.692
#### prediction torch.Size([192, 4])
Epoch [10/11] Step [165/1241] Loss: 0.5652 Time: 62.871
#### prediction torch.Size([192, 4])
Epoch [10/11] Step [198/1241] Loss: 0.5863 Time: 63.05
#### prediction torch.Size([192, 4])
Epoch [10/11] Step [231/1241] Loss: 0.4931 Time: 63.228
#### prediction torch.Size([192, 4])
Epoch [10/11] Step [264/1241] Loss: 0.4585 Time: 63.407
#### prediction torch.Size([192, 4])
Epoch [10/11] Step [297/1241] Loss: 0.5661 Time: 63.587
#### prediction torch.Size([192, 4])
Epoch [10/11] Step [330/1241] Loss: 0.4281 Time: 63.766
#### prediction torch.Size([192, 4])
Epoch [10/11] Step [363/1241] Loss: 0.5976 Time: 63.945
#### prediction torch.Size([192, 4])
Epoch [10/11] Step [396/1241] Loss: 0.4140 Time: 64.124
#### prediction torch.Size([192, 4])
Epoch [10/11] Step [429/1241] Loss: 0.5211 Time: 64.303
#### prediction torch.Size([192, 4])
Epoch [10/11] Step [462/1241] Loss: 0.5073 Time: 64.482
#### prediction torch.Size([192, 4])
Epoch [10/11] Step [495/1241] Loss: 0.5329 Time: 64.66
#### prediction torch.Size([192, 4])
Epoch [10/11] Step [528/1241] Loss: 0.5624 Time: 64.839
#### prediction torch.Size([192, 4])
Epoch [10/11] Step [561/1241] Loss: 0.5097 Time: 65.018
#### prediction torch.Size([192, 4])
Epoch [10/11] Step [594/1241] Loss: 0.4992 Time: 65.197
#### prediction torch.Size([192, 4])
Epoch [10/11] Step [627/1241] Loss: 0.4979 Time: 65.375
#### prediction torch.Size([192, 4])
Epoch [10/11] Step [660/1241] Loss: 0.5015 Time: 65.554
#### prediction torch.Size([192, 4])
Epoch [10/11] Step [693/1241] Loss: 0.4699 Time: 65.734
#### prediction torch.Size([192, 4])
Epoch [10/11] Step [726/1241] Loss: 0.6048 Time: 65.913
#### prediction torch.Size([192, 4])
Epoch [10/11] Step [759/1241] Loss: 0.4594 Time: 66.092
#### prediction torch.Size([192, 4])
Epoch [10/11] Step [792/1241] Loss: 0.4852 Time: 66.27
#### prediction torch.Size([192, 4])
Epoch [10/11] Step [825/1241] Loss: 0.6317 Time: 66.449
#### prediction torch.Size([192, 4])
Epoch [10/11] Step [858/1241] Loss: 0.5997 Time: 66.628
#### prediction torch.Size([192, 4])
Epoch [10/11] Step [891/1241] Loss: 0.5632 Time: 66.807
#### prediction torch.Size([192, 4])
Epoch [10/11] Step [924/1241] Loss: 0.5342 Time: 66.986
#### prediction torch.Size([192, 4])
Epoch [10/11] Step [957/1241] Loss: 0.5535 Time: 67.165
#### prediction torch.Size([192, 4])
Epoch [10/11] Step [990/1241] Loss: 0.5515 Time: 67.343
#### prediction torch.Size([192, 4])
Epoch [10/11] Step [1023/1241] Loss: 0.4463 Time: 67.522
#### prediction torch.Size([192, 4])
Epoch [10/11] Step [1056/1241] Loss: 0.5445 Time: 67.701
#### prediction torch.Size([192, 4])
Epoch [10/11] Step [1089/1241] Loss: 0.5125 Time: 67.88
#### prediction torch.Size([192, 4])
Epoch [10/11] Step [1122/1241] Loss: 0.4816 Time: 68.059
#### prediction torch.Size([192, 4])
Epoch [10/11] Step [1155/1241] Loss: 0.5277 Time: 68.237
#### prediction torch.Size([192, 4])
Epoch [10/11] Step [1188/1241] Loss: 0.5627 Time: 68.416
#### prediction torch.Size([192, 4])
Epoch [10/11] Step [1221/1241] Loss: 0.4827 Time: 68.595
#### TRAINED MODEL SEQ_CNN_LSTM model training time: 75.632 total training time: 79.265 ####
#### TRAINING MODEL SEQ_LSTM_CNN ####
#### prediction torch.Size([192, 4])
Epoch [10/11] Step [33/1241] Loss: 0.5325 Time: 69.867
#### prediction torch.Size([192, 4])
Epoch [10/11] Step [66/1241] Loss: 0.5342 Time: 70.07
#### prediction torch.Size([192, 4])
Epoch [10/11] Step [99/1241] Loss: 0.4832 Time: 70.272
#### prediction torch.Size([192, 4])
Epoch [10/11] Step [132/1241] Loss: 0.5192 Time: 70.475
#### prediction torch.Size([192, 4])
Epoch [10/11] Step [165/1241] Loss: 0.4875 Time: 70.677
#### prediction torch.Size([192, 4])
Epoch [10/11] Step [198/1241] Loss: 0.5662 Time: 70.879
#### prediction torch.Size([192, 4])
Epoch [10/11] Step [231/1241] Loss: 0.4857 Time: 71.091
#### prediction torch.Size([192, 4])
Epoch [10/11] Step [264/1241] Loss: 0.5049 Time: 71.303
#### prediction torch.Size([192, 4])
Epoch [10/11] Step [297/1241] Loss: 0.5133 Time: 71.506
#### prediction torch.Size([192, 4])
Epoch [10/11] Step [330/1241] Loss: 0.4868 Time: 71.708
#### prediction torch.Size([192, 4])
Epoch [10/11] Step [363/1241] Loss: 0.4239 Time: 71.911
#### prediction torch.Size([192, 4])
Epoch [10/11] Step [396/1241] Loss: 0.5295 Time: 72.113
#### prediction torch.Size([192, 4])
Epoch [10/11] Step [429/1241] Loss: 0.4710 Time: 72.316
#### prediction torch.Size([192, 4])
Epoch [10/11] Step [462/1241] Loss: 0.5471 Time: 72.518
#### prediction torch.Size([192, 4])
Epoch [10/11] Step [495/1241] Loss: 0.4893 Time: 72.721
#### prediction torch.Size([192, 4])
Epoch [10/11] Step [528/1241] Loss: 0.4714 Time: 72.923
#### prediction torch.Size([192, 4])
Epoch [10/11] Step [561/1241] Loss: 0.5112 Time: 73.125
#### prediction torch.Size([192, 4])
Epoch [10/11] Step [594/1241] Loss: 0.4726 Time: 73.328
#### prediction torch.Size([192, 4])
Epoch [10/11] Step [627/1241] Loss: 0.4142 Time: 73.53
#### prediction torch.Size([192, 4])
Epoch [10/11] Step [660/1241] Loss: 0.4143 Time: 73.732
#### prediction torch.Size([192, 4])
Epoch [10/11] Step [693/1241] Loss: 0.5476 Time: 73.934
#### prediction torch.Size([192, 4])
Epoch [10/11] Step [726/1241] Loss: 0.4485 Time: 74.137
#### prediction torch.Size([192, 4])
Epoch [10/11] Step [759/1241] Loss: 0.5457 Time: 74.339
#### prediction torch.Size([192, 4])
Epoch [10/11] Step [792/1241] Loss: 0.5217 Time: 74.541
#### prediction torch.Size([192, 4])
Epoch [10/11] Step [825/1241] Loss: 0.5058 Time: 74.743
#### prediction torch.Size([192, 4])
Epoch [10/11] Step [858/1241] Loss: 0.5440 Time: 74.945
#### prediction torch.Size([192, 4])
Epoch [10/11] Step [891/1241] Loss: 0.5005 Time: 75.148
#### prediction torch.Size([192, 4])
Epoch [10/11] Step [924/1241] Loss: 0.5291 Time: 75.35
#### prediction torch.Size([192, 4])
Epoch [10/11] Step [957/1241] Loss: 0.4713 Time: 75.553
#### prediction torch.Size([192, 4])
Epoch [10/11] Step [990/1241] Loss: 0.4427 Time: 75.755
#### prediction torch.Size([192, 4])
Epoch [10/11] Step [1023/1241] Loss: 0.4418 Time: 75.957
#### prediction torch.Size([192, 4])
Epoch [10/11] Step [1056/1241] Loss: 0.3775 Time: 76.159
#### prediction torch.Size([192, 4])
Epoch [10/11] Step [1089/1241] Loss: 0.4574 Time: 76.362
#### prediction torch.Size([192, 4])
Epoch [10/11] Step [1122/1241] Loss: 0.5027 Time: 76.564
#### prediction torch.Size([192, 4])
Epoch [10/11] Step [1155/1241] Loss: 0.4632 Time: 76.767
#### prediction torch.Size([192, 4])
Epoch [10/11] Step [1188/1241] Loss: 0.4643 Time: 76.969
#### prediction torch.Size([192, 4])
Epoch [10/11] Step [1221/1241] Loss: 0.4375 Time: 77.171
#### TRAINED MODEL SEQ_LSTM_CNN model training time: 85.104 total training time: 164.37 ####
#### TRAINING MODEL PARA_CNN_LSTM ####
#### prediction torch.Size([192, 4])
Epoch [10/11] Step [33/1241] Loss: 0.5459 Time: 71.131
#### prediction torch.Size([192, 4])
Epoch [10/11] Step [66/1241] Loss: 0.5775 Time: 71.338
#### prediction torch.Size([192, 4])
Epoch [10/11] Step [99/1241] Loss: 0.4957 Time: 71.544
#### prediction torch.Size([192, 4])
Epoch [10/11] Step [132/1241] Loss: 0.5138 Time: 71.75
#### prediction torch.Size([192, 4])
Epoch [10/11] Step [165/1241] Loss: 0.5285 Time: 71.957
#### prediction torch.Size([192, 4])
Epoch [10/11] Step [198/1241] Loss: 0.6167 Time: 72.163
#### prediction torch.Size([192, 4])
Epoch [10/11] Step [231/1241] Loss: 0.4883 Time: 72.369
#### prediction torch.Size([192, 4])
Epoch [10/11] Step [264/1241] Loss: 0.5175 Time: 72.575
#### prediction torch.Size([192, 4])
Epoch [10/11] Step [297/1241] Loss: 0.4235 Time: 72.781
#### prediction torch.Size([192, 4])
Epoch [10/11] Step [330/1241] Loss: 0.4943 Time: 72.987
#### prediction torch.Size([192, 4])
Epoch [10/11] Step [363/1241] Loss: 0.4322 Time: 73.194
#### prediction torch.Size([192, 4])
Epoch [10/11] Step [396/1241] Loss: 0.5056 Time: 73.4
#### prediction torch.Size([192, 4])
Epoch [10/11] Step [429/1241] Loss: 0.4962 Time: 73.606
#### prediction torch.Size([192, 4])
Epoch [10/11] Step [462/1241] Loss: 0.5206 Time: 73.813
#### prediction torch.Size([192, 4])
Epoch [10/11] Step [495/1241] Loss: 0.4922 Time: 74.019
#### prediction torch.Size([192, 4])
Epoch [10/11] Step [528/1241] Loss: 0.5791 Time: 74.225
#### prediction torch.Size([192, 4])
Epoch [10/11] Step [561/1241] Loss: 0.5009 Time: 74.431
#### prediction torch.Size([192, 4])
Epoch [10/11] Step [594/1241] Loss: 0.4281 Time: 74.637
#### prediction torch.Size([192, 4])
Epoch [10/11] Step [627/1241] Loss: 0.5292 Time: 74.843
#### prediction torch.Size([192, 4])
Epoch [10/11] Step [660/1241] Loss: 0.5394 Time: 75.049
#### prediction torch.Size([192, 4])
Epoch [10/11] Step [693/1241] Loss: 0.5670 Time: 75.255
#### prediction torch.Size([192, 4])
Epoch [10/11] Step [726/1241] Loss: 0.5266 Time: 75.461
#### prediction torch.Size([192, 4])
Epoch [10/11] Step [759/1241] Loss: 0.5360 Time: 75.668
#### prediction torch.Size([192, 4])
Epoch [10/11] Step [792/1241] Loss: 0.4667 Time: 75.874
#### prediction torch.Size([192, 4])
Epoch [10/11] Step [825/1241] Loss: 0.5313 Time: 76.244
#### prediction torch.Size([192, 4])
Epoch [10/11] Step [858/1241] Loss: 0.5343 Time: 76.45
#### prediction torch.Size([192, 4])
Epoch [10/11] Step [891/1241] Loss: 0.4683 Time: 76.656
#### prediction torch.Size([192, 4])
Epoch [10/11] Step [924/1241] Loss: 0.5849 Time: 76.863
#### prediction torch.Size([192, 4])
Epoch [10/11] Step [957/1241] Loss: 0.5649 Time: 77.069
#### prediction torch.Size([192, 4])
Epoch [10/11] Step [990/1241] Loss: 0.4021 Time: 77.275
#### prediction torch.Size([192, 4])
Epoch [10/11] Step [1023/1241] Loss: 0.4569 Time: 77.482
#### prediction torch.Size([192, 4])
Epoch [10/11] Step [1056/1241] Loss: 0.5317 Time: 77.688
#### prediction torch.Size([192, 4])
Epoch [10/11] Step [1089/1241] Loss: 0.4867 Time: 77.894
#### prediction torch.Size([192, 4])
Epoch [10/11] Step [1122/1241] Loss: 0.4765 Time: 78.1
#### prediction torch.Size([192, 4])
Epoch [10/11] Step [1155/1241] Loss: 0.4964 Time: 78.307
#### prediction torch.Size([192, 4])
Epoch [10/11] Step [1188/1241] Loss: 0.4820 Time: 78.513
#### prediction torch.Size([192, 4])
Epoch [10/11] Step [1221/1241] Loss: 0.5663 Time: 78.719
#### TRAINED MODEL PARA_CNN_LSTM model training time: 86.641 total training time: 251.011 ####
#### TRAINING TOTAL TIME: 247.377 ####
Accuracy of the SEQ_CNN_LSTM model on the test set: 80.026189 %
Accuracy of the SEQ_LSTM_CNN model on the test set: 80.016116 %
Accuracy of the PARA_CNN_LSTM model on the test set: 79.096159 %
#### TESTING TOTAL TIME: 3.696 ####
#### TIME #### TERMINO #### 1250.0 ####
#### FINITO #### TERMINO #### NO-VA-MAS ####
#### TIMES #### modelling TOTAL TOTAL ==>> 1250.0 seconds
#### #### READING DATA FILES #### ####
134 511 #### COMBI [reg, sid, ban, sec, men, med, sum, max, aci, bet, hhh] METRICS ####
('Plantation', '/home/vargas/repos/forests-sounds-vargas/out/data/extraction/Plantation/2_00_PSA0010-2010_dict_y_split_7_2512283_1736694580.pkl')
(297840, 11) Index(['reg', 'sid', 'ban', 'sec', 'men', 'med', 'sum', 'max', 'aci', 'bet',
       'hhh'],
      dtype='object') Index(['reg', 'sid', 'ban', 'sec', 'men', 'med', 'sum', 'max', 'aci', 'bet',
       'hhh'],
      dtype='object')
#### MERGE 68 merge_data Dataframe shape: (297840, 11) #### time: 273
#### #### SPLIT TRAIN TEST #### ####
#### CLASSES: [0 1 2 3] TOTAL 4
#### SPLIT train_test_split and CUDA: ??? cuda:0 #### time: 35
#### MODELS - TOTAL 3 ####
#### EPOCHS 11 ####
#### TRAINING MODELS ####
#### TRAINING MODEL SEQ_CNN_LSTM ####
#### prediction torch.Size([192, 4])
Epoch [10/11] Step [33/1241] Loss: 0.4955 Time: 62.19
#### prediction torch.Size([192, 4])
Epoch [10/11] Step [66/1241] Loss: 0.4555 Time: 62.37
#### prediction torch.Size([192, 4])
Epoch [10/11] Step [99/1241] Loss: 0.4743 Time: 62.55
#### prediction torch.Size([192, 4])
Epoch [10/11] Step [132/1241] Loss: 0.5488 Time: 62.731
#### prediction torch.Size([192, 4])
Epoch [10/11] Step [165/1241] Loss: 0.5031 Time: 62.911
#### prediction torch.Size([192, 4])
Epoch [10/11] Step [198/1241] Loss: 0.5191 Time: 63.091
#### prediction torch.Size([192, 4])
Epoch [10/11] Step [231/1241] Loss: 0.4750 Time: 63.271
#### prediction torch.Size([192, 4])
Epoch [10/11] Step [264/1241] Loss: 0.5061 Time: 63.451
#### prediction torch.Size([192, 4])
Epoch [10/11] Step [297/1241] Loss: 0.4144 Time: 63.631
#### prediction torch.Size([192, 4])
Epoch [10/11] Step [330/1241] Loss: 0.4893 Time: 63.813
#### prediction torch.Size([192, 4])
Epoch [10/11] Step [363/1241] Loss: 0.4919 Time: 63.993
#### prediction torch.Size([192, 4])
Epoch [10/11] Step [396/1241] Loss: 0.4849 Time: 64.173
#### prediction torch.Size([192, 4])
Epoch [10/11] Step [429/1241] Loss: 0.4705 Time: 64.353
#### prediction torch.Size([192, 4])
Epoch [10/11] Step [462/1241] Loss: 0.4295 Time: 64.534
#### prediction torch.Size([192, 4])
Epoch [10/11] Step [495/1241] Loss: 0.4946 Time: 64.713
#### prediction torch.Size([192, 4])
Epoch [10/11] Step [528/1241] Loss: 0.5172 Time: 64.893
#### prediction torch.Size([192, 4])
Epoch [10/11] Step [561/1241] Loss: 0.5734 Time: 65.074
#### prediction torch.Size([192, 4])
Epoch [10/11] Step [594/1241] Loss: 0.4938 Time: 65.254
#### prediction torch.Size([192, 4])
Epoch [10/11] Step [627/1241] Loss: 0.4701 Time: 65.434
#### prediction torch.Size([192, 4])
Epoch [10/11] Step [660/1241] Loss: 0.4926 Time: 65.614
#### prediction torch.Size([192, 4])
Epoch [10/11] Step [693/1241] Loss: 0.5825 Time: 65.794
#### prediction torch.Size([192, 4])
Epoch [10/11] Step [726/1241] Loss: 0.5223 Time: 65.975
#### prediction torch.Size([192, 4])
Epoch [10/11] Step [759/1241] Loss: 0.4428 Time: 66.155
#### prediction torch.Size([192, 4])
Epoch [10/11] Step [792/1241] Loss: 0.4414 Time: 66.335
#### prediction torch.Size([192, 4])
Epoch [10/11] Step [825/1241] Loss: 0.6277 Time: 66.515
#### prediction torch.Size([192, 4])
Epoch [10/11] Step [858/1241] Loss: 0.4992 Time: 66.695
#### prediction torch.Size([192, 4])
Epoch [10/11] Step [891/1241] Loss: 0.4277 Time: 66.875
#### prediction torch.Size([192, 4])
Epoch [10/11] Step [924/1241] Loss: 0.5123 Time: 67.055
#### prediction torch.Size([192, 4])
Epoch [10/11] Step [957/1241] Loss: 0.4582 Time: 67.235
#### prediction torch.Size([192, 4])
Epoch [10/11] Step [990/1241] Loss: 0.5402 Time: 67.415
#### prediction torch.Size([192, 4])
Epoch [10/11] Step [1023/1241] Loss: 0.5844 Time: 67.762
#### prediction torch.Size([192, 4])
Epoch [10/11] Step [1056/1241] Loss: 0.4870 Time: 67.945
#### prediction torch.Size([192, 4])
Epoch [10/11] Step [1089/1241] Loss: 0.5633 Time: 68.127
#### prediction torch.Size([192, 4])
Epoch [10/11] Step [1122/1241] Loss: 0.5389 Time: 68.307
#### prediction torch.Size([192, 4])
Epoch [10/11] Step [1155/1241] Loss: 0.4020 Time: 68.488
#### prediction torch.Size([192, 4])
Epoch [10/11] Step [1188/1241] Loss: 0.5078 Time: 68.668
#### prediction torch.Size([192, 4])
Epoch [10/11] Step [1221/1241] Loss: 0.5224 Time: 68.849
#### TRAINED MODEL SEQ_CNN_LSTM model training time: 75.779 total training time: 79.742 ####
#### TRAINING MODEL SEQ_LSTM_CNN ####
#### prediction torch.Size([192, 4])
Epoch [10/11] Step [33/1241] Loss: 0.4796 Time: 70.417
#### prediction torch.Size([192, 4])
Epoch [10/11] Step [66/1241] Loss: 0.4979 Time: 70.62
#### prediction torch.Size([192, 4])
Epoch [10/11] Step [99/1241] Loss: 0.4575 Time: 70.823
#### prediction torch.Size([192, 4])
Epoch [10/11] Step [132/1241] Loss: 0.4686 Time: 71.026
#### prediction torch.Size([192, 4])
Epoch [10/11] Step [165/1241] Loss: 0.4963 Time: 71.229
#### prediction torch.Size([192, 4])
Epoch [10/11] Step [198/1241] Loss: 0.4490 Time: 71.432
#### prediction torch.Size([192, 4])
Epoch [10/11] Step [231/1241] Loss: 0.4429 Time: 71.635
#### prediction torch.Size([192, 4])
Epoch [10/11] Step [264/1241] Loss: 0.4245 Time: 71.839
#### prediction torch.Size([192, 4])
Epoch [10/11] Step [297/1241] Loss: 0.4281 Time: 72.041
#### prediction torch.Size([192, 4])
Epoch [10/11] Step [330/1241] Loss: 0.4737 Time: 72.245
#### prediction torch.Size([192, 4])
Epoch [10/11] Step [363/1241] Loss: 0.5927 Time: 72.449
#### prediction torch.Size([192, 4])
Epoch [10/11] Step [396/1241] Loss: 0.4784 Time: 72.84
#### prediction torch.Size([192, 4])
Epoch [10/11] Step [429/1241] Loss: 0.4690 Time: 73.043
#### prediction torch.Size([192, 4])
Epoch [10/11] Step [462/1241] Loss: 0.5386 Time: 73.247
#### prediction torch.Size([192, 4])
Epoch [10/11] Step [495/1241] Loss: 0.4287 Time: 73.45
#### prediction torch.Size([192, 4])
Epoch [10/11] Step [528/1241] Loss: 0.3901 Time: 73.653
#### prediction torch.Size([192, 4])
Epoch [10/11] Step [561/1241] Loss: 0.4661 Time: 73.856
#### prediction torch.Size([192, 4])
Epoch [10/11] Step [594/1241] Loss: 0.4786 Time: 74.059
#### prediction torch.Size([192, 4])
Epoch [10/11] Step [627/1241] Loss: 0.4859 Time: 74.262
#### prediction torch.Size([192, 4])
Epoch [10/11] Step [660/1241] Loss: 0.3798 Time: 74.466
#### prediction torch.Size([192, 4])
Epoch [10/11] Step [693/1241] Loss: 0.4777 Time: 74.669
#### prediction torch.Size([192, 4])
Epoch [10/11] Step [726/1241] Loss: 0.4719 Time: 74.872
#### prediction torch.Size([192, 4])
Epoch [10/11] Step [759/1241] Loss: 0.4701 Time: 75.075
#### prediction torch.Size([192, 4])
Epoch [10/11] Step [792/1241] Loss: 0.4667 Time: 75.279
#### prediction torch.Size([192, 4])
Epoch [10/11] Step [825/1241] Loss: 0.5081 Time: 75.482
#### prediction torch.Size([192, 4])
Epoch [10/11] Step [858/1241] Loss: 0.3652 Time: 75.685
#### prediction torch.Size([192, 4])
Epoch [10/11] Step [891/1241] Loss: 0.5483 Time: 75.889
#### prediction torch.Size([192, 4])
Epoch [10/11] Step [924/1241] Loss: 0.5054 Time: 76.092
#### prediction torch.Size([192, 4])
Epoch [10/11] Step [957/1241] Loss: 0.5414 Time: 76.295
#### prediction torch.Size([192, 4])
Epoch [10/11] Step [990/1241] Loss: 0.4849 Time: 76.499
#### prediction torch.Size([192, 4])
Epoch [10/11] Step [1023/1241] Loss: 0.5806 Time: 76.702
#### prediction torch.Size([192, 4])
Epoch [10/11] Step [1056/1241] Loss: 0.4962 Time: 76.905
#### prediction torch.Size([192, 4])
Epoch [10/11] Step [1089/1241] Loss: 0.4660 Time: 77.108
#### prediction torch.Size([192, 4])
Epoch [10/11] Step [1122/1241] Loss: 0.5289 Time: 77.311
#### prediction torch.Size([192, 4])
Epoch [10/11] Step [1155/1241] Loss: 0.4397 Time: 77.514
#### prediction torch.Size([192, 4])
Epoch [10/11] Step [1188/1241] Loss: 0.4520 Time: 77.718
#### prediction torch.Size([192, 4])
Epoch [10/11] Step [1221/1241] Loss: 0.3829 Time: 77.921
#### TRAINED MODEL SEQ_LSTM_CNN model training time: 85.745 total training time: 165.487 ####
#### TRAINING MODEL PARA_CNN_LSTM ####
#### prediction torch.Size([192, 4])
Epoch [10/11] Step [33/1241] Loss: 0.5267 Time: 71.834
#### prediction torch.Size([192, 4])
Epoch [10/11] Step [66/1241] Loss: 0.4464 Time: 72.042
#### prediction torch.Size([192, 4])
Epoch [10/11] Step [99/1241] Loss: 0.4742 Time: 72.25
#### prediction torch.Size([192, 4])
Epoch [10/11] Step [132/1241] Loss: 0.5616 Time: 72.457
#### prediction torch.Size([192, 4])
Epoch [10/11] Step [165/1241] Loss: 0.5010 Time: 72.665
#### prediction torch.Size([192, 4])
Epoch [10/11] Step [198/1241] Loss: 0.5125 Time: 72.873
#### prediction torch.Size([192, 4])
Epoch [10/11] Step [231/1241] Loss: 0.4527 Time: 73.08
#### prediction torch.Size([192, 4])
Epoch [10/11] Step [264/1241] Loss: 0.4473 Time: 73.288
#### prediction torch.Size([192, 4])
Epoch [10/11] Step [297/1241] Loss: 0.4643 Time: 73.496
#### prediction torch.Size([192, 4])
Epoch [10/11] Step [330/1241] Loss: 0.4737 Time: 73.703
#### prediction torch.Size([192, 4])
Epoch [10/11] Step [363/1241] Loss: 0.5200 Time: 73.911
#### prediction torch.Size([192, 4])
Epoch [10/11] Step [396/1241] Loss: 0.4599 Time: 74.12
#### prediction torch.Size([192, 4])
Epoch [10/11] Step [429/1241] Loss: 0.4992 Time: 74.328
#### prediction torch.Size([192, 4])
Epoch [10/11] Step [462/1241] Loss: 0.5049 Time: 74.536
#### prediction torch.Size([192, 4])
Epoch [10/11] Step [495/1241] Loss: 0.5122 Time: 74.743
#### prediction torch.Size([192, 4])
Epoch [10/11] Step [528/1241] Loss: 0.6350 Time: 74.951
#### prediction torch.Size([192, 4])
Epoch [10/11] Step [561/1241] Loss: 0.3864 Time: 75.159
#### prediction torch.Size([192, 4])
Epoch [10/11] Step [594/1241] Loss: 0.5395 Time: 75.366
#### prediction torch.Size([192, 4])
Epoch [10/11] Step [627/1241] Loss: 0.4695 Time: 75.574
#### prediction torch.Size([192, 4])
Epoch [10/11] Step [660/1241] Loss: 0.4932 Time: 75.781
#### prediction torch.Size([192, 4])
Epoch [10/11] Step [693/1241] Loss: 0.3536 Time: 75.989
#### prediction torch.Size([192, 4])
Epoch [10/11] Step [726/1241] Loss: 0.5083 Time: 76.196
#### prediction torch.Size([192, 4])
Epoch [10/11] Step [759/1241] Loss: 0.5359 Time: 76.404
#### prediction torch.Size([192, 4])
Epoch [10/11] Step [792/1241] Loss: 0.5441 Time: 76.611
#### prediction torch.Size([192, 4])
Epoch [10/11] Step [825/1241] Loss: 0.5953 Time: 76.82
#### prediction torch.Size([192, 4])
Epoch [10/11] Step [858/1241] Loss: 0.4613 Time: 77.029
#### prediction torch.Size([192, 4])
Epoch [10/11] Step [891/1241] Loss: 0.4983 Time: 77.236
#### prediction torch.Size([192, 4])
Epoch [10/11] Step [924/1241] Loss: 0.5340 Time: 77.444
#### prediction torch.Size([192, 4])
Epoch [10/11] Step [957/1241] Loss: 0.4800 Time: 77.652
#### prediction torch.Size([192, 4])
Epoch [10/11] Step [990/1241] Loss: 0.4843 Time: 77.859
#### prediction torch.Size([192, 4])
Epoch [10/11] Step [1023/1241] Loss: 0.4827 Time: 78.067
#### prediction torch.Size([192, 4])
Epoch [10/11] Step [1056/1241] Loss: 0.5461 Time: 78.274
#### prediction torch.Size([192, 4])
Epoch [10/11] Step [1089/1241] Loss: 0.5118 Time: 78.483
#### prediction torch.Size([192, 4])
Epoch [10/11] Step [1122/1241] Loss: 0.4831 Time: 78.69
#### prediction torch.Size([192, 4])
Epoch [10/11] Step [1155/1241] Loss: 0.6148 Time: 78.898
#### prediction torch.Size([192, 4])
Epoch [10/11] Step [1188/1241] Loss: 0.4796 Time: 79.106
#### prediction torch.Size([192, 4])
Epoch [10/11] Step [1221/1241] Loss: 0.5714 Time: 79.317
#### TRAINED MODEL PARA_CNN_LSTM model training time: 87.474 total training time: 252.961 ####
#### TRAINING TOTAL TIME: 248.998 ####
Accuracy of the SEQ_CNN_LSTM model on the test set: 80.608716 %
Accuracy of the SEQ_LSTM_CNN model on the test set: 79.074335 %
Accuracy of the PARA_CNN_LSTM model on the test set: 79.467164 %
#### TESTING TOTAL TIME: 3.544 ####
#### TIME #### TERMINO #### 1559.915 ####
#### FINITO #### TERMINO #### NO-VA-MAS ####
#### TIMES #### modelling TOTAL TOTAL ==>> 1559.915 seconds
#### #### READING DATA FILES #### ####
135 511 #### COMBI [reg, sid, ban, sec, men, med, sum, max, aci, bet, aei] METRICS ####
('Plantation', '/home/vargas/repos/forests-sounds-vargas/out/data/extraction/Plantation/2_00_PSA0010-2010_dict_y_split_7_2512283_1736694580.pkl')
(297840, 11) Index(['reg', 'sid', 'ban', 'sec', 'men', 'med', 'sum', 'max', 'aci', 'bet',
       'aei'],
      dtype='object') Index(['reg', 'sid', 'ban', 'sec', 'men', 'med', 'sum', 'max', 'aci', 'bet',
       'aei'],
      dtype='object')
#### MERGE 68 merge_data Dataframe shape: (297840, 11) #### time: 272
#### #### SPLIT TRAIN TEST #### ####
#### CLASSES: [0 1 2 3] TOTAL 4
#### SPLIT train_test_split and CUDA: ??? cuda:0 #### time: 35
#### MODELS - TOTAL 3 ####
#### EPOCHS 11 ####
#### TRAINING MODELS ####
#### TRAINING MODEL SEQ_CNN_LSTM ####
#### prediction torch.Size([192, 4])
Epoch [10/11] Step [33/1241] Loss: 0.4803 Time: 62.533
#### prediction torch.Size([192, 4])
Epoch [10/11] Step [66/1241] Loss: 0.4941 Time: 62.712
#### prediction torch.Size([192, 4])
Epoch [10/11] Step [99/1241] Loss: 0.5215 Time: 62.891
#### prediction torch.Size([192, 4])
Epoch [10/11] Step [132/1241] Loss: 0.4741 Time: 63.07
#### prediction torch.Size([192, 4])
Epoch [10/11] Step [165/1241] Loss: 0.4617 Time: 63.25
#### prediction torch.Size([192, 4])
Epoch [10/11] Step [198/1241] Loss: 0.4536 Time: 63.429
#### prediction torch.Size([192, 4])
Epoch [10/11] Step [231/1241] Loss: 0.5605 Time: 63.609
#### prediction torch.Size([192, 4])
Epoch [10/11] Step [264/1241] Loss: 0.5629 Time: 63.79
#### prediction torch.Size([192, 4])
Epoch [10/11] Step [297/1241] Loss: 0.4197 Time: 63.969
#### prediction torch.Size([192, 4])
Epoch [10/11] Step [330/1241] Loss: 0.4032 Time: 64.148
#### prediction torch.Size([192, 4])
Epoch [10/11] Step [363/1241] Loss: 0.4801 Time: 64.328
#### prediction torch.Size([192, 4])
Epoch [10/11] Step [396/1241] Loss: 0.5271 Time: 64.507
#### prediction torch.Size([192, 4])
Epoch [10/11] Step [429/1241] Loss: 0.4811 Time: 64.686
#### prediction torch.Size([192, 4])
Epoch [10/11] Step [462/1241] Loss: 0.4791 Time: 64.865
#### prediction torch.Size([192, 4])
Epoch [10/11] Step [495/1241] Loss: 0.5921 Time: 65.044
#### prediction torch.Size([192, 4])
Epoch [10/11] Step [528/1241] Loss: 0.4987 Time: 65.223
#### prediction torch.Size([192, 4])
Epoch [10/11] Step [561/1241] Loss: 0.4696 Time: 65.402
#### prediction torch.Size([192, 4])
Epoch [10/11] Step [594/1241] Loss: 0.4683 Time: 65.581
#### prediction torch.Size([192, 4])
Epoch [10/11] Step [627/1241] Loss: 0.5104 Time: 65.76
#### prediction torch.Size([192, 4])
Epoch [10/11] Step [660/1241] Loss: 0.5024 Time: 65.939
#### prediction torch.Size([192, 4])
Epoch [10/11] Step [693/1241] Loss: 0.5417 Time: 66.117
#### prediction torch.Size([192, 4])
Epoch [10/11] Step [726/1241] Loss: 0.5435 Time: 66.296
#### prediction torch.Size([192, 4])
Epoch [10/11] Step [759/1241] Loss: 0.4647 Time: 66.476
#### prediction torch.Size([192, 4])
Epoch [10/11] Step [792/1241] Loss: 0.4518 Time: 66.655
#### prediction torch.Size([192, 4])
Epoch [10/11] Step [825/1241] Loss: 0.4318 Time: 66.833
#### prediction torch.Size([192, 4])
Epoch [10/11] Step [858/1241] Loss: 0.4509 Time: 67.012
#### prediction torch.Size([192, 4])
Epoch [10/11] Step [891/1241] Loss: 0.4906 Time: 67.191
#### prediction torch.Size([192, 4])
Epoch [10/11] Step [924/1241] Loss: 0.4890 Time: 67.37
#### prediction torch.Size([192, 4])
Epoch [10/11] Step [957/1241] Loss: 0.5486 Time: 67.549
#### prediction torch.Size([192, 4])
Epoch [10/11] Step [990/1241] Loss: 0.5035 Time: 67.728
#### prediction torch.Size([192, 4])
Epoch [10/11] Step [1023/1241] Loss: 0.4551 Time: 67.907
#### prediction torch.Size([192, 4])
Epoch [10/11] Step [1056/1241] Loss: 0.4702 Time: 68.087
#### prediction torch.Size([192, 4])
Epoch [10/11] Step [1089/1241] Loss: 0.4714 Time: 68.266
#### prediction torch.Size([192, 4])
Epoch [10/11] Step [1122/1241] Loss: 0.4988 Time: 68.445
#### prediction torch.Size([192, 4])
Epoch [10/11] Step [1155/1241] Loss: 0.4837 Time: 68.624
#### prediction torch.Size([192, 4])
Epoch [10/11] Step [1188/1241] Loss: 0.4684 Time: 68.803
#### prediction torch.Size([192, 4])
Epoch [10/11] Step [1221/1241] Loss: 0.4147 Time: 68.982
#### TRAINED MODEL SEQ_CNN_LSTM model training time: 76.033 total training time: 79.678 ####
#### TRAINING MODEL SEQ_LSTM_CNN ####
#### prediction torch.Size([192, 4])
Epoch [10/11] Step [33/1241] Loss: 0.4719 Time: 70.104
#### prediction torch.Size([192, 4])
Epoch [10/11] Step [66/1241] Loss: 0.4799 Time: 70.308
#### prediction torch.Size([192, 4])
Epoch [10/11] Step [99/1241] Loss: 0.5170 Time: 70.512
#### prediction torch.Size([192, 4])
Epoch [10/11] Step [132/1241] Loss: 0.5061 Time: 70.715
#### prediction torch.Size([192, 4])
Epoch [10/11] Step [165/1241] Loss: 0.5257 Time: 70.919
#### prediction torch.Size([192, 4])
Epoch [10/11] Step [198/1241] Loss: 0.4542 Time: 71.122
#### prediction torch.Size([192, 4])
Epoch [10/11] Step [231/1241] Loss: 0.5262 Time: 71.325
#### prediction torch.Size([192, 4])
Epoch [10/11] Step [264/1241] Loss: 0.5780 Time: 71.529
#### prediction torch.Size([192, 4])
Epoch [10/11] Step [297/1241] Loss: 0.5393 Time: 71.732
#### prediction torch.Size([192, 4])
Epoch [10/11] Step [330/1241] Loss: 0.4905 Time: 71.935
#### prediction torch.Size([192, 4])
Epoch [10/11] Step [363/1241] Loss: 0.5261 Time: 72.139
#### prediction torch.Size([192, 4])
Epoch [10/11] Step [396/1241] Loss: 0.4622 Time: 72.343
#### prediction torch.Size([192, 4])
Epoch [10/11] Step [429/1241] Loss: 0.5484 Time: 72.547
#### prediction torch.Size([192, 4])
Epoch [10/11] Step [462/1241] Loss: 0.3954 Time: 72.75
#### prediction torch.Size([192, 4])
Epoch [10/11] Step [495/1241] Loss: 0.5354 Time: 72.954
#### prediction torch.Size([192, 4])
Epoch [10/11] Step [528/1241] Loss: 0.4531 Time: 73.157
#### prediction torch.Size([192, 4])
Epoch [10/11] Step [561/1241] Loss: 0.4528 Time: 73.361
#### prediction torch.Size([192, 4])
Epoch [10/11] Step [594/1241] Loss: 0.5469 Time: 73.565
#### prediction torch.Size([192, 4])
Epoch [10/11] Step [627/1241] Loss: 0.4955 Time: 73.769
#### prediction torch.Size([192, 4])
Epoch [10/11] Step [660/1241] Loss: 0.5370 Time: 73.972
#### prediction torch.Size([192, 4])
Epoch [10/11] Step [693/1241] Loss: 0.4971 Time: 74.176
#### prediction torch.Size([192, 4])
Epoch [10/11] Step [726/1241] Loss: 0.4500 Time: 74.38
#### prediction torch.Size([192, 4])
Epoch [10/11] Step [759/1241] Loss: 0.5058 Time: 74.584
#### prediction torch.Size([192, 4])
Epoch [10/11] Step [792/1241] Loss: 0.4813 Time: 74.793
#### prediction torch.Size([192, 4])
Epoch [10/11] Step [825/1241] Loss: 0.5525 Time: 74.997
#### prediction torch.Size([192, 4])
Epoch [10/11] Step [858/1241] Loss: 0.5236 Time: 75.2
#### prediction torch.Size([192, 4])
Epoch [10/11] Step [891/1241] Loss: 0.4413 Time: 75.404
#### prediction torch.Size([192, 4])
Epoch [10/11] Step [924/1241] Loss: 0.5873 Time: 75.608
#### prediction torch.Size([192, 4])
Epoch [10/11] Step [957/1241] Loss: 0.5714 Time: 75.814
#### prediction torch.Size([192, 4])
Epoch [10/11] Step [990/1241] Loss: 0.5298 Time: 76.02
#### prediction torch.Size([192, 4])
Epoch [10/11] Step [1023/1241] Loss: 0.5481 Time: 76.226
#### prediction torch.Size([192, 4])
Epoch [10/11] Step [1056/1241] Loss: 0.4536 Time: 76.431
#### prediction torch.Size([192, 4])
Epoch [10/11] Step [1089/1241] Loss: 0.4816 Time: 76.635
#### prediction torch.Size([192, 4])
Epoch [10/11] Step [1122/1241] Loss: 0.4726 Time: 76.839
#### prediction torch.Size([192, 4])
Epoch [10/11] Step [1155/1241] Loss: 0.5186 Time: 77.044
#### prediction torch.Size([192, 4])
Epoch [10/11] Step [1188/1241] Loss: 0.4902 Time: 77.248
#### prediction torch.Size([192, 4])
Epoch [10/11] Step [1221/1241] Loss: 0.4408 Time: 77.454
#### TRAINED MODEL SEQ_LSTM_CNN model training time: 85.465 total training time: 165.143 ####
#### TRAINING MODEL PARA_CNN_LSTM ####
#### prediction torch.Size([192, 4])
Epoch [10/11] Step [33/1241] Loss: 0.5502 Time: 71.872
#### prediction torch.Size([192, 4])
Epoch [10/11] Step [66/1241] Loss: 0.5293 Time: 72.08
#### prediction torch.Size([192, 4])
Epoch [10/11] Step [99/1241] Loss: 0.4575 Time: 72.289
#### prediction torch.Size([192, 4])
Epoch [10/11] Step [132/1241] Loss: 0.4614 Time: 72.497
#### prediction torch.Size([192, 4])
Epoch [10/11] Step [165/1241] Loss: 0.4986 Time: 72.705
#### prediction torch.Size([192, 4])
Epoch [10/11] Step [198/1241] Loss: 0.4759 Time: 72.914
#### prediction torch.Size([192, 4])
Epoch [10/11] Step [231/1241] Loss: 0.4364 Time: 73.122
#### prediction torch.Size([192, 4])
Epoch [10/11] Step [264/1241] Loss: 0.5386 Time: 73.33
#### prediction torch.Size([192, 4])
Epoch [10/11] Step [297/1241] Loss: 0.5488 Time: 73.538
#### prediction torch.Size([192, 4])
Epoch [10/11] Step [330/1241] Loss: 0.4635 Time: 73.749
#### prediction torch.Size([192, 4])
Epoch [10/11] Step [363/1241] Loss: 0.5628 Time: 73.974
#### prediction torch.Size([192, 4])
Epoch [10/11] Step [396/1241] Loss: 0.4166 Time: 74.183
#### prediction torch.Size([192, 4])
Epoch [10/11] Step [429/1241] Loss: 0.4928 Time: 74.392
#### prediction torch.Size([192, 4])
Epoch [10/11] Step [462/1241] Loss: 0.5469 Time: 74.6
#### prediction torch.Size([192, 4])
Epoch [10/11] Step [495/1241] Loss: 0.4818 Time: 74.809
#### prediction torch.Size([192, 4])
Epoch [10/11] Step [528/1241] Loss: 0.6380 Time: 75.018
#### prediction torch.Size([192, 4])
Epoch [10/11] Step [561/1241] Loss: 0.4309 Time: 75.226
#### prediction torch.Size([192, 4])
Epoch [10/11] Step [594/1241] Loss: 0.4995 Time: 75.435
#### prediction torch.Size([192, 4])
Epoch [10/11] Step [627/1241] Loss: 0.5010 Time: 75.643
#### prediction torch.Size([192, 4])
Epoch [10/11] Step [660/1241] Loss: 0.4891 Time: 75.851
#### prediction torch.Size([192, 4])
Epoch [10/11] Step [693/1241] Loss: 0.4772 Time: 76.06
#### prediction torch.Size([192, 4])
Epoch [10/11] Step [726/1241] Loss: 0.5149 Time: 76.268
#### prediction torch.Size([192, 4])
Epoch [10/11] Step [759/1241] Loss: 0.5172 Time: 76.476
#### prediction torch.Size([192, 4])
Epoch [10/11] Step [792/1241] Loss: 0.5390 Time: 76.685
#### prediction torch.Size([192, 4])
Epoch [10/11] Step [825/1241] Loss: 0.5594 Time: 76.893
#### prediction torch.Size([192, 4])
Epoch [10/11] Step [858/1241] Loss: 0.5092 Time: 77.101
#### prediction torch.Size([192, 4])
Epoch [10/11] Step [891/1241] Loss: 0.4764 Time: 77.472
#### prediction torch.Size([192, 4])
Epoch [10/11] Step [924/1241] Loss: 0.4236 Time: 77.681
#### prediction torch.Size([192, 4])
Epoch [10/11] Step [957/1241] Loss: 0.5050 Time: 77.889
#### prediction torch.Size([192, 4])
Epoch [10/11] Step [990/1241] Loss: 0.4444 Time: 78.098
#### prediction torch.Size([192, 4])
Epoch [10/11] Step [1023/1241] Loss: 0.5319 Time: 78.306
#### prediction torch.Size([192, 4])
Epoch [10/11] Step [1056/1241] Loss: 0.4977 Time: 78.514
#### prediction torch.Size([192, 4])
Epoch [10/11] Step [1089/1241] Loss: 0.4202 Time: 78.723
#### prediction torch.Size([192, 4])
Epoch [10/11] Step [1122/1241] Loss: 0.6280 Time: 78.932
#### prediction torch.Size([192, 4])
Epoch [10/11] Step [1155/1241] Loss: 0.5167 Time: 79.141
#### prediction torch.Size([192, 4])
Epoch [10/11] Step [1188/1241] Loss: 0.5796 Time: 79.351
#### prediction torch.Size([192, 4])
Epoch [10/11] Step [1221/1241] Loss: 0.5787 Time: 79.559
#### TRAINED MODEL PARA_CNN_LSTM model training time: 87.525 total training time: 252.668 ####
#### TRAINING TOTAL TIME: 249.023 ####
Accuracy of the SEQ_CNN_LSTM model on the test set: 79.574604 %
Accuracy of the SEQ_LSTM_CNN model on the test set: 79.389941 %
Accuracy of the PARA_CNN_LSTM model on the test set: 79.656863 %
#### TESTING TOTAL TIME: 3.684 ####
#### TIME #### TERMINO #### 1867.521 ####
#### FINITO #### TERMINO #### NO-VA-MAS ####
#### TIMES #### modelling TOTAL TOTAL ==>> 1867.521 seconds
#### #### READING DATA FILES #### ####
136 511 #### COMBI [reg, sid, ban, sec, men, med, sum, max, aci, mmm, npp] METRICS ####
('Plantation', '/home/vargas/repos/forests-sounds-vargas/out/data/extraction/Plantation/2_00_PSA0010-2010_dict_y_split_7_2512283_1736694580.pkl')
(297840, 11) Index(['reg', 'sid', 'ban', 'sec', 'men', 'med', 'sum', 'max', 'aci', 'mmm',
       'npp'],
      dtype='object') Index(['reg', 'sid', 'ban', 'sec', 'men', 'med', 'sum', 'max', 'aci', 'mmm',
       'npp'],
      dtype='object')
#### MERGE 68 merge_data Dataframe shape: (297840, 11) #### time: 272
#### #### SPLIT TRAIN TEST #### ####
#### CLASSES: [0 1 2 3] TOTAL 4
#### SPLIT train_test_split and CUDA: ??? cuda:0 #### time: 35
#### MODELS - TOTAL 3 ####
#### EPOCHS 11 ####
#### TRAINING MODELS ####
#### TRAINING MODEL SEQ_CNN_LSTM ####
#### prediction torch.Size([192, 4])
Epoch [10/11] Step [33/1241] Loss: 0.2052 Time: 61.506
#### prediction torch.Size([192, 4])
Epoch [10/11] Step [66/1241] Loss: 0.2822 Time: 61.683
#### prediction torch.Size([192, 4])
Epoch [10/11] Step [99/1241] Loss: 0.2155 Time: 61.86
#### prediction torch.Size([192, 4])
Epoch [10/11] Step [132/1241] Loss: 0.1879 Time: 62.038
#### prediction torch.Size([192, 4])
Epoch [10/11] Step [165/1241] Loss: 0.2718 Time: 62.215
#### prediction torch.Size([192, 4])
Epoch [10/11] Step [198/1241] Loss: 0.2271 Time: 62.392
#### prediction torch.Size([192, 4])
Epoch [10/11] Step [231/1241] Loss: 0.2262 Time: 62.569
#### prediction torch.Size([192, 4])
Epoch [10/11] Step [264/1241] Loss: 0.2177 Time: 62.746
#### prediction torch.Size([192, 4])
Epoch [10/11] Step [297/1241] Loss: 0.2104 Time: 62.924
#### prediction torch.Size([192, 4])
Epoch [10/11] Step [330/1241] Loss: 0.2871 Time: 63.101
#### prediction torch.Size([192, 4])
Epoch [10/11] Step [363/1241] Loss: 0.4495 Time: 63.278
#### prediction torch.Size([192, 4])
Epoch [10/11] Step [396/1241] Loss: 0.2767 Time: 63.456
#### prediction torch.Size([192, 4])
Epoch [10/11] Step [429/1241] Loss: 0.2498 Time: 63.633
#### prediction torch.Size([192, 4])
Epoch [10/11] Step [462/1241] Loss: 0.2427 Time: 63.81
#### prediction torch.Size([192, 4])
Epoch [10/11] Step [495/1241] Loss: 0.2520 Time: 63.988
#### prediction torch.Size([192, 4])
Epoch [10/11] Step [528/1241] Loss: 0.3167 Time: 64.165
#### prediction torch.Size([192, 4])
Epoch [10/11] Step [561/1241] Loss: 0.3190 Time: 64.342
#### prediction torch.Size([192, 4])
Epoch [10/11] Step [594/1241] Loss: 0.2752 Time: 64.52
#### prediction torch.Size([192, 4])
Epoch [10/11] Step [627/1241] Loss: 0.2541 Time: 64.697
#### prediction torch.Size([192, 4])
Epoch [10/11] Step [660/1241] Loss: 0.2382 Time: 64.875
#### prediction torch.Size([192, 4])
Epoch [10/11] Step [693/1241] Loss: 0.2299 Time: 65.052
#### prediction torch.Size([192, 4])
Epoch [10/11] Step [726/1241] Loss: 0.2514 Time: 65.229
#### prediction torch.Size([192, 4])
Epoch [10/11] Step [759/1241] Loss: 0.3002 Time: 65.407
#### prediction torch.Size([192, 4])
Epoch [10/11] Step [792/1241] Loss: 0.3704 Time: 65.584
#### prediction torch.Size([192, 4])
Epoch [10/11] Step [825/1241] Loss: 0.2195 Time: 65.761
#### prediction torch.Size([192, 4])
Epoch [10/11] Step [858/1241] Loss: 0.2200 Time: 65.938
#### prediction torch.Size([192, 4])
Epoch [10/11] Step [891/1241] Loss: 0.2486 Time: 66.115
#### prediction torch.Size([192, 4])
Epoch [10/11] Step [924/1241] Loss: 0.2040 Time: 66.292
#### prediction torch.Size([192, 4])
Epoch [10/11] Step [957/1241] Loss: 0.2338 Time: 66.469
#### prediction torch.Size([192, 4])
Epoch [10/11] Step [990/1241] Loss: 0.1916 Time: 66.647
#### prediction torch.Size([192, 4])
Epoch [10/11] Step [1023/1241] Loss: 0.3130 Time: 66.824
#### prediction torch.Size([192, 4])
Epoch [10/11] Step [1056/1241] Loss: 0.2453 Time: 67.001
#### prediction torch.Size([192, 4])
Epoch [10/11] Step [1089/1241] Loss: 0.2462 Time: 67.345
#### prediction torch.Size([192, 4])
Epoch [10/11] Step [1122/1241] Loss: 0.2574 Time: 67.523
#### prediction torch.Size([192, 4])
Epoch [10/11] Step [1155/1241] Loss: 0.2181 Time: 67.7
#### prediction torch.Size([192, 4])
Epoch [10/11] Step [1188/1241] Loss: 0.2167 Time: 67.877
#### prediction torch.Size([192, 4])
Epoch [10/11] Step [1221/1241] Loss: 0.1897 Time: 68.055
#### TRAINED MODEL SEQ_CNN_LSTM model training time: 74.861 total training time: 79.253 ####
#### TRAINING MODEL SEQ_LSTM_CNN ####
#### prediction torch.Size([192, 4])
Epoch [10/11] Step [33/1241] Loss: 0.2789 Time: 69.256
#### prediction torch.Size([192, 4])
Epoch [10/11] Step [66/1241] Loss: 0.3444 Time: 69.459
#### prediction torch.Size([192, 4])
Epoch [10/11] Step [99/1241] Loss: 0.2560 Time: 69.661
#### prediction torch.Size([192, 4])
Epoch [10/11] Step [132/1241] Loss: 0.2796 Time: 69.862
#### prediction torch.Size([192, 4])
Epoch [10/11] Step [165/1241] Loss: 0.3461 Time: 70.063
#### prediction torch.Size([192, 4])
Epoch [10/11] Step [198/1241] Loss: 0.2284 Time: 70.264
#### prediction torch.Size([192, 4])
Epoch [10/11] Step [231/1241] Loss: 0.2931 Time: 70.465
#### prediction torch.Size([192, 4])
Epoch [10/11] Step [264/1241] Loss: 0.2551 Time: 70.666
#### prediction torch.Size([192, 4])
Epoch [10/11] Step [297/1241] Loss: 0.3395 Time: 70.868
#### prediction torch.Size([192, 4])
Epoch [10/11] Step [330/1241] Loss: 0.2296 Time: 71.07
#### prediction torch.Size([192, 4])
Epoch [10/11] Step [363/1241] Loss: 0.2890 Time: 71.271
#### prediction torch.Size([192, 4])
Epoch [10/11] Step [396/1241] Loss: 0.2648 Time: 71.472
#### prediction torch.Size([192, 4])
Epoch [10/11] Step [429/1241] Loss: 0.2996 Time: 71.673
#### prediction torch.Size([192, 4])
Epoch [10/11] Step [462/1241] Loss: 0.2354 Time: 72.035
#### prediction torch.Size([192, 4])
Epoch [10/11] Step [495/1241] Loss: 0.3044 Time: 72.236
#### prediction torch.Size([192, 4])
Epoch [10/11] Step [528/1241] Loss: 0.2288 Time: 72.437
#### prediction torch.Size([192, 4])
Epoch [10/11] Step [561/1241] Loss: 0.3453 Time: 72.638
#### prediction torch.Size([192, 4])
Epoch [10/11] Step [594/1241] Loss: 0.2427 Time: 72.84
#### prediction torch.Size([192, 4])
Epoch [10/11] Step [627/1241] Loss: 0.2332 Time: 73.041
#### prediction torch.Size([192, 4])
Epoch [10/11] Step [660/1241] Loss: 0.2746 Time: 73.242
#### prediction torch.Size([192, 4])
Epoch [10/11] Step [693/1241] Loss: 0.2191 Time: 73.443
#### prediction torch.Size([192, 4])
Epoch [10/11] Step [726/1241] Loss: 0.4317 Time: 73.644
#### prediction torch.Size([192, 4])
Epoch [10/11] Step [759/1241] Loss: 0.2943 Time: 73.845
#### prediction torch.Size([192, 4])
Epoch [10/11] Step [792/1241] Loss: 0.3120 Time: 74.047
#### prediction torch.Size([192, 4])
Epoch [10/11] Step [825/1241] Loss: 0.2184 Time: 74.248
#### prediction torch.Size([192, 4])
Epoch [10/11] Step [858/1241] Loss: 0.2487 Time: 74.449
#### prediction torch.Size([192, 4])
Epoch [10/11] Step [891/1241] Loss: 0.2674 Time: 74.65
#### prediction torch.Size([192, 4])
Epoch [10/11] Step [924/1241] Loss: 0.3982 Time: 74.851
#### prediction torch.Size([192, 4])
Epoch [10/11] Step [957/1241] Loss: 0.3159 Time: 75.052
#### prediction torch.Size([192, 4])
Epoch [10/11] Step [990/1241] Loss: 0.3085 Time: 75.253
#### prediction torch.Size([192, 4])
Epoch [10/11] Step [1023/1241] Loss: 0.3549 Time: 75.454
#### prediction torch.Size([192, 4])
Epoch [10/11] Step [1056/1241] Loss: 0.2617 Time: 75.655
#### prediction torch.Size([192, 4])
Epoch [10/11] Step [1089/1241] Loss: 0.2621 Time: 75.856
#### prediction torch.Size([192, 4])
Epoch [10/11] Step [1122/1241] Loss: 0.3946 Time: 76.058
#### prediction torch.Size([192, 4])
Epoch [10/11] Step [1155/1241] Loss: 0.2909 Time: 76.258
#### prediction torch.Size([192, 4])
Epoch [10/11] Step [1188/1241] Loss: 0.2775 Time: 76.459
#### prediction torch.Size([192, 4])
Epoch [10/11] Step [1221/1241] Loss: 0.2476 Time: 76.66
#### TRAINED MODEL SEQ_LSTM_CNN model training time: 84.344 total training time: 163.598 ####
#### TRAINING MODEL PARA_CNN_LSTM ####
#### prediction torch.Size([192, 4])
Epoch [10/11] Step [33/1241] Loss: 0.2568 Time: 70.66
#### prediction torch.Size([192, 4])
Epoch [10/11] Step [66/1241] Loss: 0.2011 Time: 70.865
#### prediction torch.Size([192, 4])
Epoch [10/11] Step [99/1241] Loss: 0.2680 Time: 71.07
#### prediction torch.Size([192, 4])
Epoch [10/11] Step [132/1241] Loss: 0.2277 Time: 71.275
#### prediction torch.Size([192, 4])
Epoch [10/11] Step [165/1241] Loss: 0.2767 Time: 71.479
#### prediction torch.Size([192, 4])
Epoch [10/11] Step [198/1241] Loss: 0.2313 Time: 71.684
#### prediction torch.Size([192, 4])
Epoch [10/11] Step [231/1241] Loss: 0.2290 Time: 71.889
#### prediction torch.Size([192, 4])
Epoch [10/11] Step [264/1241] Loss: 0.2095 Time: 72.094
#### prediction torch.Size([192, 4])
Epoch [10/11] Step [297/1241] Loss: 0.2460 Time: 72.299
#### prediction torch.Size([192, 4])
Epoch [10/11] Step [330/1241] Loss: 0.3475 Time: 72.503
#### prediction torch.Size([192, 4])
Epoch [10/11] Step [363/1241] Loss: 0.3252 Time: 72.708
#### prediction torch.Size([192, 4])
Epoch [10/11] Step [396/1241] Loss: 0.1868 Time: 72.913
#### prediction torch.Size([192, 4])
Epoch [10/11] Step [429/1241] Loss: 0.3082 Time: 73.118
#### prediction torch.Size([192, 4])
Epoch [10/11] Step [462/1241] Loss: 0.2188 Time: 73.324
#### prediction torch.Size([192, 4])
Epoch [10/11] Step [495/1241] Loss: 0.2982 Time: 73.529
#### prediction torch.Size([192, 4])
Epoch [10/11] Step [528/1241] Loss: 0.2848 Time: 73.734
#### prediction torch.Size([192, 4])
Epoch [10/11] Step [561/1241] Loss: 0.2065 Time: 73.938
#### prediction torch.Size([192, 4])
Epoch [10/11] Step [594/1241] Loss: 0.2320 Time: 74.145
#### prediction torch.Size([192, 4])
Epoch [10/11] Step [627/1241] Loss: 0.1501 Time: 74.35
#### prediction torch.Size([192, 4])
Epoch [10/11] Step [660/1241] Loss: 0.2183 Time: 74.555
#### prediction torch.Size([192, 4])
Epoch [10/11] Step [693/1241] Loss: 0.2479 Time: 74.762
#### prediction torch.Size([192, 4])
Epoch [10/11] Step [726/1241] Loss: 0.1991 Time: 74.968
#### prediction torch.Size([192, 4])
Epoch [10/11] Step [759/1241] Loss: 0.2090 Time: 75.173
#### prediction torch.Size([192, 4])
Epoch [10/11] Step [792/1241] Loss: 0.2037 Time: 75.379
#### prediction torch.Size([192, 4])
Epoch [10/11] Step [825/1241] Loss: 0.2471 Time: 75.585
#### prediction torch.Size([192, 4])
Epoch [10/11] Step [858/1241] Loss: 0.2699 Time: 75.79
#### prediction torch.Size([192, 4])
Epoch [10/11] Step [891/1241] Loss: 0.2466 Time: 75.995
#### prediction torch.Size([192, 4])
Epoch [10/11] Step [924/1241] Loss: 0.2314 Time: 76.201
#### prediction torch.Size([192, 4])
Epoch [10/11] Step [957/1241] Loss: 0.2251 Time: 76.407
#### prediction torch.Size([192, 4])
Epoch [10/11] Step [990/1241] Loss: 0.1690 Time: 76.612
#### prediction torch.Size([192, 4])
Epoch [10/11] Step [1023/1241] Loss: 0.2330 Time: 76.818
#### prediction torch.Size([192, 4])
Epoch [10/11] Step [1056/1241] Loss: 0.1619 Time: 77.023
#### prediction torch.Size([192, 4])
Epoch [10/11] Step [1089/1241] Loss: 0.2968 Time: 77.228
#### prediction torch.Size([192, 4])
Epoch [10/11] Step [1122/1241] Loss: 0.2820 Time: 77.433
#### prediction torch.Size([192, 4])
Epoch [10/11] Step [1155/1241] Loss: 0.2111 Time: 77.638
#### prediction torch.Size([192, 4])
Epoch [10/11] Step [1188/1241] Loss: 0.2170 Time: 77.843
#### prediction torch.Size([192, 4])
Epoch [10/11] Step [1221/1241] Loss: 0.2307 Time: 78.05
#### TRAINED MODEL PARA_CNN_LSTM model training time: 86.103 total training time: 249.701 ####
#### TRAINING TOTAL TIME: 245.309 ####
Accuracy of the SEQ_CNN_LSTM model on the test set: 89.967768 %
Accuracy of the SEQ_LSTM_CNN model on the test set: 87.088705 %
Accuracy of the PARA_CNN_LSTM model on the test set: 87.283441 %
#### TESTING TOTAL TIME: 3.485 ####
#### TIME #### TERMINO #### 2171.452 ####
#### FINITO #### TERMINO #### NO-VA-MAS ####
#### TIMES #### modelling TOTAL TOTAL ==>> 2171.452 seconds
#### #### READING DATA FILES #### ####
137 511 #### COMBI [reg, sid, ban, sec, men, med, sum, max, aci, mmm, hfq] METRICS ####
('Plantation', '/home/vargas/repos/forests-sounds-vargas/out/data/extraction/Plantation/2_00_PSA0010-2010_dict_y_split_7_2512283_1736694580.pkl')
(297840, 11) Index(['reg', 'sid', 'ban', 'sec', 'men', 'med', 'sum', 'max', 'aci', 'mmm',
       'hfq'],
      dtype='object') Index(['reg', 'sid', 'ban', 'sec', 'men', 'med', 'sum', 'max', 'aci', 'mmm',
       'hfq'],
      dtype='object')
#### MERGE 68 merge_data Dataframe shape: (297840, 11) #### time: 267
#### #### SPLIT TRAIN TEST #### ####
#### CLASSES: [0 1 2 3] TOTAL 4
#### SPLIT train_test_split and CUDA: ??? cuda:0 #### time: 35
#### MODELS - TOTAL 3 ####
#### EPOCHS 11 ####
#### TRAINING MODELS ####
#### TRAINING MODEL SEQ_CNN_LSTM ####
#### prediction torch.Size([192, 4])
Epoch [10/11] Step [33/1241] Loss: 0.7592 Time: 61.638
#### prediction torch.Size([192, 4])
Epoch [10/11] Step [66/1241] Loss: 0.6302 Time: 61.816
#### prediction torch.Size([192, 4])
Epoch [10/11] Step [99/1241] Loss: 0.5829 Time: 61.994
#### prediction torch.Size([192, 4])
Epoch [10/11] Step [132/1241] Loss: 0.6939 Time: 62.172
#### prediction torch.Size([192, 4])
Epoch [10/11] Step [165/1241] Loss: 0.6023 Time: 62.35
#### prediction torch.Size([192, 4])
Epoch [10/11] Step [198/1241] Loss: 0.7034 Time: 62.528
#### prediction torch.Size([192, 4])
Epoch [10/11] Step [231/1241] Loss: 0.5579 Time: 62.706
#### prediction torch.Size([192, 4])
Epoch [10/11] Step [264/1241] Loss: 0.5652 Time: 62.883
#### prediction torch.Size([192, 4])
Epoch [10/11] Step [297/1241] Loss: 0.6550 Time: 63.061
#### prediction torch.Size([192, 4])
Epoch [10/11] Step [330/1241] Loss: 0.6166 Time: 63.238
#### prediction torch.Size([192, 4])
Epoch [10/11] Step [363/1241] Loss: 0.5785 Time: 63.416
#### prediction torch.Size([192, 4])
Epoch [10/11] Step [396/1241] Loss: 0.4831 Time: 63.593
#### prediction torch.Size([192, 4])
Epoch [10/11] Step [429/1241] Loss: 0.6002 Time: 63.771
#### prediction torch.Size([192, 4])
Epoch [10/11] Step [462/1241] Loss: 0.6903 Time: 63.948
#### prediction torch.Size([192, 4])
Epoch [10/11] Step [495/1241] Loss: 0.5734 Time: 64.126
#### prediction torch.Size([192, 4])
Epoch [10/11] Step [528/1241] Loss: 0.6159 Time: 64.303
#### prediction torch.Size([192, 4])
Epoch [10/11] Step [561/1241] Loss: 0.6661 Time: 64.481
#### prediction torch.Size([192, 4])
Epoch [10/11] Step [594/1241] Loss: 0.5270 Time: 64.659
#### prediction torch.Size([192, 4])
Epoch [10/11] Step [627/1241] Loss: 0.6062 Time: 64.836
#### prediction torch.Size([192, 4])
Epoch [10/11] Step [660/1241] Loss: 0.6114 Time: 65.014
#### prediction torch.Size([192, 4])
Epoch [10/11] Step [693/1241] Loss: 0.5970 Time: 65.191
#### prediction torch.Size([192, 4])
Epoch [10/11] Step [726/1241] Loss: 0.5787 Time: 65.368
#### prediction torch.Size([192, 4])
Epoch [10/11] Step [759/1241] Loss: 0.6344 Time: 65.546
#### prediction torch.Size([192, 4])
Epoch [10/11] Step [792/1241] Loss: 0.6775 Time: 65.723
#### prediction torch.Size([192, 4])
Epoch [10/11] Step [825/1241] Loss: 0.6106 Time: 65.9
#### prediction torch.Size([192, 4])
Epoch [10/11] Step [858/1241] Loss: 0.5996 Time: 66.078
#### prediction torch.Size([192, 4])
Epoch [10/11] Step [891/1241] Loss: 0.5701 Time: 66.255
#### prediction torch.Size([192, 4])
Epoch [10/11] Step [924/1241] Loss: 0.5727 Time: 66.432
#### prediction torch.Size([192, 4])
Epoch [10/11] Step [957/1241] Loss: 0.5658 Time: 66.61
#### prediction torch.Size([192, 4])
Epoch [10/11] Step [990/1241] Loss: 0.6464 Time: 66.787
#### prediction torch.Size([192, 4])
Epoch [10/11] Step [1023/1241] Loss: 0.6428 Time: 66.964
#### prediction torch.Size([192, 4])
Epoch [10/11] Step [1056/1241] Loss: 0.5879 Time: 67.142
#### prediction torch.Size([192, 4])
Epoch [10/11] Step [1089/1241] Loss: 0.6481 Time: 67.319
#### prediction torch.Size([192, 4])
Epoch [10/11] Step [1122/1241] Loss: 0.6056 Time: 67.497
#### prediction torch.Size([192, 4])
Epoch [10/11] Step [1155/1241] Loss: 0.6646 Time: 67.675
#### prediction torch.Size([192, 4])
Epoch [10/11] Step [1188/1241] Loss: 0.6290 Time: 67.852
#### prediction torch.Size([192, 4])
Epoch [10/11] Step [1221/1241] Loss: 0.5545 Time: 68.03
#### TRAINED MODEL SEQ_CNN_LSTM model training time: 75.022 total training time: 79.013 ####
#### TRAINING MODEL SEQ_LSTM_CNN ####
#### prediction torch.Size([192, 4])
Epoch [10/11] Step [33/1241] Loss: 0.5997 Time: 69.424
#### prediction torch.Size([192, 4])
Epoch [10/11] Step [66/1241] Loss: 0.5341 Time: 69.624
#### prediction torch.Size([192, 4])
Epoch [10/11] Step [99/1241] Loss: 0.6270 Time: 69.825
#### prediction torch.Size([192, 4])
Epoch [10/11] Step [132/1241] Loss: 0.5331 Time: 70.025
#### prediction torch.Size([192, 4])
Epoch [10/11] Step [165/1241] Loss: 0.5743 Time: 70.225
#### prediction torch.Size([192, 4])
Epoch [10/11] Step [198/1241] Loss: 0.5657 Time: 70.426
#### prediction torch.Size([192, 4])
Epoch [10/11] Step [231/1241] Loss: 0.5606 Time: 70.626
#### prediction torch.Size([192, 4])
Epoch [10/11] Step [264/1241] Loss: 0.5634 Time: 70.826
#### prediction torch.Size([192, 4])
Epoch [10/11] Step [297/1241] Loss: 0.5612 Time: 71.027
#### prediction torch.Size([192, 4])
Epoch [10/11] Step [330/1241] Loss: 0.5604 Time: 71.228
#### prediction torch.Size([192, 4])
Epoch [10/11] Step [363/1241] Loss: 0.6455 Time: 71.428
#### prediction torch.Size([192, 4])
Epoch [10/11] Step [396/1241] Loss: 0.6024 Time: 71.628
#### prediction torch.Size([192, 4])
Epoch [10/11] Step [429/1241] Loss: 0.5818 Time: 71.829
#### prediction torch.Size([192, 4])
Epoch [10/11] Step [462/1241] Loss: 0.5206 Time: 72.029
#### prediction torch.Size([192, 4])
Epoch [10/11] Step [495/1241] Loss: 0.5950 Time: 72.229
#### prediction torch.Size([192, 4])
Epoch [10/11] Step [528/1241] Loss: 0.5690 Time: 72.43
#### prediction torch.Size([192, 4])
Epoch [10/11] Step [561/1241] Loss: 0.6014 Time: 72.631
#### prediction torch.Size([192, 4])
Epoch [10/11] Step [594/1241] Loss: 0.5772 Time: 72.831
#### prediction torch.Size([192, 4])
Epoch [10/11] Step [627/1241] Loss: 0.5894 Time: 73.032
#### prediction torch.Size([192, 4])
Epoch [10/11] Step [660/1241] Loss: 0.5980 Time: 73.233
#### prediction torch.Size([192, 4])
Epoch [10/11] Step [693/1241] Loss: 0.5581 Time: 73.434
#### prediction torch.Size([192, 4])
Epoch [10/11] Step [726/1241] Loss: 0.6156 Time: 73.634
#### prediction torch.Size([192, 4])
Epoch [10/11] Step [759/1241] Loss: 0.5611 Time: 73.835
#### prediction torch.Size([192, 4])
Epoch [10/11] Step [792/1241] Loss: 0.6433 Time: 74.035
#### prediction torch.Size([192, 4])
Epoch [10/11] Step [825/1241] Loss: 0.6597 Time: 74.236
#### prediction torch.Size([192, 4])
Epoch [10/11] Step [858/1241] Loss: 0.5279 Time: 74.436
#### prediction torch.Size([192, 4])
Epoch [10/11] Step [891/1241] Loss: 0.6080 Time: 74.637
#### prediction torch.Size([192, 4])
Epoch [10/11] Step [924/1241] Loss: 0.6322 Time: 74.838
#### prediction torch.Size([192, 4])
Epoch [10/11] Step [957/1241] Loss: 0.5809 Time: 75.038
#### prediction torch.Size([192, 4])
Epoch [10/11] Step [990/1241] Loss: 0.6027 Time: 75.239
#### prediction torch.Size([192, 4])
Epoch [10/11] Step [1023/1241] Loss: 0.5246 Time: 75.439
#### prediction torch.Size([192, 4])
Epoch [10/11] Step [1056/1241] Loss: 0.5432 Time: 75.64
#### prediction torch.Size([192, 4])
Epoch [10/11] Step [1089/1241] Loss: 0.5718 Time: 75.84
#### prediction torch.Size([192, 4])
Epoch [10/11] Step [1122/1241] Loss: 0.6017 Time: 76.04
#### prediction torch.Size([192, 4])
Epoch [10/11] Step [1155/1241] Loss: 0.6173 Time: 76.241
#### prediction torch.Size([192, 4])
Epoch [10/11] Step [1188/1241] Loss: 0.7172 Time: 76.441
#### prediction torch.Size([192, 4])
Epoch [10/11] Step [1221/1241] Loss: 0.5844 Time: 76.641
#### TRAINED MODEL SEQ_LSTM_CNN model training time: 84.497 total training time: 163.51 ####
#### TRAINING MODEL PARA_CNN_LSTM ####
#### prediction torch.Size([192, 4])
Epoch [10/11] Step [33/1241] Loss: 0.5968 Time: 70.224
#### prediction torch.Size([192, 4])
Epoch [10/11] Step [66/1241] Loss: 0.6243 Time: 70.429
#### prediction torch.Size([192, 4])
Epoch [10/11] Step [99/1241] Loss: 0.7466 Time: 70.632
#### prediction torch.Size([192, 4])
Epoch [10/11] Step [132/1241] Loss: 0.5948 Time: 70.836
#### prediction torch.Size([192, 4])
Epoch [10/11] Step [165/1241] Loss: 0.5897 Time: 71.039
#### prediction torch.Size([192, 4])
Epoch [10/11] Step [198/1241] Loss: 0.6049 Time: 71.243
#### prediction torch.Size([192, 4])
Epoch [10/11] Step [231/1241] Loss: 0.6032 Time: 71.447
#### prediction torch.Size([192, 4])
Epoch [10/11] Step [264/1241] Loss: 0.6117 Time: 71.651
#### prediction torch.Size([192, 4])
Epoch [10/11] Step [297/1241] Loss: 0.6262 Time: 71.86
#### prediction torch.Size([192, 4])
Epoch [10/11] Step [330/1241] Loss: 0.6187 Time: 72.064
#### prediction torch.Size([192, 4])
Epoch [10/11] Step [363/1241] Loss: 0.6558 Time: 72.268
#### prediction torch.Size([192, 4])
Epoch [10/11] Step [396/1241] Loss: 0.4937 Time: 72.472
#### prediction torch.Size([192, 4])
Epoch [10/11] Step [429/1241] Loss: 0.6129 Time: 72.676
#### prediction torch.Size([192, 4])
Epoch [10/11] Step [462/1241] Loss: 0.5811 Time: 72.88
#### prediction torch.Size([192, 4])
Epoch [10/11] Step [495/1241] Loss: 0.5534 Time: 73.084
#### prediction torch.Size([192, 4])
Epoch [10/11] Step [528/1241] Loss: 0.6716 Time: 73.289
#### prediction torch.Size([192, 4])
Epoch [10/11] Step [561/1241] Loss: 0.5510 Time: 73.494
#### prediction torch.Size([192, 4])
Epoch [10/11] Step [594/1241] Loss: 0.5965 Time: 73.697
#### prediction torch.Size([192, 4])
Epoch [10/11] Step [627/1241] Loss: 0.6080 Time: 73.901
#### prediction torch.Size([192, 4])
Epoch [10/11] Step [660/1241] Loss: 0.7104 Time: 74.105
#### prediction torch.Size([192, 4])
Epoch [10/11] Step [693/1241] Loss: 0.5873 Time: 74.309
#### prediction torch.Size([192, 4])
Epoch [10/11] Step [726/1241] Loss: 0.6426 Time: 74.513
#### prediction torch.Size([192, 4])
Epoch [10/11] Step [759/1241] Loss: 0.6233 Time: 74.717
#### prediction torch.Size([192, 4])
Epoch [10/11] Step [792/1241] Loss: 0.6219 Time: 74.92
#### prediction torch.Size([192, 4])
Epoch [10/11] Step [825/1241] Loss: 0.6057 Time: 75.124
#### prediction torch.Size([192, 4])
Epoch [10/11] Step [858/1241] Loss: 0.5518 Time: 75.327
#### prediction torch.Size([192, 4])
Epoch [10/11] Step [891/1241] Loss: 0.5581 Time: 75.531
#### prediction torch.Size([192, 4])
Epoch [10/11] Step [924/1241] Loss: 0.6015 Time: 75.734
#### prediction torch.Size([192, 4])
Epoch [10/11] Step [957/1241] Loss: 0.5479 Time: 76.099
#### prediction torch.Size([192, 4])
Epoch [10/11] Step [990/1241] Loss: 0.5420 Time: 76.303
#### prediction torch.Size([192, 4])
Epoch [10/11] Step [1023/1241] Loss: 0.5382 Time: 76.507
#### prediction torch.Size([192, 4])
Epoch [10/11] Step [1056/1241] Loss: 0.5273 Time: 76.711
#### prediction torch.Size([192, 4])
Epoch [10/11] Step [1089/1241] Loss: 0.6824 Time: 76.914
#### prediction torch.Size([192, 4])
Epoch [10/11] Step [1122/1241] Loss: 0.5421 Time: 77.118
#### prediction torch.Size([192, 4])
Epoch [10/11] Step [1155/1241] Loss: 0.6294 Time: 77.322
#### prediction torch.Size([192, 4])
Epoch [10/11] Step [1188/1241] Loss: 0.5176 Time: 77.525
#### prediction torch.Size([192, 4])
Epoch [10/11] Step [1221/1241] Loss: 0.5902 Time: 77.729
#### TRAINED MODEL PARA_CNN_LSTM model training time: 85.543 total training time: 249.053 ####
#### TRAINING TOTAL TIME: 245.062 ####
Accuracy of the SEQ_CNN_LSTM model on the test set: 72.129331 %
Accuracy of the SEQ_LSTM_CNN model on the test set: 73.475692 %
Accuracy of the PARA_CNN_LSTM model on the test set: 72.196481 %
#### TESTING TOTAL TIME: 3.644 ####
#### TIME #### TERMINO #### 2474.072 ####
#### FINITO #### TERMINO #### NO-VA-MAS ####
#### TIMES #### modelling TOTAL TOTAL ==>> 2474.072 seconds
#### #### READING DATA FILES #### ####
138 511 #### COMBI [reg, sid, ban, sec, men, med, sum, max, aci, mmm, htp] METRICS ####
('Plantation', '/home/vargas/repos/forests-sounds-vargas/out/data/extraction/Plantation/2_00_PSA0010-2010_dict_y_split_7_2512283_1736694580.pkl')
(297840, 11) Index(['reg', 'sid', 'ban', 'sec', 'men', 'med', 'sum', 'max', 'aci', 'mmm',
       'htp'],
      dtype='object') Index(['reg', 'sid', 'ban', 'sec', 'men', 'med', 'sum', 'max', 'aci', 'mmm',
       'htp'],
      dtype='object')
#### MERGE 68 merge_data Dataframe shape: (297840, 11) #### time: 266
#### #### SPLIT TRAIN TEST #### ####
#### CLASSES: [0 1 2 3] TOTAL 4
#### SPLIT train_test_split and CUDA: ??? cuda:0 #### time: 34
#### MODELS - TOTAL 3 ####
#### EPOCHS 11 ####
#### TRAINING MODELS ####
#### TRAINING MODEL SEQ_CNN_LSTM ####
#### prediction torch.Size([192, 4])
Epoch [10/11] Step [33/1241] Loss: 0.5479 Time: 61.257
#### prediction torch.Size([192, 4])
Epoch [10/11] Step [66/1241] Loss: 0.6068 Time: 61.434
#### prediction torch.Size([192, 4])
Epoch [10/11] Step [99/1241] Loss: 0.5970 Time: 61.611
#### prediction torch.Size([192, 4])
Epoch [10/11] Step [132/1241] Loss: 0.6427 Time: 61.788
#### prediction torch.Size([192, 4])
Epoch [10/11] Step [165/1241] Loss: 0.6077 Time: 61.966
#### prediction torch.Size([192, 4])
Epoch [10/11] Step [198/1241] Loss: 0.6746 Time: 62.143
#### prediction torch.Size([192, 4])
Epoch [10/11] Step [231/1241] Loss: 0.7823 Time: 62.32
#### prediction torch.Size([192, 4])
Epoch [10/11] Step [264/1241] Loss: 0.6234 Time: 62.497
#### prediction torch.Size([192, 4])
Epoch [10/11] Step [297/1241] Loss: 0.6365 Time: 62.674
#### prediction torch.Size([192, 4])
Epoch [10/11] Step [330/1241] Loss: 0.6633 Time: 62.851
#### prediction torch.Size([192, 4])
Epoch [10/11] Step [363/1241] Loss: 0.7436 Time: 63.028
#### prediction torch.Size([192, 4])
Epoch [10/11] Step [396/1241] Loss: 0.6560 Time: 63.206
#### prediction torch.Size([192, 4])
Epoch [10/11] Step [429/1241] Loss: 0.5629 Time: 63.383
#### prediction torch.Size([192, 4])
Epoch [10/11] Step [462/1241] Loss: 0.6861 Time: 63.56
#### prediction torch.Size([192, 4])
Epoch [10/11] Step [495/1241] Loss: 0.6786 Time: 63.737
#### prediction torch.Size([192, 4])
Epoch [10/11] Step [528/1241] Loss: 0.5750 Time: 63.914
#### prediction torch.Size([192, 4])
Epoch [10/11] Step [561/1241] Loss: 0.6910 Time: 64.091
#### prediction torch.Size([192, 4])
Epoch [10/11] Step [594/1241] Loss: 0.5433 Time: 64.268
#### prediction torch.Size([192, 4])
Epoch [10/11] Step [627/1241] Loss: 0.6243 Time: 64.445
#### prediction torch.Size([192, 4])
Epoch [10/11] Step [660/1241] Loss: 0.6061 Time: 64.622
#### prediction torch.Size([192, 4])
Epoch [10/11] Step [693/1241] Loss: 0.6508 Time: 64.799
#### prediction torch.Size([192, 4])
Epoch [10/11] Step [726/1241] Loss: 0.7766 Time: 64.975
#### prediction torch.Size([192, 4])
Epoch [10/11] Step [759/1241] Loss: 0.5935 Time: 65.152
#### prediction torch.Size([192, 4])
Epoch [10/11] Step [792/1241] Loss: 0.6317 Time: 65.329
#### prediction torch.Size([192, 4])
Epoch [10/11] Step [825/1241] Loss: 0.6054 Time: 65.506
#### prediction torch.Size([192, 4])
Epoch [10/11] Step [858/1241] Loss: 0.5969 Time: 65.682
#### prediction torch.Size([192, 4])
Epoch [10/11] Step [891/1241] Loss: 0.6208 Time: 65.859
#### prediction torch.Size([192, 4])
Epoch [10/11] Step [924/1241] Loss: 0.5325 Time: 66.036
#### prediction torch.Size([192, 4])
Epoch [10/11] Step [957/1241] Loss: 0.7097 Time: 66.213
#### prediction torch.Size([192, 4])
Epoch [10/11] Step [990/1241] Loss: 0.6887 Time: 66.39
#### prediction torch.Size([192, 4])
Epoch [10/11] Step [1023/1241] Loss: 0.6229 Time: 66.567
#### prediction torch.Size([192, 4])
Epoch [10/11] Step [1056/1241] Loss: 0.6509 Time: 66.744
#### prediction torch.Size([192, 4])
Epoch [10/11] Step [1089/1241] Loss: 0.5812 Time: 66.92
#### prediction torch.Size([192, 4])
Epoch [10/11] Step [1122/1241] Loss: 0.6941 Time: 67.097
#### prediction torch.Size([192, 4])
Epoch [10/11] Step [1155/1241] Loss: 0.5856 Time: 67.435
#### prediction torch.Size([192, 4])
Epoch [10/11] Step [1188/1241] Loss: 0.6422 Time: 67.612
#### prediction torch.Size([192, 4])
Epoch [10/11] Step [1221/1241] Loss: 0.6833 Time: 67.79
#### TRAINED MODEL SEQ_CNN_LSTM model training time: 74.588 total training time: 77.919 ####
#### TRAINING MODEL SEQ_LSTM_CNN ####
#### prediction torch.Size([192, 4])
Epoch [10/11] Step [33/1241] Loss: 0.3937 Time: 68.975
#### prediction torch.Size([192, 4])
Epoch [10/11] Step [66/1241] Loss: 0.5552 Time: 69.174
#### prediction torch.Size([192, 4])
Epoch [10/11] Step [99/1241] Loss: 0.4647 Time: 69.374
#### prediction torch.Size([192, 4])
Epoch [10/11] Step [132/1241] Loss: 0.4598 Time: 69.574
#### prediction torch.Size([192, 4])
Epoch [10/11] Step [165/1241] Loss: 0.4284 Time: 69.773
#### prediction torch.Size([192, 4])
Epoch [10/11] Step [198/1241] Loss: 0.4644 Time: 69.973
#### prediction torch.Size([192, 4])
Epoch [10/11] Step [231/1241] Loss: 0.5107 Time: 70.172
#### prediction torch.Size([192, 4])
Epoch [10/11] Step [264/1241] Loss: 0.4672 Time: 70.371
#### prediction torch.Size([192, 4])
Epoch [10/11] Step [297/1241] Loss: 0.4775 Time: 70.572
#### prediction torch.Size([192, 4])
Epoch [10/11] Step [330/1241] Loss: 0.4549 Time: 70.771
#### prediction torch.Size([192, 4])
Epoch [10/11] Step [363/1241] Loss: 0.4154 Time: 70.971
#### prediction torch.Size([192, 4])
Epoch [10/11] Step [396/1241] Loss: 0.4660 Time: 71.17
#### prediction torch.Size([192, 4])
Epoch [10/11] Step [429/1241] Loss: 0.5315 Time: 71.37
#### prediction torch.Size([192, 4])
Epoch [10/11] Step [462/1241] Loss: 0.5115 Time: 71.569
#### prediction torch.Size([192, 4])
Epoch [10/11] Step [495/1241] Loss: 0.4650 Time: 71.769
#### prediction torch.Size([192, 4])
Epoch [10/11] Step [528/1241] Loss: 0.5225 Time: 72.129
#### prediction torch.Size([192, 4])
Epoch [10/11] Step [561/1241] Loss: 0.3803 Time: 72.329
#### prediction torch.Size([192, 4])
Epoch [10/11] Step [594/1241] Loss: 0.4585 Time: 72.529
#### prediction torch.Size([192, 4])
Epoch [10/11] Step [627/1241] Loss: 0.4183 Time: 72.729
#### prediction torch.Size([192, 4])
Epoch [10/11] Step [660/1241] Loss: 0.4637 Time: 72.93
#### prediction torch.Size([192, 4])
Epoch [10/11] Step [693/1241] Loss: 0.4431 Time: 73.13
#### prediction torch.Size([192, 4])
Epoch [10/11] Step [726/1241] Loss: 0.4451 Time: 73.329
#### prediction torch.Size([192, 4])
Epoch [10/11] Step [759/1241] Loss: 0.4409 Time: 73.529
#### prediction torch.Size([192, 4])
Epoch [10/11] Step [792/1241] Loss: 0.4228 Time: 73.729
#### prediction torch.Size([192, 4])
Epoch [10/11] Step [825/1241] Loss: 0.5379 Time: 73.928
#### prediction torch.Size([192, 4])
Epoch [10/11] Step [858/1241] Loss: 0.4899 Time: 74.128
#### prediction torch.Size([192, 4])
Epoch [10/11] Step [891/1241] Loss: 0.4193 Time: 74.328
#### prediction torch.Size([192, 4])
Epoch [10/11] Step [924/1241] Loss: 0.3553 Time: 74.528
#### prediction torch.Size([192, 4])
Epoch [10/11] Step [957/1241] Loss: 0.5082 Time: 74.728
#### prediction torch.Size([192, 4])
Epoch [10/11] Step [990/1241] Loss: 0.4435 Time: 74.927
#### prediction torch.Size([192, 4])
Epoch [10/11] Step [1023/1241] Loss: 0.5146 Time: 75.127
#### prediction torch.Size([192, 4])
Epoch [10/11] Step [1056/1241] Loss: 0.5193 Time: 75.327
#### prediction torch.Size([192, 4])
Epoch [10/11] Step [1089/1241] Loss: 0.4825 Time: 75.526
#### prediction torch.Size([192, 4])
Epoch [10/11] Step [1122/1241] Loss: 0.5561 Time: 75.726
#### prediction torch.Size([192, 4])
Epoch [10/11] Step [1155/1241] Loss: 0.3644 Time: 75.926
#### prediction torch.Size([192, 4])
Epoch [10/11] Step [1188/1241] Loss: 0.4248 Time: 76.126
#### prediction torch.Size([192, 4])
Epoch [10/11] Step [1221/1241] Loss: 0.4514 Time: 76.325
#### TRAINED MODEL SEQ_LSTM_CNN model training time: 83.991 total training time: 161.91 ####
#### TRAINING MODEL PARA_CNN_LSTM ####
#### prediction torch.Size([192, 4])
Epoch [10/11] Step [33/1241] Loss: 0.5226 Time: 70.139
#### prediction torch.Size([192, 4])
Epoch [10/11] Step [66/1241] Loss: 0.5786 Time: 70.342
#### prediction torch.Size([192, 4])
Epoch [10/11] Step [99/1241] Loss: 0.5578 Time: 70.546
#### prediction torch.Size([192, 4])
Epoch [10/11] Step [132/1241] Loss: 0.5181 Time: 70.749
#### prediction torch.Size([192, 4])
Epoch [10/11] Step [165/1241] Loss: 0.5523 Time: 70.955
#### prediction torch.Size([192, 4])
Epoch [10/11] Step [198/1241] Loss: 0.4901 Time: 71.172
#### prediction torch.Size([192, 4])
Epoch [10/11] Step [231/1241] Loss: 0.5483 Time: 71.375
#### prediction torch.Size([192, 4])
Epoch [10/11] Step [264/1241] Loss: 0.5513 Time: 71.578
#### prediction torch.Size([192, 4])
Epoch [10/11] Step [297/1241] Loss: 0.5565 Time: 71.783
#### prediction torch.Size([192, 4])
Epoch [10/11] Step [330/1241] Loss: 0.5661 Time: 71.99
#### prediction torch.Size([192, 4])
Epoch [10/11] Step [363/1241] Loss: 0.5214 Time: 72.194
#### prediction torch.Size([192, 4])
Epoch [10/11] Step [396/1241] Loss: 0.5469 Time: 72.397
#### prediction torch.Size([192, 4])
Epoch [10/11] Step [429/1241] Loss: 0.4563 Time: 72.601
#### prediction torch.Size([192, 4])
Epoch [10/11] Step [462/1241] Loss: 0.5484 Time: 72.805
#### prediction torch.Size([192, 4])
Epoch [10/11] Step [495/1241] Loss: 0.4722 Time: 73.008
#### prediction torch.Size([192, 4])
Epoch [10/11] Step [528/1241] Loss: 0.4851 Time: 73.212
#### prediction torch.Size([192, 4])
Epoch [10/11] Step [561/1241] Loss: 0.5366 Time: 73.416
#### prediction torch.Size([192, 4])
Epoch [10/11] Step [594/1241] Loss: 0.5831 Time: 73.621
#### prediction torch.Size([192, 4])
Epoch [10/11] Step [627/1241] Loss: 0.5124 Time: 73.824
#### prediction torch.Size([192, 4])
Epoch [10/11] Step [660/1241] Loss: 0.4768 Time: 74.029
#### prediction torch.Size([192, 4])
Epoch [10/11] Step [693/1241] Loss: 0.5569 Time: 74.233
#### prediction torch.Size([192, 4])
Epoch [10/11] Step [726/1241] Loss: 0.5319 Time: 74.437
#### prediction torch.Size([192, 4])
Epoch [10/11] Step [759/1241] Loss: 0.5254 Time: 74.642
#### prediction torch.Size([192, 4])
Epoch [10/11] Step [792/1241] Loss: 0.5028 Time: 74.845
#### prediction torch.Size([192, 4])
Epoch [10/11] Step [825/1241] Loss: 0.5287 Time: 75.049
#### prediction torch.Size([192, 4])
Epoch [10/11] Step [858/1241] Loss: 0.5832 Time: 75.253
#### prediction torch.Size([192, 4])
Epoch [10/11] Step [891/1241] Loss: 0.4864 Time: 75.456
#### prediction torch.Size([192, 4])
Epoch [10/11] Step [924/1241] Loss: 0.5319 Time: 75.66
#### prediction torch.Size([192, 4])
Epoch [10/11] Step [957/1241] Loss: 0.4694 Time: 75.863
#### prediction torch.Size([192, 4])
Epoch [10/11] Step [990/1241] Loss: 0.6092 Time: 76.067
#### prediction torch.Size([192, 4])
Epoch [10/11] Step [1023/1241] Loss: 0.5545 Time: 76.27
#### prediction torch.Size([192, 4])
Epoch [10/11] Step [1056/1241] Loss: 0.5545 Time: 76.474
#### prediction torch.Size([192, 4])
Epoch [10/11] Step [1089/1241] Loss: 0.5667 Time: 76.678
#### prediction torch.Size([192, 4])
Epoch [10/11] Step [1122/1241] Loss: 0.6272 Time: 76.881
#### prediction torch.Size([192, 4])
Epoch [10/11] Step [1155/1241] Loss: 0.5288 Time: 77.085
#### prediction torch.Size([192, 4])
Epoch [10/11] Step [1188/1241] Loss: 0.5261 Time: 77.289
#### prediction torch.Size([192, 4])
Epoch [10/11] Step [1221/1241] Loss: 0.5560 Time: 77.492
#### TRAINED MODEL PARA_CNN_LSTM model training time: 85.466 total training time: 247.377 ####
#### TRAINING TOTAL TIME: 244.046 ####
Accuracy of the SEQ_CNN_LSTM model on the test set: 72.597703 %
Accuracy of the SEQ_LSTM_CNN model on the test set: 78.788947 %
Accuracy of the PARA_CNN_LSTM model on the test set: 77.066546 %
#### TESTING TOTAL TIME: 3.471 ####
#### TIME #### TERMINO #### 2773.725 ####
#### FINITO #### TERMINO #### NO-VA-MAS ####
#### TIMES #### modelling TOTAL TOTAL ==>> 2773.725 seconds
#### #### READING DATA FILES #### ####
139 511 #### COMBI [reg, sid, ban, sec, men, med, sum, max, aci, mmm, hhh] METRICS ####
('Plantation', '/home/vargas/repos/forests-sounds-vargas/out/data/extraction/Plantation/2_00_PSA0010-2010_dict_y_split_7_2512283_1736694580.pkl')
(297840, 11) Index(['reg', 'sid', 'ban', 'sec', 'men', 'med', 'sum', 'max', 'aci', 'mmm',
       'hhh'],
      dtype='object') Index(['reg', 'sid', 'ban', 'sec', 'men', 'med', 'sum', 'max', 'aci', 'mmm',
       'hhh'],
      dtype='object')
#### MERGE 68 merge_data Dataframe shape: (297840, 11) #### time: 265
#### #### SPLIT TRAIN TEST #### ####
#### CLASSES: [0 1 2 3] TOTAL 4
#### SPLIT train_test_split and CUDA: ??? cuda:0 #### time: 34
#### MODELS - TOTAL 3 ####
#### EPOCHS 11 ####
#### TRAINING MODELS ####
#### TRAINING MODEL SEQ_CNN_LSTM ####
#### prediction torch.Size([192, 4])
Epoch [10/11] Step [33/1241] Loss: 0.6029 Time: 61.093
#### prediction torch.Size([192, 4])
Epoch [10/11] Step [66/1241] Loss: 0.4971 Time: 61.27
#### prediction torch.Size([192, 4])
Epoch [10/11] Step [99/1241] Loss: 0.5975 Time: 61.605
#### prediction torch.Size([192, 4])
Epoch [10/11] Step [132/1241] Loss: 0.6187 Time: 61.781
#### prediction torch.Size([192, 4])
Epoch [10/11] Step [165/1241] Loss: 0.6322 Time: 61.958
#### prediction torch.Size([192, 4])
Epoch [10/11] Step [198/1241] Loss: 0.6118 Time: 62.134
#### prediction torch.Size([192, 4])
Epoch [10/11] Step [231/1241] Loss: 0.6325 Time: 62.311
#### prediction torch.Size([192, 4])
Epoch [10/11] Step [264/1241] Loss: 0.5755 Time: 62.487
#### prediction torch.Size([192, 4])
Epoch [10/11] Step [297/1241] Loss: 0.6271 Time: 62.664
#### prediction torch.Size([192, 4])
Epoch [10/11] Step [330/1241] Loss: 0.6575 Time: 62.84
#### prediction torch.Size([192, 4])
Epoch [10/11] Step [363/1241] Loss: 0.5575 Time: 63.017
#### prediction torch.Size([192, 4])
Epoch [10/11] Step [396/1241] Loss: 0.5384 Time: 63.194
#### prediction torch.Size([192, 4])
Epoch [10/11] Step [429/1241] Loss: 0.4840 Time: 63.37
#### prediction torch.Size([192, 4])
Epoch [10/11] Step [462/1241] Loss: 0.5353 Time: 63.546
#### prediction torch.Size([192, 4])
Epoch [10/11] Step [495/1241] Loss: 0.4959 Time: 63.723
#### prediction torch.Size([192, 4])
Epoch [10/11] Step [528/1241] Loss: 0.6150 Time: 63.9
#### prediction torch.Size([192, 4])
Epoch [10/11] Step [561/1241] Loss: 0.6098 Time: 64.076
#### prediction torch.Size([192, 4])
Epoch [10/11] Step [594/1241] Loss: 0.6333 Time: 64.253
#### prediction torch.Size([192, 4])
Epoch [10/11] Step [627/1241] Loss: 0.5765 Time: 64.43
#### prediction torch.Size([192, 4])
Epoch [10/11] Step [660/1241] Loss: 0.5038 Time: 64.606
#### prediction torch.Size([192, 4])
Epoch [10/11] Step [693/1241] Loss: 0.5927 Time: 64.783
#### prediction torch.Size([192, 4])
Epoch [10/11] Step [726/1241] Loss: 0.5683 Time: 64.959
#### prediction torch.Size([192, 4])
Epoch [10/11] Step [759/1241] Loss: 0.5390 Time: 65.136
#### prediction torch.Size([192, 4])
Epoch [10/11] Step [792/1241] Loss: 0.6392 Time: 65.312
#### prediction torch.Size([192, 4])
Epoch [10/11] Step [825/1241] Loss: 0.4971 Time: 65.488
#### prediction torch.Size([192, 4])
Epoch [10/11] Step [858/1241] Loss: 0.6347 Time: 65.665
#### prediction torch.Size([192, 4])
Epoch [10/11] Step [891/1241] Loss: 0.5403 Time: 65.841
#### prediction torch.Size([192, 4])
Epoch [10/11] Step [924/1241] Loss: 0.5951 Time: 66.018
#### prediction torch.Size([192, 4])
Epoch [10/11] Step [957/1241] Loss: 0.5722 Time: 66.195
#### prediction torch.Size([192, 4])
Epoch [10/11] Step [990/1241] Loss: 0.5108 Time: 66.371
#### prediction torch.Size([192, 4])
Epoch [10/11] Step [1023/1241] Loss: 0.5448 Time: 66.548
#### prediction torch.Size([192, 4])
Epoch [10/11] Step [1056/1241] Loss: 0.5904 Time: 66.724
#### prediction torch.Size([192, 4])
Epoch [10/11] Step [1089/1241] Loss: 0.5715 Time: 66.901
#### prediction torch.Size([192, 4])
Epoch [10/11] Step [1122/1241] Loss: 0.6343 Time: 67.077
#### prediction torch.Size([192, 4])
Epoch [10/11] Step [1155/1241] Loss: 0.5289 Time: 67.254
#### prediction torch.Size([192, 4])
Epoch [10/11] Step [1188/1241] Loss: 0.6059 Time: 67.431
#### prediction torch.Size([192, 4])
Epoch [10/11] Step [1221/1241] Loss: 0.5890 Time: 67.607
#### TRAINED MODEL SEQ_CNN_LSTM model training time: 74.545 total training time: 78.011 ####
#### TRAINING MODEL SEQ_LSTM_CNN ####
#### prediction torch.Size([192, 4])
Epoch [10/11] Step [33/1241] Loss: 0.5474 Time: 68.975
#### prediction torch.Size([192, 4])
Epoch [10/11] Step [66/1241] Loss: 0.4650 Time: 69.175
#### prediction torch.Size([192, 4])
Epoch [10/11] Step [99/1241] Loss: 0.5245 Time: 69.375
#### prediction torch.Size([192, 4])
Epoch [10/11] Step [132/1241] Loss: 0.5415 Time: 69.575
#### prediction torch.Size([192, 4])
Epoch [10/11] Step [165/1241] Loss: 0.5465 Time: 69.775
#### prediction torch.Size([192, 4])
Epoch [10/11] Step [198/1241] Loss: 0.5340 Time: 69.975
#### prediction torch.Size([192, 4])
Epoch [10/11] Step [231/1241] Loss: 0.5278 Time: 70.175
#### prediction torch.Size([192, 4])
Epoch [10/11] Step [264/1241] Loss: 0.5056 Time: 70.374
#### prediction torch.Size([192, 4])
Epoch [10/11] Step [297/1241] Loss: 0.5197 Time: 70.574
#### prediction torch.Size([192, 4])
Epoch [10/11] Step [330/1241] Loss: 0.4457 Time: 70.775
#### prediction torch.Size([192, 4])
Epoch [10/11] Step [363/1241] Loss: 0.5064 Time: 70.974
#### prediction torch.Size([192, 4])
Epoch [10/11] Step [396/1241] Loss: 0.5774 Time: 71.175
#### prediction torch.Size([192, 4])
Epoch [10/11] Step [429/1241] Loss: 0.5447 Time: 71.374
#### prediction torch.Size([192, 4])
Epoch [10/11] Step [462/1241] Loss: 0.5046 Time: 71.574
#### prediction torch.Size([192, 4])
Epoch [10/11] Step [495/1241] Loss: 0.5230 Time: 71.775
#### prediction torch.Size([192, 4])
Epoch [10/11] Step [528/1241] Loss: 0.5551 Time: 71.975
#### prediction torch.Size([192, 4])
Epoch [10/11] Step [561/1241] Loss: 0.5227 Time: 72.174
#### prediction torch.Size([192, 4])
Epoch [10/11] Step [594/1241] Loss: 0.5530 Time: 72.374
#### prediction torch.Size([192, 4])
Epoch [10/11] Step [627/1241] Loss: 0.6271 Time: 72.575
#### prediction torch.Size([192, 4])
Epoch [10/11] Step [660/1241] Loss: 0.4717 Time: 72.774
#### prediction torch.Size([192, 4])
Epoch [10/11] Step [693/1241] Loss: 0.5518 Time: 72.975
#### prediction torch.Size([192, 4])
Epoch [10/11] Step [726/1241] Loss: 0.4741 Time: 73.174
#### prediction torch.Size([192, 4])
Epoch [10/11] Step [759/1241] Loss: 0.5031 Time: 73.374
#### prediction torch.Size([192, 4])
Epoch [10/11] Step [792/1241] Loss: 0.4888 Time: 73.574
#### prediction torch.Size([192, 4])
Epoch [10/11] Step [825/1241] Loss: 0.5483 Time: 73.774
#### prediction torch.Size([192, 4])
Epoch [10/11] Step [858/1241] Loss: 0.4674 Time: 73.974
#### prediction torch.Size([192, 4])
Epoch [10/11] Step [891/1241] Loss: 0.5037 Time: 74.174
#### prediction torch.Size([192, 4])
Epoch [10/11] Step [924/1241] Loss: 0.5104 Time: 74.374
#### prediction torch.Size([192, 4])
Epoch [10/11] Step [957/1241] Loss: 0.4899 Time: 74.574
#### prediction torch.Size([192, 4])
Epoch [10/11] Step [990/1241] Loss: 0.4743 Time: 74.774
#### prediction torch.Size([192, 4])
Epoch [10/11] Step [1023/1241] Loss: 0.5656 Time: 74.974
#### prediction torch.Size([192, 4])
Epoch [10/11] Step [1056/1241] Loss: 0.5049 Time: 75.174
#### prediction torch.Size([192, 4])
Epoch [10/11] Step [1089/1241] Loss: 0.4822 Time: 75.374
#### prediction torch.Size([192, 4])
Epoch [10/11] Step [1122/1241] Loss: 0.4885 Time: 75.574
#### prediction torch.Size([192, 4])
Epoch [10/11] Step [1155/1241] Loss: 0.5270 Time: 75.775
#### prediction torch.Size([192, 4])
Epoch [10/11] Step [1188/1241] Loss: 0.5328 Time: 75.975
#### prediction torch.Size([192, 4])
Epoch [10/11] Step [1221/1241] Loss: 0.6095 Time: 76.175
#### TRAINED MODEL SEQ_LSTM_CNN model training time: 84.018 total training time: 162.029 ####
#### TRAINING MODEL PARA_CNN_LSTM ####
#### prediction torch.Size([192, 4])
Epoch [10/11] Step [33/1241] Loss: 0.7463 Time: 70.316
#### prediction torch.Size([192, 4])
Epoch [10/11] Step [66/1241] Loss: 0.6915 Time: 70.52
#### prediction torch.Size([192, 4])
Epoch [10/11] Step [99/1241] Loss: 0.6791 Time: 70.724
#### prediction torch.Size([192, 4])
Epoch [10/11] Step [132/1241] Loss: 0.7730 Time: 70.935
#### prediction torch.Size([192, 4])
Epoch [10/11] Step [165/1241] Loss: 0.5709 Time: 71.139
#### prediction torch.Size([192, 4])
Epoch [10/11] Step [198/1241] Loss: 0.6456 Time: 71.343
#### prediction torch.Size([192, 4])
Epoch [10/11] Step [231/1241] Loss: 0.6971 Time: 71.546
#### prediction torch.Size([192, 4])
Epoch [10/11] Step [264/1241] Loss: 0.6679 Time: 71.749
#### prediction torch.Size([192, 4])
Epoch [10/11] Step [297/1241] Loss: 0.5939 Time: 71.953
#### prediction torch.Size([192, 4])
Epoch [10/11] Step [330/1241] Loss: 0.5265 Time: 72.158
#### prediction torch.Size([192, 4])
Epoch [10/11] Step [363/1241] Loss: 0.7021 Time: 72.378
#### prediction torch.Size([192, 4])
Epoch [10/11] Step [396/1241] Loss: 0.6389 Time: 72.583
#### prediction torch.Size([192, 4])
Epoch [10/11] Step [429/1241] Loss: 0.6793 Time: 72.787
#### prediction torch.Size([192, 4])
Epoch [10/11] Step [462/1241] Loss: 0.6580 Time: 72.99
#### prediction torch.Size([192, 4])
Epoch [10/11] Step [495/1241] Loss: 0.6271 Time: 73.194
#### prediction torch.Size([192, 4])
Epoch [10/11] Step [528/1241] Loss: 0.6223 Time: 73.397
#### prediction torch.Size([192, 4])
Epoch [10/11] Step [561/1241] Loss: 0.6738 Time: 73.601
#### prediction torch.Size([192, 4])
Epoch [10/11] Step [594/1241] Loss: 0.5587 Time: 73.805
#### prediction torch.Size([192, 4])
Epoch [10/11] Step [627/1241] Loss: 0.6149 Time: 74.009
#### prediction torch.Size([192, 4])
Epoch [10/11] Step [660/1241] Loss: 0.7589 Time: 74.212
#### prediction torch.Size([192, 4])
Epoch [10/11] Step [693/1241] Loss: 0.5763 Time: 74.415
#### prediction torch.Size([192, 4])
Epoch [10/11] Step [726/1241] Loss: 0.7003 Time: 74.619
#### prediction torch.Size([192, 4])
Epoch [10/11] Step [759/1241] Loss: 0.5574 Time: 74.822
#### prediction torch.Size([192, 4])
Epoch [10/11] Step [792/1241] Loss: 0.6299 Time: 75.026
#### prediction torch.Size([192, 4])
Epoch [10/11] Step [825/1241] Loss: 0.6191 Time: 75.229
#### prediction torch.Size([192, 4])
Epoch [10/11] Step [858/1241] Loss: 0.5931 Time: 75.432
#### prediction torch.Size([192, 4])
Epoch [10/11] Step [891/1241] Loss: 0.6865 Time: 75.635
#### prediction torch.Size([192, 4])
Epoch [10/11] Step [924/1241] Loss: 0.6248 Time: 75.839
#### prediction torch.Size([192, 4])
Epoch [10/11] Step [957/1241] Loss: 0.6815 Time: 76.042
#### prediction torch.Size([192, 4])
Epoch [10/11] Step [990/1241] Loss: 0.7341 Time: 76.246
#### prediction torch.Size([192, 4])
Epoch [10/11] Step [1023/1241] Loss: 0.5805 Time: 76.618
#### prediction torch.Size([192, 4])
Epoch [10/11] Step [1056/1241] Loss: 0.5681 Time: 76.822
#### prediction torch.Size([192, 4])
Epoch [10/11] Step [1089/1241] Loss: 0.5578 Time: 77.025
#### prediction torch.Size([192, 4])
Epoch [10/11] Step [1122/1241] Loss: 0.6767 Time: 77.229
#### prediction torch.Size([192, 4])
Epoch [10/11] Step [1155/1241] Loss: 0.5869 Time: 77.432
#### prediction torch.Size([192, 4])
Epoch [10/11] Step [1188/1241] Loss: 0.5623 Time: 77.636
#### prediction torch.Size([192, 4])
Epoch [10/11] Step [1221/1241] Loss: 0.6129 Time: 77.84
#### TRAINED MODEL PARA_CNN_LSTM model training time: 85.642 total training time: 247.671 ####
#### TRAINING TOTAL TIME: 244.205 ####
Accuracy of the SEQ_CNN_LSTM model on the test set: 76.316143 %
Accuracy of the SEQ_LSTM_CNN model on the test set: 76.428619 %
Accuracy of the PARA_CNN_LSTM model on the test set: 72.178015 %
#### TESTING TOTAL TIME: 3.634 ####
#### TIME #### TERMINO #### 3075.07 ####
#### FINITO #### TERMINO #### NO-VA-MAS ####
#### TIMES #### modelling TOTAL TOTAL ==>> 3075.07 seconds
#### #### READING DATA FILES #### ####
140 511 #### COMBI [reg, sid, ban, sec, men, med, sum, max, aci, mmm, aei] METRICS ####
('Plantation', '/home/vargas/repos/forests-sounds-vargas/out/data/extraction/Plantation/2_00_PSA0010-2010_dict_y_split_7_2512283_1736694580.pkl')
(297840, 11) Index(['reg', 'sid', 'ban', 'sec', 'men', 'med', 'sum', 'max', 'aci', 'mmm',
       'aei'],
      dtype='object') Index(['reg', 'sid', 'ban', 'sec', 'men', 'med', 'sum', 'max', 'aci', 'mmm',
       'aei'],
      dtype='object')
#### MERGE 68 merge_data Dataframe shape: (297840, 11) #### time: 273
#### #### SPLIT TRAIN TEST #### ####
#### CLASSES: [0 1 2 3] TOTAL 4
#### SPLIT train_test_split and CUDA: ??? cuda:0 #### time: 35
#### MODELS - TOTAL 3 ####
#### EPOCHS 11 ####
#### TRAINING MODELS ####
#### TRAINING MODEL SEQ_CNN_LSTM ####
#### prediction torch.Size([192, 4])
Epoch [10/11] Step [33/1241] Loss: 0.6518 Time: 61.212
#### prediction torch.Size([192, 4])
Epoch [10/11] Step [66/1241] Loss: 0.6017 Time: 61.389
#### prediction torch.Size([192, 4])
Epoch [10/11] Step [99/1241] Loss: 0.6493 Time: 61.566
#### prediction torch.Size([192, 4])
Epoch [10/11] Step [132/1241] Loss: 0.6812 Time: 61.743
#### prediction torch.Size([192, 4])
Epoch [10/11] Step [165/1241] Loss: 0.5829 Time: 61.92
#### prediction torch.Size([192, 4])
Epoch [10/11] Step [198/1241] Loss: 0.6084 Time: 62.097
#### prediction torch.Size([192, 4])
Epoch [10/11] Step [231/1241] Loss: 0.5484 Time: 62.275
#### prediction torch.Size([192, 4])
Epoch [10/11] Step [264/1241] Loss: 0.7298 Time: 62.452
#### prediction torch.Size([192, 4])
Epoch [10/11] Step [297/1241] Loss: 0.6638 Time: 62.629
#### prediction torch.Size([192, 4])
Epoch [10/11] Step [330/1241] Loss: 0.6014 Time: 62.806
#### prediction torch.Size([192, 4])
Epoch [10/11] Step [363/1241] Loss: 0.6476 Time: 62.983
#### prediction torch.Size([192, 4])
Epoch [10/11] Step [396/1241] Loss: 0.6008 Time: 63.16
#### prediction torch.Size([192, 4])
Epoch [10/11] Step [429/1241] Loss: 0.6584 Time: 63.337
#### prediction torch.Size([192, 4])
Epoch [10/11] Step [462/1241] Loss: 0.5876 Time: 63.514
#### prediction torch.Size([192, 4])
Epoch [10/11] Step [495/1241] Loss: 0.5961 Time: 63.691
#### prediction torch.Size([192, 4])
Epoch [10/11] Step [528/1241] Loss: 0.6284 Time: 63.869
#### prediction torch.Size([192, 4])
Epoch [10/11] Step [561/1241] Loss: 0.6186 Time: 64.046
#### prediction torch.Size([192, 4])
Epoch [10/11] Step [594/1241] Loss: 0.6906 Time: 64.223
#### prediction torch.Size([192, 4])
Epoch [10/11] Step [627/1241] Loss: 0.6427 Time: 64.4
#### prediction torch.Size([192, 4])
Epoch [10/11] Step [660/1241] Loss: 0.7365 Time: 64.577
#### prediction torch.Size([192, 4])
Epoch [10/11] Step [693/1241] Loss: 0.6652 Time: 64.754
#### prediction torch.Size([192, 4])
Epoch [10/11] Step [726/1241] Loss: 0.6443 Time: 64.931
#### prediction torch.Size([192, 4])
Epoch [10/11] Step [759/1241] Loss: 0.6339 Time: 65.108
#### prediction torch.Size([192, 4])
Epoch [10/11] Step [792/1241] Loss: 0.6530 Time: 65.285
#### prediction torch.Size([192, 4])
Epoch [10/11] Step [825/1241] Loss: 0.6149 Time: 65.463
#### prediction torch.Size([192, 4])
Epoch [10/11] Step [858/1241] Loss: 0.6759 Time: 65.64
#### prediction torch.Size([192, 4])
Epoch [10/11] Step [891/1241] Loss: 0.6293 Time: 65.818
#### prediction torch.Size([192, 4])
Epoch [10/11] Step [924/1241] Loss: 0.6404 Time: 65.996
#### prediction torch.Size([192, 4])
Epoch [10/11] Step [957/1241] Loss: 0.6553 Time: 66.173
#### prediction torch.Size([192, 4])
Epoch [10/11] Step [990/1241] Loss: 0.6200 Time: 66.351
#### prediction torch.Size([192, 4])
Epoch [10/11] Step [1023/1241] Loss: 0.6331 Time: 66.528
#### prediction torch.Size([192, 4])
Epoch [10/11] Step [1056/1241] Loss: 0.6352 Time: 66.706
#### prediction torch.Size([192, 4])
Epoch [10/11] Step [1089/1241] Loss: 0.6329 Time: 66.883
#### prediction torch.Size([192, 4])
Epoch [10/11] Step [1122/1241] Loss: 0.6686 Time: 67.06
#### prediction torch.Size([192, 4])
Epoch [10/11] Step [1155/1241] Loss: 0.6103 Time: 67.237
#### prediction torch.Size([192, 4])
Epoch [10/11] Step [1188/1241] Loss: 0.6860 Time: 67.414
#### prediction torch.Size([192, 4])
Epoch [10/11] Step [1221/1241] Loss: 0.5674 Time: 67.751
#### TRAINED MODEL SEQ_CNN_LSTM model training time: 74.589 total training time: 78.99 ####
#### TRAINING MODEL SEQ_LSTM_CNN ####
#### prediction torch.Size([192, 4])
Epoch [10/11] Step [33/1241] Loss: 0.5716 Time: 69.05
#### prediction torch.Size([192, 4])
Epoch [10/11] Step [66/1241] Loss: 0.6428 Time: 69.25
#### prediction torch.Size([192, 4])
Epoch [10/11] Step [99/1241] Loss: 0.5022 Time: 69.45
#### prediction torch.Size([192, 4])
Epoch [10/11] Step [132/1241] Loss: 0.6425 Time: 69.65
#### prediction torch.Size([192, 4])
Epoch [10/11] Step [165/1241] Loss: 0.6467 Time: 69.85
#### prediction torch.Size([192, 4])
Epoch [10/11] Step [198/1241] Loss: 0.5696 Time: 70.05
#### prediction torch.Size([192, 4])
Epoch [10/11] Step [231/1241] Loss: 0.5271 Time: 70.25
#### prediction torch.Size([192, 4])
Epoch [10/11] Step [264/1241] Loss: 0.5531 Time: 70.45
#### prediction torch.Size([192, 4])
Epoch [10/11] Step [297/1241] Loss: 0.6274 Time: 70.65
#### prediction torch.Size([192, 4])
Epoch [10/11] Step [330/1241] Loss: 0.6274 Time: 70.85
#### prediction torch.Size([192, 4])
Epoch [10/11] Step [363/1241] Loss: 0.6514 Time: 71.05
#### prediction torch.Size([192, 4])
Epoch [10/11] Step [396/1241] Loss: 0.5312 Time: 71.25
#### prediction torch.Size([192, 4])
Epoch [10/11] Step [429/1241] Loss: 0.7092 Time: 71.451
#### prediction torch.Size([192, 4])
Epoch [10/11] Step [462/1241] Loss: 0.5371 Time: 71.651
#### prediction torch.Size([192, 4])
Epoch [10/11] Step [495/1241] Loss: 0.6638 Time: 71.851
#### prediction torch.Size([192, 4])
Epoch [10/11] Step [528/1241] Loss: 0.5502 Time: 72.052
#### prediction torch.Size([192, 4])
Epoch [10/11] Step [561/1241] Loss: 0.6335 Time: 72.252
#### prediction torch.Size([192, 4])
Epoch [10/11] Step [594/1241] Loss: 0.6739 Time: 72.616
#### prediction torch.Size([192, 4])
Epoch [10/11] Step [627/1241] Loss: 0.6302 Time: 72.817
#### prediction torch.Size([192, 4])
Epoch [10/11] Step [660/1241] Loss: 0.6326 Time: 73.017
#### prediction torch.Size([192, 4])
Epoch [10/11] Step [693/1241] Loss: 0.6309 Time: 73.217
#### prediction torch.Size([192, 4])
Epoch [10/11] Step [726/1241] Loss: 0.5734 Time: 73.418
#### prediction torch.Size([192, 4])
Epoch [10/11] Step [759/1241] Loss: 0.6003 Time: 73.619
#### prediction torch.Size([192, 4])
Epoch [10/11] Step [792/1241] Loss: 0.5323 Time: 73.819
#### prediction torch.Size([192, 4])
Epoch [10/11] Step [825/1241] Loss: 0.6777 Time: 74.019
#### prediction torch.Size([192, 4])
Epoch [10/11] Step [858/1241] Loss: 0.6649 Time: 74.22
#### prediction torch.Size([192, 4])
Epoch [10/11] Step [891/1241] Loss: 0.5611 Time: 74.42
#### prediction torch.Size([192, 4])
Epoch [10/11] Step [924/1241] Loss: 0.5709 Time: 74.62
#### prediction torch.Size([192, 4])
Epoch [10/11] Step [957/1241] Loss: 0.5188 Time: 74.82
#### prediction torch.Size([192, 4])
Epoch [10/11] Step [990/1241] Loss: 0.6019 Time: 75.021
#### prediction torch.Size([192, 4])
Epoch [10/11] Step [1023/1241] Loss: 0.5512 Time: 75.221
#### prediction torch.Size([192, 4])
Epoch [10/11] Step [1056/1241] Loss: 0.5255 Time: 75.421
#### prediction torch.Size([192, 4])
Epoch [10/11] Step [1089/1241] Loss: 0.5067 Time: 75.621
#### prediction torch.Size([192, 4])
Epoch [10/11] Step [1122/1241] Loss: 0.6005 Time: 75.821
#### prediction torch.Size([192, 4])
Epoch [10/11] Step [1155/1241] Loss: 0.5707 Time: 76.022
#### prediction torch.Size([192, 4])
Epoch [10/11] Step [1188/1241] Loss: 0.6516 Time: 76.222
#### prediction torch.Size([192, 4])
Epoch [10/11] Step [1221/1241] Loss: 0.5948 Time: 76.422
#### TRAINED MODEL SEQ_LSTM_CNN model training time: 84.101 total training time: 163.091 ####
#### TRAINING MODEL PARA_CNN_LSTM ####
#### prediction torch.Size([192, 4])
Epoch [10/11] Step [33/1241] Loss: 0.6373 Time: 70.499
#### prediction torch.Size([192, 4])
Epoch [10/11] Step [66/1241] Loss: 0.6622 Time: 70.702
#### prediction torch.Size([192, 4])
Epoch [10/11] Step [99/1241] Loss: 0.5855 Time: 70.905
#### prediction torch.Size([192, 4])
Epoch [10/11] Step [132/1241] Loss: 0.6162 Time: 71.108
#### prediction torch.Size([192, 4])
Epoch [10/11] Step [165/1241] Loss: 0.6367 Time: 71.311
#### prediction torch.Size([192, 4])
Epoch [10/11] Step [198/1241] Loss: 0.6316 Time: 71.514
#### prediction torch.Size([192, 4])
Epoch [10/11] Step [231/1241] Loss: 0.6411 Time: 71.717
#### prediction torch.Size([192, 4])
Epoch [10/11] Step [264/1241] Loss: 0.6474 Time: 71.92
#### prediction torch.Size([192, 4])
Epoch [10/11] Step [297/1241] Loss: 0.7513 Time: 72.123
#### prediction torch.Size([192, 4])
Epoch [10/11] Step [330/1241] Loss: 0.5922 Time: 72.326
#### prediction torch.Size([192, 4])
Epoch [10/11] Step [363/1241] Loss: 0.5806 Time: 72.529
#### prediction torch.Size([192, 4])
Epoch [10/11] Step [396/1241] Loss: 0.6236 Time: 72.731
#### prediction torch.Size([192, 4])
Epoch [10/11] Step [429/1241] Loss: 0.7334 Time: 72.934
#### prediction torch.Size([192, 4])
Epoch [10/11] Step [462/1241] Loss: 0.6239 Time: 73.137
#### prediction torch.Size([192, 4])
Epoch [10/11] Step [495/1241] Loss: 0.6072 Time: 73.34
#### prediction torch.Size([192, 4])
Epoch [10/11] Step [528/1241] Loss: 0.5937 Time: 73.542
#### prediction torch.Size([192, 4])
Epoch [10/11] Step [561/1241] Loss: 0.6374 Time: 73.745
#### prediction torch.Size([192, 4])
Epoch [10/11] Step [594/1241] Loss: 0.6237 Time: 73.948
#### prediction torch.Size([192, 4])
Epoch [10/11] Step [627/1241] Loss: 0.5545 Time: 74.15
#### prediction torch.Size([192, 4])
Epoch [10/11] Step [660/1241] Loss: 0.5831 Time: 74.353
#### prediction torch.Size([192, 4])
Epoch [10/11] Step [693/1241] Loss: 0.6502 Time: 74.556
#### prediction torch.Size([192, 4])
Epoch [10/11] Step [726/1241] Loss: 0.5934 Time: 74.759
#### prediction torch.Size([192, 4])
Epoch [10/11] Step [759/1241] Loss: 0.6831 Time: 74.962
#### prediction torch.Size([192, 4])
Epoch [10/11] Step [792/1241] Loss: 0.7004 Time: 75.164
#### prediction torch.Size([192, 4])
Epoch [10/11] Step [825/1241] Loss: 0.5731 Time: 75.367
#### prediction torch.Size([192, 4])
Epoch [10/11] Step [858/1241] Loss: 0.6629 Time: 75.57
#### prediction torch.Size([192, 4])
Epoch [10/11] Step [891/1241] Loss: 0.6538 Time: 75.773
#### prediction torch.Size([192, 4])
Epoch [10/11] Step [924/1241] Loss: 0.6886 Time: 75.976
#### prediction torch.Size([192, 4])
Epoch [10/11] Step [957/1241] Loss: 0.6386 Time: 76.179
#### prediction torch.Size([192, 4])
Epoch [10/11] Step [990/1241] Loss: 0.7441 Time: 76.382
#### prediction torch.Size([192, 4])
Epoch [10/11] Step [1023/1241] Loss: 0.6960 Time: 76.585
#### prediction torch.Size([192, 4])
Epoch [10/11] Step [1056/1241] Loss: 0.6050 Time: 76.787
#### prediction torch.Size([192, 4])
Epoch [10/11] Step [1089/1241] Loss: 0.6220 Time: 76.99
#### prediction torch.Size([192, 4])
Epoch [10/11] Step [1122/1241] Loss: 0.6213 Time: 77.193
#### prediction torch.Size([192, 4])
Epoch [10/11] Step [1155/1241] Loss: 0.6790 Time: 77.396
#### prediction torch.Size([192, 4])
Epoch [10/11] Step [1188/1241] Loss: 0.6336 Time: 77.599
#### prediction torch.Size([192, 4])
Epoch [10/11] Step [1221/1241] Loss: 0.6385 Time: 77.802
#### TRAINED MODEL PARA_CNN_LSTM model training time: 85.785 total training time: 248.876 ####
#### TRAINING TOTAL TIME: 244.475 ####
Accuracy of the SEQ_CNN_LSTM model on the test set: 71.78015 %
Accuracy of the SEQ_LSTM_CNN model on the test set: 73.698966 %
Accuracy of the PARA_CNN_LSTM model on the test set: 71.800295 %
#### TESTING TOTAL TIME: 3.464 ####
#### TIME #### TERMINO #### 3384.748 ####
#### FINITO #### TERMINO #### NO-VA-MAS ####
#### TIMES #### modelling TOTAL TOTAL ==>> 3384.748 seconds
#### #### READING DATA FILES #### ####
141 511 #### COMBI [reg, sid, ban, sec, men, med, sum, max, aci, npp, hfq] METRICS ####
('Plantation', '/home/vargas/repos/forests-sounds-vargas/out/data/extraction/Plantation/2_00_PSA0010-2010_dict_y_split_7_2512283_1736694580.pkl')
(297840, 11) Index(['reg', 'sid', 'ban', 'sec', 'men', 'med', 'sum', 'max', 'aci', 'npp',
       'hfq'],
      dtype='object') Index(['reg', 'sid', 'ban', 'sec', 'men', 'med', 'sum', 'max', 'aci', 'npp',
       'hfq'],
      dtype='object')
#### MERGE 68 merge_data Dataframe shape: (297840, 11) #### time: 276
#### #### SPLIT TRAIN TEST #### ####
#### CLASSES: [0 1 2 3] TOTAL 4
#### SPLIT train_test_split and CUDA: ??? cuda:0 #### time: 34
#### MODELS - TOTAL 3 ####
#### EPOCHS 11 ####
#### TRAINING MODELS ####
#### TRAINING MODEL SEQ_CNN_LSTM ####
#### prediction torch.Size([192, 4])
Epoch [10/11] Step [33/1241] Loss: 0.2651 Time: 61.658
#### prediction torch.Size([192, 4])
Epoch [10/11] Step [66/1241] Loss: 0.2863 Time: 61.837
#### prediction torch.Size([192, 4])
Epoch [10/11] Step [99/1241] Loss: 0.2865 Time: 62.016
#### prediction torch.Size([192, 4])
Epoch [10/11] Step [132/1241] Loss: 0.3977 Time: 62.195
#### prediction torch.Size([192, 4])
Epoch [10/11] Step [165/1241] Loss: 0.2215 Time: 62.556
#### prediction torch.Size([192, 4])
Epoch [10/11] Step [198/1241] Loss: 0.2816 Time: 62.743
#### prediction torch.Size([192, 4])
Epoch [10/11] Step [231/1241] Loss: 0.2264 Time: 62.923
#### prediction torch.Size([192, 4])
Epoch [10/11] Step [264/1241] Loss: 0.4471 Time: 63.102
#### prediction torch.Size([192, 4])
Epoch [10/11] Step [297/1241] Loss: 0.2482 Time: 63.281
#### prediction torch.Size([192, 4])
Epoch [10/11] Step [330/1241] Loss: 0.2278 Time: 63.461
#### prediction torch.Size([192, 4])
Epoch [10/11] Step [363/1241] Loss: 0.2742 Time: 63.64
#### prediction torch.Size([192, 4])
Epoch [10/11] Step [396/1241] Loss: 0.2075 Time: 63.819
#### prediction torch.Size([192, 4])
Epoch [10/11] Step [429/1241] Loss: 0.2500 Time: 63.998
#### prediction torch.Size([192, 4])
Epoch [10/11] Step [462/1241] Loss: 0.2137 Time: 64.177
#### prediction torch.Size([192, 4])
Epoch [10/11] Step [495/1241] Loss: 0.2994 Time: 64.357
#### prediction torch.Size([192, 4])
Epoch [10/11] Step [528/1241] Loss: 0.2600 Time: 64.536
#### prediction torch.Size([192, 4])
Epoch [10/11] Step [561/1241] Loss: 0.2504 Time: 64.715
#### prediction torch.Size([192, 4])
Epoch [10/11] Step [594/1241] Loss: 0.2323 Time: 64.894
#### prediction torch.Size([192, 4])
Epoch [10/11] Step [627/1241] Loss: 0.2345 Time: 65.074
#### prediction torch.Size([192, 4])
Epoch [10/11] Step [660/1241] Loss: 0.5132 Time: 65.253
#### prediction torch.Size([192, 4])
Epoch [10/11] Step [693/1241] Loss: 0.2560 Time: 65.432
#### prediction torch.Size([192, 4])
Epoch [10/11] Step [726/1241] Loss: 0.3180 Time: 65.611
#### prediction torch.Size([192, 4])
Epoch [10/11] Step [759/1241] Loss: 0.2228 Time: 65.79
#### prediction torch.Size([192, 4])
Epoch [10/11] Step [792/1241] Loss: 0.2643 Time: 65.969
#### prediction torch.Size([192, 4])
Epoch [10/11] Step [825/1241] Loss: 0.4554 Time: 66.148
#### prediction torch.Size([192, 4])
Epoch [10/11] Step [858/1241] Loss: 0.1988 Time: 66.327
#### prediction torch.Size([192, 4])
Epoch [10/11] Step [891/1241] Loss: 0.2056 Time: 66.506
#### prediction torch.Size([192, 4])
Epoch [10/11] Step [924/1241] Loss: 0.2830 Time: 66.685
#### prediction torch.Size([192, 4])
Epoch [10/11] Step [957/1241] Loss: 0.2491 Time: 66.864
#### prediction torch.Size([192, 4])
Epoch [10/11] Step [990/1241] Loss: 0.3021 Time: 67.043
#### prediction torch.Size([192, 4])
Epoch [10/11] Step [1023/1241] Loss: 0.3776 Time: 67.222
#### prediction torch.Size([192, 4])
Epoch [10/11] Step [1056/1241] Loss: 0.2525 Time: 67.401
#### prediction torch.Size([192, 4])
Epoch [10/11] Step [1089/1241] Loss: 0.2552 Time: 67.58
#### prediction torch.Size([192, 4])
Epoch [10/11] Step [1122/1241] Loss: 0.2887 Time: 67.759
#### prediction torch.Size([192, 4])
Epoch [10/11] Step [1155/1241] Loss: 0.2348 Time: 67.938
#### prediction torch.Size([192, 4])
Epoch [10/11] Step [1188/1241] Loss: 0.2898 Time: 68.117
#### prediction torch.Size([192, 4])
Epoch [10/11] Step [1221/1241] Loss: 0.1944 Time: 68.296
#### TRAINED MODEL SEQ_CNN_LSTM model training time: 75.332 total training time: 80.158 ####
#### TRAINING MODEL SEQ_LSTM_CNN ####
#### prediction torch.Size([192, 4])
Epoch [10/11] Step [33/1241] Loss: 0.3445 Time: 69.613
#### prediction torch.Size([192, 4])
Epoch [10/11] Step [66/1241] Loss: 0.2680 Time: 69.816
#### prediction torch.Size([192, 4])
Epoch [10/11] Step [99/1241] Loss: 0.2521 Time: 70.018
#### prediction torch.Size([192, 4])
Epoch [10/11] Step [132/1241] Loss: 0.3058 Time: 70.22
#### prediction torch.Size([192, 4])
Epoch [10/11] Step [165/1241] Loss: 0.2332 Time: 70.422
#### prediction torch.Size([192, 4])
Epoch [10/11] Step [198/1241] Loss: 0.2698 Time: 70.624
#### prediction torch.Size([192, 4])
Epoch [10/11] Step [231/1241] Loss: 0.1633 Time: 70.827
#### prediction torch.Size([192, 4])
Epoch [10/11] Step [264/1241] Loss: 0.1715 Time: 71.029
#### prediction torch.Size([192, 4])
Epoch [10/11] Step [297/1241] Loss: 0.3013 Time: 71.231
#### prediction torch.Size([192, 4])
Epoch [10/11] Step [330/1241] Loss: 0.3140 Time: 71.434
#### prediction torch.Size([192, 4])
Epoch [10/11] Step [363/1241] Loss: 0.2275 Time: 71.637
#### prediction torch.Size([192, 4])
Epoch [10/11] Step [396/1241] Loss: 0.2703 Time: 71.839
#### prediction torch.Size([192, 4])
Epoch [10/11] Step [429/1241] Loss: 0.2903 Time: 72.041
#### prediction torch.Size([192, 4])
Epoch [10/11] Step [462/1241] Loss: 0.2413 Time: 72.243
#### prediction torch.Size([192, 4])
Epoch [10/11] Step [495/1241] Loss: 0.2205 Time: 72.445
#### prediction torch.Size([192, 4])
Epoch [10/11] Step [528/1241] Loss: 0.2803 Time: 72.648
#### prediction torch.Size([192, 4])
Epoch [10/11] Step [561/1241] Loss: 0.2963 Time: 72.852
#### prediction torch.Size([192, 4])
Epoch [10/11] Step [594/1241] Loss: 0.4107 Time: 73.055
#### prediction torch.Size([192, 4])
Epoch [10/11] Step [627/1241] Loss: 0.3906 Time: 73.258
#### prediction torch.Size([192, 4])
Epoch [10/11] Step [660/1241] Loss: 0.3836 Time: 73.459
#### prediction torch.Size([192, 4])
Epoch [10/11] Step [693/1241] Loss: 0.3934 Time: 73.661
#### prediction torch.Size([192, 4])
Epoch [10/11] Step [726/1241] Loss: 0.2935 Time: 73.862
#### prediction torch.Size([192, 4])
Epoch [10/11] Step [759/1241] Loss: 0.3185 Time: 74.063
#### prediction torch.Size([192, 4])
Epoch [10/11] Step [792/1241] Loss: 0.2971 Time: 74.264
#### prediction torch.Size([192, 4])
Epoch [10/11] Step [825/1241] Loss: 0.2302 Time: 74.465
#### prediction torch.Size([192, 4])
Epoch [10/11] Step [858/1241] Loss: 0.3972 Time: 74.666
#### prediction torch.Size([192, 4])
Epoch [10/11] Step [891/1241] Loss: 0.3126 Time: 74.867
#### prediction torch.Size([192, 4])
Epoch [10/11] Step [924/1241] Loss: 0.3321 Time: 75.068
#### prediction torch.Size([192, 4])
Epoch [10/11] Step [957/1241] Loss: 0.2729 Time: 75.269
#### prediction torch.Size([192, 4])
Epoch [10/11] Step [990/1241] Loss: 0.3912 Time: 75.47
#### prediction torch.Size([192, 4])
Epoch [10/11] Step [1023/1241] Loss: 0.2191 Time: 75.671
#### prediction torch.Size([192, 4])
Epoch [10/11] Step [1056/1241] Loss: 0.2794 Time: 75.872
#### prediction torch.Size([192, 4])
Epoch [10/11] Step [1089/1241] Loss: 0.2122 Time: 76.073
#### prediction torch.Size([192, 4])
Epoch [10/11] Step [1122/1241] Loss: 0.2700 Time: 76.274
#### prediction torch.Size([192, 4])
Epoch [10/11] Step [1155/1241] Loss: 0.3434 Time: 76.475
#### prediction torch.Size([192, 4])
Epoch [10/11] Step [1188/1241] Loss: 0.2609 Time: 76.676
#### prediction torch.Size([192, 4])
Epoch [10/11] Step [1221/1241] Loss: 0.2695 Time: 76.877
#### TRAINED MODEL SEQ_LSTM_CNN model training time: 84.753 total training time: 164.912 ####
#### TRAINING MODEL PARA_CNN_LSTM ####
#### prediction torch.Size([192, 4])
Epoch [10/11] Step [33/1241] Loss: 0.2609 Time: 70.439
#### prediction torch.Size([192, 4])
Epoch [10/11] Step [66/1241] Loss: 0.2090 Time: 70.644
#### prediction torch.Size([192, 4])
Epoch [10/11] Step [99/1241] Loss: 0.2373 Time: 70.848
#### prediction torch.Size([192, 4])
Epoch [10/11] Step [132/1241] Loss: 0.2062 Time: 71.052
#### prediction torch.Size([192, 4])
Epoch [10/11] Step [165/1241] Loss: 0.2031 Time: 71.256
#### prediction torch.Size([192, 4])
Epoch [10/11] Step [198/1241] Loss: 0.2454 Time: 71.46
#### prediction torch.Size([192, 4])
Epoch [10/11] Step [231/1241] Loss: 0.3254 Time: 71.664
#### prediction torch.Size([192, 4])
Epoch [10/11] Step [264/1241] Loss: 0.2301 Time: 71.868
#### prediction torch.Size([192, 4])
Epoch [10/11] Step [297/1241] Loss: 0.2011 Time: 72.072
#### prediction torch.Size([192, 4])
Epoch [10/11] Step [330/1241] Loss: 0.2467 Time: 72.276
#### prediction torch.Size([192, 4])
Epoch [10/11] Step [363/1241] Loss: 0.2507 Time: 72.481
#### prediction torch.Size([192, 4])
Epoch [10/11] Step [396/1241] Loss: 0.2228 Time: 72.685
#### prediction torch.Size([192, 4])
Epoch [10/11] Step [429/1241] Loss: 0.2524 Time: 72.89
#### prediction torch.Size([192, 4])
Epoch [10/11] Step [462/1241] Loss: 0.2120 Time: 73.093
#### prediction torch.Size([192, 4])
Epoch [10/11] Step [495/1241] Loss: 0.4022 Time: 73.297
#### prediction torch.Size([192, 4])
Epoch [10/11] Step [528/1241] Loss: 0.2729 Time: 73.501
#### prediction torch.Size([192, 4])
Epoch [10/11] Step [561/1241] Loss: 0.1995 Time: 73.705
#### prediction torch.Size([192, 4])
Epoch [10/11] Step [594/1241] Loss: 0.2272 Time: 73.909
#### prediction torch.Size([192, 4])
Epoch [10/11] Step [627/1241] Loss: 0.2272 Time: 74.114
#### prediction torch.Size([192, 4])
Epoch [10/11] Step [660/1241] Loss: 0.2547 Time: 74.318
#### prediction torch.Size([192, 4])
Epoch [10/11] Step [693/1241] Loss: 0.2901 Time: 74.522
#### prediction torch.Size([192, 4])
Epoch [10/11] Step [726/1241] Loss: 0.2526 Time: 74.727
#### prediction torch.Size([192, 4])
Epoch [10/11] Step [759/1241] Loss: 0.3224 Time: 74.931
#### prediction torch.Size([192, 4])
Epoch [10/11] Step [792/1241] Loss: 0.3448 Time: 75.135
#### prediction torch.Size([192, 4])
Epoch [10/11] Step [825/1241] Loss: 0.2667 Time: 75.339
#### prediction torch.Size([192, 4])
Epoch [10/11] Step [858/1241] Loss: 0.2561 Time: 75.543
#### prediction torch.Size([192, 4])
Epoch [10/11] Step [891/1241] Loss: 0.2294 Time: 75.747
#### prediction torch.Size([192, 4])
Epoch [10/11] Step [924/1241] Loss: 0.2060 Time: 75.951
#### prediction torch.Size([192, 4])
Epoch [10/11] Step [957/1241] Loss: 0.2769 Time: 76.155
#### prediction torch.Size([192, 4])
Epoch [10/11] Step [990/1241] Loss: 0.3012 Time: 76.359
#### prediction torch.Size([192, 4])
Epoch [10/11] Step [1023/1241] Loss: 0.2694 Time: 76.564
#### prediction torch.Size([192, 4])
Epoch [10/11] Step [1056/1241] Loss: 0.3060 Time: 76.769
#### prediction torch.Size([192, 4])
Epoch [10/11] Step [1089/1241] Loss: 0.2727 Time: 77.133
#### prediction torch.Size([192, 4])
Epoch [10/11] Step [1122/1241] Loss: 0.2219 Time: 77.337
#### prediction torch.Size([192, 4])
Epoch [10/11] Step [1155/1241] Loss: 0.2511 Time: 77.542
#### prediction torch.Size([192, 4])
Epoch [10/11] Step [1188/1241] Loss: 0.2736 Time: 77.746
#### prediction torch.Size([192, 4])
Epoch [10/11] Step [1221/1241] Loss: 0.2265 Time: 77.95
#### TRAINED MODEL PARA_CNN_LSTM model training time: 85.849 total training time: 250.76 ####
#### TRAINING TOTAL TIME: 245.935 ####
Accuracy of the SEQ_CNN_LSTM model on the test set: 89.175396 %
Accuracy of the SEQ_LSTM_CNN model on the test set: 86.251007 %
Accuracy of the PARA_CNN_LSTM model on the test set: 81.233212 %
#### TESTING TOTAL TIME: 3.671 ####
#### TIME #### TERMINO #### 3698.062 ####
#### FINITO #### TERMINO #### NO-VA-MAS ####
#### TIMES #### modelling TOTAL TOTAL ==>> 3698.062 seconds
#### #### READING DATA FILES #### ####
142 511 #### COMBI [reg, sid, ban, sec, men, med, sum, max, aci, npp, htp] METRICS ####
('Plantation', '/home/vargas/repos/forests-sounds-vargas/out/data/extraction/Plantation/2_00_PSA0010-2010_dict_y_split_7_2512283_1736694580.pkl')
(297840, 11) Index(['reg', 'sid', 'ban', 'sec', 'men', 'med', 'sum', 'max', 'aci', 'npp',
       'htp'],
      dtype='object') Index(['reg', 'sid', 'ban', 'sec', 'men', 'med', 'sum', 'max', 'aci', 'npp',
       'htp'],
      dtype='object')
#### MERGE 68 merge_data Dataframe shape: (297840, 11) #### time: 277
#### #### SPLIT TRAIN TEST #### ####
#### CLASSES: [0 1 2 3] TOTAL 4
#### SPLIT train_test_split and CUDA: ??? cuda:0 #### time: 35
#### MODELS - TOTAL 3 ####
#### EPOCHS 11 ####
#### TRAINING MODELS ####
#### TRAINING MODEL SEQ_CNN_LSTM ####
#### prediction torch.Size([192, 4])
Epoch [10/11] Step [33/1241] Loss: 0.3341 Time: 61.487
#### prediction torch.Size([192, 4])
Epoch [10/11] Step [66/1241] Loss: 0.2723 Time: 61.665
#### prediction torch.Size([192, 4])
Epoch [10/11] Step [99/1241] Loss: 0.2600 Time: 61.845
#### prediction torch.Size([192, 4])
Epoch [10/11] Step [132/1241] Loss: 0.3499 Time: 62.023
#### prediction torch.Size([192, 4])
Epoch [10/11] Step [165/1241] Loss: 0.2233 Time: 62.201
#### prediction torch.Size([192, 4])
Epoch [10/11] Step [198/1241] Loss: 0.3525 Time: 62.379
#### prediction torch.Size([192, 4])
Epoch [10/11] Step [231/1241] Loss: 0.4132 Time: 62.558
#### prediction torch.Size([192, 4])
Epoch [10/11] Step [264/1241] Loss: 0.2426 Time: 62.736
#### prediction torch.Size([192, 4])
Epoch [10/11] Step [297/1241] Loss: 0.4162 Time: 62.914
#### prediction torch.Size([192, 4])
Epoch [10/11] Step [330/1241] Loss: 0.2162 Time: 63.093
#### prediction torch.Size([192, 4])
Epoch [10/11] Step [363/1241] Loss: 0.2375 Time: 63.272
#### prediction torch.Size([192, 4])
Epoch [10/11] Step [396/1241] Loss: 0.2450 Time: 63.45
#### prediction torch.Size([192, 4])
Epoch [10/11] Step [429/1241] Loss: 0.3687 Time: 63.628
#### prediction torch.Size([192, 4])
Epoch [10/11] Step [462/1241] Loss: 0.3215 Time: 63.806
#### prediction torch.Size([192, 4])
Epoch [10/11] Step [495/1241] Loss: 0.2262 Time: 63.985
#### prediction torch.Size([192, 4])
Epoch [10/11] Step [528/1241] Loss: 0.2530 Time: 64.163
#### prediction torch.Size([192, 4])
Epoch [10/11] Step [561/1241] Loss: 0.3035 Time: 64.341
#### prediction torch.Size([192, 4])
Epoch [10/11] Step [594/1241] Loss: 0.2378 Time: 64.519
#### prediction torch.Size([192, 4])
Epoch [10/11] Step [627/1241] Loss: 0.2174 Time: 64.697
#### prediction torch.Size([192, 4])
Epoch [10/11] Step [660/1241] Loss: 0.2341 Time: 64.875
#### prediction torch.Size([192, 4])
Epoch [10/11] Step [693/1241] Loss: 0.2421 Time: 65.053
#### prediction torch.Size([192, 4])
Epoch [10/11] Step [726/1241] Loss: 0.2162 Time: 65.232
#### prediction torch.Size([192, 4])
Epoch [10/11] Step [759/1241] Loss: 0.2581 Time: 65.41
#### prediction torch.Size([192, 4])
Epoch [10/11] Step [792/1241] Loss: 0.2166 Time: 65.589
#### prediction torch.Size([192, 4])
Epoch [10/11] Step [825/1241] Loss: 0.2944 Time: 65.767
#### prediction torch.Size([192, 4])
Epoch [10/11] Step [858/1241] Loss: 0.2754 Time: 65.945
#### prediction torch.Size([192, 4])
Epoch [10/11] Step [891/1241] Loss: 0.2666 Time: 66.123
#### prediction torch.Size([192, 4])
Epoch [10/11] Step [924/1241] Loss: 0.3624 Time: 66.301
#### prediction torch.Size([192, 4])
Epoch [10/11] Step [957/1241] Loss: 0.2818 Time: 66.479
#### prediction torch.Size([192, 4])
Epoch [10/11] Step [990/1241] Loss: 0.2697 Time: 66.657
#### prediction torch.Size([192, 4])
Epoch [10/11] Step [1023/1241] Loss: 0.2476 Time: 66.836
#### prediction torch.Size([192, 4])
Epoch [10/11] Step [1056/1241] Loss: 0.2042 Time: 67.014
#### prediction torch.Size([192, 4])
Epoch [10/11] Step [1089/1241] Loss: 0.2539 Time: 67.193
#### prediction torch.Size([192, 4])
Epoch [10/11] Step [1122/1241] Loss: 0.2588 Time: 67.371
#### prediction torch.Size([192, 4])
Epoch [10/11] Step [1155/1241] Loss: 0.2262 Time: 67.549
#### prediction torch.Size([192, 4])
Epoch [10/11] Step [1188/1241] Loss: 0.2141 Time: 67.727
#### prediction torch.Size([192, 4])
Epoch [10/11] Step [1221/1241] Loss: 0.3144 Time: 67.905
#### TRAINED MODEL SEQ_CNN_LSTM model training time: 74.913 total training time: 79.333 ####
#### TRAINING MODEL SEQ_LSTM_CNN ####
#### prediction torch.Size([192, 4])
Epoch [10/11] Step [33/1241] Loss: 0.2055 Time: 69.252
#### prediction torch.Size([192, 4])
Epoch [10/11] Step [66/1241] Loss: 0.2292 Time: 69.453
#### prediction torch.Size([192, 4])
Epoch [10/11] Step [99/1241] Loss: 0.2555 Time: 69.654
#### prediction torch.Size([192, 4])
Epoch [10/11] Step [132/1241] Loss: 0.3502 Time: 69.855
#### prediction torch.Size([192, 4])
Epoch [10/11] Step [165/1241] Loss: 0.3883 Time: 70.056
#### prediction torch.Size([192, 4])
Epoch [10/11] Step [198/1241] Loss: 0.3116 Time: 70.256
#### prediction torch.Size([192, 4])
Epoch [10/11] Step [231/1241] Loss: 0.2211 Time: 70.457
#### prediction torch.Size([192, 4])
Epoch [10/11] Step [264/1241] Loss: 0.3129 Time: 70.658
#### prediction torch.Size([192, 4])
Epoch [10/11] Step [297/1241] Loss: 0.3507 Time: 70.859
#### prediction torch.Size([192, 4])
Epoch [10/11] Step [330/1241] Loss: 0.2664 Time: 71.059
#### prediction torch.Size([192, 4])
Epoch [10/11] Step [363/1241] Loss: 0.3861 Time: 71.26
#### prediction torch.Size([192, 4])
Epoch [10/11] Step [396/1241] Loss: 0.3311 Time: 71.461
#### prediction torch.Size([192, 4])
Epoch [10/11] Step [429/1241] Loss: 0.3092 Time: 71.662
#### prediction torch.Size([192, 4])
Epoch [10/11] Step [462/1241] Loss: 0.2741 Time: 71.863
#### prediction torch.Size([192, 4])
Epoch [10/11] Step [495/1241] Loss: 0.2456 Time: 72.064
#### prediction torch.Size([192, 4])
Epoch [10/11] Step [528/1241] Loss: 0.2893 Time: 72.265
#### prediction torch.Size([192, 4])
Epoch [10/11] Step [561/1241] Loss: 0.2506 Time: 72.466
#### prediction torch.Size([192, 4])
Epoch [10/11] Step [594/1241] Loss: 0.2570 Time: 72.666
#### prediction torch.Size([192, 4])
Epoch [10/11] Step [627/1241] Loss: 0.2653 Time: 72.867
#### prediction torch.Size([192, 4])
Epoch [10/11] Step [660/1241] Loss: 0.3196 Time: 73.241
#### prediction torch.Size([192, 4])
Epoch [10/11] Step [693/1241] Loss: 0.5143 Time: 73.442
#### prediction torch.Size([192, 4])
Epoch [10/11] Step [726/1241] Loss: 0.2544 Time: 73.643
#### prediction torch.Size([192, 4])
Epoch [10/11] Step [759/1241] Loss: 0.2239 Time: 73.844
#### prediction torch.Size([192, 4])
Epoch [10/11] Step [792/1241] Loss: 0.2898 Time: 74.045
#### prediction torch.Size([192, 4])
Epoch [10/11] Step [825/1241] Loss: 0.2991 Time: 74.246
#### prediction torch.Size([192, 4])
Epoch [10/11] Step [858/1241] Loss: 0.2960 Time: 74.447
#### prediction torch.Size([192, 4])
Epoch [10/11] Step [891/1241] Loss: 0.3075 Time: 74.648
#### prediction torch.Size([192, 4])
Epoch [10/11] Step [924/1241] Loss: 0.3590 Time: 74.849
#### prediction torch.Size([192, 4])
Epoch [10/11] Step [957/1241] Loss: 0.2325 Time: 75.05
#### prediction torch.Size([192, 4])
Epoch [10/11] Step [990/1241] Loss: 0.2400 Time: 75.251
#### prediction torch.Size([192, 4])
Epoch [10/11] Step [1023/1241] Loss: 0.2793 Time: 75.452
#### prediction torch.Size([192, 4])
Epoch [10/11] Step [1056/1241] Loss: 0.3247 Time: 75.653
#### prediction torch.Size([192, 4])
Epoch [10/11] Step [1089/1241] Loss: 0.2127 Time: 75.854
#### prediction torch.Size([192, 4])
Epoch [10/11] Step [1122/1241] Loss: 0.2625 Time: 76.055
#### prediction torch.Size([192, 4])
Epoch [10/11] Step [1155/1241] Loss: 0.2855 Time: 76.257
#### prediction torch.Size([192, 4])
Epoch [10/11] Step [1188/1241] Loss: 0.3096 Time: 76.457
#### prediction torch.Size([192, 4])
Epoch [10/11] Step [1221/1241] Loss: 0.2586 Time: 76.659
#### TRAINED MODEL SEQ_LSTM_CNN model training time: 84.391 total training time: 163.724 ####
#### TRAINING MODEL PARA_CNN_LSTM ####
#### prediction torch.Size([192, 4])
Epoch [10/11] Step [33/1241] Loss: 0.2953 Time: 70.715
#### prediction torch.Size([192, 4])
Epoch [10/11] Step [66/1241] Loss: 0.3410 Time: 70.92
#### prediction torch.Size([192, 4])
Epoch [10/11] Step [99/1241] Loss: 0.2439 Time: 71.126
#### prediction torch.Size([192, 4])
Epoch [10/11] Step [132/1241] Loss: 0.2390 Time: 71.331
#### prediction torch.Size([192, 4])
Epoch [10/11] Step [165/1241] Loss: 0.2828 Time: 71.535
#### prediction torch.Size([192, 4])
Epoch [10/11] Step [198/1241] Loss: 0.2034 Time: 71.741
#### prediction torch.Size([192, 4])
Epoch [10/11] Step [231/1241] Loss: 0.2260 Time: 71.945
#### prediction torch.Size([192, 4])
Epoch [10/11] Step [264/1241] Loss: 0.3328 Time: 72.15
#### prediction torch.Size([192, 4])
Epoch [10/11] Step [297/1241] Loss: 0.2067 Time: 72.359
#### prediction torch.Size([192, 4])
Epoch [10/11] Step [330/1241] Loss: 0.3018 Time: 72.565
#### prediction torch.Size([192, 4])
Epoch [10/11] Step [363/1241] Loss: 0.2300 Time: 72.77
#### prediction torch.Size([192, 4])
Epoch [10/11] Step [396/1241] Loss: 0.2593 Time: 72.975
#### prediction torch.Size([192, 4])
Epoch [10/11] Step [429/1241] Loss: 0.2538 Time: 73.18
#### prediction torch.Size([192, 4])
Epoch [10/11] Step [462/1241] Loss: 0.2435 Time: 73.386
#### prediction torch.Size([192, 4])
Epoch [10/11] Step [495/1241] Loss: 0.2612 Time: 73.59
#### prediction torch.Size([192, 4])
Epoch [10/11] Step [528/1241] Loss: 0.3074 Time: 73.795
#### prediction torch.Size([192, 4])
Epoch [10/11] Step [561/1241] Loss: 0.2858 Time: 74.0
#### prediction torch.Size([192, 4])
Epoch [10/11] Step [594/1241] Loss: 0.2423 Time: 74.205
#### prediction torch.Size([192, 4])
Epoch [10/11] Step [627/1241] Loss: 0.2236 Time: 74.409
#### prediction torch.Size([192, 4])
Epoch [10/11] Step [660/1241] Loss: 0.2448 Time: 74.613
#### prediction torch.Size([192, 4])
Epoch [10/11] Step [693/1241] Loss: 0.2806 Time: 74.818
#### prediction torch.Size([192, 4])
Epoch [10/11] Step [726/1241] Loss: 0.1846 Time: 75.022
#### prediction torch.Size([192, 4])
Epoch [10/11] Step [759/1241] Loss: 0.2307 Time: 75.226
#### prediction torch.Size([192, 4])
Epoch [10/11] Step [792/1241] Loss: 0.2683 Time: 75.431
#### prediction torch.Size([192, 4])
Epoch [10/11] Step [825/1241] Loss: 0.2674 Time: 75.635
#### prediction torch.Size([192, 4])
Epoch [10/11] Step [858/1241] Loss: 0.2925 Time: 75.84
#### prediction torch.Size([192, 4])
Epoch [10/11] Step [891/1241] Loss: 0.3187 Time: 76.044
#### prediction torch.Size([192, 4])
Epoch [10/11] Step [924/1241] Loss: 0.3445 Time: 76.249
#### prediction torch.Size([192, 4])
Epoch [10/11] Step [957/1241] Loss: 0.2421 Time: 76.453
#### prediction torch.Size([192, 4])
Epoch [10/11] Step [990/1241] Loss: 0.2148 Time: 76.657
#### prediction torch.Size([192, 4])
Epoch [10/11] Step [1023/1241] Loss: 0.2482 Time: 76.862
#### prediction torch.Size([192, 4])
Epoch [10/11] Step [1056/1241] Loss: 0.2734 Time: 77.066
#### prediction torch.Size([192, 4])
Epoch [10/11] Step [1089/1241] Loss: 0.2582 Time: 77.27
#### prediction torch.Size([192, 4])
Epoch [10/11] Step [1122/1241] Loss: 0.2695 Time: 77.475
#### prediction torch.Size([192, 4])
Epoch [10/11] Step [1155/1241] Loss: 0.2208 Time: 77.679
#### prediction torch.Size([192, 4])
Epoch [10/11] Step [1188/1241] Loss: 0.2264 Time: 77.883
#### prediction torch.Size([192, 4])
Epoch [10/11] Step [1221/1241] Loss: 0.2760 Time: 78.088
#### TRAINED MODEL PARA_CNN_LSTM model training time: 86.096 total training time: 249.82 ####
#### TRAINING TOTAL TIME: 245.4 ####
Accuracy of the SEQ_CNN_LSTM model on the test set: 86.336624 %
Accuracy of the SEQ_LSTM_CNN model on the test set: 88.748993 %
Accuracy of the PARA_CNN_LSTM model on the test set: 88.248724 %
#### TESTING TOTAL TIME: 3.505 ####
#### TIME #### TERMINO #### 4009.134 ####
#### FINITO #### TERMINO #### NO-VA-MAS ####
#### TIMES #### modelling TOTAL TOTAL ==>> 4009.134 seconds
#### #### READING DATA FILES #### ####
143 511 #### COMBI [reg, sid, ban, sec, men, med, sum, max, aci, npp, hhh] METRICS ####
('Plantation', '/home/vargas/repos/forests-sounds-vargas/out/data/extraction/Plantation/2_00_PSA0010-2010_dict_y_split_7_2512283_1736694580.pkl')
(297840, 11) Index(['reg', 'sid', 'ban', 'sec', 'men', 'med', 'sum', 'max', 'aci', 'npp',
       'hhh'],
      dtype='object') Index(['reg', 'sid', 'ban', 'sec', 'men', 'med', 'sum', 'max', 'aci', 'npp',
       'hhh'],
      dtype='object')
#### MERGE 68 merge_data Dataframe shape: (297840, 11) #### time: 270
#### #### SPLIT TRAIN TEST #### ####
#### CLASSES: [0 1 2 3] TOTAL 4
#### SPLIT train_test_split and CUDA: ??? cuda:0 #### time: 35
#### MODELS - TOTAL 3 ####
#### EPOCHS 11 ####
#### TRAINING MODELS ####
#### TRAINING MODEL SEQ_CNN_LSTM ####
#### prediction torch.Size([192, 4])
Epoch [10/11] Step [33/1241] Loss: 0.2242 Time: 61.426
#### prediction torch.Size([192, 4])
Epoch [10/11] Step [66/1241] Loss: 0.3295 Time: 61.603
#### prediction torch.Size([192, 4])
Epoch [10/11] Step [99/1241] Loss: 0.2065 Time: 61.78
#### prediction torch.Size([192, 4])
Epoch [10/11] Step [132/1241] Loss: 0.2534 Time: 61.958
#### prediction torch.Size([192, 4])
Epoch [10/11] Step [165/1241] Loss: 0.2308 Time: 62.135
#### prediction torch.Size([192, 4])
Epoch [10/11] Step [198/1241] Loss: 0.2516 Time: 62.313
#### prediction torch.Size([192, 4])
Epoch [10/11] Step [231/1241] Loss: 0.2083 Time: 62.657
#### prediction torch.Size([192, 4])
Epoch [10/11] Step [264/1241] Loss: 0.2390 Time: 62.835
#### prediction torch.Size([192, 4])
Epoch [10/11] Step [297/1241] Loss: 0.2855 Time: 63.014
#### prediction torch.Size([192, 4])
Epoch [10/11] Step [330/1241] Loss: 0.2132 Time: 63.192
#### prediction torch.Size([192, 4])
Epoch [10/11] Step [363/1241] Loss: 0.3065 Time: 63.37
#### prediction torch.Size([192, 4])
Epoch [10/11] Step [396/1241] Loss: 0.2306 Time: 63.548
#### prediction torch.Size([192, 4])
Epoch [10/11] Step [429/1241] Loss: 0.1575 Time: 63.727
#### prediction torch.Size([192, 4])
Epoch [10/11] Step [462/1241] Loss: 0.2753 Time: 63.905
#### prediction torch.Size([192, 4])
Epoch [10/11] Step [495/1241] Loss: 0.3426 Time: 64.083
#### prediction torch.Size([192, 4])
Epoch [10/11] Step [528/1241] Loss: 0.3115 Time: 64.261
#### prediction torch.Size([192, 4])
Epoch [10/11] Step [561/1241] Loss: 0.2468 Time: 64.44
#### prediction torch.Size([192, 4])
Epoch [10/11] Step [594/1241] Loss: 0.2512 Time: 64.618
#### prediction torch.Size([192, 4])
Epoch [10/11] Step [627/1241] Loss: 0.2687 Time: 64.796
#### prediction torch.Size([192, 4])
Epoch [10/11] Step [660/1241] Loss: 0.2372 Time: 64.974
#### prediction torch.Size([192, 4])
Epoch [10/11] Step [693/1241] Loss: 0.2820 Time: 65.152
#### prediction torch.Size([192, 4])
Epoch [10/11] Step [726/1241] Loss: 0.2382 Time: 65.33
#### prediction torch.Size([192, 4])
Epoch [10/11] Step [759/1241] Loss: 0.2927 Time: 65.508
#### prediction torch.Size([192, 4])
Epoch [10/11] Step [792/1241] Loss: 0.2268 Time: 65.686
#### prediction torch.Size([192, 4])
Epoch [10/11] Step [825/1241] Loss: 0.2283 Time: 65.864
#### prediction torch.Size([192, 4])
Epoch [10/11] Step [858/1241] Loss: 0.2046 Time: 66.042
#### prediction torch.Size([192, 4])
Epoch [10/11] Step [891/1241] Loss: 0.2642 Time: 66.221
#### prediction torch.Size([192, 4])
Epoch [10/11] Step [924/1241] Loss: 0.2602 Time: 66.399
#### prediction torch.Size([192, 4])
Epoch [10/11] Step [957/1241] Loss: 0.1635 Time: 66.577
#### prediction torch.Size([192, 4])
Epoch [10/11] Step [990/1241] Loss: 0.2837 Time: 66.755
#### prediction torch.Size([192, 4])
Epoch [10/11] Step [1023/1241] Loss: 0.1998 Time: 66.934
#### prediction torch.Size([192, 4])
Epoch [10/11] Step [1056/1241] Loss: 0.2475 Time: 67.112
#### prediction torch.Size([192, 4])
Epoch [10/11] Step [1089/1241] Loss: 0.2467 Time: 67.29
#### prediction torch.Size([192, 4])
Epoch [10/11] Step [1122/1241] Loss: 0.2166 Time: 67.468
#### prediction torch.Size([192, 4])
Epoch [10/11] Step [1155/1241] Loss: 0.2754 Time: 67.646
#### prediction torch.Size([192, 4])
Epoch [10/11] Step [1188/1241] Loss: 0.2213 Time: 67.825
#### prediction torch.Size([192, 4])
Epoch [10/11] Step [1221/1241] Loss: 0.2092 Time: 68.003
#### TRAINED MODEL SEQ_CNN_LSTM model training time: 75.008 total training time: 78.741 ####
#### TRAINING MODEL SEQ_LSTM_CNN ####
#### prediction torch.Size([192, 4])
Epoch [10/11] Step [33/1241] Loss: 0.3100 Time: 69.558
#### prediction torch.Size([192, 4])
Epoch [10/11] Step [66/1241] Loss: 0.4316 Time: 69.76
#### prediction torch.Size([192, 4])
Epoch [10/11] Step [99/1241] Loss: 0.2736 Time: 69.961
#### prediction torch.Size([192, 4])
Epoch [10/11] Step [132/1241] Loss: 0.3027 Time: 70.163
#### prediction torch.Size([192, 4])
Epoch [10/11] Step [165/1241] Loss: 0.2564 Time: 70.364
#### prediction torch.Size([192, 4])
Epoch [10/11] Step [198/1241] Loss: 0.2276 Time: 70.566
#### prediction torch.Size([192, 4])
Epoch [10/11] Step [231/1241] Loss: 0.2450 Time: 70.767
#### prediction torch.Size([192, 4])
Epoch [10/11] Step [264/1241] Loss: 0.2833 Time: 70.969
#### prediction torch.Size([192, 4])
Epoch [10/11] Step [297/1241] Loss: 0.2612 Time: 71.171
#### prediction torch.Size([192, 4])
Epoch [10/11] Step [330/1241] Loss: 0.2931 Time: 71.372
#### prediction torch.Size([192, 4])
Epoch [10/11] Step [363/1241] Loss: 0.3316 Time: 71.574
#### prediction torch.Size([192, 4])
Epoch [10/11] Step [396/1241] Loss: 0.3214 Time: 71.776
#### prediction torch.Size([192, 4])
Epoch [10/11] Step [429/1241] Loss: 0.2847 Time: 71.977
#### prediction torch.Size([192, 4])
Epoch [10/11] Step [462/1241] Loss: 0.3569 Time: 72.179
#### prediction torch.Size([192, 4])
Epoch [10/11] Step [495/1241] Loss: 0.2812 Time: 72.38
#### prediction torch.Size([192, 4])
Epoch [10/11] Step [528/1241] Loss: 0.1971 Time: 72.582
#### prediction torch.Size([192, 4])
Epoch [10/11] Step [561/1241] Loss: 0.3468 Time: 72.783
#### prediction torch.Size([192, 4])
Epoch [10/11] Step [594/1241] Loss: 0.3466 Time: 72.985
#### prediction torch.Size([192, 4])
Epoch [10/11] Step [627/1241] Loss: 0.3386 Time: 73.187
#### prediction torch.Size([192, 4])
Epoch [10/11] Step [660/1241] Loss: 0.2452 Time: 73.388
#### prediction torch.Size([192, 4])
Epoch [10/11] Step [693/1241] Loss: 0.2715 Time: 73.59
#### prediction torch.Size([192, 4])
Epoch [10/11] Step [726/1241] Loss: 0.4510 Time: 73.791
#### prediction torch.Size([192, 4])
Epoch [10/11] Step [759/1241] Loss: 0.3353 Time: 73.993
#### prediction torch.Size([192, 4])
Epoch [10/11] Step [792/1241] Loss: 0.2851 Time: 74.194
#### prediction torch.Size([192, 4])
Epoch [10/11] Step [825/1241] Loss: 0.3842 Time: 74.396
#### prediction torch.Size([192, 4])
Epoch [10/11] Step [858/1241] Loss: 0.3244 Time: 74.597
#### prediction torch.Size([192, 4])
Epoch [10/11] Step [891/1241] Loss: 0.4619 Time: 74.799
#### prediction torch.Size([192, 4])
Epoch [10/11] Step [924/1241] Loss: 0.2876 Time: 75.0
#### prediction torch.Size([192, 4])
Epoch [10/11] Step [957/1241] Loss: 0.2551 Time: 75.202
#### prediction torch.Size([192, 4])
Epoch [10/11] Step [990/1241] Loss: 0.3182 Time: 75.406
#### prediction torch.Size([192, 4])
Epoch [10/11] Step [1023/1241] Loss: 0.2725 Time: 75.624
#### prediction torch.Size([192, 4])
Epoch [10/11] Step [1056/1241] Loss: 0.3081 Time: 75.827
#### prediction torch.Size([192, 4])
Epoch [10/11] Step [1089/1241] Loss: 0.3494 Time: 76.029
#### prediction torch.Size([192, 4])
Epoch [10/11] Step [1122/1241] Loss: 0.2951 Time: 76.231
#### prediction torch.Size([192, 4])
Epoch [10/11] Step [1155/1241] Loss: 0.2331 Time: 76.432
#### prediction torch.Size([192, 4])
Epoch [10/11] Step [1188/1241] Loss: 0.2925 Time: 76.634
#### prediction torch.Size([192, 4])
Epoch [10/11] Step [1221/1241] Loss: 0.5135 Time: 76.835
#### TRAINED MODEL SEQ_LSTM_CNN model training time: 84.734 total training time: 163.475 ####
#### TRAINING MODEL PARA_CNN_LSTM ####
#### prediction torch.Size([192, 4])
Epoch [10/11] Step [33/1241] Loss: 0.1812 Time: 70.403
#### prediction torch.Size([192, 4])
Epoch [10/11] Step [66/1241] Loss: 0.2844 Time: 70.608
#### prediction torch.Size([192, 4])
Epoch [10/11] Step [99/1241] Loss: 0.2133 Time: 70.812
#### prediction torch.Size([192, 4])
Epoch [10/11] Step [132/1241] Loss: 0.2386 Time: 71.016
#### prediction torch.Size([192, 4])
Epoch [10/11] Step [165/1241] Loss: 0.2501 Time: 71.22
#### prediction torch.Size([192, 4])
Epoch [10/11] Step [198/1241] Loss: 0.2262 Time: 71.425
#### prediction torch.Size([192, 4])
Epoch [10/11] Step [231/1241] Loss: 0.2836 Time: 71.629
#### prediction torch.Size([192, 4])
Epoch [10/11] Step [264/1241] Loss: 0.2695 Time: 71.833
#### prediction torch.Size([192, 4])
Epoch [10/11] Step [297/1241] Loss: 0.3249 Time: 72.038
#### prediction torch.Size([192, 4])
Epoch [10/11] Step [330/1241] Loss: 0.2385 Time: 72.242
#### prediction torch.Size([192, 4])
Epoch [10/11] Step [363/1241] Loss: 0.2587 Time: 72.447
#### prediction torch.Size([192, 4])
Epoch [10/11] Step [396/1241] Loss: 0.2783 Time: 72.651
#### prediction torch.Size([192, 4])
Epoch [10/11] Step [429/1241] Loss: 0.2357 Time: 72.855
#### prediction torch.Size([192, 4])
Epoch [10/11] Step [462/1241] Loss: 0.1737 Time: 73.059
#### prediction torch.Size([192, 4])
Epoch [10/11] Step [495/1241] Loss: 0.2122 Time: 73.263
#### prediction torch.Size([192, 4])
Epoch [10/11] Step [528/1241] Loss: 0.2569 Time: 73.468
#### prediction torch.Size([192, 4])
Epoch [10/11] Step [561/1241] Loss: 0.3208 Time: 73.672
#### prediction torch.Size([192, 4])
Epoch [10/11] Step [594/1241] Loss: 0.2525 Time: 73.876
#### prediction torch.Size([192, 4])
Epoch [10/11] Step [627/1241] Loss: 0.2167 Time: 74.08
#### prediction torch.Size([192, 4])
Epoch [10/11] Step [660/1241] Loss: 0.2231 Time: 74.285
#### prediction torch.Size([192, 4])
Epoch [10/11] Step [693/1241] Loss: 0.2626 Time: 74.489
#### prediction torch.Size([192, 4])
Epoch [10/11] Step [726/1241] Loss: 0.2533 Time: 74.693
#### prediction torch.Size([192, 4])
Epoch [10/11] Step [759/1241] Loss: 0.2595 Time: 74.898
#### prediction torch.Size([192, 4])
Epoch [10/11] Step [792/1241] Loss: 0.2028 Time: 75.102
#### prediction torch.Size([192, 4])
Epoch [10/11] Step [825/1241] Loss: 0.2268 Time: 75.306
#### prediction torch.Size([192, 4])
Epoch [10/11] Step [858/1241] Loss: 0.2317 Time: 75.51
#### prediction torch.Size([192, 4])
Epoch [10/11] Step [891/1241] Loss: 0.1956 Time: 75.714
#### prediction torch.Size([192, 4])
Epoch [10/11] Step [924/1241] Loss: 0.2647 Time: 75.919
#### prediction torch.Size([192, 4])
Epoch [10/11] Step [957/1241] Loss: 0.2808 Time: 76.123
#### prediction torch.Size([192, 4])
Epoch [10/11] Step [990/1241] Loss: 0.2115 Time: 76.327
#### prediction torch.Size([192, 4])
Epoch [10/11] Step [1023/1241] Loss: 0.2160 Time: 76.531
#### prediction torch.Size([192, 4])
Epoch [10/11] Step [1056/1241] Loss: 0.2677 Time: 76.735
#### prediction torch.Size([192, 4])
Epoch [10/11] Step [1089/1241] Loss: 0.3134 Time: 76.94
#### prediction torch.Size([192, 4])
Epoch [10/11] Step [1122/1241] Loss: 0.2616 Time: 77.305
#### prediction torch.Size([192, 4])
Epoch [10/11] Step [1155/1241] Loss: 0.2557 Time: 77.51
#### prediction torch.Size([192, 4])
Epoch [10/11] Step [1188/1241] Loss: 0.2351 Time: 77.714
#### prediction torch.Size([192, 4])
Epoch [10/11] Step [1221/1241] Loss: 0.1736 Time: 77.918
#### TRAINED MODEL PARA_CNN_LSTM model training time: 85.76 total training time: 249.235 ####
#### TRAINING TOTAL TIME: 245.503 ####
Accuracy of the SEQ_CNN_LSTM model on the test set: 90.041633 %
Accuracy of the SEQ_LSTM_CNN model on the test set: 83.215821 %
Accuracy of the PARA_CNN_LSTM model on the test set: 88.723811 %
#### TESTING TOTAL TIME: 3.657 ####
#### TIME #### TERMINO #### 4314.191 ####
#### FINITO #### TERMINO #### NO-VA-MAS ####
#### TIMES #### modelling TOTAL TOTAL ==>> 4314.191 seconds
#### #### READING DATA FILES #### ####
144 511 #### COMBI [reg, sid, ban, sec, men, med, sum, max, aci, npp, aei] METRICS ####
('Plantation', '/home/vargas/repos/forests-sounds-vargas/out/data/extraction/Plantation/2_00_PSA0010-2010_dict_y_split_7_2512283_1736694580.pkl')
(297840, 11) Index(['reg', 'sid', 'ban', 'sec', 'men', 'med', 'sum', 'max', 'aci', 'npp',
       'aei'],
      dtype='object') Index(['reg', 'sid', 'ban', 'sec', 'men', 'med', 'sum', 'max', 'aci', 'npp',
       'aei'],
      dtype='object')
#### MERGE 68 merge_data Dataframe shape: (297840, 11) #### time: 267
#### #### SPLIT TRAIN TEST #### ####
#### CLASSES: [0 1 2 3] TOTAL 4
#### SPLIT train_test_split and CUDA: ??? cuda:0 #### time: 34
#### MODELS - TOTAL 3 ####
#### EPOCHS 11 ####
#### TRAINING MODELS ####
#### TRAINING MODEL SEQ_CNN_LSTM ####
#### prediction torch.Size([192, 4])
Epoch [10/11] Step [33/1241] Loss: 0.4623 Time: 61.257
#### prediction torch.Size([192, 4])
Epoch [10/11] Step [66/1241] Loss: 0.2980 Time: 61.435
#### prediction torch.Size([192, 4])
Epoch [10/11] Step [99/1241] Loss: 0.2632 Time: 61.612
#### prediction torch.Size([192, 4])
Epoch [10/11] Step [132/1241] Loss: 0.2058 Time: 61.789
#### prediction torch.Size([192, 4])
Epoch [10/11] Step [165/1241] Loss: 0.2248 Time: 61.966
#### prediction torch.Size([192, 4])
Epoch [10/11] Step [198/1241] Loss: 0.2094 Time: 62.144
#### prediction torch.Size([192, 4])
Epoch [10/11] Step [231/1241] Loss: 0.2974 Time: 62.321
#### prediction torch.Size([192, 4])
Epoch [10/11] Step [264/1241] Loss: 0.2455 Time: 62.498
#### prediction torch.Size([192, 4])
Epoch [10/11] Step [297/1241] Loss: 0.3241 Time: 62.675
#### prediction torch.Size([192, 4])
Epoch [10/11] Step [330/1241] Loss: 0.2536 Time: 62.852
#### prediction torch.Size([192, 4])
Epoch [10/11] Step [363/1241] Loss: 0.2183 Time: 63.03
#### prediction torch.Size([192, 4])
Epoch [10/11] Step [396/1241] Loss: 0.1920 Time: 63.207
#### prediction torch.Size([192, 4])
Epoch [10/11] Step [429/1241] Loss: 0.2577 Time: 63.384
#### prediction torch.Size([192, 4])
Epoch [10/11] Step [462/1241] Loss: 0.2223 Time: 63.562
#### prediction torch.Size([192, 4])
Epoch [10/11] Step [495/1241] Loss: 0.3858 Time: 63.739
#### prediction torch.Size([192, 4])
Epoch [10/11] Step [528/1241] Loss: 0.3100 Time: 63.916
#### prediction torch.Size([192, 4])
Epoch [10/11] Step [561/1241] Loss: 0.2149 Time: 64.094
#### prediction torch.Size([192, 4])
Epoch [10/11] Step [594/1241] Loss: 0.2125 Time: 64.271
#### prediction torch.Size([192, 4])
Epoch [10/11] Step [627/1241] Loss: 0.3023 Time: 64.448
#### prediction torch.Size([192, 4])
Epoch [10/11] Step [660/1241] Loss: 0.2426 Time: 64.625
#### prediction torch.Size([192, 4])
Epoch [10/11] Step [693/1241] Loss: 0.2225 Time: 64.803
#### prediction torch.Size([192, 4])
Epoch [10/11] Step [726/1241] Loss: 0.3146 Time: 64.98
#### prediction torch.Size([192, 4])
Epoch [10/11] Step [759/1241] Loss: 0.3556 Time: 65.157
#### prediction torch.Size([192, 4])
Epoch [10/11] Step [792/1241] Loss: 0.2858 Time: 65.334
#### prediction torch.Size([192, 4])
Epoch [10/11] Step [825/1241] Loss: 0.2264 Time: 65.512
#### prediction torch.Size([192, 4])
Epoch [10/11] Step [858/1241] Loss: 0.2649 Time: 65.69
#### prediction torch.Size([192, 4])
Epoch [10/11] Step [891/1241] Loss: 0.2891 Time: 65.867
#### prediction torch.Size([192, 4])
Epoch [10/11] Step [924/1241] Loss: 0.3487 Time: 66.044
#### prediction torch.Size([192, 4])
Epoch [10/11] Step [957/1241] Loss: 0.2518 Time: 66.221
#### prediction torch.Size([192, 4])
Epoch [10/11] Step [990/1241] Loss: 0.2858 Time: 66.398
#### prediction torch.Size([192, 4])
Epoch [10/11] Step [1023/1241] Loss: 0.3375 Time: 66.576
#### prediction torch.Size([192, 4])
Epoch [10/11] Step [1056/1241] Loss: 0.2629 Time: 66.753
#### prediction torch.Size([192, 4])
Epoch [10/11] Step [1089/1241] Loss: 0.2102 Time: 66.93
#### prediction torch.Size([192, 4])
Epoch [10/11] Step [1122/1241] Loss: 0.3200 Time: 67.107
#### prediction torch.Size([192, 4])
Epoch [10/11] Step [1155/1241] Loss: 0.3186 Time: 67.284
#### prediction torch.Size([192, 4])
Epoch [10/11] Step [1188/1241] Loss: 0.2826 Time: 67.462
#### prediction torch.Size([192, 4])
Epoch [10/11] Step [1221/1241] Loss: 0.2814 Time: 67.639
#### TRAINED MODEL SEQ_CNN_LSTM model training time: 74.6 total training time: 77.744 ####
#### TRAINING MODEL SEQ_LSTM_CNN ####
#### prediction torch.Size([192, 4])
Epoch [10/11] Step [33/1241] Loss: 0.2460 Time: 69.003
#### prediction torch.Size([192, 4])
Epoch [10/11] Step [66/1241] Loss: 0.3205 Time: 69.203
#### prediction torch.Size([192, 4])
Epoch [10/11] Step [99/1241] Loss: 0.2635 Time: 69.404
#### prediction torch.Size([192, 4])
Epoch [10/11] Step [132/1241] Loss: 0.2823 Time: 69.604
#### prediction torch.Size([192, 4])
Epoch [10/11] Step [165/1241] Loss: 0.3702 Time: 69.804
#### prediction torch.Size([192, 4])
Epoch [10/11] Step [198/1241] Loss: 0.2255 Time: 70.004
#### prediction torch.Size([192, 4])
Epoch [10/11] Step [231/1241] Loss: 0.3156 Time: 70.204
#### prediction torch.Size([192, 4])
Epoch [10/11] Step [264/1241] Loss: 0.3474 Time: 70.404
#### prediction torch.Size([192, 4])
Epoch [10/11] Step [297/1241] Loss: 0.2975 Time: 70.604
#### prediction torch.Size([192, 4])
Epoch [10/11] Step [330/1241] Loss: 0.2863 Time: 70.805
#### prediction torch.Size([192, 4])
Epoch [10/11] Step [363/1241] Loss: 0.2901 Time: 71.005
#### prediction torch.Size([192, 4])
Epoch [10/11] Step [396/1241] Loss: 0.2404 Time: 71.205
#### prediction torch.Size([192, 4])
Epoch [10/11] Step [429/1241] Loss: 0.3187 Time: 71.405
#### prediction torch.Size([192, 4])
Epoch [10/11] Step [462/1241] Loss: 0.2516 Time: 71.606
#### prediction torch.Size([192, 4])
Epoch [10/11] Step [495/1241] Loss: 0.3125 Time: 71.806
#### prediction torch.Size([192, 4])
Epoch [10/11] Step [528/1241] Loss: 0.2302 Time: 72.006
#### prediction torch.Size([192, 4])
Epoch [10/11] Step [561/1241] Loss: 0.2848 Time: 72.206
#### prediction torch.Size([192, 4])
Epoch [10/11] Step [594/1241] Loss: 0.2680 Time: 72.408
#### prediction torch.Size([192, 4])
Epoch [10/11] Step [627/1241] Loss: 0.3236 Time: 72.608
#### prediction torch.Size([192, 4])
Epoch [10/11] Step [660/1241] Loss: 0.2770 Time: 72.808
#### prediction torch.Size([192, 4])
Epoch [10/11] Step [693/1241] Loss: 0.2631 Time: 73.178
#### prediction torch.Size([192, 4])
Epoch [10/11] Step [726/1241] Loss: 0.2505 Time: 73.378
#### prediction torch.Size([192, 4])
Epoch [10/11] Step [759/1241] Loss: 0.2012 Time: 73.579
#### prediction torch.Size([192, 4])
Epoch [10/11] Step [792/1241] Loss: 0.2886 Time: 73.779
#### prediction torch.Size([192, 4])
Epoch [10/11] Step [825/1241] Loss: 0.2457 Time: 73.979
#### prediction torch.Size([192, 4])
Epoch [10/11] Step [858/1241] Loss: 0.3923 Time: 74.179
#### prediction torch.Size([192, 4])
Epoch [10/11] Step [891/1241] Loss: 0.2897 Time: 74.38
#### prediction torch.Size([192, 4])
Epoch [10/11] Step [924/1241] Loss: 0.3332 Time: 74.58
#### prediction torch.Size([192, 4])
Epoch [10/11] Step [957/1241] Loss: 0.2908 Time: 74.781
#### prediction torch.Size([192, 4])
Epoch [10/11] Step [990/1241] Loss: 0.3048 Time: 74.981
#### prediction torch.Size([192, 4])
Epoch [10/11] Step [1023/1241] Loss: 0.3824 Time: 75.182
#### prediction torch.Size([192, 4])
Epoch [10/11] Step [1056/1241] Loss: 0.3237 Time: 75.382
#### prediction torch.Size([192, 4])
Epoch [10/11] Step [1089/1241] Loss: 0.3383 Time: 75.585
#### prediction torch.Size([192, 4])
Epoch [10/11] Step [1122/1241] Loss: 0.2425 Time: 75.8
#### prediction torch.Size([192, 4])
Epoch [10/11] Step [1155/1241] Loss: 0.2910 Time: 76.0
#### prediction torch.Size([192, 4])
Epoch [10/11] Step [1188/1241] Loss: 0.3633 Time: 76.2
#### prediction torch.Size([192, 4])
Epoch [10/11] Step [1221/1241] Loss: 0.3259 Time: 76.4
#### TRAINED MODEL SEQ_LSTM_CNN model training time: 84.085 total training time: 161.828 ####
#### TRAINING MODEL PARA_CNN_LSTM ####
#### prediction torch.Size([192, 4])
Epoch [10/11] Step [33/1241] Loss: 0.2530 Time: 70.33
#### prediction torch.Size([192, 4])
Epoch [10/11] Step [66/1241] Loss: 0.2636 Time: 70.695
#### prediction torch.Size([192, 4])
Epoch [10/11] Step [99/1241] Loss: 0.2292 Time: 70.899
#### prediction torch.Size([192, 4])
Epoch [10/11] Step [132/1241] Loss: 0.2427 Time: 71.103
#### prediction torch.Size([192, 4])
Epoch [10/11] Step [165/1241] Loss: 0.2588 Time: 71.307
#### prediction torch.Size([192, 4])
Epoch [10/11] Step [198/1241] Loss: 0.2047 Time: 71.511
#### prediction torch.Size([192, 4])
Epoch [10/11] Step [231/1241] Loss: 0.3075 Time: 71.715
#### prediction torch.Size([192, 4])
Epoch [10/11] Step [264/1241] Loss: 0.2092 Time: 71.918
#### prediction torch.Size([192, 4])
Epoch [10/11] Step [297/1241] Loss: 0.2449 Time: 72.122
#### prediction torch.Size([192, 4])
Epoch [10/11] Step [330/1241] Loss: 0.3198 Time: 72.326
#### prediction torch.Size([192, 4])
Epoch [10/11] Step [363/1241] Loss: 0.2766 Time: 72.529
#### prediction torch.Size([192, 4])
Epoch [10/11] Step [396/1241] Loss: 0.2905 Time: 72.733
#### prediction torch.Size([192, 4])
Epoch [10/11] Step [429/1241] Loss: 0.2351 Time: 72.937
#### prediction torch.Size([192, 4])
Epoch [10/11] Step [462/1241] Loss: 0.1750 Time: 73.14
#### prediction torch.Size([192, 4])
Epoch [10/11] Step [495/1241] Loss: 0.2653 Time: 73.344
#### prediction torch.Size([192, 4])
Epoch [10/11] Step [528/1241] Loss: 0.2731 Time: 73.548
#### prediction torch.Size([192, 4])
Epoch [10/11] Step [561/1241] Loss: 0.2972 Time: 73.751
#### prediction torch.Size([192, 4])
Epoch [10/11] Step [594/1241] Loss: 0.2696 Time: 73.955
#### prediction torch.Size([192, 4])
Epoch [10/11] Step [627/1241] Loss: 0.2195 Time: 74.159
#### prediction torch.Size([192, 4])
Epoch [10/11] Step [660/1241] Loss: 0.1996 Time: 74.363
#### prediction torch.Size([192, 4])
Epoch [10/11] Step [693/1241] Loss: 0.1947 Time: 74.566
#### prediction torch.Size([192, 4])
Epoch [10/11] Step [726/1241] Loss: 0.2908 Time: 74.77
#### prediction torch.Size([192, 4])
Epoch [10/11] Step [759/1241] Loss: 0.2842 Time: 74.974
#### prediction torch.Size([192, 4])
Epoch [10/11] Step [792/1241] Loss: 0.2521 Time: 75.178
#### prediction torch.Size([192, 4])
Epoch [10/11] Step [825/1241] Loss: 0.3234 Time: 75.381
#### prediction torch.Size([192, 4])
Epoch [10/11] Step [858/1241] Loss: 0.2333 Time: 75.585
#### prediction torch.Size([192, 4])
Epoch [10/11] Step [891/1241] Loss: 0.2040 Time: 75.788
#### prediction torch.Size([192, 4])
Epoch [10/11] Step [924/1241] Loss: 0.2746 Time: 75.992
#### prediction torch.Size([192, 4])
Epoch [10/11] Step [957/1241] Loss: 0.2318 Time: 76.196
#### prediction torch.Size([192, 4])
Epoch [10/11] Step [990/1241] Loss: 0.2012 Time: 76.399
#### prediction torch.Size([192, 4])
Epoch [10/11] Step [1023/1241] Loss: 0.2568 Time: 76.603
#### prediction torch.Size([192, 4])
Epoch [10/11] Step [1056/1241] Loss: 0.2083 Time: 76.806
#### prediction torch.Size([192, 4])
Epoch [10/11] Step [1089/1241] Loss: 0.2538 Time: 77.01
#### prediction torch.Size([192, 4])
Epoch [10/11] Step [1122/1241] Loss: 0.2506 Time: 77.214
#### prediction torch.Size([192, 4])
Epoch [10/11] Step [1155/1241] Loss: 0.2301 Time: 77.418
#### prediction torch.Size([192, 4])
Epoch [10/11] Step [1188/1241] Loss: 0.2277 Time: 77.621
#### prediction torch.Size([192, 4])
Epoch [10/11] Step [1221/1241] Loss: 0.2548 Time: 77.825
#### TRAINED MODEL PARA_CNN_LSTM model training time: 85.803 total training time: 247.631 ####
#### TRAINING TOTAL TIME: 244.488 ####
Accuracy of the SEQ_CNN_LSTM model on the test set: 89.214008 %
Accuracy of the SEQ_LSTM_CNN model on the test set: 83.247717 %
Accuracy of the PARA_CNN_LSTM model on the test set: 89.705882 %
#### TESTING TOTAL TIME: 3.49 ####
#### TIME #### TERMINO #### 4615.184 ####
#### FINITO #### TERMINO #### NO-VA-MAS ####
#### TIMES #### modelling TOTAL TOTAL ==>> 4615.184 seconds
#### #### READING DATA FILES #### ####
145 511 #### COMBI [reg, sid, ban, sec, men, med, sum, max, aci, hfq, htp] METRICS ####
('Plantation', '/home/vargas/repos/forests-sounds-vargas/out/data/extraction/Plantation/2_00_PSA0010-2010_dict_y_split_7_2512283_1736694580.pkl')
(297840, 11) Index(['reg', 'sid', 'ban', 'sec', 'men', 'med', 'sum', 'max', 'aci', 'hfq',
       'htp'],
      dtype='object') Index(['reg', 'sid', 'ban', 'sec', 'men', 'med', 'sum', 'max', 'aci', 'hfq',
       'htp'],
      dtype='object')
#### MERGE 68 merge_data Dataframe shape: (297840, 11) #### time: 265
#### #### SPLIT TRAIN TEST #### ####
#### CLASSES: [0 1 2 3] TOTAL 4
#### SPLIT train_test_split and CUDA: ??? cuda:0 #### time: 35
#### MODELS - TOTAL 3 ####
#### EPOCHS 11 ####
#### TRAINING MODELS ####
#### TRAINING MODEL SEQ_CNN_LSTM ####
#### prediction torch.Size([192, 4])
Epoch [10/11] Step [33/1241] Loss: 0.5804 Time: 61.015
#### prediction torch.Size([192, 4])
Epoch [10/11] Step [66/1241] Loss: 0.6232 Time: 61.192
#### prediction torch.Size([192, 4])
Epoch [10/11] Step [99/1241] Loss: 0.6351 Time: 61.369
#### prediction torch.Size([192, 4])
Epoch [10/11] Step [132/1241] Loss: 0.5046 Time: 61.546
#### prediction torch.Size([192, 4])
Epoch [10/11] Step [165/1241] Loss: 0.5481 Time: 61.723
#### prediction torch.Size([192, 4])
Epoch [10/11] Step [198/1241] Loss: 0.6414 Time: 61.9
#### prediction torch.Size([192, 4])
Epoch [10/11] Step [231/1241] Loss: 0.5826 Time: 62.237
#### prediction torch.Size([192, 4])
Epoch [10/11] Step [264/1241] Loss: 0.5578 Time: 62.413
#### prediction torch.Size([192, 4])
Epoch [10/11] Step [297/1241] Loss: 0.6831 Time: 62.59
#### prediction torch.Size([192, 4])
Epoch [10/11] Step [330/1241] Loss: 0.6041 Time: 62.768
#### prediction torch.Size([192, 4])
Epoch [10/11] Step [363/1241] Loss: 0.6197 Time: 62.945
#### prediction torch.Size([192, 4])
Epoch [10/11] Step [396/1241] Loss: 0.7038 Time: 63.122
#### prediction torch.Size([192, 4])
Epoch [10/11] Step [429/1241] Loss: 0.6588 Time: 63.299
#### prediction torch.Size([192, 4])
Epoch [10/11] Step [462/1241] Loss: 0.6252 Time: 63.476
#### prediction torch.Size([192, 4])
Epoch [10/11] Step [495/1241] Loss: 0.5808 Time: 63.653
#### prediction torch.Size([192, 4])
Epoch [10/11] Step [528/1241] Loss: 0.5879 Time: 63.83
#### prediction torch.Size([192, 4])
Epoch [10/11] Step [561/1241] Loss: 0.7305 Time: 64.007
#### prediction torch.Size([192, 4])
Epoch [10/11] Step [594/1241] Loss: 0.6196 Time: 64.184
#### prediction torch.Size([192, 4])
Epoch [10/11] Step [627/1241] Loss: 0.6130 Time: 64.361
#### prediction torch.Size([192, 4])
Epoch [10/11] Step [660/1241] Loss: 0.6255 Time: 64.538
#### prediction torch.Size([192, 4])
Epoch [10/11] Step [693/1241] Loss: 0.6782 Time: 64.715
#### prediction torch.Size([192, 4])
Epoch [10/11] Step [726/1241] Loss: 0.5924 Time: 64.892
#### prediction torch.Size([192, 4])
Epoch [10/11] Step [759/1241] Loss: 0.5126 Time: 65.069
#### prediction torch.Size([192, 4])
Epoch [10/11] Step [792/1241] Loss: 0.5894 Time: 65.246
#### prediction torch.Size([192, 4])
Epoch [10/11] Step [825/1241] Loss: 0.6611 Time: 65.423
#### prediction torch.Size([192, 4])
Epoch [10/11] Step [858/1241] Loss: 0.5688 Time: 65.6
#### prediction torch.Size([192, 4])
Epoch [10/11] Step [891/1241] Loss: 0.6729 Time: 65.776
#### prediction torch.Size([192, 4])
Epoch [10/11] Step [924/1241] Loss: 0.5913 Time: 65.953
#### prediction torch.Size([192, 4])
Epoch [10/11] Step [957/1241] Loss: 0.5253 Time: 66.13
#### prediction torch.Size([192, 4])
Epoch [10/11] Step [990/1241] Loss: 0.5552 Time: 66.307
#### prediction torch.Size([192, 4])
Epoch [10/11] Step [1023/1241] Loss: 0.6384 Time: 66.484
#### prediction torch.Size([192, 4])
Epoch [10/11] Step [1056/1241] Loss: 0.6050 Time: 66.662
#### prediction torch.Size([192, 4])
Epoch [10/11] Step [1089/1241] Loss: 0.6527 Time: 66.839
#### prediction torch.Size([192, 4])
Epoch [10/11] Step [1122/1241] Loss: 0.6913 Time: 67.016
#### prediction torch.Size([192, 4])
Epoch [10/11] Step [1155/1241] Loss: 0.6775 Time: 67.193
#### prediction torch.Size([192, 4])
Epoch [10/11] Step [1188/1241] Loss: 0.4441 Time: 67.37
#### prediction torch.Size([192, 4])
Epoch [10/11] Step [1221/1241] Loss: 0.6475 Time: 67.546
#### TRAINED MODEL SEQ_CNN_LSTM model training time: 74.508 total training time: 78.02 ####
#### TRAINING MODEL SEQ_LSTM_CNN ####
#### prediction torch.Size([192, 4])
Epoch [10/11] Step [33/1241] Loss: 0.4239 Time: 69.389
#### prediction torch.Size([192, 4])
Epoch [10/11] Step [66/1241] Loss: 0.4896 Time: 69.59
#### prediction torch.Size([192, 4])
Epoch [10/11] Step [99/1241] Loss: 0.4558 Time: 69.79
#### prediction torch.Size([192, 4])
Epoch [10/11] Step [132/1241] Loss: 0.5365 Time: 69.991
#### prediction torch.Size([192, 4])
Epoch [10/11] Step [165/1241] Loss: 0.4705 Time: 70.192
#### prediction torch.Size([192, 4])
Epoch [10/11] Step [198/1241] Loss: 0.5427 Time: 70.392
#### prediction torch.Size([192, 4])
Epoch [10/11] Step [231/1241] Loss: 0.5491 Time: 70.593
#### prediction torch.Size([192, 4])
Epoch [10/11] Step [264/1241] Loss: 0.4767 Time: 70.794
#### prediction torch.Size([192, 4])
Epoch [10/11] Step [297/1241] Loss: 0.5552 Time: 70.994
#### prediction torch.Size([192, 4])
Epoch [10/11] Step [330/1241] Loss: 0.5198 Time: 71.195
#### prediction torch.Size([192, 4])
Epoch [10/11] Step [363/1241] Loss: 0.6115 Time: 71.396
#### prediction torch.Size([192, 4])
Epoch [10/11] Step [396/1241] Loss: 0.4325 Time: 71.596
#### prediction torch.Size([192, 4])
Epoch [10/11] Step [429/1241] Loss: 0.4768 Time: 71.797
#### prediction torch.Size([192, 4])
Epoch [10/11] Step [462/1241] Loss: 0.4442 Time: 71.998
#### prediction torch.Size([192, 4])
Epoch [10/11] Step [495/1241] Loss: 0.4431 Time: 72.199
#### prediction torch.Size([192, 4])
Epoch [10/11] Step [528/1241] Loss: 0.4854 Time: 72.399
#### prediction torch.Size([192, 4])
Epoch [10/11] Step [561/1241] Loss: 0.4879 Time: 72.6
#### prediction torch.Size([192, 4])
Epoch [10/11] Step [594/1241] Loss: 0.4604 Time: 72.8
#### prediction torch.Size([192, 4])
Epoch [10/11] Step [627/1241] Loss: 0.4961 Time: 73.001
#### prediction torch.Size([192, 4])
Epoch [10/11] Step [660/1241] Loss: 0.4594 Time: 73.202
#### prediction torch.Size([192, 4])
Epoch [10/11] Step [693/1241] Loss: 0.4410 Time: 73.402
#### prediction torch.Size([192, 4])
Epoch [10/11] Step [726/1241] Loss: 0.4268 Time: 73.604
#### prediction torch.Size([192, 4])
Epoch [10/11] Step [759/1241] Loss: 0.5405 Time: 73.804
#### prediction torch.Size([192, 4])
Epoch [10/11] Step [792/1241] Loss: 0.6468 Time: 74.005
#### prediction torch.Size([192, 4])
Epoch [10/11] Step [825/1241] Loss: 0.4447 Time: 74.206
#### prediction torch.Size([192, 4])
Epoch [10/11] Step [858/1241] Loss: 0.3944 Time: 74.406
#### prediction torch.Size([192, 4])
Epoch [10/11] Step [891/1241] Loss: 0.4839 Time: 74.607
#### prediction torch.Size([192, 4])
Epoch [10/11] Step [924/1241] Loss: 0.4918 Time: 74.807
#### prediction torch.Size([192, 4])
Epoch [10/11] Step [957/1241] Loss: 0.3862 Time: 75.008
#### prediction torch.Size([192, 4])
Epoch [10/11] Step [990/1241] Loss: 0.4312 Time: 75.208
#### prediction torch.Size([192, 4])
Epoch [10/11] Step [1023/1241] Loss: 0.3503 Time: 75.409
#### prediction torch.Size([192, 4])
Epoch [10/11] Step [1056/1241] Loss: 0.5515 Time: 75.61
#### prediction torch.Size([192, 4])
Epoch [10/11] Step [1089/1241] Loss: 0.4235 Time: 75.81
#### prediction torch.Size([192, 4])
Epoch [10/11] Step [1122/1241] Loss: 0.4918 Time: 76.011
#### prediction torch.Size([192, 4])
Epoch [10/11] Step [1155/1241] Loss: 0.4472 Time: 76.215
#### prediction torch.Size([192, 4])
Epoch [10/11] Step [1188/1241] Loss: 0.6430 Time: 76.431
#### prediction torch.Size([192, 4])
Epoch [10/11] Step [1221/1241] Loss: 0.4252 Time: 76.632
#### TRAINED MODEL SEQ_LSTM_CNN model training time: 84.506 total training time: 162.526 ####
#### TRAINING MODEL PARA_CNN_LSTM ####
#### prediction torch.Size([192, 4])
Epoch [10/11] Step [33/1241] Loss: 0.4627 Time: 70.37
#### prediction torch.Size([192, 4])
Epoch [10/11] Step [66/1241] Loss: 0.4357 Time: 70.574
#### prediction torch.Size([192, 4])
Epoch [10/11] Step [99/1241] Loss: 0.4685 Time: 70.778
#### prediction torch.Size([192, 4])
Epoch [10/11] Step [132/1241] Loss: 0.5597 Time: 70.982
#### prediction torch.Size([192, 4])
Epoch [10/11] Step [165/1241] Loss: 0.4869 Time: 71.186
#### prediction torch.Size([192, 4])
Epoch [10/11] Step [198/1241] Loss: 0.5499 Time: 71.39
#### prediction torch.Size([192, 4])
Epoch [10/11] Step [231/1241] Loss: 0.5199 Time: 71.594
#### prediction torch.Size([192, 4])
Epoch [10/11] Step [264/1241] Loss: 0.4874 Time: 71.798
#### prediction torch.Size([192, 4])
Epoch [10/11] Step [297/1241] Loss: 0.5146 Time: 72.002
#### prediction torch.Size([192, 4])
Epoch [10/11] Step [330/1241] Loss: 0.4902 Time: 72.206
#### prediction torch.Size([192, 4])
Epoch [10/11] Step [363/1241] Loss: 0.4706 Time: 72.41
#### prediction torch.Size([192, 4])
Epoch [10/11] Step [396/1241] Loss: 0.4407 Time: 72.614
#### prediction torch.Size([192, 4])
Epoch [10/11] Step [429/1241] Loss: 0.4529 Time: 72.818
#### prediction torch.Size([192, 4])
Epoch [10/11] Step [462/1241] Loss: 0.5084 Time: 73.022
#### prediction torch.Size([192, 4])
Epoch [10/11] Step [495/1241] Loss: 0.3936 Time: 73.226
#### prediction torch.Size([192, 4])
Epoch [10/11] Step [528/1241] Loss: 0.5838 Time: 73.43
#### prediction torch.Size([192, 4])
Epoch [10/11] Step [561/1241] Loss: 0.5658 Time: 73.634
#### prediction torch.Size([192, 4])
Epoch [10/11] Step [594/1241] Loss: 0.4430 Time: 73.838
#### prediction torch.Size([192, 4])
Epoch [10/11] Step [627/1241] Loss: 0.4963 Time: 74.042
#### prediction torch.Size([192, 4])
Epoch [10/11] Step [660/1241] Loss: 0.4531 Time: 74.246
#### prediction torch.Size([192, 4])
Epoch [10/11] Step [693/1241] Loss: 0.4486 Time: 74.45
#### prediction torch.Size([192, 4])
Epoch [10/11] Step [726/1241] Loss: 0.5135 Time: 74.654
#### prediction torch.Size([192, 4])
Epoch [10/11] Step [759/1241] Loss: 0.5495 Time: 74.858
#### prediction torch.Size([192, 4])
Epoch [10/11] Step [792/1241] Loss: 0.5255 Time: 75.062
#### prediction torch.Size([192, 4])
Epoch [10/11] Step [825/1241] Loss: 0.7165 Time: 75.266
#### prediction torch.Size([192, 4])
Epoch [10/11] Step [858/1241] Loss: 0.5848 Time: 75.47
#### prediction torch.Size([192, 4])
Epoch [10/11] Step [891/1241] Loss: 0.5833 Time: 75.674
#### prediction torch.Size([192, 4])
Epoch [10/11] Step [924/1241] Loss: 0.5062 Time: 75.878
#### prediction torch.Size([192, 4])
Epoch [10/11] Step [957/1241] Loss: 0.4348 Time: 76.082
#### prediction torch.Size([192, 4])
Epoch [10/11] Step [990/1241] Loss: 0.4990 Time: 76.286
#### prediction torch.Size([192, 4])
Epoch [10/11] Step [1023/1241] Loss: 0.4129 Time: 76.49
#### prediction torch.Size([192, 4])
Epoch [10/11] Step [1056/1241] Loss: 0.5787 Time: 76.694
#### prediction torch.Size([192, 4])
Epoch [10/11] Step [1089/1241] Loss: 0.4296 Time: 76.898
#### prediction torch.Size([192, 4])
Epoch [10/11] Step [1122/1241] Loss: 0.4582 Time: 77.103
#### prediction torch.Size([192, 4])
Epoch [10/11] Step [1155/1241] Loss: 0.4496 Time: 77.468
#### prediction torch.Size([192, 4])
Epoch [10/11] Step [1188/1241] Loss: 0.4835 Time: 77.672
#### prediction torch.Size([192, 4])
Epoch [10/11] Step [1221/1241] Loss: 0.4778 Time: 77.877
#### TRAINED MODEL PARA_CNN_LSTM model training time: 85.706 total training time: 248.232 ####
#### TRAINING TOTAL TIME: 244.72 ####
Accuracy of the SEQ_CNN_LSTM model on the test set: 71.244628 %
Accuracy of the SEQ_LSTM_CNN model on the test set: 79.005506 %
Accuracy of the PARA_CNN_LSTM model on the test set: 79.940572 %
#### TESTING TOTAL TIME: 3.67 ####
#### TIME #### TERMINO #### 4916.931 ####
#### FINITO #### TERMINO #### NO-VA-MAS ####
#### TIMES #### modelling TOTAL TOTAL ==>> 4916.932 seconds
#### #### READING DATA FILES #### ####
146 511 #### COMBI [reg, sid, ban, sec, men, med, sum, max, aci, hfq, hhh] METRICS ####
('Plantation', '/home/vargas/repos/forests-sounds-vargas/out/data/extraction/Plantation/2_00_PSA0010-2010_dict_y_split_7_2512283_1736694580.pkl')
(297840, 11) Index(['reg', 'sid', 'ban', 'sec', 'men', 'med', 'sum', 'max', 'aci', 'hfq',
       'hhh'],
      dtype='object') Index(['reg', 'sid', 'ban', 'sec', 'men', 'med', 'sum', 'max', 'aci', 'hfq',
       'hhh'],
      dtype='object')
#### MERGE 68 merge_data Dataframe shape: (297840, 11) #### time: 267
#### #### SPLIT TRAIN TEST #### ####
#### CLASSES: [0 1 2 3] TOTAL 4
#### SPLIT train_test_split and CUDA: ??? cuda:0 #### time: 34
#### MODELS - TOTAL 3 ####
#### EPOCHS 11 ####
#### TRAINING MODELS ####
#### TRAINING MODEL SEQ_CNN_LSTM ####
#### prediction torch.Size([192, 4])
Epoch [10/11] Step [33/1241] Loss: 0.5877 Time: 61.201
#### prediction torch.Size([192, 4])
Epoch [10/11] Step [66/1241] Loss: 0.5699 Time: 61.378
#### prediction torch.Size([192, 4])
Epoch [10/11] Step [99/1241] Loss: 0.4678 Time: 61.555
#### prediction torch.Size([192, 4])
Epoch [10/11] Step [132/1241] Loss: 0.5655 Time: 61.732
#### prediction torch.Size([192, 4])
Epoch [10/11] Step [165/1241] Loss: 0.5505 Time: 61.91
#### prediction torch.Size([192, 4])
Epoch [10/11] Step [198/1241] Loss: 0.5759 Time: 62.087
#### prediction torch.Size([192, 4])
Epoch [10/11] Step [231/1241] Loss: 0.6398 Time: 62.264
#### prediction torch.Size([192, 4])
Epoch [10/11] Step [264/1241] Loss: 0.6052 Time: 62.441
#### prediction torch.Size([192, 4])
Epoch [10/11] Step [297/1241] Loss: 0.4916 Time: 62.619
#### prediction torch.Size([192, 4])
Epoch [10/11] Step [330/1241] Loss: 0.5177 Time: 62.796
#### prediction torch.Size([192, 4])
Epoch [10/11] Step [363/1241] Loss: 0.4568 Time: 62.973
#### prediction torch.Size([192, 4])
Epoch [10/11] Step [396/1241] Loss: 0.5452 Time: 63.15
#### prediction torch.Size([192, 4])
Epoch [10/11] Step [429/1241] Loss: 0.5213 Time: 63.328
#### prediction torch.Size([192, 4])
Epoch [10/11] Step [462/1241] Loss: 0.5917 Time: 63.505
#### prediction torch.Size([192, 4])
Epoch [10/11] Step [495/1241] Loss: 0.5342 Time: 63.682
#### prediction torch.Size([192, 4])
Epoch [10/11] Step [528/1241] Loss: 0.5412 Time: 63.859
#### prediction torch.Size([192, 4])
Epoch [10/11] Step [561/1241] Loss: 0.5464 Time: 64.036
#### prediction torch.Size([192, 4])
Epoch [10/11] Step [594/1241] Loss: 0.3990 Time: 64.214
#### prediction torch.Size([192, 4])
Epoch [10/11] Step [627/1241] Loss: 0.5332 Time: 64.392
#### prediction torch.Size([192, 4])
Epoch [10/11] Step [660/1241] Loss: 0.6100 Time: 64.569
#### prediction torch.Size([192, 4])
Epoch [10/11] Step [693/1241] Loss: 0.5585 Time: 64.746
#### prediction torch.Size([192, 4])
Epoch [10/11] Step [726/1241] Loss: 0.5168 Time: 64.924
#### prediction torch.Size([192, 4])
Epoch [10/11] Step [759/1241] Loss: 0.5768 Time: 65.101
#### prediction torch.Size([192, 4])
Epoch [10/11] Step [792/1241] Loss: 0.5257 Time: 65.278
#### prediction torch.Size([192, 4])
Epoch [10/11] Step [825/1241] Loss: 0.5075 Time: 65.454
#### prediction torch.Size([192, 4])
Epoch [10/11] Step [858/1241] Loss: 0.5575 Time: 65.632
#### prediction torch.Size([192, 4])
Epoch [10/11] Step [891/1241] Loss: 0.5157 Time: 65.809
#### prediction torch.Size([192, 4])
Epoch [10/11] Step [924/1241] Loss: 0.6389 Time: 65.987
#### prediction torch.Size([192, 4])
Epoch [10/11] Step [957/1241] Loss: 0.5751 Time: 66.164
#### prediction torch.Size([192, 4])
Epoch [10/11] Step [990/1241] Loss: 0.6198 Time: 66.342
#### prediction torch.Size([192, 4])
Epoch [10/11] Step [1023/1241] Loss: 0.5673 Time: 66.519
#### prediction torch.Size([192, 4])
Epoch [10/11] Step [1056/1241] Loss: 0.5607 Time: 66.696
#### prediction torch.Size([192, 4])
Epoch [10/11] Step [1089/1241] Loss: 0.5088 Time: 66.874
#### prediction torch.Size([192, 4])
Epoch [10/11] Step [1122/1241] Loss: 0.5089 Time: 67.051
#### prediction torch.Size([192, 4])
Epoch [10/11] Step [1155/1241] Loss: 0.5647 Time: 67.228
#### prediction torch.Size([192, 4])
Epoch [10/11] Step [1188/1241] Loss: 0.5656 Time: 67.406
#### prediction torch.Size([192, 4])
Epoch [10/11] Step [1221/1241] Loss: 0.6415 Time: 67.583
#### TRAINED MODEL SEQ_CNN_LSTM model training time: 74.552 total training time: 78.028 ####
#### TRAINING MODEL SEQ_LSTM_CNN ####
#### prediction torch.Size([192, 4])
Epoch [10/11] Step [33/1241] Loss: 0.6613 Time: 69.153
#### prediction torch.Size([192, 4])
Epoch [10/11] Step [66/1241] Loss: 0.5944 Time: 69.353
#### prediction torch.Size([192, 4])
Epoch [10/11] Step [99/1241] Loss: 0.5260 Time: 69.554
#### prediction torch.Size([192, 4])
Epoch [10/11] Step [132/1241] Loss: 0.6062 Time: 69.755
#### prediction torch.Size([192, 4])
Epoch [10/11] Step [165/1241] Loss: 0.5184 Time: 69.955
#### prediction torch.Size([192, 4])
Epoch [10/11] Step [198/1241] Loss: 0.6760 Time: 70.156
#### prediction torch.Size([192, 4])
Epoch [10/11] Step [231/1241] Loss: 0.6093 Time: 70.356
#### prediction torch.Size([192, 4])
Epoch [10/11] Step [264/1241] Loss: 0.6627 Time: 70.557
#### prediction torch.Size([192, 4])
Epoch [10/11] Step [297/1241] Loss: 0.6131 Time: 70.757
#### prediction torch.Size([192, 4])
Epoch [10/11] Step [330/1241] Loss: 0.5807 Time: 70.958
#### prediction torch.Size([192, 4])
Epoch [10/11] Step [363/1241] Loss: 0.6866 Time: 71.159
#### prediction torch.Size([192, 4])
Epoch [10/11] Step [396/1241] Loss: 0.5194 Time: 71.36
#### prediction torch.Size([192, 4])
Epoch [10/11] Step [429/1241] Loss: 0.7306 Time: 71.561
#### prediction torch.Size([192, 4])
Epoch [10/11] Step [462/1241] Loss: 0.5366 Time: 71.762
#### prediction torch.Size([192, 4])
Epoch [10/11] Step [495/1241] Loss: 0.5079 Time: 71.962
#### prediction torch.Size([192, 4])
Epoch [10/11] Step [528/1241] Loss: 0.5937 Time: 72.163
#### prediction torch.Size([192, 4])
Epoch [10/11] Step [561/1241] Loss: 0.5634 Time: 72.364
#### prediction torch.Size([192, 4])
Epoch [10/11] Step [594/1241] Loss: 0.6062 Time: 72.564
#### prediction torch.Size([192, 4])
Epoch [10/11] Step [627/1241] Loss: 0.6073 Time: 72.765
#### prediction torch.Size([192, 4])
Epoch [10/11] Step [660/1241] Loss: 0.6322 Time: 72.966
#### prediction torch.Size([192, 4])
Epoch [10/11] Step [693/1241] Loss: 0.6316 Time: 73.327
#### prediction torch.Size([192, 4])
Epoch [10/11] Step [726/1241] Loss: 0.5846 Time: 73.528
#### prediction torch.Size([192, 4])
Epoch [10/11] Step [759/1241] Loss: 0.6377 Time: 73.73
#### prediction torch.Size([192, 4])
Epoch [10/11] Step [792/1241] Loss: 0.5720 Time: 73.931
#### prediction torch.Size([192, 4])
Epoch [10/11] Step [825/1241] Loss: 0.6290 Time: 74.132
#### prediction torch.Size([192, 4])
Epoch [10/11] Step [858/1241] Loss: 0.6185 Time: 74.333
#### prediction torch.Size([192, 4])
Epoch [10/11] Step [891/1241] Loss: 0.6348 Time: 74.534
#### prediction torch.Size([192, 4])
Epoch [10/11] Step [924/1241] Loss: 0.5687 Time: 74.734
#### prediction torch.Size([192, 4])
Epoch [10/11] Step [957/1241] Loss: 0.5533 Time: 74.935
#### prediction torch.Size([192, 4])
Epoch [10/11] Step [990/1241] Loss: 0.5530 Time: 75.136
#### prediction torch.Size([192, 4])
Epoch [10/11] Step [1023/1241] Loss: 0.5644 Time: 75.337
#### prediction torch.Size([192, 4])
Epoch [10/11] Step [1056/1241] Loss: 0.5931 Time: 75.537
#### prediction torch.Size([192, 4])
Epoch [10/11] Step [1089/1241] Loss: 0.5488 Time: 75.743
#### prediction torch.Size([192, 4])
Epoch [10/11] Step [1122/1241] Loss: 0.5386 Time: 75.957
#### prediction torch.Size([192, 4])
Epoch [10/11] Step [1155/1241] Loss: 0.5683 Time: 76.158
#### prediction torch.Size([192, 4])
Epoch [10/11] Step [1188/1241] Loss: 0.6328 Time: 76.358
#### prediction torch.Size([192, 4])
Epoch [10/11] Step [1221/1241] Loss: 0.5314 Time: 76.559
#### TRAINED MODEL SEQ_LSTM_CNN model training time: 84.282 total training time: 162.31 ####
#### TRAINING MODEL PARA_CNN_LSTM ####
#### prediction torch.Size([192, 4])
Epoch [10/11] Step [33/1241] Loss: 0.5410 Time: 70.393
#### prediction torch.Size([192, 4])
Epoch [10/11] Step [66/1241] Loss: 0.6357 Time: 70.759
#### prediction torch.Size([192, 4])
Epoch [10/11] Step [99/1241] Loss: 0.6481 Time: 70.963
#### prediction torch.Size([192, 4])
Epoch [10/11] Step [132/1241] Loss: 0.6160 Time: 71.167
#### prediction torch.Size([192, 4])
Epoch [10/11] Step [165/1241] Loss: 0.5250 Time: 71.372
#### prediction torch.Size([192, 4])
Epoch [10/11] Step [198/1241] Loss: 0.4803 Time: 71.576
#### prediction torch.Size([192, 4])
Epoch [10/11] Step [231/1241] Loss: 0.5723 Time: 71.78
#### prediction torch.Size([192, 4])
Epoch [10/11] Step [264/1241] Loss: 0.5597 Time: 71.984
#### prediction torch.Size([192, 4])
Epoch [10/11] Step [297/1241] Loss: 0.5888 Time: 72.189
#### prediction torch.Size([192, 4])
Epoch [10/11] Step [330/1241] Loss: 0.5695 Time: 72.393
#### prediction torch.Size([192, 4])
Epoch [10/11] Step [363/1241] Loss: 0.5320 Time: 72.597
#### prediction torch.Size([192, 4])
Epoch [10/11] Step [396/1241] Loss: 0.5360 Time: 72.801
#### prediction torch.Size([192, 4])
Epoch [10/11] Step [429/1241] Loss: 0.5877 Time: 73.006
#### prediction torch.Size([192, 4])
Epoch [10/11] Step [462/1241] Loss: 0.5484 Time: 73.21
#### prediction torch.Size([192, 4])
Epoch [10/11] Step [495/1241] Loss: 0.5217 Time: 73.414
#### prediction torch.Size([192, 4])
Epoch [10/11] Step [528/1241] Loss: 0.5406 Time: 73.619
#### prediction torch.Size([192, 4])
Epoch [10/11] Step [561/1241] Loss: 0.5700 Time: 73.823
#### prediction torch.Size([192, 4])
Epoch [10/11] Step [594/1241] Loss: 0.5453 Time: 74.027
#### prediction torch.Size([192, 4])
Epoch [10/11] Step [627/1241] Loss: 0.6050 Time: 74.231
#### prediction torch.Size([192, 4])
Epoch [10/11] Step [660/1241] Loss: 0.5568 Time: 74.435
#### prediction torch.Size([192, 4])
Epoch [10/11] Step [693/1241] Loss: 0.5056 Time: 74.639
#### prediction torch.Size([192, 4])
Epoch [10/11] Step [726/1241] Loss: 0.4615 Time: 74.843
#### prediction torch.Size([192, 4])
Epoch [10/11] Step [759/1241] Loss: 0.6017 Time: 75.047
#### prediction torch.Size([192, 4])
Epoch [10/11] Step [792/1241] Loss: 0.5470 Time: 75.251
#### prediction torch.Size([192, 4])
Epoch [10/11] Step [825/1241] Loss: 0.5889 Time: 75.455
#### prediction torch.Size([192, 4])
Epoch [10/11] Step [858/1241] Loss: 0.5089 Time: 75.659
#### prediction torch.Size([192, 4])
Epoch [10/11] Step [891/1241] Loss: 0.6030 Time: 75.863
#### prediction torch.Size([192, 4])
Epoch [10/11] Step [924/1241] Loss: 0.4723 Time: 76.067
#### prediction torch.Size([192, 4])
Epoch [10/11] Step [957/1241] Loss: 0.5778 Time: 76.271
#### prediction torch.Size([192, 4])
Epoch [10/11] Step [990/1241] Loss: 0.5464 Time: 76.475
#### prediction torch.Size([192, 4])
Epoch [10/11] Step [1023/1241] Loss: 0.6808 Time: 76.679
#### prediction torch.Size([192, 4])
Epoch [10/11] Step [1056/1241] Loss: 0.5774 Time: 76.883
#### prediction torch.Size([192, 4])
Epoch [10/11] Step [1089/1241] Loss: 0.6002 Time: 77.087
#### prediction torch.Size([192, 4])
Epoch [10/11] Step [1122/1241] Loss: 0.5026 Time: 77.291
#### prediction torch.Size([192, 4])
Epoch [10/11] Step [1155/1241] Loss: 0.5037 Time: 77.496
#### prediction torch.Size([192, 4])
Epoch [10/11] Step [1188/1241] Loss: 0.4840 Time: 77.7
#### prediction torch.Size([192, 4])
Epoch [10/11] Step [1221/1241] Loss: 0.4451 Time: 77.904
#### TRAINED MODEL PARA_CNN_LSTM model training time: 85.895 total training time: 248.205 ####
#### TRAINING TOTAL TIME: 244.729 ####
Accuracy of the SEQ_CNN_LSTM model on the test set: 77.951249 %
Accuracy of the SEQ_LSTM_CNN model on the test set: 74.472871 %
Accuracy of the PARA_CNN_LSTM model on the test set: 75.679895 %
#### TESTING TOTAL TIME: 3.499 ####
#### TIME #### TERMINO #### 5219.174 ####
#### FINITO #### TERMINO #### NO-VA-MAS ####
#### TIMES #### modelling TOTAL TOTAL ==>> 5219.174 seconds
#### #### READING DATA FILES #### ####
147 511 #### COMBI [reg, sid, ban, sec, men, med, sum, max, aci, hfq, aei] METRICS ####
('Plantation', '/home/vargas/repos/forests-sounds-vargas/out/data/extraction/Plantation/2_00_PSA0010-2010_dict_y_split_7_2512283_1736694580.pkl')
(297840, 11) Index(['reg', 'sid', 'ban', 'sec', 'men', 'med', 'sum', 'max', 'aci', 'hfq',
       'aei'],
      dtype='object') Index(['reg', 'sid', 'ban', 'sec', 'men', 'med', 'sum', 'max', 'aci', 'hfq',
       'aei'],
      dtype='object')
#### MERGE 68 merge_data Dataframe shape: (297840, 11) #### time: 266
#### #### SPLIT TRAIN TEST #### ####
#### CLASSES: [0 1 2 3] TOTAL 4
#### SPLIT train_test_split and CUDA: ??? cuda:0 #### time: 34
#### MODELS - TOTAL 3 ####
#### EPOCHS 11 ####
#### TRAINING MODELS ####
#### TRAINING MODEL SEQ_CNN_LSTM ####
#### prediction torch.Size([192, 4])
Epoch [10/11] Step [33/1241] Loss: 0.5440 Time: 61.479
#### prediction torch.Size([192, 4])
Epoch [10/11] Step [66/1241] Loss: 0.5068 Time: 61.657
#### prediction torch.Size([192, 4])
Epoch [10/11] Step [99/1241] Loss: 0.5217 Time: 61.834
#### prediction torch.Size([192, 4])
Epoch [10/11] Step [132/1241] Loss: 0.6058 Time: 62.012
#### prediction torch.Size([192, 4])
Epoch [10/11] Step [165/1241] Loss: 0.5566 Time: 62.189
#### prediction torch.Size([192, 4])
Epoch [10/11] Step [198/1241] Loss: 0.5326 Time: 62.367
#### prediction torch.Size([192, 4])
Epoch [10/11] Step [231/1241] Loss: 0.5878 Time: 62.544
#### prediction torch.Size([192, 4])
Epoch [10/11] Step [264/1241] Loss: 0.5073 Time: 62.883
#### prediction torch.Size([192, 4])
Epoch [10/11] Step [297/1241] Loss: 0.5443 Time: 63.062
#### prediction torch.Size([192, 4])
Epoch [10/11] Step [330/1241] Loss: 0.4997 Time: 63.24
#### prediction torch.Size([192, 4])
Epoch [10/11] Step [363/1241] Loss: 0.6310 Time: 63.417
#### prediction torch.Size([192, 4])
Epoch [10/11] Step [396/1241] Loss: 0.5589 Time: 63.595
#### prediction torch.Size([192, 4])
Epoch [10/11] Step [429/1241] Loss: 0.5980 Time: 63.773
#### prediction torch.Size([192, 4])
Epoch [10/11] Step [462/1241] Loss: 0.5548 Time: 63.951
#### prediction torch.Size([192, 4])
Epoch [10/11] Step [495/1241] Loss: 0.5005 Time: 64.128
#### prediction torch.Size([192, 4])
Epoch [10/11] Step [528/1241] Loss: 0.5633 Time: 64.306
#### prediction torch.Size([192, 4])
Epoch [10/11] Step [561/1241] Loss: 0.5405 Time: 64.484
#### prediction torch.Size([192, 4])
Epoch [10/11] Step [594/1241] Loss: 0.5301 Time: 64.662
#### prediction torch.Size([192, 4])
Epoch [10/11] Step [627/1241] Loss: 0.6024 Time: 64.84
#### prediction torch.Size([192, 4])
Epoch [10/11] Step [660/1241] Loss: 0.4654 Time: 65.017
#### prediction torch.Size([192, 4])
Epoch [10/11] Step [693/1241] Loss: 0.6519 Time: 65.195
#### prediction torch.Size([192, 4])
Epoch [10/11] Step [726/1241] Loss: 0.5025 Time: 65.373
#### prediction torch.Size([192, 4])
Epoch [10/11] Step [759/1241] Loss: 0.5142 Time: 65.55
#### prediction torch.Size([192, 4])
Epoch [10/11] Step [792/1241] Loss: 0.5130 Time: 65.728
#### prediction torch.Size([192, 4])
Epoch [10/11] Step [825/1241] Loss: 0.5976 Time: 65.906
#### prediction torch.Size([192, 4])
Epoch [10/11] Step [858/1241] Loss: 0.4066 Time: 66.085
#### prediction torch.Size([192, 4])
Epoch [10/11] Step [891/1241] Loss: 0.5313 Time: 66.263
#### prediction torch.Size([192, 4])
Epoch [10/11] Step [924/1241] Loss: 0.5314 Time: 66.441
#### prediction torch.Size([192, 4])
Epoch [10/11] Step [957/1241] Loss: 0.6006 Time: 66.619
#### prediction torch.Size([192, 4])
Epoch [10/11] Step [990/1241] Loss: 0.4690 Time: 66.797
#### prediction torch.Size([192, 4])
Epoch [10/11] Step [1023/1241] Loss: 0.5859 Time: 66.974
#### prediction torch.Size([192, 4])
Epoch [10/11] Step [1056/1241] Loss: 0.5808 Time: 67.152
#### prediction torch.Size([192, 4])
Epoch [10/11] Step [1089/1241] Loss: 0.5343 Time: 67.33
#### prediction torch.Size([192, 4])
Epoch [10/11] Step [1122/1241] Loss: 0.5118 Time: 67.509
#### prediction torch.Size([192, 4])
Epoch [10/11] Step [1155/1241] Loss: 0.5681 Time: 67.686
#### prediction torch.Size([192, 4])
Epoch [10/11] Step [1188/1241] Loss: 0.7393 Time: 67.864
#### prediction torch.Size([192, 4])
Epoch [10/11] Step [1221/1241] Loss: 0.4701 Time: 68.042
#### TRAINED MODEL SEQ_CNN_LSTM model training time: 75.03 total training time: 78.285 ####
#### TRAINING MODEL SEQ_LSTM_CNN ####
#### prediction torch.Size([192, 4])
Epoch [10/11] Step [33/1241] Loss: 0.4818 Time: 69.486
#### prediction torch.Size([192, 4])
Epoch [10/11] Step [66/1241] Loss: 0.5526 Time: 69.688
#### prediction torch.Size([192, 4])
Epoch [10/11] Step [99/1241] Loss: 0.5763 Time: 69.89
#### prediction torch.Size([192, 4])
Epoch [10/11] Step [132/1241] Loss: 0.5531 Time: 70.092
#### prediction torch.Size([192, 4])
Epoch [10/11] Step [165/1241] Loss: 0.6070 Time: 70.294
#### prediction torch.Size([192, 4])
Epoch [10/11] Step [198/1241] Loss: 0.6213 Time: 70.496
#### prediction torch.Size([192, 4])
Epoch [10/11] Step [231/1241] Loss: 0.5427 Time: 70.698
#### prediction torch.Size([192, 4])
Epoch [10/11] Step [264/1241] Loss: 0.7089 Time: 70.9
#### prediction torch.Size([192, 4])
Epoch [10/11] Step [297/1241] Loss: 0.5580 Time: 71.101
#### prediction torch.Size([192, 4])
Epoch [10/11] Step [330/1241] Loss: 0.5014 Time: 71.303
#### prediction torch.Size([192, 4])
Epoch [10/11] Step [363/1241] Loss: 0.5169 Time: 71.505
#### prediction torch.Size([192, 4])
Epoch [10/11] Step [396/1241] Loss: 0.5205 Time: 71.707
#### prediction torch.Size([192, 4])
Epoch [10/11] Step [429/1241] Loss: 0.5758 Time: 71.908
#### prediction torch.Size([192, 4])
Epoch [10/11] Step [462/1241] Loss: 0.6243 Time: 72.111
#### prediction torch.Size([192, 4])
Epoch [10/11] Step [495/1241] Loss: 0.5243 Time: 72.312
#### prediction torch.Size([192, 4])
Epoch [10/11] Step [528/1241] Loss: 0.6432 Time: 72.514
#### prediction torch.Size([192, 4])
Epoch [10/11] Step [561/1241] Loss: 0.5795 Time: 72.716
#### prediction torch.Size([192, 4])
Epoch [10/11] Step [594/1241] Loss: 0.5522 Time: 72.918
#### prediction torch.Size([192, 4])
Epoch [10/11] Step [627/1241] Loss: 0.5710 Time: 73.119
#### prediction torch.Size([192, 4])
Epoch [10/11] Step [660/1241] Loss: 0.6365 Time: 73.321
#### prediction torch.Size([192, 4])
Epoch [10/11] Step [693/1241] Loss: 0.6223 Time: 73.523
#### prediction torch.Size([192, 4])
Epoch [10/11] Step [726/1241] Loss: 0.5624 Time: 73.725
#### prediction torch.Size([192, 4])
Epoch [10/11] Step [759/1241] Loss: 0.5647 Time: 73.927
#### prediction torch.Size([192, 4])
Epoch [10/11] Step [792/1241] Loss: 0.5348 Time: 74.128
#### prediction torch.Size([192, 4])
Epoch [10/11] Step [825/1241] Loss: 0.5597 Time: 74.33
#### prediction torch.Size([192, 4])
Epoch [10/11] Step [858/1241] Loss: 0.6317 Time: 74.532
#### prediction torch.Size([192, 4])
Epoch [10/11] Step [891/1241] Loss: 0.6016 Time: 74.733
#### prediction torch.Size([192, 4])
Epoch [10/11] Step [924/1241] Loss: 0.6166 Time: 74.935
#### prediction torch.Size([192, 4])
Epoch [10/11] Step [957/1241] Loss: 0.5743 Time: 75.137
#### prediction torch.Size([192, 4])
Epoch [10/11] Step [990/1241] Loss: 0.5585 Time: 75.339
#### prediction torch.Size([192, 4])
Epoch [10/11] Step [1023/1241] Loss: 0.5323 Time: 75.541
#### prediction torch.Size([192, 4])
Epoch [10/11] Step [1056/1241] Loss: 0.5931 Time: 75.743
#### prediction torch.Size([192, 4])
Epoch [10/11] Step [1089/1241] Loss: 0.5557 Time: 75.948
#### prediction torch.Size([192, 4])
Epoch [10/11] Step [1122/1241] Loss: 0.6161 Time: 76.165
#### prediction torch.Size([192, 4])
Epoch [10/11] Step [1155/1241] Loss: 0.5851 Time: 76.367
#### prediction torch.Size([192, 4])
Epoch [10/11] Step [1188/1241] Loss: 0.5218 Time: 76.569
#### prediction torch.Size([192, 4])
Epoch [10/11] Step [1221/1241] Loss: 0.5417 Time: 76.772
#### TRAINED MODEL SEQ_LSTM_CNN model training time: 84.693 total training time: 162.977 ####
#### TRAINING MODEL PARA_CNN_LSTM ####
#### prediction torch.Size([192, 4])
Epoch [10/11] Step [33/1241] Loss: 0.6015 Time: 70.693
#### prediction torch.Size([192, 4])
Epoch [10/11] Step [66/1241] Loss: 0.4885 Time: 70.899
#### prediction torch.Size([192, 4])
Epoch [10/11] Step [99/1241] Loss: 0.5915 Time: 71.104
#### prediction torch.Size([192, 4])
Epoch [10/11] Step [132/1241] Loss: 0.5087 Time: 71.31
#### prediction torch.Size([192, 4])
Epoch [10/11] Step [165/1241] Loss: 0.6296 Time: 71.515
#### prediction torch.Size([192, 4])
Epoch [10/11] Step [198/1241] Loss: 0.5063 Time: 71.721
#### prediction torch.Size([192, 4])
Epoch [10/11] Step [231/1241] Loss: 0.6240 Time: 71.926
#### prediction torch.Size([192, 4])
Epoch [10/11] Step [264/1241] Loss: 0.5040 Time: 72.131
#### prediction torch.Size([192, 4])
Epoch [10/11] Step [297/1241] Loss: 0.5254 Time: 72.336
#### prediction torch.Size([192, 4])
Epoch [10/11] Step [330/1241] Loss: 0.5167 Time: 72.542
#### prediction torch.Size([192, 4])
Epoch [10/11] Step [363/1241] Loss: 0.4995 Time: 72.747
#### prediction torch.Size([192, 4])
Epoch [10/11] Step [396/1241] Loss: 0.5035 Time: 72.952
#### prediction torch.Size([192, 4])
Epoch [10/11] Step [429/1241] Loss: 0.5000 Time: 73.157
#### prediction torch.Size([192, 4])
Epoch [10/11] Step [462/1241] Loss: 0.5275 Time: 73.362
#### prediction torch.Size([192, 4])
Epoch [10/11] Step [495/1241] Loss: 0.4935 Time: 73.568
#### prediction torch.Size([192, 4])
Epoch [10/11] Step [528/1241] Loss: 0.5504 Time: 73.773
#### prediction torch.Size([192, 4])
Epoch [10/11] Step [561/1241] Loss: 0.5449 Time: 73.978
#### prediction torch.Size([192, 4])
Epoch [10/11] Step [594/1241] Loss: 0.6629 Time: 74.183
#### prediction torch.Size([192, 4])
Epoch [10/11] Step [627/1241] Loss: 0.5759 Time: 74.389
#### prediction torch.Size([192, 4])
Epoch [10/11] Step [660/1241] Loss: 0.5500 Time: 74.594
#### prediction torch.Size([192, 4])
Epoch [10/11] Step [693/1241] Loss: 0.5435 Time: 74.799
#### prediction torch.Size([192, 4])
Epoch [10/11] Step [726/1241] Loss: 0.5113 Time: 75.005
#### prediction torch.Size([192, 4])
Epoch [10/11] Step [759/1241] Loss: 0.5185 Time: 75.21
#### prediction torch.Size([192, 4])
Epoch [10/11] Step [792/1241] Loss: 0.5012 Time: 75.416
#### prediction torch.Size([192, 4])
Epoch [10/11] Step [825/1241] Loss: 0.5048 Time: 75.62
#### prediction torch.Size([192, 4])
Epoch [10/11] Step [858/1241] Loss: 0.5003 Time: 75.824
#### prediction torch.Size([192, 4])
Epoch [10/11] Step [891/1241] Loss: 0.6458 Time: 76.029
#### prediction torch.Size([192, 4])
Epoch [10/11] Step [924/1241] Loss: 0.4952 Time: 76.233
#### prediction torch.Size([192, 4])
Epoch [10/11] Step [957/1241] Loss: 0.5180 Time: 76.437
#### prediction torch.Size([192, 4])
Epoch [10/11] Step [990/1241] Loss: 0.6523 Time: 76.641
#### prediction torch.Size([192, 4])
Epoch [10/11] Step [1023/1241] Loss: 0.5706 Time: 76.845
#### prediction torch.Size([192, 4])
Epoch [10/11] Step [1056/1241] Loss: 0.5159 Time: 77.05
#### prediction torch.Size([192, 4])
Epoch [10/11] Step [1089/1241] Loss: 0.4728 Time: 77.254
#### prediction torch.Size([192, 4])
Epoch [10/11] Step [1122/1241] Loss: 0.5581 Time: 77.458
#### prediction torch.Size([192, 4])
Epoch [10/11] Step [1155/1241] Loss: 0.5734 Time: 77.662
#### prediction torch.Size([192, 4])
Epoch [10/11] Step [1188/1241] Loss: 0.5472 Time: 78.028
#### prediction torch.Size([192, 4])
Epoch [10/11] Step [1221/1241] Loss: 0.4857 Time: 78.232
#### TRAINED MODEL PARA_CNN_LSTM model training time: 86.093 total training time: 249.071 ####
#### TRAINING TOTAL TIME: 245.816 ####
Accuracy of the SEQ_CNN_LSTM model on the test set: 77.497985 %
Accuracy of the SEQ_LSTM_CNN model on the test set: 73.344749 %
Accuracy of the PARA_CNN_LSTM model on the test set: 76.057615 %
#### TESTING TOTAL TIME: 3.668 ####
#### TIME #### TERMINO #### 5521.701 ####
#### FINITO #### TERMINO #### NO-VA-MAS ####
#### TIMES #### modelling TOTAL TOTAL ==>> 5521.701 seconds
#### #### READING DATA FILES #### ####
148 511 #### COMBI [reg, sid, ban, sec, men, med, sum, max, aci, htp, hhh] METRICS ####
('Plantation', '/home/vargas/repos/forests-sounds-vargas/out/data/extraction/Plantation/2_00_PSA0010-2010_dict_y_split_7_2512283_1736694580.pkl')
(297840, 11) Index(['reg', 'sid', 'ban', 'sec', 'men', 'med', 'sum', 'max', 'aci', 'htp',
       'hhh'],
      dtype='object') Index(['reg', 'sid', 'ban', 'sec', 'men', 'med', 'sum', 'max', 'aci', 'htp',
       'hhh'],
      dtype='object')
#### MERGE 68 merge_data Dataframe shape: (297840, 11) #### time: 267
#### #### SPLIT TRAIN TEST #### ####
#### CLASSES: [0 1 2 3] TOTAL 4
#### SPLIT train_test_split and CUDA: ??? cuda:0 #### time: 35
#### MODELS - TOTAL 3 ####
#### EPOCHS 11 ####
#### TRAINING MODELS ####
#### TRAINING MODEL SEQ_CNN_LSTM ####
#### prediction torch.Size([192, 4])
Epoch [10/11] Step [33/1241] Loss: 0.4716 Time: 61.395
#### prediction torch.Size([192, 4])
Epoch [10/11] Step [66/1241] Loss: 0.6434 Time: 61.573
#### prediction torch.Size([192, 4])
Epoch [10/11] Step [99/1241] Loss: 0.6903 Time: 61.75
#### prediction torch.Size([192, 4])
Epoch [10/11] Step [132/1241] Loss: 0.6778 Time: 61.929
#### prediction torch.Size([192, 4])
Epoch [10/11] Step [165/1241] Loss: 0.5605 Time: 62.108
#### prediction torch.Size([192, 4])
Epoch [10/11] Step [198/1241] Loss: 0.6318 Time: 62.287
#### prediction torch.Size([192, 4])
Epoch [10/11] Step [231/1241] Loss: 0.5500 Time: 62.465
#### prediction torch.Size([192, 4])
Epoch [10/11] Step [264/1241] Loss: 0.5663 Time: 62.643
#### prediction torch.Size([192, 4])
Epoch [10/11] Step [297/1241] Loss: 0.6085 Time: 62.821
#### prediction torch.Size([192, 4])
Epoch [10/11] Step [330/1241] Loss: 0.6838 Time: 62.999
#### prediction torch.Size([192, 4])
Epoch [10/11] Step [363/1241] Loss: 0.5880 Time: 63.177
#### prediction torch.Size([192, 4])
Epoch [10/11] Step [396/1241] Loss: 0.5780 Time: 63.356
#### prediction torch.Size([192, 4])
Epoch [10/11] Step [429/1241] Loss: 0.6701 Time: 63.534
#### prediction torch.Size([192, 4])
Epoch [10/11] Step [462/1241] Loss: 0.6094 Time: 63.713
#### prediction torch.Size([192, 4])
Epoch [10/11] Step [495/1241] Loss: 0.6057 Time: 63.891
#### prediction torch.Size([192, 4])
Epoch [10/11] Step [528/1241] Loss: 0.6079 Time: 64.069
#### prediction torch.Size([192, 4])
Epoch [10/11] Step [561/1241] Loss: 0.5529 Time: 64.248
#### prediction torch.Size([192, 4])
Epoch [10/11] Step [594/1241] Loss: 0.5822 Time: 64.426
#### prediction torch.Size([192, 4])
Epoch [10/11] Step [627/1241] Loss: 0.6522 Time: 64.604
#### prediction torch.Size([192, 4])
Epoch [10/11] Step [660/1241] Loss: 0.7249 Time: 64.782
#### prediction torch.Size([192, 4])
Epoch [10/11] Step [693/1241] Loss: 0.5847 Time: 64.96
#### prediction torch.Size([192, 4])
Epoch [10/11] Step [726/1241] Loss: 0.6519 Time: 65.138
#### prediction torch.Size([192, 4])
Epoch [10/11] Step [759/1241] Loss: 0.6166 Time: 65.316
#### prediction torch.Size([192, 4])
Epoch [10/11] Step [792/1241] Loss: 0.4847 Time: 65.494
#### prediction torch.Size([192, 4])
Epoch [10/11] Step [825/1241] Loss: 0.5687 Time: 65.673
#### prediction torch.Size([192, 4])
Epoch [10/11] Step [858/1241] Loss: 0.6503 Time: 65.851
#### prediction torch.Size([192, 4])
Epoch [10/11] Step [891/1241] Loss: 0.5952 Time: 66.028
#### prediction torch.Size([192, 4])
Epoch [10/11] Step [924/1241] Loss: 0.6005 Time: 66.206
#### prediction torch.Size([192, 4])
Epoch [10/11] Step [957/1241] Loss: 0.6315 Time: 66.385
#### prediction torch.Size([192, 4])
Epoch [10/11] Step [990/1241] Loss: 0.6867 Time: 66.563
#### prediction torch.Size([192, 4])
Epoch [10/11] Step [1023/1241] Loss: 0.6097 Time: 66.741
#### prediction torch.Size([192, 4])
Epoch [10/11] Step [1056/1241] Loss: 0.6357 Time: 66.919
#### prediction torch.Size([192, 4])
Epoch [10/11] Step [1089/1241] Loss: 0.6257 Time: 67.097
#### prediction torch.Size([192, 4])
Epoch [10/11] Step [1122/1241] Loss: 0.5965 Time: 67.275
#### prediction torch.Size([192, 4])
Epoch [10/11] Step [1155/1241] Loss: 0.6299 Time: 67.453
#### prediction torch.Size([192, 4])
Epoch [10/11] Step [1188/1241] Loss: 0.5684 Time: 67.631
#### prediction torch.Size([192, 4])
Epoch [10/11] Step [1221/1241] Loss: 0.7311 Time: 67.809
#### TRAINED MODEL SEQ_CNN_LSTM model training time: 74.812 total training time: 78.053 ####
#### TRAINING MODEL SEQ_LSTM_CNN ####
#### prediction torch.Size([192, 4])
Epoch [10/11] Step [33/1241] Loss: 0.6799 Time: 69.375
#### prediction torch.Size([192, 4])
Epoch [10/11] Step [66/1241] Loss: 0.5229 Time: 69.576
#### prediction torch.Size([192, 4])
Epoch [10/11] Step [99/1241] Loss: 0.5362 Time: 69.777
#### prediction torch.Size([192, 4])
Epoch [10/11] Step [132/1241] Loss: 0.5256 Time: 69.978
#### prediction torch.Size([192, 4])
Epoch [10/11] Step [165/1241] Loss: 0.5436 Time: 70.179
#### prediction torch.Size([192, 4])
Epoch [10/11] Step [198/1241] Loss: 0.5525 Time: 70.38
#### prediction torch.Size([192, 4])
Epoch [10/11] Step [231/1241] Loss: 0.4891 Time: 70.581
#### prediction torch.Size([192, 4])
Epoch [10/11] Step [264/1241] Loss: 0.4537 Time: 70.782
#### prediction torch.Size([192, 4])
Epoch [10/11] Step [297/1241] Loss: 0.5321 Time: 70.983
#### prediction torch.Size([192, 4])
Epoch [10/11] Step [330/1241] Loss: 0.4569 Time: 71.184
#### prediction torch.Size([192, 4])
Epoch [10/11] Step [363/1241] Loss: 0.5766 Time: 71.385
#### prediction torch.Size([192, 4])
Epoch [10/11] Step [396/1241] Loss: 0.4418 Time: 71.586
#### prediction torch.Size([192, 4])
Epoch [10/11] Step [429/1241] Loss: 0.5055 Time: 71.787
#### prediction torch.Size([192, 4])
Epoch [10/11] Step [462/1241] Loss: 0.5338 Time: 71.988
#### prediction torch.Size([192, 4])
Epoch [10/11] Step [495/1241] Loss: 0.4974 Time: 72.188
#### prediction torch.Size([192, 4])
Epoch [10/11] Step [528/1241] Loss: 0.4410 Time: 72.389
#### prediction torch.Size([192, 4])
Epoch [10/11] Step [561/1241] Loss: 0.4666 Time: 72.591
#### prediction torch.Size([192, 4])
Epoch [10/11] Step [594/1241] Loss: 0.5498 Time: 72.792
#### prediction torch.Size([192, 4])
Epoch [10/11] Step [627/1241] Loss: 0.5329 Time: 72.993
#### prediction torch.Size([192, 4])
Epoch [10/11] Step [660/1241] Loss: 0.5861 Time: 73.194
#### prediction torch.Size([192, 4])
Epoch [10/11] Step [693/1241] Loss: 0.5480 Time: 73.556
#### prediction torch.Size([192, 4])
Epoch [10/11] Step [726/1241] Loss: 0.4857 Time: 73.757
#### prediction torch.Size([192, 4])
Epoch [10/11] Step [759/1241] Loss: 0.5021 Time: 73.959
#### prediction torch.Size([192, 4])
Epoch [10/11] Step [792/1241] Loss: 0.5523 Time: 74.16
#### prediction torch.Size([192, 4])
Epoch [10/11] Step [825/1241] Loss: 0.5630 Time: 74.361
#### prediction torch.Size([192, 4])
Epoch [10/11] Step [858/1241] Loss: 0.5082 Time: 74.563
#### prediction torch.Size([192, 4])
Epoch [10/11] Step [891/1241] Loss: 0.5024 Time: 74.764
#### prediction torch.Size([192, 4])
Epoch [10/11] Step [924/1241] Loss: 0.4869 Time: 74.965
#### prediction torch.Size([192, 4])
Epoch [10/11] Step [957/1241] Loss: 0.4983 Time: 75.166
#### prediction torch.Size([192, 4])
Epoch [10/11] Step [990/1241] Loss: 0.4950 Time: 75.367
#### prediction torch.Size([192, 4])
Epoch [10/11] Step [1023/1241] Loss: 0.5415 Time: 75.57
#### prediction torch.Size([192, 4])
Epoch [10/11] Step [1056/1241] Loss: 0.5979 Time: 75.787
#### prediction torch.Size([192, 4])
Epoch [10/11] Step [1089/1241] Loss: 0.5028 Time: 75.988
#### prediction torch.Size([192, 4])
Epoch [10/11] Step [1122/1241] Loss: 0.4616 Time: 76.189
#### prediction torch.Size([192, 4])
Epoch [10/11] Step [1155/1241] Loss: 0.5490 Time: 76.391
#### prediction torch.Size([192, 4])
Epoch [10/11] Step [1188/1241] Loss: 0.5471 Time: 76.592
#### prediction torch.Size([192, 4])
Epoch [10/11] Step [1221/1241] Loss: 0.4788 Time: 76.793
#### TRAINED MODEL SEQ_LSTM_CNN model training time: 84.516 total training time: 162.569 ####
#### TRAINING MODEL PARA_CNN_LSTM ####
#### prediction torch.Size([192, 4])
Epoch [10/11] Step [33/1241] Loss: 0.4390 Time: 70.521
#### prediction torch.Size([192, 4])
Epoch [10/11] Step [66/1241] Loss: 0.4803 Time: 70.89
#### prediction torch.Size([192, 4])
Epoch [10/11] Step [99/1241] Loss: 0.4965 Time: 71.096
#### prediction torch.Size([192, 4])
Epoch [10/11] Step [132/1241] Loss: 0.4939 Time: 71.3
#### prediction torch.Size([192, 4])
Epoch [10/11] Step [165/1241] Loss: 0.4580 Time: 71.505
#### prediction torch.Size([192, 4])
Epoch [10/11] Step [198/1241] Loss: 0.4207 Time: 71.71
#### prediction torch.Size([192, 4])
Epoch [10/11] Step [231/1241] Loss: 0.4919 Time: 71.915
#### prediction torch.Size([192, 4])
Epoch [10/11] Step [264/1241] Loss: 0.4896 Time: 72.12
#### prediction torch.Size([192, 4])
Epoch [10/11] Step [297/1241] Loss: 0.5235 Time: 72.325
#### prediction torch.Size([192, 4])
Epoch [10/11] Step [330/1241] Loss: 0.4761 Time: 72.529
#### prediction torch.Size([192, 4])
Epoch [10/11] Step [363/1241] Loss: 0.4451 Time: 72.734
#### prediction torch.Size([192, 4])
Epoch [10/11] Step [396/1241] Loss: 0.5225 Time: 72.939
#### prediction torch.Size([192, 4])
Epoch [10/11] Step [429/1241] Loss: 0.4688 Time: 73.144
#### prediction torch.Size([192, 4])
Epoch [10/11] Step [462/1241] Loss: 0.5275 Time: 73.349
#### prediction torch.Size([192, 4])
Epoch [10/11] Step [495/1241] Loss: 0.4683 Time: 73.554
#### prediction torch.Size([192, 4])
Epoch [10/11] Step [528/1241] Loss: 0.5078 Time: 73.759
#### prediction torch.Size([192, 4])
Epoch [10/11] Step [561/1241] Loss: 0.4874 Time: 73.964
#### prediction torch.Size([192, 4])
Epoch [10/11] Step [594/1241] Loss: 0.5140 Time: 74.169
#### prediction torch.Size([192, 4])
Epoch [10/11] Step [627/1241] Loss: 0.4754 Time: 74.374
#### prediction torch.Size([192, 4])
Epoch [10/11] Step [660/1241] Loss: 0.4555 Time: 74.578
#### prediction torch.Size([192, 4])
Epoch [10/11] Step [693/1241] Loss: 0.5287 Time: 74.783
#### prediction torch.Size([192, 4])
Epoch [10/11] Step [726/1241] Loss: 0.5270 Time: 74.988
#### prediction torch.Size([192, 4])
Epoch [10/11] Step [759/1241] Loss: 0.4551 Time: 75.192
#### prediction torch.Size([192, 4])
Epoch [10/11] Step [792/1241] Loss: 0.4818 Time: 75.397
#### prediction torch.Size([192, 4])
Epoch [10/11] Step [825/1241] Loss: 0.5377 Time: 75.602
#### prediction torch.Size([192, 4])
Epoch [10/11] Step [858/1241] Loss: 0.4070 Time: 75.806
#### prediction torch.Size([192, 4])
Epoch [10/11] Step [891/1241] Loss: 0.4138 Time: 76.011
#### prediction torch.Size([192, 4])
Epoch [10/11] Step [924/1241] Loss: 0.4176 Time: 76.216
#### prediction torch.Size([192, 4])
Epoch [10/11] Step [957/1241] Loss: 0.4474 Time: 76.42
#### prediction torch.Size([192, 4])
Epoch [10/11] Step [990/1241] Loss: 0.4438 Time: 76.625
#### prediction torch.Size([192, 4])
Epoch [10/11] Step [1023/1241] Loss: 0.4137 Time: 76.829
#### prediction torch.Size([192, 4])
Epoch [10/11] Step [1056/1241] Loss: 0.4322 Time: 77.034
#### prediction torch.Size([192, 4])
Epoch [10/11] Step [1089/1241] Loss: 0.4996 Time: 77.239
#### prediction torch.Size([192, 4])
Epoch [10/11] Step [1122/1241] Loss: 0.4188 Time: 77.443
#### prediction torch.Size([192, 4])
Epoch [10/11] Step [1155/1241] Loss: 0.4913 Time: 77.648
#### prediction torch.Size([192, 4])
Epoch [10/11] Step [1188/1241] Loss: 0.4657 Time: 77.852
#### prediction torch.Size([192, 4])
Epoch [10/11] Step [1221/1241] Loss: 0.5214 Time: 78.057
#### TRAINED MODEL PARA_CNN_LSTM model training time: 86.072 total training time: 248.641 ####
#### TRAINING TOTAL TIME: 245.401 ####
Accuracy of the SEQ_CNN_LSTM model on the test set: 73.138262 %
Accuracy of the SEQ_LSTM_CNN model on the test set: 76.11805 %
Accuracy of the PARA_CNN_LSTM model on the test set: 79.661899 %
#### TESTING TOTAL TIME: 3.51 ####
#### TIME #### TERMINO #### 5823.561 ####
#### FINITO #### TERMINO #### NO-VA-MAS ####
#### TIMES #### modelling TOTAL TOTAL ==>> 5823.561 seconds
#### #### READING DATA FILES #### ####
149 511 #### COMBI [reg, sid, ban, sec, men, med, sum, max, aci, htp, aei] METRICS ####
('Plantation', '/home/vargas/repos/forests-sounds-vargas/out/data/extraction/Plantation/2_00_PSA0010-2010_dict_y_split_7_2512283_1736694580.pkl')
(297840, 11) Index(['reg', 'sid', 'ban', 'sec', 'men', 'med', 'sum', 'max', 'aci', 'htp',
       'aei'],
      dtype='object') Index(['reg', 'sid', 'ban', 'sec', 'men', 'med', 'sum', 'max', 'aci', 'htp',
       'aei'],
      dtype='object')
#### MERGE 68 merge_data Dataframe shape: (297840, 11) #### time: 265
#### #### SPLIT TRAIN TEST #### ####
#### CLASSES: [0 1 2 3] TOTAL 4
#### SPLIT train_test_split and CUDA: ??? cuda:0 #### time: 34
#### MODELS - TOTAL 3 ####
#### EPOCHS 11 ####
#### TRAINING MODELS ####
#### TRAINING MODEL SEQ_CNN_LSTM ####
#### prediction torch.Size([192, 4])
Epoch [10/11] Step [33/1241] Loss: 0.6115 Time: 61.597
#### prediction torch.Size([192, 4])
Epoch [10/11] Step [66/1241] Loss: 0.5167 Time: 61.775
#### prediction torch.Size([192, 4])
Epoch [10/11] Step [99/1241] Loss: 0.5635 Time: 61.953
#### prediction torch.Size([192, 4])
Epoch [10/11] Step [132/1241] Loss: 0.5289 Time: 62.131
#### prediction torch.Size([192, 4])
Epoch [10/11] Step [165/1241] Loss: 0.4849 Time: 62.309
#### prediction torch.Size([192, 4])
Epoch [10/11] Step [198/1241] Loss: 0.4880 Time: 62.487
#### prediction torch.Size([192, 4])
Epoch [10/11] Step [231/1241] Loss: 0.4489 Time: 62.828
#### prediction torch.Size([192, 4])
Epoch [10/11] Step [264/1241] Loss: 0.3764 Time: 63.008
#### prediction torch.Size([192, 4])
Epoch [10/11] Step [297/1241] Loss: 0.4874 Time: 63.186
#### prediction torch.Size([192, 4])
Epoch [10/11] Step [330/1241] Loss: 0.5519 Time: 63.365
#### prediction torch.Size([192, 4])
Epoch [10/11] Step [363/1241] Loss: 0.5305 Time: 63.543
#### prediction torch.Size([192, 4])
Epoch [10/11] Step [396/1241] Loss: 0.4513 Time: 63.721
#### prediction torch.Size([192, 4])
Epoch [10/11] Step [429/1241] Loss: 0.4901 Time: 63.899
#### prediction torch.Size([192, 4])
Epoch [10/11] Step [462/1241] Loss: 0.4475 Time: 64.078
#### prediction torch.Size([192, 4])
Epoch [10/11] Step [495/1241] Loss: 0.5163 Time: 64.256
#### prediction torch.Size([192, 4])
Epoch [10/11] Step [528/1241] Loss: 0.5299 Time: 64.434
#### prediction torch.Size([192, 4])
Epoch [10/11] Step [561/1241] Loss: 0.4021 Time: 64.612
#### prediction torch.Size([192, 4])
Epoch [10/11] Step [594/1241] Loss: 0.4035 Time: 64.791
#### prediction torch.Size([192, 4])
Epoch [10/11] Step [627/1241] Loss: 0.5167 Time: 64.969
#### prediction torch.Size([192, 4])
Epoch [10/11] Step [660/1241] Loss: 0.4812 Time: 65.147
#### prediction torch.Size([192, 4])
Epoch [10/11] Step [693/1241] Loss: 0.5073 Time: 65.325
#### prediction torch.Size([192, 4])
Epoch [10/11] Step [726/1241] Loss: 0.4867 Time: 65.503
#### prediction torch.Size([192, 4])
Epoch [10/11] Step [759/1241] Loss: 0.4599 Time: 65.681
#### prediction torch.Size([192, 4])
Epoch [10/11] Step [792/1241] Loss: 0.4342 Time: 65.859
#### prediction torch.Size([192, 4])
Epoch [10/11] Step [825/1241] Loss: 0.5032 Time: 66.037
#### prediction torch.Size([192, 4])
Epoch [10/11] Step [858/1241] Loss: 0.4679 Time: 66.216
#### prediction torch.Size([192, 4])
Epoch [10/11] Step [891/1241] Loss: 0.4483 Time: 66.394
#### prediction torch.Size([192, 4])
Epoch [10/11] Step [924/1241] Loss: 0.4648 Time: 66.572
#### prediction torch.Size([192, 4])
Epoch [10/11] Step [957/1241] Loss: 0.5068 Time: 66.75
#### prediction torch.Size([192, 4])
Epoch [10/11] Step [990/1241] Loss: 0.4462 Time: 66.928
#### prediction torch.Size([192, 4])
Epoch [10/11] Step [1023/1241] Loss: 0.5236 Time: 67.107
#### prediction torch.Size([192, 4])
Epoch [10/11] Step [1056/1241] Loss: 0.4930 Time: 67.285
#### prediction torch.Size([192, 4])
Epoch [10/11] Step [1089/1241] Loss: 0.4131 Time: 67.463
#### prediction torch.Size([192, 4])
Epoch [10/11] Step [1122/1241] Loss: 0.4065 Time: 67.642
#### prediction torch.Size([192, 4])
Epoch [10/11] Step [1155/1241] Loss: 0.3899 Time: 67.82
#### prediction torch.Size([192, 4])
Epoch [10/11] Step [1188/1241] Loss: 0.5390 Time: 67.998
#### prediction torch.Size([192, 4])
Epoch [10/11] Step [1221/1241] Loss: 0.4836 Time: 68.176
#### TRAINED MODEL SEQ_CNN_LSTM model training time: 75.172 total training time: 78.793 ####
#### TRAINING MODEL SEQ_LSTM_CNN ####
#### prediction torch.Size([192, 4])
Epoch [10/11] Step [33/1241] Loss: 0.5120 Time: 69.241
#### prediction torch.Size([192, 4])
Epoch [10/11] Step [66/1241] Loss: 0.5558 Time: 69.442
#### prediction torch.Size([192, 4])
Epoch [10/11] Step [99/1241] Loss: 0.5065 Time: 69.643
#### prediction torch.Size([192, 4])
Epoch [10/11] Step [132/1241] Loss: 0.5150 Time: 69.843
#### prediction torch.Size([192, 4])
Epoch [10/11] Step [165/1241] Loss: 0.5152 Time: 70.044
#### prediction torch.Size([192, 4])
Epoch [10/11] Step [198/1241] Loss: 0.6146 Time: 70.244
#### prediction torch.Size([192, 4])
Epoch [10/11] Step [231/1241] Loss: 0.4606 Time: 70.445
#### prediction torch.Size([192, 4])
Epoch [10/11] Step [264/1241] Loss: 0.6019 Time: 70.645
#### prediction torch.Size([192, 4])
Epoch [10/11] Step [297/1241] Loss: 0.5902 Time: 70.846
#### prediction torch.Size([192, 4])
Epoch [10/11] Step [330/1241] Loss: 0.4765 Time: 71.047
#### prediction torch.Size([192, 4])
Epoch [10/11] Step [363/1241] Loss: 0.4914 Time: 71.247
#### prediction torch.Size([192, 4])
Epoch [10/11] Step [396/1241] Loss: 0.4381 Time: 71.448
#### prediction torch.Size([192, 4])
Epoch [10/11] Step [429/1241] Loss: 0.6362 Time: 71.648
#### prediction torch.Size([192, 4])
Epoch [10/11] Step [462/1241] Loss: 0.5717 Time: 71.849
#### prediction torch.Size([192, 4])
Epoch [10/11] Step [495/1241] Loss: 0.6829 Time: 72.049
#### prediction torch.Size([192, 4])
Epoch [10/11] Step [528/1241] Loss: 0.5622 Time: 72.25
#### prediction torch.Size([192, 4])
Epoch [10/11] Step [561/1241] Loss: 0.4565 Time: 72.451
#### prediction torch.Size([192, 4])
Epoch [10/11] Step [594/1241] Loss: 0.4627 Time: 72.652
#### prediction torch.Size([192, 4])
Epoch [10/11] Step [627/1241] Loss: 0.4416 Time: 72.852
#### prediction torch.Size([192, 4])
Epoch [10/11] Step [660/1241] Loss: 0.4979 Time: 73.053
#### prediction torch.Size([192, 4])
Epoch [10/11] Step [693/1241] Loss: 0.5289 Time: 73.254
#### prediction torch.Size([192, 4])
Epoch [10/11] Step [726/1241] Loss: 0.5098 Time: 73.454
#### prediction torch.Size([192, 4])
Epoch [10/11] Step [759/1241] Loss: 0.5714 Time: 73.655
#### prediction torch.Size([192, 4])
Epoch [10/11] Step [792/1241] Loss: 0.6000 Time: 73.855
#### prediction torch.Size([192, 4])
Epoch [10/11] Step [825/1241] Loss: 0.4160 Time: 74.056
#### prediction torch.Size([192, 4])
Epoch [10/11] Step [858/1241] Loss: 0.5758 Time: 74.257
#### prediction torch.Size([192, 4])
Epoch [10/11] Step [891/1241] Loss: 0.5715 Time: 74.458
#### prediction torch.Size([192, 4])
Epoch [10/11] Step [924/1241] Loss: 0.5263 Time: 74.659
#### prediction torch.Size([192, 4])
Epoch [10/11] Step [957/1241] Loss: 0.4099 Time: 74.859
#### prediction torch.Size([192, 4])
Epoch [10/11] Step [990/1241] Loss: 0.6479 Time: 75.06
#### prediction torch.Size([192, 4])
Epoch [10/11] Step [1023/1241] Loss: 0.5186 Time: 75.261
#### prediction torch.Size([192, 4])
Epoch [10/11] Step [1056/1241] Loss: 0.5005 Time: 75.461
#### prediction torch.Size([192, 4])
Epoch [10/11] Step [1089/1241] Loss: 0.5635 Time: 75.668
#### prediction torch.Size([192, 4])
Epoch [10/11] Step [1122/1241] Loss: 0.4592 Time: 75.871
#### prediction torch.Size([192, 4])
Epoch [10/11] Step [1155/1241] Loss: 0.4836 Time: 76.075
#### prediction torch.Size([192, 4])
Epoch [10/11] Step [1188/1241] Loss: 0.5187 Time: 76.293
#### prediction torch.Size([192, 4])
Epoch [10/11] Step [1221/1241] Loss: 0.5202 Time: 76.495
#### TRAINED MODEL SEQ_LSTM_CNN model training time: 84.413 total training time: 163.207 ####
#### TRAINING MODEL PARA_CNN_LSTM ####
#### prediction torch.Size([192, 4])
Epoch [10/11] Step [33/1241] Loss: 0.4997 Time: 70.739
#### prediction torch.Size([192, 4])
Epoch [10/11] Step [66/1241] Loss: 0.5161 Time: 70.945
#### prediction torch.Size([192, 4])
Epoch [10/11] Step [99/1241] Loss: 0.4585 Time: 71.15
#### prediction torch.Size([192, 4])
Epoch [10/11] Step [132/1241] Loss: 0.4744 Time: 71.355
#### prediction torch.Size([192, 4])
Epoch [10/11] Step [165/1241] Loss: 0.5709 Time: 71.56
#### prediction torch.Size([192, 4])
Epoch [10/11] Step [198/1241] Loss: 0.5173 Time: 71.766
#### prediction torch.Size([192, 4])
Epoch [10/11] Step [231/1241] Loss: 0.3745 Time: 71.971
#### prediction torch.Size([192, 4])
Epoch [10/11] Step [264/1241] Loss: 0.4925 Time: 72.177
#### prediction torch.Size([192, 4])
Epoch [10/11] Step [297/1241] Loss: 0.5065 Time: 72.382
#### prediction torch.Size([192, 4])
Epoch [10/11] Step [330/1241] Loss: 0.4597 Time: 72.587
#### prediction torch.Size([192, 4])
Epoch [10/11] Step [363/1241] Loss: 0.4726 Time: 72.793
#### prediction torch.Size([192, 4])
Epoch [10/11] Step [396/1241] Loss: 0.4518 Time: 72.998
#### prediction torch.Size([192, 4])
Epoch [10/11] Step [429/1241] Loss: 0.4558 Time: 73.204
#### prediction torch.Size([192, 4])
Epoch [10/11] Step [462/1241] Loss: 0.5418 Time: 73.409
#### prediction torch.Size([192, 4])
Epoch [10/11] Step [495/1241] Loss: 0.5935 Time: 73.614
#### prediction torch.Size([192, 4])
Epoch [10/11] Step [528/1241] Loss: 0.4872 Time: 73.819
#### prediction torch.Size([192, 4])
Epoch [10/11] Step [561/1241] Loss: 0.4698 Time: 74.025
#### prediction torch.Size([192, 4])
Epoch [10/11] Step [594/1241] Loss: 0.4835 Time: 74.23
#### prediction torch.Size([192, 4])
Epoch [10/11] Step [627/1241] Loss: 0.5034 Time: 74.435
#### prediction torch.Size([192, 4])
Epoch [10/11] Step [660/1241] Loss: 0.5258 Time: 74.64
#### prediction torch.Size([192, 4])
Epoch [10/11] Step [693/1241] Loss: 0.4677 Time: 74.845
#### prediction torch.Size([192, 4])
Epoch [10/11] Step [726/1241] Loss: 0.4878 Time: 75.05
#### prediction torch.Size([192, 4])
Epoch [10/11] Step [759/1241] Loss: 0.4798 Time: 75.256
#### prediction torch.Size([192, 4])
Epoch [10/11] Step [792/1241] Loss: 0.4376 Time: 75.461
#### prediction torch.Size([192, 4])
Epoch [10/11] Step [825/1241] Loss: 0.4874 Time: 75.666
#### prediction torch.Size([192, 4])
Epoch [10/11] Step [858/1241] Loss: 0.5537 Time: 75.872
#### prediction torch.Size([192, 4])
Epoch [10/11] Step [891/1241] Loss: 0.4335 Time: 76.078
#### prediction torch.Size([192, 4])
Epoch [10/11] Step [924/1241] Loss: 0.4603 Time: 76.283
#### prediction torch.Size([192, 4])
Epoch [10/11] Step [957/1241] Loss: 0.4336 Time: 76.488
#### prediction torch.Size([192, 4])
Epoch [10/11] Step [990/1241] Loss: 0.4620 Time: 76.694
#### prediction torch.Size([192, 4])
Epoch [10/11] Step [1023/1241] Loss: 0.5842 Time: 76.899
#### prediction torch.Size([192, 4])
Epoch [10/11] Step [1056/1241] Loss: 0.4834 Time: 77.104
#### prediction torch.Size([192, 4])
Epoch [10/11] Step [1089/1241] Loss: 0.5212 Time: 77.31
#### prediction torch.Size([192, 4])
Epoch [10/11] Step [1122/1241] Loss: 0.4265 Time: 77.516
#### prediction torch.Size([192, 4])
Epoch [10/11] Step [1155/1241] Loss: 0.4641 Time: 77.882
#### prediction torch.Size([192, 4])
Epoch [10/11] Step [1188/1241] Loss: 0.5190 Time: 78.088
#### prediction torch.Size([192, 4])
Epoch [10/11] Step [1221/1241] Loss: 0.4610 Time: 78.293
#### TRAINED MODEL PARA_CNN_LSTM model training time: 86.192 total training time: 249.398 ####
#### TRAINING TOTAL TIME: 245.777 ####
Accuracy of the SEQ_CNN_LSTM model on the test set: 79.151558 %
Accuracy of the SEQ_LSTM_CNN model on the test set: 78.352471 %
Accuracy of the PARA_CNN_LSTM model on the test set: 79.818023 %
#### TESTING TOTAL TIME: 3.681 ####
#### TIME #### TERMINO #### 6125.186 ####
#### FINITO #### TERMINO #### NO-VA-MAS ####
#### TIMES #### modelling TOTAL TOTAL ==>> 6125.186 seconds
#### #### READING DATA FILES #### ####
150 511 #### COMBI [reg, sid, ban, sec, men, med, sum, max, aci, hhh, aei] METRICS ####
('Plantation', '/home/vargas/repos/forests-sounds-vargas/out/data/extraction/Plantation/2_00_PSA0010-2010_dict_y_split_7_2512283_1736694580.pkl')
(297840, 11) Index(['reg', 'sid', 'ban', 'sec', 'men', 'med', 'sum', 'max', 'aci', 'hhh',
       'aei'],
      dtype='object') Index(['reg', 'sid', 'ban', 'sec', 'men', 'med', 'sum', 'max', 'aci', 'hhh',
       'aei'],
      dtype='object')
#### MERGE 68 merge_data Dataframe shape: (297840, 11) #### time: 268
#### #### SPLIT TRAIN TEST #### ####
#### CLASSES: [0 1 2 3] TOTAL 4
#### SPLIT train_test_split and CUDA: ??? cuda:0 #### time: 35
#### MODELS - TOTAL 3 ####
#### EPOCHS 11 ####
#### TRAINING MODELS ####
#### TRAINING MODEL SEQ_CNN_LSTM ####
#### prediction torch.Size([192, 4])
Epoch [10/11] Step [33/1241] Loss: 0.6599 Time: 61.41
#### prediction torch.Size([192, 4])
Epoch [10/11] Step [66/1241] Loss: 0.6034 Time: 61.588
#### prediction torch.Size([192, 4])
Epoch [10/11] Step [99/1241] Loss: 0.5395 Time: 61.765
#### prediction torch.Size([192, 4])
Epoch [10/11] Step [132/1241] Loss: 0.4853 Time: 61.943
#### prediction torch.Size([192, 4])
Epoch [10/11] Step [165/1241] Loss: 0.4537 Time: 62.121
#### prediction torch.Size([192, 4])
Epoch [10/11] Step [198/1241] Loss: 0.6287 Time: 62.299
#### prediction torch.Size([192, 4])
Epoch [10/11] Step [231/1241] Loss: 0.4713 Time: 62.477
#### prediction torch.Size([192, 4])
Epoch [10/11] Step [264/1241] Loss: 0.4334 Time: 62.655
#### prediction torch.Size([192, 4])
Epoch [10/11] Step [297/1241] Loss: 0.4880 Time: 62.833
#### prediction torch.Size([192, 4])
Epoch [10/11] Step [330/1241] Loss: 0.5930 Time: 63.011
#### prediction torch.Size([192, 4])
Epoch [10/11] Step [363/1241] Loss: 0.4713 Time: 63.188
#### prediction torch.Size([192, 4])
Epoch [10/11] Step [396/1241] Loss: 0.5076 Time: 63.366
#### prediction torch.Size([192, 4])
Epoch [10/11] Step [429/1241] Loss: 0.5473 Time: 63.543
#### prediction torch.Size([192, 4])
Epoch [10/11] Step [462/1241] Loss: 0.5815 Time: 63.721
#### prediction torch.Size([192, 4])
Epoch [10/11] Step [495/1241] Loss: 0.7276 Time: 63.899
#### prediction torch.Size([192, 4])
Epoch [10/11] Step [528/1241] Loss: 0.6132 Time: 64.078
#### prediction torch.Size([192, 4])
Epoch [10/11] Step [561/1241] Loss: 0.4736 Time: 64.256
#### prediction torch.Size([192, 4])
Epoch [10/11] Step [594/1241] Loss: 0.5127 Time: 64.434
#### prediction torch.Size([192, 4])
Epoch [10/11] Step [627/1241] Loss: 0.4802 Time: 64.612
#### prediction torch.Size([192, 4])
Epoch [10/11] Step [660/1241] Loss: 0.5143 Time: 64.789
#### prediction torch.Size([192, 4])
Epoch [10/11] Step [693/1241] Loss: 0.4837 Time: 64.967
#### prediction torch.Size([192, 4])
Epoch [10/11] Step [726/1241] Loss: 0.5124 Time: 65.145
#### prediction torch.Size([192, 4])
Epoch [10/11] Step [759/1241] Loss: 0.5057 Time: 65.322
#### prediction torch.Size([192, 4])
Epoch [10/11] Step [792/1241] Loss: 0.5528 Time: 65.5
#### prediction torch.Size([192, 4])
Epoch [10/11] Step [825/1241] Loss: 0.4721 Time: 65.678
#### prediction torch.Size([192, 4])
Epoch [10/11] Step [858/1241] Loss: 0.4013 Time: 65.856
#### prediction torch.Size([192, 4])
Epoch [10/11] Step [891/1241] Loss: 0.4700 Time: 66.034
#### prediction torch.Size([192, 4])
Epoch [10/11] Step [924/1241] Loss: 0.4722 Time: 66.212
#### prediction torch.Size([192, 4])
Epoch [10/11] Step [957/1241] Loss: 0.5124 Time: 66.389
#### prediction torch.Size([192, 4])
Epoch [10/11] Step [990/1241] Loss: 0.5080 Time: 66.567
#### prediction torch.Size([192, 4])
Epoch [10/11] Step [1023/1241] Loss: 0.4825 Time: 66.745
#### prediction torch.Size([192, 4])
Epoch [10/11] Step [1056/1241] Loss: 0.5881 Time: 66.923
#### prediction torch.Size([192, 4])
Epoch [10/11] Step [1089/1241] Loss: 0.4242 Time: 67.1
#### prediction torch.Size([192, 4])
Epoch [10/11] Step [1122/1241] Loss: 0.4359 Time: 67.278
#### prediction torch.Size([192, 4])
Epoch [10/11] Step [1155/1241] Loss: 0.5812 Time: 67.456
#### prediction torch.Size([192, 4])
Epoch [10/11] Step [1188/1241] Loss: 0.5219 Time: 67.634
#### prediction torch.Size([192, 4])
Epoch [10/11] Step [1221/1241] Loss: 0.5816 Time: 67.812
#### TRAINED MODEL SEQ_CNN_LSTM model training time: 74.802 total training time: 78.399 ####
#### TRAINING MODEL SEQ_LSTM_CNN ####
#### prediction torch.Size([192, 4])
Epoch [10/11] Step [33/1241] Loss: 0.5859 Time: 69.414
#### prediction torch.Size([192, 4])
Epoch [10/11] Step [66/1241] Loss: 0.5593 Time: 69.615
#### prediction torch.Size([192, 4])
Epoch [10/11] Step [99/1241] Loss: 0.5142 Time: 69.817
#### prediction torch.Size([192, 4])
Epoch [10/11] Step [132/1241] Loss: 0.5363 Time: 70.018
#### prediction torch.Size([192, 4])
Epoch [10/11] Step [165/1241] Loss: 0.5462 Time: 70.219
#### prediction torch.Size([192, 4])
Epoch [10/11] Step [198/1241] Loss: 0.5119 Time: 70.42
#### prediction torch.Size([192, 4])
Epoch [10/11] Step [231/1241] Loss: 0.4445 Time: 70.621
#### prediction torch.Size([192, 4])
Epoch [10/11] Step [264/1241] Loss: 0.5700 Time: 70.822
#### prediction torch.Size([192, 4])
Epoch [10/11] Step [297/1241] Loss: 0.5694 Time: 71.023
#### prediction torch.Size([192, 4])
Epoch [10/11] Step [330/1241] Loss: 0.6076 Time: 71.225
#### prediction torch.Size([192, 4])
Epoch [10/11] Step [363/1241] Loss: 0.5522 Time: 71.427
#### prediction torch.Size([192, 4])
Epoch [10/11] Step [396/1241] Loss: 0.5470 Time: 71.628
#### prediction torch.Size([192, 4])
Epoch [10/11] Step [429/1241] Loss: 0.5809 Time: 71.829
#### prediction torch.Size([192, 4])
Epoch [10/11] Step [462/1241] Loss: 0.5436 Time: 72.03
#### prediction torch.Size([192, 4])
Epoch [10/11] Step [495/1241] Loss: 0.5825 Time: 72.231
#### prediction torch.Size([192, 4])
Epoch [10/11] Step [528/1241] Loss: 0.5106 Time: 72.432
#### prediction torch.Size([192, 4])
Epoch [10/11] Step [561/1241] Loss: 0.5899 Time: 72.633
#### prediction torch.Size([192, 4])
Epoch [10/11] Step [594/1241] Loss: 0.6334 Time: 72.836
#### prediction torch.Size([192, 4])
Epoch [10/11] Step [627/1241] Loss: 0.6411 Time: 73.037
#### prediction torch.Size([192, 4])
Epoch [10/11] Step [660/1241] Loss: 0.5290 Time: 73.399
#### prediction torch.Size([192, 4])
Epoch [10/11] Step [693/1241] Loss: 0.6442 Time: 73.6
#### prediction torch.Size([192, 4])
Epoch [10/11] Step [726/1241] Loss: 0.6829 Time: 73.801
#### prediction torch.Size([192, 4])
Epoch [10/11] Step [759/1241] Loss: 0.6206 Time: 74.003
#### prediction torch.Size([192, 4])
Epoch [10/11] Step [792/1241] Loss: 0.5126 Time: 74.204
#### prediction torch.Size([192, 4])
Epoch [10/11] Step [825/1241] Loss: 0.5845 Time: 74.406
#### prediction torch.Size([192, 4])
Epoch [10/11] Step [858/1241] Loss: 0.6628 Time: 74.608
#### prediction torch.Size([192, 4])
Epoch [10/11] Step [891/1241] Loss: 0.5283 Time: 74.809
#### prediction torch.Size([192, 4])
Epoch [10/11] Step [924/1241] Loss: 0.5701 Time: 75.012
#### prediction torch.Size([192, 4])
Epoch [10/11] Step [957/1241] Loss: 0.5649 Time: 75.228
#### prediction torch.Size([192, 4])
Epoch [10/11] Step [990/1241] Loss: 0.6068 Time: 75.432
#### prediction torch.Size([192, 4])
Epoch [10/11] Step [1023/1241] Loss: 0.5468 Time: 75.633
#### prediction torch.Size([192, 4])
Epoch [10/11] Step [1056/1241] Loss: 0.5010 Time: 75.834
#### prediction torch.Size([192, 4])
Epoch [10/11] Step [1089/1241] Loss: 0.5532 Time: 76.036
#### prediction torch.Size([192, 4])
Epoch [10/11] Step [1122/1241] Loss: 0.5511 Time: 76.237
#### prediction torch.Size([192, 4])
Epoch [10/11] Step [1155/1241] Loss: 0.6233 Time: 76.439
#### prediction torch.Size([192, 4])
Epoch [10/11] Step [1188/1241] Loss: 0.5928 Time: 76.64
#### prediction torch.Size([192, 4])
Epoch [10/11] Step [1221/1241] Loss: 0.5004 Time: 76.841
#### TRAINED MODEL SEQ_LSTM_CNN model training time: 84.562 total training time: 162.96 ####
#### TRAINING MODEL PARA_CNN_LSTM ####
#### prediction torch.Size([192, 4])
Epoch [10/11] Step [33/1241] Loss: 0.6333 Time: 70.812
#### prediction torch.Size([192, 4])
Epoch [10/11] Step [66/1241] Loss: 0.7913 Time: 71.018
#### prediction torch.Size([192, 4])
Epoch [10/11] Step [99/1241] Loss: 0.6070 Time: 71.223
#### prediction torch.Size([192, 4])
Epoch [10/11] Step [132/1241] Loss: 0.6533 Time: 71.428
#### prediction torch.Size([192, 4])
Epoch [10/11] Step [165/1241] Loss: 0.6108 Time: 71.633
#### prediction torch.Size([192, 4])
Epoch [10/11] Step [198/1241] Loss: 0.6614 Time: 71.838
#### prediction torch.Size([192, 4])
Epoch [10/11] Step [231/1241] Loss: 0.6561 Time: 72.043
#### prediction torch.Size([192, 4])
Epoch [10/11] Step [264/1241] Loss: 0.5958 Time: 72.248
#### prediction torch.Size([192, 4])
Epoch [10/11] Step [297/1241] Loss: 0.5056 Time: 72.453
#### prediction torch.Size([192, 4])
Epoch [10/11] Step [330/1241] Loss: 0.6887 Time: 72.658
#### prediction torch.Size([192, 4])
Epoch [10/11] Step [363/1241] Loss: 0.5947 Time: 72.863
#### prediction torch.Size([192, 4])
Epoch [10/11] Step [396/1241] Loss: 0.5715 Time: 73.068
#### prediction torch.Size([192, 4])
Epoch [10/11] Step [429/1241] Loss: 0.6076 Time: 73.273
#### prediction torch.Size([192, 4])
Epoch [10/11] Step [462/1241] Loss: 0.6074 Time: 73.478
#### prediction torch.Size([192, 4])
Epoch [10/11] Step [495/1241] Loss: 0.5329 Time: 73.683
#### prediction torch.Size([192, 4])
Epoch [10/11] Step [528/1241] Loss: 0.7656 Time: 73.888
#### prediction torch.Size([192, 4])
Epoch [10/11] Step [561/1241] Loss: 0.6194 Time: 74.093
#### prediction torch.Size([192, 4])
Epoch [10/11] Step [594/1241] Loss: 0.7737 Time: 74.298
#### prediction torch.Size([192, 4])
Epoch [10/11] Step [627/1241] Loss: 0.6284 Time: 74.503
#### prediction torch.Size([192, 4])
Epoch [10/11] Step [660/1241] Loss: 0.5935 Time: 74.708
#### prediction torch.Size([192, 4])
Epoch [10/11] Step [693/1241] Loss: 0.5957 Time: 74.913
#### prediction torch.Size([192, 4])
Epoch [10/11] Step [726/1241] Loss: 0.5890 Time: 75.118
#### prediction torch.Size([192, 4])
Epoch [10/11] Step [759/1241] Loss: 0.6743 Time: 75.323
#### prediction torch.Size([192, 4])
Epoch [10/11] Step [792/1241] Loss: 0.6901 Time: 75.528
#### prediction torch.Size([192, 4])
Epoch [10/11] Step [825/1241] Loss: 0.5241 Time: 75.733
#### prediction torch.Size([192, 4])
Epoch [10/11] Step [858/1241] Loss: 0.7003 Time: 75.938
#### prediction torch.Size([192, 4])
Epoch [10/11] Step [891/1241] Loss: 0.6536 Time: 76.143
#### prediction torch.Size([192, 4])
Epoch [10/11] Step [924/1241] Loss: 0.5395 Time: 76.348
#### prediction torch.Size([192, 4])
Epoch [10/11] Step [957/1241] Loss: 0.5669 Time: 76.552
#### prediction torch.Size([192, 4])
Epoch [10/11] Step [990/1241] Loss: 0.5470 Time: 76.757
#### prediction torch.Size([192, 4])
Epoch [10/11] Step [1023/1241] Loss: 0.5874 Time: 76.964
#### prediction torch.Size([192, 4])
Epoch [10/11] Step [1056/1241] Loss: 0.4766 Time: 77.168
#### prediction torch.Size([192, 4])
Epoch [10/11] Step [1089/1241] Loss: 0.6719 Time: 77.373
#### prediction torch.Size([192, 4])
Epoch [10/11] Step [1122/1241] Loss: 0.5766 Time: 77.578
#### prediction torch.Size([192, 4])
Epoch [10/11] Step [1155/1241] Loss: 0.5472 Time: 77.783
#### prediction torch.Size([192, 4])
Epoch [10/11] Step [1188/1241] Loss: 0.6547 Time: 77.988
#### prediction torch.Size([192, 4])
Epoch [10/11] Step [1221/1241] Loss: 0.5203 Time: 78.202
#### TRAINED MODEL PARA_CNN_LSTM model training time: 86.235 total training time: 249.195 ####
#### TRAINING TOTAL TIME: 245.599 ####
Accuracy of the SEQ_CNN_LSTM model on the test set: 77.937819 %
Accuracy of the SEQ_LSTM_CNN model on the test set: 76.519272 %
Accuracy of the PARA_CNN_LSTM model on the test set: 73.059361 %
#### TESTING TOTAL TIME: 3.509 ####
#### TIME #### TERMINO #### 6428.149 ####
#### FINITO #### TERMINO #### NO-VA-MAS ####
#### TIMES #### modelling TOTAL TOTAL ==>> 6428.149 seconds
#### #### READING DATA FILES #### ####
151 511 #### COMBI [reg, sid, ban, sec, men, med, sum, max, bet, mmm, npp] METRICS ####
('Plantation', '/home/vargas/repos/forests-sounds-vargas/out/data/extraction/Plantation/2_00_PSA0010-2010_dict_y_split_7_2512283_1736694580.pkl')
(297840, 11) Index(['reg', 'sid', 'ban', 'sec', 'men', 'med', 'sum', 'max', 'bet', 'mmm',
       'npp'],
      dtype='object') Index(['reg', 'sid', 'ban', 'sec', 'men', 'med', 'sum', 'max', 'bet', 'mmm',
       'npp'],
      dtype='object')
#### MERGE 68 merge_data Dataframe shape: (297840, 11) #### time: 268
#### #### SPLIT TRAIN TEST #### ####
#### CLASSES: [0 1 2 3] TOTAL 4
#### SPLIT train_test_split and CUDA: ??? cuda:0 #### time: 34
#### MODELS - TOTAL 3 ####
#### EPOCHS 11 ####
#### TRAINING MODELS ####
#### TRAINING MODEL SEQ_CNN_LSTM ####
#### prediction torch.Size([192, 4])
Epoch [10/11] Step [33/1241] Loss: 0.1319 Time: 61.409
#### prediction torch.Size([192, 4])
Epoch [10/11] Step [66/1241] Loss: 0.1698 Time: 61.588
#### prediction torch.Size([192, 4])
Epoch [10/11] Step [99/1241] Loss: 0.1502 Time: 61.766
#### prediction torch.Size([192, 4])
Epoch [10/11] Step [132/1241] Loss: 0.1671 Time: 61.944
#### prediction torch.Size([192, 4])
Epoch [10/11] Step [165/1241] Loss: 0.1550 Time: 62.121
#### prediction torch.Size([192, 4])
Epoch [10/11] Step [198/1241] Loss: 0.1845 Time: 62.46
#### prediction torch.Size([192, 4])
Epoch [10/11] Step [231/1241] Loss: 0.1162 Time: 62.638
#### prediction torch.Size([192, 4])
Epoch [10/11] Step [264/1241] Loss: 0.1374 Time: 62.816
#### prediction torch.Size([192, 4])
Epoch [10/11] Step [297/1241] Loss: 0.1261 Time: 62.994
#### prediction torch.Size([192, 4])
Epoch [10/11] Step [330/1241] Loss: 0.1692 Time: 63.172
#### prediction torch.Size([192, 4])
Epoch [10/11] Step [363/1241] Loss: 0.2336 Time: 63.35
#### prediction torch.Size([192, 4])
Epoch [10/11] Step [396/1241] Loss: 0.1556 Time: 63.527
#### prediction torch.Size([192, 4])
Epoch [10/11] Step [429/1241] Loss: 0.1682 Time: 63.705
#### prediction torch.Size([192, 4])
Epoch [10/11] Step [462/1241] Loss: 0.1142 Time: 63.883
#### prediction torch.Size([192, 4])
Epoch [10/11] Step [495/1241] Loss: 0.1584 Time: 64.061
#### prediction torch.Size([192, 4])
Epoch [10/11] Step [528/1241] Loss: 0.1263 Time: 64.241
#### prediction torch.Size([192, 4])
Epoch [10/11] Step [561/1241] Loss: 0.1300 Time: 64.419
#### prediction torch.Size([192, 4])
Epoch [10/11] Step [594/1241] Loss: 0.1390 Time: 64.596
#### prediction torch.Size([192, 4])
Epoch [10/11] Step [627/1241] Loss: 0.1338 Time: 64.774
#### prediction torch.Size([192, 4])
Epoch [10/11] Step [660/1241] Loss: 0.0911 Time: 64.952
#### prediction torch.Size([192, 4])
Epoch [10/11] Step [693/1241] Loss: 0.1482 Time: 65.13
#### prediction torch.Size([192, 4])
Epoch [10/11] Step [726/1241] Loss: 0.1501 Time: 65.309
#### prediction torch.Size([192, 4])
Epoch [10/11] Step [759/1241] Loss: 0.1009 Time: 65.487
#### prediction torch.Size([192, 4])
Epoch [10/11] Step [792/1241] Loss: 0.1207 Time: 65.664
#### prediction torch.Size([192, 4])
Epoch [10/11] Step [825/1241] Loss: 0.1396 Time: 65.842
#### prediction torch.Size([192, 4])
Epoch [10/11] Step [858/1241] Loss: 0.1234 Time: 66.02
#### prediction torch.Size([192, 4])
Epoch [10/11] Step [891/1241] Loss: 0.1323 Time: 66.197
#### prediction torch.Size([192, 4])
Epoch [10/11] Step [924/1241] Loss: 0.1219 Time: 66.376
#### prediction torch.Size([192, 4])
Epoch [10/11] Step [957/1241] Loss: 0.1102 Time: 66.554
#### prediction torch.Size([192, 4])
Epoch [10/11] Step [990/1241] Loss: 0.1963 Time: 66.732
#### prediction torch.Size([192, 4])
Epoch [10/11] Step [1023/1241] Loss: 0.1691 Time: 66.91
#### prediction torch.Size([192, 4])
Epoch [10/11] Step [1056/1241] Loss: 0.2057 Time: 67.087
#### prediction torch.Size([192, 4])
Epoch [10/11] Step [1089/1241] Loss: 0.1788 Time: 67.265
#### prediction torch.Size([192, 4])
Epoch [10/11] Step [1122/1241] Loss: 0.1208 Time: 67.443
#### prediction torch.Size([192, 4])
Epoch [10/11] Step [1155/1241] Loss: 0.1471 Time: 67.621
#### prediction torch.Size([192, 4])
Epoch [10/11] Step [1188/1241] Loss: 0.1626 Time: 67.799
#### prediction torch.Size([192, 4])
Epoch [10/11] Step [1221/1241] Loss: 0.1600 Time: 67.977
#### TRAINED MODEL SEQ_CNN_LSTM model training time: 74.983 total training time: 78.444 ####
#### TRAINING MODEL SEQ_LSTM_CNN ####
#### prediction torch.Size([192, 4])
Epoch [10/11] Step [33/1241] Loss: 0.1093 Time: 69.628
#### prediction torch.Size([192, 4])
Epoch [10/11] Step [66/1241] Loss: 0.1262 Time: 69.833
#### prediction torch.Size([192, 4])
Epoch [10/11] Step [99/1241] Loss: 0.1111 Time: 70.036
#### prediction torch.Size([192, 4])
Epoch [10/11] Step [132/1241] Loss: 0.1248 Time: 70.238
#### prediction torch.Size([192, 4])
Epoch [10/11] Step [165/1241] Loss: 0.1634 Time: 70.441
#### prediction torch.Size([192, 4])
Epoch [10/11] Step [198/1241] Loss: 0.1289 Time: 70.643
#### prediction torch.Size([192, 4])
Epoch [10/11] Step [231/1241] Loss: 0.1654 Time: 70.846
#### prediction torch.Size([192, 4])
Epoch [10/11] Step [264/1241] Loss: 0.1274 Time: 71.048
#### prediction torch.Size([192, 4])
Epoch [10/11] Step [297/1241] Loss: 0.0760 Time: 71.25
#### prediction torch.Size([192, 4])
Epoch [10/11] Step [330/1241] Loss: 0.1317 Time: 71.454
#### prediction torch.Size([192, 4])
Epoch [10/11] Step [363/1241] Loss: 0.1070 Time: 71.656
#### prediction torch.Size([192, 4])
Epoch [10/11] Step [396/1241] Loss: 0.1448 Time: 71.858
#### prediction torch.Size([192, 4])
Epoch [10/11] Step [429/1241] Loss: 0.1447 Time: 72.06
#### prediction torch.Size([192, 4])
Epoch [10/11] Step [462/1241] Loss: 0.1676 Time: 72.262
#### prediction torch.Size([192, 4])
Epoch [10/11] Step [495/1241] Loss: 0.1397 Time: 72.465
#### prediction torch.Size([192, 4])
Epoch [10/11] Step [528/1241] Loss: 0.1924 Time: 72.67
#### prediction torch.Size([192, 4])
Epoch [10/11] Step [561/1241] Loss: 0.1418 Time: 72.872
#### prediction torch.Size([192, 4])
Epoch [10/11] Step [594/1241] Loss: 0.1255 Time: 73.075
#### prediction torch.Size([192, 4])
Epoch [10/11] Step [627/1241] Loss: 0.2254 Time: 73.277
#### prediction torch.Size([192, 4])
Epoch [10/11] Step [660/1241] Loss: 0.1663 Time: 73.479
#### prediction torch.Size([192, 4])
Epoch [10/11] Step [693/1241] Loss: 0.0833 Time: 73.681
#### prediction torch.Size([192, 4])
Epoch [10/11] Step [726/1241] Loss: 0.0996 Time: 73.885
#### prediction torch.Size([192, 4])
Epoch [10/11] Step [759/1241] Loss: 0.1046 Time: 74.104
#### prediction torch.Size([192, 4])
Epoch [10/11] Step [792/1241] Loss: 0.1428 Time: 74.307
#### prediction torch.Size([192, 4])
Epoch [10/11] Step [825/1241] Loss: 0.1647 Time: 74.509
#### prediction torch.Size([192, 4])
Epoch [10/11] Step [858/1241] Loss: 0.1429 Time: 74.711
#### prediction torch.Size([192, 4])
Epoch [10/11] Step [891/1241] Loss: 0.1601 Time: 74.914
#### prediction torch.Size([192, 4])
Epoch [10/11] Step [924/1241] Loss: 0.1133 Time: 75.116
#### prediction torch.Size([192, 4])
Epoch [10/11] Step [957/1241] Loss: 0.1045 Time: 75.318
#### prediction torch.Size([192, 4])
Epoch [10/11] Step [990/1241] Loss: 0.1477 Time: 75.521
#### prediction torch.Size([192, 4])
Epoch [10/11] Step [1023/1241] Loss: 0.1225 Time: 75.723
#### prediction torch.Size([192, 4])
Epoch [10/11] Step [1056/1241] Loss: 0.1582 Time: 75.925
#### prediction torch.Size([192, 4])
Epoch [10/11] Step [1089/1241] Loss: 0.1349 Time: 76.127
#### prediction torch.Size([192, 4])
Epoch [10/11] Step [1122/1241] Loss: 0.1394 Time: 76.329
#### prediction torch.Size([192, 4])
Epoch [10/11] Step [1155/1241] Loss: 0.1595 Time: 76.531
#### prediction torch.Size([192, 4])
Epoch [10/11] Step [1188/1241] Loss: 0.1344 Time: 76.734
#### prediction torch.Size([192, 4])
Epoch [10/11] Step [1221/1241] Loss: 0.1252 Time: 76.937
#### TRAINED MODEL SEQ_LSTM_CNN model training time: 84.858 total training time: 163.302 ####
#### TRAINING MODEL PARA_CNN_LSTM ####
#### prediction torch.Size([192, 4])
Epoch [10/11] Step [33/1241] Loss: 0.1792 Time: 70.804
#### prediction torch.Size([192, 4])
Epoch [10/11] Step [66/1241] Loss: 0.1426 Time: 71.009
#### prediction torch.Size([192, 4])
Epoch [10/11] Step [99/1241] Loss: 0.1884 Time: 71.215
#### prediction torch.Size([192, 4])
Epoch [10/11] Step [132/1241] Loss: 0.1693 Time: 71.421
#### prediction torch.Size([192, 4])
Epoch [10/11] Step [165/1241] Loss: 0.1233 Time: 71.626
#### prediction torch.Size([192, 4])
Epoch [10/11] Step [198/1241] Loss: 0.1389 Time: 71.831
#### prediction torch.Size([192, 4])
Epoch [10/11] Step [231/1241] Loss: 0.1528 Time: 72.037
#### prediction torch.Size([192, 4])
Epoch [10/11] Step [264/1241] Loss: 0.1806 Time: 72.243
#### prediction torch.Size([192, 4])
Epoch [10/11] Step [297/1241] Loss: 0.1440 Time: 72.449
#### prediction torch.Size([192, 4])
Epoch [10/11] Step [330/1241] Loss: 0.1292 Time: 72.655
#### prediction torch.Size([192, 4])
Epoch [10/11] Step [363/1241] Loss: 0.0918 Time: 72.86
#### prediction torch.Size([192, 4])
Epoch [10/11] Step [396/1241] Loss: 0.1436 Time: 73.065
#### prediction torch.Size([192, 4])
Epoch [10/11] Step [429/1241] Loss: 0.1499 Time: 73.27
#### prediction torch.Size([192, 4])
Epoch [10/11] Step [462/1241] Loss: 0.1431 Time: 73.477
#### prediction torch.Size([192, 4])
Epoch [10/11] Step [495/1241] Loss: 0.1037 Time: 73.682
#### prediction torch.Size([192, 4])
Epoch [10/11] Step [528/1241] Loss: 0.1220 Time: 73.888
#### prediction torch.Size([192, 4])
Epoch [10/11] Step [561/1241] Loss: 0.1573 Time: 74.093
#### prediction torch.Size([192, 4])
Epoch [10/11] Step [594/1241] Loss: 0.1426 Time: 74.299
#### prediction torch.Size([192, 4])
Epoch [10/11] Step [627/1241] Loss: 0.1143 Time: 74.504
#### prediction torch.Size([192, 4])
Epoch [10/11] Step [660/1241] Loss: 0.1387 Time: 74.71
#### prediction torch.Size([192, 4])
Epoch [10/11] Step [693/1241] Loss: 0.1444 Time: 74.917
#### prediction torch.Size([192, 4])
Epoch [10/11] Step [726/1241] Loss: 0.1429 Time: 75.123
#### prediction torch.Size([192, 4])
Epoch [10/11] Step [759/1241] Loss: 0.1517 Time: 75.329
#### prediction torch.Size([192, 4])
Epoch [10/11] Step [792/1241] Loss: 0.1758 Time: 75.534
#### prediction torch.Size([192, 4])
Epoch [10/11] Step [825/1241] Loss: 0.1362 Time: 75.74
#### prediction torch.Size([192, 4])
Epoch [10/11] Step [858/1241] Loss: 0.1087 Time: 75.945
#### prediction torch.Size([192, 4])
Epoch [10/11] Step [891/1241] Loss: 0.1455 Time: 76.15
#### prediction torch.Size([192, 4])
Epoch [10/11] Step [924/1241] Loss: 0.1471 Time: 76.355
#### prediction torch.Size([192, 4])
Epoch [10/11] Step [957/1241] Loss: 0.1191 Time: 76.562
#### prediction torch.Size([192, 4])
Epoch [10/11] Step [990/1241] Loss: 0.1152 Time: 76.767
#### prediction torch.Size([192, 4])
Epoch [10/11] Step [1023/1241] Loss: 0.1435 Time: 76.973
#### prediction torch.Size([192, 4])
Epoch [10/11] Step [1056/1241] Loss: 0.1249 Time: 77.178
#### prediction torch.Size([192, 4])
Epoch [10/11] Step [1089/1241] Loss: 0.1172 Time: 77.383
#### prediction torch.Size([192, 4])
Epoch [10/11] Step [1122/1241] Loss: 0.1515 Time: 77.75
#### prediction torch.Size([192, 4])
Epoch [10/11] Step [1155/1241] Loss: 0.1030 Time: 77.956
#### prediction torch.Size([192, 4])
Epoch [10/11] Step [1188/1241] Loss: 0.1138 Time: 78.161
#### prediction torch.Size([192, 4])
Epoch [10/11] Step [1221/1241] Loss: 0.1563 Time: 78.367
#### TRAINED MODEL PARA_CNN_LSTM model training time: 86.266 total training time: 249.567 ####
#### TRAINING TOTAL TIME: 246.107 ####
Accuracy of the SEQ_CNN_LSTM model on the test set: 93.563658 %
Accuracy of the SEQ_LSTM_CNN model on the test set: 94.038746 %
Accuracy of the PARA_CNN_LSTM model on the test set: 93.531762 %
#### TESTING TOTAL TIME: 3.693 ####
#### TIME #### TERMINO #### 6731.733 ####
#### FINITO #### TERMINO #### NO-VA-MAS ####
#### TIMES #### modelling TOTAL TOTAL ==>> 6731.734 seconds
#### #### READING DATA FILES #### ####
152 511 #### COMBI [reg, sid, ban, sec, men, med, sum, max, bet, mmm, hfq] METRICS ####
('Plantation', '/home/vargas/repos/forests-sounds-vargas/out/data/extraction/Plantation/2_00_PSA0010-2010_dict_y_split_7_2512283_1736694580.pkl')
(297840, 11) Index(['reg', 'sid', 'ban', 'sec', 'men', 'med', 'sum', 'max', 'bet', 'mmm',
       'hfq'],
      dtype='object') Index(['reg', 'sid', 'ban', 'sec', 'men', 'med', 'sum', 'max', 'bet', 'mmm',
       'hfq'],
      dtype='object')
#### MERGE 68 merge_data Dataframe shape: (297840, 11) #### time: 268
#### #### SPLIT TRAIN TEST #### ####
#### CLASSES: [0 1 2 3] TOTAL 4
#### SPLIT train_test_split and CUDA: ??? cuda:0 #### time: 34
#### MODELS - TOTAL 3 ####
#### EPOCHS 11 ####
#### TRAINING MODELS ####
#### TRAINING MODEL SEQ_CNN_LSTM ####
#### prediction torch.Size([192, 4])
Epoch [10/11] Step [33/1241] Loss: 0.2353 Time: 61.091
#### prediction torch.Size([192, 4])
Epoch [10/11] Step [66/1241] Loss: 0.2326 Time: 61.268
#### prediction torch.Size([192, 4])
Epoch [10/11] Step [99/1241] Loss: 0.2414 Time: 61.444
#### prediction torch.Size([192, 4])
Epoch [10/11] Step [132/1241] Loss: 0.2505 Time: 61.621
#### prediction torch.Size([192, 4])
Epoch [10/11] Step [165/1241] Loss: 0.2403 Time: 61.797
#### prediction torch.Size([192, 4])
Epoch [10/11] Step [198/1241] Loss: 0.2691 Time: 61.974
#### prediction torch.Size([192, 4])
Epoch [10/11] Step [231/1241] Loss: 0.2033 Time: 62.151
#### prediction torch.Size([192, 4])
Epoch [10/11] Step [264/1241] Loss: 0.2909 Time: 62.327
#### prediction torch.Size([192, 4])
Epoch [10/11] Step [297/1241] Loss: 0.2318 Time: 62.504
#### prediction torch.Size([192, 4])
Epoch [10/11] Step [330/1241] Loss: 0.2301 Time: 62.68
#### prediction torch.Size([192, 4])
Epoch [10/11] Step [363/1241] Loss: 0.2495 Time: 62.857
#### prediction torch.Size([192, 4])
Epoch [10/11] Step [396/1241] Loss: 0.2231 Time: 63.033
#### prediction torch.Size([192, 4])
Epoch [10/11] Step [429/1241] Loss: 0.2258 Time: 63.21
#### prediction torch.Size([192, 4])
Epoch [10/11] Step [462/1241] Loss: 0.3021 Time: 63.386
#### prediction torch.Size([192, 4])
Epoch [10/11] Step [495/1241] Loss: 0.2142 Time: 63.563
#### prediction torch.Size([192, 4])
Epoch [10/11] Step [528/1241] Loss: 0.2380 Time: 63.739
#### prediction torch.Size([192, 4])
Epoch [10/11] Step [561/1241] Loss: 0.2145 Time: 63.916
#### prediction torch.Size([192, 4])
Epoch [10/11] Step [594/1241] Loss: 0.2960 Time: 64.092
#### prediction torch.Size([192, 4])
Epoch [10/11] Step [627/1241] Loss: 0.2820 Time: 64.269
#### prediction torch.Size([192, 4])
Epoch [10/11] Step [660/1241] Loss: 0.2395 Time: 64.445
#### prediction torch.Size([192, 4])
Epoch [10/11] Step [693/1241] Loss: 0.2571 Time: 64.622
#### prediction torch.Size([192, 4])
Epoch [10/11] Step [726/1241] Loss: 0.2251 Time: 64.798
#### prediction torch.Size([192, 4])
Epoch [10/11] Step [759/1241] Loss: 0.2110 Time: 64.974
#### prediction torch.Size([192, 4])
Epoch [10/11] Step [792/1241] Loss: 0.2264 Time: 65.151
#### prediction torch.Size([192, 4])
Epoch [10/11] Step [825/1241] Loss: 0.2402 Time: 65.327
#### prediction torch.Size([192, 4])
Epoch [10/11] Step [858/1241] Loss: 0.1747 Time: 65.503
#### prediction torch.Size([192, 4])
Epoch [10/11] Step [891/1241] Loss: 0.2924 Time: 65.68
#### prediction torch.Size([192, 4])
Epoch [10/11] Step [924/1241] Loss: 0.2432 Time: 65.856
#### prediction torch.Size([192, 4])
Epoch [10/11] Step [957/1241] Loss: 0.2305 Time: 66.032
#### prediction torch.Size([192, 4])
Epoch [10/11] Step [990/1241] Loss: 0.2404 Time: 66.209
#### prediction torch.Size([192, 4])
Epoch [10/11] Step [1023/1241] Loss: 0.2531 Time: 66.385
#### prediction torch.Size([192, 4])
Epoch [10/11] Step [1056/1241] Loss: 0.1845 Time: 66.561
#### prediction torch.Size([192, 4])
Epoch [10/11] Step [1089/1241] Loss: 0.2424 Time: 66.738
#### prediction torch.Size([192, 4])
Epoch [10/11] Step [1122/1241] Loss: 0.2564 Time: 66.914
#### prediction torch.Size([192, 4])
Epoch [10/11] Step [1155/1241] Loss: 0.1961 Time: 67.09
#### prediction torch.Size([192, 4])
Epoch [10/11] Step [1188/1241] Loss: 0.1775 Time: 67.266
#### prediction torch.Size([192, 4])
Epoch [10/11] Step [1221/1241] Loss: 0.2282 Time: 67.443
#### TRAINED MODEL SEQ_CNN_LSTM model training time: 74.39 total training time: 77.859 ####
#### TRAINING MODEL SEQ_LSTM_CNN ####
#### prediction torch.Size([192, 4])
Epoch [10/11] Step [33/1241] Loss: 0.1733 Time: 69.405
#### prediction torch.Size([192, 4])
Epoch [10/11] Step [66/1241] Loss: 0.2221 Time: 69.606
#### prediction torch.Size([192, 4])
Epoch [10/11] Step [99/1241] Loss: 0.2716 Time: 69.808
#### prediction torch.Size([192, 4])
Epoch [10/11] Step [132/1241] Loss: 0.1916 Time: 70.009
#### prediction torch.Size([192, 4])
Epoch [10/11] Step [165/1241] Loss: 0.2950 Time: 70.21
#### prediction torch.Size([192, 4])
Epoch [10/11] Step [198/1241] Loss: 0.3173 Time: 70.415
#### prediction torch.Size([192, 4])
Epoch [10/11] Step [231/1241] Loss: 0.2445 Time: 70.616
#### prediction torch.Size([192, 4])
Epoch [10/11] Step [264/1241] Loss: 0.2459 Time: 70.817
#### prediction torch.Size([192, 4])
Epoch [10/11] Step [297/1241] Loss: 0.2606 Time: 71.019
#### prediction torch.Size([192, 4])
Epoch [10/11] Step [330/1241] Loss: 0.2321 Time: 71.22
#### prediction torch.Size([192, 4])
Epoch [10/11] Step [363/1241] Loss: 0.4264 Time: 71.421
#### prediction torch.Size([192, 4])
Epoch [10/11] Step [396/1241] Loss: 0.2874 Time: 71.622
#### prediction torch.Size([192, 4])
Epoch [10/11] Step [429/1241] Loss: 0.2597 Time: 71.824
#### prediction torch.Size([192, 4])
Epoch [10/11] Step [462/1241] Loss: 0.2145 Time: 72.025
#### prediction torch.Size([192, 4])
Epoch [10/11] Step [495/1241] Loss: 0.4329 Time: 72.227
#### prediction torch.Size([192, 4])
Epoch [10/11] Step [528/1241] Loss: 0.2185 Time: 72.428
#### prediction torch.Size([192, 4])
Epoch [10/11] Step [561/1241] Loss: 0.2826 Time: 72.629
#### prediction torch.Size([192, 4])
Epoch [10/11] Step [594/1241] Loss: 0.3088 Time: 72.83
#### prediction torch.Size([192, 4])
Epoch [10/11] Step [627/1241] Loss: 0.2228 Time: 73.192
#### prediction torch.Size([192, 4])
Epoch [10/11] Step [660/1241] Loss: 0.2330 Time: 73.393
#### prediction torch.Size([192, 4])
Epoch [10/11] Step [693/1241] Loss: 0.2275 Time: 73.594
#### prediction torch.Size([192, 4])
Epoch [10/11] Step [726/1241] Loss: 0.2789 Time: 73.796
#### prediction torch.Size([192, 4])
Epoch [10/11] Step [759/1241] Loss: 0.2811 Time: 73.998
#### prediction torch.Size([192, 4])
Epoch [10/11] Step [792/1241] Loss: 0.2711 Time: 74.199
#### prediction torch.Size([192, 4])
Epoch [10/11] Step [825/1241] Loss: 0.1920 Time: 74.402
#### prediction torch.Size([192, 4])
Epoch [10/11] Step [858/1241] Loss: 0.2827 Time: 74.603
#### prediction torch.Size([192, 4])
Epoch [10/11] Step [891/1241] Loss: 0.2571 Time: 74.804
#### prediction torch.Size([192, 4])
Epoch [10/11] Step [924/1241] Loss: 0.2195 Time: 75.005
#### prediction torch.Size([192, 4])
Epoch [10/11] Step [957/1241] Loss: 0.2082 Time: 75.207
#### prediction torch.Size([192, 4])
Epoch [10/11] Step [990/1241] Loss: 0.2666 Time: 75.408
#### prediction torch.Size([192, 4])
Epoch [10/11] Step [1023/1241] Loss: 0.2389 Time: 75.609
#### prediction torch.Size([192, 4])
Epoch [10/11] Step [1056/1241] Loss: 0.3960 Time: 75.811
#### prediction torch.Size([192, 4])
Epoch [10/11] Step [1089/1241] Loss: 0.2309 Time: 76.012
#### prediction torch.Size([192, 4])
Epoch [10/11] Step [1122/1241] Loss: 0.2530 Time: 76.213
#### prediction torch.Size([192, 4])
Epoch [10/11] Step [1155/1241] Loss: 0.1999 Time: 76.414
#### prediction torch.Size([192, 4])
Epoch [10/11] Step [1188/1241] Loss: 0.3132 Time: 76.615
#### prediction torch.Size([192, 4])
Epoch [10/11] Step [1221/1241] Loss: 0.1825 Time: 76.816
#### TRAINED MODEL SEQ_LSTM_CNN model training time: 84.539 total training time: 162.398 ####
#### TRAINING MODEL PARA_CNN_LSTM ####
#### prediction torch.Size([192, 4])
Epoch [10/11] Step [33/1241] Loss: 0.2276 Time: 70.732
#### prediction torch.Size([192, 4])
Epoch [10/11] Step [66/1241] Loss: 0.2483 Time: 70.937
#### prediction torch.Size([192, 4])
Epoch [10/11] Step [99/1241] Loss: 0.2972 Time: 71.141
#### prediction torch.Size([192, 4])
Epoch [10/11] Step [132/1241] Loss: 0.2586 Time: 71.348
#### prediction torch.Size([192, 4])
Epoch [10/11] Step [165/1241] Loss: 0.2039 Time: 71.553
#### prediction torch.Size([192, 4])
Epoch [10/11] Step [198/1241] Loss: 0.2756 Time: 71.757
#### prediction torch.Size([192, 4])
Epoch [10/11] Step [231/1241] Loss: 0.3315 Time: 71.961
#### prediction torch.Size([192, 4])
Epoch [10/11] Step [264/1241] Loss: 0.2794 Time: 72.166
#### prediction torch.Size([192, 4])
Epoch [10/11] Step [297/1241] Loss: 0.1776 Time: 72.371
#### prediction torch.Size([192, 4])
Epoch [10/11] Step [330/1241] Loss: 0.2304 Time: 72.576
#### prediction torch.Size([192, 4])
Epoch [10/11] Step [363/1241] Loss: 0.2608 Time: 72.784
#### prediction torch.Size([192, 4])
Epoch [10/11] Step [396/1241] Loss: 0.2986 Time: 72.989
#### prediction torch.Size([192, 4])
Epoch [10/11] Step [429/1241] Loss: 0.2926 Time: 73.194
#### prediction torch.Size([192, 4])
Epoch [10/11] Step [462/1241] Loss: 0.2846 Time: 73.399
#### prediction torch.Size([192, 4])
Epoch [10/11] Step [495/1241] Loss: 0.2264 Time: 73.603
#### prediction torch.Size([192, 4])
Epoch [10/11] Step [528/1241] Loss: 0.2438 Time: 73.808
#### prediction torch.Size([192, 4])
Epoch [10/11] Step [561/1241] Loss: 0.2786 Time: 74.013
#### prediction torch.Size([192, 4])
Epoch [10/11] Step [594/1241] Loss: 0.2803 Time: 74.218
#### prediction torch.Size([192, 4])
Epoch [10/11] Step [627/1241] Loss: 0.2738 Time: 74.423
#### prediction torch.Size([192, 4])
Epoch [10/11] Step [660/1241] Loss: 0.3994 Time: 74.628
#### prediction torch.Size([192, 4])
Epoch [10/11] Step [693/1241] Loss: 0.3085 Time: 74.833
#### prediction torch.Size([192, 4])
Epoch [10/11] Step [726/1241] Loss: 0.2493 Time: 75.037
#### prediction torch.Size([192, 4])
Epoch [10/11] Step [759/1241] Loss: 0.3325 Time: 75.242
#### prediction torch.Size([192, 4])
Epoch [10/11] Step [792/1241] Loss: 0.2597 Time: 75.447
#### prediction torch.Size([192, 4])
Epoch [10/11] Step [825/1241] Loss: 0.2939 Time: 75.652
#### prediction torch.Size([192, 4])
Epoch [10/11] Step [858/1241] Loss: 0.4145 Time: 75.857
#### prediction torch.Size([192, 4])
Epoch [10/11] Step [891/1241] Loss: 0.2387 Time: 76.062
#### prediction torch.Size([192, 4])
Epoch [10/11] Step [924/1241] Loss: 0.1736 Time: 76.267
#### prediction torch.Size([192, 4])
Epoch [10/11] Step [957/1241] Loss: 0.1796 Time: 76.471
#### prediction torch.Size([192, 4])
Epoch [10/11] Step [990/1241] Loss: 0.2106 Time: 76.676
#### prediction torch.Size([192, 4])
Epoch [10/11] Step [1023/1241] Loss: 0.3275 Time: 76.881
#### prediction torch.Size([192, 4])
Epoch [10/11] Step [1056/1241] Loss: 0.3219 Time: 77.085
#### prediction torch.Size([192, 4])
Epoch [10/11] Step [1089/1241] Loss: 0.3789 Time: 77.29
#### prediction torch.Size([192, 4])
Epoch [10/11] Step [1122/1241] Loss: 0.2855 Time: 77.495
#### prediction torch.Size([192, 4])
Epoch [10/11] Step [1155/1241] Loss: 0.2181 Time: 77.699
#### prediction torch.Size([192, 4])
Epoch [10/11] Step [1188/1241] Loss: 0.2660 Time: 77.904
#### prediction torch.Size([192, 4])
Epoch [10/11] Step [1221/1241] Loss: 0.2139 Time: 78.108
#### TRAINED MODEL PARA_CNN_LSTM model training time: 86.14 total training time: 248.538 ####
#### TRAINING TOTAL TIME: 245.07 ####
Accuracy of the SEQ_CNN_LSTM model on the test set: 89.727706 %
Accuracy of the SEQ_LSTM_CNN model on the test set: 88.181574 %
Accuracy of the PARA_CNN_LSTM model on the test set: 90.385778 %
#### TESTING TOTAL TIME: 3.514 ####
#### TIME #### TERMINO #### 7033.644 ####
#### FINITO #### TERMINO #### NO-VA-MAS ####
#### TIMES #### modelling TOTAL TOTAL ==>> 7033.644 seconds
#### #### READING DATA FILES #### ####
153 511 #### COMBI [reg, sid, ban, sec, men, med, sum, max, bet, mmm, htp] METRICS ####
('Plantation', '/home/vargas/repos/forests-sounds-vargas/out/data/extraction/Plantation/2_00_PSA0010-2010_dict_y_split_7_2512283_1736694580.pkl')
(297840, 11) Index(['reg', 'sid', 'ban', 'sec', 'men', 'med', 'sum', 'max', 'bet', 'mmm',
       'htp'],
      dtype='object') Index(['reg', 'sid', 'ban', 'sec', 'men', 'med', 'sum', 'max', 'bet', 'mmm',
       'htp'],
      dtype='object')
#### MERGE 68 merge_data Dataframe shape: (297840, 11) #### time: 266
#### #### SPLIT TRAIN TEST #### ####
#### CLASSES: [0 1 2 3] TOTAL 4
#### SPLIT train_test_split and CUDA: ??? cuda:0 #### time: 34
#### MODELS - TOTAL 3 ####
#### EPOCHS 11 ####
#### TRAINING MODELS ####
#### TRAINING MODEL SEQ_CNN_LSTM ####
#### prediction torch.Size([192, 4])
Epoch [10/11] Step [33/1241] Loss: 0.1250 Time: 61.624
#### prediction torch.Size([192, 4])
Epoch [10/11] Step [66/1241] Loss: 0.0905 Time: 61.802
#### prediction torch.Size([192, 4])
Epoch [10/11] Step [99/1241] Loss: 0.1540 Time: 61.979
#### prediction torch.Size([192, 4])
Epoch [10/11] Step [132/1241] Loss: 0.2308 Time: 62.156
#### prediction torch.Size([192, 4])
Epoch [10/11] Step [165/1241] Loss: 0.1129 Time: 62.5
#### prediction torch.Size([192, 4])
Epoch [10/11] Step [198/1241] Loss: 0.1551 Time: 62.678
#### prediction torch.Size([192, 4])
Epoch [10/11] Step [231/1241] Loss: 0.1603 Time: 62.855
#### prediction torch.Size([192, 4])
Epoch [10/11] Step [264/1241] Loss: 0.0998 Time: 63.032
#### prediction torch.Size([192, 4])
Epoch [10/11] Step [297/1241] Loss: 0.1732 Time: 63.21
#### prediction torch.Size([192, 4])
Epoch [10/11] Step [330/1241] Loss: 0.1066 Time: 63.387
#### prediction torch.Size([192, 4])
Epoch [10/11] Step [363/1241] Loss: 0.1541 Time: 63.565
#### prediction torch.Size([192, 4])
Epoch [10/11] Step [396/1241] Loss: 0.1372 Time: 63.742
#### prediction torch.Size([192, 4])
Epoch [10/11] Step [429/1241] Loss: 0.1761 Time: 63.92
#### prediction torch.Size([192, 4])
Epoch [10/11] Step [462/1241] Loss: 0.1294 Time: 64.097
#### prediction torch.Size([192, 4])
Epoch [10/11] Step [495/1241] Loss: 0.1744 Time: 64.274
#### prediction torch.Size([192, 4])
Epoch [10/11] Step [528/1241] Loss: 0.0930 Time: 64.451
#### prediction torch.Size([192, 4])
Epoch [10/11] Step [561/1241] Loss: 0.2010 Time: 64.629
#### prediction torch.Size([192, 4])
Epoch [10/11] Step [594/1241] Loss: 0.0786 Time: 64.806
#### prediction torch.Size([192, 4])
Epoch [10/11] Step [627/1241] Loss: 0.2723 Time: 64.983
#### prediction torch.Size([192, 4])
Epoch [10/11] Step [660/1241] Loss: 0.1410 Time: 65.161
#### prediction torch.Size([192, 4])
Epoch [10/11] Step [693/1241] Loss: 0.1491 Time: 65.338
#### prediction torch.Size([192, 4])
Epoch [10/11] Step [726/1241] Loss: 0.1029 Time: 65.516
#### prediction torch.Size([192, 4])
Epoch [10/11] Step [759/1241] Loss: 0.3166 Time: 65.695
#### prediction torch.Size([192, 4])
Epoch [10/11] Step [792/1241] Loss: 0.2060 Time: 65.886
#### prediction torch.Size([192, 4])
Epoch [10/11] Step [825/1241] Loss: 0.2164 Time: 66.066
#### prediction torch.Size([192, 4])
Epoch [10/11] Step [858/1241] Loss: 0.1141 Time: 66.244
#### prediction torch.Size([192, 4])
Epoch [10/11] Step [891/1241] Loss: 0.1432 Time: 66.421
#### prediction torch.Size([192, 4])
Epoch [10/11] Step [924/1241] Loss: 0.0900 Time: 66.598
#### prediction torch.Size([192, 4])
Epoch [10/11] Step [957/1241] Loss: 0.1002 Time: 66.776
#### prediction torch.Size([192, 4])
Epoch [10/11] Step [990/1241] Loss: 0.1158 Time: 66.954
#### prediction torch.Size([192, 4])
Epoch [10/11] Step [1023/1241] Loss: 0.1746 Time: 67.131
#### prediction torch.Size([192, 4])
Epoch [10/11] Step [1056/1241] Loss: 0.1680 Time: 67.309
#### prediction torch.Size([192, 4])
Epoch [10/11] Step [1089/1241] Loss: 0.1279 Time: 67.487
#### prediction torch.Size([192, 4])
Epoch [10/11] Step [1122/1241] Loss: 0.1464 Time: 67.664
#### prediction torch.Size([192, 4])
Epoch [10/11] Step [1155/1241] Loss: 0.1487 Time: 67.842
#### prediction torch.Size([192, 4])
Epoch [10/11] Step [1188/1241] Loss: 0.1338 Time: 68.02
#### prediction torch.Size([192, 4])
Epoch [10/11] Step [1221/1241] Loss: 0.0802 Time: 68.197
#### TRAINED MODEL SEQ_CNN_LSTM model training time: 75.172 total training time: 78.159 ####
#### TRAINING MODEL SEQ_LSTM_CNN ####
#### prediction torch.Size([192, 4])
Epoch [10/11] Step [33/1241] Loss: 0.1883 Time: 69.293
#### prediction torch.Size([192, 4])
Epoch [10/11] Step [66/1241] Loss: 0.2005 Time: 69.493
#### prediction torch.Size([192, 4])
Epoch [10/11] Step [99/1241] Loss: 0.1687 Time: 69.694
#### prediction torch.Size([192, 4])
Epoch [10/11] Step [132/1241] Loss: 0.2440 Time: 69.895
#### prediction torch.Size([192, 4])
Epoch [10/11] Step [165/1241] Loss: 0.1787 Time: 70.096
#### prediction torch.Size([192, 4])
Epoch [10/11] Step [198/1241] Loss: 0.2462 Time: 70.297
#### prediction torch.Size([192, 4])
Epoch [10/11] Step [231/1241] Loss: 0.3372 Time: 70.498
#### prediction torch.Size([192, 4])
Epoch [10/11] Step [264/1241] Loss: 0.1120 Time: 70.699
#### prediction torch.Size([192, 4])
Epoch [10/11] Step [297/1241] Loss: 0.1536 Time: 70.9
#### prediction torch.Size([192, 4])
Epoch [10/11] Step [330/1241] Loss: 0.1479 Time: 71.1
#### prediction torch.Size([192, 4])
Epoch [10/11] Step [363/1241] Loss: 0.1421 Time: 71.301
#### prediction torch.Size([192, 4])
Epoch [10/11] Step [396/1241] Loss: 0.1551 Time: 71.501
#### prediction torch.Size([192, 4])
Epoch [10/11] Step [429/1241] Loss: 0.1257 Time: 71.702
#### prediction torch.Size([192, 4])
Epoch [10/11] Step [462/1241] Loss: 0.0940 Time: 71.903
#### prediction torch.Size([192, 4])
Epoch [10/11] Step [495/1241] Loss: 0.1755 Time: 72.104
#### prediction torch.Size([192, 4])
Epoch [10/11] Step [528/1241] Loss: 0.2469 Time: 72.305
#### prediction torch.Size([192, 4])
Epoch [10/11] Step [561/1241] Loss: 0.1193 Time: 72.509
#### prediction torch.Size([192, 4])
Epoch [10/11] Step [594/1241] Loss: 0.1317 Time: 72.726
#### prediction torch.Size([192, 4])
Epoch [10/11] Step [627/1241] Loss: 0.1952 Time: 72.927
#### prediction torch.Size([192, 4])
Epoch [10/11] Step [660/1241] Loss: 0.1626 Time: 73.129
#### prediction torch.Size([192, 4])
Epoch [10/11] Step [693/1241] Loss: 0.2097 Time: 73.33
#### prediction torch.Size([192, 4])
Epoch [10/11] Step [726/1241] Loss: 0.2788 Time: 73.531
#### prediction torch.Size([192, 4])
Epoch [10/11] Step [759/1241] Loss: 0.1464 Time: 73.732
#### prediction torch.Size([192, 4])
Epoch [10/11] Step [792/1241] Loss: 0.2505 Time: 73.932
#### prediction torch.Size([192, 4])
Epoch [10/11] Step [825/1241] Loss: 0.3083 Time: 74.133
#### prediction torch.Size([192, 4])
Epoch [10/11] Step [858/1241] Loss: 0.1678 Time: 74.334
#### prediction torch.Size([192, 4])
Epoch [10/11] Step [891/1241] Loss: 0.1645 Time: 74.535
#### prediction torch.Size([192, 4])
Epoch [10/11] Step [924/1241] Loss: 0.1652 Time: 74.736
#### prediction torch.Size([192, 4])
Epoch [10/11] Step [957/1241] Loss: 0.1707 Time: 74.937
#### prediction torch.Size([192, 4])
Epoch [10/11] Step [990/1241] Loss: 0.0961 Time: 75.137
#### prediction torch.Size([192, 4])
Epoch [10/11] Step [1023/1241] Loss: 0.1430 Time: 75.338
#### prediction torch.Size([192, 4])
Epoch [10/11] Step [1056/1241] Loss: 0.2185 Time: 75.539
#### prediction torch.Size([192, 4])
Epoch [10/11] Step [1089/1241] Loss: 0.1103 Time: 75.74
#### prediction torch.Size([192, 4])
Epoch [10/11] Step [1122/1241] Loss: 0.2705 Time: 75.94
#### prediction torch.Size([192, 4])
Epoch [10/11] Step [1155/1241] Loss: 0.1458 Time: 76.141
#### prediction torch.Size([192, 4])
Epoch [10/11] Step [1188/1241] Loss: 0.1078 Time: 76.342
#### prediction torch.Size([192, 4])
Epoch [10/11] Step [1221/1241] Loss: 0.1532 Time: 76.542
#### TRAINED MODEL SEQ_LSTM_CNN model training time: 84.414 total training time: 162.573 ####
#### TRAINING MODEL PARA_CNN_LSTM ####
#### prediction torch.Size([192, 4])
Epoch [10/11] Step [33/1241] Loss: 0.1471 Time: 70.72
#### prediction torch.Size([192, 4])
Epoch [10/11] Step [66/1241] Loss: 0.1069 Time: 70.925
#### prediction torch.Size([192, 4])
Epoch [10/11] Step [99/1241] Loss: 0.0938 Time: 71.14
#### prediction torch.Size([192, 4])
Epoch [10/11] Step [132/1241] Loss: 0.1148 Time: 71.346
#### prediction torch.Size([192, 4])
Epoch [10/11] Step [165/1241] Loss: 0.1969 Time: 71.552
#### prediction torch.Size([192, 4])
Epoch [10/11] Step [198/1241] Loss: 0.0929 Time: 71.757
#### prediction torch.Size([192, 4])
Epoch [10/11] Step [231/1241] Loss: 0.1019 Time: 71.962
#### prediction torch.Size([192, 4])
Epoch [10/11] Step [264/1241] Loss: 0.0862 Time: 72.167
#### prediction torch.Size([192, 4])
Epoch [10/11] Step [297/1241] Loss: 0.1561 Time: 72.372
#### prediction torch.Size([192, 4])
Epoch [10/11] Step [330/1241] Loss: 0.1348 Time: 72.577
#### prediction torch.Size([192, 4])
Epoch [10/11] Step [363/1241] Loss: 0.0935 Time: 72.782
#### prediction torch.Size([192, 4])
Epoch [10/11] Step [396/1241] Loss: 0.1304 Time: 72.988
#### prediction torch.Size([192, 4])
Epoch [10/11] Step [429/1241] Loss: 0.1522 Time: 73.193
#### prediction torch.Size([192, 4])
Epoch [10/11] Step [462/1241] Loss: 0.0714 Time: 73.398
#### prediction torch.Size([192, 4])
Epoch [10/11] Step [495/1241] Loss: 0.1875 Time: 73.603
#### prediction torch.Size([192, 4])
Epoch [10/11] Step [528/1241] Loss: 0.0954 Time: 73.809
#### prediction torch.Size([192, 4])
Epoch [10/11] Step [561/1241] Loss: 0.0965 Time: 74.013
#### prediction torch.Size([192, 4])
Epoch [10/11] Step [594/1241] Loss: 0.1822 Time: 74.218
#### prediction torch.Size([192, 4])
Epoch [10/11] Step [627/1241] Loss: 0.2060 Time: 74.423
#### prediction torch.Size([192, 4])
Epoch [10/11] Step [660/1241] Loss: 0.1357 Time: 74.629
#### prediction torch.Size([192, 4])
Epoch [10/11] Step [693/1241] Loss: 0.1778 Time: 74.834
#### prediction torch.Size([192, 4])
Epoch [10/11] Step [726/1241] Loss: 0.1029 Time: 75.039
#### prediction torch.Size([192, 4])
Epoch [10/11] Step [759/1241] Loss: 0.1333 Time: 75.244
#### prediction torch.Size([192, 4])
Epoch [10/11] Step [792/1241] Loss: 0.1775 Time: 75.449
#### prediction torch.Size([192, 4])
Epoch [10/11] Step [825/1241] Loss: 0.1738 Time: 75.654
#### prediction torch.Size([192, 4])
Epoch [10/11] Step [858/1241] Loss: 0.2843 Time: 75.859
#### prediction torch.Size([192, 4])
Epoch [10/11] Step [891/1241] Loss: 0.1273 Time: 76.063
#### prediction torch.Size([192, 4])
Epoch [10/11] Step [924/1241] Loss: 0.0948 Time: 76.268
#### prediction torch.Size([192, 4])
Epoch [10/11] Step [957/1241] Loss: 0.1017 Time: 76.473
#### prediction torch.Size([192, 4])
Epoch [10/11] Step [990/1241] Loss: 0.1774 Time: 76.678
#### prediction torch.Size([192, 4])
Epoch [10/11] Step [1023/1241] Loss: 0.1643 Time: 76.883
#### prediction torch.Size([192, 4])
Epoch [10/11] Step [1056/1241] Loss: 0.1082 Time: 77.088
#### prediction torch.Size([192, 4])
Epoch [10/11] Step [1089/1241] Loss: 0.1340 Time: 77.457
#### prediction torch.Size([192, 4])
Epoch [10/11] Step [1122/1241] Loss: 0.0772 Time: 77.662
#### prediction torch.Size([192, 4])
Epoch [10/11] Step [1155/1241] Loss: 0.1168 Time: 77.872
#### prediction torch.Size([192, 4])
Epoch [10/11] Step [1188/1241] Loss: 0.1453 Time: 78.077
#### prediction torch.Size([192, 4])
Epoch [10/11] Step [1221/1241] Loss: 0.0607 Time: 78.282
#### TRAINED MODEL PARA_CNN_LSTM model training time: 86.15 total training time: 248.723 ####
#### TRAINING TOTAL TIME: 245.736 ####
Accuracy of the SEQ_CNN_LSTM model on the test set: 95.291096 %
Accuracy of the SEQ_LSTM_CNN model on the test set: 95.072858 %
Accuracy of the PARA_CNN_LSTM model on the test set: 95.705748 %
#### TESTING TOTAL TIME: 3.668 ####
#### TIME #### TERMINO #### 7335.291 ####
#### FINITO #### TERMINO #### NO-VA-MAS ####
#### TIMES #### modelling TOTAL TOTAL ==>> 7335.291 seconds
#### #### READING DATA FILES #### ####
154 511 #### COMBI [reg, sid, ban, sec, men, med, sum, max, bet, mmm, hhh] METRICS ####
('Plantation', '/home/vargas/repos/forests-sounds-vargas/out/data/extraction/Plantation/2_00_PSA0010-2010_dict_y_split_7_2512283_1736694580.pkl')
(297840, 11) Index(['reg', 'sid', 'ban', 'sec', 'men', 'med', 'sum', 'max', 'bet', 'mmm',
       'hhh'],
      dtype='object') Index(['reg', 'sid', 'ban', 'sec', 'men', 'med', 'sum', 'max', 'bet', 'mmm',
       'hhh'],
      dtype='object')
#### MERGE 68 merge_data Dataframe shape: (297840, 11) #### time: 266
#### #### SPLIT TRAIN TEST #### ####
#### CLASSES: [0 1 2 3] TOTAL 4
#### SPLIT train_test_split and CUDA: ??? cuda:0 #### time: 34
#### MODELS - TOTAL 3 ####
#### EPOCHS 11 ####
#### TRAINING MODELS ####
#### TRAINING MODEL SEQ_CNN_LSTM ####
#### prediction torch.Size([192, 4])
Epoch [10/11] Step [33/1241] Loss: 0.2368 Time: 61.033
#### prediction torch.Size([192, 4])
Epoch [10/11] Step [66/1241] Loss: 0.2872 Time: 61.209
#### prediction torch.Size([192, 4])
Epoch [10/11] Step [99/1241] Loss: 0.2797 Time: 61.385
#### prediction torch.Size([192, 4])
Epoch [10/11] Step [132/1241] Loss: 0.4035 Time: 61.562
#### prediction torch.Size([192, 4])
Epoch [10/11] Step [165/1241] Loss: 0.2265 Time: 61.738
#### prediction torch.Size([192, 4])
Epoch [10/11] Step [198/1241] Loss: 0.3115 Time: 61.915
#### prediction torch.Size([192, 4])
Epoch [10/11] Step [231/1241] Loss: 0.2371 Time: 62.091
#### prediction torch.Size([192, 4])
Epoch [10/11] Step [264/1241] Loss: 0.2645 Time: 62.267
#### prediction torch.Size([192, 4])
Epoch [10/11] Step [297/1241] Loss: 0.2341 Time: 62.444
#### prediction torch.Size([192, 4])
Epoch [10/11] Step [330/1241] Loss: 0.2694 Time: 62.62
#### prediction torch.Size([192, 4])
Epoch [10/11] Step [363/1241] Loss: 0.2097 Time: 62.796
#### prediction torch.Size([192, 4])
Epoch [10/11] Step [396/1241] Loss: 0.1819 Time: 62.972
#### prediction torch.Size([192, 4])
Epoch [10/11] Step [429/1241] Loss: 0.2289 Time: 63.149
#### prediction torch.Size([192, 4])
Epoch [10/11] Step [462/1241] Loss: 0.2636 Time: 63.326
#### prediction torch.Size([192, 4])
Epoch [10/11] Step [495/1241] Loss: 0.2771 Time: 63.502
#### prediction torch.Size([192, 4])
Epoch [10/11] Step [528/1241] Loss: 0.3172 Time: 63.679
#### prediction torch.Size([192, 4])
Epoch [10/11] Step [561/1241] Loss: 0.2221 Time: 63.856
#### prediction torch.Size([192, 4])
Epoch [10/11] Step [594/1241] Loss: 0.2756 Time: 64.032
#### prediction torch.Size([192, 4])
Epoch [10/11] Step [627/1241] Loss: 0.2517 Time: 64.208
#### prediction torch.Size([192, 4])
Epoch [10/11] Step [660/1241] Loss: 0.3008 Time: 64.384
#### prediction torch.Size([192, 4])
Epoch [10/11] Step [693/1241] Loss: 0.2349 Time: 64.56
#### prediction torch.Size([192, 4])
Epoch [10/11] Step [726/1241] Loss: 0.2744 Time: 64.736
#### prediction torch.Size([192, 4])
Epoch [10/11] Step [759/1241] Loss: 0.2641 Time: 64.913
#### prediction torch.Size([192, 4])
Epoch [10/11] Step [792/1241] Loss: 0.2545 Time: 65.089
#### prediction torch.Size([192, 4])
Epoch [10/11] Step [825/1241] Loss: 0.2649 Time: 65.265
#### prediction torch.Size([192, 4])
Epoch [10/11] Step [858/1241] Loss: 0.2485 Time: 65.442
#### prediction torch.Size([192, 4])
Epoch [10/11] Step [891/1241] Loss: 0.1935 Time: 65.618
#### prediction torch.Size([192, 4])
Epoch [10/11] Step [924/1241] Loss: 0.2106 Time: 65.794
#### prediction torch.Size([192, 4])
Epoch [10/11] Step [957/1241] Loss: 0.1919 Time: 65.971
#### prediction torch.Size([192, 4])
Epoch [10/11] Step [990/1241] Loss: 0.1962 Time: 66.147
#### prediction torch.Size([192, 4])
Epoch [10/11] Step [1023/1241] Loss: 0.3283 Time: 66.323
#### prediction torch.Size([192, 4])
Epoch [10/11] Step [1056/1241] Loss: 0.3587 Time: 66.499
#### prediction torch.Size([192, 4])
Epoch [10/11] Step [1089/1241] Loss: 0.1952 Time: 66.676
#### prediction torch.Size([192, 4])
Epoch [10/11] Step [1122/1241] Loss: 0.2156 Time: 66.852
#### prediction torch.Size([192, 4])
Epoch [10/11] Step [1155/1241] Loss: 0.3123 Time: 67.028
#### prediction torch.Size([192, 4])
Epoch [10/11] Step [1188/1241] Loss: 0.1797 Time: 67.367
#### prediction torch.Size([192, 4])
Epoch [10/11] Step [1221/1241] Loss: 0.2411 Time: 67.543
#### TRAINED MODEL SEQ_CNN_LSTM model training time: 74.341 total training time: 77.645 ####
#### TRAINING MODEL SEQ_LSTM_CNN ####
#### prediction torch.Size([192, 4])
Epoch [10/11] Step [33/1241] Loss: 0.4891 Time: 69.215
#### prediction torch.Size([192, 4])
Epoch [10/11] Step [66/1241] Loss: 0.4515 Time: 69.415
#### prediction torch.Size([192, 4])
Epoch [10/11] Step [99/1241] Loss: 0.4921 Time: 69.616
#### prediction torch.Size([192, 4])
Epoch [10/11] Step [132/1241] Loss: 0.4538 Time: 69.816
#### prediction torch.Size([192, 4])
Epoch [10/11] Step [165/1241] Loss: 0.4267 Time: 70.017
#### prediction torch.Size([192, 4])
Epoch [10/11] Step [198/1241] Loss: 0.3745 Time: 70.218
#### prediction torch.Size([192, 4])
Epoch [10/11] Step [231/1241] Loss: 0.4142 Time: 70.418
#### prediction torch.Size([192, 4])
Epoch [10/11] Step [264/1241] Loss: 0.4351 Time: 70.619
#### prediction torch.Size([192, 4])
Epoch [10/11] Step [297/1241] Loss: 0.5157 Time: 70.82
#### prediction torch.Size([192, 4])
Epoch [10/11] Step [330/1241] Loss: 0.4284 Time: 71.02
#### prediction torch.Size([192, 4])
Epoch [10/11] Step [363/1241] Loss: 0.4183 Time: 71.221
#### prediction torch.Size([192, 4])
Epoch [10/11] Step [396/1241] Loss: 0.4548 Time: 71.421
#### prediction torch.Size([192, 4])
Epoch [10/11] Step [429/1241] Loss: 0.4742 Time: 71.622
#### prediction torch.Size([192, 4])
Epoch [10/11] Step [462/1241] Loss: 0.5395 Time: 71.823
#### prediction torch.Size([192, 4])
Epoch [10/11] Step [495/1241] Loss: 0.4894 Time: 72.023
#### prediction torch.Size([192, 4])
Epoch [10/11] Step [528/1241] Loss: 0.4587 Time: 72.224
#### prediction torch.Size([192, 4])
Epoch [10/11] Step [561/1241] Loss: 0.5473 Time: 72.587
#### prediction torch.Size([192, 4])
Epoch [10/11] Step [594/1241] Loss: 0.4541 Time: 72.789
#### prediction torch.Size([192, 4])
Epoch [10/11] Step [627/1241] Loss: 0.4768 Time: 72.99
#### prediction torch.Size([192, 4])
Epoch [10/11] Step [660/1241] Loss: 0.4777 Time: 73.191
#### prediction torch.Size([192, 4])
Epoch [10/11] Step [693/1241] Loss: 0.5423 Time: 73.391
#### prediction torch.Size([192, 4])
Epoch [10/11] Step [726/1241] Loss: 0.5142 Time: 73.592
#### prediction torch.Size([192, 4])
Epoch [10/11] Step [759/1241] Loss: 0.3966 Time: 73.793
#### prediction torch.Size([192, 4])
Epoch [10/11] Step [792/1241] Loss: 0.4810 Time: 73.994
#### prediction torch.Size([192, 4])
Epoch [10/11] Step [825/1241] Loss: 0.4786 Time: 74.194
#### prediction torch.Size([192, 4])
Epoch [10/11] Step [858/1241] Loss: 0.3698 Time: 74.395
#### prediction torch.Size([192, 4])
Epoch [10/11] Step [891/1241] Loss: 0.4717 Time: 74.595
#### prediction torch.Size([192, 4])
Epoch [10/11] Step [924/1241] Loss: 0.5331 Time: 74.796
#### prediction torch.Size([192, 4])
Epoch [10/11] Step [957/1241] Loss: 0.5671 Time: 74.997
#### prediction torch.Size([192, 4])
Epoch [10/11] Step [990/1241] Loss: 0.5017 Time: 75.197
#### prediction torch.Size([192, 4])
Epoch [10/11] Step [1023/1241] Loss: 0.4992 Time: 75.398
#### prediction torch.Size([192, 4])
Epoch [10/11] Step [1056/1241] Loss: 0.5486 Time: 75.599
#### prediction torch.Size([192, 4])
Epoch [10/11] Step [1089/1241] Loss: 0.4379 Time: 75.799
#### prediction torch.Size([192, 4])
Epoch [10/11] Step [1122/1241] Loss: 0.4624 Time: 76.0
#### prediction torch.Size([192, 4])
Epoch [10/11] Step [1155/1241] Loss: 0.4739 Time: 76.2
#### prediction torch.Size([192, 4])
Epoch [10/11] Step [1188/1241] Loss: 0.4038 Time: 76.401
#### prediction torch.Size([192, 4])
Epoch [10/11] Step [1221/1241] Loss: 0.5490 Time: 76.601
#### TRAINED MODEL SEQ_LSTM_CNN model training time: 84.321 total training time: 161.966 ####
#### TRAINING MODEL PARA_CNN_LSTM ####
#### prediction torch.Size([192, 4])
Epoch [10/11] Step [33/1241] Loss: 0.2702 Time: 70.621
#### prediction torch.Size([192, 4])
Epoch [10/11] Step [66/1241] Loss: 0.2403 Time: 70.825
#### prediction torch.Size([192, 4])
Epoch [10/11] Step [99/1241] Loss: 0.2593 Time: 71.029
#### prediction torch.Size([192, 4])
Epoch [10/11] Step [132/1241] Loss: 0.2087 Time: 71.234
#### prediction torch.Size([192, 4])
Epoch [10/11] Step [165/1241] Loss: 0.3047 Time: 71.438
#### prediction torch.Size([192, 4])
Epoch [10/11] Step [198/1241] Loss: 0.2380 Time: 71.642
#### prediction torch.Size([192, 4])
Epoch [10/11] Step [231/1241] Loss: 0.3574 Time: 71.848
#### prediction torch.Size([192, 4])
Epoch [10/11] Step [264/1241] Loss: 0.2507 Time: 72.052
#### prediction torch.Size([192, 4])
Epoch [10/11] Step [297/1241] Loss: 0.1719 Time: 72.256
#### prediction torch.Size([192, 4])
Epoch [10/11] Step [330/1241] Loss: 0.2758 Time: 72.46
#### prediction torch.Size([192, 4])
Epoch [10/11] Step [363/1241] Loss: 0.2237 Time: 72.665
#### prediction torch.Size([192, 4])
Epoch [10/11] Step [396/1241] Loss: 0.3144 Time: 72.869
#### prediction torch.Size([192, 4])
Epoch [10/11] Step [429/1241] Loss: 0.2447 Time: 73.073
#### prediction torch.Size([192, 4])
Epoch [10/11] Step [462/1241] Loss: 0.2487 Time: 73.277
#### prediction torch.Size([192, 4])
Epoch [10/11] Step [495/1241] Loss: 0.2321 Time: 73.482
#### prediction torch.Size([192, 4])
Epoch [10/11] Step [528/1241] Loss: 0.2592 Time: 73.686
#### prediction torch.Size([192, 4])
Epoch [10/11] Step [561/1241] Loss: 0.1701 Time: 73.89
#### prediction torch.Size([192, 4])
Epoch [10/11] Step [594/1241] Loss: 0.2203 Time: 74.094
#### prediction torch.Size([192, 4])
Epoch [10/11] Step [627/1241] Loss: 0.2033 Time: 74.298
#### prediction torch.Size([192, 4])
Epoch [10/11] Step [660/1241] Loss: 0.2178 Time: 74.503
#### prediction torch.Size([192, 4])
Epoch [10/11] Step [693/1241] Loss: 0.2907 Time: 74.707
#### prediction torch.Size([192, 4])
Epoch [10/11] Step [726/1241] Loss: 0.2086 Time: 74.911
#### prediction torch.Size([192, 4])
Epoch [10/11] Step [759/1241] Loss: 0.1918 Time: 75.115
#### prediction torch.Size([192, 4])
Epoch [10/11] Step [792/1241] Loss: 0.1841 Time: 75.319
#### prediction torch.Size([192, 4])
Epoch [10/11] Step [825/1241] Loss: 0.3505 Time: 75.523
#### prediction torch.Size([192, 4])
Epoch [10/11] Step [858/1241] Loss: 0.2499 Time: 75.727
#### prediction torch.Size([192, 4])
Epoch [10/11] Step [891/1241] Loss: 0.2653 Time: 75.933
#### prediction torch.Size([192, 4])
Epoch [10/11] Step [924/1241] Loss: 0.2135 Time: 76.152
#### prediction torch.Size([192, 4])
Epoch [10/11] Step [957/1241] Loss: 0.2501 Time: 76.358
#### prediction torch.Size([192, 4])
Epoch [10/11] Step [990/1241] Loss: 0.2844 Time: 76.562
#### prediction torch.Size([192, 4])
Epoch [10/11] Step [1023/1241] Loss: 0.2043 Time: 76.767
#### prediction torch.Size([192, 4])
Epoch [10/11] Step [1056/1241] Loss: 0.2862 Time: 76.972
#### prediction torch.Size([192, 4])
Epoch [10/11] Step [1089/1241] Loss: 0.2223 Time: 77.176
#### prediction torch.Size([192, 4])
Epoch [10/11] Step [1122/1241] Loss: 0.2307 Time: 77.381
#### prediction torch.Size([192, 4])
Epoch [10/11] Step [1155/1241] Loss: 0.2939 Time: 77.585
#### prediction torch.Size([192, 4])
Epoch [10/11] Step [1188/1241] Loss: 0.2332 Time: 77.789
#### prediction torch.Size([192, 4])
Epoch [10/11] Step [1221/1241] Loss: 0.2270 Time: 77.993
#### TRAINED MODEL PARA_CNN_LSTM model training time: 85.991 total training time: 247.957 ####
#### TRAINING TOTAL TIME: 244.653 ####
Accuracy of the SEQ_CNN_LSTM model on the test set: 90.456285 %
Accuracy of the SEQ_LSTM_CNN model on the test set: 82.928754 %
Accuracy of the PARA_CNN_LSTM model on the test set: 88.022092 %
#### TESTING TOTAL TIME: 3.503 ####
#### TIME #### TERMINO #### 7636.072 ####
#### FINITO #### TERMINO #### NO-VA-MAS ####
#### TIMES #### modelling TOTAL TOTAL ==>> 7636.072 seconds
#### #### READING DATA FILES #### ####
155 511 #### COMBI [reg, sid, ban, sec, men, med, sum, max, bet, mmm, aei] METRICS ####
('Plantation', '/home/vargas/repos/forests-sounds-vargas/out/data/extraction/Plantation/2_00_PSA0010-2010_dict_y_split_7_2512283_1736694580.pkl')
(297840, 11) Index(['reg', 'sid', 'ban', 'sec', 'men', 'med', 'sum', 'max', 'bet', 'mmm',
       'aei'],
      dtype='object') Index(['reg', 'sid', 'ban', 'sec', 'men', 'med', 'sum', 'max', 'bet', 'mmm',
       'aei'],
      dtype='object')
#### MERGE 68 merge_data Dataframe shape: (297840, 11) #### time: 265
#### #### SPLIT TRAIN TEST #### ####
#### CLASSES: [0 1 2 3] TOTAL 4
#### SPLIT train_test_split and CUDA: ??? cuda:0 #### time: 35
#### MODELS - TOTAL 3 ####
#### EPOCHS 11 ####
#### TRAINING MODELS ####
#### TRAINING MODEL SEQ_CNN_LSTM ####
#### prediction torch.Size([192, 4])
Epoch [10/11] Step [33/1241] Loss: 0.4744 Time: 61.499
#### prediction torch.Size([192, 4])
Epoch [10/11] Step [66/1241] Loss: 0.4448 Time: 61.677
#### prediction torch.Size([192, 4])
Epoch [10/11] Step [99/1241] Loss: 0.4829 Time: 61.855
#### prediction torch.Size([192, 4])
Epoch [10/11] Step [132/1241] Loss: 0.4828 Time: 62.033
#### prediction torch.Size([192, 4])
Epoch [10/11] Step [165/1241] Loss: 0.4358 Time: 62.211
#### prediction torch.Size([192, 4])
Epoch [10/11] Step [198/1241] Loss: 0.4222 Time: 62.388
#### prediction torch.Size([192, 4])
Epoch [10/11] Step [231/1241] Loss: 0.4120 Time: 62.566
#### prediction torch.Size([192, 4])
Epoch [10/11] Step [264/1241] Loss: 0.4222 Time: 62.743
#### prediction torch.Size([192, 4])
Epoch [10/11] Step [297/1241] Loss: 0.4887 Time: 62.921
#### prediction torch.Size([192, 4])
Epoch [10/11] Step [330/1241] Loss: 0.5118 Time: 63.099
#### prediction torch.Size([192, 4])
Epoch [10/11] Step [363/1241] Loss: 0.4719 Time: 63.277
#### prediction torch.Size([192, 4])
Epoch [10/11] Step [396/1241] Loss: 0.4311 Time: 63.454
#### prediction torch.Size([192, 4])
Epoch [10/11] Step [429/1241] Loss: 0.5236 Time: 63.631
#### prediction torch.Size([192, 4])
Epoch [10/11] Step [462/1241] Loss: 0.3366 Time: 63.809
#### prediction torch.Size([192, 4])
Epoch [10/11] Step [495/1241] Loss: 0.4506 Time: 63.986
#### prediction torch.Size([192, 4])
Epoch [10/11] Step [528/1241] Loss: 0.5007 Time: 64.164
#### prediction torch.Size([192, 4])
Epoch [10/11] Step [561/1241] Loss: 0.4858 Time: 64.341
#### prediction torch.Size([192, 4])
Epoch [10/11] Step [594/1241] Loss: 0.3801 Time: 64.518
#### prediction torch.Size([192, 4])
Epoch [10/11] Step [627/1241] Loss: 0.4057 Time: 64.696
#### prediction torch.Size([192, 4])
Epoch [10/11] Step [660/1241] Loss: 0.4485 Time: 64.873
#### prediction torch.Size([192, 4])
Epoch [10/11] Step [693/1241] Loss: 0.4428 Time: 65.051
#### prediction torch.Size([192, 4])
Epoch [10/11] Step [726/1241] Loss: 0.5527 Time: 65.228
#### prediction torch.Size([192, 4])
Epoch [10/11] Step [759/1241] Loss: 0.4585 Time: 65.406
#### prediction torch.Size([192, 4])
Epoch [10/11] Step [792/1241] Loss: 0.4215 Time: 65.584
#### prediction torch.Size([192, 4])
Epoch [10/11] Step [825/1241] Loss: 0.4985 Time: 65.761
#### prediction torch.Size([192, 4])
Epoch [10/11] Step [858/1241] Loss: 0.3864 Time: 65.939
#### prediction torch.Size([192, 4])
Epoch [10/11] Step [891/1241] Loss: 0.4912 Time: 66.116
#### prediction torch.Size([192, 4])
Epoch [10/11] Step [924/1241] Loss: 0.4934 Time: 66.294
#### prediction torch.Size([192, 4])
Epoch [10/11] Step [957/1241] Loss: 0.4243 Time: 66.471
#### prediction torch.Size([192, 4])
Epoch [10/11] Step [990/1241] Loss: 0.4336 Time: 66.649
#### prediction torch.Size([192, 4])
Epoch [10/11] Step [1023/1241] Loss: 0.4724 Time: 66.826
#### prediction torch.Size([192, 4])
Epoch [10/11] Step [1056/1241] Loss: 0.4643 Time: 67.004
#### prediction torch.Size([192, 4])
Epoch [10/11] Step [1089/1241] Loss: 0.5293 Time: 67.181
#### prediction torch.Size([192, 4])
Epoch [10/11] Step [1122/1241] Loss: 0.4467 Time: 67.359
#### prediction torch.Size([192, 4])
Epoch [10/11] Step [1155/1241] Loss: 0.4353 Time: 67.536
#### prediction torch.Size([192, 4])
Epoch [10/11] Step [1188/1241] Loss: 0.4932 Time: 67.714
#### prediction torch.Size([192, 4])
Epoch [10/11] Step [1221/1241] Loss: 0.4419 Time: 67.891
#### TRAINED MODEL SEQ_CNN_LSTM model training time: 74.874 total training time: 78.056 ####
#### TRAINING MODEL SEQ_LSTM_CNN ####
#### prediction torch.Size([192, 4])
Epoch [10/11] Step [33/1241] Loss: 0.4402 Time: 69.375
#### prediction torch.Size([192, 4])
Epoch [10/11] Step [66/1241] Loss: 0.4129 Time: 69.577
#### prediction torch.Size([192, 4])
Epoch [10/11] Step [99/1241] Loss: 0.5608 Time: 69.778
#### prediction torch.Size([192, 4])
Epoch [10/11] Step [132/1241] Loss: 0.4744 Time: 69.979
#### prediction torch.Size([192, 4])
Epoch [10/11] Step [165/1241] Loss: 0.4492 Time: 70.18
#### prediction torch.Size([192, 4])
Epoch [10/11] Step [198/1241] Loss: 0.4532 Time: 70.381
#### prediction torch.Size([192, 4])
Epoch [10/11] Step [231/1241] Loss: 0.4179 Time: 70.582
#### prediction torch.Size([192, 4])
Epoch [10/11] Step [264/1241] Loss: 0.4458 Time: 70.784
#### prediction torch.Size([192, 4])
Epoch [10/11] Step [297/1241] Loss: 0.4593 Time: 70.985
#### prediction torch.Size([192, 4])
Epoch [10/11] Step [330/1241] Loss: 0.5064 Time: 71.186
#### prediction torch.Size([192, 4])
Epoch [10/11] Step [363/1241] Loss: 0.4784 Time: 71.387
#### prediction torch.Size([192, 4])
Epoch [10/11] Step [396/1241] Loss: 0.4639 Time: 71.588
#### prediction torch.Size([192, 4])
Epoch [10/11] Step [429/1241] Loss: 0.4260 Time: 71.79
#### prediction torch.Size([192, 4])
Epoch [10/11] Step [462/1241] Loss: 0.4726 Time: 71.991
#### prediction torch.Size([192, 4])
Epoch [10/11] Step [495/1241] Loss: 0.4333 Time: 72.193
#### prediction torch.Size([192, 4])
Epoch [10/11] Step [528/1241] Loss: 0.4589 Time: 72.394
#### prediction torch.Size([192, 4])
Epoch [10/11] Step [561/1241] Loss: 0.3773 Time: 72.595
#### prediction torch.Size([192, 4])
Epoch [10/11] Step [594/1241] Loss: 0.4624 Time: 72.796
#### prediction torch.Size([192, 4])
Epoch [10/11] Step [627/1241] Loss: 0.4909 Time: 72.997
#### prediction torch.Size([192, 4])
Epoch [10/11] Step [660/1241] Loss: 0.4817 Time: 73.198
#### prediction torch.Size([192, 4])
Epoch [10/11] Step [693/1241] Loss: 0.5015 Time: 73.399
#### prediction torch.Size([192, 4])
Epoch [10/11] Step [726/1241] Loss: 0.4197 Time: 73.6
#### prediction torch.Size([192, 4])
Epoch [10/11] Step [759/1241] Loss: 0.4476 Time: 73.801
#### prediction torch.Size([192, 4])
Epoch [10/11] Step [792/1241] Loss: 0.5005 Time: 74.002
#### prediction torch.Size([192, 4])
Epoch [10/11] Step [825/1241] Loss: 0.5030 Time: 74.203
#### prediction torch.Size([192, 4])
Epoch [10/11] Step [858/1241] Loss: 0.4806 Time: 74.404
#### prediction torch.Size([192, 4])
Epoch [10/11] Step [891/1241] Loss: 0.4369 Time: 74.605
#### prediction torch.Size([192, 4])
Epoch [10/11] Step [924/1241] Loss: 0.4603 Time: 74.806
#### prediction torch.Size([192, 4])
Epoch [10/11] Step [957/1241] Loss: 0.4124 Time: 75.007
#### prediction torch.Size([192, 4])
Epoch [10/11] Step [990/1241] Loss: 0.4223 Time: 75.208
#### prediction torch.Size([192, 4])
Epoch [10/11] Step [1023/1241] Loss: 0.4524 Time: 75.409
#### prediction torch.Size([192, 4])
Epoch [10/11] Step [1056/1241] Loss: 0.4324 Time: 75.61
#### prediction torch.Size([192, 4])
Epoch [10/11] Step [1089/1241] Loss: 0.4825 Time: 75.811
#### prediction torch.Size([192, 4])
Epoch [10/11] Step [1122/1241] Loss: 0.4143 Time: 76.012
#### prediction torch.Size([192, 4])
Epoch [10/11] Step [1155/1241] Loss: 0.4158 Time: 76.214
#### prediction torch.Size([192, 4])
Epoch [10/11] Step [1188/1241] Loss: 0.5092 Time: 76.415
#### prediction torch.Size([192, 4])
Epoch [10/11] Step [1221/1241] Loss: 0.4777 Time: 76.616
#### TRAINED MODEL SEQ_LSTM_CNN model training time: 84.492 total training time: 162.547 ####
#### TRAINING MODEL PARA_CNN_LSTM ####
#### prediction torch.Size([192, 4])
Epoch [10/11] Step [33/1241] Loss: 0.4401 Time: 70.584
#### prediction torch.Size([192, 4])
Epoch [10/11] Step [66/1241] Loss: 0.5000 Time: 70.79
#### prediction torch.Size([192, 4])
Epoch [10/11] Step [99/1241] Loss: 0.4252 Time: 70.995
#### prediction torch.Size([192, 4])
Epoch [10/11] Step [132/1241] Loss: 0.4855 Time: 71.2
#### prediction torch.Size([192, 4])
Epoch [10/11] Step [165/1241] Loss: 0.4217 Time: 71.404
#### prediction torch.Size([192, 4])
Epoch [10/11] Step [198/1241] Loss: 0.4552 Time: 71.609
#### prediction torch.Size([192, 4])
Epoch [10/11] Step [231/1241] Loss: 0.4235 Time: 71.814
#### prediction torch.Size([192, 4])
Epoch [10/11] Step [264/1241] Loss: 0.5325 Time: 72.018
#### prediction torch.Size([192, 4])
Epoch [10/11] Step [297/1241] Loss: 0.4301 Time: 72.223
#### prediction torch.Size([192, 4])
Epoch [10/11] Step [330/1241] Loss: 0.4542 Time: 72.427
#### prediction torch.Size([192, 4])
Epoch [10/11] Step [363/1241] Loss: 0.3853 Time: 72.632
#### prediction torch.Size([192, 4])
Epoch [10/11] Step [396/1241] Loss: 0.4882 Time: 72.838
#### prediction torch.Size([192, 4])
Epoch [10/11] Step [429/1241] Loss: 0.4584 Time: 73.043
#### prediction torch.Size([192, 4])
Epoch [10/11] Step [462/1241] Loss: 0.4098 Time: 73.248
#### prediction torch.Size([192, 4])
Epoch [10/11] Step [495/1241] Loss: 0.3855 Time: 73.452
#### prediction torch.Size([192, 4])
Epoch [10/11] Step [528/1241] Loss: 0.5102 Time: 73.657
#### prediction torch.Size([192, 4])
Epoch [10/11] Step [561/1241] Loss: 0.5118 Time: 73.862
#### prediction torch.Size([192, 4])
Epoch [10/11] Step [594/1241] Loss: 0.4251 Time: 74.066
#### prediction torch.Size([192, 4])
Epoch [10/11] Step [627/1241] Loss: 0.3992 Time: 74.271
#### prediction torch.Size([192, 4])
Epoch [10/11] Step [660/1241] Loss: 0.4264 Time: 74.476
#### prediction torch.Size([192, 4])
Epoch [10/11] Step [693/1241] Loss: 0.3876 Time: 74.68
#### prediction torch.Size([192, 4])
Epoch [10/11] Step [726/1241] Loss: 0.4710 Time: 74.886
#### prediction torch.Size([192, 4])
Epoch [10/11] Step [759/1241] Loss: 0.4418 Time: 75.091
#### prediction torch.Size([192, 4])
Epoch [10/11] Step [792/1241] Loss: 0.3793 Time: 75.296
#### prediction torch.Size([192, 4])
Epoch [10/11] Step [825/1241] Loss: 0.3842 Time: 75.501
#### prediction torch.Size([192, 4])
Epoch [10/11] Step [858/1241] Loss: 0.4347 Time: 75.706
#### prediction torch.Size([192, 4])
Epoch [10/11] Step [891/1241] Loss: 0.4837 Time: 75.91
#### prediction torch.Size([192, 4])
Epoch [10/11] Step [924/1241] Loss: 0.3984 Time: 76.115
#### prediction torch.Size([192, 4])
Epoch [10/11] Step [957/1241] Loss: 0.4008 Time: 76.48
#### prediction torch.Size([192, 4])
Epoch [10/11] Step [990/1241] Loss: 0.3949 Time: 76.685
#### prediction torch.Size([192, 4])
Epoch [10/11] Step [1023/1241] Loss: 0.4828 Time: 76.889
#### prediction torch.Size([192, 4])
Epoch [10/11] Step [1056/1241] Loss: 0.4713 Time: 77.094
#### prediction torch.Size([192, 4])
Epoch [10/11] Step [1089/1241] Loss: 0.4601 Time: 77.3
#### prediction torch.Size([192, 4])
Epoch [10/11] Step [1122/1241] Loss: 0.3652 Time: 77.505
#### prediction torch.Size([192, 4])
Epoch [10/11] Step [1155/1241] Loss: 0.5257 Time: 77.709
#### prediction torch.Size([192, 4])
Epoch [10/11] Step [1188/1241] Loss: 0.4815 Time: 77.914
#### prediction torch.Size([192, 4])
Epoch [10/11] Step [1221/1241] Loss: 0.4501 Time: 78.119
#### TRAINED MODEL PARA_CNN_LSTM model training time: 86.021 total training time: 248.568 ####
#### TRAINING TOTAL TIME: 245.387 ####
Accuracy of the SEQ_CNN_LSTM model on the test set: 82.000403 %
Accuracy of the SEQ_LSTM_CNN model on the test set: 81.385979 %
Accuracy of the PARA_CNN_LSTM model on the test set: 82.107843 %
#### TESTING TOTAL TIME: 3.671 ####
#### TIME #### TERMINO #### 7937.303 ####
#### FINITO #### TERMINO #### NO-VA-MAS ####
#### TIMES #### modelling TOTAL TOTAL ==>> 7937.303 seconds
#### #### READING DATA FILES #### ####
156 511 #### COMBI [reg, sid, ban, sec, men, med, sum, max, bet, npp, hfq] METRICS ####
('Plantation', '/home/vargas/repos/forests-sounds-vargas/out/data/extraction/Plantation/2_00_PSA0010-2010_dict_y_split_7_2512283_1736694580.pkl')
(297840, 11) Index(['reg', 'sid', 'ban', 'sec', 'men', 'med', 'sum', 'max', 'bet', 'npp',
       'hfq'],
      dtype='object') Index(['reg', 'sid', 'ban', 'sec', 'men', 'med', 'sum', 'max', 'bet', 'npp',
       'hfq'],
      dtype='object')
#### MERGE 68 merge_data Dataframe shape: (297840, 11) #### time: 266
#### #### SPLIT TRAIN TEST #### ####
#### CLASSES: [0 1 2 3] TOTAL 4
#### SPLIT train_test_split and CUDA: ??? cuda:0 #### time: 35
#### MODELS - TOTAL 3 ####
#### EPOCHS 11 ####
#### TRAINING MODELS ####
#### TRAINING MODEL SEQ_CNN_LSTM ####
#### prediction torch.Size([192, 4])
Epoch [10/11] Step [33/1241] Loss: 0.1622 Time: 61.163
#### prediction torch.Size([192, 4])
Epoch [10/11] Step [66/1241] Loss: 0.1309 Time: 61.34
#### prediction torch.Size([192, 4])
Epoch [10/11] Step [99/1241] Loss: 0.1286 Time: 61.517
#### prediction torch.Size([192, 4])
Epoch [10/11] Step [132/1241] Loss: 0.1002 Time: 61.693
#### prediction torch.Size([192, 4])
Epoch [10/11] Step [165/1241] Loss: 0.1354 Time: 61.87
#### prediction torch.Size([192, 4])
Epoch [10/11] Step [198/1241] Loss: 0.1355 Time: 62.057
#### prediction torch.Size([192, 4])
Epoch [10/11] Step [231/1241] Loss: 0.1342 Time: 62.241
#### prediction torch.Size([192, 4])
Epoch [10/11] Step [264/1241] Loss: 0.1514 Time: 62.418
#### prediction torch.Size([192, 4])
Epoch [10/11] Step [297/1241] Loss: 0.1279 Time: 62.595
#### prediction torch.Size([192, 4])
Epoch [10/11] Step [330/1241] Loss: 0.1465 Time: 62.772
#### prediction torch.Size([192, 4])
Epoch [10/11] Step [363/1241] Loss: 0.1354 Time: 62.949
#### prediction torch.Size([192, 4])
Epoch [10/11] Step [396/1241] Loss: 0.1427 Time: 63.126
#### prediction torch.Size([192, 4])
Epoch [10/11] Step [429/1241] Loss: 0.2066 Time: 63.303
#### prediction torch.Size([192, 4])
Epoch [10/11] Step [462/1241] Loss: 0.1143 Time: 63.48
#### prediction torch.Size([192, 4])
Epoch [10/11] Step [495/1241] Loss: 0.1195 Time: 63.657
#### prediction torch.Size([192, 4])
Epoch [10/11] Step [528/1241] Loss: 0.1266 Time: 63.834
#### prediction torch.Size([192, 4])
Epoch [10/11] Step [561/1241] Loss: 0.1109 Time: 64.011
#### prediction torch.Size([192, 4])
Epoch [10/11] Step [594/1241] Loss: 0.1107 Time: 64.188
#### prediction torch.Size([192, 4])
Epoch [10/11] Step [627/1241] Loss: 0.1333 Time: 64.364
#### prediction torch.Size([192, 4])
Epoch [10/11] Step [660/1241] Loss: 0.1468 Time: 64.541
#### prediction torch.Size([192, 4])
Epoch [10/11] Step [693/1241] Loss: 0.0813 Time: 64.718
#### prediction torch.Size([192, 4])
Epoch [10/11] Step [726/1241] Loss: 0.2008 Time: 64.895
#### prediction torch.Size([192, 4])
Epoch [10/11] Step [759/1241] Loss: 0.1548 Time: 65.072
#### prediction torch.Size([192, 4])
Epoch [10/11] Step [792/1241] Loss: 0.1150 Time: 65.249
#### prediction torch.Size([192, 4])
Epoch [10/11] Step [825/1241] Loss: 0.2573 Time: 65.426
#### prediction torch.Size([192, 4])
Epoch [10/11] Step [858/1241] Loss: 0.1519 Time: 65.602
#### prediction torch.Size([192, 4])
Epoch [10/11] Step [891/1241] Loss: 0.1760 Time: 65.779
#### prediction torch.Size([192, 4])
Epoch [10/11] Step [924/1241] Loss: 0.1140 Time: 65.956
#### prediction torch.Size([192, 4])
Epoch [10/11] Step [957/1241] Loss: 0.1312 Time: 66.133
#### prediction torch.Size([192, 4])
Epoch [10/11] Step [990/1241] Loss: 0.1532 Time: 66.309
#### prediction torch.Size([192, 4])
Epoch [10/11] Step [1023/1241] Loss: 0.1587 Time: 66.486
#### prediction torch.Size([192, 4])
Epoch [10/11] Step [1056/1241] Loss: 0.1775 Time: 66.663
#### prediction torch.Size([192, 4])
Epoch [10/11] Step [1089/1241] Loss: 0.1154 Time: 67.002
#### prediction torch.Size([192, 4])
Epoch [10/11] Step [1122/1241] Loss: 0.1087 Time: 67.179
#### prediction torch.Size([192, 4])
Epoch [10/11] Step [1155/1241] Loss: 0.1379 Time: 67.356
#### prediction torch.Size([192, 4])
Epoch [10/11] Step [1188/1241] Loss: 0.1200 Time: 67.533
#### prediction torch.Size([192, 4])
Epoch [10/11] Step [1221/1241] Loss: 0.1254 Time: 67.71
#### TRAINED MODEL SEQ_CNN_LSTM model training time: 74.499 total training time: 78.167 ####
#### TRAINING MODEL SEQ_LSTM_CNN ####
#### prediction torch.Size([192, 4])
Epoch [10/11] Step [33/1241] Loss: 0.1964 Time: 69.452
#### prediction torch.Size([192, 4])
Epoch [10/11] Step [66/1241] Loss: 0.1293 Time: 69.662
#### prediction torch.Size([192, 4])
Epoch [10/11] Step [99/1241] Loss: 0.2460 Time: 69.863
#### prediction torch.Size([192, 4])
Epoch [10/11] Step [132/1241] Loss: 0.2165 Time: 70.066
#### prediction torch.Size([192, 4])
Epoch [10/11] Step [165/1241] Loss: 0.1180 Time: 70.268
#### prediction torch.Size([192, 4])
Epoch [10/11] Step [198/1241] Loss: 0.1860 Time: 70.469
#### prediction torch.Size([192, 4])
Epoch [10/11] Step [231/1241] Loss: 0.0974 Time: 70.671
#### prediction torch.Size([192, 4])
Epoch [10/11] Step [264/1241] Loss: 0.1523 Time: 70.872
#### prediction torch.Size([192, 4])
Epoch [10/11] Step [297/1241] Loss: 0.1838 Time: 71.074
#### prediction torch.Size([192, 4])
Epoch [10/11] Step [330/1241] Loss: 0.1426 Time: 71.275
#### prediction torch.Size([192, 4])
Epoch [10/11] Step [363/1241] Loss: 0.2028 Time: 71.477
#### prediction torch.Size([192, 4])
Epoch [10/11] Step [396/1241] Loss: 0.1417 Time: 71.678
#### prediction torch.Size([192, 4])
Epoch [10/11] Step [429/1241] Loss: 0.1463 Time: 71.879
#### prediction torch.Size([192, 4])
Epoch [10/11] Step [462/1241] Loss: 0.1305 Time: 72.243
#### prediction torch.Size([192, 4])
Epoch [10/11] Step [495/1241] Loss: 0.1273 Time: 72.445
#### prediction torch.Size([192, 4])
Epoch [10/11] Step [528/1241] Loss: 0.0963 Time: 72.646
#### prediction torch.Size([192, 4])
Epoch [10/11] Step [561/1241] Loss: 0.1603 Time: 72.848
#### prediction torch.Size([192, 4])
Epoch [10/11] Step [594/1241] Loss: 0.1104 Time: 73.049
#### prediction torch.Size([192, 4])
Epoch [10/11] Step [627/1241] Loss: 0.1841 Time: 73.251
#### prediction torch.Size([192, 4])
Epoch [10/11] Step [660/1241] Loss: 0.1325 Time: 73.453
#### prediction torch.Size([192, 4])
Epoch [10/11] Step [693/1241] Loss: 0.1511 Time: 73.654
#### prediction torch.Size([192, 4])
Epoch [10/11] Step [726/1241] Loss: 0.1405 Time: 73.856
#### prediction torch.Size([192, 4])
Epoch [10/11] Step [759/1241] Loss: 0.1533 Time: 74.057
#### prediction torch.Size([192, 4])
Epoch [10/11] Step [792/1241] Loss: 0.0981 Time: 74.259
#### prediction torch.Size([192, 4])
Epoch [10/11] Step [825/1241] Loss: 0.1473 Time: 74.461
#### prediction torch.Size([192, 4])
Epoch [10/11] Step [858/1241] Loss: 0.1523 Time: 74.662
#### prediction torch.Size([192, 4])
Epoch [10/11] Step [891/1241] Loss: 0.0980 Time: 74.863
#### prediction torch.Size([192, 4])
Epoch [10/11] Step [924/1241] Loss: 0.1410 Time: 75.065
#### prediction torch.Size([192, 4])
Epoch [10/11] Step [957/1241] Loss: 0.1683 Time: 75.266
#### prediction torch.Size([192, 4])
Epoch [10/11] Step [990/1241] Loss: 0.1135 Time: 75.467
#### prediction torch.Size([192, 4])
Epoch [10/11] Step [1023/1241] Loss: 0.1836 Time: 75.669
#### prediction torch.Size([192, 4])
Epoch [10/11] Step [1056/1241] Loss: 0.1406 Time: 75.87
#### prediction torch.Size([192, 4])
Epoch [10/11] Step [1089/1241] Loss: 0.1918 Time: 76.071
#### prediction torch.Size([192, 4])
Epoch [10/11] Step [1122/1241] Loss: 0.1178 Time: 76.272
#### prediction torch.Size([192, 4])
Epoch [10/11] Step [1155/1241] Loss: 0.0830 Time: 76.474
#### prediction torch.Size([192, 4])
Epoch [10/11] Step [1188/1241] Loss: 0.1257 Time: 76.675
#### prediction torch.Size([192, 4])
Epoch [10/11] Step [1221/1241] Loss: 0.1403 Time: 76.876
#### TRAINED MODEL SEQ_LSTM_CNN model training time: 84.604 total training time: 162.771 ####
#### TRAINING MODEL PARA_CNN_LSTM ####
#### prediction torch.Size([192, 4])
Epoch [10/11] Step [33/1241] Loss: 0.1357 Time: 70.842
#### prediction torch.Size([192, 4])
Epoch [10/11] Step [66/1241] Loss: 0.1439 Time: 71.047
#### prediction torch.Size([192, 4])
Epoch [10/11] Step [99/1241] Loss: 0.1251 Time: 71.251
#### prediction torch.Size([192, 4])
Epoch [10/11] Step [132/1241] Loss: 0.1904 Time: 71.456
#### prediction torch.Size([192, 4])
Epoch [10/11] Step [165/1241] Loss: 0.2313 Time: 71.661
#### prediction torch.Size([192, 4])
Epoch [10/11] Step [198/1241] Loss: 0.1428 Time: 71.866
#### prediction torch.Size([192, 4])
Epoch [10/11] Step [231/1241] Loss: 0.1980 Time: 72.07
#### prediction torch.Size([192, 4])
Epoch [10/11] Step [264/1241] Loss: 0.2099 Time: 72.275
#### prediction torch.Size([192, 4])
Epoch [10/11] Step [297/1241] Loss: 0.1221 Time: 72.48
#### prediction torch.Size([192, 4])
Epoch [10/11] Step [330/1241] Loss: 0.1359 Time: 72.684
#### prediction torch.Size([192, 4])
Epoch [10/11] Step [363/1241] Loss: 0.1579 Time: 72.889
#### prediction torch.Size([192, 4])
Epoch [10/11] Step [396/1241] Loss: 0.1959 Time: 73.094
#### prediction torch.Size([192, 4])
Epoch [10/11] Step [429/1241] Loss: 0.1453 Time: 73.299
#### prediction torch.Size([192, 4])
Epoch [10/11] Step [462/1241] Loss: 0.0902 Time: 73.504
#### prediction torch.Size([192, 4])
Epoch [10/11] Step [495/1241] Loss: 0.1539 Time: 73.709
#### prediction torch.Size([192, 4])
Epoch [10/11] Step [528/1241] Loss: 0.1322 Time: 73.913
#### prediction torch.Size([192, 4])
Epoch [10/11] Step [561/1241] Loss: 0.1391 Time: 74.118
#### prediction torch.Size([192, 4])
Epoch [10/11] Step [594/1241] Loss: 0.1423 Time: 74.323
#### prediction torch.Size([192, 4])
Epoch [10/11] Step [627/1241] Loss: 0.0965 Time: 74.527
#### prediction torch.Size([192, 4])
Epoch [10/11] Step [660/1241] Loss: 0.1428 Time: 74.732
#### prediction torch.Size([192, 4])
Epoch [10/11] Step [693/1241] Loss: 0.1229 Time: 74.937
#### prediction torch.Size([192, 4])
Epoch [10/11] Step [726/1241] Loss: 0.1038 Time: 75.141
#### prediction torch.Size([192, 4])
Epoch [10/11] Step [759/1241] Loss: 0.1159 Time: 75.346
#### prediction torch.Size([192, 4])
Epoch [10/11] Step [792/1241] Loss: 0.1301 Time: 75.551
#### prediction torch.Size([192, 4])
Epoch [10/11] Step [825/1241] Loss: 0.1312 Time: 75.756
#### prediction torch.Size([192, 4])
Epoch [10/11] Step [858/1241] Loss: 0.1523 Time: 75.961
#### prediction torch.Size([192, 4])
Epoch [10/11] Step [891/1241] Loss: 0.0772 Time: 76.165
#### prediction torch.Size([192, 4])
Epoch [10/11] Step [924/1241] Loss: 0.0891 Time: 76.37
#### prediction torch.Size([192, 4])
Epoch [10/11] Step [957/1241] Loss: 0.1266 Time: 76.574
#### prediction torch.Size([192, 4])
Epoch [10/11] Step [990/1241] Loss: 0.1509 Time: 76.779
#### prediction torch.Size([192, 4])
Epoch [10/11] Step [1023/1241] Loss: 0.1019 Time: 76.984
#### prediction torch.Size([192, 4])
Epoch [10/11] Step [1056/1241] Loss: 0.1496 Time: 77.188
#### prediction torch.Size([192, 4])
Epoch [10/11] Step [1089/1241] Loss: 0.1118 Time: 77.393
#### prediction torch.Size([192, 4])
Epoch [10/11] Step [1122/1241] Loss: 0.1324 Time: 77.598
#### prediction torch.Size([192, 4])
Epoch [10/11] Step [1155/1241] Loss: 0.1997 Time: 77.802
#### prediction torch.Size([192, 4])
Epoch [10/11] Step [1188/1241] Loss: 0.1616 Time: 78.007
#### prediction torch.Size([192, 4])
Epoch [10/11] Step [1221/1241] Loss: 0.1123 Time: 78.211
#### TRAINED MODEL PARA_CNN_LSTM model training time: 86.226 total training time: 248.997 ####
#### TRAINING TOTAL TIME: 245.33 ####
Accuracy of the SEQ_CNN_LSTM model on the test set: 93.852404 %
Accuracy of the SEQ_LSTM_CNN model on the test set: 93.743285 %
Accuracy of the PARA_CNN_LSTM model on the test set: 93.494829 %
#### TESTING TOTAL TIME: 3.514 ####
#### TIME #### TERMINO #### 8239.425 ####
#### FINITO #### TERMINO #### NO-VA-MAS ####
#### TIMES #### modelling TOTAL TOTAL ==>> 8239.425 seconds
#### #### READING DATA FILES #### ####
157 511 #### COMBI [reg, sid, ban, sec, men, med, sum, max, bet, npp, htp] METRICS ####
('Plantation', '/home/vargas/repos/forests-sounds-vargas/out/data/extraction/Plantation/2_00_PSA0010-2010_dict_y_split_7_2512283_1736694580.pkl')
(297840, 11) Index(['reg', 'sid', 'ban', 'sec', 'men', 'med', 'sum', 'max', 'bet', 'npp',
       'htp'],
      dtype='object') Index(['reg', 'sid', 'ban', 'sec', 'men', 'med', 'sum', 'max', 'bet', 'npp',
       'htp'],
      dtype='object')
#### MERGE 68 merge_data Dataframe shape: (297840, 11) #### time: 268
#### #### SPLIT TRAIN TEST #### ####
#### CLASSES: [0 1 2 3] TOTAL 4
#### SPLIT train_test_split and CUDA: ??? cuda:0 #### time: 35
#### MODELS - TOTAL 3 ####
#### EPOCHS 11 ####
#### TRAINING MODELS ####
#### TRAINING MODEL SEQ_CNN_LSTM ####
#### prediction torch.Size([192, 4])
Epoch [10/11] Step [33/1241] Loss: 0.0904 Time: 61.882
#### prediction torch.Size([192, 4])
Epoch [10/11] Step [66/1241] Loss: 0.1132 Time: 62.06
#### prediction torch.Size([192, 4])
Epoch [10/11] Step [99/1241] Loss: 0.1155 Time: 62.239
#### prediction torch.Size([192, 4])
Epoch [10/11] Step [132/1241] Loss: 0.1238 Time: 62.418
#### prediction torch.Size([192, 4])
Epoch [10/11] Step [165/1241] Loss: 0.1523 Time: 62.596
#### prediction torch.Size([192, 4])
Epoch [10/11] Step [198/1241] Loss: 0.0994 Time: 62.775
#### prediction torch.Size([192, 4])
Epoch [10/11] Step [231/1241] Loss: 0.1487 Time: 62.953
#### prediction torch.Size([192, 4])
Epoch [10/11] Step [264/1241] Loss: 0.1875 Time: 63.132
#### prediction torch.Size([192, 4])
Epoch [10/11] Step [297/1241] Loss: 0.1186 Time: 63.311
#### prediction torch.Size([192, 4])
Epoch [10/11] Step [330/1241] Loss: 0.1178 Time: 63.489
#### prediction torch.Size([192, 4])
Epoch [10/11] Step [363/1241] Loss: 0.1514 Time: 63.668
#### prediction torch.Size([192, 4])
Epoch [10/11] Step [396/1241] Loss: 0.2251 Time: 63.847
#### prediction torch.Size([192, 4])
Epoch [10/11] Step [429/1241] Loss: 0.1137 Time: 64.025
#### prediction torch.Size([192, 4])
Epoch [10/11] Step [462/1241] Loss: 0.1455 Time: 64.204
#### prediction torch.Size([192, 4])
Epoch [10/11] Step [495/1241] Loss: 0.1203 Time: 64.383
#### prediction torch.Size([192, 4])
Epoch [10/11] Step [528/1241] Loss: 0.1454 Time: 64.561
#### prediction torch.Size([192, 4])
Epoch [10/11] Step [561/1241] Loss: 0.1190 Time: 64.74
#### prediction torch.Size([192, 4])
Epoch [10/11] Step [594/1241] Loss: 0.1618 Time: 64.918
#### prediction torch.Size([192, 4])
Epoch [10/11] Step [627/1241] Loss: 0.1515 Time: 65.097
#### prediction torch.Size([192, 4])
Epoch [10/11] Step [660/1241] Loss: 0.1365 Time: 65.275
#### prediction torch.Size([192, 4])
Epoch [10/11] Step [693/1241] Loss: 0.1572 Time: 65.454
#### prediction torch.Size([192, 4])
Epoch [10/11] Step [726/1241] Loss: 0.1151 Time: 65.632
#### prediction torch.Size([192, 4])
Epoch [10/11] Step [759/1241] Loss: 0.1199 Time: 65.811
#### prediction torch.Size([192, 4])
Epoch [10/11] Step [792/1241] Loss: 0.1193 Time: 65.989
#### prediction torch.Size([192, 4])
Epoch [10/11] Step [825/1241] Loss: 0.1222 Time: 66.175
#### prediction torch.Size([192, 4])
Epoch [10/11] Step [858/1241] Loss: 0.2822 Time: 66.364
#### prediction torch.Size([192, 4])
Epoch [10/11] Step [891/1241] Loss: 0.1686 Time: 66.543
#### prediction torch.Size([192, 4])
Epoch [10/11] Step [924/1241] Loss: 0.1123 Time: 66.722
#### prediction torch.Size([192, 4])
Epoch [10/11] Step [957/1241] Loss: 0.1383 Time: 66.9
#### prediction torch.Size([192, 4])
Epoch [10/11] Step [990/1241] Loss: 0.1390 Time: 67.08
#### prediction torch.Size([192, 4])
Epoch [10/11] Step [1023/1241] Loss: 0.1615 Time: 67.258
#### prediction torch.Size([192, 4])
Epoch [10/11] Step [1056/1241] Loss: 0.1054 Time: 67.437
#### prediction torch.Size([192, 4])
Epoch [10/11] Step [1089/1241] Loss: 0.1166 Time: 67.615
#### prediction torch.Size([192, 4])
Epoch [10/11] Step [1122/1241] Loss: 0.1380 Time: 67.794
#### prediction torch.Size([192, 4])
Epoch [10/11] Step [1155/1241] Loss: 0.2074 Time: 67.973
#### prediction torch.Size([192, 4])
Epoch [10/11] Step [1188/1241] Loss: 0.1345 Time: 68.151
#### prediction torch.Size([192, 4])
Epoch [10/11] Step [1221/1241] Loss: 0.1238 Time: 68.33
#### TRAINED MODEL SEQ_CNN_LSTM model training time: 75.365 total training time: 78.772 ####
#### TRAINING MODEL SEQ_LSTM_CNN ####
#### prediction torch.Size([192, 4])
Epoch [10/11] Step [33/1241] Loss: 0.1481 Time: 69.682
#### prediction torch.Size([192, 4])
Epoch [10/11] Step [66/1241] Loss: 0.1370 Time: 69.885
#### prediction torch.Size([192, 4])
Epoch [10/11] Step [99/1241] Loss: 0.0998 Time: 70.087
#### prediction torch.Size([192, 4])
Epoch [10/11] Step [132/1241] Loss: 0.0833 Time: 70.289
#### prediction torch.Size([192, 4])
Epoch [10/11] Step [165/1241] Loss: 0.1126 Time: 70.491
#### prediction torch.Size([192, 4])
Epoch [10/11] Step [198/1241] Loss: 0.1101 Time: 70.693
#### prediction torch.Size([192, 4])
Epoch [10/11] Step [231/1241] Loss: 0.0947 Time: 70.896
#### prediction torch.Size([192, 4])
Epoch [10/11] Step [264/1241] Loss: 0.1437 Time: 71.097
#### prediction torch.Size([192, 4])
Epoch [10/11] Step [297/1241] Loss: 0.1110 Time: 71.3
#### prediction torch.Size([192, 4])
Epoch [10/11] Step [330/1241] Loss: 0.1785 Time: 71.501
#### prediction torch.Size([192, 4])
Epoch [10/11] Step [363/1241] Loss: 0.1990 Time: 71.703
#### prediction torch.Size([192, 4])
Epoch [10/11] Step [396/1241] Loss: 0.1022 Time: 71.905
#### prediction torch.Size([192, 4])
Epoch [10/11] Step [429/1241] Loss: 0.1270 Time: 72.107
#### prediction torch.Size([192, 4])
Epoch [10/11] Step [462/1241] Loss: 0.1422 Time: 72.309
#### prediction torch.Size([192, 4])
Epoch [10/11] Step [495/1241] Loss: 0.2174 Time: 72.511
#### prediction torch.Size([192, 4])
Epoch [10/11] Step [528/1241] Loss: 0.1326 Time: 72.719
#### prediction torch.Size([192, 4])
Epoch [10/11] Step [561/1241] Loss: 0.1074 Time: 72.934
#### prediction torch.Size([192, 4])
Epoch [10/11] Step [594/1241] Loss: 0.1349 Time: 73.136
#### prediction torch.Size([192, 4])
Epoch [10/11] Step [627/1241] Loss: 0.1704 Time: 73.338
#### prediction torch.Size([192, 4])
Epoch [10/11] Step [660/1241] Loss: 0.1338 Time: 73.54
#### prediction torch.Size([192, 4])
Epoch [10/11] Step [693/1241] Loss: 0.1553 Time: 73.742
#### prediction torch.Size([192, 4])
Epoch [10/11] Step [726/1241] Loss: 0.1292 Time: 73.945
#### prediction torch.Size([192, 4])
Epoch [10/11] Step [759/1241] Loss: 0.2187 Time: 74.147
#### prediction torch.Size([192, 4])
Epoch [10/11] Step [792/1241] Loss: 0.1600 Time: 74.349
#### prediction torch.Size([192, 4])
Epoch [10/11] Step [825/1241] Loss: 0.1702 Time: 74.552
#### prediction torch.Size([192, 4])
Epoch [10/11] Step [858/1241] Loss: 0.1965 Time: 74.755
#### prediction torch.Size([192, 4])
Epoch [10/11] Step [891/1241] Loss: 0.1198 Time: 74.957
#### prediction torch.Size([192, 4])
Epoch [10/11] Step [924/1241] Loss: 0.1126 Time: 75.16
#### prediction torch.Size([192, 4])
Epoch [10/11] Step [957/1241] Loss: 0.1758 Time: 75.362
#### prediction torch.Size([192, 4])
Epoch [10/11] Step [990/1241] Loss: 0.1455 Time: 75.564
#### prediction torch.Size([192, 4])
Epoch [10/11] Step [1023/1241] Loss: 0.1058 Time: 75.766
#### prediction torch.Size([192, 4])
Epoch [10/11] Step [1056/1241] Loss: 0.1227 Time: 75.969
#### prediction torch.Size([192, 4])
Epoch [10/11] Step [1089/1241] Loss: 0.1178 Time: 76.171
#### prediction torch.Size([192, 4])
Epoch [10/11] Step [1122/1241] Loss: 0.1753 Time: 76.374
#### prediction torch.Size([192, 4])
Epoch [10/11] Step [1155/1241] Loss: 0.1726 Time: 76.576
#### prediction torch.Size([192, 4])
Epoch [10/11] Step [1188/1241] Loss: 0.1033 Time: 76.778
#### prediction torch.Size([192, 4])
Epoch [10/11] Step [1221/1241] Loss: 0.1430 Time: 76.98
#### TRAINED MODEL SEQ_LSTM_CNN model training time: 84.901 total training time: 163.673 ####
#### TRAINING MODEL PARA_CNN_LSTM ####
#### prediction torch.Size([192, 4])
Epoch [10/11] Step [33/1241] Loss: 0.1794 Time: 70.852
#### prediction torch.Size([192, 4])
Epoch [10/11] Step [66/1241] Loss: 0.1026 Time: 71.058
#### prediction torch.Size([192, 4])
Epoch [10/11] Step [99/1241] Loss: 0.1909 Time: 71.263
#### prediction torch.Size([192, 4])
Epoch [10/11] Step [132/1241] Loss: 0.1326 Time: 71.469
#### prediction torch.Size([192, 4])
Epoch [10/11] Step [165/1241] Loss: 0.1699 Time: 71.674
#### prediction torch.Size([192, 4])
Epoch [10/11] Step [198/1241] Loss: 0.1686 Time: 71.88
#### prediction torch.Size([192, 4])
Epoch [10/11] Step [231/1241] Loss: 0.1186 Time: 72.086
#### prediction torch.Size([192, 4])
Epoch [10/11] Step [264/1241] Loss: 0.1426 Time: 72.294
#### prediction torch.Size([192, 4])
Epoch [10/11] Step [297/1241] Loss: 0.1262 Time: 72.52
#### prediction torch.Size([192, 4])
Epoch [10/11] Step [330/1241] Loss: 0.1921 Time: 72.726
#### prediction torch.Size([192, 4])
Epoch [10/11] Step [363/1241] Loss: 0.1586 Time: 72.931
#### prediction torch.Size([192, 4])
Epoch [10/11] Step [396/1241] Loss: 0.1088 Time: 73.137
#### prediction torch.Size([192, 4])
Epoch [10/11] Step [429/1241] Loss: 0.1131 Time: 73.343
#### prediction torch.Size([192, 4])
Epoch [10/11] Step [462/1241] Loss: 0.1216 Time: 73.549
#### prediction torch.Size([192, 4])
Epoch [10/11] Step [495/1241] Loss: 0.1490 Time: 73.754
#### prediction torch.Size([192, 4])
Epoch [10/11] Step [528/1241] Loss: 0.1888 Time: 73.959
#### prediction torch.Size([192, 4])
Epoch [10/11] Step [561/1241] Loss: 0.1474 Time: 74.165
#### prediction torch.Size([192, 4])
Epoch [10/11] Step [594/1241] Loss: 0.2113 Time: 74.37
#### prediction torch.Size([192, 4])
Epoch [10/11] Step [627/1241] Loss: 0.1733 Time: 74.575
#### prediction torch.Size([192, 4])
Epoch [10/11] Step [660/1241] Loss: 0.1606 Time: 74.78
#### prediction torch.Size([192, 4])
Epoch [10/11] Step [693/1241] Loss: 0.1593 Time: 74.985
#### prediction torch.Size([192, 4])
Epoch [10/11] Step [726/1241] Loss: 0.1069 Time: 75.191
#### prediction torch.Size([192, 4])
Epoch [10/11] Step [759/1241] Loss: 0.1412 Time: 75.396
#### prediction torch.Size([192, 4])
Epoch [10/11] Step [792/1241] Loss: 0.1554 Time: 75.601
#### prediction torch.Size([192, 4])
Epoch [10/11] Step [825/1241] Loss: 0.1287 Time: 75.806
#### prediction torch.Size([192, 4])
Epoch [10/11] Step [858/1241] Loss: 0.1174 Time: 76.174
#### prediction torch.Size([192, 4])
Epoch [10/11] Step [891/1241] Loss: 0.1279 Time: 76.379
#### prediction torch.Size([192, 4])
Epoch [10/11] Step [924/1241] Loss: 0.1100 Time: 76.585
#### prediction torch.Size([192, 4])
Epoch [10/11] Step [957/1241] Loss: 0.1852 Time: 76.79
#### prediction torch.Size([192, 4])
Epoch [10/11] Step [990/1241] Loss: 0.2049 Time: 76.995
#### prediction torch.Size([192, 4])
Epoch [10/11] Step [1023/1241] Loss: 0.1137 Time: 77.201
#### prediction torch.Size([192, 4])
Epoch [10/11] Step [1056/1241] Loss: 0.1078 Time: 77.406
#### prediction torch.Size([192, 4])
Epoch [10/11] Step [1089/1241] Loss: 0.1220 Time: 77.612
#### prediction torch.Size([192, 4])
Epoch [10/11] Step [1122/1241] Loss: 0.1819 Time: 77.818
#### prediction torch.Size([192, 4])
Epoch [10/11] Step [1155/1241] Loss: 0.2204 Time: 78.023
#### prediction torch.Size([192, 4])
Epoch [10/11] Step [1188/1241] Loss: 0.0945 Time: 78.228
#### prediction torch.Size([192, 4])
Epoch [10/11] Step [1221/1241] Loss: 0.1616 Time: 78.434
#### TRAINED MODEL PARA_CNN_LSTM model training time: 86.306 total training time: 249.979 ####
#### TRAINING TOTAL TIME: 246.572 ####
Accuracy of the SEQ_CNN_LSTM model on the test set: 93.446146 %
Accuracy of the SEQ_LSTM_CNN model on the test set: 94.337564 %
Accuracy of the PARA_CNN_LSTM model on the test set: 94.079036 %
#### TESTING TOTAL TIME: 3.712 ####
#### TIME #### TERMINO #### 8543.728 ####
#### FINITO #### TERMINO #### NO-VA-MAS ####
#### TIMES #### modelling TOTAL TOTAL ==>> 8543.728 seconds
#### #### READING DATA FILES #### ####
158 511 #### COMBI [reg, sid, ban, sec, men, med, sum, max, bet, npp, hhh] METRICS ####
('Plantation', '/home/vargas/repos/forests-sounds-vargas/out/data/extraction/Plantation/2_00_PSA0010-2010_dict_y_split_7_2512283_1736694580.pkl')
(297840, 11) Index(['reg', 'sid', 'ban', 'sec', 'men', 'med', 'sum', 'max', 'bet', 'npp',
       'hhh'],
      dtype='object') Index(['reg', 'sid', 'ban', 'sec', 'men', 'med', 'sum', 'max', 'bet', 'npp',
       'hhh'],
      dtype='object')
#### MERGE 68 merge_data Dataframe shape: (297840, 11) #### time: 270
#### #### SPLIT TRAIN TEST #### ####
#### CLASSES: [0 1 2 3] TOTAL 4
#### SPLIT train_test_split and CUDA: ??? cuda:0 #### time: 35
#### MODELS - TOTAL 3 ####
#### EPOCHS 11 ####
#### TRAINING MODELS ####
#### TRAINING MODEL SEQ_CNN_LSTM ####
#### prediction torch.Size([192, 4])
Epoch [10/11] Step [33/1241] Loss: 0.1509 Time: 61.425
#### prediction torch.Size([192, 4])
Epoch [10/11] Step [66/1241] Loss: 0.1419 Time: 61.603
#### prediction torch.Size([192, 4])
Epoch [10/11] Step [99/1241] Loss: 0.1632 Time: 61.781
#### prediction torch.Size([192, 4])
Epoch [10/11] Step [132/1241] Loss: 0.1215 Time: 61.959
#### prediction torch.Size([192, 4])
Epoch [10/11] Step [165/1241] Loss: 0.2100 Time: 62.138
#### prediction torch.Size([192, 4])
Epoch [10/11] Step [198/1241] Loss: 0.1705 Time: 62.316
#### prediction torch.Size([192, 4])
Epoch [10/11] Step [231/1241] Loss: 0.1706 Time: 62.493
#### prediction torch.Size([192, 4])
Epoch [10/11] Step [264/1241] Loss: 0.1463 Time: 62.671
#### prediction torch.Size([192, 4])
Epoch [10/11] Step [297/1241] Loss: 0.1278 Time: 62.849
#### prediction torch.Size([192, 4])
Epoch [10/11] Step [330/1241] Loss: 0.1115 Time: 63.027
#### prediction torch.Size([192, 4])
Epoch [10/11] Step [363/1241] Loss: 0.1654 Time: 63.205
#### prediction torch.Size([192, 4])
Epoch [10/11] Step [396/1241] Loss: 0.0982 Time: 63.382
#### prediction torch.Size([192, 4])
Epoch [10/11] Step [429/1241] Loss: 0.1831 Time: 63.56
#### prediction torch.Size([192, 4])
Epoch [10/11] Step [462/1241] Loss: 0.2552 Time: 63.738
#### prediction torch.Size([192, 4])
Epoch [10/11] Step [495/1241] Loss: 0.1291 Time: 63.916
#### prediction torch.Size([192, 4])
Epoch [10/11] Step [528/1241] Loss: 0.1298 Time: 64.094
#### prediction torch.Size([192, 4])
Epoch [10/11] Step [561/1241] Loss: 0.1047 Time: 64.271
#### prediction torch.Size([192, 4])
Epoch [10/11] Step [594/1241] Loss: 0.0941 Time: 64.451
#### prediction torch.Size([192, 4])
Epoch [10/11] Step [627/1241] Loss: 0.2244 Time: 64.629
#### prediction torch.Size([192, 4])
Epoch [10/11] Step [660/1241] Loss: 0.1414 Time: 64.806
#### prediction torch.Size([192, 4])
Epoch [10/11] Step [693/1241] Loss: 0.1230 Time: 64.984
#### prediction torch.Size([192, 4])
Epoch [10/11] Step [726/1241] Loss: 0.1431 Time: 65.162
#### prediction torch.Size([192, 4])
Epoch [10/11] Step [759/1241] Loss: 0.1880 Time: 65.34
#### prediction torch.Size([192, 4])
Epoch [10/11] Step [792/1241] Loss: 0.1090 Time: 65.518
#### prediction torch.Size([192, 4])
Epoch [10/11] Step [825/1241] Loss: 0.1081 Time: 65.696
#### prediction torch.Size([192, 4])
Epoch [10/11] Step [858/1241] Loss: 0.1176 Time: 65.873
#### prediction torch.Size([192, 4])
Epoch [10/11] Step [891/1241] Loss: 0.1264 Time: 66.051
#### prediction torch.Size([192, 4])
Epoch [10/11] Step [924/1241] Loss: 0.1288 Time: 66.229
#### prediction torch.Size([192, 4])
Epoch [10/11] Step [957/1241] Loss: 0.1226 Time: 66.57
#### prediction torch.Size([192, 4])
Epoch [10/11] Step [990/1241] Loss: 0.0909 Time: 66.749
#### prediction torch.Size([192, 4])
Epoch [10/11] Step [1023/1241] Loss: 0.1357 Time: 66.927
#### prediction torch.Size([192, 4])
Epoch [10/11] Step [1056/1241] Loss: 0.1093 Time: 67.105
#### prediction torch.Size([192, 4])
Epoch [10/11] Step [1089/1241] Loss: 0.1349 Time: 67.283
#### prediction torch.Size([192, 4])
Epoch [10/11] Step [1122/1241] Loss: 0.1735 Time: 67.461
#### prediction torch.Size([192, 4])
Epoch [10/11] Step [1155/1241] Loss: 0.1159 Time: 67.639
#### prediction torch.Size([192, 4])
Epoch [10/11] Step [1188/1241] Loss: 0.0987 Time: 67.82
#### prediction torch.Size([192, 4])
Epoch [10/11] Step [1221/1241] Loss: 0.1499 Time: 68.01
#### TRAINED MODEL SEQ_CNN_LSTM model training time: 74.848 total training time: 78.159 ####
#### TRAINING MODEL SEQ_LSTM_CNN ####
#### prediction torch.Size([192, 4])
Epoch [10/11] Step [33/1241] Loss: 0.1730 Time: 69.469
#### prediction torch.Size([192, 4])
Epoch [10/11] Step [66/1241] Loss: 0.1157 Time: 69.671
#### prediction torch.Size([192, 4])
Epoch [10/11] Step [99/1241] Loss: 0.1087 Time: 69.872
#### prediction torch.Size([192, 4])
Epoch [10/11] Step [132/1241] Loss: 0.1145 Time: 70.073
#### prediction torch.Size([192, 4])
Epoch [10/11] Step [165/1241] Loss: 0.1543 Time: 70.274
#### prediction torch.Size([192, 4])
Epoch [10/11] Step [198/1241] Loss: 0.1832 Time: 70.476
#### prediction torch.Size([192, 4])
Epoch [10/11] Step [231/1241] Loss: 0.1181 Time: 70.677
#### prediction torch.Size([192, 4])
Epoch [10/11] Step [264/1241] Loss: 0.2656 Time: 70.878
#### prediction torch.Size([192, 4])
Epoch [10/11] Step [297/1241] Loss: 0.1613 Time: 71.079
#### prediction torch.Size([192, 4])
Epoch [10/11] Step [330/1241] Loss: 0.1288 Time: 71.281
#### prediction torch.Size([192, 4])
Epoch [10/11] Step [363/1241] Loss: 0.1759 Time: 71.645
#### prediction torch.Size([192, 4])
Epoch [10/11] Step [396/1241] Loss: 0.1212 Time: 71.846
#### prediction torch.Size([192, 4])
Epoch [10/11] Step [429/1241] Loss: 0.1339 Time: 72.047
#### prediction torch.Size([192, 4])
Epoch [10/11] Step [462/1241] Loss: 0.1483 Time: 72.249
#### prediction torch.Size([192, 4])
Epoch [10/11] Step [495/1241] Loss: 0.1780 Time: 72.45
#### prediction torch.Size([192, 4])
Epoch [10/11] Step [528/1241] Loss: 0.1067 Time: 72.652
#### prediction torch.Size([192, 4])
Epoch [10/11] Step [561/1241] Loss: 0.1105 Time: 72.853
#### prediction torch.Size([192, 4])
Epoch [10/11] Step [594/1241] Loss: 0.1262 Time: 73.054
#### prediction torch.Size([192, 4])
Epoch [10/11] Step [627/1241] Loss: 0.1631 Time: 73.255
#### prediction torch.Size([192, 4])
Epoch [10/11] Step [660/1241] Loss: 0.1144 Time: 73.457
#### prediction torch.Size([192, 4])
Epoch [10/11] Step [693/1241] Loss: 0.1137 Time: 73.658
#### prediction torch.Size([192, 4])
Epoch [10/11] Step [726/1241] Loss: 0.1359 Time: 73.86
#### prediction torch.Size([192, 4])
Epoch [10/11] Step [759/1241] Loss: 0.1583 Time: 74.061
#### prediction torch.Size([192, 4])
Epoch [10/11] Step [792/1241] Loss: 0.1742 Time: 74.262
#### prediction torch.Size([192, 4])
Epoch [10/11] Step [825/1241] Loss: 0.1468 Time: 74.463
#### prediction torch.Size([192, 4])
Epoch [10/11] Step [858/1241] Loss: 0.0924 Time: 74.664
#### prediction torch.Size([192, 4])
Epoch [10/11] Step [891/1241] Loss: 0.1091 Time: 74.865
#### prediction torch.Size([192, 4])
Epoch [10/11] Step [924/1241] Loss: 0.1983 Time: 75.079
#### prediction torch.Size([192, 4])
Epoch [10/11] Step [957/1241] Loss: 0.1121 Time: 75.286
#### prediction torch.Size([192, 4])
Epoch [10/11] Step [990/1241] Loss: 0.1539 Time: 75.487
#### prediction torch.Size([192, 4])
Epoch [10/11] Step [1023/1241] Loss: 0.2097 Time: 75.688
#### prediction torch.Size([192, 4])
Epoch [10/11] Step [1056/1241] Loss: 0.1364 Time: 75.889
#### prediction torch.Size([192, 4])
Epoch [10/11] Step [1089/1241] Loss: 0.1366 Time: 76.091
#### prediction torch.Size([192, 4])
Epoch [10/11] Step [1122/1241] Loss: 0.1240 Time: 76.292
#### prediction torch.Size([192, 4])
Epoch [10/11] Step [1155/1241] Loss: 0.1644 Time: 76.493
#### prediction torch.Size([192, 4])
Epoch [10/11] Step [1188/1241] Loss: 0.1111 Time: 76.694
#### prediction torch.Size([192, 4])
Epoch [10/11] Step [1221/1241] Loss: 0.1324 Time: 76.895
#### TRAINED MODEL SEQ_LSTM_CNN model training time: 84.637 total training time: 162.796 ####
#### TRAINING MODEL PARA_CNN_LSTM ####
#### prediction torch.Size([192, 4])
Epoch [10/11] Step [33/1241] Loss: 0.0993 Time: 70.755
#### prediction torch.Size([192, 4])
Epoch [10/11] Step [66/1241] Loss: 0.1010 Time: 70.96
#### prediction torch.Size([192, 4])
Epoch [10/11] Step [99/1241] Loss: 0.1752 Time: 71.164
#### prediction torch.Size([192, 4])
Epoch [10/11] Step [132/1241] Loss: 0.1454 Time: 71.369
#### prediction torch.Size([192, 4])
Epoch [10/11] Step [165/1241] Loss: 0.1399 Time: 71.574
#### prediction torch.Size([192, 4])
Epoch [10/11] Step [198/1241] Loss: 0.2321 Time: 71.779
#### prediction torch.Size([192, 4])
Epoch [10/11] Step [231/1241] Loss: 0.1980 Time: 71.984
#### prediction torch.Size([192, 4])
Epoch [10/11] Step [264/1241] Loss: 0.1486 Time: 72.191
#### prediction torch.Size([192, 4])
Epoch [10/11] Step [297/1241] Loss: 0.1751 Time: 72.412
#### prediction torch.Size([192, 4])
Epoch [10/11] Step [330/1241] Loss: 0.1754 Time: 72.617
#### prediction torch.Size([192, 4])
Epoch [10/11] Step [363/1241] Loss: 0.1152 Time: 72.822
#### prediction torch.Size([192, 4])
Epoch [10/11] Step [396/1241] Loss: 0.1896 Time: 73.028
#### prediction torch.Size([192, 4])
Epoch [10/11] Step [429/1241] Loss: 0.1158 Time: 73.233
#### prediction torch.Size([192, 4])
Epoch [10/11] Step [462/1241] Loss: 0.1046 Time: 73.437
#### prediction torch.Size([192, 4])
Epoch [10/11] Step [495/1241] Loss: 0.1312 Time: 73.642
#### prediction torch.Size([192, 4])
Epoch [10/11] Step [528/1241] Loss: 0.1048 Time: 73.847
#### prediction torch.Size([192, 4])
Epoch [10/11] Step [561/1241] Loss: 0.1494 Time: 74.052
#### prediction torch.Size([192, 4])
Epoch [10/11] Step [594/1241] Loss: 0.1467 Time: 74.257
#### prediction torch.Size([192, 4])
Epoch [10/11] Step [627/1241] Loss: 0.1089 Time: 74.462
#### prediction torch.Size([192, 4])
Epoch [10/11] Step [660/1241] Loss: 0.1296 Time: 74.667
#### prediction torch.Size([192, 4])
Epoch [10/11] Step [693/1241] Loss: 0.0994 Time: 74.872
#### prediction torch.Size([192, 4])
Epoch [10/11] Step [726/1241] Loss: 0.1012 Time: 75.077
#### prediction torch.Size([192, 4])
Epoch [10/11] Step [759/1241] Loss: 0.1456 Time: 75.282
#### prediction torch.Size([192, 4])
Epoch [10/11] Step [792/1241] Loss: 0.1890 Time: 75.486
#### prediction torch.Size([192, 4])
Epoch [10/11] Step [825/1241] Loss: 0.1328 Time: 75.692
#### prediction torch.Size([192, 4])
Epoch [10/11] Step [858/1241] Loss: 0.0994 Time: 75.897
#### prediction torch.Size([192, 4])
Epoch [10/11] Step [891/1241] Loss: 0.0927 Time: 76.102
#### prediction torch.Size([192, 4])
Epoch [10/11] Step [924/1241] Loss: 0.1341 Time: 76.306
#### prediction torch.Size([192, 4])
Epoch [10/11] Step [957/1241] Loss: 0.1088 Time: 76.511
#### prediction torch.Size([192, 4])
Epoch [10/11] Step [990/1241] Loss: 0.0857 Time: 76.716
#### prediction torch.Size([192, 4])
Epoch [10/11] Step [1023/1241] Loss: 0.1355 Time: 76.921
#### prediction torch.Size([192, 4])
Epoch [10/11] Step [1056/1241] Loss: 0.1539 Time: 77.126
#### prediction torch.Size([192, 4])
Epoch [10/11] Step [1089/1241] Loss: 0.1139 Time: 77.331
#### prediction torch.Size([192, 4])
Epoch [10/11] Step [1122/1241] Loss: 0.1300 Time: 77.535
#### prediction torch.Size([192, 4])
Epoch [10/11] Step [1155/1241] Loss: 0.1121 Time: 77.74
#### prediction torch.Size([192, 4])
Epoch [10/11] Step [1188/1241] Loss: 0.1928 Time: 77.945
#### prediction torch.Size([192, 4])
Epoch [10/11] Step [1221/1241] Loss: 0.1492 Time: 78.149
#### TRAINED MODEL PARA_CNN_LSTM model training time: 86.211 total training time: 249.008 ####
#### TRAINING TOTAL TIME: 245.697 ####
Accuracy of the SEQ_CNN_LSTM model on the test set: 94.374496 %
Accuracy of the SEQ_LSTM_CNN model on the test set: 93.078499 %
Accuracy of the PARA_CNN_LSTM model on the test set: 93.711389 %
#### TESTING TOTAL TIME: 3.519 ####
#### TIME #### TERMINO #### 8847.995 ####
#### FINITO #### TERMINO #### NO-VA-MAS ####
#### TIMES #### modelling TOTAL TOTAL ==>> 8847.995 seconds
#### #### READING DATA FILES #### ####
159 511 #### COMBI [reg, sid, ban, sec, men, med, sum, max, bet, npp, aei] METRICS ####
('Plantation', '/home/vargas/repos/forests-sounds-vargas/out/data/extraction/Plantation/2_00_PSA0010-2010_dict_y_split_7_2512283_1736694580.pkl')
(297840, 11) Index(['reg', 'sid', 'ban', 'sec', 'men', 'med', 'sum', 'max', 'bet', 'npp',
       'aei'],
      dtype='object') Index(['reg', 'sid', 'ban', 'sec', 'men', 'med', 'sum', 'max', 'bet', 'npp',
       'aei'],
      dtype='object')
#### MERGE 68 merge_data Dataframe shape: (297840, 11) #### time: 267
#### #### SPLIT TRAIN TEST #### ####
#### CLASSES: [0 1 2 3] TOTAL 4
#### SPLIT train_test_split and CUDA: ??? cuda:0 #### time: 34
#### MODELS - TOTAL 3 ####
#### EPOCHS 11 ####
#### TRAINING MODELS ####
#### TRAINING MODEL SEQ_CNN_LSTM ####
#### prediction torch.Size([192, 4])
Epoch [10/11] Step [33/1241] Loss: 0.1395 Time: 61.59
#### prediction torch.Size([192, 4])
Epoch [10/11] Step [66/1241] Loss: 0.1699 Time: 61.769
#### prediction torch.Size([192, 4])
Epoch [10/11] Step [99/1241] Loss: 0.1044 Time: 61.947
#### prediction torch.Size([192, 4])
Epoch [10/11] Step [132/1241] Loss: 0.1128 Time: 62.125
#### prediction torch.Size([192, 4])
Epoch [10/11] Step [165/1241] Loss: 0.2074 Time: 62.304
#### prediction torch.Size([192, 4])
Epoch [10/11] Step [198/1241] Loss: 0.1234 Time: 62.482
#### prediction torch.Size([192, 4])
Epoch [10/11] Step [231/1241] Loss: 0.1098 Time: 62.66
#### prediction torch.Size([192, 4])
Epoch [10/11] Step [264/1241] Loss: 0.1131 Time: 62.838
#### prediction torch.Size([192, 4])
Epoch [10/11] Step [297/1241] Loss: 0.1514 Time: 63.016
#### prediction torch.Size([192, 4])
Epoch [10/11] Step [330/1241] Loss: 0.1117 Time: 63.195
#### prediction torch.Size([192, 4])
Epoch [10/11] Step [363/1241] Loss: 0.1424 Time: 63.373
#### prediction torch.Size([192, 4])
Epoch [10/11] Step [396/1241] Loss: 0.1833 Time: 63.551
#### prediction torch.Size([192, 4])
Epoch [10/11] Step [429/1241] Loss: 0.1310 Time: 63.73
#### prediction torch.Size([192, 4])
Epoch [10/11] Step [462/1241] Loss: 0.1507 Time: 63.908
#### prediction torch.Size([192, 4])
Epoch [10/11] Step [495/1241] Loss: 0.1294 Time: 64.086
#### prediction torch.Size([192, 4])
Epoch [10/11] Step [528/1241] Loss: 0.1307 Time: 64.266
#### prediction torch.Size([192, 4])
Epoch [10/11] Step [561/1241] Loss: 0.1489 Time: 64.445
#### prediction torch.Size([192, 4])
Epoch [10/11] Step [594/1241] Loss: 0.1520 Time: 64.623
#### prediction torch.Size([192, 4])
Epoch [10/11] Step [627/1241] Loss: 0.1905 Time: 64.801
#### prediction torch.Size([192, 4])
Epoch [10/11] Step [660/1241] Loss: 0.1567 Time: 64.979
#### prediction torch.Size([192, 4])
Epoch [10/11] Step [693/1241] Loss: 0.2413 Time: 65.158
#### prediction torch.Size([192, 4])
Epoch [10/11] Step [726/1241] Loss: 0.1738 Time: 65.336
#### prediction torch.Size([192, 4])
Epoch [10/11] Step [759/1241] Loss: 0.1167 Time: 65.516
#### prediction torch.Size([192, 4])
Epoch [10/11] Step [792/1241] Loss: 0.1505 Time: 65.696
#### prediction torch.Size([192, 4])
Epoch [10/11] Step [825/1241] Loss: 0.1853 Time: 65.876
#### prediction torch.Size([192, 4])
Epoch [10/11] Step [858/1241] Loss: 0.1332 Time: 66.056
#### prediction torch.Size([192, 4])
Epoch [10/11] Step [891/1241] Loss: 0.1218 Time: 66.235
#### prediction torch.Size([192, 4])
Epoch [10/11] Step [924/1241] Loss: 0.1759 Time: 66.413
#### prediction torch.Size([192, 4])
Epoch [10/11] Step [957/1241] Loss: 0.1518 Time: 66.591
#### prediction torch.Size([192, 4])
Epoch [10/11] Step [990/1241] Loss: 0.2334 Time: 66.77
#### prediction torch.Size([192, 4])
Epoch [10/11] Step [1023/1241] Loss: 0.1224 Time: 66.948
#### prediction torch.Size([192, 4])
Epoch [10/11] Step [1056/1241] Loss: 0.1494 Time: 67.127
#### prediction torch.Size([192, 4])
Epoch [10/11] Step [1089/1241] Loss: 0.1990 Time: 67.306
#### prediction torch.Size([192, 4])
Epoch [10/11] Step [1122/1241] Loss: 0.1389 Time: 67.484
#### prediction torch.Size([192, 4])
Epoch [10/11] Step [1155/1241] Loss: 0.1679 Time: 67.662
#### prediction torch.Size([192, 4])
Epoch [10/11] Step [1188/1241] Loss: 0.1652 Time: 67.841
#### prediction torch.Size([192, 4])
Epoch [10/11] Step [1221/1241] Loss: 0.0984 Time: 68.019
#### TRAINED MODEL SEQ_CNN_LSTM model training time: 75.043 total training time: 78.55 ####
#### TRAINING MODEL SEQ_LSTM_CNN ####
#### prediction torch.Size([192, 4])
Epoch [10/11] Step [33/1241] Loss: 0.1593 Time: 69.788
#### prediction torch.Size([192, 4])
Epoch [10/11] Step [66/1241] Loss: 0.1928 Time: 69.991
#### prediction torch.Size([192, 4])
Epoch [10/11] Step [99/1241] Loss: 0.1555 Time: 70.193
#### prediction torch.Size([192, 4])
Epoch [10/11] Step [132/1241] Loss: 0.1635 Time: 70.395
#### prediction torch.Size([192, 4])
Epoch [10/11] Step [165/1241] Loss: 0.1051 Time: 70.598
#### prediction torch.Size([192, 4])
Epoch [10/11] Step [198/1241] Loss: 0.1038 Time: 70.8
#### prediction torch.Size([192, 4])
Epoch [10/11] Step [231/1241] Loss: 0.1473 Time: 71.002
#### prediction torch.Size([192, 4])
Epoch [10/11] Step [264/1241] Loss: 0.1198 Time: 71.206
#### prediction torch.Size([192, 4])
Epoch [10/11] Step [297/1241] Loss: 0.1419 Time: 71.408
#### prediction torch.Size([192, 4])
Epoch [10/11] Step [330/1241] Loss: 0.1178 Time: 71.61
#### prediction torch.Size([192, 4])
Epoch [10/11] Step [363/1241] Loss: 0.1153 Time: 71.812
#### prediction torch.Size([192, 4])
Epoch [10/11] Step [396/1241] Loss: 0.1415 Time: 72.015
#### prediction torch.Size([192, 4])
Epoch [10/11] Step [429/1241] Loss: 0.1172 Time: 72.217
#### prediction torch.Size([192, 4])
Epoch [10/11] Step [462/1241] Loss: 0.1166 Time: 72.419
#### prediction torch.Size([192, 4])
Epoch [10/11] Step [495/1241] Loss: 0.1380 Time: 72.622
#### prediction torch.Size([192, 4])
Epoch [10/11] Step [528/1241] Loss: 0.1976 Time: 72.824
#### prediction torch.Size([192, 4])
Epoch [10/11] Step [561/1241] Loss: 0.1541 Time: 73.027
#### prediction torch.Size([192, 4])
Epoch [10/11] Step [594/1241] Loss: 0.1245 Time: 73.229
#### prediction torch.Size([192, 4])
Epoch [10/11] Step [627/1241] Loss: 0.1762 Time: 73.431
#### prediction torch.Size([192, 4])
Epoch [10/11] Step [660/1241] Loss: 0.1350 Time: 73.634
#### prediction torch.Size([192, 4])
Epoch [10/11] Step [693/1241] Loss: 0.1027 Time: 73.836
#### prediction torch.Size([192, 4])
Epoch [10/11] Step [726/1241] Loss: 0.1728 Time: 74.039
#### prediction torch.Size([192, 4])
Epoch [10/11] Step [759/1241] Loss: 0.1183 Time: 74.241
#### prediction torch.Size([192, 4])
Epoch [10/11] Step [792/1241] Loss: 0.1609 Time: 74.443
#### prediction torch.Size([192, 4])
Epoch [10/11] Step [825/1241] Loss: 0.1199 Time: 74.645
#### prediction torch.Size([192, 4])
Epoch [10/11] Step [858/1241] Loss: 0.1065 Time: 74.848
#### prediction torch.Size([192, 4])
Epoch [10/11] Step [891/1241] Loss: 0.0903 Time: 75.05
#### prediction torch.Size([192, 4])
Epoch [10/11] Step [924/1241] Loss: 0.1535 Time: 75.254
#### prediction torch.Size([192, 4])
Epoch [10/11] Step [957/1241] Loss: 0.1326 Time: 75.456
#### prediction torch.Size([192, 4])
Epoch [10/11] Step [990/1241] Loss: 0.1866 Time: 75.658
#### prediction torch.Size([192, 4])
Epoch [10/11] Step [1023/1241] Loss: 0.1585 Time: 75.86
#### prediction torch.Size([192, 4])
Epoch [10/11] Step [1056/1241] Loss: 0.1415 Time: 76.063
#### prediction torch.Size([192, 4])
Epoch [10/11] Step [1089/1241] Loss: 0.2145 Time: 76.265
#### prediction torch.Size([192, 4])
Epoch [10/11] Step [1122/1241] Loss: 0.1048 Time: 76.467
#### prediction torch.Size([192, 4])
Epoch [10/11] Step [1155/1241] Loss: 0.1015 Time: 76.67
#### prediction torch.Size([192, 4])
Epoch [10/11] Step [1188/1241] Loss: 0.1621 Time: 76.872
#### prediction torch.Size([192, 4])
Epoch [10/11] Step [1221/1241] Loss: 0.1870 Time: 77.075
#### TRAINED MODEL SEQ_LSTM_CNN model training time: 85.02 total training time: 163.57 ####
#### TRAINING MODEL PARA_CNN_LSTM ####
#### prediction torch.Size([192, 4])
Epoch [10/11] Step [33/1241] Loss: 0.2039 Time: 71.021
#### prediction torch.Size([192, 4])
Epoch [10/11] Step [66/1241] Loss: 0.1517 Time: 71.228
#### prediction torch.Size([192, 4])
Epoch [10/11] Step [99/1241] Loss: 0.1219 Time: 71.442
#### prediction torch.Size([192, 4])
Epoch [10/11] Step [132/1241] Loss: 0.1795 Time: 71.653
#### prediction torch.Size([192, 4])
Epoch [10/11] Step [165/1241] Loss: 0.1451 Time: 71.859
#### prediction torch.Size([192, 4])
Epoch [10/11] Step [198/1241] Loss: 0.1186 Time: 72.066
#### prediction torch.Size([192, 4])
Epoch [10/11] Step [231/1241] Loss: 0.1219 Time: 72.274
#### prediction torch.Size([192, 4])
Epoch [10/11] Step [264/1241] Loss: 0.1259 Time: 72.489
#### prediction torch.Size([192, 4])
Epoch [10/11] Step [297/1241] Loss: 0.0918 Time: 72.698
#### prediction torch.Size([192, 4])
Epoch [10/11] Step [330/1241] Loss: 0.1709 Time: 72.904
#### prediction torch.Size([192, 4])
Epoch [10/11] Step [363/1241] Loss: 0.1344 Time: 73.111
#### prediction torch.Size([192, 4])
Epoch [10/11] Step [396/1241] Loss: 0.1672 Time: 73.321
#### prediction torch.Size([192, 4])
Epoch [10/11] Step [429/1241] Loss: 0.1219 Time: 73.536
#### prediction torch.Size([192, 4])
Epoch [10/11] Step [462/1241] Loss: 0.1906 Time: 73.745
#### prediction torch.Size([192, 4])
Epoch [10/11] Step [495/1241] Loss: 0.1149 Time: 73.953
#### prediction torch.Size([192, 4])
Epoch [10/11] Step [528/1241] Loss: 0.1893 Time: 74.161
#### prediction torch.Size([192, 4])
Epoch [10/11] Step [561/1241] Loss: 0.1417 Time: 74.371
#### prediction torch.Size([192, 4])
Epoch [10/11] Step [594/1241] Loss: 0.1601 Time: 74.588
#### prediction torch.Size([192, 4])
Epoch [10/11] Step [627/1241] Loss: 0.1071 Time: 74.795
#### prediction torch.Size([192, 4])
Epoch [10/11] Step [660/1241] Loss: 0.1132 Time: 75.001
#### prediction torch.Size([192, 4])
Epoch [10/11] Step [693/1241] Loss: 0.1747 Time: 75.209
#### prediction torch.Size([192, 4])
Epoch [10/11] Step [726/1241] Loss: 0.1654 Time: 75.415
#### prediction torch.Size([192, 4])
Epoch [10/11] Step [759/1241] Loss: 0.1892 Time: 75.788
#### prediction torch.Size([192, 4])
Epoch [10/11] Step [792/1241] Loss: 0.0995 Time: 75.993
#### prediction torch.Size([192, 4])
Epoch [10/11] Step [825/1241] Loss: 0.1487 Time: 76.199
#### prediction torch.Size([192, 4])
Epoch [10/11] Step [858/1241] Loss: 0.1576 Time: 76.405
#### prediction torch.Size([192, 4])
Epoch [10/11] Step [891/1241] Loss: 0.1204 Time: 76.61
#### prediction torch.Size([192, 4])
Epoch [10/11] Step [924/1241] Loss: 0.1213 Time: 76.815
#### prediction torch.Size([192, 4])
Epoch [10/11] Step [957/1241] Loss: 0.1748 Time: 77.021
#### prediction torch.Size([192, 4])
Epoch [10/11] Step [990/1241] Loss: 0.1594 Time: 77.227
#### prediction torch.Size([192, 4])
Epoch [10/11] Step [1023/1241] Loss: 0.1740 Time: 77.432
#### prediction torch.Size([192, 4])
Epoch [10/11] Step [1056/1241] Loss: 0.1030 Time: 77.637
#### prediction torch.Size([192, 4])
Epoch [10/11] Step [1089/1241] Loss: 0.0938 Time: 77.843
#### prediction torch.Size([192, 4])
Epoch [10/11] Step [1122/1241] Loss: 0.1505 Time: 78.048
#### prediction torch.Size([192, 4])
Epoch [10/11] Step [1155/1241] Loss: 0.1716 Time: 78.255
#### prediction torch.Size([192, 4])
Epoch [10/11] Step [1188/1241] Loss: 0.1106 Time: 78.46
#### prediction torch.Size([192, 4])
Epoch [10/11] Step [1221/1241] Loss: 0.1447 Time: 78.666
#### TRAINED MODEL PARA_CNN_LSTM model training time: 86.628 total training time: 250.198 ####
#### TRAINING TOTAL TIME: 246.691 ####
Accuracy of the SEQ_CNN_LSTM model on the test set: 94.028673 %
Accuracy of the SEQ_LSTM_CNN model on the test set: 93.614021 %
Accuracy of the PARA_CNN_LSTM model on the test set: 93.768466 %
#### TESTING TOTAL TIME: 3.7 ####
#### TIME #### TERMINO #### 9151.424 ####
#### FINITO #### TERMINO #### NO-VA-MAS ####
#### TIMES #### modelling TOTAL TOTAL ==>> 9151.424 seconds
#### #### READING DATA FILES #### ####
160 511 #### COMBI [reg, sid, ban, sec, men, med, sum, max, bet, hfq, htp] METRICS ####
('Plantation', '/home/vargas/repos/forests-sounds-vargas/out/data/extraction/Plantation/2_00_PSA0010-2010_dict_y_split_7_2512283_1736694580.pkl')
(297840, 11) Index(['reg', 'sid', 'ban', 'sec', 'men', 'med', 'sum', 'max', 'bet', 'hfq',
       'htp'],
      dtype='object') Index(['reg', 'sid', 'ban', 'sec', 'men', 'med', 'sum', 'max', 'bet', 'hfq',
       'htp'],
      dtype='object')
#### MERGE 68 merge_data Dataframe shape: (297840, 11) #### time: 269
#### #### SPLIT TRAIN TEST #### ####
#### CLASSES: [0 1 2 3] TOTAL 4
#### SPLIT train_test_split and CUDA: ??? cuda:0 #### time: 34
#### MODELS - TOTAL 3 ####
#### EPOCHS 11 ####
#### TRAINING MODELS ####
#### TRAINING MODEL SEQ_CNN_LSTM ####
#### prediction torch.Size([192, 4])
Epoch [10/11] Step [33/1241] Loss: 0.1800 Time: 61.067
#### prediction torch.Size([192, 4])
Epoch [10/11] Step [66/1241] Loss: 0.2299 Time: 61.244
#### prediction torch.Size([192, 4])
Epoch [10/11] Step [99/1241] Loss: 0.1534 Time: 61.431
#### prediction torch.Size([192, 4])
Epoch [10/11] Step [132/1241] Loss: 0.1413 Time: 61.608
#### prediction torch.Size([192, 4])
Epoch [10/11] Step [165/1241] Loss: 0.1932 Time: 61.785
#### prediction torch.Size([192, 4])
Epoch [10/11] Step [198/1241] Loss: 0.1575 Time: 61.961
#### prediction torch.Size([192, 4])
Epoch [10/11] Step [231/1241] Loss: 0.2067 Time: 62.138
#### prediction torch.Size([192, 4])
Epoch [10/11] Step [264/1241] Loss: 0.1465 Time: 62.315
#### prediction torch.Size([192, 4])
Epoch [10/11] Step [297/1241] Loss: 0.1799 Time: 62.491
#### prediction torch.Size([192, 4])
Epoch [10/11] Step [330/1241] Loss: 0.3173 Time: 62.667
#### prediction torch.Size([192, 4])
Epoch [10/11] Step [363/1241] Loss: 0.1532 Time: 62.844
#### prediction torch.Size([192, 4])
Epoch [10/11] Step [396/1241] Loss: 0.2286 Time: 63.02
#### prediction torch.Size([192, 4])
Epoch [10/11] Step [429/1241] Loss: 0.2894 Time: 63.198
#### prediction torch.Size([192, 4])
Epoch [10/11] Step [462/1241] Loss: 0.1500 Time: 63.374
#### prediction torch.Size([192, 4])
Epoch [10/11] Step [495/1241] Loss: 0.1640 Time: 63.551
#### prediction torch.Size([192, 4])
Epoch [10/11] Step [528/1241] Loss: 0.1884 Time: 63.727
#### prediction torch.Size([192, 4])
Epoch [10/11] Step [561/1241] Loss: 0.1917 Time: 63.903
#### prediction torch.Size([192, 4])
Epoch [10/11] Step [594/1241] Loss: 0.1991 Time: 64.079
#### prediction torch.Size([192, 4])
Epoch [10/11] Step [627/1241] Loss: 0.2649 Time: 64.256
#### prediction torch.Size([192, 4])
Epoch [10/11] Step [660/1241] Loss: 0.1789 Time: 64.432
#### prediction torch.Size([192, 4])
Epoch [10/11] Step [693/1241] Loss: 0.2278 Time: 64.608
#### prediction torch.Size([192, 4])
Epoch [10/11] Step [726/1241] Loss: 0.2063 Time: 64.784
#### prediction torch.Size([192, 4])
Epoch [10/11] Step [759/1241] Loss: 0.1217 Time: 64.961
#### prediction torch.Size([192, 4])
Epoch [10/11] Step [792/1241] Loss: 0.1556 Time: 65.137
#### prediction torch.Size([192, 4])
Epoch [10/11] Step [825/1241] Loss: 0.1733 Time: 65.313
#### prediction torch.Size([192, 4])
Epoch [10/11] Step [858/1241] Loss: 0.1863 Time: 65.489
#### prediction torch.Size([192, 4])
Epoch [10/11] Step [891/1241] Loss: 0.3843 Time: 65.665
#### prediction torch.Size([192, 4])
Epoch [10/11] Step [924/1241] Loss: 0.2084 Time: 65.841
#### prediction torch.Size([192, 4])
Epoch [10/11] Step [957/1241] Loss: 0.1986 Time: 66.182
#### prediction torch.Size([192, 4])
Epoch [10/11] Step [990/1241] Loss: 0.2367 Time: 66.358
#### prediction torch.Size([192, 4])
Epoch [10/11] Step [1023/1241] Loss: 0.3159 Time: 66.535
#### prediction torch.Size([192, 4])
Epoch [10/11] Step [1056/1241] Loss: 0.2325 Time: 66.711
#### prediction torch.Size([192, 4])
Epoch [10/11] Step [1089/1241] Loss: 0.2233 Time: 66.888
#### prediction torch.Size([192, 4])
Epoch [10/11] Step [1122/1241] Loss: 0.2442 Time: 67.064
#### prediction torch.Size([192, 4])
Epoch [10/11] Step [1155/1241] Loss: 0.1243 Time: 67.241
#### prediction torch.Size([192, 4])
Epoch [10/11] Step [1188/1241] Loss: 0.2636 Time: 67.417
#### prediction torch.Size([192, 4])
Epoch [10/11] Step [1221/1241] Loss: 0.2082 Time: 67.594
#### TRAINED MODEL SEQ_CNN_LSTM model training time: 74.383 total training time: 77.797 ####
#### TRAINING MODEL SEQ_LSTM_CNN ####
#### prediction torch.Size([192, 4])
Epoch [10/11] Step [33/1241] Loss: 0.4862 Time: 69.148
#### prediction torch.Size([192, 4])
Epoch [10/11] Step [66/1241] Loss: 0.4453 Time: 69.348
#### prediction torch.Size([192, 4])
Epoch [10/11] Step [99/1241] Loss: 0.4711 Time: 69.549
#### prediction torch.Size([192, 4])
Epoch [10/11] Step [132/1241] Loss: 0.4626 Time: 69.749
#### prediction torch.Size([192, 4])
Epoch [10/11] Step [165/1241] Loss: 0.3998 Time: 69.95
#### prediction torch.Size([192, 4])
Epoch [10/11] Step [198/1241] Loss: 0.5123 Time: 70.15
#### prediction torch.Size([192, 4])
Epoch [10/11] Step [231/1241] Loss: 0.4132 Time: 70.351
#### prediction torch.Size([192, 4])
Epoch [10/11] Step [264/1241] Loss: 0.5002 Time: 70.551
#### prediction torch.Size([192, 4])
Epoch [10/11] Step [297/1241] Loss: 0.3717 Time: 70.751
#### prediction torch.Size([192, 4])
Epoch [10/11] Step [330/1241] Loss: 0.4276 Time: 71.111
#### prediction torch.Size([192, 4])
Epoch [10/11] Step [363/1241] Loss: 0.3698 Time: 71.311
#### prediction torch.Size([192, 4])
Epoch [10/11] Step [396/1241] Loss: 0.4408 Time: 71.512
#### prediction torch.Size([192, 4])
Epoch [10/11] Step [429/1241] Loss: 0.4042 Time: 71.713
#### prediction torch.Size([192, 4])
Epoch [10/11] Step [462/1241] Loss: 0.4297 Time: 71.914
#### prediction torch.Size([192, 4])
Epoch [10/11] Step [495/1241] Loss: 0.4066 Time: 72.114
#### prediction torch.Size([192, 4])
Epoch [10/11] Step [528/1241] Loss: 0.4811 Time: 72.315
#### prediction torch.Size([192, 4])
Epoch [10/11] Step [561/1241] Loss: 0.3722 Time: 72.515
#### prediction torch.Size([192, 4])
Epoch [10/11] Step [594/1241] Loss: 0.4046 Time: 72.716
#### prediction torch.Size([192, 4])
Epoch [10/11] Step [627/1241] Loss: 0.4575 Time: 72.916
#### prediction torch.Size([192, 4])
Epoch [10/11] Step [660/1241] Loss: 0.4825 Time: 73.117
#### prediction torch.Size([192, 4])
Epoch [10/11] Step [693/1241] Loss: 0.5211 Time: 73.317
#### prediction torch.Size([192, 4])
Epoch [10/11] Step [726/1241] Loss: 0.4535 Time: 73.518
#### prediction torch.Size([192, 4])
Epoch [10/11] Step [759/1241] Loss: 0.4982 Time: 73.718
#### prediction torch.Size([192, 4])
Epoch [10/11] Step [792/1241] Loss: 0.4216 Time: 73.919
#### prediction torch.Size([192, 4])
Epoch [10/11] Step [825/1241] Loss: 0.5099 Time: 74.119
#### prediction torch.Size([192, 4])
Epoch [10/11] Step [858/1241] Loss: 0.4146 Time: 74.319
#### prediction torch.Size([192, 4])
Epoch [10/11] Step [891/1241] Loss: 0.4602 Time: 74.52
#### prediction torch.Size([192, 4])
Epoch [10/11] Step [924/1241] Loss: 0.4500 Time: 74.721
#### prediction torch.Size([192, 4])
Epoch [10/11] Step [957/1241] Loss: 0.4558 Time: 74.921
#### prediction torch.Size([192, 4])
Epoch [10/11] Step [990/1241] Loss: 0.4888 Time: 75.122
#### prediction torch.Size([192, 4])
Epoch [10/11] Step [1023/1241] Loss: 0.4814 Time: 75.322
#### prediction torch.Size([192, 4])
Epoch [10/11] Step [1056/1241] Loss: 0.4658 Time: 75.523
#### prediction torch.Size([192, 4])
Epoch [10/11] Step [1089/1241] Loss: 0.3922 Time: 75.725
#### prediction torch.Size([192, 4])
Epoch [10/11] Step [1122/1241] Loss: 0.4518 Time: 75.925
#### prediction torch.Size([192, 4])
Epoch [10/11] Step [1155/1241] Loss: 0.4088 Time: 76.125
#### prediction torch.Size([192, 4])
Epoch [10/11] Step [1188/1241] Loss: 0.4105 Time: 76.326
#### prediction torch.Size([192, 4])
Epoch [10/11] Step [1221/1241] Loss: 0.3896 Time: 76.526
#### TRAINED MODEL SEQ_LSTM_CNN model training time: 84.234 total training time: 162.032 ####
#### TRAINING MODEL PARA_CNN_LSTM ####
#### prediction torch.Size([192, 4])
Epoch [10/11] Step [33/1241] Loss: 0.1368 Time: 70.483
#### prediction torch.Size([192, 4])
Epoch [10/11] Step [66/1241] Loss: 0.1352 Time: 70.687
#### prediction torch.Size([192, 4])
Epoch [10/11] Step [99/1241] Loss: 0.1189 Time: 70.891
#### prediction torch.Size([192, 4])
Epoch [10/11] Step [132/1241] Loss: 0.1690 Time: 71.094
#### prediction torch.Size([192, 4])
Epoch [10/11] Step [165/1241] Loss: 0.1088 Time: 71.298
#### prediction torch.Size([192, 4])
Epoch [10/11] Step [198/1241] Loss: 0.1471 Time: 71.503
#### prediction torch.Size([192, 4])
Epoch [10/11] Step [231/1241] Loss: 0.1437 Time: 71.706
#### prediction torch.Size([192, 4])
Epoch [10/11] Step [264/1241] Loss: 0.1412 Time: 71.91
#### prediction torch.Size([192, 4])
Epoch [10/11] Step [297/1241] Loss: 0.1663 Time: 72.114
#### prediction torch.Size([192, 4])
Epoch [10/11] Step [330/1241] Loss: 0.1058 Time: 72.318
#### prediction torch.Size([192, 4])
Epoch [10/11] Step [363/1241] Loss: 0.1723 Time: 72.522
#### prediction torch.Size([192, 4])
Epoch [10/11] Step [396/1241] Loss: 0.1793 Time: 72.725
#### prediction torch.Size([192, 4])
Epoch [10/11] Step [429/1241] Loss: 0.2347 Time: 72.929
#### prediction torch.Size([192, 4])
Epoch [10/11] Step [462/1241] Loss: 0.1523 Time: 73.133
#### prediction torch.Size([192, 4])
Epoch [10/11] Step [495/1241] Loss: 0.1490 Time: 73.336
#### prediction torch.Size([192, 4])
Epoch [10/11] Step [528/1241] Loss: 0.1204 Time: 73.54
#### prediction torch.Size([192, 4])
Epoch [10/11] Step [561/1241] Loss: 0.1207 Time: 73.744
#### prediction torch.Size([192, 4])
Epoch [10/11] Step [594/1241] Loss: 0.1559 Time: 73.948
#### prediction torch.Size([192, 4])
Epoch [10/11] Step [627/1241] Loss: 0.2350 Time: 74.152
#### prediction torch.Size([192, 4])
Epoch [10/11] Step [660/1241] Loss: 0.1469 Time: 74.356
#### prediction torch.Size([192, 4])
Epoch [10/11] Step [693/1241] Loss: 0.1588 Time: 74.559
#### prediction torch.Size([192, 4])
Epoch [10/11] Step [726/1241] Loss: 0.1107 Time: 74.764
#### prediction torch.Size([192, 4])
Epoch [10/11] Step [759/1241] Loss: 0.1286 Time: 74.967
#### prediction torch.Size([192, 4])
Epoch [10/11] Step [792/1241] Loss: 0.1280 Time: 75.171
#### prediction torch.Size([192, 4])
Epoch [10/11] Step [825/1241] Loss: 0.1018 Time: 75.376
#### prediction torch.Size([192, 4])
Epoch [10/11] Step [858/1241] Loss: 0.1072 Time: 75.58
#### prediction torch.Size([192, 4])
Epoch [10/11] Step [891/1241] Loss: 0.1229 Time: 75.784
#### prediction torch.Size([192, 4])
Epoch [10/11] Step [924/1241] Loss: 0.1230 Time: 75.988
#### prediction torch.Size([192, 4])
Epoch [10/11] Step [957/1241] Loss: 0.1275 Time: 76.191
#### prediction torch.Size([192, 4])
Epoch [10/11] Step [990/1241] Loss: 0.2402 Time: 76.395
#### prediction torch.Size([192, 4])
Epoch [10/11] Step [1023/1241] Loss: 0.1018 Time: 76.599
#### prediction torch.Size([192, 4])
Epoch [10/11] Step [1056/1241] Loss: 0.1558 Time: 76.811
#### prediction torch.Size([192, 4])
Epoch [10/11] Step [1089/1241] Loss: 0.1345 Time: 77.022
#### prediction torch.Size([192, 4])
Epoch [10/11] Step [1122/1241] Loss: 0.1495 Time: 77.235
#### prediction torch.Size([192, 4])
Epoch [10/11] Step [1155/1241] Loss: 0.1483 Time: 77.442
#### prediction torch.Size([192, 4])
Epoch [10/11] Step [1188/1241] Loss: 0.0758 Time: 77.65
#### prediction torch.Size([192, 4])
Epoch [10/11] Step [1221/1241] Loss: 0.1265 Time: 77.86
#### TRAINED MODEL PARA_CNN_LSTM model training time: 85.862 total training time: 247.894 ####
#### TRAINING TOTAL TIME: 244.48 ####
Accuracy of the SEQ_CNN_LSTM model on the test set: 93.095286 %
Accuracy of the SEQ_LSTM_CNN model on the test set: 85.052377 %
Accuracy of the PARA_CNN_LSTM model on the test set: 94.737107 %
#### TESTING TOTAL TIME: 3.492 ####
#### TIME #### TERMINO #### 9453.181 ####
#### FINITO #### TERMINO #### NO-VA-MAS ####
#### TIMES #### modelling TOTAL TOTAL ==>> 9453.181 seconds
#### #### READING DATA FILES #### ####
161 511 #### COMBI [reg, sid, ban, sec, men, med, sum, max, bet, hfq, hhh] METRICS ####
('Plantation', '/home/vargas/repos/forests-sounds-vargas/out/data/extraction/Plantation/2_00_PSA0010-2010_dict_y_split_7_2512283_1736694580.pkl')
(297840, 11) Index(['reg', 'sid', 'ban', 'sec', 'men', 'med', 'sum', 'max', 'bet', 'hfq',
       'hhh'],
      dtype='object') Index(['reg', 'sid', 'ban', 'sec', 'men', 'med', 'sum', 'max', 'bet', 'hfq',
       'hhh'],
      dtype='object')
#### MERGE 68 merge_data Dataframe shape: (297840, 11) #### time: 266
#### #### SPLIT TRAIN TEST #### ####
#### CLASSES: [0 1 2 3] TOTAL 4
#### SPLIT train_test_split and CUDA: ??? cuda:0 #### time: 34
#### MODELS - TOTAL 3 ####
#### EPOCHS 11 ####
#### TRAINING MODELS ####
#### TRAINING MODEL SEQ_CNN_LSTM ####
#### prediction torch.Size([192, 4])
Epoch [10/11] Step [33/1241] Loss: 0.3085 Time: 61.154
#### prediction torch.Size([192, 4])
Epoch [10/11] Step [66/1241] Loss: 0.2472 Time: 61.331
#### prediction torch.Size([192, 4])
Epoch [10/11] Step [99/1241] Loss: 0.2227 Time: 61.507
#### prediction torch.Size([192, 4])
Epoch [10/11] Step [132/1241] Loss: 0.2164 Time: 61.683
#### prediction torch.Size([192, 4])
Epoch [10/11] Step [165/1241] Loss: 0.2397 Time: 61.859
#### prediction torch.Size([192, 4])
Epoch [10/11] Step [198/1241] Loss: 0.2310 Time: 62.037
#### prediction torch.Size([192, 4])
Epoch [10/11] Step [231/1241] Loss: 0.2583 Time: 62.213
#### prediction torch.Size([192, 4])
Epoch [10/11] Step [264/1241] Loss: 0.2964 Time: 62.389
#### prediction torch.Size([192, 4])
Epoch [10/11] Step [297/1241] Loss: 0.2533 Time: 62.565
#### prediction torch.Size([192, 4])
Epoch [10/11] Step [330/1241] Loss: 0.1680 Time: 62.742
#### prediction torch.Size([192, 4])
Epoch [10/11] Step [363/1241] Loss: 0.3071 Time: 62.918
#### prediction torch.Size([192, 4])
Epoch [10/11] Step [396/1241] Loss: 0.2698 Time: 63.094
#### prediction torch.Size([192, 4])
Epoch [10/11] Step [429/1241] Loss: 0.2102 Time: 63.27
#### prediction torch.Size([192, 4])
Epoch [10/11] Step [462/1241] Loss: 0.2545 Time: 63.447
#### prediction torch.Size([192, 4])
Epoch [10/11] Step [495/1241] Loss: 0.2899 Time: 63.623
#### prediction torch.Size([192, 4])
Epoch [10/11] Step [528/1241] Loss: 0.2083 Time: 63.799
#### prediction torch.Size([192, 4])
Epoch [10/11] Step [561/1241] Loss: 0.2597 Time: 63.975
#### prediction torch.Size([192, 4])
Epoch [10/11] Step [594/1241] Loss: 0.2406 Time: 64.151
#### prediction torch.Size([192, 4])
Epoch [10/11] Step [627/1241] Loss: 0.2090 Time: 64.327
#### prediction torch.Size([192, 4])
Epoch [10/11] Step [660/1241] Loss: 0.2829 Time: 64.503
#### prediction torch.Size([192, 4])
Epoch [10/11] Step [693/1241] Loss: 0.2650 Time: 64.679
#### prediction torch.Size([192, 4])
Epoch [10/11] Step [726/1241] Loss: 0.2562 Time: 64.856
#### prediction torch.Size([192, 4])
Epoch [10/11] Step [759/1241] Loss: 0.2341 Time: 65.032
#### prediction torch.Size([192, 4])
Epoch [10/11] Step [792/1241] Loss: 0.2343 Time: 65.208
#### prediction torch.Size([192, 4])
Epoch [10/11] Step [825/1241] Loss: 0.2099 Time: 65.384
#### prediction torch.Size([192, 4])
Epoch [10/11] Step [858/1241] Loss: 0.3367 Time: 65.56
#### prediction torch.Size([192, 4])
Epoch [10/11] Step [891/1241] Loss: 0.2418 Time: 65.739
#### prediction torch.Size([192, 4])
Epoch [10/11] Step [924/1241] Loss: 0.2644 Time: 65.916
#### prediction torch.Size([192, 4])
Epoch [10/11] Step [957/1241] Loss: 0.2121 Time: 66.093
#### prediction torch.Size([192, 4])
Epoch [10/11] Step [990/1241] Loss: 0.2056 Time: 66.269
#### prediction torch.Size([192, 4])
Epoch [10/11] Step [1023/1241] Loss: 0.3082 Time: 66.445
#### prediction torch.Size([192, 4])
Epoch [10/11] Step [1056/1241] Loss: 0.2739 Time: 66.622
#### prediction torch.Size([192, 4])
Epoch [10/11] Step [1089/1241] Loss: 0.2420 Time: 66.798
#### prediction torch.Size([192, 4])
Epoch [10/11] Step [1122/1241] Loss: 0.2673 Time: 66.974
#### prediction torch.Size([192, 4])
Epoch [10/11] Step [1155/1241] Loss: 0.2377 Time: 67.15
#### prediction torch.Size([192, 4])
Epoch [10/11] Step [1188/1241] Loss: 0.2647 Time: 67.327
#### prediction torch.Size([192, 4])
Epoch [10/11] Step [1221/1241] Loss: 0.2143 Time: 67.503
#### TRAINED MODEL SEQ_CNN_LSTM model training time: 74.446 total training time: 77.909 ####
#### TRAINING MODEL SEQ_LSTM_CNN ####
#### prediction torch.Size([192, 4])
Epoch [10/11] Step [33/1241] Loss: 0.5134 Time: 69.17
#### prediction torch.Size([192, 4])
Epoch [10/11] Step [66/1241] Loss: 0.4955 Time: 69.371
#### prediction torch.Size([192, 4])
Epoch [10/11] Step [99/1241] Loss: 0.4751 Time: 69.572
#### prediction torch.Size([192, 4])
Epoch [10/11] Step [132/1241] Loss: 0.4800 Time: 69.773
#### prediction torch.Size([192, 4])
Epoch [10/11] Step [165/1241] Loss: 0.4525 Time: 69.974
#### prediction torch.Size([192, 4])
Epoch [10/11] Step [198/1241] Loss: 0.4885 Time: 70.175
#### prediction torch.Size([192, 4])
Epoch [10/11] Step [231/1241] Loss: 0.5032 Time: 70.376
#### prediction torch.Size([192, 4])
Epoch [10/11] Step [264/1241] Loss: 0.4964 Time: 70.577
#### prediction torch.Size([192, 4])
Epoch [10/11] Step [297/1241] Loss: 0.5020 Time: 70.778
#### prediction torch.Size([192, 4])
Epoch [10/11] Step [330/1241] Loss: 0.4295 Time: 70.98
#### prediction torch.Size([192, 4])
Epoch [10/11] Step [363/1241] Loss: 0.4348 Time: 71.181
#### prediction torch.Size([192, 4])
Epoch [10/11] Step [396/1241] Loss: 0.4570 Time: 71.382
#### prediction torch.Size([192, 4])
Epoch [10/11] Step [429/1241] Loss: 0.5119 Time: 71.583
#### prediction torch.Size([192, 4])
Epoch [10/11] Step [462/1241] Loss: 0.4287 Time: 71.784
#### prediction torch.Size([192, 4])
Epoch [10/11] Step [495/1241] Loss: 0.4430 Time: 71.985
#### prediction torch.Size([192, 4])
Epoch [10/11] Step [528/1241] Loss: 0.5217 Time: 72.186
#### prediction torch.Size([192, 4])
Epoch [10/11] Step [561/1241] Loss: 0.5964 Time: 72.387
#### prediction torch.Size([192, 4])
Epoch [10/11] Step [594/1241] Loss: 0.5038 Time: 72.588
#### prediction torch.Size([192, 4])
Epoch [10/11] Step [627/1241] Loss: 0.4227 Time: 72.79
#### prediction torch.Size([192, 4])
Epoch [10/11] Step [660/1241] Loss: 0.4907 Time: 72.99
#### prediction torch.Size([192, 4])
Epoch [10/11] Step [693/1241] Loss: 0.5232 Time: 73.192
#### prediction torch.Size([192, 4])
Epoch [10/11] Step [726/1241] Loss: 0.4453 Time: 73.393
#### prediction torch.Size([192, 4])
Epoch [10/11] Step [759/1241] Loss: 0.4679 Time: 73.594
#### prediction torch.Size([192, 4])
Epoch [10/11] Step [792/1241] Loss: 0.4552 Time: 73.796
#### prediction torch.Size([192, 4])
Epoch [10/11] Step [825/1241] Loss: 0.5499 Time: 73.997
#### prediction torch.Size([192, 4])
Epoch [10/11] Step [858/1241] Loss: 0.4111 Time: 74.198
#### prediction torch.Size([192, 4])
Epoch [10/11] Step [891/1241] Loss: 0.5108 Time: 74.4
#### prediction torch.Size([192, 4])
Epoch [10/11] Step [924/1241] Loss: 0.4118 Time: 74.601
#### prediction torch.Size([192, 4])
Epoch [10/11] Step [957/1241] Loss: 0.4635 Time: 74.802
#### prediction torch.Size([192, 4])
Epoch [10/11] Step [990/1241] Loss: 0.4692 Time: 75.003
#### prediction torch.Size([192, 4])
Epoch [10/11] Step [1023/1241] Loss: 0.4987 Time: 75.204
#### prediction torch.Size([192, 4])
Epoch [10/11] Step [1056/1241] Loss: 0.4386 Time: 75.405
#### prediction torch.Size([192, 4])
Epoch [10/11] Step [1089/1241] Loss: 0.4448 Time: 75.606
#### prediction torch.Size([192, 4])
Epoch [10/11] Step [1122/1241] Loss: 0.4704 Time: 75.811
#### prediction torch.Size([192, 4])
Epoch [10/11] Step [1155/1241] Loss: 0.5313 Time: 76.013
#### prediction torch.Size([192, 4])
Epoch [10/11] Step [1188/1241] Loss: 0.4861 Time: 76.215
#### prediction torch.Size([192, 4])
Epoch [10/11] Step [1221/1241] Loss: 0.4361 Time: 76.416
#### TRAINED MODEL SEQ_LSTM_CNN model training time: 84.32 total training time: 162.229 ####
#### TRAINING MODEL PARA_CNN_LSTM ####
#### prediction torch.Size([192, 4])
Epoch [10/11] Step [33/1241] Loss: 0.3017 Time: 70.398
#### prediction torch.Size([192, 4])
Epoch [10/11] Step [66/1241] Loss: 0.3078 Time: 70.602
#### prediction torch.Size([192, 4])
Epoch [10/11] Step [99/1241] Loss: 0.2350 Time: 70.806
#### prediction torch.Size([192, 4])
Epoch [10/11] Step [132/1241] Loss: 0.2134 Time: 71.01
#### prediction torch.Size([192, 4])
Epoch [10/11] Step [165/1241] Loss: 0.2475 Time: 71.214
#### prediction torch.Size([192, 4])
Epoch [10/11] Step [198/1241] Loss: 0.2496 Time: 71.418
#### prediction torch.Size([192, 4])
Epoch [10/11] Step [231/1241] Loss: 0.2564 Time: 71.622
#### prediction torch.Size([192, 4])
Epoch [10/11] Step [264/1241] Loss: 0.1945 Time: 71.826
#### prediction torch.Size([192, 4])
Epoch [10/11] Step [297/1241] Loss: 0.3758 Time: 72.03
#### prediction torch.Size([192, 4])
Epoch [10/11] Step [330/1241] Loss: 0.2592 Time: 72.234
#### prediction torch.Size([192, 4])
Epoch [10/11] Step [363/1241] Loss: 0.2050 Time: 72.437
#### prediction torch.Size([192, 4])
Epoch [10/11] Step [396/1241] Loss: 0.2704 Time: 72.642
#### prediction torch.Size([192, 4])
Epoch [10/11] Step [429/1241] Loss: 0.2334 Time: 72.845
#### prediction torch.Size([192, 4])
Epoch [10/11] Step [462/1241] Loss: 0.1984 Time: 73.049
#### prediction torch.Size([192, 4])
Epoch [10/11] Step [495/1241] Loss: 0.2747 Time: 73.253
#### prediction torch.Size([192, 4])
Epoch [10/11] Step [528/1241] Loss: 0.2689 Time: 73.457
#### prediction torch.Size([192, 4])
Epoch [10/11] Step [561/1241] Loss: 0.2326 Time: 73.661
#### prediction torch.Size([192, 4])
Epoch [10/11] Step [594/1241] Loss: 0.2590 Time: 73.865
#### prediction torch.Size([192, 4])
Epoch [10/11] Step [627/1241] Loss: 0.2747 Time: 74.07
#### prediction torch.Size([192, 4])
Epoch [10/11] Step [660/1241] Loss: 0.2192 Time: 74.274
#### prediction torch.Size([192, 4])
Epoch [10/11] Step [693/1241] Loss: 0.2238 Time: 74.478
#### prediction torch.Size([192, 4])
Epoch [10/11] Step [726/1241] Loss: 0.2856 Time: 74.682
#### prediction torch.Size([192, 4])
Epoch [10/11] Step [759/1241] Loss: 0.2843 Time: 74.886
#### prediction torch.Size([192, 4])
Epoch [10/11] Step [792/1241] Loss: 0.3213 Time: 75.09
#### prediction torch.Size([192, 4])
Epoch [10/11] Step [825/1241] Loss: 0.2811 Time: 75.294
#### prediction torch.Size([192, 4])
Epoch [10/11] Step [858/1241] Loss: 0.2204 Time: 75.667
#### prediction torch.Size([192, 4])
Epoch [10/11] Step [891/1241] Loss: 0.2938 Time: 75.88
#### prediction torch.Size([192, 4])
Epoch [10/11] Step [924/1241] Loss: 0.3301 Time: 76.087
#### prediction torch.Size([192, 4])
Epoch [10/11] Step [957/1241] Loss: 0.2672 Time: 76.294
#### prediction torch.Size([192, 4])
Epoch [10/11] Step [990/1241] Loss: 0.2169 Time: 76.504
#### prediction torch.Size([192, 4])
Epoch [10/11] Step [1023/1241] Loss: 0.2731 Time: 76.709
#### prediction torch.Size([192, 4])
Epoch [10/11] Step [1056/1241] Loss: 0.2153 Time: 76.914
#### prediction torch.Size([192, 4])
Epoch [10/11] Step [1089/1241] Loss: 0.2281 Time: 77.118
#### prediction torch.Size([192, 4])
Epoch [10/11] Step [1122/1241] Loss: 0.2447 Time: 77.322
#### prediction torch.Size([192, 4])
Epoch [10/11] Step [1155/1241] Loss: 0.2091 Time: 77.528
#### prediction torch.Size([192, 4])
Epoch [10/11] Step [1188/1241] Loss: 0.1404 Time: 77.743
#### prediction torch.Size([192, 4])
Epoch [10/11] Step [1221/1241] Loss: 0.2593 Time: 77.955
#### TRAINED MODEL PARA_CNN_LSTM model training time: 85.798 total training time: 248.027 ####
#### TRAINING TOTAL TIME: 244.565 ####
Accuracy of the SEQ_CNN_LSTM model on the test set: 90.573798 %
Accuracy of the SEQ_LSTM_CNN model on the test set: 81.045192 %
Accuracy of the PARA_CNN_LSTM model on the test set: 89.972804 %
#### TESTING TOTAL TIME: 3.66 ####
#### TIME #### TERMINO #### 9754.611 ####
#### FINITO #### TERMINO #### NO-VA-MAS ####
#### TIMES #### modelling TOTAL TOTAL ==>> 9754.611 seconds
#### #### READING DATA FILES #### ####
162 511 #### COMBI [reg, sid, ban, sec, men, med, sum, max, bet, hfq, aei] METRICS ####
('Plantation', '/home/vargas/repos/forests-sounds-vargas/out/data/extraction/Plantation/2_00_PSA0010-2010_dict_y_split_7_2512283_1736694580.pkl')
(297840, 11) Index(['reg', 'sid', 'ban', 'sec', 'men', 'med', 'sum', 'max', 'bet', 'hfq',
       'aei'],
      dtype='object') Index(['reg', 'sid', 'ban', 'sec', 'men', 'med', 'sum', 'max', 'bet', 'hfq',
       'aei'],
      dtype='object')
#### MERGE 68 merge_data Dataframe shape: (297840, 11) #### time: 267
#### #### SPLIT TRAIN TEST #### ####
#### CLASSES: [0 1 2 3] TOTAL 4
#### SPLIT train_test_split and CUDA: ??? cuda:0 #### time: 35
#### MODELS - TOTAL 3 ####
#### EPOCHS 11 ####
#### TRAINING MODELS ####
#### TRAINING MODEL SEQ_CNN_LSTM ####
#### prediction torch.Size([192, 4])
Epoch [10/11] Step [33/1241] Loss: 0.1979 Time: 60.898
#### prediction torch.Size([192, 4])
Epoch [10/11] Step [66/1241] Loss: 0.1357 Time: 61.074
#### prediction torch.Size([192, 4])
Epoch [10/11] Step [99/1241] Loss: 0.2644 Time: 61.251
#### prediction torch.Size([192, 4])
Epoch [10/11] Step [132/1241] Loss: 0.2229 Time: 61.427
#### prediction torch.Size([192, 4])
Epoch [10/11] Step [165/1241] Loss: 0.3692 Time: 61.603
#### prediction torch.Size([192, 4])
Epoch [10/11] Step [198/1241] Loss: 0.2353 Time: 61.779
#### prediction torch.Size([192, 4])
Epoch [10/11] Step [231/1241] Loss: 0.3751 Time: 61.955
#### prediction torch.Size([192, 4])
Epoch [10/11] Step [264/1241] Loss: 0.2033 Time: 62.131
#### prediction torch.Size([192, 4])
Epoch [10/11] Step [297/1241] Loss: 0.1464 Time: 62.307
#### prediction torch.Size([192, 4])
Epoch [10/11] Step [330/1241] Loss: 0.2544 Time: 62.483
#### prediction torch.Size([192, 4])
Epoch [10/11] Step [363/1241] Loss: 0.2335 Time: 62.659
#### prediction torch.Size([192, 4])
Epoch [10/11] Step [396/1241] Loss: 0.2823 Time: 62.835
#### prediction torch.Size([192, 4])
Epoch [10/11] Step [429/1241] Loss: 0.2173 Time: 63.011
#### prediction torch.Size([192, 4])
Epoch [10/11] Step [462/1241] Loss: 0.2511 Time: 63.189
#### prediction torch.Size([192, 4])
Epoch [10/11] Step [495/1241] Loss: 0.2497 Time: 63.364
#### prediction torch.Size([192, 4])
Epoch [10/11] Step [528/1241] Loss: 0.2642 Time: 63.541
#### prediction torch.Size([192, 4])
Epoch [10/11] Step [561/1241] Loss: 0.1585 Time: 63.717
#### prediction torch.Size([192, 4])
Epoch [10/11] Step [594/1241] Loss: 0.2134 Time: 63.893
#### prediction torch.Size([192, 4])
Epoch [10/11] Step [627/1241] Loss: 0.2672 Time: 64.068
#### prediction torch.Size([192, 4])
Epoch [10/11] Step [660/1241] Loss: 0.2186 Time: 64.245
#### prediction torch.Size([192, 4])
Epoch [10/11] Step [693/1241] Loss: 0.1611 Time: 64.421
#### prediction torch.Size([192, 4])
Epoch [10/11] Step [726/1241] Loss: 0.1968 Time: 64.597
#### prediction torch.Size([192, 4])
Epoch [10/11] Step [759/1241] Loss: 0.1957 Time: 64.773
#### prediction torch.Size([192, 4])
Epoch [10/11] Step [792/1241] Loss: 0.3022 Time: 64.949
#### prediction torch.Size([192, 4])
Epoch [10/11] Step [825/1241] Loss: 0.2297 Time: 65.125
#### prediction torch.Size([192, 4])
Epoch [10/11] Step [858/1241] Loss: 0.2733 Time: 65.302
#### prediction torch.Size([192, 4])
Epoch [10/11] Step [891/1241] Loss: 0.2549 Time: 65.479
#### prediction torch.Size([192, 4])
Epoch [10/11] Step [924/1241] Loss: 0.2175 Time: 65.655
#### prediction torch.Size([192, 4])
Epoch [10/11] Step [957/1241] Loss: 0.2593 Time: 65.831
#### prediction torch.Size([192, 4])
Epoch [10/11] Step [990/1241] Loss: 0.2091 Time: 66.007
#### prediction torch.Size([192, 4])
Epoch [10/11] Step [1023/1241] Loss: 0.2172 Time: 66.183
#### prediction torch.Size([192, 4])
Epoch [10/11] Step [1056/1241] Loss: 0.2678 Time: 66.521
#### prediction torch.Size([192, 4])
Epoch [10/11] Step [1089/1241] Loss: 0.2512 Time: 66.698
#### prediction torch.Size([192, 4])
Epoch [10/11] Step [1122/1241] Loss: 0.1613 Time: 66.874
#### prediction torch.Size([192, 4])
Epoch [10/11] Step [1155/1241] Loss: 0.2001 Time: 67.05
#### prediction torch.Size([192, 4])
Epoch [10/11] Step [1188/1241] Loss: 0.2331 Time: 67.226
#### prediction torch.Size([192, 4])
Epoch [10/11] Step [1221/1241] Loss: 0.2241 Time: 67.402
#### TRAINED MODEL SEQ_CNN_LSTM model training time: 74.167 total training time: 77.567 ####
#### TRAINING MODEL SEQ_LSTM_CNN ####
#### prediction torch.Size([192, 4])
Epoch [10/11] Step [33/1241] Loss: 0.5301 Time: 69.008
#### prediction torch.Size([192, 4])
Epoch [10/11] Step [66/1241] Loss: 0.4967 Time: 69.209
#### prediction torch.Size([192, 4])
Epoch [10/11] Step [99/1241] Loss: 0.4669 Time: 69.409
#### prediction torch.Size([192, 4])
Epoch [10/11] Step [132/1241] Loss: 0.4072 Time: 69.61
#### prediction torch.Size([192, 4])
Epoch [10/11] Step [165/1241] Loss: 0.4755 Time: 69.81
#### prediction torch.Size([192, 4])
Epoch [10/11] Step [198/1241] Loss: 0.4705 Time: 70.01
#### prediction torch.Size([192, 4])
Epoch [10/11] Step [231/1241] Loss: 0.4534 Time: 70.21
#### prediction torch.Size([192, 4])
Epoch [10/11] Step [264/1241] Loss: 0.4148 Time: 70.41
#### prediction torch.Size([192, 4])
Epoch [10/11] Step [297/1241] Loss: 0.5032 Time: 70.611
#### prediction torch.Size([192, 4])
Epoch [10/11] Step [330/1241] Loss: 0.4285 Time: 70.811
#### prediction torch.Size([192, 4])
Epoch [10/11] Step [363/1241] Loss: 0.4271 Time: 71.011
#### prediction torch.Size([192, 4])
Epoch [10/11] Step [396/1241] Loss: 0.4288 Time: 71.212
#### prediction torch.Size([192, 4])
Epoch [10/11] Step [429/1241] Loss: 0.4082 Time: 71.572
#### prediction torch.Size([192, 4])
Epoch [10/11] Step [462/1241] Loss: 0.4392 Time: 71.773
#### prediction torch.Size([192, 4])
Epoch [10/11] Step [495/1241] Loss: 0.4449 Time: 71.974
#### prediction torch.Size([192, 4])
Epoch [10/11] Step [528/1241] Loss: 0.5494 Time: 72.174
#### prediction torch.Size([192, 4])
Epoch [10/11] Step [561/1241] Loss: 0.5160 Time: 72.374
#### prediction torch.Size([192, 4])
Epoch [10/11] Step [594/1241] Loss: 0.5216 Time: 72.575
#### prediction torch.Size([192, 4])
Epoch [10/11] Step [627/1241] Loss: 0.4543 Time: 72.775
#### prediction torch.Size([192, 4])
Epoch [10/11] Step [660/1241] Loss: 0.5208 Time: 72.975
#### prediction torch.Size([192, 4])
Epoch [10/11] Step [693/1241] Loss: 0.5155 Time: 73.184
#### prediction torch.Size([192, 4])
Epoch [10/11] Step [726/1241] Loss: 0.5110 Time: 73.385
#### prediction torch.Size([192, 4])
Epoch [10/11] Step [759/1241] Loss: 0.5139 Time: 73.586
#### prediction torch.Size([192, 4])
Epoch [10/11] Step [792/1241] Loss: 0.3968 Time: 73.786
#### prediction torch.Size([192, 4])
Epoch [10/11] Step [825/1241] Loss: 0.4854 Time: 73.986
#### prediction torch.Size([192, 4])
Epoch [10/11] Step [858/1241] Loss: 0.4663 Time: 74.186
#### prediction torch.Size([192, 4])
Epoch [10/11] Step [891/1241] Loss: 0.5506 Time: 74.386
#### prediction torch.Size([192, 4])
Epoch [10/11] Step [924/1241] Loss: 0.4908 Time: 74.586
#### prediction torch.Size([192, 4])
Epoch [10/11] Step [957/1241] Loss: 0.4861 Time: 74.786
#### prediction torch.Size([192, 4])
Epoch [10/11] Step [990/1241] Loss: 0.4079 Time: 74.986
#### prediction torch.Size([192, 4])
Epoch [10/11] Step [1023/1241] Loss: 0.5382 Time: 75.186
#### prediction torch.Size([192, 4])
Epoch [10/11] Step [1056/1241] Loss: 0.4943 Time: 75.386
#### prediction torch.Size([192, 4])
Epoch [10/11] Step [1089/1241] Loss: 0.4532 Time: 75.586
#### prediction torch.Size([192, 4])
Epoch [10/11] Step [1122/1241] Loss: 0.5027 Time: 75.786
#### prediction torch.Size([192, 4])
Epoch [10/11] Step [1155/1241] Loss: 0.5666 Time: 75.986
#### prediction torch.Size([192, 4])
Epoch [10/11] Step [1188/1241] Loss: 0.5262 Time: 76.186
#### prediction torch.Size([192, 4])
Epoch [10/11] Step [1221/1241] Loss: 0.4575 Time: 76.386
#### TRAINED MODEL SEQ_LSTM_CNN model training time: 84.057 total training time: 161.625 ####
#### TRAINING MODEL PARA_CNN_LSTM ####
#### prediction torch.Size([192, 4])
Epoch [10/11] Step [33/1241] Loss: 0.3580 Time: 70.401
#### prediction torch.Size([192, 4])
Epoch [10/11] Step [66/1241] Loss: 0.2282 Time: 70.605
#### prediction torch.Size([192, 4])
Epoch [10/11] Step [99/1241] Loss: 0.2656 Time: 70.808
#### prediction torch.Size([192, 4])
Epoch [10/11] Step [132/1241] Loss: 0.2423 Time: 71.01
#### prediction torch.Size([192, 4])
Epoch [10/11] Step [165/1241] Loss: 0.2520 Time: 71.214
#### prediction torch.Size([192, 4])
Epoch [10/11] Step [198/1241] Loss: 0.1945 Time: 71.416
#### prediction torch.Size([192, 4])
Epoch [10/11] Step [231/1241] Loss: 0.2281 Time: 71.62
#### prediction torch.Size([192, 4])
Epoch [10/11] Step [264/1241] Loss: 0.2009 Time: 71.823
#### prediction torch.Size([192, 4])
Epoch [10/11] Step [297/1241] Loss: 0.2400 Time: 72.026
#### prediction torch.Size([192, 4])
Epoch [10/11] Step [330/1241] Loss: 0.2849 Time: 72.229
#### prediction torch.Size([192, 4])
Epoch [10/11] Step [363/1241] Loss: 0.2307 Time: 72.433
#### prediction torch.Size([192, 4])
Epoch [10/11] Step [396/1241] Loss: 0.1952 Time: 72.636
#### prediction torch.Size([192, 4])
Epoch [10/11] Step [429/1241] Loss: 0.1562 Time: 72.838
#### prediction torch.Size([192, 4])
Epoch [10/11] Step [462/1241] Loss: 0.2545 Time: 73.041
#### prediction torch.Size([192, 4])
Epoch [10/11] Step [495/1241] Loss: 0.2073 Time: 73.244
#### prediction torch.Size([192, 4])
Epoch [10/11] Step [528/1241] Loss: 0.2554 Time: 73.447
#### prediction torch.Size([192, 4])
Epoch [10/11] Step [561/1241] Loss: 0.2890 Time: 73.65
#### prediction torch.Size([192, 4])
Epoch [10/11] Step [594/1241] Loss: 0.3782 Time: 73.853
#### prediction torch.Size([192, 4])
Epoch [10/11] Step [627/1241] Loss: 0.2281 Time: 74.056
#### prediction torch.Size([192, 4])
Epoch [10/11] Step [660/1241] Loss: 0.2620 Time: 74.266
#### prediction torch.Size([192, 4])
Epoch [10/11] Step [693/1241] Loss: 0.2458 Time: 74.475
#### prediction torch.Size([192, 4])
Epoch [10/11] Step [726/1241] Loss: 0.2313 Time: 74.685
#### prediction torch.Size([192, 4])
Epoch [10/11] Step [759/1241] Loss: 0.2037 Time: 74.892
#### prediction torch.Size([192, 4])
Epoch [10/11] Step [792/1241] Loss: 0.2470 Time: 75.101
#### prediction torch.Size([192, 4])
Epoch [10/11] Step [825/1241] Loss: 0.2786 Time: 75.307
#### prediction torch.Size([192, 4])
Epoch [10/11] Step [858/1241] Loss: 0.2430 Time: 75.51
#### prediction torch.Size([192, 4])
Epoch [10/11] Step [891/1241] Loss: 0.2730 Time: 75.714
#### prediction torch.Size([192, 4])
Epoch [10/11] Step [924/1241] Loss: 0.2476 Time: 75.917
#### prediction torch.Size([192, 4])
Epoch [10/11] Step [957/1241] Loss: 0.2016 Time: 76.12
#### prediction torch.Size([192, 4])
Epoch [10/11] Step [990/1241] Loss: 0.2303 Time: 76.323
#### prediction torch.Size([192, 4])
Epoch [10/11] Step [1023/1241] Loss: 0.2613 Time: 76.527
#### prediction torch.Size([192, 4])
Epoch [10/11] Step [1056/1241] Loss: 0.2334 Time: 76.73
#### prediction torch.Size([192, 4])
Epoch [10/11] Step [1089/1241] Loss: 0.2636 Time: 76.933
#### prediction torch.Size([192, 4])
Epoch [10/11] Step [1122/1241] Loss: 0.2672 Time: 77.137
#### prediction torch.Size([192, 4])
Epoch [10/11] Step [1155/1241] Loss: 0.2345 Time: 77.34
#### prediction torch.Size([192, 4])
Epoch [10/11] Step [1188/1241] Loss: 0.3992 Time: 77.543
#### prediction torch.Size([192, 4])
Epoch [10/11] Step [1221/1241] Loss: 0.2361 Time: 77.748
#### TRAINED MODEL PARA_CNN_LSTM model training time: 85.735 total training time: 247.36 ####
#### TRAINING TOTAL TIME: 243.96 ####
Accuracy of the SEQ_CNN_LSTM model on the test set: 90.651021 %
Accuracy of the SEQ_LSTM_CNN model on the test set: 81.197959 %
Accuracy of the PARA_CNN_LSTM model on the test set: 91.127787 %
#### TESTING TOTAL TIME: 3.492 ####
#### TIME #### TERMINO #### 10056.706 ####
#### FINITO #### TERMINO #### NO-VA-MAS ####
#### TIMES #### modelling TOTAL TOTAL ==>> 10056.706 seconds
#### #### READING DATA FILES #### ####
163 511 #### COMBI [reg, sid, ban, sec, men, med, sum, max, bet, htp, hhh] METRICS ####
('Plantation', '/home/vargas/repos/forests-sounds-vargas/out/data/extraction/Plantation/2_00_PSA0010-2010_dict_y_split_7_2512283_1736694580.pkl')
(297840, 11) Index(['reg', 'sid', 'ban', 'sec', 'men', 'med', 'sum', 'max', 'bet', 'htp',
       'hhh'],
      dtype='object') Index(['reg', 'sid', 'ban', 'sec', 'men', 'med', 'sum', 'max', 'bet', 'htp',
       'hhh'],
      dtype='object')
#### MERGE 68 merge_data Dataframe shape: (297840, 11) #### time: 264
#### #### SPLIT TRAIN TEST #### ####
#### CLASSES: [0 1 2 3] TOTAL 4
#### SPLIT train_test_split and CUDA: ??? cuda:0 #### time: 34
#### MODELS - TOTAL 3 ####
#### EPOCHS 11 ####
#### TRAINING MODELS ####
#### TRAINING MODEL SEQ_CNN_LSTM ####
#### prediction torch.Size([192, 4])
Epoch [10/11] Step [33/1241] Loss: 0.1315 Time: 61.183
#### prediction torch.Size([192, 4])
Epoch [10/11] Step [66/1241] Loss: 0.1796 Time: 61.36
#### prediction torch.Size([192, 4])
Epoch [10/11] Step [99/1241] Loss: 0.1545 Time: 61.537
#### prediction torch.Size([192, 4])
Epoch [10/11] Step [132/1241] Loss: 0.1575 Time: 61.713
#### prediction torch.Size([192, 4])
Epoch [10/11] Step [165/1241] Loss: 0.1193 Time: 61.89
#### prediction torch.Size([192, 4])
Epoch [10/11] Step [198/1241] Loss: 0.0768 Time: 62.066
#### prediction torch.Size([192, 4])
Epoch [10/11] Step [231/1241] Loss: 0.2406 Time: 62.243
#### prediction torch.Size([192, 4])
Epoch [10/11] Step [264/1241] Loss: 0.1328 Time: 62.42
#### prediction torch.Size([192, 4])
Epoch [10/11] Step [297/1241] Loss: 0.1533 Time: 62.596
#### prediction torch.Size([192, 4])
Epoch [10/11] Step [330/1241] Loss: 0.1330 Time: 62.773
#### prediction torch.Size([192, 4])
Epoch [10/11] Step [363/1241] Loss: 0.2303 Time: 62.95
#### prediction torch.Size([192, 4])
Epoch [10/11] Step [396/1241] Loss: 0.1580 Time: 63.126
#### prediction torch.Size([192, 4])
Epoch [10/11] Step [429/1241] Loss: 0.1754 Time: 63.306
#### prediction torch.Size([192, 4])
Epoch [10/11] Step [462/1241] Loss: 0.1361 Time: 63.482
#### prediction torch.Size([192, 4])
Epoch [10/11] Step [495/1241] Loss: 0.1838 Time: 63.659
#### prediction torch.Size([192, 4])
Epoch [10/11] Step [528/1241] Loss: 0.1464 Time: 63.836
#### prediction torch.Size([192, 4])
Epoch [10/11] Step [561/1241] Loss: 0.1988 Time: 64.012
#### prediction torch.Size([192, 4])
Epoch [10/11] Step [594/1241] Loss: 0.2116 Time: 64.188
#### prediction torch.Size([192, 4])
Epoch [10/11] Step [627/1241] Loss: 0.1807 Time: 64.365
#### prediction torch.Size([192, 4])
Epoch [10/11] Step [660/1241] Loss: 0.1519 Time: 64.542
#### prediction torch.Size([192, 4])
Epoch [10/11] Step [693/1241] Loss: 0.1120 Time: 64.718
#### prediction torch.Size([192, 4])
Epoch [10/11] Step [726/1241] Loss: 0.1726 Time: 64.894
#### prediction torch.Size([192, 4])
Epoch [10/11] Step [759/1241] Loss: 0.1208 Time: 65.071
#### prediction torch.Size([192, 4])
Epoch [10/11] Step [792/1241] Loss: 0.1367 Time: 65.248
#### prediction torch.Size([192, 4])
Epoch [10/11] Step [825/1241] Loss: 0.0993 Time: 65.424
#### prediction torch.Size([192, 4])
Epoch [10/11] Step [858/1241] Loss: 0.1259 Time: 65.601
#### prediction torch.Size([192, 4])
Epoch [10/11] Step [891/1241] Loss: 0.1052 Time: 65.778
#### prediction torch.Size([192, 4])
Epoch [10/11] Step [924/1241] Loss: 0.1403 Time: 65.954
#### prediction torch.Size([192, 4])
Epoch [10/11] Step [957/1241] Loss: 0.1263 Time: 66.131
#### prediction torch.Size([192, 4])
Epoch [10/11] Step [990/1241] Loss: 0.1164 Time: 66.307
#### prediction torch.Size([192, 4])
Epoch [10/11] Step [1023/1241] Loss: 0.2330 Time: 66.483
#### prediction torch.Size([192, 4])
Epoch [10/11] Step [1056/1241] Loss: 0.0998 Time: 66.66
#### prediction torch.Size([192, 4])
Epoch [10/11] Step [1089/1241] Loss: 0.4191 Time: 66.837
#### prediction torch.Size([192, 4])
Epoch [10/11] Step [1122/1241] Loss: 0.0838 Time: 67.013
#### prediction torch.Size([192, 4])
Epoch [10/11] Step [1155/1241] Loss: 0.1625 Time: 67.191
#### prediction torch.Size([192, 4])
Epoch [10/11] Step [1188/1241] Loss: 0.1237 Time: 67.367
#### prediction torch.Size([192, 4])
Epoch [10/11] Step [1221/1241] Loss: 0.1675 Time: 67.543
#### TRAINED MODEL SEQ_CNN_LSTM model training time: 74.515 total training time: 77.968 ####
#### TRAINING MODEL SEQ_LSTM_CNN ####
#### prediction torch.Size([192, 4])
Epoch [10/11] Step [33/1241] Loss: 0.1996 Time: 69.158
#### prediction torch.Size([192, 4])
Epoch [10/11] Step [66/1241] Loss: 0.1348 Time: 69.359
#### prediction torch.Size([192, 4])
Epoch [10/11] Step [99/1241] Loss: 0.1472 Time: 69.56
#### prediction torch.Size([192, 4])
Epoch [10/11] Step [132/1241] Loss: 0.1389 Time: 69.761
#### prediction torch.Size([192, 4])
Epoch [10/11] Step [165/1241] Loss: 0.1470 Time: 69.962
#### prediction torch.Size([192, 4])
Epoch [10/11] Step [198/1241] Loss: 0.1406 Time: 70.162
#### prediction torch.Size([192, 4])
Epoch [10/11] Step [231/1241] Loss: 0.1195 Time: 70.363
#### prediction torch.Size([192, 4])
Epoch [10/11] Step [264/1241] Loss: 0.1248 Time: 70.563
#### prediction torch.Size([192, 4])
Epoch [10/11] Step [297/1241] Loss: 0.2388 Time: 70.764
#### prediction torch.Size([192, 4])
Epoch [10/11] Step [330/1241] Loss: 0.1194 Time: 70.964
#### prediction torch.Size([192, 4])
Epoch [10/11] Step [363/1241] Loss: 0.1822 Time: 71.165
#### prediction torch.Size([192, 4])
Epoch [10/11] Step [396/1241] Loss: 0.7492 Time: 71.365
#### prediction torch.Size([192, 4])
Epoch [10/11] Step [429/1241] Loss: 0.1416 Time: 71.566
#### prediction torch.Size([192, 4])
Epoch [10/11] Step [462/1241] Loss: 0.1551 Time: 71.767
#### prediction torch.Size([192, 4])
Epoch [10/11] Step [495/1241] Loss: 0.1138 Time: 71.967
#### prediction torch.Size([192, 4])
Epoch [10/11] Step [528/1241] Loss: 0.1003 Time: 72.168
#### prediction torch.Size([192, 4])
Epoch [10/11] Step [561/1241] Loss: 0.1940 Time: 72.371
#### prediction torch.Size([192, 4])
Epoch [10/11] Step [594/1241] Loss: 0.1213 Time: 72.571
#### prediction torch.Size([192, 4])
Epoch [10/11] Step [627/1241] Loss: 0.1321 Time: 72.771
#### prediction torch.Size([192, 4])
Epoch [10/11] Step [660/1241] Loss: 0.1902 Time: 72.972
#### prediction torch.Size([192, 4])
Epoch [10/11] Step [693/1241] Loss: 0.1186 Time: 73.172
#### prediction torch.Size([192, 4])
Epoch [10/11] Step [726/1241] Loss: 0.2123 Time: 73.373
#### prediction torch.Size([192, 4])
Epoch [10/11] Step [759/1241] Loss: 0.1432 Time: 73.579
#### prediction torch.Size([192, 4])
Epoch [10/11] Step [792/1241] Loss: 0.1255 Time: 73.783
#### prediction torch.Size([192, 4])
Epoch [10/11] Step [825/1241] Loss: 0.1239 Time: 73.984
#### prediction torch.Size([192, 4])
Epoch [10/11] Step [858/1241] Loss: 0.1324 Time: 74.186
#### prediction torch.Size([192, 4])
Epoch [10/11] Step [891/1241] Loss: 0.1236 Time: 74.387
#### prediction torch.Size([192, 4])
Epoch [10/11] Step [924/1241] Loss: 0.1616 Time: 74.588
#### prediction torch.Size([192, 4])
Epoch [10/11] Step [957/1241] Loss: 0.1427 Time: 74.789
#### prediction torch.Size([192, 4])
Epoch [10/11] Step [990/1241] Loss: 0.1563 Time: 74.99
#### prediction torch.Size([192, 4])
Epoch [10/11] Step [1023/1241] Loss: 0.1881 Time: 75.191
#### prediction torch.Size([192, 4])
Epoch [10/11] Step [1056/1241] Loss: 0.1446 Time: 75.393
#### prediction torch.Size([192, 4])
Epoch [10/11] Step [1089/1241] Loss: 0.1669 Time: 75.594
#### prediction torch.Size([192, 4])
Epoch [10/11] Step [1122/1241] Loss: 0.3132 Time: 75.795
#### prediction torch.Size([192, 4])
Epoch [10/11] Step [1155/1241] Loss: 0.1328 Time: 75.996
#### prediction torch.Size([192, 4])
Epoch [10/11] Step [1188/1241] Loss: 0.2014 Time: 76.197
#### prediction torch.Size([192, 4])
Epoch [10/11] Step [1221/1241] Loss: 0.1942 Time: 76.399
#### TRAINED MODEL SEQ_LSTM_CNN model training time: 84.275 total training time: 162.244 ####
#### TRAINING MODEL PARA_CNN_LSTM ####
#### prediction torch.Size([192, 4])
Epoch [10/11] Step [33/1241] Loss: 0.1282 Time: 70.574
#### prediction torch.Size([192, 4])
Epoch [10/11] Step [66/1241] Loss: 0.1800 Time: 70.778
#### prediction torch.Size([192, 4])
Epoch [10/11] Step [99/1241] Loss: 0.1326 Time: 70.983
#### prediction torch.Size([192, 4])
Epoch [10/11] Step [132/1241] Loss: 0.1340 Time: 71.188
#### prediction torch.Size([192, 4])
Epoch [10/11] Step [165/1241] Loss: 0.1477 Time: 71.392
#### prediction torch.Size([192, 4])
Epoch [10/11] Step [198/1241] Loss: 0.1659 Time: 71.597
#### prediction torch.Size([192, 4])
Epoch [10/11] Step [231/1241] Loss: 0.1229 Time: 71.802
#### prediction torch.Size([192, 4])
Epoch [10/11] Step [264/1241] Loss: 0.2474 Time: 72.007
#### prediction torch.Size([192, 4])
Epoch [10/11] Step [297/1241] Loss: 0.1563 Time: 72.211
#### prediction torch.Size([192, 4])
Epoch [10/11] Step [330/1241] Loss: 0.1254 Time: 72.416
#### prediction torch.Size([192, 4])
Epoch [10/11] Step [363/1241] Loss: 0.1521 Time: 72.621
#### prediction torch.Size([192, 4])
Epoch [10/11] Step [396/1241] Loss: 0.1339 Time: 72.825
#### prediction torch.Size([192, 4])
Epoch [10/11] Step [429/1241] Loss: 0.1070 Time: 73.03
#### prediction torch.Size([192, 4])
Epoch [10/11] Step [462/1241] Loss: 0.1271 Time: 73.234
#### prediction torch.Size([192, 4])
Epoch [10/11] Step [495/1241] Loss: 0.2046 Time: 73.446
#### prediction torch.Size([192, 4])
Epoch [10/11] Step [528/1241] Loss: 0.1124 Time: 73.658
#### prediction torch.Size([192, 4])
Epoch [10/11] Step [561/1241] Loss: 0.1887 Time: 73.87
#### prediction torch.Size([192, 4])
Epoch [10/11] Step [594/1241] Loss: 0.1190 Time: 74.078
#### prediction torch.Size([192, 4])
Epoch [10/11] Step [627/1241] Loss: 0.1148 Time: 74.286
#### prediction torch.Size([192, 4])
Epoch [10/11] Step [660/1241] Loss: 0.1518 Time: 74.495
#### prediction torch.Size([192, 4])
Epoch [10/11] Step [693/1241] Loss: 0.1717 Time: 74.702
#### prediction torch.Size([192, 4])
Epoch [10/11] Step [726/1241] Loss: 0.1513 Time: 74.924
#### prediction torch.Size([192, 4])
Epoch [10/11] Step [759/1241] Loss: 0.1598 Time: 75.129
#### prediction torch.Size([192, 4])
Epoch [10/11] Step [792/1241] Loss: 0.1354 Time: 75.334
#### prediction torch.Size([192, 4])
Epoch [10/11] Step [825/1241] Loss: 0.1534 Time: 75.539
#### prediction torch.Size([192, 4])
Epoch [10/11] Step [858/1241] Loss: 0.1349 Time: 75.744
#### prediction torch.Size([192, 4])
Epoch [10/11] Step [891/1241] Loss: 0.1336 Time: 75.949
#### prediction torch.Size([192, 4])
Epoch [10/11] Step [924/1241] Loss: 0.2328 Time: 76.312
#### prediction torch.Size([192, 4])
Epoch [10/11] Step [957/1241] Loss: 0.1579 Time: 76.517
#### prediction torch.Size([192, 4])
Epoch [10/11] Step [990/1241] Loss: 0.1276 Time: 76.722
#### prediction torch.Size([192, 4])
Epoch [10/11] Step [1023/1241] Loss: 0.1590 Time: 76.927
#### prediction torch.Size([192, 4])
Epoch [10/11] Step [1056/1241] Loss: 0.1317 Time: 77.132
#### prediction torch.Size([192, 4])
Epoch [10/11] Step [1089/1241] Loss: 0.1167 Time: 77.337
#### prediction torch.Size([192, 4])
Epoch [10/11] Step [1122/1241] Loss: 0.1325 Time: 77.542
#### prediction torch.Size([192, 4])
Epoch [10/11] Step [1155/1241] Loss: 0.1551 Time: 77.746
#### prediction torch.Size([192, 4])
Epoch [10/11] Step [1188/1241] Loss: 0.1801 Time: 77.952
#### prediction torch.Size([192, 4])
Epoch [10/11] Step [1221/1241] Loss: 0.1396 Time: 78.157
#### TRAINED MODEL PARA_CNN_LSTM model training time: 86.024 total training time: 248.267 ####
#### TRAINING TOTAL TIME: 244.814 ####
Accuracy of the SEQ_CNN_LSTM model on the test set: 94.233481 %
Accuracy of the SEQ_LSTM_CNN model on the test set: 93.729855 %
Accuracy of the PARA_CNN_LSTM model on the test set: 94.562517 %
#### TESTING TOTAL TIME: 3.65 ####
#### TIME #### TERMINO #### 10356.932 ####
#### FINITO #### TERMINO #### NO-VA-MAS ####
#### TIMES #### modelling TOTAL TOTAL ==>> 10356.932 seconds
#### #### READING DATA FILES #### ####
164 511 #### COMBI [reg, sid, ban, sec, men, med, sum, max, bet, htp, aei] METRICS ####
('Plantation', '/home/vargas/repos/forests-sounds-vargas/out/data/extraction/Plantation/2_00_PSA0010-2010_dict_y_split_7_2512283_1736694580.pkl')
(297840, 11) Index(['reg', 'sid', 'ban', 'sec', 'men', 'med', 'sum', 'max', 'bet', 'htp',
       'aei'],
      dtype='object') Index(['reg', 'sid', 'ban', 'sec', 'men', 'med', 'sum', 'max', 'bet', 'htp',
       'aei'],
      dtype='object')
#### MERGE 68 merge_data Dataframe shape: (297840, 11) #### time: 266
#### #### SPLIT TRAIN TEST #### ####
#### CLASSES: [0 1 2 3] TOTAL 4
#### SPLIT train_test_split and CUDA: ??? cuda:0 #### time: 34
#### MODELS - TOTAL 3 ####
#### EPOCHS 11 ####
#### TRAINING MODELS ####
#### TRAINING MODEL SEQ_CNN_LSTM ####
#### prediction torch.Size([192, 4])
Epoch [10/11] Step [33/1241] Loss: 0.2059 Time: 61.291
#### prediction torch.Size([192, 4])
Epoch [10/11] Step [66/1241] Loss: 0.1247 Time: 61.468
#### prediction torch.Size([192, 4])
Epoch [10/11] Step [99/1241] Loss: 0.2062 Time: 61.646
#### prediction torch.Size([192, 4])
Epoch [10/11] Step [132/1241] Loss: 0.2206 Time: 61.824
#### prediction torch.Size([192, 4])
Epoch [10/11] Step [165/1241] Loss: 0.1959 Time: 62.001
#### prediction torch.Size([192, 4])
Epoch [10/11] Step [198/1241] Loss: 0.1355 Time: 62.179
#### prediction torch.Size([192, 4])
Epoch [10/11] Step [231/1241] Loss: 0.1486 Time: 62.357
#### prediction torch.Size([192, 4])
Epoch [10/11] Step [264/1241] Loss: 0.1293 Time: 62.535
#### prediction torch.Size([192, 4])
Epoch [10/11] Step [297/1241] Loss: 0.1127 Time: 62.713
#### prediction torch.Size([192, 4])
Epoch [10/11] Step [330/1241] Loss: 0.1989 Time: 62.891
#### prediction torch.Size([192, 4])
Epoch [10/11] Step [363/1241] Loss: 0.1320 Time: 63.07
#### prediction torch.Size([192, 4])
Epoch [10/11] Step [396/1241] Loss: 0.1751 Time: 63.247
#### prediction torch.Size([192, 4])
Epoch [10/11] Step [429/1241] Loss: 0.2064 Time: 63.425
#### prediction torch.Size([192, 4])
Epoch [10/11] Step [462/1241] Loss: 0.1562 Time: 63.603
#### prediction torch.Size([192, 4])
Epoch [10/11] Step [495/1241] Loss: 0.1861 Time: 63.781
#### prediction torch.Size([192, 4])
Epoch [10/11] Step [528/1241] Loss: 0.1305 Time: 63.959
#### prediction torch.Size([192, 4])
Epoch [10/11] Step [561/1241] Loss: 0.1282 Time: 64.135
#### prediction torch.Size([192, 4])
Epoch [10/11] Step [594/1241] Loss: 0.1618 Time: 64.312
#### prediction torch.Size([192, 4])
Epoch [10/11] Step [627/1241] Loss: 0.1442 Time: 64.488
#### prediction torch.Size([192, 4])
Epoch [10/11] Step [660/1241] Loss: 0.1435 Time: 64.665
#### prediction torch.Size([192, 4])
Epoch [10/11] Step [693/1241] Loss: 0.1480 Time: 64.842
#### prediction torch.Size([192, 4])
Epoch [10/11] Step [726/1241] Loss: 0.0997 Time: 65.019
#### prediction torch.Size([192, 4])
Epoch [10/11] Step [759/1241] Loss: 0.1710 Time: 65.195
#### prediction torch.Size([192, 4])
Epoch [10/11] Step [792/1241] Loss: 0.1576 Time: 65.372
#### prediction torch.Size([192, 4])
Epoch [10/11] Step [825/1241] Loss: 0.1386 Time: 65.549
#### prediction torch.Size([192, 4])
Epoch [10/11] Step [858/1241] Loss: 0.1823 Time: 65.726
#### prediction torch.Size([192, 4])
Epoch [10/11] Step [891/1241] Loss: 0.1490 Time: 65.902
#### prediction torch.Size([192, 4])
Epoch [10/11] Step [924/1241] Loss: 0.2132 Time: 66.08
#### prediction torch.Size([192, 4])
Epoch [10/11] Step [957/1241] Loss: 0.1351 Time: 66.256
#### prediction torch.Size([192, 4])
Epoch [10/11] Step [990/1241] Loss: 0.0960 Time: 66.433
#### prediction torch.Size([192, 4])
Epoch [10/11] Step [1023/1241] Loss: 0.1132 Time: 66.61
#### prediction torch.Size([192, 4])
Epoch [10/11] Step [1056/1241] Loss: 0.2674 Time: 66.787
#### prediction torch.Size([192, 4])
Epoch [10/11] Step [1089/1241] Loss: 0.1351 Time: 66.964
#### prediction torch.Size([192, 4])
Epoch [10/11] Step [1122/1241] Loss: 0.1123 Time: 67.14
#### prediction torch.Size([192, 4])
Epoch [10/11] Step [1155/1241] Loss: 0.1544 Time: 67.478
#### prediction torch.Size([192, 4])
Epoch [10/11] Step [1188/1241] Loss: 0.1205 Time: 67.655
#### prediction torch.Size([192, 4])
Epoch [10/11] Step [1221/1241] Loss: 0.1877 Time: 67.832
#### TRAINED MODEL SEQ_CNN_LSTM model training time: 74.629 total training time: 78.334 ####
#### TRAINING MODEL SEQ_LSTM_CNN ####
#### prediction torch.Size([192, 4])
Epoch [10/11] Step [33/1241] Loss: 0.2720 Time: 69.212
#### prediction torch.Size([192, 4])
Epoch [10/11] Step [66/1241] Loss: 0.2659 Time: 69.413
#### prediction torch.Size([192, 4])
Epoch [10/11] Step [99/1241] Loss: 0.3043 Time: 69.613
#### prediction torch.Size([192, 4])
Epoch [10/11] Step [132/1241] Loss: 0.3091 Time: 69.814
#### prediction torch.Size([192, 4])
Epoch [10/11] Step [165/1241] Loss: 0.2222 Time: 70.014
#### prediction torch.Size([192, 4])
Epoch [10/11] Step [198/1241] Loss: 0.2611 Time: 70.215
#### prediction torch.Size([192, 4])
Epoch [10/11] Step [231/1241] Loss: 0.3543 Time: 70.417
#### prediction torch.Size([192, 4])
Epoch [10/11] Step [264/1241] Loss: 0.2390 Time: 70.617
#### prediction torch.Size([192, 4])
Epoch [10/11] Step [297/1241] Loss: 0.1939 Time: 70.818
#### prediction torch.Size([192, 4])
Epoch [10/11] Step [330/1241] Loss: 0.2910 Time: 71.018
#### prediction torch.Size([192, 4])
Epoch [10/11] Step [363/1241] Loss: 0.2780 Time: 71.219
#### prediction torch.Size([192, 4])
Epoch [10/11] Step [396/1241] Loss: 0.3489 Time: 71.42
#### prediction torch.Size([192, 4])
Epoch [10/11] Step [429/1241] Loss: 0.2343 Time: 71.629
#### prediction torch.Size([192, 4])
Epoch [10/11] Step [462/1241] Loss: 0.2710 Time: 71.832
#### prediction torch.Size([192, 4])
Epoch [10/11] Step [495/1241] Loss: 0.2347 Time: 72.034
#### prediction torch.Size([192, 4])
Epoch [10/11] Step [528/1241] Loss: 0.2758 Time: 72.396
#### prediction torch.Size([192, 4])
Epoch [10/11] Step [561/1241] Loss: 0.2299 Time: 72.597
#### prediction torch.Size([192, 4])
Epoch [10/11] Step [594/1241] Loss: 0.2017 Time: 72.798
#### prediction torch.Size([192, 4])
Epoch [10/11] Step [627/1241] Loss: 0.2089 Time: 72.998
#### prediction torch.Size([192, 4])
Epoch [10/11] Step [660/1241] Loss: 0.2775 Time: 73.199
#### prediction torch.Size([192, 4])
Epoch [10/11] Step [693/1241] Loss: 0.1855 Time: 73.401
#### prediction torch.Size([192, 4])
Epoch [10/11] Step [726/1241] Loss: 0.2228 Time: 73.602
#### prediction torch.Size([192, 4])
Epoch [10/11] Step [759/1241] Loss: 0.2931 Time: 73.803
#### prediction torch.Size([192, 4])
Epoch [10/11] Step [792/1241] Loss: 0.2844 Time: 74.003
#### prediction torch.Size([192, 4])
Epoch [10/11] Step [825/1241] Loss: 0.1970 Time: 74.204
#### prediction torch.Size([192, 4])
Epoch [10/11] Step [858/1241] Loss: 0.1788 Time: 74.406
#### prediction torch.Size([192, 4])
Epoch [10/11] Step [891/1241] Loss: 0.2317 Time: 74.606
#### prediction torch.Size([192, 4])
Epoch [10/11] Step [924/1241] Loss: 0.2291 Time: 74.807
#### prediction torch.Size([192, 4])
Epoch [10/11] Step [957/1241] Loss: 0.1758 Time: 75.007
#### prediction torch.Size([192, 4])
Epoch [10/11] Step [990/1241] Loss: 0.2125 Time: 75.208
#### prediction torch.Size([192, 4])
Epoch [10/11] Step [1023/1241] Loss: 0.2066 Time: 75.409
#### prediction torch.Size([192, 4])
Epoch [10/11] Step [1056/1241] Loss: 0.2885 Time: 75.609
#### prediction torch.Size([192, 4])
Epoch [10/11] Step [1089/1241] Loss: 0.2161 Time: 75.81
#### prediction torch.Size([192, 4])
Epoch [10/11] Step [1122/1241] Loss: 0.2577 Time: 76.01
#### prediction torch.Size([192, 4])
Epoch [10/11] Step [1155/1241] Loss: 0.2382 Time: 76.211
#### prediction torch.Size([192, 4])
Epoch [10/11] Step [1188/1241] Loss: 0.2678 Time: 76.412
#### prediction torch.Size([192, 4])
Epoch [10/11] Step [1221/1241] Loss: 0.2307 Time: 76.613
#### TRAINED MODEL SEQ_LSTM_CNN model training time: 84.309 total training time: 162.644 ####
#### TRAINING MODEL PARA_CNN_LSTM ####
#### prediction torch.Size([192, 4])
Epoch [10/11] Step [33/1241] Loss: 0.1741 Time: 70.432
#### prediction torch.Size([192, 4])
Epoch [10/11] Step [66/1241] Loss: 0.1187 Time: 70.636
#### prediction torch.Size([192, 4])
Epoch [10/11] Step [99/1241] Loss: 0.1076 Time: 70.84
#### prediction torch.Size([192, 4])
Epoch [10/11] Step [132/1241] Loss: 0.1336 Time: 71.043
#### prediction torch.Size([192, 4])
Epoch [10/11] Step [165/1241] Loss: 0.1037 Time: 71.247
#### prediction torch.Size([192, 4])
Epoch [10/11] Step [198/1241] Loss: 0.1466 Time: 71.457
#### prediction torch.Size([192, 4])
Epoch [10/11] Step [231/1241] Loss: 0.1602 Time: 71.666
#### prediction torch.Size([192, 4])
Epoch [10/11] Step [264/1241] Loss: 0.1641 Time: 71.876
#### prediction torch.Size([192, 4])
Epoch [10/11] Step [297/1241] Loss: 0.0882 Time: 72.083
#### prediction torch.Size([192, 4])
Epoch [10/11] Step [330/1241] Loss: 0.1507 Time: 72.291
#### prediction torch.Size([192, 4])
Epoch [10/11] Step [363/1241] Loss: 0.1340 Time: 72.499
#### prediction torch.Size([192, 4])
Epoch [10/11] Step [396/1241] Loss: 0.1376 Time: 72.703
#### prediction torch.Size([192, 4])
Epoch [10/11] Step [429/1241] Loss: 0.1642 Time: 72.907
#### prediction torch.Size([192, 4])
Epoch [10/11] Step [462/1241] Loss: 0.0889 Time: 73.111
#### prediction torch.Size([192, 4])
Epoch [10/11] Step [495/1241] Loss: 0.1962 Time: 73.316
#### prediction torch.Size([192, 4])
Epoch [10/11] Step [528/1241] Loss: 0.1936 Time: 73.52
#### prediction torch.Size([192, 4])
Epoch [10/11] Step [561/1241] Loss: 0.1015 Time: 73.725
#### prediction torch.Size([192, 4])
Epoch [10/11] Step [594/1241] Loss: 0.1911 Time: 73.929
#### prediction torch.Size([192, 4])
Epoch [10/11] Step [627/1241] Loss: 0.1186 Time: 74.133
#### prediction torch.Size([192, 4])
Epoch [10/11] Step [660/1241] Loss: 0.1098 Time: 74.337
#### prediction torch.Size([192, 4])
Epoch [10/11] Step [693/1241] Loss: 0.1817 Time: 74.541
#### prediction torch.Size([192, 4])
Epoch [10/11] Step [726/1241] Loss: 0.1721 Time: 74.745
#### prediction torch.Size([192, 4])
Epoch [10/11] Step [759/1241] Loss: 0.1513 Time: 74.95
#### prediction torch.Size([192, 4])
Epoch [10/11] Step [792/1241] Loss: 0.1331 Time: 75.154
#### prediction torch.Size([192, 4])
Epoch [10/11] Step [825/1241] Loss: 0.1743 Time: 75.358
#### prediction torch.Size([192, 4])
Epoch [10/11] Step [858/1241] Loss: 0.1749 Time: 75.562
#### prediction torch.Size([192, 4])
Epoch [10/11] Step [891/1241] Loss: 0.1188 Time: 75.765
#### prediction torch.Size([192, 4])
Epoch [10/11] Step [924/1241] Loss: 0.1365 Time: 75.97
#### prediction torch.Size([192, 4])
Epoch [10/11] Step [957/1241] Loss: 0.2073 Time: 76.174
#### prediction torch.Size([192, 4])
Epoch [10/11] Step [990/1241] Loss: 0.1043 Time: 76.378
#### prediction torch.Size([192, 4])
Epoch [10/11] Step [1023/1241] Loss: 0.1355 Time: 76.582
#### prediction torch.Size([192, 4])
Epoch [10/11] Step [1056/1241] Loss: 0.1288 Time: 76.786
#### prediction torch.Size([192, 4])
Epoch [10/11] Step [1089/1241] Loss: 0.0960 Time: 76.99
#### prediction torch.Size([192, 4])
Epoch [10/11] Step [1122/1241] Loss: 0.1196 Time: 77.194
#### prediction torch.Size([192, 4])
Epoch [10/11] Step [1155/1241] Loss: 0.1017 Time: 77.407
#### prediction torch.Size([192, 4])
Epoch [10/11] Step [1188/1241] Loss: 0.1272 Time: 77.613
#### prediction torch.Size([192, 4])
Epoch [10/11] Step [1221/1241] Loss: 0.0901 Time: 77.818
#### TRAINED MODEL PARA_CNN_LSTM model training time: 85.847 total training time: 248.49 ####
#### TRAINING TOTAL TIME: 244.785 ####
Accuracy of the SEQ_CNN_LSTM model on the test set: 93.538477 %
Accuracy of the SEQ_LSTM_CNN model on the test set: 90.944803 %
Accuracy of the PARA_CNN_LSTM model on the test set: 95.329707 %
#### TESTING TOTAL TIME: 3.506 ####
#### TIME #### TERMINO #### 10658.607 ####
#### FINITO #### TERMINO #### NO-VA-MAS ####
#### TIMES #### modelling TOTAL TOTAL ==>> 10658.607 seconds
#### #### READING DATA FILES #### ####
165 511 #### COMBI [reg, sid, ban, sec, men, med, sum, max, bet, hhh, aei] METRICS ####
('Plantation', '/home/vargas/repos/forests-sounds-vargas/out/data/extraction/Plantation/2_00_PSA0010-2010_dict_y_split_7_2512283_1736694580.pkl')
(297840, 11) Index(['reg', 'sid', 'ban', 'sec', 'men', 'med', 'sum', 'max', 'bet', 'hhh',
       'aei'],
      dtype='object') Index(['reg', 'sid', 'ban', 'sec', 'men', 'med', 'sum', 'max', 'bet', 'hhh',
       'aei'],
      dtype='object')
#### MERGE 68 merge_data Dataframe shape: (297840, 11) #### time: 267
#### #### SPLIT TRAIN TEST #### ####
#### CLASSES: [0 1 2 3] TOTAL 4
#### SPLIT train_test_split and CUDA: ??? cuda:0 #### time: 34
#### MODELS - TOTAL 3 ####
#### EPOCHS 11 ####
#### TRAINING MODELS ####
#### TRAINING MODEL SEQ_CNN_LSTM ####
#### prediction torch.Size([192, 4])
Epoch [10/11] Step [33/1241] Loss: 0.3467 Time: 61.281
#### prediction torch.Size([192, 4])
Epoch [10/11] Step [66/1241] Loss: 0.2943 Time: 61.458
#### prediction torch.Size([192, 4])
Epoch [10/11] Step [99/1241] Loss: 0.2562 Time: 61.808
#### prediction torch.Size([192, 4])
Epoch [10/11] Step [132/1241] Loss: 0.2661 Time: 61.985
#### prediction torch.Size([192, 4])
Epoch [10/11] Step [165/1241] Loss: 0.3275 Time: 62.163
#### prediction torch.Size([192, 4])
Epoch [10/11] Step [198/1241] Loss: 0.2659 Time: 62.34
#### prediction torch.Size([192, 4])
Epoch [10/11] Step [231/1241] Loss: 0.3163 Time: 62.518
#### prediction torch.Size([192, 4])
Epoch [10/11] Step [264/1241] Loss: 0.3475 Time: 62.695
#### prediction torch.Size([192, 4])
Epoch [10/11] Step [297/1241] Loss: 0.2925 Time: 62.873
#### prediction torch.Size([192, 4])
Epoch [10/11] Step [330/1241] Loss: 0.2102 Time: 63.051
#### prediction torch.Size([192, 4])
Epoch [10/11] Step [363/1241] Loss: 0.3788 Time: 63.228
#### prediction torch.Size([192, 4])
Epoch [10/11] Step [396/1241] Loss: 0.3463 Time: 63.405
#### prediction torch.Size([192, 4])
Epoch [10/11] Step [429/1241] Loss: 0.2508 Time: 63.583
#### prediction torch.Size([192, 4])
Epoch [10/11] Step [462/1241] Loss: 0.2271 Time: 63.76
#### prediction torch.Size([192, 4])
Epoch [10/11] Step [495/1241] Loss: 0.2204 Time: 63.938
#### prediction torch.Size([192, 4])
Epoch [10/11] Step [528/1241] Loss: 0.2775 Time: 64.116
#### prediction torch.Size([192, 4])
Epoch [10/11] Step [561/1241] Loss: 0.2822 Time: 64.293
#### prediction torch.Size([192, 4])
Epoch [10/11] Step [594/1241] Loss: 0.2184 Time: 64.471
#### prediction torch.Size([192, 4])
Epoch [10/11] Step [627/1241] Loss: 0.2097 Time: 64.648
#### prediction torch.Size([192, 4])
Epoch [10/11] Step [660/1241] Loss: 0.2148 Time: 64.826
#### prediction torch.Size([192, 4])
Epoch [10/11] Step [693/1241] Loss: 0.2257 Time: 65.003
#### prediction torch.Size([192, 4])
Epoch [10/11] Step [726/1241] Loss: 0.2262 Time: 65.18
#### prediction torch.Size([192, 4])
Epoch [10/11] Step [759/1241] Loss: 0.2299 Time: 65.357
#### prediction torch.Size([192, 4])
Epoch [10/11] Step [792/1241] Loss: 0.2502 Time: 65.535
#### prediction torch.Size([192, 4])
Epoch [10/11] Step [825/1241] Loss: 0.2133 Time: 65.712
#### prediction torch.Size([192, 4])
Epoch [10/11] Step [858/1241] Loss: 0.2332 Time: 65.889
#### prediction torch.Size([192, 4])
Epoch [10/11] Step [891/1241] Loss: 0.2531 Time: 66.066
#### prediction torch.Size([192, 4])
Epoch [10/11] Step [924/1241] Loss: 0.2820 Time: 66.243
#### prediction torch.Size([192, 4])
Epoch [10/11] Step [957/1241] Loss: 0.2641 Time: 66.421
#### prediction torch.Size([192, 4])
Epoch [10/11] Step [990/1241] Loss: 0.2265 Time: 66.598
#### prediction torch.Size([192, 4])
Epoch [10/11] Step [1023/1241] Loss: 0.2392 Time: 66.775
#### prediction torch.Size([192, 4])
Epoch [10/11] Step [1056/1241] Loss: 0.2708 Time: 66.952
#### prediction torch.Size([192, 4])
Epoch [10/11] Step [1089/1241] Loss: 0.2559 Time: 67.129
#### prediction torch.Size([192, 4])
Epoch [10/11] Step [1122/1241] Loss: 0.2210 Time: 67.306
#### prediction torch.Size([192, 4])
Epoch [10/11] Step [1155/1241] Loss: 0.2565 Time: 67.484
#### prediction torch.Size([192, 4])
Epoch [10/11] Step [1188/1241] Loss: 0.2907 Time: 67.661
#### prediction torch.Size([192, 4])
Epoch [10/11] Step [1221/1241] Loss: 0.1582 Time: 67.838
#### TRAINED MODEL SEQ_CNN_LSTM model training time: 74.799 total training time: 78.5 ####
#### TRAINING MODEL SEQ_LSTM_CNN ####
#### prediction torch.Size([192, 4])
Epoch [10/11] Step [33/1241] Loss: 0.2634 Time: 69.405
#### prediction torch.Size([192, 4])
Epoch [10/11] Step [66/1241] Loss: 0.5033 Time: 69.607
#### prediction torch.Size([192, 4])
Epoch [10/11] Step [99/1241] Loss: 0.3563 Time: 69.807
#### prediction torch.Size([192, 4])
Epoch [10/11] Step [132/1241] Loss: 0.5567 Time: 70.008
#### prediction torch.Size([192, 4])
Epoch [10/11] Step [165/1241] Loss: 0.4598 Time: 70.208
#### prediction torch.Size([192, 4])
Epoch [10/11] Step [198/1241] Loss: 0.5022 Time: 70.409
#### prediction torch.Size([192, 4])
Epoch [10/11] Step [231/1241] Loss: 0.3838 Time: 70.609
#### prediction torch.Size([192, 4])
Epoch [10/11] Step [264/1241] Loss: 0.3984 Time: 70.81
#### prediction torch.Size([192, 4])
Epoch [10/11] Step [297/1241] Loss: 0.3829 Time: 71.011
#### prediction torch.Size([192, 4])
Epoch [10/11] Step [330/1241] Loss: 0.5281 Time: 71.211
#### prediction torch.Size([192, 4])
Epoch [10/11] Step [363/1241] Loss: 0.3713 Time: 71.412
#### prediction torch.Size([192, 4])
Epoch [10/11] Step [396/1241] Loss: 0.5292 Time: 71.612
#### prediction torch.Size([192, 4])
Epoch [10/11] Step [429/1241] Loss: 0.3780 Time: 71.813
#### prediction torch.Size([192, 4])
Epoch [10/11] Step [462/1241] Loss: 0.3665 Time: 72.013
#### prediction torch.Size([192, 4])
Epoch [10/11] Step [495/1241] Loss: 0.4058 Time: 72.214
#### prediction torch.Size([192, 4])
Epoch [10/11] Step [528/1241] Loss: 0.3978 Time: 72.414
#### prediction torch.Size([192, 4])
Epoch [10/11] Step [561/1241] Loss: 0.4216 Time: 72.615
#### prediction torch.Size([192, 4])
Epoch [10/11] Step [594/1241] Loss: 0.3352 Time: 72.815
#### prediction torch.Size([192, 4])
Epoch [10/11] Step [627/1241] Loss: 0.3275 Time: 73.016
#### prediction torch.Size([192, 4])
Epoch [10/11] Step [660/1241] Loss: 0.4102 Time: 73.217
#### prediction torch.Size([192, 4])
Epoch [10/11] Step [693/1241] Loss: 0.3496 Time: 73.417
#### prediction torch.Size([192, 4])
Epoch [10/11] Step [726/1241] Loss: 0.3813 Time: 73.617
#### prediction torch.Size([192, 4])
Epoch [10/11] Step [759/1241] Loss: 0.3330 Time: 73.817
#### prediction torch.Size([192, 4])
Epoch [10/11] Step [792/1241] Loss: 0.3854 Time: 74.018
#### prediction torch.Size([192, 4])
Epoch [10/11] Step [825/1241] Loss: 0.4710 Time: 74.218
#### prediction torch.Size([192, 4])
Epoch [10/11] Step [858/1241] Loss: 0.2975 Time: 74.422
#### prediction torch.Size([192, 4])
Epoch [10/11] Step [891/1241] Loss: 0.4291 Time: 74.638
#### prediction torch.Size([192, 4])
Epoch [10/11] Step [924/1241] Loss: 0.3941 Time: 74.839
#### prediction torch.Size([192, 4])
Epoch [10/11] Step [957/1241] Loss: 0.4160 Time: 75.039
#### prediction torch.Size([192, 4])
Epoch [10/11] Step [990/1241] Loss: 0.3763 Time: 75.24
#### prediction torch.Size([192, 4])
Epoch [10/11] Step [1023/1241] Loss: 0.4059 Time: 75.441
#### prediction torch.Size([192, 4])
Epoch [10/11] Step [1056/1241] Loss: 0.3492 Time: 75.641
#### prediction torch.Size([192, 4])
Epoch [10/11] Step [1089/1241] Loss: 0.3512 Time: 75.842
#### prediction torch.Size([192, 4])
Epoch [10/11] Step [1122/1241] Loss: 0.4294 Time: 76.042
#### prediction torch.Size([192, 4])
Epoch [10/11] Step [1155/1241] Loss: 0.4014 Time: 76.243
#### prediction torch.Size([192, 4])
Epoch [10/11] Step [1188/1241] Loss: 0.3561 Time: 76.444
#### prediction torch.Size([192, 4])
Epoch [10/11] Step [1221/1241] Loss: 0.3517 Time: 76.644
#### TRAINED MODEL SEQ_LSTM_CNN model training time: 84.503 total training time: 163.003 ####
#### TRAINING MODEL PARA_CNN_LSTM ####
#### prediction torch.Size([192, 4])
Epoch [10/11] Step [33/1241] Loss: 0.3187 Time: 70.198
#### prediction torch.Size([192, 4])
Epoch [10/11] Step [66/1241] Loss: 0.3788 Time: 70.404
#### prediction torch.Size([192, 4])
Epoch [10/11] Step [99/1241] Loss: 0.3125 Time: 70.614
#### prediction torch.Size([192, 4])
Epoch [10/11] Step [132/1241] Loss: 0.1791 Time: 70.82
#### prediction torch.Size([192, 4])
Epoch [10/11] Step [165/1241] Loss: 0.2475 Time: 71.023
#### prediction torch.Size([192, 4])
Epoch [10/11] Step [198/1241] Loss: 0.2066 Time: 71.227
#### prediction torch.Size([192, 4])
Epoch [10/11] Step [231/1241] Loss: 0.2190 Time: 71.432
#### prediction torch.Size([192, 4])
Epoch [10/11] Step [264/1241] Loss: 0.2821 Time: 71.635
#### prediction torch.Size([192, 4])
Epoch [10/11] Step [297/1241] Loss: 0.2249 Time: 71.839
#### prediction torch.Size([192, 4])
Epoch [10/11] Step [330/1241] Loss: 0.1991 Time: 72.043
#### prediction torch.Size([192, 4])
Epoch [10/11] Step [363/1241] Loss: 0.1981 Time: 72.246
#### prediction torch.Size([192, 4])
Epoch [10/11] Step [396/1241] Loss: 0.3683 Time: 72.45
#### prediction torch.Size([192, 4])
Epoch [10/11] Step [429/1241] Loss: 0.2241 Time: 72.654
#### prediction torch.Size([192, 4])
Epoch [10/11] Step [462/1241] Loss: 0.2126 Time: 72.857
#### prediction torch.Size([192, 4])
Epoch [10/11] Step [495/1241] Loss: 0.1921 Time: 73.061
#### prediction torch.Size([192, 4])
Epoch [10/11] Step [528/1241] Loss: 0.2232 Time: 73.265
#### prediction torch.Size([192, 4])
Epoch [10/11] Step [561/1241] Loss: 0.2981 Time: 73.469
#### prediction torch.Size([192, 4])
Epoch [10/11] Step [594/1241] Loss: 0.2547 Time: 73.672
#### prediction torch.Size([192, 4])
Epoch [10/11] Step [627/1241] Loss: 0.3096 Time: 73.876
#### prediction torch.Size([192, 4])
Epoch [10/11] Step [660/1241] Loss: 0.2332 Time: 74.079
#### prediction torch.Size([192, 4])
Epoch [10/11] Step [693/1241] Loss: 0.2774 Time: 74.283
#### prediction torch.Size([192, 4])
Epoch [10/11] Step [726/1241] Loss: 0.2768 Time: 74.486
#### prediction torch.Size([192, 4])
Epoch [10/11] Step [759/1241] Loss: 0.2015 Time: 74.698
#### prediction torch.Size([192, 4])
Epoch [10/11] Step [792/1241] Loss: 0.2476 Time: 74.902
#### prediction torch.Size([192, 4])
Epoch [10/11] Step [825/1241] Loss: 0.2437 Time: 75.107
#### prediction torch.Size([192, 4])
Epoch [10/11] Step [858/1241] Loss: 0.2748 Time: 75.31
#### prediction torch.Size([192, 4])
Epoch [10/11] Step [891/1241] Loss: 0.4018 Time: 75.514
#### prediction torch.Size([192, 4])
Epoch [10/11] Step [924/1241] Loss: 0.2689 Time: 75.718
#### prediction torch.Size([192, 4])
Epoch [10/11] Step [957/1241] Loss: 0.2941 Time: 75.921
#### prediction torch.Size([192, 4])
Epoch [10/11] Step [990/1241] Loss: 0.1941 Time: 76.125
#### prediction torch.Size([192, 4])
Epoch [10/11] Step [1023/1241] Loss: 0.1907 Time: 76.489
#### prediction torch.Size([192, 4])
Epoch [10/11] Step [1056/1241] Loss: 0.2571 Time: 76.693
#### prediction torch.Size([192, 4])
Epoch [10/11] Step [1089/1241] Loss: 0.2212 Time: 76.897
#### prediction torch.Size([192, 4])
Epoch [10/11] Step [1122/1241] Loss: 0.2083 Time: 77.101
#### prediction torch.Size([192, 4])
Epoch [10/11] Step [1155/1241] Loss: 0.2290 Time: 77.304
#### prediction torch.Size([192, 4])
Epoch [10/11] Step [1188/1241] Loss: 0.2673 Time: 77.507
#### prediction torch.Size([192, 4])
Epoch [10/11] Step [1221/1241] Loss: 0.3124 Time: 77.711
#### TRAINED MODEL PARA_CNN_LSTM model training time: 85.522 total training time: 248.525 ####
#### TRAINING TOTAL TIME: 244.825 ####
Accuracy of the SEQ_CNN_LSTM model on the test set: 90.582192 %
Accuracy of the SEQ_LSTM_CNN model on the test set: 86.783172 %
Accuracy of the PARA_CNN_LSTM model on the test set: 90.689632 %
#### TESTING TOTAL TIME: 3.649 ####
#### TIME #### TERMINO #### 10961.157 ####
#### FINITO #### TERMINO #### NO-VA-MAS ####
#### TIMES #### modelling TOTAL TOTAL ==>> 10961.157 seconds
#### #### READING DATA FILES #### ####
166 511 #### COMBI [reg, sid, ban, sec, men, med, sum, max, mmm, npp, hfq] METRICS ####
('Plantation', '/home/vargas/repos/forests-sounds-vargas/out/data/extraction/Plantation/2_00_PSA0010-2010_dict_y_split_7_2512283_1736694580.pkl')
(297840, 11) Index(['reg', 'sid', 'ban', 'sec', 'men', 'med', 'sum', 'max', 'mmm', 'npp',
       'hfq'],
      dtype='object') Index(['reg', 'sid', 'ban', 'sec', 'men', 'med', 'sum', 'max', 'mmm', 'npp',
       'hfq'],
      dtype='object')
#### MERGE 68 merge_data Dataframe shape: (297840, 11) #### time: 266
#### #### SPLIT TRAIN TEST #### ####
#### CLASSES: [0 1 2 3] TOTAL 4
#### SPLIT train_test_split and CUDA: ??? cuda:0 #### time: 35
#### MODELS - TOTAL 3 ####
#### EPOCHS 11 ####
#### TRAINING MODELS ####
#### TRAINING MODEL SEQ_CNN_LSTM ####
#### prediction torch.Size([192, 4])
Epoch [10/11] Step [33/1241] Loss: 0.2203 Time: 61.333
#### prediction torch.Size([192, 4])
Epoch [10/11] Step [66/1241] Loss: 0.1471 Time: 61.51
#### prediction torch.Size([192, 4])
Epoch [10/11] Step [99/1241] Loss: 0.2139 Time: 61.687
#### prediction torch.Size([192, 4])
Epoch [10/11] Step [132/1241] Loss: 0.2067 Time: 61.865
#### prediction torch.Size([192, 4])
Epoch [10/11] Step [165/1241] Loss: 0.1969 Time: 62.042
#### prediction torch.Size([192, 4])
Epoch [10/11] Step [198/1241] Loss: 0.3047 Time: 62.219
#### prediction torch.Size([192, 4])
Epoch [10/11] Step [231/1241] Loss: 0.2159 Time: 62.397
#### prediction torch.Size([192, 4])
Epoch [10/11] Step [264/1241] Loss: 0.3118 Time: 62.574
#### prediction torch.Size([192, 4])
Epoch [10/11] Step [297/1241] Loss: 0.2326 Time: 62.751
#### prediction torch.Size([192, 4])
Epoch [10/11] Step [330/1241] Loss: 0.1940 Time: 62.929
#### prediction torch.Size([192, 4])
Epoch [10/11] Step [363/1241] Loss: 0.1824 Time: 63.106
#### prediction torch.Size([192, 4])
Epoch [10/11] Step [396/1241] Loss: 0.1991 Time: 63.284
#### prediction torch.Size([192, 4])
Epoch [10/11] Step [429/1241] Loss: 0.2062 Time: 63.461
#### prediction torch.Size([192, 4])
Epoch [10/11] Step [462/1241] Loss: 0.1907 Time: 63.638
#### prediction torch.Size([192, 4])
Epoch [10/11] Step [495/1241] Loss: 0.2311 Time: 63.815
#### prediction torch.Size([192, 4])
Epoch [10/11] Step [528/1241] Loss: 0.1651 Time: 63.993
#### prediction torch.Size([192, 4])
Epoch [10/11] Step [561/1241] Loss: 0.2074 Time: 64.171
#### prediction torch.Size([192, 4])
Epoch [10/11] Step [594/1241] Loss: 0.1961 Time: 64.348
#### prediction torch.Size([192, 4])
Epoch [10/11] Step [627/1241] Loss: 0.1238 Time: 64.525
#### prediction torch.Size([192, 4])
Epoch [10/11] Step [660/1241] Loss: 0.2096 Time: 64.703
#### prediction torch.Size([192, 4])
Epoch [10/11] Step [693/1241] Loss: 0.1951 Time: 64.881
#### prediction torch.Size([192, 4])
Epoch [10/11] Step [726/1241] Loss: 0.1437 Time: 65.058
#### prediction torch.Size([192, 4])
Epoch [10/11] Step [759/1241] Loss: 0.2226 Time: 65.235
#### prediction torch.Size([192, 4])
Epoch [10/11] Step [792/1241] Loss: 0.1838 Time: 65.412
#### prediction torch.Size([192, 4])
Epoch [10/11] Step [825/1241] Loss: 0.1663 Time: 65.59
#### prediction torch.Size([192, 4])
Epoch [10/11] Step [858/1241] Loss: 0.2176 Time: 65.767
#### prediction torch.Size([192, 4])
Epoch [10/11] Step [891/1241] Loss: 0.2046 Time: 65.944
#### prediction torch.Size([192, 4])
Epoch [10/11] Step [924/1241] Loss: 0.1729 Time: 66.122
#### prediction torch.Size([192, 4])
Epoch [10/11] Step [957/1241] Loss: 0.1328 Time: 66.299
#### prediction torch.Size([192, 4])
Epoch [10/11] Step [990/1241] Loss: 0.2151 Time: 66.477
#### prediction torch.Size([192, 4])
Epoch [10/11] Step [1023/1241] Loss: 0.2113 Time: 66.654
#### prediction torch.Size([192, 4])
Epoch [10/11] Step [1056/1241] Loss: 0.1545 Time: 66.831
#### prediction torch.Size([192, 4])
Epoch [10/11] Step [1089/1241] Loss: 0.1860 Time: 67.009
#### prediction torch.Size([192, 4])
Epoch [10/11] Step [1122/1241] Loss: 0.1998 Time: 67.186
#### prediction torch.Size([192, 4])
Epoch [10/11] Step [1155/1241] Loss: 0.1789 Time: 67.363
#### prediction torch.Size([192, 4])
Epoch [10/11] Step [1188/1241] Loss: 0.1469 Time: 67.541
#### prediction torch.Size([192, 4])
Epoch [10/11] Step [1221/1241] Loss: 0.2560 Time: 67.718
#### TRAINED MODEL SEQ_CNN_LSTM model training time: 74.694 total training time: 78.193 ####
#### TRAINING MODEL SEQ_LSTM_CNN ####
#### prediction torch.Size([192, 4])
Epoch [10/11] Step [33/1241] Loss: 0.1807 Time: 69.219
#### prediction torch.Size([192, 4])
Epoch [10/11] Step [66/1241] Loss: 0.1824 Time: 69.42
#### prediction torch.Size([192, 4])
Epoch [10/11] Step [99/1241] Loss: 0.1777 Time: 69.621
#### prediction torch.Size([192, 4])
Epoch [10/11] Step [132/1241] Loss: 0.2284 Time: 69.822
#### prediction torch.Size([192, 4])
Epoch [10/11] Step [165/1241] Loss: 0.1650 Time: 70.022
#### prediction torch.Size([192, 4])
Epoch [10/11] Step [198/1241] Loss: 0.1223 Time: 70.223
#### prediction torch.Size([192, 4])
Epoch [10/11] Step [231/1241] Loss: 0.1906 Time: 70.424
#### prediction torch.Size([192, 4])
Epoch [10/11] Step [264/1241] Loss: 0.2135 Time: 70.625
#### prediction torch.Size([192, 4])
Epoch [10/11] Step [297/1241] Loss: 0.1987 Time: 70.825
#### prediction torch.Size([192, 4])
Epoch [10/11] Step [330/1241] Loss: 0.1800 Time: 71.026
#### prediction torch.Size([192, 4])
Epoch [10/11] Step [363/1241] Loss: 0.2007 Time: 71.227
#### prediction torch.Size([192, 4])
Epoch [10/11] Step [396/1241] Loss: 0.1498 Time: 71.427
#### prediction torch.Size([192, 4])
Epoch [10/11] Step [429/1241] Loss: 0.2059 Time: 71.628
#### prediction torch.Size([192, 4])
Epoch [10/11] Step [462/1241] Loss: 0.1336 Time: 71.828
#### prediction torch.Size([192, 4])
Epoch [10/11] Step [495/1241] Loss: 0.1691 Time: 72.028
#### prediction torch.Size([192, 4])
Epoch [10/11] Step [528/1241] Loss: 0.1443 Time: 72.229
#### prediction torch.Size([192, 4])
Epoch [10/11] Step [561/1241] Loss: 0.2081 Time: 72.43
#### prediction torch.Size([192, 4])
Epoch [10/11] Step [594/1241] Loss: 0.2013 Time: 72.63
#### prediction torch.Size([192, 4])
Epoch [10/11] Step [627/1241] Loss: 0.2049 Time: 72.831
#### prediction torch.Size([192, 4])
Epoch [10/11] Step [660/1241] Loss: 0.1921 Time: 73.191
#### prediction torch.Size([192, 4])
Epoch [10/11] Step [693/1241] Loss: 0.2120 Time: 73.392
#### prediction torch.Size([192, 4])
Epoch [10/11] Step [726/1241] Loss: 0.2321 Time: 73.594
#### prediction torch.Size([192, 4])
Epoch [10/11] Step [759/1241] Loss: 0.1773 Time: 73.795
#### prediction torch.Size([192, 4])
Epoch [10/11] Step [792/1241] Loss: 0.2107 Time: 73.996
#### prediction torch.Size([192, 4])
Epoch [10/11] Step [825/1241] Loss: 0.1968 Time: 74.198
#### prediction torch.Size([192, 4])
Epoch [10/11] Step [858/1241] Loss: 0.2028 Time: 74.398
#### prediction torch.Size([192, 4])
Epoch [10/11] Step [891/1241] Loss: 0.1793 Time: 74.599
#### prediction torch.Size([192, 4])
Epoch [10/11] Step [924/1241] Loss: 0.1830 Time: 74.8
#### prediction torch.Size([192, 4])
Epoch [10/11] Step [957/1241] Loss: 0.2508 Time: 75.001
#### prediction torch.Size([192, 4])
Epoch [10/11] Step [990/1241] Loss: 0.1590 Time: 75.201
#### prediction torch.Size([192, 4])
Epoch [10/11] Step [1023/1241] Loss: 0.1762 Time: 75.402
#### prediction torch.Size([192, 4])
Epoch [10/11] Step [1056/1241] Loss: 0.2222 Time: 75.603
#### prediction torch.Size([192, 4])
Epoch [10/11] Step [1089/1241] Loss: 0.1667 Time: 75.804
#### prediction torch.Size([192, 4])
Epoch [10/11] Step [1122/1241] Loss: 0.1894 Time: 76.004
#### prediction torch.Size([192, 4])
Epoch [10/11] Step [1155/1241] Loss: 0.1836 Time: 76.204
#### prediction torch.Size([192, 4])
Epoch [10/11] Step [1188/1241] Loss: 0.2306 Time: 76.405
#### prediction torch.Size([192, 4])
Epoch [10/11] Step [1221/1241] Loss: 0.2150 Time: 76.606
#### TRAINED MODEL SEQ_LSTM_CNN model training time: 84.305 total training time: 162.499 ####
#### TRAINING MODEL PARA_CNN_LSTM ####
#### prediction torch.Size([192, 4])
Epoch [10/11] Step [33/1241] Loss: 0.1707 Time: 70.536
#### prediction torch.Size([192, 4])
Epoch [10/11] Step [66/1241] Loss: 0.2332 Time: 70.74
#### prediction torch.Size([192, 4])
Epoch [10/11] Step [99/1241] Loss: 0.1959 Time: 70.945
#### prediction torch.Size([192, 4])
Epoch [10/11] Step [132/1241] Loss: 0.1550 Time: 71.149
#### prediction torch.Size([192, 4])
Epoch [10/11] Step [165/1241] Loss: 0.1588 Time: 71.353
#### prediction torch.Size([192, 4])
Epoch [10/11] Step [198/1241] Loss: 0.1821 Time: 71.557
#### prediction torch.Size([192, 4])
Epoch [10/11] Step [231/1241] Loss: 0.1218 Time: 71.762
#### prediction torch.Size([192, 4])
Epoch [10/11] Step [264/1241] Loss: 0.1579 Time: 71.966
#### prediction torch.Size([192, 4])
Epoch [10/11] Step [297/1241] Loss: 0.1650 Time: 72.17
#### prediction torch.Size([192, 4])
Epoch [10/11] Step [330/1241] Loss: 0.2308 Time: 72.374
#### prediction torch.Size([192, 4])
Epoch [10/11] Step [363/1241] Loss: 0.1794 Time: 72.577
#### prediction torch.Size([192, 4])
Epoch [10/11] Step [396/1241] Loss: 0.2127 Time: 72.781
#### prediction torch.Size([192, 4])
Epoch [10/11] Step [429/1241] Loss: 0.1836 Time: 72.985
#### prediction torch.Size([192, 4])
Epoch [10/11] Step [462/1241] Loss: 0.1766 Time: 73.197
#### prediction torch.Size([192, 4])
Epoch [10/11] Step [495/1241] Loss: 0.1298 Time: 73.401
#### prediction torch.Size([192, 4])
Epoch [10/11] Step [528/1241] Loss: 0.1771 Time: 73.605
#### prediction torch.Size([192, 4])
Epoch [10/11] Step [561/1241] Loss: 0.1849 Time: 73.809
#### prediction torch.Size([192, 4])
Epoch [10/11] Step [594/1241] Loss: 0.1712 Time: 74.013
#### prediction torch.Size([192, 4])
Epoch [10/11] Step [627/1241] Loss: 0.2599 Time: 74.217
#### prediction torch.Size([192, 4])
Epoch [10/11] Step [660/1241] Loss: 0.2080 Time: 74.422
#### prediction torch.Size([192, 4])
Epoch [10/11] Step [693/1241] Loss: 0.1616 Time: 74.626
#### prediction torch.Size([192, 4])
Epoch [10/11] Step [726/1241] Loss: 0.2055 Time: 74.831
#### prediction torch.Size([192, 4])
Epoch [10/11] Step [759/1241] Loss: 0.2213 Time: 75.035
#### prediction torch.Size([192, 4])
Epoch [10/11] Step [792/1241] Loss: 0.1906 Time: 75.239
#### prediction torch.Size([192, 4])
Epoch [10/11] Step [825/1241] Loss: 0.2187 Time: 75.443
#### prediction torch.Size([192, 4])
Epoch [10/11] Step [858/1241] Loss: 0.1471 Time: 75.647
#### prediction torch.Size([192, 4])
Epoch [10/11] Step [891/1241] Loss: 0.2609 Time: 75.851
#### prediction torch.Size([192, 4])
Epoch [10/11] Step [924/1241] Loss: 0.2035 Time: 76.055
#### prediction torch.Size([192, 4])
Epoch [10/11] Step [957/1241] Loss: 0.1886 Time: 76.258
#### prediction torch.Size([192, 4])
Epoch [10/11] Step [990/1241] Loss: 0.1564 Time: 76.462
#### prediction torch.Size([192, 4])
Epoch [10/11] Step [1023/1241] Loss: 0.2622 Time: 76.666
#### prediction torch.Size([192, 4])
Epoch [10/11] Step [1056/1241] Loss: 0.2062 Time: 76.87
#### prediction torch.Size([192, 4])
Epoch [10/11] Step [1089/1241] Loss: 0.1958 Time: 77.074
#### prediction torch.Size([192, 4])
Epoch [10/11] Step [1122/1241] Loss: 0.1396 Time: 77.278
#### prediction torch.Size([192, 4])
Epoch [10/11] Step [1155/1241] Loss: 0.2342 Time: 77.481
#### prediction torch.Size([192, 4])
Epoch [10/11] Step [1188/1241] Loss: 0.2165 Time: 77.685
#### prediction torch.Size([192, 4])
Epoch [10/11] Step [1221/1241] Loss: 0.1679 Time: 77.89
#### TRAINED MODEL PARA_CNN_LSTM model training time: 85.889 total training time: 248.388 ####
#### TRAINING TOTAL TIME: 244.889 ####
Accuracy of the SEQ_CNN_LSTM model on the test set: 90.995165 %
Accuracy of the SEQ_LSTM_CNN model on the test set: 91.638128 %
Accuracy of the PARA_CNN_LSTM model on the test set: 91.983951 %
#### TESTING TOTAL TIME: 3.506 ####
#### TIME #### TERMINO #### 11262.87 ####
#### FINITO #### TERMINO #### NO-VA-MAS ####
#### TIMES #### modelling TOTAL TOTAL ==>> 11262.871 seconds
#### #### READING DATA FILES #### ####
167 511 #### COMBI [reg, sid, ban, sec, men, med, sum, max, mmm, npp, htp] METRICS ####
('Plantation', '/home/vargas/repos/forests-sounds-vargas/out/data/extraction/Plantation/2_00_PSA0010-2010_dict_y_split_7_2512283_1736694580.pkl')
(297840, 11) Index(['reg', 'sid', 'ban', 'sec', 'men', 'med', 'sum', 'max', 'mmm', 'npp',
       'htp'],
      dtype='object') Index(['reg', 'sid', 'ban', 'sec', 'men', 'med', 'sum', 'max', 'mmm', 'npp',
       'htp'],
      dtype='object')
#### MERGE 68 merge_data Dataframe shape: (297840, 11) #### time: 265
#### #### SPLIT TRAIN TEST #### ####
#### CLASSES: [0 1 2 3] TOTAL 4
#### SPLIT train_test_split and CUDA: ??? cuda:0 #### time: 35
#### MODELS - TOTAL 3 ####
#### EPOCHS 11 ####
#### TRAINING MODELS ####
#### TRAINING MODEL SEQ_CNN_LSTM ####
#### prediction torch.Size([192, 4])
Epoch [10/11] Step [33/1241] Loss: 0.1742 Time: 61.418
#### prediction torch.Size([192, 4])
Epoch [10/11] Step [66/1241] Loss: 0.1982 Time: 61.596
#### prediction torch.Size([192, 4])
Epoch [10/11] Step [99/1241] Loss: 0.2422 Time: 61.774
#### prediction torch.Size([192, 4])
Epoch [10/11] Step [132/1241] Loss: 0.1736 Time: 61.952
#### prediction torch.Size([192, 4])
Epoch [10/11] Step [165/1241] Loss: 0.1699 Time: 62.13
#### prediction torch.Size([192, 4])
Epoch [10/11] Step [198/1241] Loss: 0.2583 Time: 62.307
#### prediction torch.Size([192, 4])
Epoch [10/11] Step [231/1241] Loss: 0.1596 Time: 62.485
#### prediction torch.Size([192, 4])
Epoch [10/11] Step [264/1241] Loss: 0.2959 Time: 62.663
#### prediction torch.Size([192, 4])
Epoch [10/11] Step [297/1241] Loss: 0.2039 Time: 62.842
#### prediction torch.Size([192, 4])
Epoch [10/11] Step [330/1241] Loss: 0.2524 Time: 63.193
#### prediction torch.Size([192, 4])
Epoch [10/11] Step [363/1241] Loss: 0.1602 Time: 63.372
#### prediction torch.Size([192, 4])
Epoch [10/11] Step [396/1241] Loss: 0.2608 Time: 63.55
#### prediction torch.Size([192, 4])
Epoch [10/11] Step [429/1241] Loss: 0.2425 Time: 63.728
#### prediction torch.Size([192, 4])
Epoch [10/11] Step [462/1241] Loss: 0.1742 Time: 63.906
#### prediction torch.Size([192, 4])
Epoch [10/11] Step [495/1241] Loss: 0.1665 Time: 64.084
#### prediction torch.Size([192, 4])
Epoch [10/11] Step [528/1241] Loss: 0.2404 Time: 64.262
#### prediction torch.Size([192, 4])
Epoch [10/11] Step [561/1241] Loss: 0.1777 Time: 64.441
#### prediction torch.Size([192, 4])
Epoch [10/11] Step [594/1241] Loss: 0.2354 Time: 64.619
#### prediction torch.Size([192, 4])
Epoch [10/11] Step [627/1241] Loss: 0.1687 Time: 64.797
#### prediction torch.Size([192, 4])
Epoch [10/11] Step [660/1241] Loss: 0.2104 Time: 64.975
#### prediction torch.Size([192, 4])
Epoch [10/11] Step [693/1241] Loss: 0.1677 Time: 65.153
#### prediction torch.Size([192, 4])
Epoch [10/11] Step [726/1241] Loss: 0.1723 Time: 65.331
#### prediction torch.Size([192, 4])
Epoch [10/11] Step [759/1241] Loss: 0.1978 Time: 65.509
#### prediction torch.Size([192, 4])
Epoch [10/11] Step [792/1241] Loss: 0.1484 Time: 65.686
#### prediction torch.Size([192, 4])
Epoch [10/11] Step [825/1241] Loss: 0.1861 Time: 65.864
#### prediction torch.Size([192, 4])
Epoch [10/11] Step [858/1241] Loss: 0.3227 Time: 66.042
#### prediction torch.Size([192, 4])
Epoch [10/11] Step [891/1241] Loss: 0.1710 Time: 66.22
#### prediction torch.Size([192, 4])
Epoch [10/11] Step [924/1241] Loss: 0.2372 Time: 66.398
#### prediction torch.Size([192, 4])
Epoch [10/11] Step [957/1241] Loss: 0.3012 Time: 66.576
#### prediction torch.Size([192, 4])
Epoch [10/11] Step [990/1241] Loss: 0.2119 Time: 66.757
#### prediction torch.Size([192, 4])
Epoch [10/11] Step [1023/1241] Loss: 0.2014 Time: 66.949
#### prediction torch.Size([192, 4])
Epoch [10/11] Step [1056/1241] Loss: 0.2402 Time: 67.128
#### prediction torch.Size([192, 4])
Epoch [10/11] Step [1089/1241] Loss: 0.1742 Time: 67.306
#### prediction torch.Size([192, 4])
Epoch [10/11] Step [1122/1241] Loss: 0.2074 Time: 67.484
#### prediction torch.Size([192, 4])
Epoch [10/11] Step [1155/1241] Loss: 0.1573 Time: 67.661
#### prediction torch.Size([192, 4])
Epoch [10/11] Step [1188/1241] Loss: 0.1755 Time: 67.839
#### prediction torch.Size([192, 4])
Epoch [10/11] Step [1221/1241] Loss: 0.2489 Time: 68.017
#### TRAINED MODEL SEQ_CNN_LSTM model training time: 75.012 total training time: 77.849 ####
#### TRAINING MODEL SEQ_LSTM_CNN ####
#### prediction torch.Size([192, 4])
Epoch [10/11] Step [33/1241] Loss: 0.2126 Time: 69.39
#### prediction torch.Size([192, 4])
Epoch [10/11] Step [66/1241] Loss: 0.2396 Time: 69.592
#### prediction torch.Size([192, 4])
Epoch [10/11] Step [99/1241] Loss: 0.2895 Time: 69.794
#### prediction torch.Size([192, 4])
Epoch [10/11] Step [132/1241] Loss: 0.1835 Time: 69.995
#### prediction torch.Size([192, 4])
Epoch [10/11] Step [165/1241] Loss: 0.1875 Time: 70.196
#### prediction torch.Size([192, 4])
Epoch [10/11] Step [198/1241] Loss: 0.2036 Time: 70.398
#### prediction torch.Size([192, 4])
Epoch [10/11] Step [231/1241] Loss: 0.2176 Time: 70.6
#### prediction torch.Size([192, 4])
Epoch [10/11] Step [264/1241] Loss: 0.1656 Time: 70.801
#### prediction torch.Size([192, 4])
Epoch [10/11] Step [297/1241] Loss: 0.1602 Time: 71.002
#### prediction torch.Size([192, 4])
Epoch [10/11] Step [330/1241] Loss: 0.2299 Time: 71.204
#### prediction torch.Size([192, 4])
Epoch [10/11] Step [363/1241] Loss: 0.1579 Time: 71.405
#### prediction torch.Size([192, 4])
Epoch [10/11] Step [396/1241] Loss: 0.2362 Time: 71.607
#### prediction torch.Size([192, 4])
Epoch [10/11] Step [429/1241] Loss: 0.2238 Time: 71.808
#### prediction torch.Size([192, 4])
Epoch [10/11] Step [462/1241] Loss: 0.2208 Time: 72.01
#### prediction torch.Size([192, 4])
Epoch [10/11] Step [495/1241] Loss: 0.1679 Time: 72.211
#### prediction torch.Size([192, 4])
Epoch [10/11] Step [528/1241] Loss: 0.2091 Time: 72.412
#### prediction torch.Size([192, 4])
Epoch [10/11] Step [561/1241] Loss: 0.2137 Time: 72.614
#### prediction torch.Size([192, 4])
Epoch [10/11] Step [594/1241] Loss: 0.1808 Time: 72.815
#### prediction torch.Size([192, 4])
Epoch [10/11] Step [627/1241] Loss: 0.1624 Time: 73.017
#### prediction torch.Size([192, 4])
Epoch [10/11] Step [660/1241] Loss: 0.1862 Time: 73.219
#### prediction torch.Size([192, 4])
Epoch [10/11] Step [693/1241] Loss: 0.1637 Time: 73.421
#### prediction torch.Size([192, 4])
Epoch [10/11] Step [726/1241] Loss: 0.1906 Time: 73.623
#### prediction torch.Size([192, 4])
Epoch [10/11] Step [759/1241] Loss: 0.4118 Time: 73.825
#### prediction torch.Size([192, 4])
Epoch [10/11] Step [792/1241] Loss: 0.1643 Time: 74.027
#### prediction torch.Size([192, 4])
Epoch [10/11] Step [825/1241] Loss: 0.2259 Time: 74.228
#### prediction torch.Size([192, 4])
Epoch [10/11] Step [858/1241] Loss: 0.2319 Time: 74.43
#### prediction torch.Size([192, 4])
Epoch [10/11] Step [891/1241] Loss: 0.2075 Time: 74.631
#### prediction torch.Size([192, 4])
Epoch [10/11] Step [924/1241] Loss: 0.1573 Time: 74.833
#### prediction torch.Size([192, 4])
Epoch [10/11] Step [957/1241] Loss: 0.1663 Time: 75.034
#### prediction torch.Size([192, 4])
Epoch [10/11] Step [990/1241] Loss: 0.1688 Time: 75.235
#### prediction torch.Size([192, 4])
Epoch [10/11] Step [1023/1241] Loss: 0.1979 Time: 75.437
#### prediction torch.Size([192, 4])
Epoch [10/11] Step [1056/1241] Loss: 0.1561 Time: 75.638
#### prediction torch.Size([192, 4])
Epoch [10/11] Step [1089/1241] Loss: 0.1851 Time: 75.84
#### prediction torch.Size([192, 4])
Epoch [10/11] Step [1122/1241] Loss: 0.1544 Time: 76.041
#### prediction torch.Size([192, 4])
Epoch [10/11] Step [1155/1241] Loss: 0.2093 Time: 76.242
#### prediction torch.Size([192, 4])
Epoch [10/11] Step [1188/1241] Loss: 0.1739 Time: 76.444
#### prediction torch.Size([192, 4])
Epoch [10/11] Step [1221/1241] Loss: 0.2482 Time: 76.645
#### TRAINED MODEL SEQ_LSTM_CNN model training time: 84.539 total training time: 162.387 ####
#### TRAINING MODEL PARA_CNN_LSTM ####
#### prediction torch.Size([192, 4])
Epoch [10/11] Step [33/1241] Loss: 0.1963 Time: 70.763
#### prediction torch.Size([192, 4])
Epoch [10/11] Step [66/1241] Loss: 0.2042 Time: 70.969
#### prediction torch.Size([192, 4])
Epoch [10/11] Step [99/1241] Loss: 0.1573 Time: 71.174
#### prediction torch.Size([192, 4])
Epoch [10/11] Step [132/1241] Loss: 0.1890 Time: 71.379
#### prediction torch.Size([192, 4])
Epoch [10/11] Step [165/1241] Loss: 0.1947 Time: 71.584
#### prediction torch.Size([192, 4])
Epoch [10/11] Step [198/1241] Loss: 0.1587 Time: 71.789
#### prediction torch.Size([192, 4])
Epoch [10/11] Step [231/1241] Loss: 0.2509 Time: 71.994
#### prediction torch.Size([192, 4])
Epoch [10/11] Step [264/1241] Loss: 0.2140 Time: 72.203
#### prediction torch.Size([192, 4])
Epoch [10/11] Step [297/1241] Loss: 0.1512 Time: 72.411
#### prediction torch.Size([192, 4])
Epoch [10/11] Step [330/1241] Loss: 0.1773 Time: 72.616
#### prediction torch.Size([192, 4])
Epoch [10/11] Step [363/1241] Loss: 0.1919 Time: 72.821
#### prediction torch.Size([192, 4])
Epoch [10/11] Step [396/1241] Loss: 0.2167 Time: 73.027
#### prediction torch.Size([192, 4])
Epoch [10/11] Step [429/1241] Loss: 0.1625 Time: 73.232
#### prediction torch.Size([192, 4])
Epoch [10/11] Step [462/1241] Loss: 0.2122 Time: 73.437
#### prediction torch.Size([192, 4])
Epoch [10/11] Step [495/1241] Loss: 0.2430 Time: 73.642
#### prediction torch.Size([192, 4])
Epoch [10/11] Step [528/1241] Loss: 0.2458 Time: 73.848
#### prediction torch.Size([192, 4])
Epoch [10/11] Step [561/1241] Loss: 0.1122 Time: 74.054
#### prediction torch.Size([192, 4])
Epoch [10/11] Step [594/1241] Loss: 0.1999 Time: 74.26
#### prediction torch.Size([192, 4])
Epoch [10/11] Step [627/1241] Loss: 0.1620 Time: 74.465
#### prediction torch.Size([192, 4])
Epoch [10/11] Step [660/1241] Loss: 0.2078 Time: 74.67
#### prediction torch.Size([192, 4])
Epoch [10/11] Step [693/1241] Loss: 0.1885 Time: 74.875
#### prediction torch.Size([192, 4])
Epoch [10/11] Step [726/1241] Loss: 0.1957 Time: 75.08
#### prediction torch.Size([192, 4])
Epoch [10/11] Step [759/1241] Loss: 0.1837 Time: 75.285
#### prediction torch.Size([192, 4])
Epoch [10/11] Step [792/1241] Loss: 0.1419 Time: 75.49
#### prediction torch.Size([192, 4])
Epoch [10/11] Step [825/1241] Loss: 0.2011 Time: 75.696
#### prediction torch.Size([192, 4])
Epoch [10/11] Step [858/1241] Loss: 0.1438 Time: 75.901
#### prediction torch.Size([192, 4])
Epoch [10/11] Step [891/1241] Loss: 0.2146 Time: 76.106
#### prediction torch.Size([192, 4])
Epoch [10/11] Step [924/1241] Loss: 0.1975 Time: 76.311
#### prediction torch.Size([192, 4])
Epoch [10/11] Step [957/1241] Loss: 0.1200 Time: 76.516
#### prediction torch.Size([192, 4])
Epoch [10/11] Step [990/1241] Loss: 0.0983 Time: 76.721
#### prediction torch.Size([192, 4])
Epoch [10/11] Step [1023/1241] Loss: 0.2075 Time: 76.926
#### prediction torch.Size([192, 4])
Epoch [10/11] Step [1056/1241] Loss: 0.1548 Time: 77.131
#### prediction torch.Size([192, 4])
Epoch [10/11] Step [1089/1241] Loss: 0.2050 Time: 77.336
#### prediction torch.Size([192, 4])
Epoch [10/11] Step [1122/1241] Loss: 0.1534 Time: 77.541
#### prediction torch.Size([192, 4])
Epoch [10/11] Step [1155/1241] Loss: 0.1785 Time: 77.746
#### prediction torch.Size([192, 4])
Epoch [10/11] Step [1188/1241] Loss: 0.2603 Time: 77.951
#### prediction torch.Size([192, 4])
Epoch [10/11] Step [1221/1241] Loss: 0.2117 Time: 78.156
#### TRAINED MODEL PARA_CNN_LSTM model training time: 86.189 total training time: 248.576 ####
#### TRAINING TOTAL TIME: 245.74 ####
Accuracy of the SEQ_CNN_LSTM model on the test set: 91.98563 %
Accuracy of the SEQ_LSTM_CNN model on the test set: 90.615767 %
Accuracy of the PARA_CNN_LSTM model on the test set: 91.95877 %
#### TESTING TOTAL TIME: 3.67 ####
#### TIME #### TERMINO #### 11564.244 ####
#### FINITO #### TERMINO #### NO-VA-MAS ####
#### TIMES #### modelling TOTAL TOTAL ==>> 11564.244 seconds
#### #### READING DATA FILES #### ####
168 511 #### COMBI [reg, sid, ban, sec, men, med, sum, max, mmm, npp, hhh] METRICS ####
('Plantation', '/home/vargas/repos/forests-sounds-vargas/out/data/extraction/Plantation/2_00_PSA0010-2010_dict_y_split_7_2512283_1736694580.pkl')
(297840, 11) Index(['reg', 'sid', 'ban', 'sec', 'men', 'med', 'sum', 'max', 'mmm', 'npp',
       'hhh'],
      dtype='object') Index(['reg', 'sid', 'ban', 'sec', 'men', 'med', 'sum', 'max', 'mmm', 'npp',
       'hhh'],
      dtype='object')
#### MERGE 68 merge_data Dataframe shape: (297840, 11) #### time: 266
#### #### SPLIT TRAIN TEST #### ####
#### CLASSES: [0 1 2 3] TOTAL 4
#### SPLIT train_test_split and CUDA: ??? cuda:0 #### time: 35
#### MODELS - TOTAL 3 ####
#### EPOCHS 11 ####
#### TRAINING MODELS ####
#### TRAINING MODEL SEQ_CNN_LSTM ####
#### prediction torch.Size([192, 4])
Epoch [10/11] Step [33/1241] Loss: 0.2232 Time: 61.093
#### prediction torch.Size([192, 4])
Epoch [10/11] Step [66/1241] Loss: 0.1788 Time: 61.269
#### prediction torch.Size([192, 4])
Epoch [10/11] Step [99/1241] Loss: 0.1653 Time: 61.446
#### prediction torch.Size([192, 4])
Epoch [10/11] Step [132/1241] Loss: 0.1442 Time: 61.622
#### prediction torch.Size([192, 4])
Epoch [10/11] Step [165/1241] Loss: 0.1753 Time: 61.799
#### prediction torch.Size([192, 4])
Epoch [10/11] Step [198/1241] Loss: 0.1800 Time: 61.975
#### prediction torch.Size([192, 4])
Epoch [10/11] Step [231/1241] Loss: 0.1812 Time: 62.152
#### prediction torch.Size([192, 4])
Epoch [10/11] Step [264/1241] Loss: 0.2005 Time: 62.328
#### prediction torch.Size([192, 4])
Epoch [10/11] Step [297/1241] Loss: 0.1448 Time: 62.505
#### prediction torch.Size([192, 4])
Epoch [10/11] Step [330/1241] Loss: 0.1769 Time: 62.683
#### prediction torch.Size([192, 4])
Epoch [10/11] Step [363/1241] Loss: 0.1750 Time: 62.86
#### prediction torch.Size([192, 4])
Epoch [10/11] Step [396/1241] Loss: 0.2015 Time: 63.037
#### prediction torch.Size([192, 4])
Epoch [10/11] Step [429/1241] Loss: 0.1277 Time: 63.214
#### prediction torch.Size([192, 4])
Epoch [10/11] Step [462/1241] Loss: 0.2106 Time: 63.39
#### prediction torch.Size([192, 4])
Epoch [10/11] Step [495/1241] Loss: 0.1745 Time: 63.567
#### prediction torch.Size([192, 4])
Epoch [10/11] Step [528/1241] Loss: 0.2153 Time: 63.744
#### prediction torch.Size([192, 4])
Epoch [10/11] Step [561/1241] Loss: 0.1997 Time: 63.92
#### prediction torch.Size([192, 4])
Epoch [10/11] Step [594/1241] Loss: 0.1868 Time: 64.097
#### prediction torch.Size([192, 4])
Epoch [10/11] Step [627/1241] Loss: 0.2450 Time: 64.274
#### prediction torch.Size([192, 4])
Epoch [10/11] Step [660/1241] Loss: 0.1839 Time: 64.45
#### prediction torch.Size([192, 4])
Epoch [10/11] Step [693/1241] Loss: 0.2100 Time: 64.627
#### prediction torch.Size([192, 4])
Epoch [10/11] Step [726/1241] Loss: 0.2525 Time: 64.803
#### prediction torch.Size([192, 4])
Epoch [10/11] Step [759/1241] Loss: 0.1834 Time: 64.98
#### prediction torch.Size([192, 4])
Epoch [10/11] Step [792/1241] Loss: 0.2627 Time: 65.156
#### prediction torch.Size([192, 4])
Epoch [10/11] Step [825/1241] Loss: 0.2056 Time: 65.333
#### prediction torch.Size([192, 4])
Epoch [10/11] Step [858/1241] Loss: 0.1769 Time: 65.509
#### prediction torch.Size([192, 4])
Epoch [10/11] Step [891/1241] Loss: 0.2183 Time: 65.685
#### prediction torch.Size([192, 4])
Epoch [10/11] Step [924/1241] Loss: 0.2111 Time: 65.862
#### prediction torch.Size([192, 4])
Epoch [10/11] Step [957/1241] Loss: 0.1668 Time: 66.039
#### prediction torch.Size([192, 4])
Epoch [10/11] Step [990/1241] Loss: 0.1501 Time: 66.215
#### prediction torch.Size([192, 4])
Epoch [10/11] Step [1023/1241] Loss: 0.1771 Time: 66.391
#### prediction torch.Size([192, 4])
Epoch [10/11] Step [1056/1241] Loss: 0.2252 Time: 66.568
#### prediction torch.Size([192, 4])
Epoch [10/11] Step [1089/1241] Loss: 0.2245 Time: 66.745
#### prediction torch.Size([192, 4])
Epoch [10/11] Step [1122/1241] Loss: 0.2579 Time: 66.922
#### prediction torch.Size([192, 4])
Epoch [10/11] Step [1155/1241] Loss: 0.2149 Time: 67.098
#### prediction torch.Size([192, 4])
Epoch [10/11] Step [1188/1241] Loss: 0.1948 Time: 67.274
#### prediction torch.Size([192, 4])
Epoch [10/11] Step [1221/1241] Loss: 0.2013 Time: 67.451
#### TRAINED MODEL SEQ_CNN_LSTM model training time: 74.392 total training time: 77.515 ####
#### TRAINING MODEL SEQ_LSTM_CNN ####
#### prediction torch.Size([192, 4])
Epoch [10/11] Step [33/1241] Loss: 0.1777 Time: 69.136
#### prediction torch.Size([192, 4])
Epoch [10/11] Step [66/1241] Loss: 0.2190 Time: 69.337
#### prediction torch.Size([192, 4])
Epoch [10/11] Step [99/1241] Loss: 0.1544 Time: 69.537
#### prediction torch.Size([192, 4])
Epoch [10/11] Step [132/1241] Loss: 0.2858 Time: 69.738
#### prediction torch.Size([192, 4])
Epoch [10/11] Step [165/1241] Loss: 0.1612 Time: 69.938
#### prediction torch.Size([192, 4])
Epoch [10/11] Step [198/1241] Loss: 0.1511 Time: 70.139
#### prediction torch.Size([192, 4])
Epoch [10/11] Step [231/1241] Loss: 0.1480 Time: 70.339
#### prediction torch.Size([192, 4])
Epoch [10/11] Step [264/1241] Loss: 0.1422 Time: 70.54
#### prediction torch.Size([192, 4])
Epoch [10/11] Step [297/1241] Loss: 0.1432 Time: 70.74
#### prediction torch.Size([192, 4])
Epoch [10/11] Step [330/1241] Loss: 0.2039 Time: 70.941
#### prediction torch.Size([192, 4])
Epoch [10/11] Step [363/1241] Loss: 0.1553 Time: 71.141
#### prediction torch.Size([192, 4])
Epoch [10/11] Step [396/1241] Loss: 0.1709 Time: 71.342
#### prediction torch.Size([192, 4])
Epoch [10/11] Step [429/1241] Loss: 0.1828 Time: 71.542
#### prediction torch.Size([192, 4])
Epoch [10/11] Step [462/1241] Loss: 0.1559 Time: 71.743
#### prediction torch.Size([192, 4])
Epoch [10/11] Step [495/1241] Loss: 0.2381 Time: 71.943
#### prediction torch.Size([192, 4])
Epoch [10/11] Step [528/1241] Loss: 0.1661 Time: 72.143
#### prediction torch.Size([192, 4])
Epoch [10/11] Step [561/1241] Loss: 0.1215 Time: 72.345
#### prediction torch.Size([192, 4])
Epoch [10/11] Step [594/1241] Loss: 0.1649 Time: 72.547
#### prediction torch.Size([192, 4])
Epoch [10/11] Step [627/1241] Loss: 0.2229 Time: 72.747
#### prediction torch.Size([192, 4])
Epoch [10/11] Step [660/1241] Loss: 0.1962 Time: 72.948
#### prediction torch.Size([192, 4])
Epoch [10/11] Step [693/1241] Loss: 0.1919 Time: 73.147
#### prediction torch.Size([192, 4])
Epoch [10/11] Step [726/1241] Loss: 0.2299 Time: 73.348
#### prediction torch.Size([192, 4])
Epoch [10/11] Step [759/1241] Loss: 0.1795 Time: 73.547
#### prediction torch.Size([192, 4])
Epoch [10/11] Step [792/1241] Loss: 0.1857 Time: 73.747
#### prediction torch.Size([192, 4])
Epoch [10/11] Step [825/1241] Loss: 0.1535 Time: 73.947
#### prediction torch.Size([192, 4])
Epoch [10/11] Step [858/1241] Loss: 0.2205 Time: 74.146
#### prediction torch.Size([192, 4])
Epoch [10/11] Step [891/1241] Loss: 0.2170 Time: 74.513
#### prediction torch.Size([192, 4])
Epoch [10/11] Step [924/1241] Loss: 0.1660 Time: 74.713
#### prediction torch.Size([192, 4])
Epoch [10/11] Step [957/1241] Loss: 0.1861 Time: 74.913
#### prediction torch.Size([192, 4])
Epoch [10/11] Step [990/1241] Loss: 0.2222 Time: 75.113
#### prediction torch.Size([192, 4])
Epoch [10/11] Step [1023/1241] Loss: 0.2150 Time: 75.313
#### prediction torch.Size([192, 4])
Epoch [10/11] Step [1056/1241] Loss: 0.1722 Time: 75.512
#### prediction torch.Size([192, 4])
Epoch [10/11] Step [1089/1241] Loss: 0.2035 Time: 75.712
#### prediction torch.Size([192, 4])
Epoch [10/11] Step [1122/1241] Loss: 0.1839 Time: 75.912
#### prediction torch.Size([192, 4])
Epoch [10/11] Step [1155/1241] Loss: 0.2051 Time: 76.111
#### prediction torch.Size([192, 4])
Epoch [10/11] Step [1188/1241] Loss: 0.1750 Time: 76.311
#### prediction torch.Size([192, 4])
Epoch [10/11] Step [1221/1241] Loss: 0.1553 Time: 76.511
#### TRAINED MODEL SEQ_LSTM_CNN model training time: 84.173 total training time: 161.688 ####
#### TRAINING MODEL PARA_CNN_LSTM ####
#### prediction torch.Size([192, 4])
Epoch [10/11] Step [33/1241] Loss: 0.2799 Time: 70.063
#### prediction torch.Size([192, 4])
Epoch [10/11] Step [66/1241] Loss: 0.1390 Time: 70.267
#### prediction torch.Size([192, 4])
Epoch [10/11] Step [99/1241] Loss: 0.1907 Time: 70.471
#### prediction torch.Size([192, 4])
Epoch [10/11] Step [132/1241] Loss: 0.2211 Time: 70.674
#### prediction torch.Size([192, 4])
Epoch [10/11] Step [165/1241] Loss: 0.2214 Time: 70.877
#### prediction torch.Size([192, 4])
Epoch [10/11] Step [198/1241] Loss: 0.1549 Time: 71.08
#### prediction torch.Size([192, 4])
Epoch [10/11] Step [231/1241] Loss: 0.2009 Time: 71.283
#### prediction torch.Size([192, 4])
Epoch [10/11] Step [264/1241] Loss: 0.1376 Time: 71.651
#### prediction torch.Size([192, 4])
Epoch [10/11] Step [297/1241] Loss: 0.1745 Time: 71.861
#### prediction torch.Size([192, 4])
Epoch [10/11] Step [330/1241] Loss: 0.1453 Time: 72.066
#### prediction torch.Size([192, 4])
Epoch [10/11] Step [363/1241] Loss: 0.1411 Time: 72.269
#### prediction torch.Size([192, 4])
Epoch [10/11] Step [396/1241] Loss: 0.2195 Time: 72.473
#### prediction torch.Size([192, 4])
Epoch [10/11] Step [429/1241] Loss: 0.1366 Time: 72.677
#### prediction torch.Size([192, 4])
Epoch [10/11] Step [462/1241] Loss: 0.1917 Time: 72.88
#### prediction torch.Size([192, 4])
Epoch [10/11] Step [495/1241] Loss: 0.1517 Time: 73.084
#### prediction torch.Size([192, 4])
Epoch [10/11] Step [528/1241] Loss: 0.1348 Time: 73.287
#### prediction torch.Size([192, 4])
Epoch [10/11] Step [561/1241] Loss: 0.1444 Time: 73.492
#### prediction torch.Size([192, 4])
Epoch [10/11] Step [594/1241] Loss: 0.1665 Time: 73.696
#### prediction torch.Size([192, 4])
Epoch [10/11] Step [627/1241] Loss: 0.1813 Time: 73.899
#### prediction torch.Size([192, 4])
Epoch [10/11] Step [660/1241] Loss: 0.1454 Time: 74.102
#### prediction torch.Size([192, 4])
Epoch [10/11] Step [693/1241] Loss: 0.1926 Time: 74.309
#### prediction torch.Size([192, 4])
Epoch [10/11] Step [726/1241] Loss: 0.1889 Time: 74.529
#### prediction torch.Size([192, 4])
Epoch [10/11] Step [759/1241] Loss: 0.2888 Time: 74.732
#### prediction torch.Size([192, 4])
Epoch [10/11] Step [792/1241] Loss: 0.1826 Time: 74.936
#### prediction torch.Size([192, 4])
Epoch [10/11] Step [825/1241] Loss: 0.2781 Time: 75.139
#### prediction torch.Size([192, 4])
Epoch [10/11] Step [858/1241] Loss: 0.1891 Time: 75.343
#### prediction torch.Size([192, 4])
Epoch [10/11] Step [891/1241] Loss: 0.1696 Time: 75.547
#### prediction torch.Size([192, 4])
Epoch [10/11] Step [924/1241] Loss: 0.1653 Time: 75.75
#### prediction torch.Size([192, 4])
Epoch [10/11] Step [957/1241] Loss: 0.1802 Time: 75.954
#### prediction torch.Size([192, 4])
Epoch [10/11] Step [990/1241] Loss: 0.1962 Time: 76.157
#### prediction torch.Size([192, 4])
Epoch [10/11] Step [1023/1241] Loss: 0.2327 Time: 76.361
#### prediction torch.Size([192, 4])
Epoch [10/11] Step [1056/1241] Loss: 0.1429 Time: 76.565
#### prediction torch.Size([192, 4])
Epoch [10/11] Step [1089/1241] Loss: 0.1856 Time: 76.768
#### prediction torch.Size([192, 4])
Epoch [10/11] Step [1122/1241] Loss: 0.1638 Time: 76.971
#### prediction torch.Size([192, 4])
Epoch [10/11] Step [1155/1241] Loss: 0.1610 Time: 77.175
#### prediction torch.Size([192, 4])
Epoch [10/11] Step [1188/1241] Loss: 0.1636 Time: 77.378
#### prediction torch.Size([192, 4])
Epoch [10/11] Step [1221/1241] Loss: 0.1812 Time: 77.582
#### TRAINED MODEL PARA_CNN_LSTM model training time: 85.553 total training time: 247.241 ####
#### TRAINING TOTAL TIME: 244.118 ####
Accuracy of the SEQ_CNN_LSTM model on the test set: 90.985093 %
Accuracy of the SEQ_LSTM_CNN model on the test set: 90.610731 %
Accuracy of the PARA_CNN_LSTM model on the test set: 91.874832 %
#### TESTING TOTAL TIME: 3.479 ####
#### TIME #### TERMINO #### 11863.937 ####
#### FINITO #### TERMINO #### NO-VA-MAS ####
#### TIMES #### modelling TOTAL TOTAL ==>> 11863.937 seconds
#### #### READING DATA FILES #### ####
169 511 #### COMBI [reg, sid, ban, sec, men, med, sum, max, mmm, npp, aei] METRICS ####
('Plantation', '/home/vargas/repos/forests-sounds-vargas/out/data/extraction/Plantation/2_00_PSA0010-2010_dict_y_split_7_2512283_1736694580.pkl')
(297840, 11) Index(['reg', 'sid', 'ban', 'sec', 'men', 'med', 'sum', 'max', 'mmm', 'npp',
       'aei'],
      dtype='object') Index(['reg', 'sid', 'ban', 'sec', 'men', 'med', 'sum', 'max', 'mmm', 'npp',
       'aei'],
      dtype='object')
#### MERGE 68 merge_data Dataframe shape: (297840, 11) #### time: 262
#### #### SPLIT TRAIN TEST #### ####
#### CLASSES: [0 1 2 3] TOTAL 4
#### SPLIT train_test_split and CUDA: ??? cuda:0 #### time: 35
#### MODELS - TOTAL 3 ####
#### EPOCHS 11 ####
#### TRAINING MODELS ####
#### TRAINING MODEL SEQ_CNN_LSTM ####
#### prediction torch.Size([192, 4])
Epoch [10/11] Step [33/1241] Loss: 0.2337 Time: 60.893
#### prediction torch.Size([192, 4])
Epoch [10/11] Step [66/1241] Loss: 0.1784 Time: 61.069
#### prediction torch.Size([192, 4])
Epoch [10/11] Step [99/1241] Loss: 0.2005 Time: 61.245
#### prediction torch.Size([192, 4])
Epoch [10/11] Step [132/1241] Loss: 0.1719 Time: 61.421
#### prediction torch.Size([192, 4])
Epoch [10/11] Step [165/1241] Loss: 0.1517 Time: 61.597
#### prediction torch.Size([192, 4])
Epoch [10/11] Step [198/1241] Loss: 0.1929 Time: 61.773
#### prediction torch.Size([192, 4])
Epoch [10/11] Step [231/1241] Loss: 0.1747 Time: 61.949
#### prediction torch.Size([192, 4])
Epoch [10/11] Step [264/1241] Loss: 0.2326 Time: 62.125
#### prediction torch.Size([192, 4])
Epoch [10/11] Step [297/1241] Loss: 0.2053 Time: 62.301
#### prediction torch.Size([192, 4])
Epoch [10/11] Step [330/1241] Loss: 0.1947 Time: 62.477
#### prediction torch.Size([192, 4])
Epoch [10/11] Step [363/1241] Loss: 0.1432 Time: 62.653
#### prediction torch.Size([192, 4])
Epoch [10/11] Step [396/1241] Loss: 0.2739 Time: 62.829
#### prediction torch.Size([192, 4])
Epoch [10/11] Step [429/1241] Loss: 0.2448 Time: 63.005
#### prediction torch.Size([192, 4])
Epoch [10/11] Step [462/1241] Loss: 0.2270 Time: 63.181
#### prediction torch.Size([192, 4])
Epoch [10/11] Step [495/1241] Loss: 0.1656 Time: 63.357
#### prediction torch.Size([192, 4])
Epoch [10/11] Step [528/1241] Loss: 0.1915 Time: 63.692
#### prediction torch.Size([192, 4])
Epoch [10/11] Step [561/1241] Loss: 0.1628 Time: 63.869
#### prediction torch.Size([192, 4])
Epoch [10/11] Step [594/1241] Loss: 0.2240 Time: 64.045
#### prediction torch.Size([192, 4])
Epoch [10/11] Step [627/1241] Loss: 0.1592 Time: 64.221
#### prediction torch.Size([192, 4])
Epoch [10/11] Step [660/1241] Loss: 0.2273 Time: 64.397
#### prediction torch.Size([192, 4])
Epoch [10/11] Step [693/1241] Loss: 0.2289 Time: 64.574
#### prediction torch.Size([192, 4])
Epoch [10/11] Step [726/1241] Loss: 0.2099 Time: 64.751
#### prediction torch.Size([192, 4])
Epoch [10/11] Step [759/1241] Loss: 0.1647 Time: 64.927
#### prediction torch.Size([192, 4])
Epoch [10/11] Step [792/1241] Loss: 0.2706 Time: 65.103
#### prediction torch.Size([192, 4])
Epoch [10/11] Step [825/1241] Loss: 0.2092 Time: 65.28
#### prediction torch.Size([192, 4])
Epoch [10/11] Step [858/1241] Loss: 0.1859 Time: 65.456
#### prediction torch.Size([192, 4])
Epoch [10/11] Step [891/1241] Loss: 0.3004 Time: 65.632
#### prediction torch.Size([192, 4])
Epoch [10/11] Step [924/1241] Loss: 0.1442 Time: 65.808
#### prediction torch.Size([192, 4])
Epoch [10/11] Step [957/1241] Loss: 0.1357 Time: 65.984
#### prediction torch.Size([192, 4])
Epoch [10/11] Step [990/1241] Loss: 0.2504 Time: 66.16
#### prediction torch.Size([192, 4])
Epoch [10/11] Step [1023/1241] Loss: 0.2100 Time: 66.336
#### prediction torch.Size([192, 4])
Epoch [10/11] Step [1056/1241] Loss: 0.1948 Time: 66.512
#### prediction torch.Size([192, 4])
Epoch [10/11] Step [1089/1241] Loss: 0.2313 Time: 66.688
#### prediction torch.Size([192, 4])
Epoch [10/11] Step [1122/1241] Loss: 0.1348 Time: 66.864
#### prediction torch.Size([192, 4])
Epoch [10/11] Step [1155/1241] Loss: 0.1496 Time: 67.041
#### prediction torch.Size([192, 4])
Epoch [10/11] Step [1188/1241] Loss: 0.1486 Time: 67.217
#### prediction torch.Size([192, 4])
Epoch [10/11] Step [1221/1241] Loss: 0.2203 Time: 67.393
#### TRAINED MODEL SEQ_CNN_LSTM model training time: 74.103 total training time: 77.407 ####
#### TRAINING MODEL SEQ_LSTM_CNN ####
#### prediction torch.Size([192, 4])
Epoch [10/11] Step [33/1241] Loss: nan Time: 68.611
#### prediction torch.Size([192, 4])
Epoch [10/11] Step [66/1241] Loss: nan Time: 68.81
#### prediction torch.Size([192, 4])
Epoch [10/11] Step [99/1241] Loss: nan Time: 69.009
#### prediction torch.Size([192, 4])
Epoch [10/11] Step [132/1241] Loss: nan Time: 69.208
#### prediction torch.Size([192, 4])
Epoch [10/11] Step [165/1241] Loss: nan Time: 69.406
#### prediction torch.Size([192, 4])
Epoch [10/11] Step [198/1241] Loss: nan Time: 69.605
#### prediction torch.Size([192, 4])
Epoch [10/11] Step [231/1241] Loss: nan Time: 69.804
#### prediction torch.Size([192, 4])
Epoch [10/11] Step [264/1241] Loss: nan Time: 70.003
#### prediction torch.Size([192, 4])
Epoch [10/11] Step [297/1241] Loss: nan Time: 70.201
#### prediction torch.Size([192, 4])
Epoch [10/11] Step [330/1241] Loss: nan Time: 70.4
#### prediction torch.Size([192, 4])
Epoch [10/11] Step [363/1241] Loss: nan Time: 70.598
#### prediction torch.Size([192, 4])
Epoch [10/11] Step [396/1241] Loss: nan Time: 70.797
#### prediction torch.Size([192, 4])
Epoch [10/11] Step [429/1241] Loss: nan Time: 70.996
#### prediction torch.Size([192, 4])
Epoch [10/11] Step [462/1241] Loss: nan Time: 71.195
#### prediction torch.Size([192, 4])
Epoch [10/11] Step [495/1241] Loss: nan Time: 71.393
#### prediction torch.Size([192, 4])
Epoch [10/11] Step [528/1241] Loss: nan Time: 71.591
#### prediction torch.Size([192, 4])
Epoch [10/11] Step [561/1241] Loss: nan Time: 71.79
#### prediction torch.Size([192, 4])
Epoch [10/11] Step [594/1241] Loss: nan Time: 71.989
#### prediction torch.Size([192, 4])
Epoch [10/11] Step [627/1241] Loss: nan Time: 72.187
#### prediction torch.Size([192, 4])
Epoch [10/11] Step [660/1241] Loss: nan Time: 72.385
#### prediction torch.Size([192, 4])
Epoch [10/11] Step [693/1241] Loss: nan Time: 72.583
#### prediction torch.Size([192, 4])
Epoch [10/11] Step [726/1241] Loss: nan Time: 72.782
#### prediction torch.Size([192, 4])
Epoch [10/11] Step [759/1241] Loss: nan Time: 72.981
#### prediction torch.Size([192, 4])
Epoch [10/11] Step [792/1241] Loss: nan Time: 73.179
#### prediction torch.Size([192, 4])
Epoch [10/11] Step [825/1241] Loss: nan Time: 73.377
#### prediction torch.Size([192, 4])
Epoch [10/11] Step [858/1241] Loss: nan Time: 73.576
#### prediction torch.Size([192, 4])
Epoch [10/11] Step [891/1241] Loss: nan Time: 73.774
#### prediction torch.Size([192, 4])
Epoch [10/11] Step [924/1241] Loss: nan Time: 73.973
#### prediction torch.Size([192, 4])
Epoch [10/11] Step [957/1241] Loss: nan Time: 74.171
#### prediction torch.Size([192, 4])
Epoch [10/11] Step [990/1241] Loss: nan Time: 74.37
#### prediction torch.Size([192, 4])
Epoch [10/11] Step [1023/1241] Loss: nan Time: 74.568
#### prediction torch.Size([192, 4])
Epoch [10/11] Step [1056/1241] Loss: nan Time: 74.767
#### prediction torch.Size([192, 4])
Epoch [10/11] Step [1089/1241] Loss: nan Time: 74.966
#### prediction torch.Size([192, 4])
Epoch [10/11] Step [1122/1241] Loss: nan Time: 75.164
#### prediction torch.Size([192, 4])
Epoch [10/11] Step [1155/1241] Loss: nan Time: 75.363
#### prediction torch.Size([192, 4])
Epoch [10/11] Step [1188/1241] Loss: nan Time: 75.561
#### prediction torch.Size([192, 4])
Epoch [10/11] Step [1221/1241] Loss: nan Time: 75.76
#### TRAINED MODEL SEQ_LSTM_CNN model training time: 83.538 total training time: 160.945 ####
#### TRAINING MODEL PARA_CNN_LSTM ####
#### prediction torch.Size([192, 4])
Epoch [10/11] Step [33/1241] Loss: nan Time: 70.526
#### prediction torch.Size([192, 4])
Epoch [10/11] Step [66/1241] Loss: nan Time: 70.731
#### prediction torch.Size([192, 4])
Epoch [10/11] Step [99/1241] Loss: nan Time: 70.935
#### prediction torch.Size([192, 4])
Epoch [10/11] Step [132/1241] Loss: nan Time: 71.14
#### prediction torch.Size([192, 4])
Epoch [10/11] Step [165/1241] Loss: nan Time: 71.345
#### prediction torch.Size([192, 4])
Epoch [10/11] Step [198/1241] Loss: nan Time: 71.549
#### prediction torch.Size([192, 4])
Epoch [10/11] Step [231/1241] Loss: nan Time: 71.754
#### prediction torch.Size([192, 4])
Epoch [10/11] Step [264/1241] Loss: nan Time: 71.958
#### prediction torch.Size([192, 4])
Epoch [10/11] Step [297/1241] Loss: nan Time: 72.163
#### prediction torch.Size([192, 4])
Epoch [10/11] Step [330/1241] Loss: nan Time: 72.368
#### prediction torch.Size([192, 4])
Epoch [10/11] Step [363/1241] Loss: nan Time: 72.573
#### prediction torch.Size([192, 4])
Epoch [10/11] Step [396/1241] Loss: nan Time: 72.777
#### prediction torch.Size([192, 4])
Epoch [10/11] Step [429/1241] Loss: nan Time: 72.983
#### prediction torch.Size([192, 4])
Epoch [10/11] Step [462/1241] Loss: nan Time: 73.187
#### prediction torch.Size([192, 4])
Epoch [10/11] Step [495/1241] Loss: nan Time: 73.392
#### prediction torch.Size([192, 4])
Epoch [10/11] Step [528/1241] Loss: nan Time: 73.597
#### prediction torch.Size([192, 4])
Epoch [10/11] Step [561/1241] Loss: nan Time: 73.801
#### prediction torch.Size([192, 4])
Epoch [10/11] Step [594/1241] Loss: nan Time: 74.005
#### prediction torch.Size([192, 4])
Epoch [10/11] Step [627/1241] Loss: nan Time: 74.209
#### prediction torch.Size([192, 4])
Epoch [10/11] Step [660/1241] Loss: nan Time: 74.419
#### prediction torch.Size([192, 4])
Epoch [10/11] Step [693/1241] Loss: nan Time: 74.625
#### prediction torch.Size([192, 4])
Epoch [10/11] Step [726/1241] Loss: nan Time: 74.83
#### prediction torch.Size([192, 4])
Epoch [10/11] Step [759/1241] Loss: nan Time: 75.035
#### prediction torch.Size([192, 4])
Epoch [10/11] Step [792/1241] Loss: nan Time: 75.239
#### prediction torch.Size([192, 4])
Epoch [10/11] Step [825/1241] Loss: nan Time: 75.444
#### prediction torch.Size([192, 4])
Epoch [10/11] Step [858/1241] Loss: nan Time: 75.649
#### prediction torch.Size([192, 4])
Epoch [10/11] Step [891/1241] Loss: nan Time: 75.853
#### prediction torch.Size([192, 4])
Epoch [10/11] Step [924/1241] Loss: nan Time: 76.058
#### prediction torch.Size([192, 4])
Epoch [10/11] Step [957/1241] Loss: nan Time: 76.263
#### prediction torch.Size([192, 4])
Epoch [10/11] Step [990/1241] Loss: nan Time: 76.468
#### prediction torch.Size([192, 4])
Epoch [10/11] Step [1023/1241] Loss: nan Time: 76.672
#### prediction torch.Size([192, 4])
Epoch [10/11] Step [1056/1241] Loss: nan Time: 76.876
#### prediction torch.Size([192, 4])
Epoch [10/11] Step [1089/1241] Loss: nan Time: 77.081
#### prediction torch.Size([192, 4])
Epoch [10/11] Step [1122/1241] Loss: nan Time: 77.285
#### prediction torch.Size([192, 4])
Epoch [10/11] Step [1155/1241] Loss: nan Time: 77.489
#### prediction torch.Size([192, 4])
Epoch [10/11] Step [1188/1241] Loss: nan Time: 77.694
#### prediction torch.Size([192, 4])
Epoch [10/11] Step [1221/1241] Loss: nan Time: 77.898
#### TRAINED MODEL PARA_CNN_LSTM model training time: 85.911 total training time: 246.856 ####
#### TRAINING TOTAL TIME: 243.553 ####
Accuracy of the SEQ_CNN_LSTM model on the test set: 30.882353 %
Accuracy of the SEQ_LSTM_CNN model on the test set: 30.882353 %
Accuracy of the PARA_CNN_LSTM model on the test set: 30.882353 %
#### TESTING TOTAL TIME: 3.487 ####
#### TIME #### TERMINO #### 12161.646 ####
#### FINITO #### TERMINO #### NO-VA-MAS ####
#### TIMES #### modelling TOTAL TOTAL ==>> 12161.646 seconds
#### #### READING DATA FILES #### ####
170 511 #### COMBI [reg, sid, ban, sec, men, med, sum, max, mmm, hfq, htp] METRICS ####
('Plantation', '/home/vargas/repos/forests-sounds-vargas/out/data/extraction/Plantation/2_00_PSA0010-2010_dict_y_split_7_2512283_1736694580.pkl')
(297840, 11) Index(['reg', 'sid', 'ban', 'sec', 'men', 'med', 'sum', 'max', 'mmm', 'hfq',
       'htp'],
      dtype='object') Index(['reg', 'sid', 'ban', 'sec', 'men', 'med', 'sum', 'max', 'mmm', 'hfq',
       'htp'],
      dtype='object')
#### MERGE 68 merge_data Dataframe shape: (297840, 11) #### time: 266
#### #### SPLIT TRAIN TEST #### ####
#### CLASSES: [0 1 2 3] TOTAL 4
#### SPLIT train_test_split and CUDA: ??? cuda:0 #### time: 35
#### MODELS - TOTAL 3 ####
#### EPOCHS 11 ####
#### TRAINING MODELS ####
#### TRAINING MODEL SEQ_CNN_LSTM ####
#### prediction torch.Size([192, 4])
Epoch [10/11] Step [33/1241] Loss: 0.1715 Time: 60.905
#### prediction torch.Size([192, 4])
Epoch [10/11] Step [66/1241] Loss: 0.4286 Time: 61.082
#### prediction torch.Size([192, 4])
Epoch [10/11] Step [99/1241] Loss: 0.2262 Time: 61.258
#### prediction torch.Size([192, 4])
Epoch [10/11] Step [132/1241] Loss: 0.1960 Time: 61.435
#### prediction torch.Size([192, 4])
Epoch [10/11] Step [165/1241] Loss: 0.1599 Time: 61.611
#### prediction torch.Size([192, 4])
Epoch [10/11] Step [198/1241] Loss: 0.1281 Time: 61.788
#### prediction torch.Size([192, 4])
Epoch [10/11] Step [231/1241] Loss: 0.3721 Time: 61.965
#### prediction torch.Size([192, 4])
Epoch [10/11] Step [264/1241] Loss: 0.2089 Time: 62.141
#### prediction torch.Size([192, 4])
Epoch [10/11] Step [297/1241] Loss: 0.1844 Time: 62.318
#### prediction torch.Size([192, 4])
Epoch [10/11] Step [330/1241] Loss: 0.1603 Time: 62.495
#### prediction torch.Size([192, 4])
Epoch [10/11] Step [363/1241] Loss: 0.1797 Time: 62.673
#### prediction torch.Size([192, 4])
Epoch [10/11] Step [396/1241] Loss: 0.1436 Time: 62.849
#### prediction torch.Size([192, 4])
Epoch [10/11] Step [429/1241] Loss: 0.1677 Time: 63.025
#### prediction torch.Size([192, 4])
Epoch [10/11] Step [462/1241] Loss: 0.1950 Time: 63.202
#### prediction torch.Size([192, 4])
Epoch [10/11] Step [495/1241] Loss: 0.1664 Time: 63.379
#### prediction torch.Size([192, 4])
Epoch [10/11] Step [528/1241] Loss: 0.1577 Time: 63.555
#### prediction torch.Size([192, 4])
Epoch [10/11] Step [561/1241] Loss: 0.3383 Time: 63.732
#### prediction torch.Size([192, 4])
Epoch [10/11] Step [594/1241] Loss: 0.1308 Time: 63.908
#### prediction torch.Size([192, 4])
Epoch [10/11] Step [627/1241] Loss: 0.1520 Time: 64.085
#### prediction torch.Size([192, 4])
Epoch [10/11] Step [660/1241] Loss: 0.1188 Time: 64.261
#### prediction torch.Size([192, 4])
Epoch [10/11] Step [693/1241] Loss: 0.1776 Time: 64.437
#### prediction torch.Size([192, 4])
Epoch [10/11] Step [726/1241] Loss: 0.1460 Time: 64.614
#### prediction torch.Size([192, 4])
Epoch [10/11] Step [759/1241] Loss: 0.1905 Time: 64.79
#### prediction torch.Size([192, 4])
Epoch [10/11] Step [792/1241] Loss: 0.1944 Time: 64.967
#### prediction torch.Size([192, 4])
Epoch [10/11] Step [825/1241] Loss: 0.1572 Time: 65.144
#### prediction torch.Size([192, 4])
Epoch [10/11] Step [858/1241] Loss: 0.1718 Time: 65.32
#### prediction torch.Size([192, 4])
Epoch [10/11] Step [891/1241] Loss: 0.1006 Time: 65.496
#### prediction torch.Size([192, 4])
Epoch [10/11] Step [924/1241] Loss: 0.1598 Time: 65.673
#### prediction torch.Size([192, 4])
Epoch [10/11] Step [957/1241] Loss: 0.2311 Time: 65.85
#### prediction torch.Size([192, 4])
Epoch [10/11] Step [990/1241] Loss: 0.1663 Time: 66.026
#### prediction torch.Size([192, 4])
Epoch [10/11] Step [1023/1241] Loss: 0.1185 Time: 66.203
#### prediction torch.Size([192, 4])
Epoch [10/11] Step [1056/1241] Loss: 0.1651 Time: 66.38
#### prediction torch.Size([192, 4])
Epoch [10/11] Step [1089/1241] Loss: 0.1525 Time: 66.556
#### prediction torch.Size([192, 4])
Epoch [10/11] Step [1122/1241] Loss: 0.1320 Time: 66.733
#### prediction torch.Size([192, 4])
Epoch [10/11] Step [1155/1241] Loss: 0.1878 Time: 66.91
#### prediction torch.Size([192, 4])
Epoch [10/11] Step [1188/1241] Loss: 0.1487 Time: 67.086
#### prediction torch.Size([192, 4])
Epoch [10/11] Step [1221/1241] Loss: 0.1511 Time: 67.262
#### TRAINED MODEL SEQ_CNN_LSTM model training time: 74.202 total training time: 78.11 ####
#### TRAINING MODEL SEQ_LSTM_CNN ####
#### prediction torch.Size([192, 4])
Epoch [10/11] Step [33/1241] Loss: nan Time: 68.603
#### prediction torch.Size([192, 4])
Epoch [10/11] Step [66/1241] Loss: nan Time: 68.802
#### prediction torch.Size([192, 4])
Epoch [10/11] Step [99/1241] Loss: nan Time: 69.0
#### prediction torch.Size([192, 4])
Epoch [10/11] Step [132/1241] Loss: nan Time: 69.199
#### prediction torch.Size([192, 4])
Epoch [10/11] Step [165/1241] Loss: nan Time: 69.398
#### prediction torch.Size([192, 4])
Epoch [10/11] Step [198/1241] Loss: nan Time: 69.596
#### prediction torch.Size([192, 4])
Epoch [10/11] Step [231/1241] Loss: nan Time: 69.795
#### prediction torch.Size([192, 4])
Epoch [10/11] Step [264/1241] Loss: nan Time: 69.993
#### prediction torch.Size([192, 4])
Epoch [10/11] Step [297/1241] Loss: nan Time: 70.192
#### prediction torch.Size([192, 4])
Epoch [10/11] Step [330/1241] Loss: nan Time: 70.391
#### prediction torch.Size([192, 4])
Epoch [10/11] Step [363/1241] Loss: nan Time: 70.589
#### prediction torch.Size([192, 4])
Epoch [10/11] Step [396/1241] Loss: nan Time: 70.788
#### prediction torch.Size([192, 4])
Epoch [10/11] Step [429/1241] Loss: nan Time: 70.986
#### prediction torch.Size([192, 4])
Epoch [10/11] Step [462/1241] Loss: nan Time: 71.185
#### prediction torch.Size([192, 4])
Epoch [10/11] Step [495/1241] Loss: nan Time: 71.384
#### prediction torch.Size([192, 4])
Epoch [10/11] Step [528/1241] Loss: nan Time: 71.583
#### prediction torch.Size([192, 4])
Epoch [10/11] Step [561/1241] Loss: nan Time: 71.782
#### prediction torch.Size([192, 4])
Epoch [10/11] Step [594/1241] Loss: nan Time: 71.981
#### prediction torch.Size([192, 4])
Epoch [10/11] Step [627/1241] Loss: nan Time: 72.179
#### prediction torch.Size([192, 4])
Epoch [10/11] Step [660/1241] Loss: nan Time: 72.378
#### prediction torch.Size([192, 4])
Epoch [10/11] Step [693/1241] Loss: nan Time: 72.577
#### prediction torch.Size([192, 4])
Epoch [10/11] Step [726/1241] Loss: nan Time: 72.776
#### prediction torch.Size([192, 4])
Epoch [10/11] Step [759/1241] Loss: nan Time: 72.976
#### prediction torch.Size([192, 4])
Epoch [10/11] Step [792/1241] Loss: nan Time: 73.174
#### prediction torch.Size([192, 4])
Epoch [10/11] Step [825/1241] Loss: nan Time: 73.373
#### prediction torch.Size([192, 4])
Epoch [10/11] Step [858/1241] Loss: nan Time: 73.572
#### prediction torch.Size([192, 4])
Epoch [10/11] Step [891/1241] Loss: nan Time: 73.771
#### prediction torch.Size([192, 4])
Epoch [10/11] Step [924/1241] Loss: nan Time: 73.969
#### prediction torch.Size([192, 4])
Epoch [10/11] Step [957/1241] Loss: nan Time: 74.168
#### prediction torch.Size([192, 4])
Epoch [10/11] Step [990/1241] Loss: nan Time: 74.366
#### prediction torch.Size([192, 4])
Epoch [10/11] Step [1023/1241] Loss: nan Time: 74.565
#### prediction torch.Size([192, 4])
Epoch [10/11] Step [1056/1241] Loss: nan Time: 74.764
#### prediction torch.Size([192, 4])
Epoch [10/11] Step [1089/1241] Loss: nan Time: 74.962
#### prediction torch.Size([192, 4])
Epoch [10/11] Step [1122/1241] Loss: nan Time: 75.161
#### prediction torch.Size([192, 4])
Epoch [10/11] Step [1155/1241] Loss: nan Time: 75.359
#### prediction torch.Size([192, 4])
Epoch [10/11] Step [1188/1241] Loss: nan Time: 75.717
#### prediction torch.Size([192, 4])
Epoch [10/11] Step [1221/1241] Loss: nan Time: 75.916
#### TRAINED MODEL SEQ_LSTM_CNN model training time: 83.564 total training time: 161.674 ####
#### TRAINING MODEL PARA_CNN_LSTM ####
#### prediction torch.Size([192, 4])
Epoch [10/11] Step [33/1241] Loss: nan Time: 70.568
#### prediction torch.Size([192, 4])
Epoch [10/11] Step [66/1241] Loss: nan Time: 70.773
#### prediction torch.Size([192, 4])
Epoch [10/11] Step [99/1241] Loss: nan Time: 70.978
#### prediction torch.Size([192, 4])
Epoch [10/11] Step [132/1241] Loss: nan Time: 71.183
#### prediction torch.Size([192, 4])
Epoch [10/11] Step [165/1241] Loss: nan Time: 71.387
#### prediction torch.Size([192, 4])
Epoch [10/11] Step [198/1241] Loss: nan Time: 71.592
#### prediction torch.Size([192, 4])
Epoch [10/11] Step [231/1241] Loss: nan Time: 71.805
#### prediction torch.Size([192, 4])
Epoch [10/11] Step [264/1241] Loss: nan Time: 72.012
#### prediction torch.Size([192, 4])
Epoch [10/11] Step [297/1241] Loss: nan Time: 72.217
#### prediction torch.Size([192, 4])
Epoch [10/11] Step [330/1241] Loss: nan Time: 72.423
#### prediction torch.Size([192, 4])
Epoch [10/11] Step [363/1241] Loss: nan Time: 72.627
#### prediction torch.Size([192, 4])
Epoch [10/11] Step [396/1241] Loss: nan Time: 72.832
#### prediction torch.Size([192, 4])
Epoch [10/11] Step [429/1241] Loss: nan Time: 73.037
#### prediction torch.Size([192, 4])
Epoch [10/11] Step [462/1241] Loss: nan Time: 73.241
#### prediction torch.Size([192, 4])
Epoch [10/11] Step [495/1241] Loss: nan Time: 73.445
#### prediction torch.Size([192, 4])
Epoch [10/11] Step [528/1241] Loss: nan Time: 73.651
#### prediction torch.Size([192, 4])
Epoch [10/11] Step [561/1241] Loss: nan Time: 74.02
#### prediction torch.Size([192, 4])
Epoch [10/11] Step [594/1241] Loss: nan Time: 74.224
#### prediction torch.Size([192, 4])
Epoch [10/11] Step [627/1241] Loss: nan Time: 74.429
#### prediction torch.Size([192, 4])
Epoch [10/11] Step [660/1241] Loss: nan Time: 74.634
#### prediction torch.Size([192, 4])
Epoch [10/11] Step [693/1241] Loss: nan Time: 74.839
#### prediction torch.Size([192, 4])
Epoch [10/11] Step [726/1241] Loss: nan Time: 75.044
#### prediction torch.Size([192, 4])
Epoch [10/11] Step [759/1241] Loss: nan Time: 75.248
#### prediction torch.Size([192, 4])
Epoch [10/11] Step [792/1241] Loss: nan Time: 75.453
#### prediction torch.Size([192, 4])
Epoch [10/11] Step [825/1241] Loss: nan Time: 75.657
#### prediction torch.Size([192, 4])
Epoch [10/11] Step [858/1241] Loss: nan Time: 75.862
#### prediction torch.Size([192, 4])
Epoch [10/11] Step [891/1241] Loss: nan Time: 76.067
#### prediction torch.Size([192, 4])
Epoch [10/11] Step [924/1241] Loss: nan Time: 76.272
#### prediction torch.Size([192, 4])
Epoch [10/11] Step [957/1241] Loss: nan Time: 76.477
#### prediction torch.Size([192, 4])
Epoch [10/11] Step [990/1241] Loss: nan Time: 76.682
#### prediction torch.Size([192, 4])
Epoch [10/11] Step [1023/1241] Loss: nan Time: 76.886
#### prediction torch.Size([192, 4])
Epoch [10/11] Step [1056/1241] Loss: nan Time: 77.091
#### prediction torch.Size([192, 4])
Epoch [10/11] Step [1089/1241] Loss: nan Time: 77.295
#### prediction torch.Size([192, 4])
Epoch [10/11] Step [1122/1241] Loss: nan Time: 77.5
#### prediction torch.Size([192, 4])
Epoch [10/11] Step [1155/1241] Loss: nan Time: 77.704
#### prediction torch.Size([192, 4])
Epoch [10/11] Step [1188/1241] Loss: nan Time: 77.909
#### prediction torch.Size([192, 4])
Epoch [10/11] Step [1221/1241] Loss: nan Time: 78.114
#### TRAINED MODEL PARA_CNN_LSTM model training time: 85.969 total training time: 247.643 ####
#### TRAINING TOTAL TIME: 243.735 ####
Accuracy of the SEQ_CNN_LSTM model on the test set: 90.399208 %
Accuracy of the SEQ_LSTM_CNN model on the test set: 30.882353 %
Accuracy of the PARA_CNN_LSTM model on the test set: 30.882353 %
#### TESTING TOTAL TIME: 3.628 ####
#### TIME #### TERMINO #### 12464.384 ####
#### FINITO #### TERMINO #### NO-VA-MAS ####
#### TIMES #### modelling TOTAL TOTAL ==>> 12464.384 seconds
#### #### READING DATA FILES #### ####
171 511 #### COMBI [reg, sid, ban, sec, men, med, sum, max, mmm, hfq, hhh] METRICS ####
('Plantation', '/home/vargas/repos/forests-sounds-vargas/out/data/extraction/Plantation/2_00_PSA0010-2010_dict_y_split_7_2512283_1736694580.pkl')
(297840, 11) Index(['reg', 'sid', 'ban', 'sec', 'men', 'med', 'sum', 'max', 'mmm', 'hfq',
       'hhh'],
      dtype='object') Index(['reg', 'sid', 'ban', 'sec', 'men', 'med', 'sum', 'max', 'mmm', 'hfq',
       'hhh'],
      dtype='object')
#### MERGE 68 merge_data Dataframe shape: (297840, 11) #### time: 267
#### #### SPLIT TRAIN TEST #### ####
#### CLASSES: [0 1 2 3] TOTAL 4
#### SPLIT train_test_split and CUDA: ??? cuda:0 #### time: 34
#### MODELS - TOTAL 3 ####
#### EPOCHS 11 ####
#### TRAINING MODELS ####
#### TRAINING MODEL SEQ_CNN_LSTM ####
#### prediction torch.Size([192, 4])
Epoch [10/11] Step [33/1241] Loss: nan Time: 60.771
#### prediction torch.Size([192, 4])
Epoch [10/11] Step [66/1241] Loss: nan Time: 60.946
#### prediction torch.Size([192, 4])
Epoch [10/11] Step [99/1241] Loss: nan Time: 61.122
#### prediction torch.Size([192, 4])
Epoch [10/11] Step [132/1241] Loss: nan Time: 61.297
#### prediction torch.Size([192, 4])
Epoch [10/11] Step [165/1241] Loss: nan Time: 61.473
#### prediction torch.Size([192, 4])
Epoch [10/11] Step [198/1241] Loss: nan Time: 61.649
#### prediction torch.Size([192, 4])
Epoch [10/11] Step [231/1241] Loss: nan Time: 61.825
#### prediction torch.Size([192, 4])
Epoch [10/11] Step [264/1241] Loss: nan Time: 62.0
#### prediction torch.Size([192, 4])
Epoch [10/11] Step [297/1241] Loss: nan Time: 62.176
#### prediction torch.Size([192, 4])
Epoch [10/11] Step [330/1241] Loss: nan Time: 62.352
#### prediction torch.Size([192, 4])
Epoch [10/11] Step [363/1241] Loss: nan Time: 62.527
#### prediction torch.Size([192, 4])
Epoch [10/11] Step [396/1241] Loss: nan Time: 62.703
#### prediction torch.Size([192, 4])
Epoch [10/11] Step [429/1241] Loss: nan Time: 62.879
#### prediction torch.Size([192, 4])
Epoch [10/11] Step [462/1241] Loss: nan Time: 63.054
#### prediction torch.Size([192, 4])
Epoch [10/11] Step [495/1241] Loss: nan Time: 63.23
#### prediction torch.Size([192, 4])
Epoch [10/11] Step [528/1241] Loss: nan Time: 63.406
#### prediction torch.Size([192, 4])
Epoch [10/11] Step [561/1241] Loss: nan Time: 63.582
#### prediction torch.Size([192, 4])
Epoch [10/11] Step [594/1241] Loss: nan Time: 63.758
#### prediction torch.Size([192, 4])
Epoch [10/11] Step [627/1241] Loss: nan Time: 63.934
#### prediction torch.Size([192, 4])
Epoch [10/11] Step [660/1241] Loss: nan Time: 64.269
#### prediction torch.Size([192, 4])
Epoch [10/11] Step [693/1241] Loss: nan Time: 64.445
#### prediction torch.Size([192, 4])
Epoch [10/11] Step [726/1241] Loss: nan Time: 64.621
#### prediction torch.Size([192, 4])
Epoch [10/11] Step [759/1241] Loss: nan Time: 64.797
#### prediction torch.Size([192, 4])
Epoch [10/11] Step [792/1241] Loss: nan Time: 64.972
#### prediction torch.Size([192, 4])
Epoch [10/11] Step [825/1241] Loss: nan Time: 65.148
#### prediction torch.Size([192, 4])
Epoch [10/11] Step [858/1241] Loss: nan Time: 65.325
#### prediction torch.Size([192, 4])
Epoch [10/11] Step [891/1241] Loss: nan Time: 65.501
#### prediction torch.Size([192, 4])
Epoch [10/11] Step [924/1241] Loss: nan Time: 65.676
#### prediction torch.Size([192, 4])
Epoch [10/11] Step [957/1241] Loss: nan Time: 65.852
#### prediction torch.Size([192, 4])
Epoch [10/11] Step [990/1241] Loss: nan Time: 66.028
#### prediction torch.Size([192, 4])
Epoch [10/11] Step [1023/1241] Loss: nan Time: 66.204
#### prediction torch.Size([192, 4])
Epoch [10/11] Step [1056/1241] Loss: nan Time: 66.38
#### prediction torch.Size([192, 4])
Epoch [10/11] Step [1089/1241] Loss: nan Time: 66.556
#### prediction torch.Size([192, 4])
Epoch [10/11] Step [1122/1241] Loss: nan Time: 66.733
#### prediction torch.Size([192, 4])
Epoch [10/11] Step [1155/1241] Loss: nan Time: 66.908
#### prediction torch.Size([192, 4])
Epoch [10/11] Step [1188/1241] Loss: nan Time: 67.084
#### prediction torch.Size([192, 4])
Epoch [10/11] Step [1221/1241] Loss: nan Time: 67.26
#### TRAINED MODEL SEQ_CNN_LSTM model training time: 74.009 total training time: 77.733 ####
#### TRAINING MODEL SEQ_LSTM_CNN ####
#### prediction torch.Size([192, 4])
Epoch [10/11] Step [33/1241] Loss: nan Time: 68.886
#### prediction torch.Size([192, 4])
Epoch [10/11] Step [66/1241] Loss: nan Time: 69.085
#### prediction torch.Size([192, 4])
Epoch [10/11] Step [99/1241] Loss: nan Time: 69.285
#### prediction torch.Size([192, 4])
Epoch [10/11] Step [132/1241] Loss: nan Time: 69.484
#### prediction torch.Size([192, 4])
Epoch [10/11] Step [165/1241] Loss: nan Time: 69.684
#### prediction torch.Size([192, 4])
Epoch [10/11] Step [198/1241] Loss: nan Time: 69.884
#### prediction torch.Size([192, 4])
Epoch [10/11] Step [231/1241] Loss: nan Time: 70.083
#### prediction torch.Size([192, 4])
Epoch [10/11] Step [264/1241] Loss: nan Time: 70.282
#### prediction torch.Size([192, 4])
Epoch [10/11] Step [297/1241] Loss: nan Time: 70.482
#### prediction torch.Size([192, 4])
Epoch [10/11] Step [330/1241] Loss: nan Time: 70.681
#### prediction torch.Size([192, 4])
Epoch [10/11] Step [363/1241] Loss: nan Time: 70.881
#### prediction torch.Size([192, 4])
Epoch [10/11] Step [396/1241] Loss: nan Time: 71.08
#### prediction torch.Size([192, 4])
Epoch [10/11] Step [429/1241] Loss: nan Time: 71.28
#### prediction torch.Size([192, 4])
Epoch [10/11] Step [462/1241] Loss: nan Time: 71.479
#### prediction torch.Size([192, 4])
Epoch [10/11] Step [495/1241] Loss: nan Time: 71.679
#### prediction torch.Size([192, 4])
Epoch [10/11] Step [528/1241] Loss: nan Time: 71.878
#### prediction torch.Size([192, 4])
Epoch [10/11] Step [561/1241] Loss: nan Time: 72.077
#### prediction torch.Size([192, 4])
Epoch [10/11] Step [594/1241] Loss: nan Time: 72.276
#### prediction torch.Size([192, 4])
Epoch [10/11] Step [627/1241] Loss: nan Time: 72.475
#### prediction torch.Size([192, 4])
Epoch [10/11] Step [660/1241] Loss: nan Time: 72.675
#### prediction torch.Size([192, 4])
Epoch [10/11] Step [693/1241] Loss: nan Time: 72.874
#### prediction torch.Size([192, 4])
Epoch [10/11] Step [726/1241] Loss: nan Time: 73.073
#### prediction torch.Size([192, 4])
Epoch [10/11] Step [759/1241] Loss: nan Time: 73.273
#### prediction torch.Size([192, 4])
Epoch [10/11] Step [792/1241] Loss: nan Time: 73.472
#### prediction torch.Size([192, 4])
Epoch [10/11] Step [825/1241] Loss: nan Time: 73.671
#### prediction torch.Size([192, 4])
Epoch [10/11] Step [858/1241] Loss: nan Time: 73.871
#### prediction torch.Size([192, 4])
Epoch [10/11] Step [891/1241] Loss: nan Time: 74.07
#### prediction torch.Size([192, 4])
Epoch [10/11] Step [924/1241] Loss: nan Time: 74.269
#### prediction torch.Size([192, 4])
Epoch [10/11] Step [957/1241] Loss: nan Time: 74.468
#### prediction torch.Size([192, 4])
Epoch [10/11] Step [990/1241] Loss: nan Time: 74.667
#### prediction torch.Size([192, 4])
Epoch [10/11] Step [1023/1241] Loss: nan Time: 74.867
#### prediction torch.Size([192, 4])
Epoch [10/11] Step [1056/1241] Loss: nan Time: 75.066
#### prediction torch.Size([192, 4])
Epoch [10/11] Step [1089/1241] Loss: nan Time: 75.265
#### prediction torch.Size([192, 4])
Epoch [10/11] Step [1122/1241] Loss: nan Time: 75.464
#### prediction torch.Size([192, 4])
Epoch [10/11] Step [1155/1241] Loss: nan Time: 75.663
#### prediction torch.Size([192, 4])
Epoch [10/11] Step [1188/1241] Loss: nan Time: 75.862
#### prediction torch.Size([192, 4])
Epoch [10/11] Step [1221/1241] Loss: nan Time: 76.061
#### TRAINED MODEL SEQ_LSTM_CNN model training time: 83.872 total training time: 161.604 ####
#### TRAINING MODEL PARA_CNN_LSTM ####
#### prediction torch.Size([192, 4])
Epoch [10/11] Step [33/1241] Loss: nan Time: 70.514
#### prediction torch.Size([192, 4])
Epoch [10/11] Step [66/1241] Loss: nan Time: 70.719
#### prediction torch.Size([192, 4])
Epoch [10/11] Step [99/1241] Loss: nan Time: 70.924
#### prediction torch.Size([192, 4])
Epoch [10/11] Step [132/1241] Loss: nan Time: 71.129
#### prediction torch.Size([192, 4])
Epoch [10/11] Step [165/1241] Loss: nan Time: 71.334
#### prediction torch.Size([192, 4])
Epoch [10/11] Step [198/1241] Loss: nan Time: 71.538
#### prediction torch.Size([192, 4])
Epoch [10/11] Step [231/1241] Loss: nan Time: 71.743
#### prediction torch.Size([192, 4])
Epoch [10/11] Step [264/1241] Loss: nan Time: 71.947
#### prediction torch.Size([192, 4])
Epoch [10/11] Step [297/1241] Loss: nan Time: 72.152
#### prediction torch.Size([192, 4])
Epoch [10/11] Step [330/1241] Loss: nan Time: 72.356
#### prediction torch.Size([192, 4])
Epoch [10/11] Step [363/1241] Loss: nan Time: 72.561
#### prediction torch.Size([192, 4])
Epoch [10/11] Step [396/1241] Loss: nan Time: 72.766
#### prediction torch.Size([192, 4])
Epoch [10/11] Step [429/1241] Loss: nan Time: 72.97
#### prediction torch.Size([192, 4])
Epoch [10/11] Step [462/1241] Loss: nan Time: 73.174
#### prediction torch.Size([192, 4])
Epoch [10/11] Step [495/1241] Loss: nan Time: 73.379
#### prediction torch.Size([192, 4])
Epoch [10/11] Step [528/1241] Loss: nan Time: 73.583
#### prediction torch.Size([192, 4])
Epoch [10/11] Step [561/1241] Loss: nan Time: 73.788
#### prediction torch.Size([192, 4])
Epoch [10/11] Step [594/1241] Loss: nan Time: 73.993
#### prediction torch.Size([192, 4])
Epoch [10/11] Step [627/1241] Loss: nan Time: 74.198
#### prediction torch.Size([192, 4])
Epoch [10/11] Step [660/1241] Loss: nan Time: 74.403
#### prediction torch.Size([192, 4])
Epoch [10/11] Step [693/1241] Loss: nan Time: 74.608
#### prediction torch.Size([192, 4])
Epoch [10/11] Step [726/1241] Loss: nan Time: 74.812
#### prediction torch.Size([192, 4])
Epoch [10/11] Step [759/1241] Loss: nan Time: 75.017
#### prediction torch.Size([192, 4])
Epoch [10/11] Step [792/1241] Loss: nan Time: 75.221
#### prediction torch.Size([192, 4])
Epoch [10/11] Step [825/1241] Loss: nan Time: 75.426
#### prediction torch.Size([192, 4])
Epoch [10/11] Step [858/1241] Loss: nan Time: 75.63
#### prediction torch.Size([192, 4])
Epoch [10/11] Step [891/1241] Loss: nan Time: 75.835
#### prediction torch.Size([192, 4])
Epoch [10/11] Step [924/1241] Loss: nan Time: 76.039
#### prediction torch.Size([192, 4])
Epoch [10/11] Step [957/1241] Loss: nan Time: 76.244
#### prediction torch.Size([192, 4])
Epoch [10/11] Step [990/1241] Loss: nan Time: 76.449
#### prediction torch.Size([192, 4])
Epoch [10/11] Step [1023/1241] Loss: nan Time: 76.653
#### prediction torch.Size([192, 4])
Epoch [10/11] Step [1056/1241] Loss: nan Time: 76.858
#### prediction torch.Size([192, 4])
Epoch [10/11] Step [1089/1241] Loss: nan Time: 77.063
#### prediction torch.Size([192, 4])
Epoch [10/11] Step [1122/1241] Loss: nan Time: 77.268
#### prediction torch.Size([192, 4])
Epoch [10/11] Step [1155/1241] Loss: nan Time: 77.473
#### prediction torch.Size([192, 4])
Epoch [10/11] Step [1188/1241] Loss: nan Time: 77.677
#### prediction torch.Size([192, 4])
Epoch [10/11] Step [1221/1241] Loss: nan Time: 77.882
#### TRAINED MODEL PARA_CNN_LSTM model training time: 85.898 total training time: 247.503 ####
#### TRAINING TOTAL TIME: 243.779 ####
Accuracy of the SEQ_CNN_LSTM model on the test set: 30.882353 %
Accuracy of the SEQ_LSTM_CNN model on the test set: 30.882353 %
Accuracy of the PARA_CNN_LSTM model on the test set: 30.882353 %
#### TESTING TOTAL TIME: 3.49 ####
#### TIME #### TERMINO #### 12766.631 ####
#### FINITO #### TERMINO #### NO-VA-MAS ####
#### TIMES #### modelling TOTAL TOTAL ==>> 12766.631 seconds
#### #### READING DATA FILES #### ####
172 511 #### COMBI [reg, sid, ban, sec, men, med, sum, max, mmm, hfq, aei] METRICS ####
('Plantation', '/home/vargas/repos/forests-sounds-vargas/out/data/extraction/Plantation/2_00_PSA0010-2010_dict_y_split_7_2512283_1736694580.pkl')
(297840, 11) Index(['reg', 'sid', 'ban', 'sec', 'men', 'med', 'sum', 'max', 'mmm', 'hfq',
       'aei'],
      dtype='object') Index(['reg', 'sid', 'ban', 'sec', 'men', 'med', 'sum', 'max', 'mmm', 'hfq',
       'aei'],
      dtype='object')
#### MERGE 68 merge_data Dataframe shape: (297840, 11) #### time: 265
#### #### SPLIT TRAIN TEST #### ####
#### CLASSES: [0 1 2 3] TOTAL 4
#### SPLIT train_test_split and CUDA: ??? cuda:0 #### time: 35
#### MODELS - TOTAL 3 ####
#### EPOCHS 11 ####
#### TRAINING MODELS ####
#### TRAINING MODEL SEQ_CNN_LSTM ####
#### prediction torch.Size([192, 4])
Epoch [10/11] Step [33/1241] Loss: 0.6219 Time: 60.93
#### prediction torch.Size([192, 4])
Epoch [10/11] Step [66/1241] Loss: 0.2564 Time: 61.106
#### prediction torch.Size([192, 4])
Epoch [10/11] Step [99/1241] Loss: 0.3196 Time: 61.282
#### prediction torch.Size([192, 4])
Epoch [10/11] Step [132/1241] Loss: 0.1961 Time: 61.459
#### prediction torch.Size([192, 4])
Epoch [10/11] Step [165/1241] Loss: 0.2521 Time: 61.635
#### prediction torch.Size([192, 4])
Epoch [10/11] Step [198/1241] Loss: 0.2675 Time: 61.811
#### prediction torch.Size([192, 4])
Epoch [10/11] Step [231/1241] Loss: 0.2997 Time: 61.987
#### prediction torch.Size([192, 4])
Epoch [10/11] Step [264/1241] Loss: 0.3385 Time: 62.163
#### prediction torch.Size([192, 4])
Epoch [10/11] Step [297/1241] Loss: 0.4735 Time: 62.34
#### prediction torch.Size([192, 4])
Epoch [10/11] Step [330/1241] Loss: 0.2651 Time: 62.516
#### prediction torch.Size([192, 4])
Epoch [10/11] Step [363/1241] Loss: 0.4166 Time: 62.692
#### prediction torch.Size([192, 4])
Epoch [10/11] Step [396/1241] Loss: 0.2384 Time: 62.868
#### prediction torch.Size([192, 4])
Epoch [10/11] Step [429/1241] Loss: 0.2788 Time: 63.044
#### prediction torch.Size([192, 4])
Epoch [10/11] Step [462/1241] Loss: 0.2816 Time: 63.22
#### prediction torch.Size([192, 4])
Epoch [10/11] Step [495/1241] Loss: 0.2656 Time: 63.396
#### prediction torch.Size([192, 4])
Epoch [10/11] Step [528/1241] Loss: 0.2715 Time: 63.572
#### prediction torch.Size([192, 4])
Epoch [10/11] Step [561/1241] Loss: 0.2798 Time: 63.748
#### prediction torch.Size([192, 4])
Epoch [10/11] Step [594/1241] Loss: 0.2221 Time: 63.924
#### prediction torch.Size([192, 4])
Epoch [10/11] Step [627/1241] Loss: 0.2612 Time: 64.1
#### prediction torch.Size([192, 4])
Epoch [10/11] Step [660/1241] Loss: 0.3304 Time: 64.276
#### prediction torch.Size([192, 4])
Epoch [10/11] Step [693/1241] Loss: 0.2468 Time: 64.452
#### prediction torch.Size([192, 4])
Epoch [10/11] Step [726/1241] Loss: 0.2628 Time: 64.628
#### prediction torch.Size([192, 4])
Epoch [10/11] Step [759/1241] Loss: 0.3015 Time: 64.804
#### prediction torch.Size([192, 4])
Epoch [10/11] Step [792/1241] Loss: 0.2244 Time: 64.981
#### prediction torch.Size([192, 4])
Epoch [10/11] Step [825/1241] Loss: 0.2910 Time: 65.157
#### prediction torch.Size([192, 4])
Epoch [10/11] Step [858/1241] Loss: 0.1957 Time: 65.332
#### prediction torch.Size([192, 4])
Epoch [10/11] Step [891/1241] Loss: 0.2579 Time: 65.508
#### prediction torch.Size([192, 4])
Epoch [10/11] Step [924/1241] Loss: 0.2337 Time: 65.684
#### prediction torch.Size([192, 4])
Epoch [10/11] Step [957/1241] Loss: 0.3313 Time: 65.86
#### prediction torch.Size([192, 4])
Epoch [10/11] Step [990/1241] Loss: 0.2523 Time: 66.036
#### prediction torch.Size([192, 4])
Epoch [10/11] Step [1023/1241] Loss: 0.3222 Time: 66.211
#### prediction torch.Size([192, 4])
Epoch [10/11] Step [1056/1241] Loss: 0.4549 Time: 66.387
#### prediction torch.Size([192, 4])
Epoch [10/11] Step [1089/1241] Loss: 0.3571 Time: 66.563
#### prediction torch.Size([192, 4])
Epoch [10/11] Step [1122/1241] Loss: 0.3206 Time: 66.739
#### prediction torch.Size([192, 4])
Epoch [10/11] Step [1155/1241] Loss: 0.3115 Time: 66.915
#### prediction torch.Size([192, 4])
Epoch [10/11] Step [1188/1241] Loss: 0.2148 Time: 67.091
#### prediction torch.Size([192, 4])
Epoch [10/11] Step [1221/1241] Loss: 0.2723 Time: 67.267
#### TRAINED MODEL SEQ_CNN_LSTM model training time: 74.203 total training time: 77.653 ####
#### TRAINING MODEL SEQ_LSTM_CNN ####
#### prediction torch.Size([192, 4])
Epoch [10/11] Step [33/1241] Loss: 0.2225 Time: 69.07
#### prediction torch.Size([192, 4])
Epoch [10/11] Step [66/1241] Loss: 0.1851 Time: 69.271
#### prediction torch.Size([192, 4])
Epoch [10/11] Step [99/1241] Loss: 0.2540 Time: 69.471
#### prediction torch.Size([192, 4])
Epoch [10/11] Step [132/1241] Loss: 0.2469 Time: 69.672
#### prediction torch.Size([192, 4])
Epoch [10/11] Step [165/1241] Loss: 0.1932 Time: 69.873
#### prediction torch.Size([192, 4])
Epoch [10/11] Step [198/1241] Loss: 0.2041 Time: 70.073
#### prediction torch.Size([192, 4])
Epoch [10/11] Step [231/1241] Loss: 0.3197 Time: 70.274
#### prediction torch.Size([192, 4])
Epoch [10/11] Step [264/1241] Loss: 0.2886 Time: 70.474
#### prediction torch.Size([192, 4])
Epoch [10/11] Step [297/1241] Loss: 0.2780 Time: 70.676
#### prediction torch.Size([192, 4])
Epoch [10/11] Step [330/1241] Loss: 0.2564 Time: 70.876
#### prediction torch.Size([192, 4])
Epoch [10/11] Step [363/1241] Loss: 0.3046 Time: 71.077
#### prediction torch.Size([192, 4])
Epoch [10/11] Step [396/1241] Loss: 0.2413 Time: 71.277
#### prediction torch.Size([192, 4])
Epoch [10/11] Step [429/1241] Loss: 0.2815 Time: 71.477
#### prediction torch.Size([192, 4])
Epoch [10/11] Step [462/1241] Loss: 0.1855 Time: 71.678
#### prediction torch.Size([192, 4])
Epoch [10/11] Step [495/1241] Loss: 0.2551 Time: 71.879
#### prediction torch.Size([192, 4])
Epoch [10/11] Step [528/1241] Loss: 0.2302 Time: 72.079
#### prediction torch.Size([192, 4])
Epoch [10/11] Step [561/1241] Loss: 0.1830 Time: 72.28
#### prediction torch.Size([192, 4])
Epoch [10/11] Step [594/1241] Loss: 0.2098 Time: 72.48
#### prediction torch.Size([192, 4])
Epoch [10/11] Step [627/1241] Loss: 0.2052 Time: 72.681
#### prediction torch.Size([192, 4])
Epoch [10/11] Step [660/1241] Loss: 0.1807 Time: 72.881
#### prediction torch.Size([192, 4])
Epoch [10/11] Step [693/1241] Loss: 0.2537 Time: 73.082
#### prediction torch.Size([192, 4])
Epoch [10/11] Step [726/1241] Loss: 0.3253 Time: 73.283
#### prediction torch.Size([192, 4])
Epoch [10/11] Step [759/1241] Loss: 0.1855 Time: 73.483
#### prediction torch.Size([192, 4])
Epoch [10/11] Step [792/1241] Loss: 0.1423 Time: 73.684
#### prediction torch.Size([192, 4])
Epoch [10/11] Step [825/1241] Loss: 0.2491 Time: 73.884
#### prediction torch.Size([192, 4])
Epoch [10/11] Step [858/1241] Loss: 0.1834 Time: 74.085
#### prediction torch.Size([192, 4])
Epoch [10/11] Step [891/1241] Loss: 0.2419 Time: 74.286
#### prediction torch.Size([192, 4])
Epoch [10/11] Step [924/1241] Loss: 0.2440 Time: 74.486
#### prediction torch.Size([192, 4])
Epoch [10/11] Step [957/1241] Loss: 0.1961 Time: 74.687
#### prediction torch.Size([192, 4])
Epoch [10/11] Step [990/1241] Loss: 0.2113 Time: 74.887
#### prediction torch.Size([192, 4])
Epoch [10/11] Step [1023/1241] Loss: 0.1761 Time: 75.088
#### prediction torch.Size([192, 4])
Epoch [10/11] Step [1056/1241] Loss: 0.1791 Time: 75.288
#### prediction torch.Size([192, 4])
Epoch [10/11] Step [1089/1241] Loss: 0.2140 Time: 75.489
#### prediction torch.Size([192, 4])
Epoch [10/11] Step [1122/1241] Loss: 0.1930 Time: 75.689
#### prediction torch.Size([192, 4])
Epoch [10/11] Step [1155/1241] Loss: 0.1659 Time: 75.89
#### prediction torch.Size([192, 4])
Epoch [10/11] Step [1188/1241] Loss: 0.1921 Time: 76.09
#### prediction torch.Size([192, 4])
Epoch [10/11] Step [1221/1241] Loss: 0.2051 Time: 76.451
#### TRAINED MODEL SEQ_LSTM_CNN model training time: 84.152 total training time: 161.806 ####
#### TRAINING MODEL PARA_CNN_LSTM ####
#### prediction torch.Size([192, 4])
Epoch [10/11] Step [33/1241] Loss: nan Time: 70.763
#### prediction torch.Size([192, 4])
Epoch [10/11] Step [66/1241] Loss: nan Time: 70.969
#### prediction torch.Size([192, 4])
Epoch [10/11] Step [99/1241] Loss: nan Time: 71.174
#### prediction torch.Size([192, 4])
Epoch [10/11] Step [132/1241] Loss: nan Time: 71.379
#### prediction torch.Size([192, 4])
Epoch [10/11] Step [165/1241] Loss: nan Time: 71.584
#### prediction torch.Size([192, 4])
Epoch [10/11] Step [198/1241] Loss: nan Time: 71.789
#### prediction torch.Size([192, 4])
Epoch [10/11] Step [231/1241] Loss: nan Time: 71.995
#### prediction torch.Size([192, 4])
Epoch [10/11] Step [264/1241] Loss: nan Time: 72.2
#### prediction torch.Size([192, 4])
Epoch [10/11] Step [297/1241] Loss: nan Time: 72.405
#### prediction torch.Size([192, 4])
Epoch [10/11] Step [330/1241] Loss: nan Time: 72.61
#### prediction torch.Size([192, 4])
Epoch [10/11] Step [363/1241] Loss: nan Time: 72.815
#### prediction torch.Size([192, 4])
Epoch [10/11] Step [396/1241] Loss: nan Time: 73.02
#### prediction torch.Size([192, 4])
Epoch [10/11] Step [429/1241] Loss: nan Time: 73.226
#### prediction torch.Size([192, 4])
Epoch [10/11] Step [462/1241] Loss: nan Time: 73.431
#### prediction torch.Size([192, 4])
Epoch [10/11] Step [495/1241] Loss: nan Time: 73.636
#### prediction torch.Size([192, 4])
Epoch [10/11] Step [528/1241] Loss: nan Time: 73.841
#### prediction torch.Size([192, 4])
Epoch [10/11] Step [561/1241] Loss: nan Time: 74.046
#### prediction torch.Size([192, 4])
Epoch [10/11] Step [594/1241] Loss: nan Time: 74.412
#### prediction torch.Size([192, 4])
Epoch [10/11] Step [627/1241] Loss: nan Time: 74.618
#### prediction torch.Size([192, 4])
Epoch [10/11] Step [660/1241] Loss: nan Time: 74.823
#### prediction torch.Size([192, 4])
Epoch [10/11] Step [693/1241] Loss: nan Time: 75.028
#### prediction torch.Size([192, 4])
Epoch [10/11] Step [726/1241] Loss: nan Time: 75.234
#### prediction torch.Size([192, 4])
Epoch [10/11] Step [759/1241] Loss: nan Time: 75.439
#### prediction torch.Size([192, 4])
Epoch [10/11] Step [792/1241] Loss: nan Time: 75.644
#### prediction torch.Size([192, 4])
Epoch [10/11] Step [825/1241] Loss: nan Time: 75.85
#### prediction torch.Size([192, 4])
Epoch [10/11] Step [858/1241] Loss: nan Time: 76.055
#### prediction torch.Size([192, 4])
Epoch [10/11] Step [891/1241] Loss: nan Time: 76.261
#### prediction torch.Size([192, 4])
Epoch [10/11] Step [924/1241] Loss: nan Time: 76.466
#### prediction torch.Size([192, 4])
Epoch [10/11] Step [957/1241] Loss: nan Time: 76.672
#### prediction torch.Size([192, 4])
Epoch [10/11] Step [990/1241] Loss: nan Time: 76.877
#### prediction torch.Size([192, 4])
Epoch [10/11] Step [1023/1241] Loss: nan Time: 77.082
#### prediction torch.Size([192, 4])
Epoch [10/11] Step [1056/1241] Loss: nan Time: 77.288
#### prediction torch.Size([192, 4])
Epoch [10/11] Step [1089/1241] Loss: nan Time: 77.493
#### prediction torch.Size([192, 4])
Epoch [10/11] Step [1122/1241] Loss: nan Time: 77.698
#### prediction torch.Size([192, 4])
Epoch [10/11] Step [1155/1241] Loss: nan Time: 77.903
#### prediction torch.Size([192, 4])
Epoch [10/11] Step [1188/1241] Loss: nan Time: 78.108
#### prediction torch.Size([192, 4])
Epoch [10/11] Step [1221/1241] Loss: nan Time: 78.313
#### TRAINED MODEL PARA_CNN_LSTM model training time: 86.188 total training time: 247.994 ####
#### TRAINING TOTAL TIME: 244.543 ####
Accuracy of the SEQ_CNN_LSTM model on the test set: 85.406594 %
Accuracy of the SEQ_LSTM_CNN model on the test set: 91.663309 %
Accuracy of the PARA_CNN_LSTM model on the test set: 30.882353 %
#### TESTING TOTAL TIME: 3.64 ####
#### TIME #### TERMINO #### 13067.94 ####
#### FINITO #### TERMINO #### NO-VA-MAS ####
#### TIMES #### modelling TOTAL TOTAL ==>> 13067.94 seconds
#### #### READING DATA FILES #### ####
173 511 #### COMBI [reg, sid, ban, sec, men, med, sum, max, mmm, htp, hhh] METRICS ####
('Plantation', '/home/vargas/repos/forests-sounds-vargas/out/data/extraction/Plantation/2_00_PSA0010-2010_dict_y_split_7_2512283_1736694580.pkl')
(297840, 11) Index(['reg', 'sid', 'ban', 'sec', 'men', 'med', 'sum', 'max', 'mmm', 'htp',
       'hhh'],
      dtype='object') Index(['reg', 'sid', 'ban', 'sec', 'men', 'med', 'sum', 'max', 'mmm', 'htp',
       'hhh'],
      dtype='object')
#### MERGE 68 merge_data Dataframe shape: (297840, 11) #### time: 268
#### #### SPLIT TRAIN TEST #### ####
#### CLASSES: [0 1 2 3] TOTAL 4
#### SPLIT train_test_split and CUDA: ??? cuda:0 #### time: 35
#### MODELS - TOTAL 3 ####
#### EPOCHS 11 ####
#### TRAINING MODELS ####
#### TRAINING MODEL SEQ_CNN_LSTM ####
#### prediction torch.Size([192, 4])
Epoch [10/11] Step [33/1241] Loss: 0.2172 Time: 61.346
#### prediction torch.Size([192, 4])
Epoch [10/11] Step [66/1241] Loss: 0.2249 Time: 61.524
#### prediction torch.Size([192, 4])
Epoch [10/11] Step [99/1241] Loss: 0.1942 Time: 61.702
#### prediction torch.Size([192, 4])
Epoch [10/11] Step [132/1241] Loss: 0.1544 Time: 61.879
#### prediction torch.Size([192, 4])
Epoch [10/11] Step [165/1241] Loss: 0.2707 Time: 62.057
#### prediction torch.Size([192, 4])
Epoch [10/11] Step [198/1241] Loss: 0.2048 Time: 62.234
#### prediction torch.Size([192, 4])
Epoch [10/11] Step [231/1241] Loss: 0.1631 Time: 62.412
#### prediction torch.Size([192, 4])
Epoch [10/11] Step [264/1241] Loss: 0.2431 Time: 62.589
#### prediction torch.Size([192, 4])
Epoch [10/11] Step [297/1241] Loss: 0.2142 Time: 62.767
#### prediction torch.Size([192, 4])
Epoch [10/11] Step [330/1241] Loss: 0.2502 Time: 62.945
#### prediction torch.Size([192, 4])
Epoch [10/11] Step [363/1241] Loss: 0.1860 Time: 63.122
#### prediction torch.Size([192, 4])
Epoch [10/11] Step [396/1241] Loss: 0.2837 Time: 63.3
#### prediction torch.Size([192, 4])
Epoch [10/11] Step [429/1241] Loss: 0.1734 Time: 63.477
#### prediction torch.Size([192, 4])
Epoch [10/11] Step [462/1241] Loss: 0.2112 Time: 63.656
#### prediction torch.Size([192, 4])
Epoch [10/11] Step [495/1241] Loss: 0.1476 Time: 63.834
#### prediction torch.Size([192, 4])
Epoch [10/11] Step [528/1241] Loss: 0.1490 Time: 64.011
#### prediction torch.Size([192, 4])
Epoch [10/11] Step [561/1241] Loss: 0.1411 Time: 64.188
#### prediction torch.Size([192, 4])
Epoch [10/11] Step [594/1241] Loss: 0.1245 Time: 64.366
#### prediction torch.Size([192, 4])
Epoch [10/11] Step [627/1241] Loss: 0.1816 Time: 64.544
#### prediction torch.Size([192, 4])
Epoch [10/11] Step [660/1241] Loss: 0.2826 Time: 64.722
#### prediction torch.Size([192, 4])
Epoch [10/11] Step [693/1241] Loss: 0.4955 Time: 64.9
#### prediction torch.Size([192, 4])
Epoch [10/11] Step [726/1241] Loss: 0.1909 Time: 65.078
#### prediction torch.Size([192, 4])
Epoch [10/11] Step [759/1241] Loss: 0.2877 Time: 65.255
#### prediction torch.Size([192, 4])
Epoch [10/11] Step [792/1241] Loss: 0.2013 Time: 65.594
#### prediction torch.Size([192, 4])
Epoch [10/11] Step [825/1241] Loss: 0.2270 Time: 65.771
#### prediction torch.Size([192, 4])
Epoch [10/11] Step [858/1241] Loss: 0.1563 Time: 65.949
#### prediction torch.Size([192, 4])
Epoch [10/11] Step [891/1241] Loss: 0.1606 Time: 66.127
#### prediction torch.Size([192, 4])
Epoch [10/11] Step [924/1241] Loss: 0.3015 Time: 66.305
#### prediction torch.Size([192, 4])
Epoch [10/11] Step [957/1241] Loss: 0.6431 Time: 66.483
#### prediction torch.Size([192, 4])
Epoch [10/11] Step [990/1241] Loss: 0.2277 Time: 66.661
#### prediction torch.Size([192, 4])
Epoch [10/11] Step [1023/1241] Loss: 0.2416 Time: 66.838
#### prediction torch.Size([192, 4])
Epoch [10/11] Step [1056/1241] Loss: 0.1940 Time: 67.016
#### prediction torch.Size([192, 4])
Epoch [10/11] Step [1089/1241] Loss: 0.1844 Time: 67.194
#### prediction torch.Size([192, 4])
Epoch [10/11] Step [1122/1241] Loss: 0.3357 Time: 67.372
#### prediction torch.Size([192, 4])
Epoch [10/11] Step [1155/1241] Loss: 0.1653 Time: 67.549
#### prediction torch.Size([192, 4])
Epoch [10/11] Step [1188/1241] Loss: 0.2516 Time: 67.727
#### prediction torch.Size([192, 4])
Epoch [10/11] Step [1221/1241] Loss: 0.1433 Time: 67.905
#### TRAINED MODEL SEQ_CNN_LSTM model training time: 74.748 total training time: 78.169 ####
#### TRAINING MODEL SEQ_LSTM_CNN ####
#### prediction torch.Size([192, 4])
Epoch [10/11] Step [33/1241] Loss: nan Time: 68.931
#### prediction torch.Size([192, 4])
Epoch [10/11] Step [66/1241] Loss: nan Time: 69.13
#### prediction torch.Size([192, 4])
Epoch [10/11] Step [99/1241] Loss: nan Time: 69.33
#### prediction torch.Size([192, 4])
Epoch [10/11] Step [132/1241] Loss: nan Time: 69.529
#### prediction torch.Size([192, 4])
Epoch [10/11] Step [165/1241] Loss: nan Time: 69.889
#### prediction torch.Size([192, 4])
Epoch [10/11] Step [198/1241] Loss: nan Time: 70.089
#### prediction torch.Size([192, 4])
Epoch [10/11] Step [231/1241] Loss: nan Time: 70.289
#### prediction torch.Size([192, 4])
Epoch [10/11] Step [264/1241] Loss: nan Time: 70.488
#### prediction torch.Size([192, 4])
Epoch [10/11] Step [297/1241] Loss: nan Time: 70.688
#### prediction torch.Size([192, 4])
Epoch [10/11] Step [330/1241] Loss: nan Time: 70.888
#### prediction torch.Size([192, 4])
Epoch [10/11] Step [363/1241] Loss: nan Time: 71.087
#### prediction torch.Size([192, 4])
Epoch [10/11] Step [396/1241] Loss: nan Time: 71.287
#### prediction torch.Size([192, 4])
Epoch [10/11] Step [429/1241] Loss: nan Time: 71.486
#### prediction torch.Size([192, 4])
Epoch [10/11] Step [462/1241] Loss: nan Time: 71.686
#### prediction torch.Size([192, 4])
Epoch [10/11] Step [495/1241] Loss: nan Time: 71.885
#### prediction torch.Size([192, 4])
Epoch [10/11] Step [528/1241] Loss: nan Time: 72.085
#### prediction torch.Size([192, 4])
Epoch [10/11] Step [561/1241] Loss: nan Time: 72.285
#### prediction torch.Size([192, 4])
Epoch [10/11] Step [594/1241] Loss: nan Time: 72.484
#### prediction torch.Size([192, 4])
Epoch [10/11] Step [627/1241] Loss: nan Time: 72.683
#### prediction torch.Size([192, 4])
Epoch [10/11] Step [660/1241] Loss: nan Time: 72.883
#### prediction torch.Size([192, 4])
Epoch [10/11] Step [693/1241] Loss: nan Time: 73.082
#### prediction torch.Size([192, 4])
Epoch [10/11] Step [726/1241] Loss: nan Time: 73.282
#### prediction torch.Size([192, 4])
Epoch [10/11] Step [759/1241] Loss: nan Time: 73.482
#### prediction torch.Size([192, 4])
Epoch [10/11] Step [792/1241] Loss: nan Time: 73.681
#### prediction torch.Size([192, 4])
Epoch [10/11] Step [825/1241] Loss: nan Time: 73.881
#### prediction torch.Size([192, 4])
Epoch [10/11] Step [858/1241] Loss: nan Time: 74.08
#### prediction torch.Size([192, 4])
Epoch [10/11] Step [891/1241] Loss: nan Time: 74.28
#### prediction torch.Size([192, 4])
Epoch [10/11] Step [924/1241] Loss: nan Time: 74.479
#### prediction torch.Size([192, 4])
Epoch [10/11] Step [957/1241] Loss: nan Time: 74.678
#### prediction torch.Size([192, 4])
Epoch [10/11] Step [990/1241] Loss: nan Time: 74.878
#### prediction torch.Size([192, 4])
Epoch [10/11] Step [1023/1241] Loss: nan Time: 75.077
#### prediction torch.Size([192, 4])
Epoch [10/11] Step [1056/1241] Loss: nan Time: 75.277
#### prediction torch.Size([192, 4])
Epoch [10/11] Step [1089/1241] Loss: nan Time: 75.477
#### prediction torch.Size([192, 4])
Epoch [10/11] Step [1122/1241] Loss: nan Time: 75.676
#### prediction torch.Size([192, 4])
Epoch [10/11] Step [1155/1241] Loss: nan Time: 75.875
#### prediction torch.Size([192, 4])
Epoch [10/11] Step [1188/1241] Loss: nan Time: 76.075
#### prediction torch.Size([192, 4])
Epoch [10/11] Step [1221/1241] Loss: nan Time: 76.274
#### TRAINED MODEL SEQ_LSTM_CNN model training time: 84.093 total training time: 162.263 ####
#### TRAINING MODEL PARA_CNN_LSTM ####
#### prediction torch.Size([192, 4])
Epoch [10/11] Step [33/1241] Loss: nan Time: 70.92
#### prediction torch.Size([192, 4])
Epoch [10/11] Step [66/1241] Loss: nan Time: 71.126
#### prediction torch.Size([192, 4])
Epoch [10/11] Step [99/1241] Loss: nan Time: 71.332
#### prediction torch.Size([192, 4])
Epoch [10/11] Step [132/1241] Loss: nan Time: 71.538
#### prediction torch.Size([192, 4])
Epoch [10/11] Step [165/1241] Loss: nan Time: 71.743
#### prediction torch.Size([192, 4])
Epoch [10/11] Step [198/1241] Loss: nan Time: 71.949
#### prediction torch.Size([192, 4])
Epoch [10/11] Step [231/1241] Loss: nan Time: 72.155
#### prediction torch.Size([192, 4])
Epoch [10/11] Step [264/1241] Loss: nan Time: 72.361
#### prediction torch.Size([192, 4])
Epoch [10/11] Step [297/1241] Loss: nan Time: 72.566
#### prediction torch.Size([192, 4])
Epoch [10/11] Step [330/1241] Loss: nan Time: 72.772
#### prediction torch.Size([192, 4])
Epoch [10/11] Step [363/1241] Loss: nan Time: 72.978
#### prediction torch.Size([192, 4])
Epoch [10/11] Step [396/1241] Loss: nan Time: 73.184
#### prediction torch.Size([192, 4])
Epoch [10/11] Step [429/1241] Loss: nan Time: 73.391
#### prediction torch.Size([192, 4])
Epoch [10/11] Step [462/1241] Loss: nan Time: 73.598
#### prediction torch.Size([192, 4])
Epoch [10/11] Step [495/1241] Loss: nan Time: 73.804
#### prediction torch.Size([192, 4])
Epoch [10/11] Step [528/1241] Loss: nan Time: 74.01
#### prediction torch.Size([192, 4])
Epoch [10/11] Step [561/1241] Loss: nan Time: 74.216
#### prediction torch.Size([192, 4])
Epoch [10/11] Step [594/1241] Loss: nan Time: 74.422
#### prediction torch.Size([192, 4])
Epoch [10/11] Step [627/1241] Loss: nan Time: 74.628
#### prediction torch.Size([192, 4])
Epoch [10/11] Step [660/1241] Loss: nan Time: 74.836
#### prediction torch.Size([192, 4])
Epoch [10/11] Step [693/1241] Loss: nan Time: 75.059
#### prediction torch.Size([192, 4])
Epoch [10/11] Step [726/1241] Loss: nan Time: 75.265
#### prediction torch.Size([192, 4])
Epoch [10/11] Step [759/1241] Loss: nan Time: 75.471
#### prediction torch.Size([192, 4])
Epoch [10/11] Step [792/1241] Loss: nan Time: 75.676
#### prediction torch.Size([192, 4])
Epoch [10/11] Step [825/1241] Loss: nan Time: 75.882
#### prediction torch.Size([192, 4])
Epoch [10/11] Step [858/1241] Loss: nan Time: 76.088
#### prediction torch.Size([192, 4])
Epoch [10/11] Step [891/1241] Loss: nan Time: 76.294
#### prediction torch.Size([192, 4])
Epoch [10/11] Step [924/1241] Loss: nan Time: 76.5
#### prediction torch.Size([192, 4])
Epoch [10/11] Step [957/1241] Loss: nan Time: 76.706
#### prediction torch.Size([192, 4])
Epoch [10/11] Step [990/1241] Loss: nan Time: 76.912
#### prediction torch.Size([192, 4])
Epoch [10/11] Step [1023/1241] Loss: nan Time: 77.117
#### prediction torch.Size([192, 4])
Epoch [10/11] Step [1056/1241] Loss: nan Time: 77.323
#### prediction torch.Size([192, 4])
Epoch [10/11] Step [1089/1241] Loss: nan Time: 77.529
#### prediction torch.Size([192, 4])
Epoch [10/11] Step [1122/1241] Loss: nan Time: 77.735
#### prediction torch.Size([192, 4])
Epoch [10/11] Step [1155/1241] Loss: nan Time: 77.941
#### prediction torch.Size([192, 4])
Epoch [10/11] Step [1188/1241] Loss: nan Time: 78.147
#### prediction torch.Size([192, 4])
Epoch [10/11] Step [1221/1241] Loss: nan Time: 78.352
#### TRAINED MODEL PARA_CNN_LSTM model training time: 86.417 total training time: 248.68 ####
#### TRAINING TOTAL TIME: 245.259 ####
Accuracy of the SEQ_CNN_LSTM model on the test set: 92.987846 %
Accuracy of the SEQ_LSTM_CNN model on the test set: 30.882353 %
Accuracy of the PARA_CNN_LSTM model on the test set: 30.882353 %
#### TESTING TOTAL TIME: 3.499 ####
#### TIME #### TERMINO #### 13371.548 ####
#### FINITO #### TERMINO #### NO-VA-MAS ####
#### TIMES #### modelling TOTAL TOTAL ==>> 13371.548 seconds
#### #### READING DATA FILES #### ####
174 511 #### COMBI [reg, sid, ban, sec, men, med, sum, max, mmm, htp, aei] METRICS ####
('Plantation', '/home/vargas/repos/forests-sounds-vargas/out/data/extraction/Plantation/2_00_PSA0010-2010_dict_y_split_7_2512283_1736694580.pkl')
(297840, 11) Index(['reg', 'sid', 'ban', 'sec', 'men', 'med', 'sum', 'max', 'mmm', 'htp',
       'aei'],
      dtype='object') Index(['reg', 'sid', 'ban', 'sec', 'men', 'med', 'sum', 'max', 'mmm', 'htp',
       'aei'],
      dtype='object')
#### MERGE 68 merge_data Dataframe shape: (297840, 11) #### time: 268
#### #### SPLIT TRAIN TEST #### ####
#### CLASSES: [0 1 2 3] TOTAL 4
#### SPLIT train_test_split and CUDA: ??? cuda:0 #### time: 35
#### MODELS - TOTAL 3 ####
#### EPOCHS 11 ####
#### TRAINING MODELS ####
#### TRAINING MODEL SEQ_CNN_LSTM ####
#### prediction torch.Size([192, 4])
Epoch [10/11] Step [33/1241] Loss: 0.1812 Time: 61.496
#### prediction torch.Size([192, 4])
Epoch [10/11] Step [66/1241] Loss: 0.1893 Time: 61.673
#### prediction torch.Size([192, 4])
Epoch [10/11] Step [99/1241] Loss: 0.1961 Time: 61.851
#### prediction torch.Size([192, 4])
Epoch [10/11] Step [132/1241] Loss: 0.2624 Time: 62.029
#### prediction torch.Size([192, 4])
Epoch [10/11] Step [165/1241] Loss: 0.1462 Time: 62.206
#### prediction torch.Size([192, 4])
Epoch [10/11] Step [198/1241] Loss: 0.1612 Time: 62.384
#### prediction torch.Size([192, 4])
Epoch [10/11] Step [231/1241] Loss: 0.1892 Time: 62.561
#### prediction torch.Size([192, 4])
Epoch [10/11] Step [264/1241] Loss: 0.2301 Time: 62.739
#### prediction torch.Size([192, 4])
Epoch [10/11] Step [297/1241] Loss: 0.3185 Time: 62.916
#### prediction torch.Size([192, 4])
Epoch [10/11] Step [330/1241] Loss: 0.1943 Time: 63.094
#### prediction torch.Size([192, 4])
Epoch [10/11] Step [363/1241] Loss: 0.1703 Time: 63.271
#### prediction torch.Size([192, 4])
Epoch [10/11] Step [396/1241] Loss: 0.1403 Time: 63.448
#### prediction torch.Size([192, 4])
Epoch [10/11] Step [429/1241] Loss: 0.1321 Time: 63.626
#### prediction torch.Size([192, 4])
Epoch [10/11] Step [462/1241] Loss: 0.1801 Time: 63.803
#### prediction torch.Size([192, 4])
Epoch [10/11] Step [495/1241] Loss: 0.2862 Time: 63.98
#### prediction torch.Size([192, 4])
Epoch [10/11] Step [528/1241] Loss: 0.3252 Time: 64.158
#### prediction torch.Size([192, 4])
Epoch [10/11] Step [561/1241] Loss: 0.2470 Time: 64.335
#### prediction torch.Size([192, 4])
Epoch [10/11] Step [594/1241] Loss: 0.1934 Time: 64.512
#### prediction torch.Size([192, 4])
Epoch [10/11] Step [627/1241] Loss: 0.2215 Time: 64.69
#### prediction torch.Size([192, 4])
Epoch [10/11] Step [660/1241] Loss: 0.1728 Time: 64.868
#### prediction torch.Size([192, 4])
Epoch [10/11] Step [693/1241] Loss: 0.1814 Time: 65.045
#### prediction torch.Size([192, 4])
Epoch [10/11] Step [726/1241] Loss: 0.1531 Time: 65.223
#### prediction torch.Size([192, 4])
Epoch [10/11] Step [759/1241] Loss: 0.1599 Time: 65.4
#### prediction torch.Size([192, 4])
Epoch [10/11] Step [792/1241] Loss: 0.1690 Time: 65.577
#### prediction torch.Size([192, 4])
Epoch [10/11] Step [825/1241] Loss: 0.1926 Time: 65.754
#### prediction torch.Size([192, 4])
Epoch [10/11] Step [858/1241] Loss: 0.1396 Time: 65.931
#### prediction torch.Size([192, 4])
Epoch [10/11] Step [891/1241] Loss: 0.1614 Time: 66.109
#### prediction torch.Size([192, 4])
Epoch [10/11] Step [924/1241] Loss: 0.1300 Time: 66.287
#### prediction torch.Size([192, 4])
Epoch [10/11] Step [957/1241] Loss: 0.4189 Time: 66.464
#### prediction torch.Size([192, 4])
Epoch [10/11] Step [990/1241] Loss: 0.1387 Time: 66.641
#### prediction torch.Size([192, 4])
Epoch [10/11] Step [1023/1241] Loss: 0.2088 Time: 66.818
#### prediction torch.Size([192, 4])
Epoch [10/11] Step [1056/1241] Loss: 0.1429 Time: 66.996
#### prediction torch.Size([192, 4])
Epoch [10/11] Step [1089/1241] Loss: 0.1547 Time: 67.174
#### prediction torch.Size([192, 4])
Epoch [10/11] Step [1122/1241] Loss: 0.1179 Time: 67.351
#### prediction torch.Size([192, 4])
Epoch [10/11] Step [1155/1241] Loss: 0.1456 Time: 67.529
#### prediction torch.Size([192, 4])
Epoch [10/11] Step [1188/1241] Loss: 0.1343 Time: 67.706
#### prediction torch.Size([192, 4])
Epoch [10/11] Step [1221/1241] Loss: 0.1252 Time: 67.883
#### TRAINED MODEL SEQ_CNN_LSTM model training time: 74.874 total training time: 78.416 ####
#### TRAINING MODEL SEQ_LSTM_CNN ####
#### prediction torch.Size([192, 4])
Epoch [10/11] Step [33/1241] Loss: 0.1564 Time: 69.36
#### prediction torch.Size([192, 4])
Epoch [10/11] Step [66/1241] Loss: 0.2470 Time: 69.562
#### prediction torch.Size([192, 4])
Epoch [10/11] Step [99/1241] Loss: 0.1917 Time: 69.763
#### prediction torch.Size([192, 4])
Epoch [10/11] Step [132/1241] Loss: 0.1890 Time: 69.964
#### prediction torch.Size([192, 4])
Epoch [10/11] Step [165/1241] Loss: 0.2500 Time: 70.166
#### prediction torch.Size([192, 4])
Epoch [10/11] Step [198/1241] Loss: 0.2714 Time: 70.367
#### prediction torch.Size([192, 4])
Epoch [10/11] Step [231/1241] Loss: 0.2243 Time: 70.568
#### prediction torch.Size([192, 4])
Epoch [10/11] Step [264/1241] Loss: 0.1871 Time: 70.769
#### prediction torch.Size([192, 4])
Epoch [10/11] Step [297/1241] Loss: 0.1164 Time: 70.97
#### prediction torch.Size([192, 4])
Epoch [10/11] Step [330/1241] Loss: 0.1666 Time: 71.171
#### prediction torch.Size([192, 4])
Epoch [10/11] Step [363/1241] Loss: 0.2162 Time: 71.372
#### prediction torch.Size([192, 4])
Epoch [10/11] Step [396/1241] Loss: 0.2491 Time: 71.573
#### prediction torch.Size([192, 4])
Epoch [10/11] Step [429/1241] Loss: 0.1407 Time: 71.774
#### prediction torch.Size([192, 4])
Epoch [10/11] Step [462/1241] Loss: 0.1511 Time: 71.976
#### prediction torch.Size([192, 4])
Epoch [10/11] Step [495/1241] Loss: 0.2483 Time: 72.177
#### prediction torch.Size([192, 4])
Epoch [10/11] Step [528/1241] Loss: 0.1802 Time: 72.378
#### prediction torch.Size([192, 4])
Epoch [10/11] Step [561/1241] Loss: 0.1393 Time: 72.579
#### prediction torch.Size([192, 4])
Epoch [10/11] Step [594/1241] Loss: 0.1507 Time: 72.78
#### prediction torch.Size([192, 4])
Epoch [10/11] Step [627/1241] Loss: 0.2415 Time: 72.981
#### prediction torch.Size([192, 4])
Epoch [10/11] Step [660/1241] Loss: 0.2683 Time: 73.182
#### prediction torch.Size([192, 4])
Epoch [10/11] Step [693/1241] Loss: 0.1418 Time: 73.383
#### prediction torch.Size([192, 4])
Epoch [10/11] Step [726/1241] Loss: 0.2166 Time: 73.584
#### prediction torch.Size([192, 4])
Epoch [10/11] Step [759/1241] Loss: 0.2082 Time: 73.786
#### prediction torch.Size([192, 4])
Epoch [10/11] Step [792/1241] Loss: 0.1659 Time: 73.987
#### prediction torch.Size([192, 4])
Epoch [10/11] Step [825/1241] Loss: 0.2080 Time: 74.188
#### prediction torch.Size([192, 4])
Epoch [10/11] Step [858/1241] Loss: 0.2403 Time: 74.389
#### prediction torch.Size([192, 4])
Epoch [10/11] Step [891/1241] Loss: 0.2288 Time: 74.59
#### prediction torch.Size([192, 4])
Epoch [10/11] Step [924/1241] Loss: 0.1992 Time: 74.791
#### prediction torch.Size([192, 4])
Epoch [10/11] Step [957/1241] Loss: 0.1671 Time: 74.992
#### prediction torch.Size([192, 4])
Epoch [10/11] Step [990/1241] Loss: 0.1428 Time: 75.193
#### prediction torch.Size([192, 4])
Epoch [10/11] Step [1023/1241] Loss: 0.1765 Time: 75.394
#### prediction torch.Size([192, 4])
Epoch [10/11] Step [1056/1241] Loss: 0.2592 Time: 75.595
#### prediction torch.Size([192, 4])
Epoch [10/11] Step [1089/1241] Loss: 0.1757 Time: 75.795
#### prediction torch.Size([192, 4])
Epoch [10/11] Step [1122/1241] Loss: 0.2017 Time: 75.996
#### prediction torch.Size([192, 4])
Epoch [10/11] Step [1155/1241] Loss: 0.1943 Time: 76.198
#### prediction torch.Size([192, 4])
Epoch [10/11] Step [1188/1241] Loss: 0.1070 Time: 76.398
#### prediction torch.Size([192, 4])
Epoch [10/11] Step [1221/1241] Loss: 0.0968 Time: 76.599
#### TRAINED MODEL SEQ_LSTM_CNN model training time: 84.483 total training time: 162.899 ####
#### TRAINING MODEL PARA_CNN_LSTM ####
#### prediction torch.Size([192, 4])
Epoch [10/11] Step [33/1241] Loss: nan Time: 70.768
#### prediction torch.Size([192, 4])
Epoch [10/11] Step [66/1241] Loss: nan Time: 70.974
#### prediction torch.Size([192, 4])
Epoch [10/11] Step [99/1241] Loss: nan Time: 71.179
#### prediction torch.Size([192, 4])
Epoch [10/11] Step [132/1241] Loss: nan Time: 71.384
#### prediction torch.Size([192, 4])
Epoch [10/11] Step [165/1241] Loss: nan Time: 71.59
#### prediction torch.Size([192, 4])
Epoch [10/11] Step [198/1241] Loss: nan Time: 71.796
#### prediction torch.Size([192, 4])
Epoch [10/11] Step [231/1241] Loss: nan Time: 72.001
#### prediction torch.Size([192, 4])
Epoch [10/11] Step [264/1241] Loss: nan Time: 72.206
#### prediction torch.Size([192, 4])
Epoch [10/11] Step [297/1241] Loss: nan Time: 72.411
#### prediction torch.Size([192, 4])
Epoch [10/11] Step [330/1241] Loss: nan Time: 72.616
#### prediction torch.Size([192, 4])
Epoch [10/11] Step [363/1241] Loss: nan Time: 72.822
#### prediction torch.Size([192, 4])
Epoch [10/11] Step [396/1241] Loss: nan Time: 73.028
#### prediction torch.Size([192, 4])
Epoch [10/11] Step [429/1241] Loss: nan Time: 73.233
#### prediction torch.Size([192, 4])
Epoch [10/11] Step [462/1241] Loss: nan Time: 73.438
#### prediction torch.Size([192, 4])
Epoch [10/11] Step [495/1241] Loss: nan Time: 73.644
#### prediction torch.Size([192, 4])
Epoch [10/11] Step [528/1241] Loss: nan Time: 73.849
#### prediction torch.Size([192, 4])
Epoch [10/11] Step [561/1241] Loss: nan Time: 74.054
#### prediction torch.Size([192, 4])
Epoch [10/11] Step [594/1241] Loss: nan Time: 74.259
#### prediction torch.Size([192, 4])
Epoch [10/11] Step [627/1241] Loss: nan Time: 74.464
#### prediction torch.Size([192, 4])
Epoch [10/11] Step [660/1241] Loss: nan Time: 74.831
#### prediction torch.Size([192, 4])
Epoch [10/11] Step [693/1241] Loss: nan Time: 75.037
#### prediction torch.Size([192, 4])
Epoch [10/11] Step [726/1241] Loss: nan Time: 75.243
#### prediction torch.Size([192, 4])
Epoch [10/11] Step [759/1241] Loss: nan Time: 75.448
#### prediction torch.Size([192, 4])
Epoch [10/11] Step [792/1241] Loss: nan Time: 75.654
#### prediction torch.Size([192, 4])
Epoch [10/11] Step [825/1241] Loss: nan Time: 75.859
#### prediction torch.Size([192, 4])
Epoch [10/11] Step [858/1241] Loss: nan Time: 76.065
#### prediction torch.Size([192, 4])
Epoch [10/11] Step [891/1241] Loss: nan Time: 76.27
#### prediction torch.Size([192, 4])
Epoch [10/11] Step [924/1241] Loss: nan Time: 76.475
#### prediction torch.Size([192, 4])
Epoch [10/11] Step [957/1241] Loss: nan Time: 76.68
#### prediction torch.Size([192, 4])
Epoch [10/11] Step [990/1241] Loss: nan Time: 76.886
#### prediction torch.Size([192, 4])
Epoch [10/11] Step [1023/1241] Loss: nan Time: 77.091
#### prediction torch.Size([192, 4])
Epoch [10/11] Step [1056/1241] Loss: nan Time: 77.297
#### prediction torch.Size([192, 4])
Epoch [10/11] Step [1089/1241] Loss: nan Time: 77.502
#### prediction torch.Size([192, 4])
Epoch [10/11] Step [1122/1241] Loss: nan Time: 77.708
#### prediction torch.Size([192, 4])
Epoch [10/11] Step [1155/1241] Loss: nan Time: 77.913
#### prediction torch.Size([192, 4])
Epoch [10/11] Step [1188/1241] Loss: nan Time: 78.118
#### prediction torch.Size([192, 4])
Epoch [10/11] Step [1221/1241] Loss: nan Time: 78.323
#### TRAINED MODEL PARA_CNN_LSTM model training time: 86.225 total training time: 249.124 ####
#### TRAINING TOTAL TIME: 245.582 ####
Accuracy of the SEQ_CNN_LSTM model on the test set: 92.675598 %
Accuracy of the SEQ_LSTM_CNN model on the test set: 93.773503 %
Accuracy of the PARA_CNN_LSTM model on the test set: 30.882353 %
#### TESTING TOTAL TIME: 3.66 ####
#### TIME #### TERMINO #### 13675.841 ####
#### FINITO #### TERMINO #### NO-VA-MAS ####
#### TIMES #### modelling TOTAL TOTAL ==>> 13675.841 seconds
#### #### READING DATA FILES #### ####
175 511 #### COMBI [reg, sid, ban, sec, men, med, sum, max, mmm, hhh, aei] METRICS ####
('Plantation', '/home/vargas/repos/forests-sounds-vargas/out/data/extraction/Plantation/2_00_PSA0010-2010_dict_y_split_7_2512283_1736694580.pkl')
(297840, 11) Index(['reg', 'sid', 'ban', 'sec', 'men', 'med', 'sum', 'max', 'mmm', 'hhh',
       'aei'],
      dtype='object') Index(['reg', 'sid', 'ban', 'sec', 'men', 'med', 'sum', 'max', 'mmm', 'hhh',
       'aei'],
      dtype='object')
#### MERGE 68 merge_data Dataframe shape: (297840, 11) #### time: 271
#### #### SPLIT TRAIN TEST #### ####
#### CLASSES: [0 1 2 3] TOTAL 4
#### SPLIT train_test_split and CUDA: ??? cuda:0 #### time: 35
#### MODELS - TOTAL 3 ####
#### EPOCHS 11 ####
#### TRAINING MODELS ####
#### TRAINING MODEL SEQ_CNN_LSTM ####
#### prediction torch.Size([192, 4])
Epoch [10/11] Step [33/1241] Loss: 0.2252 Time: 61.563
#### prediction torch.Size([192, 4])
Epoch [10/11] Step [66/1241] Loss: 0.2320 Time: 61.742
#### prediction torch.Size([192, 4])
Epoch [10/11] Step [99/1241] Loss: 0.2269 Time: 61.92
#### prediction torch.Size([192, 4])
Epoch [10/11] Step [132/1241] Loss: 0.2542 Time: 62.098
#### prediction torch.Size([192, 4])
Epoch [10/11] Step [165/1241] Loss: 0.2410 Time: 62.277
#### prediction torch.Size([192, 4])
Epoch [10/11] Step [198/1241] Loss: 0.3489 Time: 62.455
#### prediction torch.Size([192, 4])
Epoch [10/11] Step [231/1241] Loss: 0.2426 Time: 62.633
#### prediction torch.Size([192, 4])
Epoch [10/11] Step [264/1241] Loss: 0.2431 Time: 62.811
#### prediction torch.Size([192, 4])
Epoch [10/11] Step [297/1241] Loss: 0.2526 Time: 62.99
#### prediction torch.Size([192, 4])
Epoch [10/11] Step [330/1241] Loss: 0.2420 Time: 63.175
#### prediction torch.Size([192, 4])
Epoch [10/11] Step [363/1241] Loss: 0.2992 Time: 63.355
#### prediction torch.Size([192, 4])
Epoch [10/11] Step [396/1241] Loss: 0.2459 Time: 63.534
#### prediction torch.Size([192, 4])
Epoch [10/11] Step [429/1241] Loss: 0.2412 Time: 63.712
#### prediction torch.Size([192, 4])
Epoch [10/11] Step [462/1241] Loss: 0.2417 Time: 63.89
#### prediction torch.Size([192, 4])
Epoch [10/11] Step [495/1241] Loss: 0.2858 Time: 64.069
#### prediction torch.Size([192, 4])
Epoch [10/11] Step [528/1241] Loss: 0.2745 Time: 64.247
#### prediction torch.Size([192, 4])
Epoch [10/11] Step [561/1241] Loss: 0.2885 Time: 64.425
#### prediction torch.Size([192, 4])
Epoch [10/11] Step [594/1241] Loss: 0.2368 Time: 64.604
#### prediction torch.Size([192, 4])
Epoch [10/11] Step [627/1241] Loss: 0.2156 Time: 64.782
#### prediction torch.Size([192, 4])
Epoch [10/11] Step [660/1241] Loss: 0.3571 Time: 64.96
#### prediction torch.Size([192, 4])
Epoch [10/11] Step [693/1241] Loss: 0.2178 Time: 65.139
#### prediction torch.Size([192, 4])
Epoch [10/11] Step [726/1241] Loss: 0.2347 Time: 65.317
#### prediction torch.Size([192, 4])
Epoch [10/11] Step [759/1241] Loss: 0.5503 Time: 65.495
#### prediction torch.Size([192, 4])
Epoch [10/11] Step [792/1241] Loss: 0.4774 Time: 65.673
#### prediction torch.Size([192, 4])
Epoch [10/11] Step [825/1241] Loss: 0.2442 Time: 66.013
#### prediction torch.Size([192, 4])
Epoch [10/11] Step [858/1241] Loss: 0.2720 Time: 66.191
#### prediction torch.Size([192, 4])
Epoch [10/11] Step [891/1241] Loss: 0.3116 Time: 66.369
#### prediction torch.Size([192, 4])
Epoch [10/11] Step [924/1241] Loss: 0.2345 Time: 66.548
#### prediction torch.Size([192, 4])
Epoch [10/11] Step [957/1241] Loss: 0.2456 Time: 66.726
#### prediction torch.Size([192, 4])
Epoch [10/11] Step [990/1241] Loss: 0.2750 Time: 66.904
#### prediction torch.Size([192, 4])
Epoch [10/11] Step [1023/1241] Loss: 0.3498 Time: 67.082
#### prediction torch.Size([192, 4])
Epoch [10/11] Step [1056/1241] Loss: 0.2217 Time: 67.261
#### prediction torch.Size([192, 4])
Epoch [10/11] Step [1089/1241] Loss: 0.2213 Time: 67.439
#### prediction torch.Size([192, 4])
Epoch [10/11] Step [1122/1241] Loss: 0.3089 Time: 67.617
#### prediction torch.Size([192, 4])
Epoch [10/11] Step [1155/1241] Loss: 0.2402 Time: 67.795
#### prediction torch.Size([192, 4])
Epoch [10/11] Step [1188/1241] Loss: 0.3156 Time: 67.972
#### prediction torch.Size([192, 4])
Epoch [10/11] Step [1221/1241] Loss: 0.2570 Time: 68.151
#### TRAINED MODEL SEQ_CNN_LSTM model training time: 74.999 total training time: 78.412 ####
#### TRAINING MODEL SEQ_LSTM_CNN ####
#### prediction torch.Size([192, 4])
Epoch [10/11] Step [33/1241] Loss: nan Time: 69.19
#### prediction torch.Size([192, 4])
Epoch [10/11] Step [66/1241] Loss: nan Time: 69.391
#### prediction torch.Size([192, 4])
Epoch [10/11] Step [99/1241] Loss: nan Time: 69.591
#### prediction torch.Size([192, 4])
Epoch [10/11] Step [132/1241] Loss: nan Time: 69.791
#### prediction torch.Size([192, 4])
Epoch [10/11] Step [165/1241] Loss: nan Time: 69.991
#### prediction torch.Size([192, 4])
Epoch [10/11] Step [198/1241] Loss: nan Time: 70.351
#### prediction torch.Size([192, 4])
Epoch [10/11] Step [231/1241] Loss: nan Time: 70.553
#### prediction torch.Size([192, 4])
Epoch [10/11] Step [264/1241] Loss: nan Time: 70.753
#### prediction torch.Size([192, 4])
Epoch [10/11] Step [297/1241] Loss: nan Time: 70.954
#### prediction torch.Size([192, 4])
Epoch [10/11] Step [330/1241] Loss: nan Time: 71.154
#### prediction torch.Size([192, 4])
Epoch [10/11] Step [363/1241] Loss: nan Time: 71.355
#### prediction torch.Size([192, 4])
Epoch [10/11] Step [396/1241] Loss: nan Time: 71.555
#### prediction torch.Size([192, 4])
Epoch [10/11] Step [429/1241] Loss: nan Time: 71.756
#### prediction torch.Size([192, 4])
Epoch [10/11] Step [462/1241] Loss: nan Time: 71.956
#### prediction torch.Size([192, 4])
Epoch [10/11] Step [495/1241] Loss: nan Time: 72.156
#### prediction torch.Size([192, 4])
Epoch [10/11] Step [528/1241] Loss: nan Time: 72.356
#### prediction torch.Size([192, 4])
Epoch [10/11] Step [561/1241] Loss: nan Time: 72.556
#### prediction torch.Size([192, 4])
Epoch [10/11] Step [594/1241] Loss: nan Time: 72.757
#### prediction torch.Size([192, 4])
Epoch [10/11] Step [627/1241] Loss: nan Time: 72.957
#### prediction torch.Size([192, 4])
Epoch [10/11] Step [660/1241] Loss: nan Time: 73.157
#### prediction torch.Size([192, 4])
Epoch [10/11] Step [693/1241] Loss: nan Time: 73.357
#### prediction torch.Size([192, 4])
Epoch [10/11] Step [726/1241] Loss: nan Time: 73.558
#### prediction torch.Size([192, 4])
Epoch [10/11] Step [759/1241] Loss: nan Time: 73.758
#### prediction torch.Size([192, 4])
Epoch [10/11] Step [792/1241] Loss: nan Time: 73.958
#### prediction torch.Size([192, 4])
Epoch [10/11] Step [825/1241] Loss: nan Time: 74.158
#### prediction torch.Size([192, 4])
Epoch [10/11] Step [858/1241] Loss: nan Time: 74.358
#### prediction torch.Size([192, 4])
Epoch [10/11] Step [891/1241] Loss: nan Time: 74.559
#### prediction torch.Size([192, 4])
Epoch [10/11] Step [924/1241] Loss: nan Time: 74.759
#### prediction torch.Size([192, 4])
Epoch [10/11] Step [957/1241] Loss: nan Time: 74.959
#### prediction torch.Size([192, 4])
Epoch [10/11] Step [990/1241] Loss: nan Time: 75.159
#### prediction torch.Size([192, 4])
Epoch [10/11] Step [1023/1241] Loss: nan Time: 75.359
#### prediction torch.Size([192, 4])
Epoch [10/11] Step [1056/1241] Loss: nan Time: 75.56
#### prediction torch.Size([192, 4])
Epoch [10/11] Step [1089/1241] Loss: nan Time: 75.761
#### prediction torch.Size([192, 4])
Epoch [10/11] Step [1122/1241] Loss: nan Time: 75.961
#### prediction torch.Size([192, 4])
Epoch [10/11] Step [1155/1241] Loss: nan Time: 76.162
#### prediction torch.Size([192, 4])
Epoch [10/11] Step [1188/1241] Loss: nan Time: 76.362
#### prediction torch.Size([192, 4])
Epoch [10/11] Step [1221/1241] Loss: nan Time: 76.563
#### TRAINED MODEL SEQ_LSTM_CNN model training time: 84.429 total training time: 162.84 ####
#### TRAINING MODEL PARA_CNN_LSTM ####
ALWAYS PROBLEMS CUDA error: an illegal memory access was encountered
Compile with `TORCH_USE_CUDA_DSA` to enable device-side assertions.

SE ME CUIDA MIJO, AHÍ LE DEJO PA` QUE NO TRASNOCHE TANTO ;)
Traceback (most recent call last):
  File "/home/vargas/repos/forests-sounds-vargas/source/forest.py", line 559, in <module>
    main()
  File "/home/vargas/repos/forests-sounds-vargas/source/forest.py", line 534, in main
    sota_train_with_soundscapes(files_path=configfiles,  # region=f.region, si=i, sr=sr,
  File "/home/vargas/repos/forests-sounds-vargas/source/sota_modelling.py", line 601, in sota_train_with_soundscapes
    train(models, train_loader, epochs=num_epochs)
  File "/home/vargas/repos/forests-sounds-vargas/source/sota_modelling.py", line 412, in train
    loss.backward()
  File "/home/vargas/repos/forests-sounds-vargas/venvs/py310f/lib/python3.10/site-packages/torch/_tensor.py", line 648, in backward
    torch.autograd.backward(
  File "/home/vargas/repos/forests-sounds-vargas/venvs/py310f/lib/python3.10/site-packages/torch/autograd/__init__.py", line 353, in backward
    _engine_run_backward(
  File "/home/vargas/repos/forests-sounds-vargas/venvs/py310f/lib/python3.10/site-packages/torch/autograd/graph.py", line 824, in _engine_run_backward
    return Variable._execution_engine.run_backward(  # Calls into the C++ engine to run the backward pass
RuntimeError: CUDA error: an illegal memory access was encountered
Compile with `TORCH_USE_CUDA_DSA` to enable device-side assertions.

