PATH /home/vargas/repos/forests-sounds-vargas
Hablámelo maniño, alles gut oder was??
#### #### HOI FOREST #### ####
#### #### N-JOBS 39 SBOJ-N #### ####
#### #### HOI EXTRACTION #### ####
#### INDICES => ['reg', 'sid', 'ban', 'sec', 'men', 'med', 'sum', 'max', 'min', 'aci', 'aca', 'adi', 'bet', 'mmm', 'npp', 'hfq', 'htp', 'hhh', 'aei', 'dsi', 'vec'] <= INDICES 21 ####
/home/vargas/repos/forests-sounds-vargas/data/ /home/vargas/repos/forests-sounds-vargas/out/ [('Plantation', '/home/vargas/repos/forests-sounds-vargas/data/Plantation/2_05_PSA0093-2010.mp3'), ('Plantation', '/home/vargas/repos/forests-sounds-vargas/data/Plantation/2_15_PSA0290-2012.mp3'), ('Plantation', '/home/vargas/repos/forests-sounds-vargas/data/Plantation/2_19_PSA0374-2012.mp3')]
starting with => 57 soundscapes => now 1745270034
ALREADY PROCESED: /home/vargas/repos/forests-sounds-vargas/data/Plantation/2_05_PSA0093-2010.mp3
ALREADY PROCESED: /home/vargas/repos/forests-sounds-vargas/data/Plantation/2_15_PSA0290-2012.mp3
ALREADY PROCESED: /home/vargas/repos/forests-sounds-vargas/data/Plantation/2_19_PSA0374-2012.mp3
ALREADY PROCESED: /home/vargas/repos/forests-sounds-vargas/data/Plantation/2_07_PSA0093-2010.mp3
ALREADY PROCESED: /home/vargas/repos/forests-sounds-vargas/data/Plantation/2_20_PSA0400-2013.mp3
ALREADY PROCESED: /home/vargas/repos/forests-sounds-vargas/data/Plantation/2_13_PSA0280-2012.mp3
ALREADY PROCESED: /home/vargas/repos/forests-sounds-vargas/data/Plantation/2_17_PSA0331-2012.mp3
ALREADY PROCESED: /home/vargas/repos/forests-sounds-vargas/data/Plantation/2_00_PSA0010-2010.mp3
ALREADY PROCESED: /home/vargas/repos/forests-sounds-vargas/data/Plantation/2_14_PSA0289-2012.mp3
ALREADY PROCESED: /home/vargas/repos/forests-sounds-vargas/data/Plantation/2_18_PSA0373-2011.mp3
ALREADY PROCESED: /home/vargas/repos/forests-sounds-vargas/data/Plantation/2_16_PSA0292-2012.mp3
ALREADY PROCESED: /home/vargas/repos/forests-sounds-vargas/data/Plantation/PSA0025-2015.mp3
ALREADY PROCESED: /home/vargas/repos/forests-sounds-vargas/data/Plantation/2_10_PSA0189-2007.mp3
ALREADY PROCESED: /home/vargas/repos/forests-sounds-vargas/data/Plantation/2_09_PSA0096-2013.mp3
ALREADY PROCESED: /home/vargas/repos/forests-sounds-vargas/data/Plantation/2_08_PSA0095-2013.mp3
ALREADY PROCESED: /home/vargas/repos/forests-sounds-vargas/data/Plantation/2_06_PSA0087-2013.mp3
ALREADY PROCESED: /home/vargas/repos/forests-sounds-vargas/data/Plantation/2_21_PSA0429-2012.mp3
ALREADY PROCESED: /home/vargas/repos/forests-sounds-vargas/data/Plantation/2_11_PSA0192-2009.mp3
ALREADY PROCESED: /home/vargas/repos/forests-sounds-vargas/data/Plantation/2_01_PSA0022-2015.mp3
ALREADY PROCESED: /home/vargas/repos/forests-sounds-vargas/data/Plantation/2_04_PSA0078-2013.mp3
ALREADY PROCESED: /home/vargas/repos/forests-sounds-vargas/data/Plantation/2_02_PSA0077-2013.mp3
ALREADY PROCESED: /home/vargas/repos/forests-sounds-vargas/data/Plantation/2_12_PSA0254-2011.mp3
ALREADY PROCESED: /home/vargas/repos/forests-sounds-vargas/data/Pasture/3_01_Pasture11.mp3
ALREADY PROCESED: /home/vargas/repos/forests-sounds-vargas/data/Pasture/3_09_Pasture8.mp3
ALREADY PROCESED: /home/vargas/repos/forests-sounds-vargas/data/Pasture/3_06_Pasture5.mp3
ALREADY PROCESED: /home/vargas/repos/forests-sounds-vargas/data/Pasture/3_08_Pasture6.mp3
ALREADY PROCESED: /home/vargas/repos/forests-sounds-vargas/data/Pasture/3_07_Pasture5.mp3
ALREADY PROCESED: /home/vargas/repos/forests-sounds-vargas/data/Pasture/3_05_Pasture4.mp3
ALREADY PROCESED: /home/vargas/repos/forests-sounds-vargas/data/Pasture/3_00_Pasture10.mp3
ALREADY PROCESED: /home/vargas/repos/forests-sounds-vargas/data/Pasture/3_03_Pasture2.mp3
ALREADY PROCESED: /home/vargas/repos/forests-sounds-vargas/data/Pasture/3_10_Pasture9.mp3
ALREADY PROCESED: /home/vargas/repos/forests-sounds-vargas/data/Pasture/3_04_Pasture3.mp3
ALREADY PROCESED: /home/vargas/repos/forests-sounds-vargas/data/Pasture/3_02_Pasture12.mp3
ALREADY PROCESED: /home/vargas/repos/forests-sounds-vargas/data/NaturalRegeneration/1_01_PSA0009-2018.mp3
ALREADY PROCESED: /home/vargas/repos/forests-sounds-vargas/data/NaturalRegeneration/1_05_PSA0074-2020.mp3
ALREADY PROCESED: /home/vargas/repos/forests-sounds-vargas/data/NaturalRegeneration/1_13_PSA0165-2021.mp3
ALREADY PROCESED: /home/vargas/repos/forests-sounds-vargas/data/NaturalRegeneration/1_17_PSA0193-2013.mp3
ALREADY PROCESED: /home/vargas/repos/forests-sounds-vargas/data/NaturalRegeneration/1_12_PSA0161-2016.mp3
ALREADY PROCESED: /home/vargas/repos/forests-sounds-vargas/data/NaturalRegeneration/1_16_PSA0183-2017.mp3
ALREADY PROCESED: /home/vargas/repos/forests-sounds-vargas/data/NaturalRegeneration/1_03_PSA0042-2017.mp3
ALREADY PROCESED: /home/vargas/repos/forests-sounds-vargas/data/NaturalRegeneration/1_10_PSA0152-2013.mp3
ALREADY PROCESED: /home/vargas/repos/forests-sounds-vargas/data/NaturalRegeneration/1_00_PSA0004-2017.mp3
ALREADY PROCESED: /home/vargas/repos/forests-sounds-vargas/data/NaturalRegeneration/1_09_PSA0151-2016.mp3
ALREADY PROCESED: /home/vargas/repos/forests-sounds-vargas/data/NaturalRegeneration/1_04_PSA0051-2018.mp3
ALREADY PROCESED: /home/vargas/repos/forests-sounds-vargas/data/NaturalRegeneration/1_15_PSA0179-2013.mp3
ALREADY PROCESED: /home/vargas/repos/forests-sounds-vargas/data/NaturalRegeneration/1_11_PSA0159-2020.mp3
ALREADY PROCESED: /home/vargas/repos/forests-sounds-vargas/data/NaturalRegeneration/1_18_PSA0341-2012.mp3
ALREADY PROCESED: /home/vargas/repos/forests-sounds-vargas/data/NaturalRegeneration/1_19_PSA0418-2013.mp3
ALREADY PROCESED: /home/vargas/repos/forests-sounds-vargas/data/NaturalRegeneration/1_08_PSA0132-2013.mp3
ALREADY PROCESED: /home/vargas/repos/forests-sounds-vargas/data/NaturalRegeneration/1_06_PSA0093-2018.mp3
ALREADY PROCESED: /home/vargas/repos/forests-sounds-vargas/data/NaturalRegeneration/1_02_PSA0026-2020.mp3
ALREADY PROCESED: /home/vargas/repos/forests-sounds-vargas/data/NaturalRegeneration/1_14_PSA0168-2016.mp3
ALREADY PROCESED: /home/vargas/repos/forests-sounds-vargas/data/NaturalRegeneration/1_20_PSA0431-2013.mp3
ALREADY PROCESED: /home/vargas/repos/forests-sounds-vargas/data/NaturalRegeneration/1_07_PSA0099-2019.mp3
ALREADY PROCESED: /home/vargas/repos/forests-sounds-vargas/data/RefForest/0_00_RefForest1.mp3
ALREADY PROCESED: /home/vargas/repos/forests-sounds-vargas/data/RefForest/0_01_RefForest4.mp3
ALREADY PROCESED: /home/vargas/repos/forests-sounds-vargas/data/RefForest/0_02_RefForest5.mp3
SE ME CUIDA MIJO, AHÍ LE DEJO PA` QUE NO TRASNOCHE TANTO ;)
#### TIMES #### extraction TOTAL TOTAL ==>> 0.047006845474243164
#### #### HOI MODELLING #### ####
#### INDICES => [reg, sid, ban, sec, men, med, sum, max, aci, bet, mmm, npp, hfq, htp, hhh, aei] <= INDICES 16 ####
0/68 ######## ################ ################ ########
0 #### MODELLING #### REGION: ==>> f.region <<== DATA ==>> f.filename.split('/')[-1]
#### #### HOI FOREST - MODELLING #### ####
#### #### READING DATA FILES #### ####
1 #### COMBI [reg, sid, ban, sec, men, med, sum, max] METRICS ####
('Plantation', '/home/vargas/repos/forests-sounds-vargas/out/data/extraction/Plantation/2_00_PSA0010-2010_dict_y_split_7_2512283_1736694580.pkl')
(297840, 8) Index(['reg', 'sid', 'ban', 'sec', 'men', 'med', 'sum', 'max'], dtype='object') Index(['reg', 'sid', 'ban', 'sec', 'men', 'med', 'sum', 'max'], dtype='object')
#### MERGE 68 merge_data Dataframe shape: (297840, 8) #### time: 15
#### #### SPLIT TRAIN TEST #### ####
#### CLASSES: [0 1 2 3] TOTAL 4
#### SPLIT train_test_split and CUDA: ??? cuda:0 #### time: 35
#### MODELS - TOTAL 3 ####
#### EPOCHS 1 ####
#### TRAINING MODELS ####
#### TRAINING MODEL CNN_LSTM ####
#### TRAINED MODEL CNN_LSTM model training time: 8.609 total training time: 8.801 ####
#### TRAINING MODEL LSTM_CNN ####
#### TRAINED MODEL LSTM_CNN model training time: 7.638 total training time: 16.438 ####
#### TRAINING MODEL ParallelCNNLSTMModel ####
#### TRAINED MODEL ParallelCNNLSTMModel model training time: 7.583 total training time: 24.022 ####
#### TRAINING TOTAL TIME: 23.83 ####
Accuracy of the CNN_LSTM model on the test set: 68.268198 %
Accuracy of the LSTM_CNN model on the test set: 57.634972 %
Accuracy of the ParallelCNNLSTMModel model on the test set: 66.441714 %
#### TESTING TOTAL TIME: 3.695 ####
#### TIME #### TERMINO #### 78.753 ####
#### FINITO #### TERMINO #### NO-VA-MAS ####
#### TIMES #### modelling TOTAL TOTAL ==>> 78.753
#### #### READING DATA FILES #### ####
2 #### COMBI [reg, sid, ban, sec, men, med, sum, aci] METRICS ####
('Plantation', '/home/vargas/repos/forests-sounds-vargas/out/data/extraction/Plantation/2_00_PSA0010-2010_dict_y_split_7_2512283_1736694580.pkl')
(297840, 8) Index(['reg', 'sid', 'ban', 'sec', 'men', 'med', 'sum', 'aci'], dtype='object') Index(['reg', 'sid', 'ban', 'sec', 'men', 'med', 'sum', 'aci'], dtype='object')
#### MERGE 68 merge_data Dataframe shape: (297840, 8) #### time: 43
#### #### SPLIT TRAIN TEST #### ####
#### CLASSES: [0 1 2 3] TOTAL 4
#### SPLIT train_test_split and CUDA: ??? cuda:0 #### time: 35
#### MODELS - TOTAL 3 ####
#### EPOCHS 1 ####
#### TRAINING MODELS ####
#### TRAINING MODEL CNN_LSTM ####
#### TRAINED MODEL CNN_LSTM model training time: 6.563 total training time: 6.577 ####
#### TRAINING MODEL LSTM_CNN ####
#### TRAINED MODEL LSTM_CNN model training time: 7.421 total training time: 13.997 ####
#### TRAINING MODEL ParallelCNNLSTMModel ####
#### TRAINED MODEL ParallelCNNLSTMModel model training time: 7.428 total training time: 21.426 ####
#### TRAINING TOTAL TIME: 21.413 ####
Accuracy of the CNN_LSTM model on the test set: 61.962799 %
Accuracy of the LSTM_CNN model on the test set: 60.66848 %
Accuracy of the ParallelCNNLSTMModel model on the test set: 63.45689 %
#### TESTING TOTAL TIME: 3.724 ####
#### TIME #### TERMINO #### 155.55 ####
#### FINITO #### TERMINO #### NO-VA-MAS ####
#### TIMES #### modelling TOTAL TOTAL ==>> 155.55
#### #### READING DATA FILES #### ####
3 #### COMBI [reg, sid, ban, sec, men, med, sum, bet] METRICS ####
('Plantation', '/home/vargas/repos/forests-sounds-vargas/out/data/extraction/Plantation/2_00_PSA0010-2010_dict_y_split_7_2512283_1736694580.pkl')
(297840, 8) Index(['reg', 'sid', 'ban', 'sec', 'men', 'med', 'sum', 'bet'], dtype='object') Index(['reg', 'sid', 'ban', 'sec', 'men', 'med', 'sum', 'bet'], dtype='object')
#### MERGE 68 merge_data Dataframe shape: (297840, 8) #### time: 39
#### #### SPLIT TRAIN TEST #### ####
#### CLASSES: [0 1 2 3] TOTAL 4
#### SPLIT train_test_split and CUDA: ??? cuda:0 #### time: 35
#### MODELS - TOTAL 3 ####
#### EPOCHS 1 ####
#### TRAINING MODELS ####
#### TRAINING MODEL CNN_LSTM ####
#### TRAINED MODEL CNN_LSTM model training time: 6.422 total training time: 6.434 ####
#### TRAINING MODEL LSTM_CNN ####
#### TRAINED MODEL LSTM_CNN model training time: 7.51 total training time: 13.944 ####
#### TRAINING MODEL ParallelCNNLSTMModel ####
#### TRAINED MODEL ParallelCNNLSTMModel model training time: 7.648 total training time: 21.592 ####
#### TRAINING TOTAL TIME: 21.58 ####
Accuracy of the CNN_LSTM model on the test set: 79.044118 %
Accuracy of the LSTM_CNN model on the test set: 57.634972 %
Accuracy of the ParallelCNNLSTMModel model on the test set: 78.953465 %
#### TESTING TOTAL TIME: 3.519 ####
#### TIME #### TERMINO #### 230.929 ####
#### FINITO #### TERMINO #### NO-VA-MAS ####
#### TIMES #### modelling TOTAL TOTAL ==>> 230.929
#### #### READING DATA FILES #### ####
4 #### COMBI [reg, sid, ban, sec, men, med, sum, mmm] METRICS ####
('Plantation', '/home/vargas/repos/forests-sounds-vargas/out/data/extraction/Plantation/2_00_PSA0010-2010_dict_y_split_7_2512283_1736694580.pkl')
(297840, 8) Index(['reg', 'sid', 'ban', 'sec', 'men', 'med', 'sum', 'mmm'], dtype='object') Index(['reg', 'sid', 'ban', 'sec', 'men', 'med', 'sum', 'mmm'], dtype='object')
#### MERGE 68 merge_data Dataframe shape: (297840, 8) #### time: 37
#### #### SPLIT TRAIN TEST #### ####
#### CLASSES: [0 1 2 3] TOTAL 4
#### SPLIT train_test_split and CUDA: ??? cuda:0 #### time: 35
#### MODELS - TOTAL 3 ####
#### EPOCHS 1 ####
#### TRAINING MODELS ####
#### TRAINING MODEL CNN_LSTM ####
#### TRAINED MODEL CNN_LSTM model training time: 6.672 total training time: 6.684 ####
#### TRAINING MODEL LSTM_CNN ####
#### TRAINED MODEL LSTM_CNN model training time: 7.358 total training time: 14.042 ####
#### TRAINING MODEL ParallelCNNLSTMModel ####
#### TRAINED MODEL ParallelCNNLSTMModel model training time: 7.684 total training time: 21.726 ####
#### TRAINING TOTAL TIME: 21.714 ####
Accuracy of the CNN_LSTM model on the test set: 68.284985 %
Accuracy of the LSTM_CNN model on the test set: 57.599718 %
Accuracy of the ParallelCNNLSTMModel model on the test set: 68.679492 %
#### TESTING TOTAL TIME: 3.685 ####
#### TIME #### TERMINO #### 304.327 ####
#### FINITO #### TERMINO #### NO-VA-MAS ####
#### TIMES #### modelling TOTAL TOTAL ==>> 304.327
#### #### READING DATA FILES #### ####
5 #### COMBI [reg, sid, ban, sec, men, med, sum, npp] METRICS ####
('Plantation', '/home/vargas/repos/forests-sounds-vargas/out/data/extraction/Plantation/2_00_PSA0010-2010_dict_y_split_7_2512283_1736694580.pkl')
(297840, 8) Index(['reg', 'sid', 'ban', 'sec', 'men', 'med', 'sum', 'npp'], dtype='object') Index(['reg', 'sid', 'ban', 'sec', 'men', 'med', 'sum', 'npp'], dtype='object')
#### MERGE 68 merge_data Dataframe shape: (297840, 8) #### time: 38
#### #### SPLIT TRAIN TEST #### ####
#### CLASSES: [0 1 2 3] TOTAL 4
#### SPLIT train_test_split and CUDA: ??? cuda:0 #### time: 35
#### MODELS - TOTAL 3 ####
#### EPOCHS 1 ####
#### TRAINING MODELS ####
#### TRAINING MODEL CNN_LSTM ####
#### TRAINED MODEL CNN_LSTM model training time: 6.479 total training time: 6.491 ####
#### TRAINING MODEL LSTM_CNN ####
#### TRAINED MODEL LSTM_CNN model training time: 7.54 total training time: 14.03 ####
#### TRAINING MODEL ParallelCNNLSTMModel ####
#### TRAINED MODEL ParallelCNNLSTMModel model training time: 7.713 total training time: 21.744 ####
#### TRAINING TOTAL TIME: 21.732 ####
Accuracy of the CNN_LSTM model on the test set: 90.74671 %
Accuracy of the LSTM_CNN model on the test set: 62.439565 %
Accuracy of the ParallelCNNLSTMModel model on the test set: 89.986234 %
#### TESTING TOTAL TIME: 3.563 ####
#### TIME #### TERMINO #### 378.285 ####
#### FINITO #### TERMINO #### NO-VA-MAS ####
#### TIMES #### modelling TOTAL TOTAL ==>> 378.285
#### #### READING DATA FILES #### ####
6 #### COMBI [reg, sid, ban, sec, men, med, sum, hfq] METRICS ####
('Plantation', '/home/vargas/repos/forests-sounds-vargas/out/data/extraction/Plantation/2_00_PSA0010-2010_dict_y_split_7_2512283_1736694580.pkl')
(297840, 8) Index(['reg', 'sid', 'ban', 'sec', 'men', 'med', 'sum', 'hfq'], dtype='object') Index(['reg', 'sid', 'ban', 'sec', 'men', 'med', 'sum', 'hfq'], dtype='object')
#### MERGE 68 merge_data Dataframe shape: (297840, 8) #### time: 38
#### #### SPLIT TRAIN TEST #### ####
#### CLASSES: [0 1 2 3] TOTAL 4
#### SPLIT train_test_split and CUDA: ??? cuda:0 #### time: 35
#### MODELS - TOTAL 3 ####
#### EPOCHS 1 ####
#### TRAINING MODELS ####
#### TRAINING MODEL CNN_LSTM ####
#### TRAINED MODEL CNN_LSTM model training time: 6.658 total training time: 6.67 ####
#### TRAINING MODEL LSTM_CNN ####
#### TRAINED MODEL LSTM_CNN model training time: 7.359 total training time: 14.029 ####
#### TRAINING MODEL ParallelCNNLSTMModel ####
#### TRAINED MODEL ParallelCNNLSTMModel model training time: 7.707 total training time: 21.736 ####
#### TRAINING TOTAL TIME: 21.725 ####
Accuracy of the CNN_LSTM model on the test set: 68.041566 %
Accuracy of the LSTM_CNN model on the test set: 57.534247 %
Accuracy of the ParallelCNNLSTMModel model on the test set: 68.907803 %
#### TESTING TOTAL TIME: 3.539 ####
#### TIME #### TERMINO #### 452.413 ####
#### FINITO #### TERMINO #### NO-VA-MAS ####
#### TIMES #### modelling TOTAL TOTAL ==>> 452.413
#### #### READING DATA FILES #### ####
7 #### COMBI [reg, sid, ban, sec, men, med, sum, htp] METRICS ####
('Plantation', '/home/vargas/repos/forests-sounds-vargas/out/data/extraction/Plantation/2_00_PSA0010-2010_dict_y_split_7_2512283_1736694580.pkl')
(297840, 8) Index(['reg', 'sid', 'ban', 'sec', 'men', 'med', 'sum', 'htp'], dtype='object') Index(['reg', 'sid', 'ban', 'sec', 'men', 'med', 'sum', 'htp'], dtype='object')
#### MERGE 68 merge_data Dataframe shape: (297840, 8) #### time: 39
#### #### SPLIT TRAIN TEST #### ####
#### CLASSES: [0 1 2 3] TOTAL 4
#### SPLIT train_test_split and CUDA: ??? cuda:0 #### time: 37
#### MODELS - TOTAL 3 ####
#### EPOCHS 1 ####
#### TRAINING MODELS ####
#### TRAINING MODEL CNN_LSTM ####
#### TRAINED MODEL CNN_LSTM model training time: 6.67 total training time: 6.682 ####
#### TRAINING MODEL LSTM_CNN ####
#### TRAINED MODEL LSTM_CNN model training time: 7.563 total training time: 14.246 ####
#### TRAINING MODEL ParallelCNNLSTMModel ####
#### TRAINED MODEL ParallelCNNLSTMModel model training time: 7.528 total training time: 21.773 ####
#### TRAINING TOTAL TIME: 21.761 ####
Accuracy of the CNN_LSTM model on the test set: 68.043245 %
Accuracy of the LSTM_CNN model on the test set: 57.713873 %
Accuracy of the ParallelCNNLSTMModel model on the test set: 68.622415 %
#### TESTING TOTAL TIME: 3.686 ####
#### TIME #### TERMINO #### 529.506 ####
#### FINITO #### TERMINO #### NO-VA-MAS ####
#### TIMES #### modelling TOTAL TOTAL ==>> 529.506
#### #### READING DATA FILES #### ####
8 #### COMBI [reg, sid, ban, sec, men, med, sum, hhh] METRICS ####
('Plantation', '/home/vargas/repos/forests-sounds-vargas/out/data/extraction/Plantation/2_00_PSA0010-2010_dict_y_split_7_2512283_1736694580.pkl')
(297840, 8) Index(['reg', 'sid', 'ban', 'sec', 'men', 'med', 'sum', 'hhh'], dtype='object') Index(['reg', 'sid', 'ban', 'sec', 'men', 'med', 'sum', 'hhh'], dtype='object')
#### MERGE 68 merge_data Dataframe shape: (297840, 8) #### time: 44
#### #### SPLIT TRAIN TEST #### ####
#### CLASSES: [0 1 2 3] TOTAL 4
#### SPLIT train_test_split and CUDA: ??? cuda:0 #### time: 35
#### MODELS - TOTAL 3 ####
#### EPOCHS 1 ####
#### TRAINING MODELS ####
#### TRAINING MODEL CNN_LSTM ####
#### TRAINED MODEL CNN_LSTM model training time: 6.687 total training time: 6.699 ####
#### TRAINING MODEL LSTM_CNN ####
#### TRAINED MODEL LSTM_CNN model training time: 7.367 total training time: 14.066 ####
#### TRAINING MODEL ParallelCNNLSTMModel ####
#### TRAINED MODEL ParallelCNNLSTMModel model training time: 7.714 total training time: 21.779 ####
#### TRAINING TOTAL TIME: 21.768 ####
Accuracy of the CNN_LSTM model on the test set: 68.64256 %
Accuracy of the LSTM_CNN model on the test set: 57.831386 %
Accuracy of the ParallelCNNLSTMModel model on the test set: 68.382353 %
#### TESTING TOTAL TIME: 3.548 ####
#### TIME #### TERMINO #### 609.469 ####
#### FINITO #### TERMINO #### NO-VA-MAS ####
#### TIMES #### modelling TOTAL TOTAL ==>> 609.469
#### #### READING DATA FILES #### ####
9 #### COMBI [reg, sid, ban, sec, men, med, sum, aei] METRICS ####
('Plantation', '/home/vargas/repos/forests-sounds-vargas/out/data/extraction/Plantation/2_00_PSA0010-2010_dict_y_split_7_2512283_1736694580.pkl')
(297840, 8) Index(['reg', 'sid', 'ban', 'sec', 'men', 'med', 'sum', 'aei'], dtype='object') Index(['reg', 'sid', 'ban', 'sec', 'men', 'med', 'sum', 'aei'], dtype='object')
#### MERGE 68 merge_data Dataframe shape: (297840, 8) #### time: 46
#### #### SPLIT TRAIN TEST #### ####
#### CLASSES: [0 1 2 3] TOTAL 4
#### SPLIT train_test_split and CUDA: ??? cuda:0 #### time: 35
#### MODELS - TOTAL 3 ####
#### EPOCHS 1 ####
#### TRAINING MODELS ####
#### TRAINING MODEL CNN_LSTM ####
#### TRAINED MODEL CNN_LSTM model training time: 6.652 total training time: 6.665 ####
#### TRAINING MODEL LSTM_CNN ####
#### TRAINED MODEL LSTM_CNN model training time: 7.539 total training time: 14.204 ####
#### TRAINING MODEL ParallelCNNLSTMModel ####
#### TRAINED MODEL ParallelCNNLSTMModel model training time: 7.54 total training time: 21.744 ####
#### TRAINING TOTAL TIME: 21.731 ####
Accuracy of the CNN_LSTM model on the test set: 68.07682 %
Accuracy of the LSTM_CNN model on the test set: 58.032836 %
Accuracy of the ParallelCNNLSTMModel model on the test set: 68.961523 %
#### TESTING TOTAL TIME: 3.683 ####
#### TIME #### TERMINO #### 691.505 ####
#### FINITO #### TERMINO #### NO-VA-MAS ####
#### TIMES #### modelling TOTAL TOTAL ==>> 691.505
#### #### READING DATA FILES #### ####
10 #### COMBI [reg, sid, ban, sec, men, med, sum, max, aci] METRICS ####
('Plantation', '/home/vargas/repos/forests-sounds-vargas/out/data/extraction/Plantation/2_00_PSA0010-2010_dict_y_split_7_2512283_1736694580.pkl')
(297840, 9) Index(['reg', 'sid', 'ban', 'sec', 'men', 'med', 'sum', 'max', 'aci'], dtype='object') Index(['reg', 'sid', 'ban', 'sec', 'men', 'med', 'sum', 'max', 'aci'], dtype='object')
#### MERGE 68 merge_data Dataframe shape: (297840, 9) #### time: 38
#### #### SPLIT TRAIN TEST #### ####
#### CLASSES: [0 1 2 3] TOTAL 4
#### SPLIT train_test_split and CUDA: ??? cuda:0 #### time: 35
#### MODELS - TOTAL 3 ####
#### EPOCHS 1 ####
#### TRAINING MODELS ####
#### TRAINING MODEL CNN_LSTM ####
#### TRAINED MODEL CNN_LSTM model training time: 6.735 total training time: 6.746 ####
#### TRAINING MODEL LSTM_CNN ####
#### TRAINED MODEL LSTM_CNN model training time: 7.661 total training time: 14.408 ####
#### TRAINING MODEL ParallelCNNLSTMModel ####
#### TRAINED MODEL ParallelCNNLSTMModel model training time: 7.772 total training time: 22.18 ####
#### TRAINING TOTAL TIME: 22.168 ####
Accuracy of the CNN_LSTM model on the test set: 62.397596 %
Accuracy of the LSTM_CNN model on the test set: 63.317553 %
Accuracy of the ParallelCNNLSTMModel model on the test set: 66.206688 %
#### TESTING TOTAL TIME: 3.559 ####
#### TIME #### TERMINO #### 765.192 ####
#### FINITO #### TERMINO #### NO-VA-MAS ####
#### TIMES #### modelling TOTAL TOTAL ==>> 765.192
#### #### READING DATA FILES #### ####
11 #### COMBI [reg, sid, ban, sec, men, med, sum, max, bet] METRICS ####
('Plantation', '/home/vargas/repos/forests-sounds-vargas/out/data/extraction/Plantation/2_00_PSA0010-2010_dict_y_split_7_2512283_1736694580.pkl')
(297840, 9) Index(['reg', 'sid', 'ban', 'sec', 'men', 'med', 'sum', 'max', 'bet'], dtype='object') Index(['reg', 'sid', 'ban', 'sec', 'men', 'med', 'sum', 'max', 'bet'], dtype='object')
#### MERGE 68 merge_data Dataframe shape: (297840, 9) #### time: 38
#### #### SPLIT TRAIN TEST #### ####
#### CLASSES: [0 1 2 3] TOTAL 4
#### SPLIT train_test_split and CUDA: ??? cuda:0 #### time: 35
#### MODELS - TOTAL 3 ####
#### EPOCHS 1 ####
#### TRAINING MODELS ####
#### TRAINING MODEL CNN_LSTM ####
#### TRAINED MODEL CNN_LSTM model training time: 6.915 total training time: 6.926 ####
#### TRAINING MODEL LSTM_CNN ####
#### TRAINED MODEL LSTM_CNN model training time: 7.672 total training time: 14.599 ####
#### TRAINING MODEL ParallelCNNLSTMModel ####
#### TRAINED MODEL ParallelCNNLSTMModel model training time: 7.616 total training time: 22.215 ####
#### TRAINING TOTAL TIME: 22.203 ####
Accuracy of the CNN_LSTM model on the test set: 76.290962 %
Accuracy of the LSTM_CNN model on the test set: 57.322724 %
Accuracy of the ParallelCNNLSTMModel model on the test set: 76.69722 %
#### TESTING TOTAL TIME: 3.698 ####
#### TIME #### TERMINO #### 839.431 ####
#### FINITO #### TERMINO #### NO-VA-MAS ####
#### TIMES #### modelling TOTAL TOTAL ==>> 839.431
#### #### READING DATA FILES #### ####
12 #### COMBI [reg, sid, ban, sec, men, med, sum, max, mmm] METRICS ####
('Plantation', '/home/vargas/repos/forests-sounds-vargas/out/data/extraction/Plantation/2_00_PSA0010-2010_dict_y_split_7_2512283_1736694580.pkl')
(297840, 9) Index(['reg', 'sid', 'ban', 'sec', 'men', 'med', 'sum', 'max', 'mmm'], dtype='object') Index(['reg', 'sid', 'ban', 'sec', 'men', 'med', 'sum', 'max', 'mmm'], dtype='object')
#### MERGE 68 merge_data Dataframe shape: (297840, 9) #### time: 38
#### #### SPLIT TRAIN TEST #### ####
#### CLASSES: [0 1 2 3] TOTAL 4
#### SPLIT train_test_split and CUDA: ??? cuda:0 #### time: 35
#### MODELS - TOTAL 3 ####
#### EPOCHS 1 ####
#### TRAINING MODELS ####
#### TRAINING MODEL CNN_LSTM ####
#### TRAINED MODEL CNN_LSTM model training time: 6.72 total training time: 6.732 ####
#### TRAINING MODEL LSTM_CNN ####
#### TRAINED MODEL LSTM_CNN model training time: 7.668 total training time: 14.4 ####
#### TRAINING MODEL ParallelCNNLSTMModel ####
#### TRAINED MODEL ParallelCNNLSTMModel model training time: 7.787 total training time: 22.188 ####
#### TRAINING TOTAL TIME: 22.176 ####
Accuracy of the CNN_LSTM model on the test set: 67.989525 %
Accuracy of the LSTM_CNN model on the test set: 57.559428 %
Accuracy of the ParallelCNNLSTMModel model on the test set: 68.572052 %
#### TESTING TOTAL TIME: 3.56 ####
#### TIME #### TERMINO #### 913.726 ####
#### FINITO #### TERMINO #### NO-VA-MAS ####
#### TIMES #### modelling TOTAL TOTAL ==>> 913.726
#### #### READING DATA FILES #### ####
13 #### COMBI [reg, sid, ban, sec, men, med, sum, max, npp] METRICS ####
('Plantation', '/home/vargas/repos/forests-sounds-vargas/out/data/extraction/Plantation/2_00_PSA0010-2010_dict_y_split_7_2512283_1736694580.pkl')
(297840, 9) Index(['reg', 'sid', 'ban', 'sec', 'men', 'med', 'sum', 'max', 'npp'], dtype='object') Index(['reg', 'sid', 'ban', 'sec', 'men', 'med', 'sum', 'max', 'npp'], dtype='object')
#### MERGE 68 merge_data Dataframe shape: (297840, 9) #### time: 44
#### #### SPLIT TRAIN TEST #### ####
#### CLASSES: [0 1 2 3] TOTAL 4
#### SPLIT train_test_split and CUDA: ??? cuda:0 #### time: 35
#### MODELS - TOTAL 3 ####
#### EPOCHS 1 ####
#### TRAINING MODELS ####
#### TRAINING MODEL CNN_LSTM ####
#### TRAINED MODEL CNN_LSTM model training time: 6.894 total training time: 6.906 ####
#### TRAINING MODEL LSTM_CNN ####
#### TRAINED MODEL LSTM_CNN model training time: 7.556 total training time: 14.462 ####
#### TRAINING MODEL ParallelCNNLSTMModel ####
#### TRAINED MODEL ParallelCNNLSTMModel model training time: 7.8 total training time: 22.263 ####
#### TRAINING TOTAL TIME: 22.251 ####
Accuracy of the CNN_LSTM model on the test set: 91.174792 %
Accuracy of the LSTM_CNN model on the test set: 60.895111 %
Accuracy of the ParallelCNNLSTMModel model on the test set: 91.476967 %
#### TESTING TOTAL TIME: 3.713 ####
#### TIME #### TERMINO #### 993.869 ####
#### FINITO #### TERMINO #### NO-VA-MAS ####
#### TIMES #### modelling TOTAL TOTAL ==>> 993.869
#### #### READING DATA FILES #### ####
14 #### COMBI [reg, sid, ban, sec, men, med, sum, max, hfq] METRICS ####
('Plantation', '/home/vargas/repos/forests-sounds-vargas/out/data/extraction/Plantation/2_00_PSA0010-2010_dict_y_split_7_2512283_1736694580.pkl')
(297840, 9) Index(['reg', 'sid', 'ban', 'sec', 'men', 'med', 'sum', 'max', 'hfq'], dtype='object') Index(['reg', 'sid', 'ban', 'sec', 'men', 'med', 'sum', 'max', 'hfq'], dtype='object')
#### MERGE 68 merge_data Dataframe shape: (297840, 9) #### time: 39
#### #### SPLIT TRAIN TEST #### ####
#### CLASSES: [0 1 2 3] TOTAL 4
#### SPLIT train_test_split and CUDA: ??? cuda:0 #### time: 35
#### MODELS - TOTAL 3 ####
#### EPOCHS 1 ####
#### TRAINING MODELS ####
#### TRAINING MODEL CNN_LSTM ####
#### TRAINED MODEL CNN_LSTM model training time: 6.713 total training time: 6.725 ####
#### TRAINING MODEL LSTM_CNN ####
#### TRAINED MODEL LSTM_CNN model training time: 7.662 total training time: 14.387 ####
#### TRAINING MODEL ParallelCNNLSTMModel ####
#### TRAINED MODEL ParallelCNNLSTMModel model training time: 7.592 total training time: 21.979 ####
#### TRAINING TOTAL TIME: 21.967 ####
Accuracy of the CNN_LSTM model on the test set: 68.348778 %
Accuracy of the LSTM_CNN model on the test set: 56.986973 %
Accuracy of the ParallelCNNLSTMModel model on the test set: 68.780218 %
#### TESTING TOTAL TIME: 3.699 ####
#### TIME #### TERMINO #### 1068.293 ####
#### FINITO #### TERMINO #### NO-VA-MAS ####
#### TIMES #### modelling TOTAL TOTAL ==>> 1068.293
#### #### READING DATA FILES #### ####
15 #### COMBI [reg, sid, ban, sec, men, med, sum, max, htp] METRICS ####
('Plantation', '/home/vargas/repos/forests-sounds-vargas/out/data/extraction/Plantation/2_00_PSA0010-2010_dict_y_split_7_2512283_1736694580.pkl')
(297840, 9) Index(['reg', 'sid', 'ban', 'sec', 'men', 'med', 'sum', 'max', 'htp'], dtype='object') Index(['reg', 'sid', 'ban', 'sec', 'men', 'med', 'sum', 'max', 'htp'], dtype='object')
#### MERGE 68 merge_data Dataframe shape: (297840, 9) #### time: 38
#### #### SPLIT TRAIN TEST #### ####
#### CLASSES: [0 1 2 3] TOTAL 4
#### SPLIT train_test_split and CUDA: ??? cuda:0 #### time: 36
#### MODELS - TOTAL 3 ####
#### EPOCHS 1 ####
#### TRAINING MODELS ####
#### TRAINING MODEL CNN_LSTM ####
#### TRAINED MODEL CNN_LSTM model training time: 6.888 total training time: 6.9 ####
#### TRAINING MODEL LSTM_CNN ####
#### TRAINED MODEL LSTM_CNN model training time: 7.483 total training time: 14.383 ####
#### TRAINING MODEL ParallelCNNLSTMModel ####
#### TRAINED MODEL ParallelCNNLSTMModel model training time: 7.75 total training time: 22.133 ####
#### TRAINING TOTAL TIME: 22.121 ####
Accuracy of the CNN_LSTM model on the test set: 68.00967 %
Accuracy of the LSTM_CNN model on the test set: 57.359656 %
Accuracy of the ParallelCNNLSTMModel model on the test set: 69.14115 %
#### TESTING TOTAL TIME: 3.543 ####
#### TIME #### TERMINO #### 1143.1 ####
#### FINITO #### TERMINO #### NO-VA-MAS ####
#### TIMES #### modelling TOTAL TOTAL ==>> 1143.1
#### #### READING DATA FILES #### ####
16 #### COMBI [reg, sid, ban, sec, men, med, sum, max, hhh] METRICS ####
('Plantation', '/home/vargas/repos/forests-sounds-vargas/out/data/extraction/Plantation/2_00_PSA0010-2010_dict_y_split_7_2512283_1736694580.pkl')
(297840, 9) Index(['reg', 'sid', 'ban', 'sec', 'men', 'med', 'sum', 'max', 'hhh'], dtype='object') Index(['reg', 'sid', 'ban', 'sec', 'men', 'med', 'sum', 'max', 'hhh'], dtype='object')
#### MERGE 68 merge_data Dataframe shape: (297840, 9) #### time: 38
#### #### SPLIT TRAIN TEST #### ####
#### CLASSES: [0 1 2 3] TOTAL 4
#### SPLIT train_test_split and CUDA: ??? cuda:0 #### time: 35
#### MODELS - TOTAL 3 ####
#### EPOCHS 1 ####
#### TRAINING MODELS ####
#### TRAINING MODEL CNN_LSTM ####
#### TRAINED MODEL CNN_LSTM model training time: 6.885 total training time: 6.897 ####
#### TRAINING MODEL LSTM_CNN ####
#### TRAINED MODEL LSTM_CNN model training time: 7.656 total training time: 14.553 ####
#### TRAINING MODEL ParallelCNNLSTMModel ####
#### TRAINED MODEL ParallelCNNLSTMModel model training time: 7.598 total training time: 22.151 ####
#### TRAINING TOTAL TIME: 22.139 ####
Accuracy of the CNN_LSTM model on the test set: 67.477505 %
Accuracy of the LSTM_CNN model on the test set: 57.44863 %
Accuracy of the ParallelCNNLSTMModel model on the test set: 69.067284 %
#### TESTING TOTAL TIME: 3.719 ####
#### TIME #### TERMINO #### 1217.678 ####
#### FINITO #### TERMINO #### NO-VA-MAS ####
#### TIMES #### modelling TOTAL TOTAL ==>> 1217.678
#### #### READING DATA FILES #### ####
17 #### COMBI [reg, sid, ban, sec, men, med, sum, max, aei] METRICS ####
('Plantation', '/home/vargas/repos/forests-sounds-vargas/out/data/extraction/Plantation/2_00_PSA0010-2010_dict_y_split_7_2512283_1736694580.pkl')
(297840, 9) Index(['reg', 'sid', 'ban', 'sec', 'men', 'med', 'sum', 'max', 'aei'], dtype='object') Index(['reg', 'sid', 'ban', 'sec', 'men', 'med', 'sum', 'max', 'aei'], dtype='object')
#### MERGE 68 merge_data Dataframe shape: (297840, 9) #### time: 39
#### #### SPLIT TRAIN TEST #### ####
#### CLASSES: [0 1 2 3] TOTAL 4
#### SPLIT train_test_split and CUDA: ??? cuda:0 #### time: 35
#### MODELS - TOTAL 3 ####
#### EPOCHS 1 ####
#### TRAINING MODELS ####
#### TRAINING MODEL CNN_LSTM ####
#### TRAINED MODEL CNN_LSTM model training time: 6.706 total training time: 6.718 ####
#### TRAINING MODEL LSTM_CNN ####
#### TRAINED MODEL LSTM_CNN model training time: 7.662 total training time: 14.381 ####
#### TRAINING MODEL ParallelCNNLSTMModel ####
#### TRAINED MODEL ParallelCNNLSTMModel model training time: 7.765 total training time: 22.145 ####
#### TRAINING TOTAL TIME: 22.133 ####
Accuracy of the CNN_LSTM model on the test set: 66.28559 %
Accuracy of the LSTM_CNN model on the test set: 52.726296 %
Accuracy of the ParallelCNNLSTMModel model on the test set: 68.874228 %
#### TESTING TOTAL TIME: 3.553 ####
#### TIME #### TERMINO #### 1292.195 ####
#### FINITO #### TERMINO #### NO-VA-MAS ####
#### TIMES #### modelling TOTAL TOTAL ==>> 1292.195
#### #### READING DATA FILES #### ####
18 #### COMBI [reg, sid, ban, sec, men, med, sum, aci, bet] METRICS ####
('Plantation', '/home/vargas/repos/forests-sounds-vargas/out/data/extraction/Plantation/2_00_PSA0010-2010_dict_y_split_7_2512283_1736694580.pkl')
(297840, 9) Index(['reg', 'sid', 'ban', 'sec', 'men', 'med', 'sum', 'aci', 'bet'], dtype='object') Index(['reg', 'sid', 'ban', 'sec', 'men', 'med', 'sum', 'aci', 'bet'], dtype='object')
#### MERGE 68 merge_data Dataframe shape: (297840, 9) #### time: 40
#### #### SPLIT TRAIN TEST #### ####
#### CLASSES: [0 1 2 3] TOTAL 4
#### SPLIT train_test_split and CUDA: ??? cuda:0 #### time: 35
#### MODELS - TOTAL 3 ####
#### EPOCHS 1 ####
#### TRAINING MODELS ####
#### TRAINING MODEL CNN_LSTM ####
#### TRAINED MODEL CNN_LSTM model training time: 6.893 total training time: 6.905 ####
#### TRAINING MODEL LSTM_CNN ####
#### TRAINED MODEL LSTM_CNN model training time: 7.669 total training time: 14.574 ####
#### TRAINING MODEL ParallelCNNLSTMModel ####
#### TRAINED MODEL ParallelCNNLSTMModel model training time: 7.596 total training time: 22.17 ####
#### TRAINING TOTAL TIME: 22.159 ####
Accuracy of the CNN_LSTM model on the test set: 74.543379 %
Accuracy of the LSTM_CNN model on the test set: 59.65787 %
Accuracy of the ParallelCNNLSTMModel model on the test set: 75.743688 %
#### TESTING TOTAL TIME: 3.712 ####
#### TIME #### TERMINO #### 1367.975 ####
#### FINITO #### TERMINO #### NO-VA-MAS ####
#### TIMES #### modelling TOTAL TOTAL ==>> 1367.975
#### #### READING DATA FILES #### ####
19 #### COMBI [reg, sid, ban, sec, men, med, sum, aci, mmm] METRICS ####
('Plantation', '/home/vargas/repos/forests-sounds-vargas/out/data/extraction/Plantation/2_00_PSA0010-2010_dict_y_split_7_2512283_1736694580.pkl')
(297840, 9) Index(['reg', 'sid', 'ban', 'sec', 'men', 'med', 'sum', 'aci', 'mmm'], dtype='object') Index(['reg', 'sid', 'ban', 'sec', 'men', 'med', 'sum', 'aci', 'mmm'], dtype='object')
#### MERGE 68 merge_data Dataframe shape: (297840, 9) #### time: 39
#### #### SPLIT TRAIN TEST #### ####
#### CLASSES: [0 1 2 3] TOTAL 4
#### SPLIT train_test_split and CUDA: ??? cuda:0 #### time: 35
#### MODELS - TOTAL 3 ####
#### EPOCHS 1 ####
#### TRAINING MODELS ####
#### TRAINING MODEL CNN_LSTM ####
#### TRAINED MODEL CNN_LSTM model training time: 6.712 total training time: 6.724 ####
#### TRAINING MODEL LSTM_CNN ####
#### TRAINED MODEL LSTM_CNN model training time: 7.657 total training time: 14.381 ####
#### TRAINING MODEL ParallelCNNLSTMModel ####
#### TRAINED MODEL ParallelCNNLSTMModel model training time: 7.74 total training time: 22.121 ####
#### TRAINING TOTAL TIME: 22.109 ####
Accuracy of the CNN_LSTM model on the test set: 61.74624 %
Accuracy of the LSTM_CNN model on the test set: 59.211322 %
Accuracy of the ParallelCNNLSTMModel model on the test set: 66.018668 %
#### TESTING TOTAL TIME: 3.555 ####
#### TIME #### TERMINO #### 1442.402 ####
#### FINITO #### TERMINO #### NO-VA-MAS ####
#### TIMES #### modelling TOTAL TOTAL ==>> 1442.402
#### #### READING DATA FILES #### ####
20 #### COMBI [reg, sid, ban, sec, men, med, sum, aci, npp] METRICS ####
('Plantation', '/home/vargas/repos/forests-sounds-vargas/out/data/extraction/Plantation/2_00_PSA0010-2010_dict_y_split_7_2512283_1736694580.pkl')
(297840, 9) Index(['reg', 'sid', 'ban', 'sec', 'men', 'med', 'sum', 'aci', 'npp'], dtype='object') Index(['reg', 'sid', 'ban', 'sec', 'men', 'med', 'sum', 'aci', 'npp'], dtype='object')
#### MERGE 68 merge_data Dataframe shape: (297840, 9) #### time: 39
#### #### SPLIT TRAIN TEST #### ####
#### CLASSES: [0 1 2 3] TOTAL 4
#### SPLIT train_test_split and CUDA: ??? cuda:0 #### time: 35
#### MODELS - TOTAL 3 ####
#### EPOCHS 1 ####
#### TRAINING MODELS ####
#### TRAINING MODEL CNN_LSTM ####
#### TRAINED MODEL CNN_LSTM model training time: 6.895 total training time: 6.907 ####
#### TRAINING MODEL LSTM_CNN ####
#### TRAINED MODEL LSTM_CNN model training time: 7.502 total training time: 14.409 ####
#### TRAINING MODEL ParallelCNNLSTMModel ####
#### TRAINED MODEL ParallelCNNLSTMModel model training time: 7.738 total training time: 22.147 ####
#### TRAINING TOTAL TIME: 22.136 ####
Accuracy of the CNN_LSTM model on the test set: 86.282904 %
Accuracy of the LSTM_CNN model on the test set: 62.196146 %
Accuracy of the ParallelCNNLSTMModel model on the test set: 87.399275 %
#### TESTING TOTAL TIME: 3.699 ####
#### TIME #### TERMINO #### 1518.078 ####
#### FINITO #### TERMINO #### NO-VA-MAS ####
#### TIMES #### modelling TOTAL TOTAL ==>> 1518.078
#### #### READING DATA FILES #### ####
21 #### COMBI [reg, sid, ban, sec, men, med, sum, aci, hfq] METRICS ####
('Plantation', '/home/vargas/repos/forests-sounds-vargas/out/data/extraction/Plantation/2_00_PSA0010-2010_dict_y_split_7_2512283_1736694580.pkl')
(297840, 9) Index(['reg', 'sid', 'ban', 'sec', 'men', 'med', 'sum', 'aci', 'hfq'], dtype='object') Index(['reg', 'sid', 'ban', 'sec', 'men', 'med', 'sum', 'aci', 'hfq'], dtype='object')
#### MERGE 68 merge_data Dataframe shape: (297840, 9) #### time: 40
#### #### SPLIT TRAIN TEST #### ####
#### CLASSES: [0 1 2 3] TOTAL 4
#### SPLIT train_test_split and CUDA: ??? cuda:0 #### time: 35
#### MODELS - TOTAL 3 ####
#### EPOCHS 1 ####
#### TRAINING MODELS ####
#### TRAINING MODEL CNN_LSTM ####
#### TRAINED MODEL CNN_LSTM model training time: 6.713 total training time: 6.726 ####
#### TRAINING MODEL LSTM_CNN ####
#### TRAINED MODEL LSTM_CNN model training time: 7.697 total training time: 14.423 ####
#### TRAINING MODEL ParallelCNNLSTMModel ####
#### TRAINED MODEL ParallelCNNLSTMModel model training time: 7.761 total training time: 22.184 ####
#### TRAINING TOTAL TIME: 22.172 ####
Accuracy of the CNN_LSTM model on the test set: 61.078096 %
Accuracy of the LSTM_CNN model on the test set: 58.909146 %
Accuracy of the ParallelCNNLSTMModel model on the test set: 64.04949 %
#### TESTING TOTAL TIME: 3.554 ####
#### TIME #### TERMINO #### 1593.675 ####
#### FINITO #### TERMINO #### NO-VA-MAS ####
#### TIMES #### modelling TOTAL TOTAL ==>> 1593.675
#### #### READING DATA FILES #### ####
22 #### COMBI [reg, sid, ban, sec, men, med, sum, aci, htp] METRICS ####
('Plantation', '/home/vargas/repos/forests-sounds-vargas/out/data/extraction/Plantation/2_00_PSA0010-2010_dict_y_split_7_2512283_1736694580.pkl')
(297840, 9) Index(['reg', 'sid', 'ban', 'sec', 'men', 'med', 'sum', 'aci', 'htp'], dtype='object') Index(['reg', 'sid', 'ban', 'sec', 'men', 'med', 'sum', 'aci', 'htp'], dtype='object')
#### MERGE 68 merge_data Dataframe shape: (297840, 9) #### time: 38
#### #### SPLIT TRAIN TEST #### ####
#### CLASSES: [0 1 2 3] TOTAL 4
#### SPLIT train_test_split and CUDA: ??? cuda:0 #### time: 35
#### MODELS - TOTAL 3 ####
#### EPOCHS 1 ####
#### TRAINING MODELS ####
#### TRAINING MODEL CNN_LSTM ####
#### TRAINED MODEL CNN_LSTM model training time: 6.892 total training time: 6.904 ####
#### TRAINING MODEL LSTM_CNN ####
#### TRAINED MODEL LSTM_CNN model training time: 7.51 total training time: 14.413 ####
#### TRAINING MODEL ParallelCNNLSTMModel ####
#### TRAINED MODEL ParallelCNNLSTMModel model training time: 7.742 total training time: 22.156 ####
#### TRAINING TOTAL TIME: 22.144 ####
Accuracy of the CNN_LSTM model on the test set: 64.707561 %
Accuracy of the LSTM_CNN model on the test set: 61.605224 %
Accuracy of the ParallelCNNLSTMModel model on the test set: 64.62866 %
#### TESTING TOTAL TIME: 3.557 ####
#### TIME #### TERMINO #### 1667.843 ####
#### FINITO #### TERMINO #### NO-VA-MAS ####
#### TIMES #### modelling TOTAL TOTAL ==>> 1667.843
#### #### READING DATA FILES #### ####
23 #### COMBI [reg, sid, ban, sec, men, med, sum, aci, hhh] METRICS ####
('Plantation', '/home/vargas/repos/forests-sounds-vargas/out/data/extraction/Plantation/2_00_PSA0010-2010_dict_y_split_7_2512283_1736694580.pkl')
(297840, 9) Index(['reg', 'sid', 'ban', 'sec', 'men', 'med', 'sum', 'aci', 'hhh'], dtype='object') Index(['reg', 'sid', 'ban', 'sec', 'men', 'med', 'sum', 'aci', 'hhh'], dtype='object')
#### MERGE 68 merge_data Dataframe shape: (297840, 9) #### time: 42
#### #### SPLIT TRAIN TEST #### ####
#### CLASSES: [0 1 2 3] TOTAL 4
#### SPLIT train_test_split and CUDA: ??? cuda:0 #### time: 35
#### MODELS - TOTAL 3 ####
#### EPOCHS 1 ####
#### TRAINING MODELS ####
#### TRAINING MODEL CNN_LSTM ####
#### TRAINED MODEL CNN_LSTM model training time: 6.887 total training time: 6.899 ####
#### TRAINING MODEL LSTM_CNN ####
#### TRAINED MODEL LSTM_CNN model training time: 7.638 total training time: 14.537 ####
#### TRAINING MODEL ParallelCNNLSTMModel ####
#### TRAINED MODEL ParallelCNNLSTMModel model training time: 7.596 total training time: 22.133 ####
#### TRAINING TOTAL TIME: 22.121 ####
Accuracy of the CNN_LSTM model on the test set: 63.059025 %
Accuracy of the LSTM_CNN model on the test set: 61.736167 %
Accuracy of the ParallelCNNLSTMModel model on the test set: 64.393634 %
#### TESTING TOTAL TIME: 3.708 ####
#### TIME #### TERMINO #### 1745.534 ####
#### FINITO #### TERMINO #### NO-VA-MAS ####
#### TIMES #### modelling TOTAL TOTAL ==>> 1745.534
#### #### READING DATA FILES #### ####
24 #### COMBI [reg, sid, ban, sec, men, med, sum, aci, aei] METRICS ####
('Plantation', '/home/vargas/repos/forests-sounds-vargas/out/data/extraction/Plantation/2_00_PSA0010-2010_dict_y_split_7_2512283_1736694580.pkl')
(297840, 9) Index(['reg', 'sid', 'ban', 'sec', 'men', 'med', 'sum', 'aci', 'aei'], dtype='object') Index(['reg', 'sid', 'ban', 'sec', 'men', 'med', 'sum', 'aci', 'aei'], dtype='object')
#### MERGE 68 merge_data Dataframe shape: (297840, 9) #### time: 39
#### #### SPLIT TRAIN TEST #### ####
#### CLASSES: [0 1 2 3] TOTAL 4
#### SPLIT train_test_split and CUDA: ??? cuda:0 #### time: 35
#### MODELS - TOTAL 3 ####
#### EPOCHS 1 ####
#### TRAINING MODELS ####
#### TRAINING MODEL CNN_LSTM ####
#### TRAINED MODEL CNN_LSTM model training time: 6.882 total training time: 6.894 ####
#### TRAINING MODEL LSTM_CNN ####
#### TRAINED MODEL LSTM_CNN model training time: 7.519 total training time: 14.413 ####
#### TRAINING MODEL ParallelCNNLSTMModel ####
#### TRAINED MODEL ParallelCNNLSTMModel model training time: 7.76 total training time: 22.174 ####
#### TRAINING TOTAL TIME: 22.162 ####
Accuracy of the CNN_LSTM model on the test set: 63.035522 %
Accuracy of the LSTM_CNN model on the test set: 61.559898 %
Accuracy of the ParallelCNNLSTMModel model on the test set: 65.281695 %
#### TESTING TOTAL TIME: 3.551 ####
#### TIME #### TERMINO #### 1820.194 ####
#### FINITO #### TERMINO #### NO-VA-MAS ####
#### TIMES #### modelling TOTAL TOTAL ==>> 1820.194
#### #### READING DATA FILES #### ####
25 #### COMBI [reg, sid, ban, sec, men, med, sum, bet, mmm] METRICS ####
('Plantation', '/home/vargas/repos/forests-sounds-vargas/out/data/extraction/Plantation/2_00_PSA0010-2010_dict_y_split_7_2512283_1736694580.pkl')
(297840, 9) Index(['reg', 'sid', 'ban', 'sec', 'men', 'med', 'sum', 'bet', 'mmm'], dtype='object') Index(['reg', 'sid', 'ban', 'sec', 'men', 'med', 'sum', 'bet', 'mmm'], dtype='object')
#### MERGE 68 merge_data Dataframe shape: (297840, 9) #### time: 39
#### #### SPLIT TRAIN TEST #### ####
#### CLASSES: [0 1 2 3] TOTAL 4
#### SPLIT train_test_split and CUDA: ??? cuda:0 #### time: 35
#### MODELS - TOTAL 3 ####
#### EPOCHS 1 ####
#### TRAINING MODELS ####
#### TRAINING MODEL CNN_LSTM ####
#### TRAINED MODEL CNN_LSTM model training time: 6.893 total training time: 6.906 ####
#### TRAINING MODEL LSTM_CNN ####
#### TRAINED MODEL LSTM_CNN model training time: 7.647 total training time: 14.553 ####
#### TRAINING MODEL ParallelCNNLSTMModel ####
#### TRAINED MODEL ParallelCNNLSTMModel model training time: 7.595 total training time: 22.148 ####
#### TRAINING TOTAL TIME: 22.136 ####
Accuracy of the CNN_LSTM model on the test set: 79.023973 %
Accuracy of the LSTM_CNN model on the test set: 57.460381 %
Accuracy of the ParallelCNNLSTMModel model on the test set: 78.903102 %
#### TESTING TOTAL TIME: 3.706 ####
#### TIME #### TERMINO #### 1895.002 ####
#### FINITO #### TERMINO #### NO-VA-MAS ####
#### TIMES #### modelling TOTAL TOTAL ==>> 1895.002
#### #### READING DATA FILES #### ####
26 #### COMBI [reg, sid, ban, sec, men, med, sum, bet, npp] METRICS ####
('Plantation', '/home/vargas/repos/forests-sounds-vargas/out/data/extraction/Plantation/2_00_PSA0010-2010_dict_y_split_7_2512283_1736694580.pkl')
(297840, 9) Index(['reg', 'sid', 'ban', 'sec', 'men', 'med', 'sum', 'bet', 'npp'], dtype='object') Index(['reg', 'sid', 'ban', 'sec', 'men', 'med', 'sum', 'bet', 'npp'], dtype='object')
#### MERGE 68 merge_data Dataframe shape: (297840, 9) #### time: 41
#### #### SPLIT TRAIN TEST #### ####
#### CLASSES: [0 1 2 3] TOTAL 4
#### SPLIT train_test_split and CUDA: ??? cuda:0 #### time: 35
#### MODELS - TOTAL 3 ####
#### EPOCHS 1 ####
#### TRAINING MODELS ####
#### TRAINING MODEL CNN_LSTM ####
#### TRAINED MODEL CNN_LSTM model training time: 6.704 total training time: 6.717 ####
#### TRAINING MODEL LSTM_CNN ####
#### TRAINED MODEL LSTM_CNN model training time: 7.691 total training time: 14.407 ####
#### TRAINING MODEL ParallelCNNLSTMModel ####
#### TRAINED MODEL ParallelCNNLSTMModel model training time: 7.746 total training time: 22.153 ####
#### TRAINING TOTAL TIME: 22.141 ####
Accuracy of the CNN_LSTM model on the test set: 92.385173 %
Accuracy of the LSTM_CNN model on the test set: 61.131816 %
Accuracy of the ParallelCNNLSTMModel model on the test set: 92.099785 %
#### TESTING TOTAL TIME: 3.55 ####
#### TIME #### TERMINO #### 1971.953 ####
#### FINITO #### TERMINO #### NO-VA-MAS ####
#### TIMES #### modelling TOTAL TOTAL ==>> 1971.953
#### #### READING DATA FILES #### ####
27 #### COMBI [reg, sid, ban, sec, men, med, sum, bet, hfq] METRICS ####
('Plantation', '/home/vargas/repos/forests-sounds-vargas/out/data/extraction/Plantation/2_00_PSA0010-2010_dict_y_split_7_2512283_1736694580.pkl')
(297840, 9) Index(['reg', 'sid', 'ban', 'sec', 'men', 'med', 'sum', 'bet', 'hfq'], dtype='object') Index(['reg', 'sid', 'ban', 'sec', 'men', 'med', 'sum', 'bet', 'hfq'], dtype='object')
#### MERGE 68 merge_data Dataframe shape: (297840, 9) #### time: 38
#### #### SPLIT TRAIN TEST #### ####
#### CLASSES: [0 1 2 3] TOTAL 4
#### SPLIT train_test_split and CUDA: ??? cuda:0 #### time: 35
#### MODELS - TOTAL 3 ####
#### EPOCHS 1 ####
#### TRAINING MODELS ####
#### TRAINING MODEL CNN_LSTM ####
#### TRAINED MODEL CNN_LSTM model training time: 6.893 total training time: 6.905 ####
#### TRAINING MODEL LSTM_CNN ####
#### TRAINED MODEL LSTM_CNN model training time: 7.489 total training time: 14.393 ####
#### TRAINING MODEL ParallelCNNLSTMModel ####
#### TRAINED MODEL ParallelCNNLSTMModel model training time: 7.74 total training time: 22.133 ####
#### TRAINING TOTAL TIME: 22.121 ####
Accuracy of the CNN_LSTM model on the test set: 78.397797 %
Accuracy of the LSTM_CNN model on the test set: 57.161563 %
Accuracy of the ParallelCNNLSTMModel model on the test set: 79.258998 %
#### TESTING TOTAL TIME: 3.725 ####
#### TIME #### TERMINO #### 2046.441 ####
#### FINITO #### TERMINO #### NO-VA-MAS ####
#### TIMES #### modelling TOTAL TOTAL ==>> 2046.441
#### #### READING DATA FILES #### ####
28 #### COMBI [reg, sid, ban, sec, men, med, sum, bet, htp] METRICS ####
('Plantation', '/home/vargas/repos/forests-sounds-vargas/out/data/extraction/Plantation/2_00_PSA0010-2010_dict_y_split_7_2512283_1736694580.pkl')
(297840, 9) Index(['reg', 'sid', 'ban', 'sec', 'men', 'med', 'sum', 'bet', 'htp'], dtype='object') Index(['reg', 'sid', 'ban', 'sec', 'men', 'med', 'sum', 'bet', 'htp'], dtype='object')
#### MERGE 68 merge_data Dataframe shape: (297840, 9) #### time: 40
#### #### SPLIT TRAIN TEST #### ####
#### CLASSES: [0 1 2 3] TOTAL 4
#### SPLIT train_test_split and CUDA: ??? cuda:0 #### time: 35
#### MODELS - TOTAL 3 ####
#### EPOCHS 1 ####
#### TRAINING MODELS ####
#### TRAINING MODEL CNN_LSTM ####
#### TRAINED MODEL CNN_LSTM model training time: 6.709 total training time: 6.721 ####
#### TRAINING MODEL LSTM_CNN ####
#### TRAINED MODEL LSTM_CNN model training time: 7.671 total training time: 14.392 ####
#### TRAINING MODEL ParallelCNNLSTMModel ####
#### TRAINED MODEL ParallelCNNLSTMModel model training time: 7.739 total training time: 22.131 ####
#### TRAINING TOTAL TIME: 22.119 ####
Accuracy of the CNN_LSTM model on the test set: 79.178418 %
Accuracy of the LSTM_CNN model on the test set: 57.235428 %
Accuracy of the ParallelCNNLSTMModel model on the test set: 78.182917 %
#### TESTING TOTAL TIME: 3.551 ####
#### TIME #### TERMINO #### 2122.585 ####
#### FINITO #### TERMINO #### NO-VA-MAS ####
#### TIMES #### modelling TOTAL TOTAL ==>> 2122.585
#### #### READING DATA FILES #### ####
29 #### COMBI [reg, sid, ban, sec, men, med, sum, bet, hhh] METRICS ####
('Plantation', '/home/vargas/repos/forests-sounds-vargas/out/data/extraction/Plantation/2_00_PSA0010-2010_dict_y_split_7_2512283_1736694580.pkl')
(297840, 9) Index(['reg', 'sid', 'ban', 'sec', 'men', 'med', 'sum', 'bet', 'hhh'], dtype='object') Index(['reg', 'sid', 'ban', 'sec', 'men', 'med', 'sum', 'bet', 'hhh'], dtype='object')
#### MERGE 68 merge_data Dataframe shape: (297840, 9) #### time: 39
#### #### SPLIT TRAIN TEST #### ####
#### CLASSES: [0 1 2 3] TOTAL 4
#### SPLIT train_test_split and CUDA: ??? cuda:0 #### time: 35
#### MODELS - TOTAL 3 ####
#### EPOCHS 1 ####
#### TRAINING MODELS ####
#### TRAINING MODEL CNN_LSTM ####
#### TRAINED MODEL CNN_LSTM model training time: 6.91 total training time: 6.922 ####
#### TRAINING MODEL LSTM_CNN ####
#### TRAINED MODEL LSTM_CNN model training time: 7.495 total training time: 14.417 ####
#### TRAINING MODEL ParallelCNNLSTMModel ####
#### TRAINED MODEL ParallelCNNLSTMModel model training time: 7.769 total training time: 22.186 ####
#### TRAINING TOTAL TIME: 22.174 ####
Accuracy of the CNN_LSTM model on the test set: 77.508058 %
Accuracy of the LSTM_CNN model on the test set: 57.374765 %
Accuracy of the ParallelCNNLSTMModel model on the test set: 79.603143 %
#### TESTING TOTAL TIME: 3.586 ####
#### TIME #### TERMINO #### 2197.44 ####
#### FINITO #### TERMINO #### NO-VA-MAS ####
#### TIMES #### modelling TOTAL TOTAL ==>> 2197.44
#### #### READING DATA FILES #### ####
30 #### COMBI [reg, sid, ban, sec, men, med, sum, bet, aei] METRICS ####
('Plantation', '/home/vargas/repos/forests-sounds-vargas/out/data/extraction/Plantation/2_00_PSA0010-2010_dict_y_split_7_2512283_1736694580.pkl')
(297840, 9) Index(['reg', 'sid', 'ban', 'sec', 'men', 'med', 'sum', 'bet', 'aei'], dtype='object') Index(['reg', 'sid', 'ban', 'sec', 'men', 'med', 'sum', 'bet', 'aei'], dtype='object')
#### MERGE 68 merge_data Dataframe shape: (297840, 9) #### time: 38
#### #### SPLIT TRAIN TEST #### ####
#### CLASSES: [0 1 2 3] TOTAL 4
#### SPLIT train_test_split and CUDA: ??? cuda:0 #### time: 35
#### MODELS - TOTAL 3 ####
#### EPOCHS 1 ####
#### TRAINING MODELS ####
#### TRAINING MODEL CNN_LSTM ####
#### TRAINED MODEL CNN_LSTM model training time: 6.712 total training time: 6.9 ####
#### TRAINING MODEL LSTM_CNN ####
#### TRAINED MODEL LSTM_CNN model training time: 7.65 total training time: 14.55 ####
#### TRAINING MODEL ParallelCNNLSTMModel ####
#### TRAINED MODEL ParallelCNNLSTMModel model training time: 7.587 total training time: 22.137 ####
#### TRAINING TOTAL TIME: 21.949 ####
Accuracy of the CNN_LSTM model on the test set: 75.924993 %
Accuracy of the LSTM_CNN model on the test set: 57.148133 %
Accuracy of the ParallelCNNLSTMModel model on the test set: 78.122482 %
#### TESTING TOTAL TIME: 3.699 ####
#### TIME #### TERMINO #### 2271.193 ####
#### FINITO #### TERMINO #### NO-VA-MAS ####
#### TIMES #### modelling TOTAL TOTAL ==>> 2271.193
#### #### READING DATA FILES #### ####
31 #### COMBI [reg, sid, ban, sec, men, med, sum, mmm, npp] METRICS ####
('Plantation', '/home/vargas/repos/forests-sounds-vargas/out/data/extraction/Plantation/2_00_PSA0010-2010_dict_y_split_7_2512283_1736694580.pkl')
(297840, 9) Index(['reg', 'sid', 'ban', 'sec', 'men', 'med', 'sum', 'mmm', 'npp'], dtype='object') Index(['reg', 'sid', 'ban', 'sec', 'men', 'med', 'sum', 'mmm', 'npp'], dtype='object')
#### MERGE 68 merge_data Dataframe shape: (297840, 9) #### time: 39
#### #### SPLIT TRAIN TEST #### ####
#### CLASSES: [0 1 2 3] TOTAL 4
#### SPLIT train_test_split and CUDA: ??? cuda:0 #### time: 35
#### MODELS - TOTAL 3 ####
#### EPOCHS 1 ####
#### TRAINING MODELS ####
#### TRAINING MODEL CNN_LSTM ####
#### TRAINED MODEL CNN_LSTM model training time: 6.917 total training time: 6.929 ####
#### TRAINING MODEL LSTM_CNN ####
#### TRAINED MODEL LSTM_CNN model training time: 7.534 total training time: 14.463 ####
#### TRAINING MODEL ParallelCNNLSTMModel ####
#### TRAINED MODEL ParallelCNNLSTMModel model training time: 7.771 total training time: 22.234 ####
#### TRAINING TOTAL TIME: 22.222 ####
Accuracy of the CNN_LSTM model on the test set: 90.164182 %
Accuracy of the LSTM_CNN model on the test set: 83.783239 %
Accuracy of the ParallelCNNLSTMModel model on the test set: 90.88101 %
#### TESTING TOTAL TIME: 3.574 ####
#### TIME #### TERMINO #### 2346.081 ####
#### FINITO #### TERMINO #### NO-VA-MAS ####
#### TIMES #### modelling TOTAL TOTAL ==>> 2346.081
#### #### READING DATA FILES #### ####
32 #### COMBI [reg, sid, ban, sec, men, med, sum, mmm, hfq] METRICS ####
('Plantation', '/home/vargas/repos/forests-sounds-vargas/out/data/extraction/Plantation/2_00_PSA0010-2010_dict_y_split_7_2512283_1736694580.pkl')
(297840, 9) Index(['reg', 'sid', 'ban', 'sec', 'men', 'med', 'sum', 'mmm', 'hfq'], dtype='object') Index(['reg', 'sid', 'ban', 'sec', 'men', 'med', 'sum', 'mmm', 'hfq'], dtype='object')
#### MERGE 68 merge_data Dataframe shape: (297840, 9) #### time: 40
#### #### SPLIT TRAIN TEST #### ####
#### CLASSES: [0 1 2 3] TOTAL 4
#### SPLIT train_test_split and CUDA: ??? cuda:0 #### time: 35
#### MODELS - TOTAL 3 ####
#### EPOCHS 1 ####
#### TRAINING MODELS ####
#### TRAINING MODEL CNN_LSTM ####
#### TRAINED MODEL CNN_LSTM model training time: 6.923 total training time: 6.935 ####
#### TRAINING MODEL LSTM_CNN ####
#### TRAINED MODEL LSTM_CNN model training time: 7.695 total training time: 14.631 ####
#### TRAINING MODEL ParallelCNNLSTMModel ####
#### TRAINED MODEL ParallelCNNLSTMModel model training time: 7.631 total training time: 22.261 ####
#### TRAINING TOTAL TIME: 22.249 ####
Accuracy of the CNN_LSTM model on the test set: 67.781359 %
Accuracy of the LSTM_CNN model on the test set: 56.948362 %
Accuracy of the ParallelCNNLSTMModel model on the test set: 69.23516 %
#### TESTING TOTAL TIME: 3.718 ####
#### TIME #### TERMINO #### 2422.263 ####
#### FINITO #### TERMINO #### NO-VA-MAS ####
#### TIMES #### modelling TOTAL TOTAL ==>> 2422.263
#### #### READING DATA FILES #### ####
33 #### COMBI [reg, sid, ban, sec, men, med, sum, mmm, htp] METRICS ####
('Plantation', '/home/vargas/repos/forests-sounds-vargas/out/data/extraction/Plantation/2_00_PSA0010-2010_dict_y_split_7_2512283_1736694580.pkl')
(297840, 9) Index(['reg', 'sid', 'ban', 'sec', 'men', 'med', 'sum', 'mmm', 'htp'], dtype='object') Index(['reg', 'sid', 'ban', 'sec', 'men', 'med', 'sum', 'mmm', 'htp'], dtype='object')
#### MERGE 68 merge_data Dataframe shape: (297840, 9) #### time: 39
#### #### SPLIT TRAIN TEST #### ####
#### CLASSES: [0 1 2 3] TOTAL 4
#### SPLIT train_test_split and CUDA: ??? cuda:0 #### time: 35
#### MODELS - TOTAL 3 ####
#### EPOCHS 1 ####
#### TRAINING MODELS ####
#### TRAINING MODEL CNN_LSTM ####
#### TRAINED MODEL CNN_LSTM model training time: 6.757 total training time: 6.769 ####
#### TRAINING MODEL LSTM_CNN ####
#### TRAINED MODEL LSTM_CNN model training time: 7.722 total training time: 14.491 ####
#### TRAINING MODEL ParallelCNNLSTMModel ####
#### TRAINED MODEL ParallelCNNLSTMModel model training time: 7.778 total training time: 22.269 ####
#### TRAINING TOTAL TIME: 22.256 ####
Accuracy of the CNN_LSTM model on the test set: 68.21112 %
Accuracy of the LSTM_CNN model on the test set: 57.718909 %
Accuracy of the ParallelCNNLSTMModel model on the test set: 70.321313 %
#### TESTING TOTAL TIME: 3.579 ####
#### TIME #### TERMINO #### 2497.419 ####
#### FINITO #### TERMINO #### NO-VA-MAS ####
#### TIMES #### modelling TOTAL TOTAL ==>> 2497.419
#### #### READING DATA FILES #### ####
34 #### COMBI [reg, sid, ban, sec, men, med, sum, mmm, hhh] METRICS ####
('Plantation', '/home/vargas/repos/forests-sounds-vargas/out/data/extraction/Plantation/2_00_PSA0010-2010_dict_y_split_7_2512283_1736694580.pkl')
(297840, 9) Index(['reg', 'sid', 'ban', 'sec', 'men', 'med', 'sum', 'mmm', 'hhh'], dtype='object') Index(['reg', 'sid', 'ban', 'sec', 'men', 'med', 'sum', 'mmm', 'hhh'], dtype='object')
#### MERGE 68 merge_data Dataframe shape: (297840, 9) #### time: 39
#### #### SPLIT TRAIN TEST #### ####
#### CLASSES: [0 1 2 3] TOTAL 4
#### SPLIT train_test_split and CUDA: ??? cuda:0 #### time: 35
#### MODELS - TOTAL 3 ####
#### EPOCHS 1 ####
#### TRAINING MODELS ####
#### TRAINING MODEL CNN_LSTM ####
#### TRAINED MODEL CNN_LSTM model training time: 6.907 total training time: 6.919 ####
#### TRAINING MODEL LSTM_CNN ####
#### TRAINED MODEL LSTM_CNN model training time: 7.673 total training time: 14.592 ####
#### TRAINING MODEL ParallelCNNLSTMModel ####
#### TRAINED MODEL ParallelCNNLSTMModel model training time: 7.614 total training time: 22.206 ####
#### TRAINING TOTAL TIME: 22.194 ####
Accuracy of the CNN_LSTM model on the test set: 68.953129 %
Accuracy of the LSTM_CNN model on the test set: 57.702122 %
Accuracy of the ParallelCNNLSTMModel model on the test set: 68.666062 %
#### TESTING TOTAL TIME: 3.694 ####
#### TIME #### TERMINO #### 2572.294 ####
#### FINITO #### TERMINO #### NO-VA-MAS ####
#### TIMES #### modelling TOTAL TOTAL ==>> 2572.294
#### #### READING DATA FILES #### ####
35 #### COMBI [reg, sid, ban, sec, men, med, sum, mmm, aei] METRICS ####
('Plantation', '/home/vargas/repos/forests-sounds-vargas/out/data/extraction/Plantation/2_00_PSA0010-2010_dict_y_split_7_2512283_1736694580.pkl')
(297840, 9) Index(['reg', 'sid', 'ban', 'sec', 'men', 'med', 'sum', 'mmm', 'aei'], dtype='object') Index(['reg', 'sid', 'ban', 'sec', 'men', 'med', 'sum', 'mmm', 'aei'], dtype='object')
#### MERGE 68 merge_data Dataframe shape: (297840, 9) #### time: 38
#### #### SPLIT TRAIN TEST #### ####
#### CLASSES: [0 1 2 3] TOTAL 4
#### SPLIT train_test_split and CUDA: ??? cuda:0 #### time: 35
#### MODELS - TOTAL 3 ####
#### EPOCHS 1 ####
#### TRAINING MODELS ####
#### TRAINING MODEL CNN_LSTM ####
#### TRAINED MODEL CNN_LSTM model training time: 6.686 total training time: 6.698 ####
#### TRAINING MODEL LSTM_CNN ####
#### TRAINED MODEL LSTM_CNN model training time: 7.648 total training time: 14.346 ####
#### TRAINING MODEL ParallelCNNLSTMModel ####
#### TRAINED MODEL ParallelCNNLSTMModel model training time: 7.715 total training time: 22.06 ####
#### TRAINING TOTAL TIME: 22.048 ####
Accuracy of the CNN_LSTM model on the test set: 68.019742 %
Accuracy of the LSTM_CNN model on the test set: 57.634972 %
Accuracy of the ParallelCNNLSTMModel model on the test set: 68.071784 %
#### TESTING TOTAL TIME: 3.549 ####
#### TIME #### TERMINO #### 2646.199 ####
#### FINITO #### TERMINO #### NO-VA-MAS ####
#### TIMES #### modelling TOTAL TOTAL ==>> 2646.199
#### #### READING DATA FILES #### ####
36 #### COMBI [reg, sid, ban, sec, men, med, sum, npp, hfq] METRICS ####
('Plantation', '/home/vargas/repos/forests-sounds-vargas/out/data/extraction/Plantation/2_00_PSA0010-2010_dict_y_split_7_2512283_1736694580.pkl')
(297840, 9) Index(['reg', 'sid', 'ban', 'sec', 'men', 'med', 'sum', 'npp', 'hfq'], dtype='object') Index(['reg', 'sid', 'ban', 'sec', 'men', 'med', 'sum', 'npp', 'hfq'], dtype='object')
#### MERGE 68 merge_data Dataframe shape: (297840, 9) #### time: 44
#### #### SPLIT TRAIN TEST #### ####
#### CLASSES: [0 1 2 3] TOTAL 4
#### SPLIT train_test_split and CUDA: ??? cuda:0 #### time: 35
#### MODELS - TOTAL 3 ####
#### EPOCHS 1 ####
#### TRAINING MODELS ####
#### TRAINING MODEL CNN_LSTM ####
#### TRAINED MODEL CNN_LSTM model training time: 6.861 total training time: 6.872 ####
#### TRAINING MODEL LSTM_CNN ####
#### TRAINED MODEL LSTM_CNN model training time: 7.462 total training time: 14.334 ####
#### TRAINING MODEL ParallelCNNLSTMModel ####
#### TRAINED MODEL ParallelCNNLSTMModel model training time: 7.702 total training time: 22.036 ####
#### TRAINING TOTAL TIME: 22.024 ####
Accuracy of the CNN_LSTM model on the test set: 89.845219 %
Accuracy of the LSTM_CNN model on the test set: 88.534112 %
Accuracy of the ParallelCNNLSTMModel model on the test set: 91.104284 %
#### TESTING TOTAL TIME: 3.667 ####
#### TIME #### TERMINO #### 2726.27 ####
#### FINITO #### TERMINO #### NO-VA-MAS ####
#### TIMES #### modelling TOTAL TOTAL ==>> 2726.27
#### #### READING DATA FILES #### ####
37 #### COMBI [reg, sid, ban, sec, men, med, sum, npp, htp] METRICS ####
('Plantation', '/home/vargas/repos/forests-sounds-vargas/out/data/extraction/Plantation/2_00_PSA0010-2010_dict_y_split_7_2512283_1736694580.pkl')
(297840, 9) Index(['reg', 'sid', 'ban', 'sec', 'men', 'med', 'sum', 'npp', 'htp'], dtype='object') Index(['reg', 'sid', 'ban', 'sec', 'men', 'med', 'sum', 'npp', 'htp'], dtype='object')
#### MERGE 68 merge_data Dataframe shape: (297840, 9) #### time: 39
#### #### SPLIT TRAIN TEST #### ####
#### CLASSES: [0 1 2 3] TOTAL 4
#### SPLIT train_test_split and CUDA: ??? cuda:0 #### time: 35
#### MODELS - TOTAL 3 ####
#### EPOCHS 1 ####
#### TRAINING MODELS ####
#### TRAINING MODEL CNN_LSTM ####
#### TRAINED MODEL CNN_LSTM model training time: 6.658 total training time: 6.671 ####
#### TRAINING MODEL LSTM_CNN ####
#### TRAINED MODEL LSTM_CNN model training time: 7.61 total training time: 14.281 ####
#### TRAINING MODEL ParallelCNNLSTMModel ####
#### TRAINED MODEL ParallelCNNLSTMModel model training time: 7.666 total training time: 21.946 ####
#### TRAINING TOTAL TIME: 21.934 ####
Accuracy of the CNN_LSTM model on the test set: 91.151289 %
Accuracy of the LSTM_CNN model on the test set: 87.51343 %
Accuracy of the ParallelCNNLSTMModel model on the test set: 90.798751 %
#### TESTING TOTAL TIME: 3.514 ####
#### TIME #### TERMINO #### 2801.28 ####
#### FINITO #### TERMINO #### NO-VA-MAS ####
#### TIMES #### modelling TOTAL TOTAL ==>> 2801.28
#### #### READING DATA FILES #### ####
38 #### COMBI [reg, sid, ban, sec, men, med, sum, npp, hhh] METRICS ####
('Plantation', '/home/vargas/repos/forests-sounds-vargas/out/data/extraction/Plantation/2_00_PSA0010-2010_dict_y_split_7_2512283_1736694580.pkl')
(297840, 9) Index(['reg', 'sid', 'ban', 'sec', 'men', 'med', 'sum', 'npp', 'hhh'], dtype='object') Index(['reg', 'sid', 'ban', 'sec', 'men', 'med', 'sum', 'npp', 'hhh'], dtype='object')
#### MERGE 68 merge_data Dataframe shape: (297840, 9) #### time: 41
#### #### SPLIT TRAIN TEST #### ####
#### CLASSES: [0 1 2 3] TOTAL 4
#### SPLIT train_test_split and CUDA: ??? cuda:0 #### time: 35
#### MODELS - TOTAL 3 ####
#### EPOCHS 1 ####
#### TRAINING MODELS ####
#### TRAINING MODEL CNN_LSTM ####
#### TRAINED MODEL CNN_LSTM model training time: 6.846 total training time: 6.858 ####
#### TRAINING MODEL LSTM_CNN ####
#### TRAINED MODEL LSTM_CNN model training time: 7.43 total training time: 14.288 ####
#### TRAINING MODEL ParallelCNNLSTMModel ####
#### TRAINED MODEL ParallelCNNLSTMModel model training time: 7.65 total training time: 21.938 ####
#### TRAINING TOTAL TIME: 21.926 ####
Accuracy of the CNN_LSTM model on the test set: 84.471528 %
Accuracy of the LSTM_CNN model on the test set: 88.393097 %
Accuracy of the ParallelCNNLSTMModel model on the test set: 91.193258 %
#### TESTING TOTAL TIME: 3.51 ####
#### TIME #### TERMINO #### 2878.546 ####
#### FINITO #### TERMINO #### NO-VA-MAS ####
#### TIMES #### modelling TOTAL TOTAL ==>> 2878.546
#### #### READING DATA FILES #### ####
39 #### COMBI [reg, sid, ban, sec, men, med, sum, npp, aei] METRICS ####
('Plantation', '/home/vargas/repos/forests-sounds-vargas/out/data/extraction/Plantation/2_00_PSA0010-2010_dict_y_split_7_2512283_1736694580.pkl')
(297840, 9) Index(['reg', 'sid', 'ban', 'sec', 'men', 'med', 'sum', 'npp', 'aei'], dtype='object') Index(['reg', 'sid', 'ban', 'sec', 'men', 'med', 'sum', 'npp', 'aei'], dtype='object')
#### MERGE 68 merge_data Dataframe shape: (297840, 9) #### time: 38
#### #### SPLIT TRAIN TEST #### ####
#### CLASSES: [0 1 2 3] TOTAL 4
#### SPLIT train_test_split and CUDA: ??? cuda:0 #### time: 35
#### MODELS - TOTAL 3 ####
#### EPOCHS 1 ####
#### TRAINING MODELS ####
#### TRAINING MODEL CNN_LSTM ####
#### TRAINED MODEL CNN_LSTM model training time: 6.793 total training time: 6.805 ####
#### TRAINING MODEL LSTM_CNN ####
#### TRAINED MODEL LSTM_CNN model training time: 7.532 total training time: 14.337 ####
#### TRAINING MODEL ParallelCNNLSTMModel ####
#### TRAINED MODEL ParallelCNNLSTMModel model training time: 7.503 total training time: 21.839 ####
#### TRAINING TOTAL TIME: 21.827 ####
Accuracy of the CNN_LSTM model on the test set: 91.319165 %
Accuracy of the LSTM_CNN model on the test set: 84.876108 %
Accuracy of the ParallelCNNLSTMModel model on the test set: 91.495434 %
#### TESTING TOTAL TIME: 3.641 ####
#### TIME #### TERMINO #### 2952.671 ####
#### FINITO #### TERMINO #### NO-VA-MAS ####
#### TIMES #### modelling TOTAL TOTAL ==>> 2952.671
#### #### READING DATA FILES #### ####
40 #### COMBI [reg, sid, ban, sec, men, med, sum, hfq, htp] METRICS ####
('Plantation', '/home/vargas/repos/forests-sounds-vargas/out/data/extraction/Plantation/2_00_PSA0010-2010_dict_y_split_7_2512283_1736694580.pkl')
(297840, 9) Index(['reg', 'sid', 'ban', 'sec', 'men', 'med', 'sum', 'hfq', 'htp'], dtype='object') Index(['reg', 'sid', 'ban', 'sec', 'men', 'med', 'sum', 'hfq', 'htp'], dtype='object')
#### MERGE 68 merge_data Dataframe shape: (297840, 9) #### time: 39
#### #### SPLIT TRAIN TEST #### ####
#### CLASSES: [0 1 2 3] TOTAL 4
#### SPLIT train_test_split and CUDA: ??? cuda:0 #### time: 35
#### MODELS - TOTAL 3 ####
#### EPOCHS 1 ####
#### TRAINING MODELS ####
#### TRAINING MODEL CNN_LSTM ####
#### TRAINED MODEL CNN_LSTM model training time: 6.778 total training time: 6.789 ####
#### TRAINING MODEL LSTM_CNN ####
#### TRAINED MODEL LSTM_CNN model training time: 7.382 total training time: 14.171 ####
#### TRAINING MODEL ParallelCNNLSTMModel ####
#### TRAINED MODEL ParallelCNNLSTMModel model training time: 7.643 total training time: 21.814 ####
#### TRAINING TOTAL TIME: 21.802 ####
Accuracy of the CNN_LSTM model on the test set: 65.060099 %
Accuracy of the LSTM_CNN model on the test set: 57.396589 %
Accuracy of the ParallelCNNLSTMModel model on the test set: 71.545125 %
#### TESTING TOTAL TIME: 3.491 ####
#### TIME #### TERMINO #### 3027.618 ####
#### FINITO #### TERMINO #### NO-VA-MAS ####
#### TIMES #### modelling TOTAL TOTAL ==>> 3027.618
#### #### READING DATA FILES #### ####
41 #### COMBI [reg, sid, ban, sec, men, med, sum, hfq, hhh] METRICS ####
('Plantation', '/home/vargas/repos/forests-sounds-vargas/out/data/extraction/Plantation/2_00_PSA0010-2010_dict_y_split_7_2512283_1736694580.pkl')
(297840, 9) Index(['reg', 'sid', 'ban', 'sec', 'men', 'med', 'sum', 'hfq', 'hhh'], dtype='object') Index(['reg', 'sid', 'ban', 'sec', 'men', 'med', 'sum', 'hfq', 'hhh'], dtype='object')
#### MERGE 68 merge_data Dataframe shape: (297840, 9) #### time: 40
#### #### SPLIT TRAIN TEST #### ####
#### CLASSES: [0 1 2 3] TOTAL 4
#### SPLIT train_test_split and CUDA: ??? cuda:0 #### time: 35
#### MODELS - TOTAL 3 ####
#### EPOCHS 1 ####
#### TRAINING MODELS ####
#### TRAINING MODEL CNN_LSTM ####
#### TRAINED MODEL CNN_LSTM model training time: 6.776 total training time: 6.789 ####
#### TRAINING MODEL LSTM_CNN ####
#### TRAINED MODEL LSTM_CNN model training time: 7.548 total training time: 14.337 ####
#### TRAINING MODEL ParallelCNNLSTMModel ####
#### TRAINED MODEL ParallelCNNLSTMModel model training time: 7.502 total training time: 21.839 ####
#### TRAINING TOTAL TIME: 21.827 ####
Accuracy of the CNN_LSTM model on the test set: 68.269876 %
Accuracy of the LSTM_CNN model on the test set: 57.648402 %
Accuracy of the ParallelCNNLSTMModel model on the test set: 68.837295 %
#### TESTING TOTAL TIME: 3.637 ####
#### TIME #### TERMINO #### 3103.263 ####
#### FINITO #### TERMINO #### NO-VA-MAS ####
#### TIMES #### modelling TOTAL TOTAL ==>> 3103.263
#### #### READING DATA FILES #### ####
42 #### COMBI [reg, sid, ban, sec, men, med, sum, hfq, aei] METRICS ####
('Plantation', '/home/vargas/repos/forests-sounds-vargas/out/data/extraction/Plantation/2_00_PSA0010-2010_dict_y_split_7_2512283_1736694580.pkl')
(297840, 9) Index(['reg', 'sid', 'ban', 'sec', 'men', 'med', 'sum', 'hfq', 'aei'], dtype='object') Index(['reg', 'sid', 'ban', 'sec', 'men', 'med', 'sum', 'hfq', 'aei'], dtype='object')
#### MERGE 68 merge_data Dataframe shape: (297840, 9) #### time: 39
#### #### SPLIT TRAIN TEST #### ####
#### CLASSES: [0 1 2 3] TOTAL 4
#### SPLIT train_test_split and CUDA: ??? cuda:0 #### time: 35
#### MODELS - TOTAL 3 ####
#### EPOCHS 1 ####
#### TRAINING MODELS ####
#### TRAINING MODEL CNN_LSTM ####
#### TRAINED MODEL CNN_LSTM model training time: 6.575 total training time: 6.587 ####
#### TRAINING MODEL LSTM_CNN ####
#### TRAINED MODEL LSTM_CNN model training time: 7.523 total training time: 14.11 ####
#### TRAINING MODEL ParallelCNNLSTMModel ####
#### TRAINED MODEL ParallelCNNLSTMModel model training time: 7.59 total training time: 21.7 ####
#### TRAINING TOTAL TIME: 21.689 ####
Accuracy of the CNN_LSTM model on the test set: 68.096965 %
Accuracy of the LSTM_CNN model on the test set: 55.915928 %
Accuracy of the ParallelCNNLSTMModel model on the test set: 70.104754 %
#### TESTING TOTAL TIME: 3.48 ####
#### TIME #### TERMINO #### 3178.024 ####
#### FINITO #### TERMINO #### NO-VA-MAS ####
#### TIMES #### modelling TOTAL TOTAL ==>> 3178.024
#### #### READING DATA FILES #### ####
43 #### COMBI [reg, sid, ban, sec, men, med, sum, htp, hhh] METRICS ####
('Plantation', '/home/vargas/repos/forests-sounds-vargas/out/data/extraction/Plantation/2_00_PSA0010-2010_dict_y_split_7_2512283_1736694580.pkl')
(297840, 9) Index(['reg', 'sid', 'ban', 'sec', 'men', 'med', 'sum', 'htp', 'hhh'], dtype='object') Index(['reg', 'sid', 'ban', 'sec', 'men', 'med', 'sum', 'htp', 'hhh'], dtype='object')
#### MERGE 68 merge_data Dataframe shape: (297840, 9) #### time: 40
#### #### SPLIT TRAIN TEST #### ####
#### CLASSES: [0 1 2 3] TOTAL 4
#### SPLIT train_test_split and CUDA: ??? cuda:0 #### time: 35
#### MODELS - TOTAL 3 ####
#### EPOCHS 1 ####
#### TRAINING MODELS ####
#### TRAINING MODEL CNN_LSTM ####
#### TRAINED MODEL CNN_LSTM model training time: 6.732 total training time: 6.743 ####
#### TRAINING MODEL LSTM_CNN ####
#### TRAINED MODEL LSTM_CNN model training time: 7.351 total training time: 14.094 ####
#### TRAINING MODEL ParallelCNNLSTMModel ####
#### TRAINED MODEL ParallelCNNLSTMModel model training time: 7.604 total training time: 21.698 ####
#### TRAINING TOTAL TIME: 21.687 ####
Accuracy of the CNN_LSTM model on the test set: 68.338705 %
Accuracy of the LSTM_CNN model on the test set: 57.628257 %
Accuracy of the ParallelCNNLSTMModel model on the test set: 69.493688 %
#### TESTING TOTAL TIME: 3.628 ####
#### TIME #### TERMINO #### 3254.307 ####
#### FINITO #### TERMINO #### NO-VA-MAS ####
#### TIMES #### modelling TOTAL TOTAL ==>> 3254.307
#### #### READING DATA FILES #### ####
44 #### COMBI [reg, sid, ban, sec, men, med, sum, htp, aei] METRICS ####
('Plantation', '/home/vargas/repos/forests-sounds-vargas/out/data/extraction/Plantation/2_00_PSA0010-2010_dict_y_split_7_2512283_1736694580.pkl')
(297840, 9) Index(['reg', 'sid', 'ban', 'sec', 'men', 'med', 'sum', 'htp', 'aei'], dtype='object') Index(['reg', 'sid', 'ban', 'sec', 'men', 'med', 'sum', 'htp', 'aei'], dtype='object')
#### MERGE 68 merge_data Dataframe shape: (297840, 9) #### time: 38
#### #### SPLIT TRAIN TEST #### ####
#### CLASSES: [0 1 2 3] TOTAL 4
#### SPLIT train_test_split and CUDA: ??? cuda:0 #### time: 34
#### MODELS - TOTAL 3 ####
#### EPOCHS 1 ####
#### TRAINING MODELS ####
#### TRAINING MODEL CNN_LSTM ####
#### TRAINED MODEL CNN_LSTM model training time: 6.588 total training time: 6.599 ####
#### TRAINING MODEL LSTM_CNN ####
#### TRAINED MODEL LSTM_CNN model training time: 7.489 total training time: 14.088 ####
#### TRAINING MODEL ParallelCNNLSTMModel ####
#### TRAINED MODEL ParallelCNNLSTMModel model training time: 7.595 total training time: 21.683 ####
#### TRAINING TOTAL TIME: 21.672 ####
Accuracy of the CNN_LSTM model on the test set: 68.57541 %
Accuracy of the LSTM_CNN model on the test set: 57.215283 %
Accuracy of the ParallelCNNLSTMModel model on the test set: 69.228445 %
#### TESTING TOTAL TIME: 3.481 ####
#### TIME #### TERMINO #### 3327.619 ####
#### FINITO #### TERMINO #### NO-VA-MAS ####
#### TIMES #### modelling TOTAL TOTAL ==>> 3327.619
#### #### READING DATA FILES #### ####
45 #### COMBI [reg, sid, ban, sec, men, med, sum, hhh, aei] METRICS ####
('Plantation', '/home/vargas/repos/forests-sounds-vargas/out/data/extraction/Plantation/2_00_PSA0010-2010_dict_y_split_7_2512283_1736694580.pkl')
(297840, 9) Index(['reg', 'sid', 'ban', 'sec', 'men', 'med', 'sum', 'hhh', 'aei'], dtype='object') Index(['reg', 'sid', 'ban', 'sec', 'men', 'med', 'sum', 'hhh', 'aei'], dtype='object')
#### MERGE 68 merge_data Dataframe shape: (297840, 9) #### time: 38
#### #### SPLIT TRAIN TEST #### ####
#### CLASSES: [0 1 2 3] TOTAL 4
#### SPLIT train_test_split and CUDA: ??? cuda:0 #### time: 35
#### MODELS - TOTAL 3 ####
#### EPOCHS 1 ####
#### TRAINING MODELS ####
#### TRAINING MODEL CNN_LSTM ####
#### TRAINED MODEL CNN_LSTM model training time: 6.764 total training time: 6.776 ####
#### TRAINING MODEL LSTM_CNN ####
#### TRAINED MODEL LSTM_CNN model training time: 7.388 total training time: 14.164 ####
#### TRAINING MODEL ParallelCNNLSTMModel ####
#### TRAINED MODEL ParallelCNNLSTMModel model training time: 7.63 total training time: 21.794 ####
#### TRAINING TOTAL TIME: 21.782 ####
Accuracy of the CNN_LSTM model on the test set: 68.167472 %
Accuracy of the LSTM_CNN model on the test set: 57.057481 %
Accuracy of the ParallelCNNLSTMModel model on the test set: 69.146186 %
#### TESTING TOTAL TIME: 3.491 ####
#### TIME #### TERMINO #### 3401.707 ####
#### FINITO #### TERMINO #### NO-VA-MAS ####
#### TIMES #### modelling TOTAL TOTAL ==>> 3401.707
#### #### READING DATA FILES #### ####
46 #### COMBI [reg, sid, ban, sec, men, med, sum, max, aci, bet] METRICS ####
('Plantation', '/home/vargas/repos/forests-sounds-vargas/out/data/extraction/Plantation/2_00_PSA0010-2010_dict_y_split_7_2512283_1736694580.pkl')
(297840, 10) Index(['reg', 'sid', 'ban', 'sec', 'men', 'med', 'sum', 'max', 'aci', 'bet'], dtype='object') Index(['reg', 'sid', 'ban', 'sec', 'men', 'med', 'sum', 'max', 'aci', 'bet'], dtype='object')
#### MERGE 68 merge_data Dataframe shape: (297840, 10) #### time: 38
#### #### SPLIT TRAIN TEST #### ####
#### CLASSES: [0 1 2 3] TOTAL 4
#### SPLIT train_test_split and CUDA: ??? cuda:0 #### time: 35
#### MODELS - TOTAL 3 ####
#### EPOCHS 1 ####
#### TRAINING MODELS ####
#### TRAINING MODEL CNN_LSTM ####
#### TRAINED MODEL CNN_LSTM model training time: 6.748 total training time: 6.759 ####
#### TRAINING MODEL LSTM_CNN ####
#### TRAINED MODEL LSTM_CNN model training time: 7.59 total training time: 14.349 ####
#### TRAINING MODEL ParallelCNNLSTMModel ####
#### TRAINED MODEL ParallelCNNLSTMModel model training time: 7.521 total training time: 21.871 ####
#### TRAINING TOTAL TIME: 21.86 ####
Accuracy of the CNN_LSTM model on the test set: 75.035254 %
Accuracy of the LSTM_CNN model on the test set: 72.606097 %
Accuracy of the ParallelCNNLSTMModel model on the test set: 72.935133 %
#### TESTING TOTAL TIME: 3.643 ####
#### TIME #### TERMINO #### 3476.022 ####
#### FINITO #### TERMINO #### NO-VA-MAS ####
#### TIMES #### modelling TOTAL TOTAL ==>> 3476.022
#### #### READING DATA FILES #### ####
47 #### COMBI [reg, sid, ban, sec, men, med, sum, max, aci, mmm] METRICS ####
('Plantation', '/home/vargas/repos/forests-sounds-vargas/out/data/extraction/Plantation/2_00_PSA0010-2010_dict_y_split_7_2512283_1736694580.pkl')
(297840, 10) Index(['reg', 'sid', 'ban', 'sec', 'men', 'med', 'sum', 'max', 'aci', 'mmm'], dtype='object') Index(['reg', 'sid', 'ban', 'sec', 'men', 'med', 'sum', 'max', 'aci', 'mmm'], dtype='object')
#### MERGE 68 merge_data Dataframe shape: (297840, 10) #### time: 39
#### #### SPLIT TRAIN TEST #### ####
#### CLASSES: [0 1 2 3] TOTAL 4
#### SPLIT train_test_split and CUDA: ??? cuda:0 #### time: 35
#### MODELS - TOTAL 3 ####
#### EPOCHS 1 ####
#### TRAINING MODELS ####
#### TRAINING MODEL CNN_LSTM ####
#### TRAINED MODEL CNN_LSTM model training time: 6.732 total training time: 6.743 ####
#### TRAINING MODEL LSTM_CNN ####
#### TRAINED MODEL LSTM_CNN model training time: 7.428 total training time: 14.171 ####
#### TRAINING MODEL ParallelCNNLSTMModel ####
#### TRAINED MODEL ParallelCNNLSTMModel model training time: 7.659 total training time: 21.831 ####
#### TRAINING TOTAL TIME: 21.819 ####
Accuracy of the CNN_LSTM model on the test set: 62.290156 %
Accuracy of the LSTM_CNN model on the test set: 60.780956 %
Accuracy of the ParallelCNNLSTMModel model on the test set: 66.41989 %
#### TESTING TOTAL TIME: 3.494 ####
#### TIME #### TERMINO #### 3550.092 ####
#### FINITO #### TERMINO #### NO-VA-MAS ####
#### TIMES #### modelling TOTAL TOTAL ==>> 3550.092
#### #### READING DATA FILES #### ####
48 #### COMBI [reg, sid, ban, sec, men, med, sum, max, aci, npp] METRICS ####
('Plantation', '/home/vargas/repos/forests-sounds-vargas/out/data/extraction/Plantation/2_00_PSA0010-2010_dict_y_split_7_2512283_1736694580.pkl')
(297840, 10) Index(['reg', 'sid', 'ban', 'sec', 'men', 'med', 'sum', 'max', 'aci', 'npp'], dtype='object') Index(['reg', 'sid', 'ban', 'sec', 'men', 'med', 'sum', 'max', 'aci', 'npp'], dtype='object')
#### MERGE 68 merge_data Dataframe shape: (297840, 10) #### time: 38
#### #### SPLIT TRAIN TEST #### ####
#### CLASSES: [0 1 2 3] TOTAL 4
#### SPLIT train_test_split and CUDA: ??? cuda:0 #### time: 35
#### MODELS - TOTAL 3 ####
#### EPOCHS 1 ####
#### TRAINING MODELS ####
#### TRAINING MODEL CNN_LSTM ####
#### TRAINED MODEL CNN_LSTM model training time: 6.737 total training time: 6.748 ####
#### TRAINING MODEL LSTM_CNN ####
#### TRAINED MODEL LSTM_CNN model training time: 7.598 total training time: 14.346 ####
#### TRAINING MODEL ParallelCNNLSTMModel ####
#### TRAINED MODEL ParallelCNNLSTMModel model training time: 7.523 total training time: 21.87 ####
#### TRAINING TOTAL TIME: 21.859 ####
Accuracy of the CNN_LSTM model on the test set: 86.242613 %
Accuracy of the LSTM_CNN model on the test set: 59.332192 %
Accuracy of the ParallelCNNLSTMModel model on the test set: 84.533642 %
#### TESTING TOTAL TIME: 3.63 ####
#### TIME #### TERMINO #### 3624.063 ####
#### FINITO #### TERMINO #### NO-VA-MAS ####
#### TIMES #### modelling TOTAL TOTAL ==>> 3624.063
#### #### READING DATA FILES #### ####
49 #### COMBI [reg, sid, ban, sec, men, med, sum, max, aci, hfq] METRICS ####
('Plantation', '/home/vargas/repos/forests-sounds-vargas/out/data/extraction/Plantation/2_00_PSA0010-2010_dict_y_split_7_2512283_1736694580.pkl')
(297840, 10) Index(['reg', 'sid', 'ban', 'sec', 'men', 'med', 'sum', 'max', 'aci', 'hfq'], dtype='object') Index(['reg', 'sid', 'ban', 'sec', 'men', 'med', 'sum', 'max', 'aci', 'hfq'], dtype='object')
#### MERGE 68 merge_data Dataframe shape: (297840, 10) #### time: 38
#### #### SPLIT TRAIN TEST #### ####
#### CLASSES: [0 1 2 3] TOTAL 4
#### SPLIT train_test_split and CUDA: ??? cuda:0 #### time: 35
#### MODELS - TOTAL 3 ####
#### EPOCHS 1 ####
#### TRAINING MODELS ####
#### TRAINING MODEL CNN_LSTM ####
#### TRAINED MODEL CNN_LSTM model training time: 6.614 total training time: 6.626 ####
#### TRAINING MODEL LSTM_CNN ####
#### TRAINED MODEL LSTM_CNN model training time: 7.594 total training time: 14.22 ####
#### TRAINING MODEL ParallelCNNLSTMModel ####
#### TRAINED MODEL ParallelCNNLSTMModel model training time: 7.661 total training time: 21.881 ####
#### TRAINING TOTAL TIME: 21.87 ####
Accuracy of the CNN_LSTM model on the test set: 62.511751 %
Accuracy of the LSTM_CNN model on the test set: 62.657803 %
Accuracy of the ParallelCNNLSTMModel model on the test set: 65.652699 %
#### TESTING TOTAL TIME: 3.508 ####
#### TIME #### TERMINO #### 3697.651 ####
#### FINITO #### TERMINO #### NO-VA-MAS ####
#### TIMES #### modelling TOTAL TOTAL ==>> 3697.651
#### #### READING DATA FILES #### ####
50 #### COMBI [reg, sid, ban, sec, men, med, sum, max, aci, htp] METRICS ####
('Plantation', '/home/vargas/repos/forests-sounds-vargas/out/data/extraction/Plantation/2_00_PSA0010-2010_dict_y_split_7_2512283_1736694580.pkl')
(297840, 10) Index(['reg', 'sid', 'ban', 'sec', 'men', 'med', 'sum', 'max', 'aci', 'htp'], dtype='object') Index(['reg', 'sid', 'ban', 'sec', 'men', 'med', 'sum', 'max', 'aci', 'htp'], dtype='object')
#### MERGE 68 merge_data Dataframe shape: (297840, 10) #### time: 38
#### #### SPLIT TRAIN TEST #### ####
#### CLASSES: [0 1 2 3] TOTAL 4
#### SPLIT train_test_split and CUDA: ??? cuda:0 #### time: 35
#### MODELS - TOTAL 3 ####
#### EPOCHS 1 ####
#### TRAINING MODELS ####
#### TRAINING MODEL CNN_LSTM ####
#### TRAINED MODEL CNN_LSTM model training time: 6.741 total training time: 6.752 ####
#### TRAINING MODEL LSTM_CNN ####
#### TRAINED MODEL LSTM_CNN model training time: 7.583 total training time: 14.335 ####
#### TRAINING MODEL ParallelCNNLSTMModel ####
#### TRAINED MODEL ParallelCNNLSTMModel model training time: 7.547 total training time: 21.883 ####
#### TRAINING TOTAL TIME: 21.872 ####
Accuracy of the CNN_LSTM model on the test set: 62.840787 %
Accuracy of the LSTM_CNN model on the test set: 63.414921 %
Accuracy of the ParallelCNNLSTMModel model on the test set: 65.793715 %
#### TESTING TOTAL TIME: 3.639 ####
#### TIME #### TERMINO #### 3771.858 ####
#### FINITO #### TERMINO #### NO-VA-MAS ####
#### TIMES #### modelling TOTAL TOTAL ==>> 3771.858
#### #### READING DATA FILES #### ####
51 #### COMBI [reg, sid, ban, sec, men, med, sum, max, aci, hhh] METRICS ####
('Plantation', '/home/vargas/repos/forests-sounds-vargas/out/data/extraction/Plantation/2_00_PSA0010-2010_dict_y_split_7_2512283_1736694580.pkl')
(297840, 10) Index(['reg', 'sid', 'ban', 'sec', 'men', 'med', 'sum', 'max', 'aci', 'hhh'], dtype='object') Index(['reg', 'sid', 'ban', 'sec', 'men', 'med', 'sum', 'max', 'aci', 'hhh'], dtype='object')
#### MERGE 68 merge_data Dataframe shape: (297840, 10) #### time: 40
#### #### SPLIT TRAIN TEST #### ####
#### CLASSES: [0 1 2 3] TOTAL 4
#### SPLIT train_test_split and CUDA: ??? cuda:0 #### time: 35
#### MODELS - TOTAL 3 ####
#### EPOCHS 1 ####
#### TRAINING MODELS ####
#### TRAINING MODEL CNN_LSTM ####
#### TRAINED MODEL CNN_LSTM model training time: 6.505 total training time: 6.516 ####
#### TRAINING MODEL LSTM_CNN ####
#### TRAINED MODEL LSTM_CNN model training time: 7.534 total training time: 14.05 ####
#### TRAINING MODEL ParallelCNNLSTMModel ####
#### TRAINED MODEL ParallelCNNLSTMModel model training time: 7.611 total training time: 21.661 ####
#### TRAINING TOTAL TIME: 21.65 ####
Accuracy of the CNN_LSTM model on the test set: 61.885576 %
Accuracy of the LSTM_CNN model on the test set: 55.098375 %
Accuracy of the ParallelCNNLSTMModel model on the test set: 67.569836 %
#### TESTING TOTAL TIME: 3.546 ####
#### TIME #### TERMINO #### 3846.901 ####
#### FINITO #### TERMINO #### NO-VA-MAS ####
#### TIMES #### modelling TOTAL TOTAL ==>> 3846.901
#### #### READING DATA FILES #### ####
52 #### COMBI [reg, sid, ban, sec, men, med, sum, max, aci, aei] METRICS ####
('Plantation', '/home/vargas/repos/forests-sounds-vargas/out/data/extraction/Plantation/2_00_PSA0010-2010_dict_y_split_7_2512283_1736694580.pkl')
(297840, 10) Index(['reg', 'sid', 'ban', 'sec', 'men', 'med', 'sum', 'max', 'aci', 'aei'], dtype='object') Index(['reg', 'sid', 'ban', 'sec', 'men', 'med', 'sum', 'max', 'aci', 'aei'], dtype='object')
#### MERGE 68 merge_data Dataframe shape: (297840, 10) #### time: 41
#### #### SPLIT TRAIN TEST #### ####
#### CLASSES: [0 1 2 3] TOTAL 4
#### SPLIT train_test_split and CUDA: ??? cuda:0 #### time: 35
#### MODELS - TOTAL 3 ####
#### EPOCHS 1 ####
#### TRAINING MODELS ####
#### TRAINING MODEL CNN_LSTM ####
#### TRAINED MODEL CNN_LSTM model training time: 6.667 total training time: 6.678 ####
#### TRAINING MODEL LSTM_CNN ####
#### TRAINED MODEL LSTM_CNN model training time: 7.437 total training time: 14.115 ####
#### TRAINING MODEL ParallelCNNLSTMModel ####
#### TRAINED MODEL ParallelCNNLSTMModel model training time: 7.672 total training time: 21.788 ####
#### TRAINING TOTAL TIME: 21.776 ####
Accuracy of the CNN_LSTM model on the test set: 62.458031 %
Accuracy of the LSTM_CNN model on the test set: 60.88336 %
Accuracy of the ParallelCNNLSTMModel model on the test set: 66.93191 %
#### TESTING TOTAL TIME: 3.631 ####
#### TIME #### TERMINO #### 3923.816 ####
#### FINITO #### TERMINO #### NO-VA-MAS ####
#### TIMES #### modelling TOTAL TOTAL ==>> 3923.816
#### #### READING DATA FILES #### ####
53 #### COMBI [reg, sid, ban, sec, men, med, sum, max, bet, mmm] METRICS ####
('Plantation', '/home/vargas/repos/forests-sounds-vargas/out/data/extraction/Plantation/2_00_PSA0010-2010_dict_y_split_7_2512283_1736694580.pkl')
(297840, 10) Index(['reg', 'sid', 'ban', 'sec', 'men', 'med', 'sum', 'max', 'bet', 'mmm'], dtype='object') Index(['reg', 'sid', 'ban', 'sec', 'men', 'med', 'sum', 'max', 'bet', 'mmm'], dtype='object')
#### MERGE 68 merge_data Dataframe shape: (297840, 10) #### time: 41
#### #### SPLIT TRAIN TEST #### ####
#### CLASSES: [0 1 2 3] TOTAL 4
#### SPLIT train_test_split and CUDA: ??? cuda:0 #### time: 34
#### MODELS - TOTAL 3 ####
#### EPOCHS 1 ####
#### TRAINING MODELS ####
#### TRAINING MODEL CNN_LSTM ####
#### TRAINED MODEL CNN_LSTM model training time: 6.606 total training time: 6.617 ####
#### TRAINING MODEL LSTM_CNN ####
#### TRAINED MODEL LSTM_CNN model training time: 7.602 total training time: 14.22 ####
#### TRAINING MODEL ParallelCNNLSTMModel ####
#### TRAINED MODEL ParallelCNNLSTMModel model training time: 7.548 total training time: 21.767 ####
#### TRAINING TOTAL TIME: 21.756 ####
Accuracy of the CNN_LSTM model on the test set: 77.899208 %
Accuracy of the LSTM_CNN model on the test set: 57.537604 %
Accuracy of the ParallelCNNLSTMModel model on the test set: 79.253962 %
#### TESTING TOTAL TIME: 3.625 ####
#### TIME #### TERMINO #### 4000.678 ####
#### FINITO #### TERMINO #### NO-VA-MAS ####
#### TIMES #### modelling TOTAL TOTAL ==>> 4000.678
#### #### READING DATA FILES #### ####
54 #### COMBI [reg, sid, ban, sec, men, med, sum, max, bet, npp] METRICS ####
('Plantation', '/home/vargas/repos/forests-sounds-vargas/out/data/extraction/Plantation/2_00_PSA0010-2010_dict_y_split_7_2512283_1736694580.pkl')
(297840, 10) Index(['reg', 'sid', 'ban', 'sec', 'men', 'med', 'sum', 'max', 'bet', 'npp'], dtype='object') Index(['reg', 'sid', 'ban', 'sec', 'men', 'med', 'sum', 'max', 'bet', 'npp'], dtype='object')
#### MERGE 68 merge_data Dataframe shape: (297840, 10) #### time: 40
#### #### SPLIT TRAIN TEST #### ####
#### CLASSES: [0 1 2 3] TOTAL 4
#### SPLIT train_test_split and CUDA: ??? cuda:0 #### time: 35
#### MODELS - TOTAL 3 ####
#### EPOCHS 1 ####
#### TRAINING MODELS ####
#### TRAINING MODEL CNN_LSTM ####
#### TRAINED MODEL CNN_LSTM model training time: 6.75 total training time: 6.762 ####
#### TRAINING MODEL LSTM_CNN ####
#### TRAINED MODEL LSTM_CNN model training time: 7.452 total training time: 14.213 ####
#### TRAINING MODEL ParallelCNNLSTMModel ####
#### TRAINED MODEL ParallelCNNLSTMModel model training time: 7.666 total training time: 21.879 ####
#### TRAINING TOTAL TIME: 21.868 ####
Accuracy of the CNN_LSTM model on the test set: 92.286127 %
Accuracy of the LSTM_CNN model on the test set: 70.385106 %
Accuracy of the ParallelCNNLSTMModel model on the test set: 92.237443 %
#### TESTING TOTAL TIME: 3.509 ####
#### TIME #### TERMINO #### 4076.553 ####
#### FINITO #### TERMINO #### NO-VA-MAS ####
#### TIMES #### modelling TOTAL TOTAL ==>> 4076.553
#### #### READING DATA FILES #### ####
55 #### COMBI [reg, sid, ban, sec, men, med, sum, max, bet, hfq] METRICS ####
('Plantation', '/home/vargas/repos/forests-sounds-vargas/out/data/extraction/Plantation/2_00_PSA0010-2010_dict_y_split_7_2512283_1736694580.pkl')
(297840, 10) Index(['reg', 'sid', 'ban', 'sec', 'men', 'med', 'sum', 'max', 'bet', 'hfq'], dtype='object') Index(['reg', 'sid', 'ban', 'sec', 'men', 'med', 'sum', 'max', 'bet', 'hfq'], dtype='object')
#### MERGE 68 merge_data Dataframe shape: (297840, 10) #### time: 41
#### #### SPLIT TRAIN TEST #### ####
#### CLASSES: [0 1 2 3] TOTAL 4
#### SPLIT train_test_split and CUDA: ??? cuda:0 #### time: 35
#### MODELS - TOTAL 3 ####
#### EPOCHS 1 ####
#### TRAINING MODELS ####
#### TRAINING MODEL CNN_LSTM ####
#### TRAINED MODEL CNN_LSTM model training time: 6.747 total training time: 6.759 ####
#### TRAINING MODEL LSTM_CNN ####
#### TRAINED MODEL LSTM_CNN model training time: 7.594 total training time: 14.353 ####
#### TRAINING MODEL ParallelCNNLSTMModel ####
#### TRAINED MODEL ParallelCNNLSTMModel model training time: 7.546 total training time: 21.899 ####
#### TRAINING TOTAL TIME: 21.887 ####
Accuracy of the CNN_LSTM model on the test set: 78.203062 %
Accuracy of the LSTM_CNN model on the test set: 57.554392 %
Accuracy of the ParallelCNNLSTMModel model on the test set: 78.936677 %
#### TESTING TOTAL TIME: 3.622 ####
#### TIME #### TERMINO #### 4152.956 ####
#### FINITO #### TERMINO #### NO-VA-MAS ####
#### TIMES #### modelling TOTAL TOTAL ==>> 4152.956
#### #### READING DATA FILES #### ####
56 #### COMBI [reg, sid, ban, sec, men, med, sum, max, bet, htp] METRICS ####
('Plantation', '/home/vargas/repos/forests-sounds-vargas/out/data/extraction/Plantation/2_00_PSA0010-2010_dict_y_split_7_2512283_1736694580.pkl')
(297840, 10) Index(['reg', 'sid', 'ban', 'sec', 'men', 'med', 'sum', 'max', 'bet', 'htp'], dtype='object') Index(['reg', 'sid', 'ban', 'sec', 'men', 'med', 'sum', 'max', 'bet', 'htp'], dtype='object')
#### MERGE 68 merge_data Dataframe shape: (297840, 10) #### time: 40
#### #### SPLIT TRAIN TEST #### ####
#### CLASSES: [0 1 2 3] TOTAL 4
#### SPLIT train_test_split and CUDA: ??? cuda:0 #### time: 34
#### MODELS - TOTAL 3 ####
#### EPOCHS 1 ####
#### TRAINING MODELS ####
#### TRAINING MODEL CNN_LSTM ####
#### TRAINED MODEL CNN_LSTM model training time: 6.595 total training time: 6.606 ####
#### TRAINING MODEL LSTM_CNN ####
#### TRAINED MODEL LSTM_CNN model training time: 7.61 total training time: 14.216 ####
#### TRAINING MODEL ParallelCNNLSTMModel ####
#### TRAINED MODEL ParallelCNNLSTMModel model training time: 7.658 total training time: 21.875 ####
#### TRAINING TOTAL TIME: 21.864 ####
Accuracy of the CNN_LSTM model on the test set: 76.299355 %
Accuracy of the LSTM_CNN model on the test set: 57.015512 %
Accuracy of the ParallelCNNLSTMModel model on the test set: 79.589713 %
#### TESTING TOTAL TIME: 3.499 ####
#### TIME #### TERMINO #### 4228.23 ####
#### FINITO #### TERMINO #### NO-VA-MAS ####
#### TIMES #### modelling TOTAL TOTAL ==>> 4228.23
#### #### READING DATA FILES #### ####
57 #### COMBI [reg, sid, ban, sec, men, med, sum, max, bet, hhh] METRICS ####
('Plantation', '/home/vargas/repos/forests-sounds-vargas/out/data/extraction/Plantation/2_00_PSA0010-2010_dict_y_split_7_2512283_1736694580.pkl')
(297840, 10) Index(['reg', 'sid', 'ban', 'sec', 'men', 'med', 'sum', 'max', 'bet', 'hhh'], dtype='object') Index(['reg', 'sid', 'ban', 'sec', 'men', 'med', 'sum', 'max', 'bet', 'hhh'], dtype='object')
#### MERGE 68 merge_data Dataframe shape: (297840, 10) #### time: 38
#### #### SPLIT TRAIN TEST #### ####
#### CLASSES: [0 1 2 3] TOTAL 4
#### SPLIT train_test_split and CUDA: ??? cuda:0 #### time: 35
#### MODELS - TOTAL 3 ####
#### EPOCHS 1 ####
#### TRAINING MODELS ####
#### TRAINING MODEL CNN_LSTM ####
#### TRAINED MODEL CNN_LSTM model training time: 6.733 total training time: 6.744 ####
#### TRAINING MODEL LSTM_CNN ####
#### TRAINED MODEL LSTM_CNN model training time: 7.575 total training time: 14.319 ####
#### TRAINING MODEL ParallelCNNLSTMModel ####
#### TRAINED MODEL ParallelCNNLSTMModel model training time: 7.511 total training time: 21.831 ####
#### TRAINING TOTAL TIME: 21.819 ####
Accuracy of the CNN_LSTM model on the test set: 79.166667 %
Accuracy of the LSTM_CNN model on the test set: 57.451988 %
Accuracy of the ParallelCNNLSTMModel model on the test set: 78.788947 %
#### TESTING TOTAL TIME: 3.624 ####
#### TIME #### TERMINO #### 4301.913 ####
#### FINITO #### TERMINO #### NO-VA-MAS ####
#### TIMES #### modelling TOTAL TOTAL ==>> 4301.913
#### #### READING DATA FILES #### ####
58 #### COMBI [reg, sid, ban, sec, men, med, sum, max, bet, aei] METRICS ####
('Plantation', '/home/vargas/repos/forests-sounds-vargas/out/data/extraction/Plantation/2_00_PSA0010-2010_dict_y_split_7_2512283_1736694580.pkl')
(297840, 10) Index(['reg', 'sid', 'ban', 'sec', 'men', 'med', 'sum', 'max', 'bet', 'aei'], dtype='object') Index(['reg', 'sid', 'ban', 'sec', 'men', 'med', 'sum', 'max', 'bet', 'aei'], dtype='object')
#### MERGE 68 merge_data Dataframe shape: (297840, 10) #### time: 38
#### #### SPLIT TRAIN TEST #### ####
#### CLASSES: [0 1 2 3] TOTAL 4
#### SPLIT train_test_split and CUDA: ??? cuda:0 #### time: 34
#### MODELS - TOTAL 3 ####
#### EPOCHS 1 ####
#### TRAINING MODELS ####
#### TRAINING MODEL CNN_LSTM ####
#### TRAINED MODEL CNN_LSTM model training time: 6.577 total training time: 6.588 ####
#### TRAINING MODEL LSTM_CNN ####
#### TRAINED MODEL LSTM_CNN model training time: 7.589 total training time: 14.177 ####
#### TRAINING MODEL ParallelCNNLSTMModel ####
#### TRAINED MODEL ParallelCNNLSTMModel model training time: 7.651 total training time: 21.828 ####
#### TRAINING TOTAL TIME: 21.817 ####
Accuracy of the CNN_LSTM model on the test set: 78.75873 %
Accuracy of the LSTM_CNN model on the test set: 57.173315 %
Accuracy of the ParallelCNNLSTMModel model on the test set: 78.651289 %
#### TESTING TOTAL TIME: 3.491 ####
#### TIME #### TERMINO #### 4375.551 ####
#### FINITO #### TERMINO #### NO-VA-MAS ####
#### TIMES #### modelling TOTAL TOTAL ==>> 4375.551
#### #### READING DATA FILES #### ####
59 #### COMBI [reg, sid, ban, sec, men, med, sum, max, mmm, npp] METRICS ####
('Plantation', '/home/vargas/repos/forests-sounds-vargas/out/data/extraction/Plantation/2_00_PSA0010-2010_dict_y_split_7_2512283_1736694580.pkl')
(297840, 10) Index(['reg', 'sid', 'ban', 'sec', 'men', 'med', 'sum', 'max', 'mmm', 'npp'], dtype='object') Index(['reg', 'sid', 'ban', 'sec', 'men', 'med', 'sum', 'max', 'mmm', 'npp'], dtype='object')
#### MERGE 68 merge_data Dataframe shape: (297840, 10) #### time: 38
#### #### SPLIT TRAIN TEST #### ####
#### CLASSES: [0 1 2 3] TOTAL 4
#### SPLIT train_test_split and CUDA: ??? cuda:0 #### time: 34
#### MODELS - TOTAL 3 ####
#### EPOCHS 1 ####
#### TRAINING MODELS ####
#### TRAINING MODEL CNN_LSTM ####
#### TRAINED MODEL CNN_LSTM model training time: 6.747 total training time: 6.758 ####
#### TRAINING MODEL LSTM_CNN ####
#### TRAINED MODEL LSTM_CNN model training time: 7.457 total training time: 14.215 ####
#### TRAINING MODEL ParallelCNNLSTMModel ####
#### TRAINED MODEL ParallelCNNLSTMModel model training time: 7.666 total training time: 21.88 ####
#### TRAINING TOTAL TIME: 21.869 ####
Accuracy of the CNN_LSTM model on the test set: 88.24033 %
Accuracy of the LSTM_CNN model on the test set: 68.775181 %
Accuracy of the ParallelCNNLSTMModel model on the test set: 87.860932 %
#### TESTING TOTAL TIME: 3.674 ####
#### TIME #### TERMINO #### 4449.564 ####
#### FINITO #### TERMINO #### NO-VA-MAS ####
#### TIMES #### modelling TOTAL TOTAL ==>> 4449.564
#### #### READING DATA FILES #### ####
60 #### COMBI [reg, sid, ban, sec, men, med, sum, max, mmm, hfq] METRICS ####
('Plantation', '/home/vargas/repos/forests-sounds-vargas/out/data/extraction/Plantation/2_00_PSA0010-2010_dict_y_split_7_2512283_1736694580.pkl')
(297840, 10) Index(['reg', 'sid', 'ban', 'sec', 'men', 'med', 'sum', 'max', 'mmm', 'hfq'], dtype='object') Index(['reg', 'sid', 'ban', 'sec', 'men', 'med', 'sum', 'max', 'mmm', 'hfq'], dtype='object')
#### MERGE 68 merge_data Dataframe shape: (297840, 10) #### time: 41
#### #### SPLIT TRAIN TEST #### ####
#### CLASSES: [0 1 2 3] TOTAL 4
#### SPLIT train_test_split and CUDA: ??? cuda:0 #### time: 35
#### MODELS - TOTAL 3 ####
#### EPOCHS 1 ####
#### TRAINING MODELS ####
#### TRAINING MODEL CNN_LSTM ####
#### TRAINED MODEL CNN_LSTM model training time: 6.587 total training time: 6.598 ####
#### TRAINING MODEL LSTM_CNN ####
#### TRAINED MODEL LSTM_CNN model training time: 7.592 total training time: 14.191 ####
#### TRAINING MODEL ParallelCNNLSTMModel ####
#### TRAINED MODEL ParallelCNNLSTMModel model training time: 7.653 total training time: 21.844 ####
#### TRAINING TOTAL TIME: 21.833 ####
Accuracy of the CNN_LSTM model on the test set: 67.665525 %
Accuracy of the LSTM_CNN model on the test set: 57.504029 %
Accuracy of the ParallelCNNLSTMModel model on the test set: 69.166331 %
#### TESTING TOTAL TIME: 3.494 ####
#### TIME #### TERMINO #### 4525.886 ####
#### FINITO #### TERMINO #### NO-VA-MAS ####
#### TIMES #### modelling TOTAL TOTAL ==>> 4525.886
#### #### READING DATA FILES #### ####
61 #### COMBI [reg, sid, ban, sec, men, med, sum, max, mmm, htp] METRICS ####
('Plantation', '/home/vargas/repos/forests-sounds-vargas/out/data/extraction/Plantation/2_00_PSA0010-2010_dict_y_split_7_2512283_1736694580.pkl')
(297840, 10) Index(['reg', 'sid', 'ban', 'sec', 'men', 'med', 'sum', 'max', 'mmm', 'htp'], dtype='object') Index(['reg', 'sid', 'ban', 'sec', 'men', 'med', 'sum', 'max', 'mmm', 'htp'], dtype='object')
#### MERGE 68 merge_data Dataframe shape: (297840, 10) #### time: 38
#### #### SPLIT TRAIN TEST #### ####
#### CLASSES: [0 1 2 3] TOTAL 4
#### SPLIT train_test_split and CUDA: ??? cuda:0 #### time: 35
#### MODELS - TOTAL 3 ####
#### EPOCHS 1 ####
#### TRAINING MODELS ####
#### TRAINING MODEL CNN_LSTM ####
#### TRAINED MODEL CNN_LSTM model training time: 6.756 total training time: 6.768 ####
#### TRAINING MODEL LSTM_CNN ####
#### TRAINED MODEL LSTM_CNN model training time: 7.459 total training time: 14.227 ####
#### TRAINING MODEL ParallelCNNLSTMModel ####
#### TRAINED MODEL ParallelCNNLSTMModel model training time: 7.67 total training time: 21.897 ####
#### TRAINING TOTAL TIME: 21.885 ####
Accuracy of the CNN_LSTM model on the test set: 64.801571 %
Accuracy of the LSTM_CNN model on the test set: 56.945004 %
Accuracy of the ParallelCNNLSTMModel model on the test set: 68.526726 %
#### TESTING TOTAL TIME: 3.638 ####
#### TIME #### TERMINO #### 4600.145 ####
#### FINITO #### TERMINO #### NO-VA-MAS ####
#### TIMES #### modelling TOTAL TOTAL ==>> 4600.145
#### #### READING DATA FILES #### ####
62 #### COMBI [reg, sid, ban, sec, men, med, sum, max, mmm, hhh] METRICS ####
('Plantation', '/home/vargas/repos/forests-sounds-vargas/out/data/extraction/Plantation/2_00_PSA0010-2010_dict_y_split_7_2512283_1736694580.pkl')
(297840, 10) Index(['reg', 'sid', 'ban', 'sec', 'men', 'med', 'sum', 'max', 'mmm', 'hhh'], dtype='object') Index(['reg', 'sid', 'ban', 'sec', 'men', 'med', 'sum', 'max', 'mmm', 'hhh'], dtype='object')
#### MERGE 68 merge_data Dataframe shape: (297840, 10) #### time: 39
#### #### SPLIT TRAIN TEST #### ####
#### CLASSES: [0 1 2 3] TOTAL 4
#### SPLIT train_test_split and CUDA: ??? cuda:0 #### time: 34
#### MODELS - TOTAL 3 ####
#### EPOCHS 1 ####
#### TRAINING MODELS ####
#### TRAINING MODEL CNN_LSTM ####
#### TRAINED MODEL CNN_LSTM model training time: 6.603 total training time: 6.614 ####
#### TRAINING MODEL LSTM_CNN ####
#### TRAINED MODEL LSTM_CNN model training time: 7.622 total training time: 14.237 ####
#### TRAINING MODEL ParallelCNNLSTMModel ####
#### TRAINED MODEL ParallelCNNLSTMModel model training time: 7.541 total training time: 21.778 ####
#### TRAINING TOTAL TIME: 21.766 ####
Accuracy of the CNN_LSTM model on the test set: 68.499866 %
Accuracy of the LSTM_CNN model on the test set: 57.433521 %
Accuracy of the ParallelCNNLSTMModel model on the test set: 68.284985 %
#### TESTING TOTAL TIME: 3.651 ####
#### TIME #### TERMINO #### 4674.813 ####
#### FINITO #### TERMINO #### NO-VA-MAS ####
#### TIMES #### modelling TOTAL TOTAL ==>> 4674.813
#### #### READING DATA FILES #### ####
63 #### COMBI [reg, sid, ban, sec, men, med, sum, max, mmm, aei] METRICS ####
('Plantation', '/home/vargas/repos/forests-sounds-vargas/out/data/extraction/Plantation/2_00_PSA0010-2010_dict_y_split_7_2512283_1736694580.pkl')
(297840, 10) Index(['reg', 'sid', 'ban', 'sec', 'men', 'med', 'sum', 'max', 'mmm', 'aei'], dtype='object') Index(['reg', 'sid', 'ban', 'sec', 'men', 'med', 'sum', 'max', 'mmm', 'aei'], dtype='object')
#### MERGE 68 merge_data Dataframe shape: (297840, 10) #### time: 41
#### #### SPLIT TRAIN TEST #### ####
#### CLASSES: [0 1 2 3] TOTAL 4
#### SPLIT train_test_split and CUDA: ??? cuda:0 #### time: 34
#### MODELS - TOTAL 3 ####
#### EPOCHS 1 ####
#### TRAINING MODELS ####
#### TRAINING MODEL CNN_LSTM ####
#### TRAINED MODEL CNN_LSTM model training time: 6.724 total training time: 6.735 ####
#### TRAINING MODEL LSTM_CNN ####
#### TRAINED MODEL LSTM_CNN model training time: 7.441 total training time: 14.176 ####
#### TRAINING MODEL ParallelCNNLSTMModel ####
#### TRAINED MODEL ParallelCNNLSTMModel model training time: 7.686 total training time: 21.862 ####
#### TRAINING TOTAL TIME: 21.851 ####
Accuracy of the CNN_LSTM model on the test set: 68.781896 %
Accuracy of the LSTM_CNN model on the test set: 57.436879 %
Accuracy of the ParallelCNNLSTMModel model on the test set: 67.940841 %
#### TESTING TOTAL TIME: 3.492 ####
#### TIME #### TERMINO #### 4750.958 ####
#### FINITO #### TERMINO #### NO-VA-MAS ####
#### TIMES #### modelling TOTAL TOTAL ==>> 4750.958
#### #### READING DATA FILES #### ####
64 #### COMBI [reg, sid, ban, sec, men, med, sum, max, npp, hfq] METRICS ####
('Plantation', '/home/vargas/repos/forests-sounds-vargas/out/data/extraction/Plantation/2_00_PSA0010-2010_dict_y_split_7_2512283_1736694580.pkl')
(297840, 10) Index(['reg', 'sid', 'ban', 'sec', 'men', 'med', 'sum', 'max', 'npp', 'hfq'], dtype='object') Index(['reg', 'sid', 'ban', 'sec', 'men', 'med', 'sum', 'max', 'npp', 'hfq'], dtype='object')
#### MERGE 68 merge_data Dataframe shape: (297840, 10) #### time: 46
#### #### SPLIT TRAIN TEST #### ####
#### CLASSES: [0 1 2 3] TOTAL 4
#### SPLIT train_test_split and CUDA: ??? cuda:0 #### time: 35
#### MODELS - TOTAL 3 ####
#### EPOCHS 1 ####
#### TRAINING MODELS ####
#### TRAINING MODEL CNN_LSTM ####
#### TRAINED MODEL CNN_LSTM model training time: 6.743 total training time: 6.755 ####
#### TRAINING MODEL LSTM_CNN ####
#### TRAINED MODEL LSTM_CNN model training time: 7.579 total training time: 14.333 ####
#### TRAINING MODEL ParallelCNNLSTMModel ####
#### TRAINED MODEL ParallelCNNLSTMModel model training time: 7.524 total training time: 21.858 ####
#### TRAINING TOTAL TIME: 21.846 ####
Accuracy of the CNN_LSTM model on the test set: 89.65552 %
Accuracy of the LSTM_CNN model on the test set: 86.816747 %
Accuracy of the ParallelCNNLSTMModel model on the test set: 90.872616 %
#### TESTING TOTAL TIME: 3.637 ####
#### TIME #### TERMINO #### 4832.713 ####
#### FINITO #### TERMINO #### NO-VA-MAS ####
#### TIMES #### modelling TOTAL TOTAL ==>> 4832.713
#### #### READING DATA FILES #### ####
65 #### COMBI [reg, sid, ban, sec, men, med, sum, max, npp, htp] METRICS ####
('Plantation', '/home/vargas/repos/forests-sounds-vargas/out/data/extraction/Plantation/2_00_PSA0010-2010_dict_y_split_7_2512283_1736694580.pkl')
(297840, 10) Index(['reg', 'sid', 'ban', 'sec', 'men', 'med', 'sum', 'max', 'npp', 'htp'], dtype='object') Index(['reg', 'sid', 'ban', 'sec', 'men', 'med', 'sum', 'max', 'npp', 'htp'], dtype='object')
#### MERGE 68 merge_data Dataframe shape: (297840, 10) #### time: 42
#### #### SPLIT TRAIN TEST #### ####
#### CLASSES: [0 1 2 3] TOTAL 4
#### SPLIT train_test_split and CUDA: ??? cuda:0 #### time: 35
#### MODELS - TOTAL 3 ####
#### EPOCHS 1 ####
#### TRAINING MODELS ####
#### TRAINING MODEL CNN_LSTM ####
#### TRAINED MODEL CNN_LSTM model training time: 6.58 total training time: 6.592 ####
#### TRAINING MODEL LSTM_CNN ####
#### TRAINED MODEL LSTM_CNN model training time: 7.615 total training time: 14.207 ####
#### TRAINING MODEL ParallelCNNLSTMModel ####
#### TRAINED MODEL ParallelCNNLSTMModel model training time: 7.705 total training time: 21.912 ####
#### TRAINING TOTAL TIME: 21.901 ####
Accuracy of the CNN_LSTM model on the test set: 91.354418 %
Accuracy of the LSTM_CNN model on the test set: 86.932581 %
Accuracy of the ParallelCNNLSTMModel model on the test set: 90.80043 %
#### TESTING TOTAL TIME: 3.488 ####
#### TIME #### TERMINO #### 4910.45 ####
#### FINITO #### TERMINO #### NO-VA-MAS ####
#### TIMES #### modelling TOTAL TOTAL ==>> 4910.45
#### #### READING DATA FILES #### ####
66 #### COMBI [reg, sid, ban, sec, men, med, sum, max, npp, hhh] METRICS ####
('Plantation', '/home/vargas/repos/forests-sounds-vargas/out/data/extraction/Plantation/2_00_PSA0010-2010_dict_y_split_7_2512283_1736694580.pkl')
(297840, 10) Index(['reg', 'sid', 'ban', 'sec', 'men', 'med', 'sum', 'max', 'npp', 'hhh'], dtype='object') Index(['reg', 'sid', 'ban', 'sec', 'men', 'med', 'sum', 'max', 'npp', 'hhh'], dtype='object')
#### MERGE 68 merge_data Dataframe shape: (297840, 10) #### time: 42
#### #### SPLIT TRAIN TEST #### ####
#### CLASSES: [0 1 2 3] TOTAL 4
#### SPLIT train_test_split and CUDA: ??? cuda:0 #### time: 35
#### MODELS - TOTAL 3 ####
#### EPOCHS 1 ####
#### TRAINING MODELS ####
#### TRAINING MODEL CNN_LSTM ####
#### TRAINED MODEL CNN_LSTM model training time: 6.755 total training time: 6.766 ####
#### TRAINING MODEL LSTM_CNN ####
#### TRAINED MODEL LSTM_CNN model training time: 7.586 total training time: 14.352 ####
#### TRAINING MODEL ParallelCNNLSTMModel ####
#### TRAINED MODEL ParallelCNNLSTMModel model training time: 7.515 total training time: 21.867 ####
#### TRAINING TOTAL TIME: 21.856 ####
Accuracy of the CNN_LSTM model on the test set: 90.617446 %
Accuracy of the LSTM_CNN model on the test set: 84.55043 %
Accuracy of the ParallelCNNLSTMModel model on the test set: 89.395313 %
#### TESTING TOTAL TIME: 3.654 ####
#### TIME #### TERMINO #### 4988.32 ####
#### FINITO #### TERMINO #### NO-VA-MAS ####
#### TIMES #### modelling TOTAL TOTAL ==>> 4988.32
#### #### READING DATA FILES #### ####
67 #### COMBI [reg, sid, ban, sec, men, med, sum, max, npp, aei] METRICS ####
('Plantation', '/home/vargas/repos/forests-sounds-vargas/out/data/extraction/Plantation/2_00_PSA0010-2010_dict_y_split_7_2512283_1736694580.pkl')
(297840, 10) Index(['reg', 'sid', 'ban', 'sec', 'men', 'med', 'sum', 'max', 'npp', 'aei'], dtype='object') Index(['reg', 'sid', 'ban', 'sec', 'men', 'med', 'sum', 'max', 'npp', 'aei'], dtype='object')
#### MERGE 68 merge_data Dataframe shape: (297840, 10) #### time: 40
#### #### SPLIT TRAIN TEST #### ####
#### CLASSES: [0 1 2 3] TOTAL 4
#### SPLIT train_test_split and CUDA: ??? cuda:0 #### time: 35
#### MODELS - TOTAL 3 ####
#### EPOCHS 1 ####
#### TRAINING MODELS ####
#### TRAINING MODEL CNN_LSTM ####
#### TRAINED MODEL CNN_LSTM model training time: 6.581 total training time: 6.592 ####
#### TRAINING MODEL LSTM_CNN ####
#### TRAINED MODEL LSTM_CNN model training time: 7.647 total training time: 14.239 ####
#### TRAINING MODEL ParallelCNNLSTMModel ####
#### TRAINED MODEL ParallelCNNLSTMModel model training time: 7.672 total training time: 21.911 ####
#### TRAINING TOTAL TIME: 21.9 ####
Accuracy of the CNN_LSTM model on the test set: 91.470252 %
Accuracy of the LSTM_CNN model on the test set: 51.866774 %
Accuracy of the ParallelCNNLSTMModel model on the test set: 90.227975 %
#### TESTING TOTAL TIME: 3.492 ####
#### TIME #### TERMINO #### 5063.826 ####
#### FINITO #### TERMINO #### NO-VA-MAS ####
#### TIMES #### modelling TOTAL TOTAL ==>> 5063.826
#### #### READING DATA FILES #### ####
68 #### COMBI [reg, sid, ban, sec, men, med, sum, max, hfq, htp] METRICS ####
('Plantation', '/home/vargas/repos/forests-sounds-vargas/out/data/extraction/Plantation/2_00_PSA0010-2010_dict_y_split_7_2512283_1736694580.pkl')
(297840, 10) Index(['reg', 'sid', 'ban', 'sec', 'men', 'med', 'sum', 'max', 'hfq', 'htp'], dtype='object') Index(['reg', 'sid', 'ban', 'sec', 'men', 'med', 'sum', 'max', 'hfq', 'htp'], dtype='object')
#### MERGE 68 merge_data Dataframe shape: (297840, 10) #### time: 40
#### #### SPLIT TRAIN TEST #### ####
#### CLASSES: [0 1 2 3] TOTAL 4
#### SPLIT train_test_split and CUDA: ??? cuda:0 #### time: 35
#### MODELS - TOTAL 3 ####
#### EPOCHS 1 ####
#### TRAINING MODELS ####
#### TRAINING MODEL CNN_LSTM ####
#### TRAINED MODEL CNN_LSTM model training time: 6.759 total training time: 6.771 ####
#### TRAINING MODEL LSTM_CNN ####
#### TRAINED MODEL LSTM_CNN model training time: 7.439 total training time: 14.21 ####
#### TRAINING MODEL ParallelCNNLSTMModel ####
#### TRAINED MODEL ParallelCNNLSTMModel model training time: 7.671 total training time: 21.881 ####
#### TRAINING TOTAL TIME: 21.869 ####
Accuracy of the CNN_LSTM model on the test set: 67.872012 %
Accuracy of the LSTM_CNN model on the test set: 57.391553 %
Accuracy of the ParallelCNNLSTMModel model on the test set: 68.546871 %
#### TESTING TOTAL TIME: 3.64 ####
#### TIME #### TERMINO #### 5140.023 ####
#### FINITO #### TERMINO #### NO-VA-MAS ####
#### TIMES #### modelling TOTAL TOTAL ==>> 5140.023
#### #### READING DATA FILES #### ####
69 #### COMBI [reg, sid, ban, sec, men, med, sum, max, hfq, hhh] METRICS ####
('Plantation', '/home/vargas/repos/forests-sounds-vargas/out/data/extraction/Plantation/2_00_PSA0010-2010_dict_y_split_7_2512283_1736694580.pkl')
(297840, 10) Index(['reg', 'sid', 'ban', 'sec', 'men', 'med', 'sum', 'max', 'hfq', 'hhh'], dtype='object') Index(['reg', 'sid', 'ban', 'sec', 'men', 'med', 'sum', 'max', 'hfq', 'hhh'], dtype='object')
#### MERGE 68 merge_data Dataframe shape: (297840, 10) #### time: 42
#### #### SPLIT TRAIN TEST #### ####
#### CLASSES: [0 1 2 3] TOTAL 4
#### SPLIT train_test_split and CUDA: ??? cuda:0 #### time: 35
#### MODELS - TOTAL 3 ####
#### EPOCHS 1 ####
#### TRAINING MODELS ####
#### TRAINING MODEL CNN_LSTM ####
#### TRAINED MODEL CNN_LSTM model training time: 6.601 total training time: 6.613 ####
#### TRAINING MODEL LSTM_CNN ####
#### TRAINED MODEL LSTM_CNN model training time: 7.603 total training time: 14.216 ####
#### TRAINING MODEL ParallelCNNLSTMModel ####
#### TRAINED MODEL ParallelCNNLSTMModel model training time: 7.523 total training time: 21.74 ####
#### TRAINING TOTAL TIME: 21.728 ####
Accuracy of the CNN_LSTM model on the test set: 68.66942 %
Accuracy of the LSTM_CNN model on the test set: 57.566143 %
Accuracy of the ParallelCNNLSTMModel model on the test set: 66.957091 %
#### TESTING TOTAL TIME: 3.637 ####
#### TIME #### TERMINO #### 5217.419 ####
#### FINITO #### TERMINO #### NO-VA-MAS ####
#### TIMES #### modelling TOTAL TOTAL ==>> 5217.419
#### #### READING DATA FILES #### ####
70 #### COMBI [reg, sid, ban, sec, men, med, sum, max, hfq, aei] METRICS ####
('Plantation', '/home/vargas/repos/forests-sounds-vargas/out/data/extraction/Plantation/2_00_PSA0010-2010_dict_y_split_7_2512283_1736694580.pkl')
(297840, 10) Index(['reg', 'sid', 'ban', 'sec', 'men', 'med', 'sum', 'max', 'hfq', 'aei'], dtype='object') Index(['reg', 'sid', 'ban', 'sec', 'men', 'med', 'sum', 'max', 'hfq', 'aei'], dtype='object')
#### MERGE 68 merge_data Dataframe shape: (297840, 10) #### time: 45
#### #### SPLIT TRAIN TEST #### ####
#### CLASSES: [0 1 2 3] TOTAL 4
#### SPLIT train_test_split and CUDA: ??? cuda:0 #### time: 35
#### MODELS - TOTAL 3 ####
#### EPOCHS 1 ####
#### TRAINING MODELS ####
#### TRAINING MODEL CNN_LSTM ####
#### TRAINED MODEL CNN_LSTM model training time: 6.724 total training time: 6.736 ####
#### TRAINING MODEL LSTM_CNN ####
#### TRAINED MODEL LSTM_CNN model training time: 7.447 total training time: 14.183 ####
#### TRAINING MODEL ParallelCNNLSTMModel ####
#### TRAINED MODEL ParallelCNNLSTMModel model training time: 7.683 total training time: 21.866 ####
#### TRAINING TOTAL TIME: 21.854 ####
Accuracy of the CNN_LSTM model on the test set: 67.683991 %
Accuracy of the LSTM_CNN model on the test set: 57.551034 %
Accuracy of the ParallelCNNLSTMModel model on the test set: 69.144507 %
#### TESTING TOTAL TIME: 3.488 ####
#### TIME #### TERMINO #### 5298.003 ####
#### FINITO #### TERMINO #### NO-VA-MAS ####
#### TIMES #### modelling TOTAL TOTAL ==>> 5298.003
#### #### READING DATA FILES #### ####
71 #### COMBI [reg, sid, ban, sec, men, med, sum, max, htp, hhh] METRICS ####
('Plantation', '/home/vargas/repos/forests-sounds-vargas/out/data/extraction/Plantation/2_00_PSA0010-2010_dict_y_split_7_2512283_1736694580.pkl')
(297840, 10) Index(['reg', 'sid', 'ban', 'sec', 'men', 'med', 'sum', 'max', 'htp', 'hhh'], dtype='object') Index(['reg', 'sid', 'ban', 'sec', 'men', 'med', 'sum', 'max', 'htp', 'hhh'], dtype='object')
#### MERGE 68 merge_data Dataframe shape: (297840, 10) #### time: 41
#### #### SPLIT TRAIN TEST #### ####
#### CLASSES: [0 1 2 3] TOTAL 4
#### SPLIT train_test_split and CUDA: ??? cuda:0 #### time: 34
#### MODELS - TOTAL 3 ####
#### EPOCHS 1 ####
#### TRAINING MODELS ####
#### TRAINING MODEL CNN_LSTM ####
#### TRAINED MODEL CNN_LSTM model training time: 6.702 total training time: 6.714 ####
#### TRAINING MODEL LSTM_CNN ####
#### TRAINED MODEL LSTM_CNN model training time: 7.547 total training time: 14.261 ####
#### TRAINING MODEL ParallelCNNLSTMModel ####
#### TRAINED MODEL ParallelCNNLSTMModel model training time: 7.542 total training time: 21.803 ####
#### TRAINING TOTAL TIME: 21.791 ####
Accuracy of the CNN_LSTM model on the test set: 67.962665 %
Accuracy of the LSTM_CNN model on the test set: 57.144776 %
Accuracy of the ParallelCNNLSTMModel model on the test set: 69.653169 %
#### TESTING TOTAL TIME: 3.648 ####
#### TIME #### TERMINO #### 5374.808 ####
#### FINITO #### TERMINO #### NO-VA-MAS ####
#### TIMES #### modelling TOTAL TOTAL ==>> 5374.808
#### #### READING DATA FILES #### ####
72 #### COMBI [reg, sid, ban, sec, men, med, sum, max, htp, aei] METRICS ####
('Plantation', '/home/vargas/repos/forests-sounds-vargas/out/data/extraction/Plantation/2_00_PSA0010-2010_dict_y_split_7_2512283_1736694580.pkl')
(297840, 10) Index(['reg', 'sid', 'ban', 'sec', 'men', 'med', 'sum', 'max', 'htp', 'aei'], dtype='object') Index(['reg', 'sid', 'ban', 'sec', 'men', 'med', 'sum', 'max', 'htp', 'aei'], dtype='object')
#### MERGE 68 merge_data Dataframe shape: (297840, 10) #### time: 43
#### #### SPLIT TRAIN TEST #### ####
#### CLASSES: [0 1 2 3] TOTAL 4
#### SPLIT train_test_split and CUDA: ??? cuda:0 #### time: 35
#### MODELS - TOTAL 3 ####
#### EPOCHS 1 ####
#### TRAINING MODELS ####
#### TRAINING MODEL CNN_LSTM ####
#### TRAINED MODEL CNN_LSTM model training time: 6.786 total training time: 6.797 ####
#### TRAINING MODEL LSTM_CNN ####
#### TRAINED MODEL LSTM_CNN model training time: 7.475 total training time: 14.272 ####
#### TRAINING MODEL ParallelCNNLSTMModel ####
#### TRAINED MODEL ParallelCNNLSTMModel model training time: 7.684 total training time: 21.956 ####
#### TRAINING TOTAL TIME: 21.945 ####
Accuracy of the CNN_LSTM model on the test set: 68.587161 %
Accuracy of the LSTM_CNN model on the test set: 56.861066 %
Accuracy of the ParallelCNNLSTMModel model on the test set: 69.162973 %
#### TESTING TOTAL TIME: 3.502 ####
#### TIME #### TERMINO #### 5453.101 ####
#### FINITO #### TERMINO #### NO-VA-MAS ####
#### TIMES #### modelling TOTAL TOTAL ==>> 5453.101
#### #### READING DATA FILES #### ####
73 #### COMBI [reg, sid, ban, sec, men, med, sum, max, hhh, aei] METRICS ####
('Plantation', '/home/vargas/repos/forests-sounds-vargas/out/data/extraction/Plantation/2_00_PSA0010-2010_dict_y_split_7_2512283_1736694580.pkl')
(297840, 10) Index(['reg', 'sid', 'ban', 'sec', 'men', 'med', 'sum', 'max', 'hhh', 'aei'], dtype='object') Index(['reg', 'sid', 'ban', 'sec', 'men', 'med', 'sum', 'max', 'hhh', 'aei'], dtype='object')
#### MERGE 68 merge_data Dataframe shape: (297840, 10) #### time: 40
#### #### SPLIT TRAIN TEST #### ####
#### CLASSES: [0 1 2 3] TOTAL 4
#### SPLIT train_test_split and CUDA: ??? cuda:0 #### time: 35
#### MODELS - TOTAL 3 ####
#### EPOCHS 1 ####
#### TRAINING MODELS ####
#### TRAINING MODEL CNN_LSTM ####
#### TRAINED MODEL CNN_LSTM model training time: 6.772 total training time: 6.784 ####
#### TRAINING MODEL LSTM_CNN ####
#### TRAINED MODEL LSTM_CNN model training time: 7.605 total training time: 14.389 ####
#### TRAINING MODEL ParallelCNNLSTMModel ####
#### TRAINED MODEL ParallelCNNLSTMModel model training time: 7.537 total training time: 21.926 ####
#### TRAINING TOTAL TIME: 21.914 ####
Accuracy of the CNN_LSTM model on the test set: 68.011348 %
Accuracy of the LSTM_CNN model on the test set: 56.975222 %
Accuracy of the ParallelCNNLSTMModel model on the test set: 68.565337 %
#### TESTING TOTAL TIME: 3.658 ####
#### TIME #### TERMINO #### 5529.062 ####
#### FINITO #### TERMINO #### NO-VA-MAS ####
#### TIMES #### modelling TOTAL TOTAL ==>> 5529.062
#### #### READING DATA FILES #### ####
74 #### COMBI [reg, sid, ban, sec, men, med, sum, aci, bet, mmm] METRICS ####
('Plantation', '/home/vargas/repos/forests-sounds-vargas/out/data/extraction/Plantation/2_00_PSA0010-2010_dict_y_split_7_2512283_1736694580.pkl')
(297840, 10) Index(['reg', 'sid', 'ban', 'sec', 'men', 'med', 'sum', 'aci', 'bet', 'mmm'], dtype='object') Index(['reg', 'sid', 'ban', 'sec', 'men', 'med', 'sum', 'aci', 'bet', 'mmm'], dtype='object')
#### MERGE 68 merge_data Dataframe shape: (297840, 10) #### time: 44
#### #### SPLIT TRAIN TEST #### ####
#### CLASSES: [0 1 2 3] TOTAL 4
#### SPLIT train_test_split and CUDA: ??? cuda:0 #### time: 35
#### MODELS - TOTAL 3 ####
#### EPOCHS 1 ####
#### TRAINING MODELS ####
#### TRAINING MODEL CNN_LSTM ####
#### TRAINED MODEL CNN_LSTM model training time: 6.611 total training time: 6.623 ####
#### TRAINING MODEL LSTM_CNN ####
#### TRAINED MODEL LSTM_CNN model training time: 7.614 total training time: 14.237 ####
#### TRAINING MODEL ParallelCNNLSTMModel ####
#### TRAINED MODEL ParallelCNNLSTMModel model training time: 7.679 total training time: 21.916 ####
#### TRAINING TOTAL TIME: 21.905 ####
Accuracy of the CNN_LSTM model on the test set: 72.094077 %
Accuracy of the LSTM_CNN model on the test set: 58.803384 %
Accuracy of the ParallelCNNLSTMModel model on the test set: 72.554056 %
#### TESTING TOTAL TIME: 3.509 ####
#### TIME #### TERMINO #### 5608.581 ####
#### FINITO #### TERMINO #### NO-VA-MAS ####
#### TIMES #### modelling TOTAL TOTAL ==>> 5608.581
#### #### READING DATA FILES #### ####
75 #### COMBI [reg, sid, ban, sec, men, med, sum, aci, bet, npp] METRICS ####
('Plantation', '/home/vargas/repos/forests-sounds-vargas/out/data/extraction/Plantation/2_00_PSA0010-2010_dict_y_split_7_2512283_1736694580.pkl')
(297840, 10) Index(['reg', 'sid', 'ban', 'sec', 'men', 'med', 'sum', 'aci', 'bet', 'npp'], dtype='object') Index(['reg', 'sid', 'ban', 'sec', 'men', 'med', 'sum', 'aci', 'bet', 'npp'], dtype='object')
#### MERGE 68 merge_data Dataframe shape: (297840, 10) #### time: 47
#### #### SPLIT TRAIN TEST #### ####
#### CLASSES: [0 1 2 3] TOTAL 4
#### SPLIT train_test_split and CUDA: ??? cuda:0 #### time: 35
#### MODELS - TOTAL 3 ####
#### EPOCHS 1 ####
#### TRAINING MODELS ####
#### TRAINING MODEL CNN_LSTM ####
#### TRAINED MODEL CNN_LSTM model training time: 6.769 total training time: 6.781 ####
#### TRAINING MODEL LSTM_CNN ####
#### TRAINED MODEL LSTM_CNN model training time: 7.601 total training time: 14.382 ####
#### TRAINING MODEL ParallelCNNLSTMModel ####
#### TRAINED MODEL ParallelCNNLSTMModel model training time: 7.549 total training time: 21.931 ####
#### TRAINING TOTAL TIME: 21.919 ####
Accuracy of the CNN_LSTM model on the test set: 85.86993 %
Accuracy of the LSTM_CNN model on the test set: 68.234623 %
Accuracy of the ParallelCNNLSTMModel model on the test set: 88.421636 %
#### TESTING TOTAL TIME: 3.653 ####
#### TIME #### TERMINO #### 5691.48 ####
#### FINITO #### TERMINO #### NO-VA-MAS ####
#### TIMES #### modelling TOTAL TOTAL ==>> 5691.48
#### #### READING DATA FILES #### ####
76 #### COMBI [reg, sid, ban, sec, men, med, sum, aci, bet, hfq] METRICS ####
('Plantation', '/home/vargas/repos/forests-sounds-vargas/out/data/extraction/Plantation/2_00_PSA0010-2010_dict_y_split_7_2512283_1736694580.pkl')
(297840, 10) Index(['reg', 'sid', 'ban', 'sec', 'men', 'med', 'sum', 'aci', 'bet', 'hfq'], dtype='object') Index(['reg', 'sid', 'ban', 'sec', 'men', 'med', 'sum', 'aci', 'bet', 'hfq'], dtype='object')
#### MERGE 68 merge_data Dataframe shape: (297840, 10) #### time: 43
#### #### SPLIT TRAIN TEST #### ####
#### CLASSES: [0 1 2 3] TOTAL 4
#### SPLIT train_test_split and CUDA: ??? cuda:0 #### time: 35
#### MODELS - TOTAL 3 ####
#### EPOCHS 1 ####
#### TRAINING MODELS ####
#### TRAINING MODEL CNN_LSTM ####
#### TRAINED MODEL CNN_LSTM model training time: 6.605 total training time: 6.616 ####
#### TRAINING MODEL LSTM_CNN ####
#### TRAINED MODEL LSTM_CNN model training time: 7.611 total training time: 14.228 ####
#### TRAINING MODEL ParallelCNNLSTMModel ####
#### TRAINED MODEL ParallelCNNLSTMModel model training time: 7.709 total training time: 21.937 ####
#### TRAINING TOTAL TIME: 21.926 ####
Accuracy of the CNN_LSTM model on the test set: 75.233347 %
Accuracy of the LSTM_CNN model on the test set: 67.905587 %
Accuracy of the ParallelCNNLSTMModel model on the test set: 74.469514 %
#### TESTING TOTAL TIME: 3.498 ####
#### TIME #### TERMINO #### 5770.3 ####
#### FINITO #### TERMINO #### NO-VA-MAS ####
#### TIMES #### modelling TOTAL TOTAL ==>> 5770.3
#### #### READING DATA FILES #### ####
77 #### COMBI [reg, sid, ban, sec, men, med, sum, aci, bet, htp] METRICS ####
('Plantation', '/home/vargas/repos/forests-sounds-vargas/out/data/extraction/Plantation/2_00_PSA0010-2010_dict_y_split_7_2512283_1736694580.pkl')
(297840, 10) Index(['reg', 'sid', 'ban', 'sec', 'men', 'med', 'sum', 'aci', 'bet', 'htp'], dtype='object') Index(['reg', 'sid', 'ban', 'sec', 'men', 'med', 'sum', 'aci', 'bet', 'htp'], dtype='object')
#### MERGE 68 merge_data Dataframe shape: (297840, 10) #### time: 42
#### #### SPLIT TRAIN TEST #### ####
#### CLASSES: [0 1 2 3] TOTAL 4
#### SPLIT train_test_split and CUDA: ??? cuda:0 #### time: 35
#### MODELS - TOTAL 3 ####
#### EPOCHS 1 ####
#### TRAINING MODELS ####
#### TRAINING MODEL CNN_LSTM ####
#### TRAINED MODEL CNN_LSTM model training time: 6.772 total training time: 6.783 ####
#### TRAINING MODEL LSTM_CNN ####
#### TRAINED MODEL LSTM_CNN model training time: 7.458 total training time: 14.241 ####
#### TRAINING MODEL ParallelCNNLSTMModel ####
#### TRAINED MODEL ParallelCNNLSTMModel model training time: 7.684 total training time: 21.925 ####
#### TRAINING TOTAL TIME: 21.914 ####
Accuracy of the CNN_LSTM model on the test set: 74.759938 %
Accuracy of the LSTM_CNN model on the test set: 60.079237 %
Accuracy of the ParallelCNNLSTMModel model on the test set: 75.61946 %
#### TESTING TOTAL TIME: 3.656 ####
#### TIME #### TERMINO #### 5847.686 ####
#### FINITO #### TERMINO #### NO-VA-MAS ####
#### TIMES #### modelling TOTAL TOTAL ==>> 5847.686
#### #### READING DATA FILES #### ####
78 #### COMBI [reg, sid, ban, sec, men, med, sum, aci, bet, hhh] METRICS ####
('Plantation', '/home/vargas/repos/forests-sounds-vargas/out/data/extraction/Plantation/2_00_PSA0010-2010_dict_y_split_7_2512283_1736694580.pkl')
(297840, 10) Index(['reg', 'sid', 'ban', 'sec', 'men', 'med', 'sum', 'aci', 'bet', 'hhh'], dtype='object') Index(['reg', 'sid', 'ban', 'sec', 'men', 'med', 'sum', 'aci', 'bet', 'hhh'], dtype='object')
#### MERGE 68 merge_data Dataframe shape: (297840, 10) #### time: 43
#### #### SPLIT TRAIN TEST #### ####
#### CLASSES: [0 1 2 3] TOTAL 4
#### SPLIT train_test_split and CUDA: ??? cuda:0 #### time: 35
#### MODELS - TOTAL 3 ####
#### EPOCHS 1 ####
#### TRAINING MODELS ####
#### TRAINING MODEL CNN_LSTM ####
#### TRAINED MODEL CNN_LSTM model training time: 6.615 total training time: 6.627 ####
#### TRAINING MODEL LSTM_CNN ####
#### TRAINED MODEL LSTM_CNN model training time: 7.614 total training time: 14.241 ####
#### TRAINING MODEL ParallelCNNLSTMModel ####
#### TRAINED MODEL ParallelCNNLSTMModel model training time: 7.586 total training time: 21.827 ####
#### TRAINING TOTAL TIME: 21.816 ####
Accuracy of the CNN_LSTM model on the test set: 75.359253 %
Accuracy of the LSTM_CNN model on the test set: 65.672844 %
Accuracy of the ParallelCNNLSTMModel model on the test set: 75.78062 %
#### TESTING TOTAL TIME: 3.65 ####
#### TIME #### TERMINO #### 5925.867 ####
#### FINITO #### TERMINO #### NO-VA-MAS ####
#### TIMES #### modelling TOTAL TOTAL ==>> 5925.867
#### #### READING DATA FILES #### ####
79 #### COMBI [reg, sid, ban, sec, men, med, sum, aci, bet, aei] METRICS ####
('Plantation', '/home/vargas/repos/forests-sounds-vargas/out/data/extraction/Plantation/2_00_PSA0010-2010_dict_y_split_7_2512283_1736694580.pkl')
(297840, 10) Index(['reg', 'sid', 'ban', 'sec', 'men', 'med', 'sum', 'aci', 'bet', 'aei'], dtype='object') Index(['reg', 'sid', 'ban', 'sec', 'men', 'med', 'sum', 'aci', 'bet', 'aei'], dtype='object')
#### MERGE 68 merge_data Dataframe shape: (297840, 10) #### time: 48
#### #### SPLIT TRAIN TEST #### ####
#### CLASSES: [0 1 2 3] TOTAL 4
#### SPLIT train_test_split and CUDA: ??? cuda:0 #### time: 35
#### MODELS - TOTAL 3 ####
#### EPOCHS 1 ####
#### TRAINING MODELS ####
#### TRAINING MODEL CNN_LSTM ####
#### TRAINED MODEL CNN_LSTM model training time: 6.776 total training time: 6.788 ####
#### TRAINING MODEL LSTM_CNN ####
#### TRAINED MODEL LSTM_CNN model training time: 7.477 total training time: 14.264 ####
#### TRAINING MODEL ParallelCNNLSTMModel ####
#### TRAINED MODEL ParallelCNNLSTMModel model training time: 7.711 total training time: 21.975 ####
#### TRAINING TOTAL TIME: 21.964 ####
Accuracy of the CNN_LSTM model on the test set: 76.599852 %
Accuracy of the LSTM_CNN model on the test set: 57.032299 %
Accuracy of the ParallelCNNLSTMModel model on the test set: 74.963067 %
#### TESTING TOTAL TIME: 3.525 ####
#### TIME #### TERMINO #### 6009.037 ####
#### FINITO #### TERMINO #### NO-VA-MAS ####
#### TIMES #### modelling TOTAL TOTAL ==>> 6009.037
#### #### READING DATA FILES #### ####
80 #### COMBI [reg, sid, ban, sec, men, med, sum, aci, mmm, npp] METRICS ####
('Plantation', '/home/vargas/repos/forests-sounds-vargas/out/data/extraction/Plantation/2_00_PSA0010-2010_dict_y_split_7_2512283_1736694580.pkl')
(297840, 10) Index(['reg', 'sid', 'ban', 'sec', 'men', 'med', 'sum', 'aci', 'mmm', 'npp'], dtype='object') Index(['reg', 'sid', 'ban', 'sec', 'men', 'med', 'sum', 'aci', 'mmm', 'npp'], dtype='object')
#### MERGE 68 merge_data Dataframe shape: (297840, 10) #### time: 41
#### #### SPLIT TRAIN TEST #### ####
#### CLASSES: [0 1 2 3] TOTAL 4
#### SPLIT train_test_split and CUDA: ??? cuda:0 #### time: 35
#### MODELS - TOTAL 3 ####
#### EPOCHS 1 ####
#### TRAINING MODELS ####
#### TRAINING MODEL CNN_LSTM ####
#### TRAINED MODEL CNN_LSTM model training time: 6.788 total training time: 6.8 ####
#### TRAINING MODEL LSTM_CNN ####
#### TRAINED MODEL LSTM_CNN model training time: 7.549 total training time: 14.349 ####
#### TRAINING MODEL ParallelCNNLSTMModel ####
#### TRAINED MODEL ParallelCNNLSTMModel model training time: 7.515 total training time: 21.863 ####
#### TRAINING TOTAL TIME: 21.852 ####
Accuracy of the CNN_LSTM model on the test set: 84.117311 %
Accuracy of the LSTM_CNN model on the test set: 83.59354 %
Accuracy of the ParallelCNNLSTMModel model on the test set: 81.454808 %
#### TESTING TOTAL TIME: 3.668 ####
#### TIME #### TERMINO #### 6085.458 ####
#### FINITO #### TERMINO #### NO-VA-MAS ####
#### TIMES #### modelling TOTAL TOTAL ==>> 6085.458
#### #### READING DATA FILES #### ####
81 #### COMBI [reg, sid, ban, sec, men, med, sum, aci, mmm, hfq] METRICS ####
('Plantation', '/home/vargas/repos/forests-sounds-vargas/out/data/extraction/Plantation/2_00_PSA0010-2010_dict_y_split_7_2512283_1736694580.pkl')
(297840, 10) Index(['reg', 'sid', 'ban', 'sec', 'men', 'med', 'sum', 'aci', 'mmm', 'hfq'], dtype='object') Index(['reg', 'sid', 'ban', 'sec', 'men', 'med', 'sum', 'aci', 'mmm', 'hfq'], dtype='object')
#### MERGE 68 merge_data Dataframe shape: (297840, 10) #### time: 41
#### #### SPLIT TRAIN TEST #### ####
#### CLASSES: [0 1 2 3] TOTAL 4
#### SPLIT train_test_split and CUDA: ??? cuda:0 #### time: 35
#### MODELS - TOTAL 3 ####
#### EPOCHS 1 ####
#### TRAINING MODELS ####
#### TRAINING MODEL CNN_LSTM ####
#### TRAINED MODEL CNN_LSTM model training time: 6.626 total training time: 6.637 ####
#### TRAINING MODEL LSTM_CNN ####
#### TRAINED MODEL LSTM_CNN model training time: 7.633 total training time: 14.27 ####
#### TRAINING MODEL ParallelCNNLSTMModel ####
#### TRAINED MODEL ParallelCNNLSTMModel model training time: 7.721 total training time: 21.992 ####
#### TRAINING TOTAL TIME: 21.98 ####
Accuracy of the CNN_LSTM model on the test set: 61.118386 %
Accuracy of the LSTM_CNN model on the test set: 60.279009 %
Accuracy of the ParallelCNNLSTMModel model on the test set: 64.620266 %
#### TESTING TOTAL TIME: 3.507 ####
#### TIME #### TERMINO #### 6161.504 ####
#### FINITO #### TERMINO #### NO-VA-MAS ####
#### TIMES #### modelling TOTAL TOTAL ==>> 6161.504
#### #### READING DATA FILES #### ####
82 #### COMBI [reg, sid, ban, sec, men, med, sum, aci, mmm, htp] METRICS ####
('Plantation', '/home/vargas/repos/forests-sounds-vargas/out/data/extraction/Plantation/2_00_PSA0010-2010_dict_y_split_7_2512283_1736694580.pkl')
(297840, 10) Index(['reg', 'sid', 'ban', 'sec', 'men', 'med', 'sum', 'aci', 'mmm', 'htp'], dtype='object') Index(['reg', 'sid', 'ban', 'sec', 'men', 'med', 'sum', 'aci', 'mmm', 'htp'], dtype='object')
#### MERGE 68 merge_data Dataframe shape: (297840, 10) #### time: 44
#### #### SPLIT TRAIN TEST #### ####
#### CLASSES: [0 1 2 3] TOTAL 4
#### SPLIT train_test_split and CUDA: ??? cuda:0 #### time: 35
#### MODELS - TOTAL 3 ####
#### EPOCHS 1 ####
#### TRAINING MODELS ####
#### TRAINING MODEL CNN_LSTM ####
#### TRAINED MODEL CNN_LSTM model training time: 6.765 total training time: 6.776 ####
#### TRAINING MODEL LSTM_CNN ####
#### TRAINED MODEL LSTM_CNN model training time: 7.604 total training time: 14.38 ####
#### TRAINING MODEL ParallelCNNLSTMModel ####
#### TRAINED MODEL ParallelCNNLSTMModel model training time: 7.549 total training time: 21.93 ####
#### TRAINING TOTAL TIME: 21.918 ####
Accuracy of the CNN_LSTM model on the test set: 62.029949 %
Accuracy of the LSTM_CNN model on the test set: 59.073664 %
Accuracy of the ParallelCNNLSTMModel model on the test set: 64.501074 %
#### TESTING TOTAL TIME: 3.66 ####
#### TIME #### TERMINO #### 6241.088 ####
#### FINITO #### TERMINO #### NO-VA-MAS ####
#### TIMES #### modelling TOTAL TOTAL ==>> 6241.088
#### #### READING DATA FILES #### ####
83 #### COMBI [reg, sid, ban, sec, men, med, sum, aci, mmm, hhh] METRICS ####
('Plantation', '/home/vargas/repos/forests-sounds-vargas/out/data/extraction/Plantation/2_00_PSA0010-2010_dict_y_split_7_2512283_1736694580.pkl')
(297840, 10) Index(['reg', 'sid', 'ban', 'sec', 'men', 'med', 'sum', 'aci', 'mmm', 'hhh'], dtype='object') Index(['reg', 'sid', 'ban', 'sec', 'men', 'med', 'sum', 'aci', 'mmm', 'hhh'], dtype='object')
#### MERGE 68 merge_data Dataframe shape: (297840, 10) #### time: 50
#### #### SPLIT TRAIN TEST #### ####
#### CLASSES: [0 1 2 3] TOTAL 4
#### SPLIT train_test_split and CUDA: ??? cuda:0 #### time: 35
#### MODELS - TOTAL 3 ####
#### EPOCHS 1 ####
#### TRAINING MODELS ####
#### TRAINING MODEL CNN_LSTM ####
#### TRAINED MODEL CNN_LSTM model training time: 6.539 total training time: 6.55 ####
#### TRAINING MODEL LSTM_CNN ####
#### TRAINED MODEL LSTM_CNN model training time: 7.593 total training time: 14.143 ####
#### TRAINING MODEL ParallelCNNLSTMModel ####
#### TRAINED MODEL ParallelCNNLSTMModel model training time: 7.666 total training time: 21.809 ####
#### TRAINING TOTAL TIME: 21.798 ####
Accuracy of the CNN_LSTM model on the test set: 63.626444 %
Accuracy of the LSTM_CNN model on the test set: 60.07588 %
Accuracy of the ParallelCNNLSTMModel model on the test set: 66.151289 %
#### TESTING TOTAL TIME: 3.484 ####
#### TIME #### TERMINO #### 6326.97 ####
#### FINITO #### TERMINO #### NO-VA-MAS ####
#### TIMES #### modelling TOTAL TOTAL ==>> 6326.97
#### #### READING DATA FILES #### ####
84 #### COMBI [reg, sid, ban, sec, men, med, sum, aci, mmm, aei] METRICS ####
('Plantation', '/home/vargas/repos/forests-sounds-vargas/out/data/extraction/Plantation/2_00_PSA0010-2010_dict_y_split_7_2512283_1736694580.pkl')
(297840, 10) Index(['reg', 'sid', 'ban', 'sec', 'men', 'med', 'sum', 'aci', 'mmm', 'aei'], dtype='object') Index(['reg', 'sid', 'ban', 'sec', 'men', 'med', 'sum', 'aci', 'mmm', 'aei'], dtype='object')
#### MERGE 68 merge_data Dataframe shape: (297840, 10) #### time: 44
#### #### SPLIT TRAIN TEST #### ####
#### CLASSES: [0 1 2 3] TOTAL 4
#### SPLIT train_test_split and CUDA: ??? cuda:0 #### time: 35
#### MODELS - TOTAL 3 ####
#### EPOCHS 1 ####
#### TRAINING MODELS ####
#### TRAINING MODEL CNN_LSTM ####
#### TRAINED MODEL CNN_LSTM model training time: 6.742 total training time: 6.753 ####
#### TRAINING MODEL LSTM_CNN ####
#### TRAINED MODEL LSTM_CNN model training time: 7.426 total training time: 14.18 ####
#### TRAINING MODEL ParallelCNNLSTMModel ####
#### TRAINED MODEL ParallelCNNLSTMModel model training time: 7.706 total training time: 21.886 ####
#### TRAINING TOTAL TIME: 21.875 ####
Accuracy of the CNN_LSTM model on the test set: 63.992412 %
Accuracy of the LSTM_CNN model on the test set: 61.125101 %
Accuracy of the ParallelCNNLSTMModel model on the test set: 64.783105 %
#### TESTING TOTAL TIME: 3.639 ####
#### TIME #### TERMINO #### 6407.289 ####
#### FINITO #### TERMINO #### NO-VA-MAS ####
#### TIMES #### modelling TOTAL TOTAL ==>> 6407.289
#### #### READING DATA FILES #### ####
85 #### COMBI [reg, sid, ban, sec, men, med, sum, aci, npp, hfq] METRICS ####
('Plantation', '/home/vargas/repos/forests-sounds-vargas/out/data/extraction/Plantation/2_00_PSA0010-2010_dict_y_split_7_2512283_1736694580.pkl')
(297840, 10) Index(['reg', 'sid', 'ban', 'sec', 'men', 'med', 'sum', 'aci', 'npp', 'hfq'], dtype='object') Index(['reg', 'sid', 'ban', 'sec', 'men', 'med', 'sum', 'aci', 'npp', 'hfq'], dtype='object')
#### MERGE 68 merge_data Dataframe shape: (297840, 10) #### time: 46
#### #### SPLIT TRAIN TEST #### ####
#### CLASSES: [0 1 2 3] TOTAL 4
#### SPLIT train_test_split and CUDA: ??? cuda:0 #### time: 35
#### MODELS - TOTAL 3 ####
#### EPOCHS 1 ####
#### TRAINING MODELS ####
#### TRAINING MODEL CNN_LSTM ####
#### TRAINED MODEL CNN_LSTM model training time: 6.617 total training time: 6.628 ####
#### TRAINING MODEL LSTM_CNN ####
#### TRAINED MODEL LSTM_CNN model training time: 7.623 total training time: 14.251 ####
#### TRAINING MODEL ParallelCNNLSTMModel ####
#### TRAINED MODEL ParallelCNNLSTMModel model training time: 7.664 total training time: 21.915 ####
#### TRAINING TOTAL TIME: 21.903 ####
Accuracy of the CNN_LSTM model on the test set: 85.126242 %
Accuracy of the LSTM_CNN model on the test set: 78.349114 %
Accuracy of the ParallelCNNLSTMModel model on the test set: 85.502283 %
#### TESTING TOTAL TIME: 3.515 ####
#### TIME #### TERMINO #### 6488.59 ####
#### FINITO #### TERMINO #### NO-VA-MAS ####
#### TIMES #### modelling TOTAL TOTAL ==>> 6488.59
#### #### READING DATA FILES #### ####
86 #### COMBI [reg, sid, ban, sec, men, med, sum, aci, npp, htp] METRICS ####
('Plantation', '/home/vargas/repos/forests-sounds-vargas/out/data/extraction/Plantation/2_00_PSA0010-2010_dict_y_split_7_2512283_1736694580.pkl')
(297840, 10) Index(['reg', 'sid', 'ban', 'sec', 'men', 'med', 'sum', 'aci', 'npp', 'htp'], dtype='object') Index(['reg', 'sid', 'ban', 'sec', 'men', 'med', 'sum', 'aci', 'npp', 'htp'], dtype='object')
#### MERGE 68 merge_data Dataframe shape: (297840, 10) #### time: 47
#### #### SPLIT TRAIN TEST #### ####
#### CLASSES: [0 1 2 3] TOTAL 4
#### SPLIT train_test_split and CUDA: ??? cuda:0 #### time: 35
#### MODELS - TOTAL 3 ####
#### EPOCHS 1 ####
#### TRAINING MODELS ####
#### TRAINING MODEL CNN_LSTM ####
#### TRAINED MODEL CNN_LSTM model training time: 6.815 total training time: 6.826 ####
#### TRAINING MODEL LSTM_CNN ####
#### TRAINED MODEL LSTM_CNN model training time: 7.468 total training time: 14.294 ####
#### TRAINING MODEL ParallelCNNLSTMModel ####
#### TRAINED MODEL ParallelCNNLSTMModel model training time: 7.697 total training time: 21.991 ####
#### TRAINING TOTAL TIME: 21.98 ####
Accuracy of the CNN_LSTM model on the test set: 77.753156 %
Accuracy of the LSTM_CNN model on the test set: 79.136449 %
Accuracy of the ParallelCNNLSTMModel model on the test set: 87.436207 %
#### TESTING TOTAL TIME: 3.515 ####
#### TIME #### TERMINO #### 6570.941 ####
#### FINITO #### TERMINO #### NO-VA-MAS ####
#### TIMES #### modelling TOTAL TOTAL ==>> 6570.941
#### #### READING DATA FILES #### ####
87 #### COMBI [reg, sid, ban, sec, men, med, sum, aci, npp, hhh] METRICS ####
('Plantation', '/home/vargas/repos/forests-sounds-vargas/out/data/extraction/Plantation/2_00_PSA0010-2010_dict_y_split_7_2512283_1736694580.pkl')
(297840, 10) Index(['reg', 'sid', 'ban', 'sec', 'men', 'med', 'sum', 'aci', 'npp', 'hhh'], dtype='object') Index(['reg', 'sid', 'ban', 'sec', 'men', 'med', 'sum', 'aci', 'npp', 'hhh'], dtype='object')
#### MERGE 68 merge_data Dataframe shape: (297840, 10) #### time: 42
#### #### SPLIT TRAIN TEST #### ####
#### CLASSES: [0 1 2 3] TOTAL 4
#### SPLIT train_test_split and CUDA: ??? cuda:0 #### time: 35
#### MODELS - TOTAL 3 ####
#### EPOCHS 1 ####
#### TRAINING MODELS ####
#### TRAINING MODEL CNN_LSTM ####
#### TRAINED MODEL CNN_LSTM model training time: 6.772 total training time: 6.784 ####
#### TRAINING MODEL LSTM_CNN ####
#### TRAINED MODEL LSTM_CNN model training time: 7.616 total training time: 14.4 ####
#### TRAINING MODEL ParallelCNNLSTMModel ####
#### TRAINED MODEL ParallelCNNLSTMModel model training time: 7.554 total training time: 21.955 ####
#### TRAINING TOTAL TIME: 21.943 ####
Accuracy of the CNN_LSTM model on the test set: 86.741203 %
Accuracy of the LSTM_CNN model on the test set: 69.183118 %
Accuracy of the ParallelCNNLSTMModel model on the test set: 86.22079 %
#### TESTING TOTAL TIME: 3.657 ####
#### TIME #### TERMINO #### 6648.468 ####
#### FINITO #### TERMINO #### NO-VA-MAS ####
#### TIMES #### modelling TOTAL TOTAL ==>> 6648.468
#### #### READING DATA FILES #### ####
88 #### COMBI [reg, sid, ban, sec, men, med, sum, aci, npp, aei] METRICS ####
('Plantation', '/home/vargas/repos/forests-sounds-vargas/out/data/extraction/Plantation/2_00_PSA0010-2010_dict_y_split_7_2512283_1736694580.pkl')
(297840, 10) Index(['reg', 'sid', 'ban', 'sec', 'men', 'med', 'sum', 'aci', 'npp', 'aei'], dtype='object') Index(['reg', 'sid', 'ban', 'sec', 'men', 'med', 'sum', 'aci', 'npp', 'aei'], dtype='object')
#### MERGE 68 merge_data Dataframe shape: (297840, 10) #### time: 41
#### #### SPLIT TRAIN TEST #### ####
#### CLASSES: [0 1 2 3] TOTAL 4
#### SPLIT train_test_split and CUDA: ??? cuda:0 #### time: 35
#### MODELS - TOTAL 3 ####
#### EPOCHS 1 ####
#### TRAINING MODELS ####
#### TRAINING MODEL CNN_LSTM ####
#### TRAINED MODEL CNN_LSTM model training time: 6.779 total training time: 6.79 ####
#### TRAINING MODEL LSTM_CNN ####
#### TRAINED MODEL LSTM_CNN model training time: 7.468 total training time: 14.258 ####
#### TRAINING MODEL ParallelCNNLSTMModel ####
#### TRAINED MODEL ParallelCNNLSTMModel model training time: 7.701 total training time: 21.959 ####
#### TRAINING TOTAL TIME: 21.948 ####
Accuracy of the CNN_LSTM model on the test set: 69.243554 %
Accuracy of the LSTM_CNN model on the test set: 63.087564 %
Accuracy of the ParallelCNNLSTMModel model on the test set: 87.223006 %
#### TESTING TOTAL TIME: 3.498 ####
#### TIME #### TERMINO #### 6724.977 ####
#### FINITO #### TERMINO #### NO-VA-MAS ####
#### TIMES #### modelling TOTAL TOTAL ==>> 6724.977
#### #### READING DATA FILES #### ####
89 #### COMBI [reg, sid, ban, sec, men, med, sum, aci, hfq, htp] METRICS ####
('Plantation', '/home/vargas/repos/forests-sounds-vargas/out/data/extraction/Plantation/2_00_PSA0010-2010_dict_y_split_7_2512283_1736694580.pkl')
(297840, 10) Index(['reg', 'sid', 'ban', 'sec', 'men', 'med', 'sum', 'aci', 'hfq', 'htp'], dtype='object') Index(['reg', 'sid', 'ban', 'sec', 'men', 'med', 'sum', 'aci', 'hfq', 'htp'], dtype='object')
#### MERGE 68 merge_data Dataframe shape: (297840, 10) #### time: 41
#### #### SPLIT TRAIN TEST #### ####
#### CLASSES: [0 1 2 3] TOTAL 4
#### SPLIT train_test_split and CUDA: ??? cuda:0 #### time: 35
#### MODELS - TOTAL 3 ####
#### EPOCHS 1 ####
#### TRAINING MODELS ####
#### TRAINING MODEL CNN_LSTM ####
#### TRAINED MODEL CNN_LSTM model training time: 6.769 total training time: 6.78 ####
#### TRAINING MODEL LSTM_CNN ####
#### TRAINED MODEL LSTM_CNN model training time: 7.608 total training time: 14.388 ####
#### TRAINING MODEL ParallelCNNLSTMModel ####
#### TRAINED MODEL ParallelCNNLSTMModel model training time: 7.545 total training time: 21.933 ####
#### TRAINING TOTAL TIME: 21.922 ####
Accuracy of the CNN_LSTM model on the test set: 63.184932 %
Accuracy of the LSTM_CNN model on the test set: 59.394306 %
Accuracy of the ParallelCNNLSTMModel model on the test set: 65.36899 %
#### TESTING TOTAL TIME: 3.641 ####
#### TIME #### TERMINO #### 6802.346 ####
#### FINITO #### TERMINO #### NO-VA-MAS ####
#### TIMES #### modelling TOTAL TOTAL ==>> 6802.346
#### #### READING DATA FILES #### ####
90 #### COMBI [reg, sid, ban, sec, men, med, sum, aci, hfq, hhh] METRICS ####
('Plantation', '/home/vargas/repos/forests-sounds-vargas/out/data/extraction/Plantation/2_00_PSA0010-2010_dict_y_split_7_2512283_1736694580.pkl')
(297840, 10) Index(['reg', 'sid', 'ban', 'sec', 'men', 'med', 'sum', 'aci', 'hfq', 'hhh'], dtype='object') Index(['reg', 'sid', 'ban', 'sec', 'men', 'med', 'sum', 'aci', 'hfq', 'hhh'], dtype='object')
#### MERGE 68 merge_data Dataframe shape: (297840, 10) #### time: 40
#### #### SPLIT TRAIN TEST #### ####
#### CLASSES: [0 1 2 3] TOTAL 4
#### SPLIT train_test_split and CUDA: ??? cuda:0 #### time: 35
#### MODELS - TOTAL 3 ####
#### EPOCHS 1 ####
#### TRAINING MODELS ####
#### TRAINING MODEL CNN_LSTM ####
#### TRAINED MODEL CNN_LSTM model training time: 6.611 total training time: 6.622 ####
#### TRAINING MODEL LSTM_CNN ####
#### TRAINED MODEL LSTM_CNN model training time: 7.627 total training time: 14.249 ####
#### TRAINING MODEL ParallelCNNLSTMModel ####
#### TRAINED MODEL ParallelCNNLSTMModel model training time: 7.703 total training time: 21.953 ####
#### TRAINING TOTAL TIME: 21.942 ####
Accuracy of the CNN_LSTM model on the test set: 63.334341 %
Accuracy of the LSTM_CNN model on the test set: 63.040559 %
Accuracy of the ParallelCNNLSTMModel model on the test set: 64.519541 %
#### TESTING TOTAL TIME: 3.52 ####
#### TIME #### TERMINO #### 6877.704 ####
#### FINITO #### TERMINO #### NO-VA-MAS ####
#### TIMES #### modelling TOTAL TOTAL ==>> 6877.704
#### #### READING DATA FILES #### ####
91 #### COMBI [reg, sid, ban, sec, men, med, sum, aci, hfq, aei] METRICS ####
('Plantation', '/home/vargas/repos/forests-sounds-vargas/out/data/extraction/Plantation/2_00_PSA0010-2010_dict_y_split_7_2512283_1736694580.pkl')
(297840, 10) Index(['reg', 'sid', 'ban', 'sec', 'men', 'med', 'sum', 'aci', 'hfq', 'aei'], dtype='object') Index(['reg', 'sid', 'ban', 'sec', 'men', 'med', 'sum', 'aci', 'hfq', 'aei'], dtype='object')
#### MERGE 68 merge_data Dataframe shape: (297840, 10) #### time: 40
#### #### SPLIT TRAIN TEST #### ####
#### CLASSES: [0 1 2 3] TOTAL 4
#### SPLIT train_test_split and CUDA: ??? cuda:0 #### time: 35
#### MODELS - TOTAL 3 ####
#### EPOCHS 1 ####
#### TRAINING MODELS ####
#### TRAINING MODEL CNN_LSTM ####
#### TRAINED MODEL CNN_LSTM model training time: 6.753 total training time: 6.765 ####
#### TRAINING MODEL LSTM_CNN ####
#### TRAINED MODEL LSTM_CNN model training time: 7.6 total training time: 14.365 ####
#### TRAINING MODEL ParallelCNNLSTMModel ####
#### TRAINED MODEL ParallelCNNLSTMModel model training time: 7.514 total training time: 21.879 ####
#### TRAINING TOTAL TIME: 21.868 ####
Accuracy of the CNN_LSTM model on the test set: 61.455815 %
Accuracy of the LSTM_CNN model on the test set: 62.755171 %
Accuracy of the ParallelCNNLSTMModel model on the test set: 64.961053 %
#### TESTING TOTAL TIME: 3.631 ####
#### TIME #### TERMINO #### 6953.09 ####
#### FINITO #### TERMINO #### NO-VA-MAS ####
#### TIMES #### modelling TOTAL TOTAL ==>> 6953.09
#### #### READING DATA FILES #### ####
92 #### COMBI [reg, sid, ban, sec, men, med, sum, aci, htp, hhh] METRICS ####
('Plantation', '/home/vargas/repos/forests-sounds-vargas/out/data/extraction/Plantation/2_00_PSA0010-2010_dict_y_split_7_2512283_1736694580.pkl')
(297840, 10) Index(['reg', 'sid', 'ban', 'sec', 'men', 'med', 'sum', 'aci', 'htp', 'hhh'], dtype='object') Index(['reg', 'sid', 'ban', 'sec', 'men', 'med', 'sum', 'aci', 'htp', 'hhh'], dtype='object')
#### MERGE 68 merge_data Dataframe shape: (297840, 10) #### time: 40
#### #### SPLIT TRAIN TEST #### ####
#### CLASSES: [0 1 2 3] TOTAL 4
#### SPLIT train_test_split and CUDA: ??? cuda:0 #### time: 35
#### MODELS - TOTAL 3 ####
#### EPOCHS 1 ####
#### TRAINING MODELS ####
#### TRAINING MODEL CNN_LSTM ####
#### TRAINED MODEL CNN_LSTM model training time: 6.587 total training time: 6.598 ####
#### TRAINING MODEL LSTM_CNN ####
#### TRAINED MODEL LSTM_CNN model training time: 7.595 total training time: 14.193 ####
#### TRAINING MODEL ParallelCNNLSTMModel ####
#### TRAINED MODEL ParallelCNNLSTMModel model training time: 7.676 total training time: 21.868 ####
#### TRAINING TOTAL TIME: 21.857 ####
Accuracy of the CNN_LSTM model on the test set: 63.839645 %
Accuracy of the LSTM_CNN model on the test set: 57.764236 %
Accuracy of the ParallelCNNLSTMModel model on the test set: 65.204472 %
#### TESTING TOTAL TIME: 3.504 ####
#### TIME #### TERMINO #### 7028.976 ####
#### FINITO #### TERMINO #### NO-VA-MAS ####
#### TIMES #### modelling TOTAL TOTAL ==>> 7028.976
#### #### READING DATA FILES #### ####
93 #### COMBI [reg, sid, ban, sec, men, med, sum, aci, htp, aei] METRICS ####
('Plantation', '/home/vargas/repos/forests-sounds-vargas/out/data/extraction/Plantation/2_00_PSA0010-2010_dict_y_split_7_2512283_1736694580.pkl')
(297840, 10) Index(['reg', 'sid', 'ban', 'sec', 'men', 'med', 'sum', 'aci', 'htp', 'aei'], dtype='object') Index(['reg', 'sid', 'ban', 'sec', 'men', 'med', 'sum', 'aci', 'htp', 'aei'], dtype='object')
#### MERGE 68 merge_data Dataframe shape: (297840, 10) #### time: 41
#### #### SPLIT TRAIN TEST #### ####
#### CLASSES: [0 1 2 3] TOTAL 4
#### SPLIT train_test_split and CUDA: ??? cuda:0 #### time: 35
#### MODELS - TOTAL 3 ####
#### EPOCHS 1 ####
#### TRAINING MODELS ####
#### TRAINING MODEL CNN_LSTM ####
#### TRAINED MODEL CNN_LSTM model training time: 6.751 total training time: 6.763 ####
#### TRAINING MODEL LSTM_CNN ####
#### TRAINED MODEL LSTM_CNN model training time: 7.468 total training time: 14.231 ####
#### TRAINING MODEL ParallelCNNLSTMModel ####
#### TRAINED MODEL ParallelCNNLSTMModel model training time: 7.691 total training time: 21.921 ####
#### TRAINING TOTAL TIME: 21.91 ####
Accuracy of the CNN_LSTM model on the test set: 57.82635 %
Accuracy of the LSTM_CNN model on the test set: 60.618117 %
Accuracy of the ParallelCNNLSTMModel model on the test set: 64.858649 %
#### TESTING TOTAL TIME: 3.492 ####
#### TIME #### TERMINO #### 7105.444 ####
#### FINITO #### TERMINO #### NO-VA-MAS ####
#### TIMES #### modelling TOTAL TOTAL ==>> 7105.444
#### #### READING DATA FILES #### ####
94 #### COMBI [reg, sid, ban, sec, men, med, sum, aci, hhh, aei] METRICS ####
('Plantation', '/home/vargas/repos/forests-sounds-vargas/out/data/extraction/Plantation/2_00_PSA0010-2010_dict_y_split_7_2512283_1736694580.pkl')
(297840, 10) Index(['reg', 'sid', 'ban', 'sec', 'men', 'med', 'sum', 'aci', 'hhh', 'aei'], dtype='object') Index(['reg', 'sid', 'ban', 'sec', 'men', 'med', 'sum', 'aci', 'hhh', 'aei'], dtype='object')
#### MERGE 68 merge_data Dataframe shape: (297840, 10) #### time: 43
#### #### SPLIT TRAIN TEST #### ####
#### CLASSES: [0 1 2 3] TOTAL 4
#### SPLIT train_test_split and CUDA: ??? cuda:0 #### time: 35
#### MODELS - TOTAL 3 ####
#### EPOCHS 1 ####
#### TRAINING MODELS ####
#### TRAINING MODEL CNN_LSTM ####
#### TRAINED MODEL CNN_LSTM model training time: 6.797 total training time: 6.808 ####
#### TRAINING MODEL LSTM_CNN ####
#### TRAINED MODEL LSTM_CNN model training time: 7.618 total training time: 14.426 ####
#### TRAINING MODEL ParallelCNNLSTMModel ####
#### TRAINED MODEL ParallelCNNLSTMModel model training time: 7.588 total training time: 22.014 ####
#### TRAINING TOTAL TIME: 22.003 ####
Accuracy of the CNN_LSTM model on the test set: 62.337161 %
Accuracy of the LSTM_CNN model on the test set: 62.996911 %
Accuracy of the ParallelCNNLSTMModel model on the test set: 67.143433 %
#### TESTING TOTAL TIME: 3.639 ####
#### TIME #### TERMINO #### 7184.106 ####
#### FINITO #### TERMINO #### NO-VA-MAS ####
#### TIMES #### modelling TOTAL TOTAL ==>> 7184.106
#### #### READING DATA FILES #### ####
95 #### COMBI [reg, sid, ban, sec, men, med, sum, bet, mmm, npp] METRICS ####
('Plantation', '/home/vargas/repos/forests-sounds-vargas/out/data/extraction/Plantation/2_00_PSA0010-2010_dict_y_split_7_2512283_1736694580.pkl')
(297840, 10) Index(['reg', 'sid', 'ban', 'sec', 'men', 'med', 'sum', 'bet', 'mmm', 'npp'], dtype='object') Index(['reg', 'sid', 'ban', 'sec', 'men', 'med', 'sum', 'bet', 'mmm', 'npp'], dtype='object')
#### MERGE 68 merge_data Dataframe shape: (297840, 10) #### time: 43
#### #### SPLIT TRAIN TEST #### ####
#### CLASSES: [0 1 2 3] TOTAL 4
#### SPLIT train_test_split and CUDA: ??? cuda:0 #### time: 35
#### MODELS - TOTAL 3 ####
#### EPOCHS 1 ####
#### TRAINING MODELS ####
#### TRAINING MODEL CNN_LSTM ####
#### TRAINED MODEL CNN_LSTM model training time: 6.767 total training time: 6.779 ####
#### TRAINING MODEL LSTM_CNN ####
#### TRAINED MODEL LSTM_CNN model training time: 7.482 total training time: 14.26 ####
#### TRAINING MODEL ParallelCNNLSTMModel ####
#### TRAINED MODEL ParallelCNNLSTMModel model training time: 7.711 total training time: 21.971 ####
#### TRAINING TOTAL TIME: 21.96 ####
Accuracy of the CNN_LSTM model on the test set: 93.175866 %
Accuracy of the LSTM_CNN model on the test set: 89.494359 %
Accuracy of the ParallelCNNLSTMModel model on the test set: 92.170293 %
#### TESTING TOTAL TIME: 3.51 ####
#### TIME #### TERMINO #### 7262.824 ####
#### FINITO #### TERMINO #### NO-VA-MAS ####
#### TIMES #### modelling TOTAL TOTAL ==>> 7262.824
#### #### READING DATA FILES #### ####
96 #### COMBI [reg, sid, ban, sec, men, med, sum, bet, mmm, hfq] METRICS ####
('Plantation', '/home/vargas/repos/forests-sounds-vargas/out/data/extraction/Plantation/2_00_PSA0010-2010_dict_y_split_7_2512283_1736694580.pkl')
(297840, 10) Index(['reg', 'sid', 'ban', 'sec', 'men', 'med', 'sum', 'bet', 'mmm', 'hfq'], dtype='object') Index(['reg', 'sid', 'ban', 'sec', 'men', 'med', 'sum', 'bet', 'mmm', 'hfq'], dtype='object')
#### MERGE 68 merge_data Dataframe shape: (297840, 10) #### time: 40
#### #### SPLIT TRAIN TEST #### ####
#### CLASSES: [0 1 2 3] TOTAL 4
#### SPLIT train_test_split and CUDA: ??? cuda:0 #### time: 35
#### MODELS - TOTAL 3 ####
#### EPOCHS 1 ####
#### TRAINING MODELS ####
#### TRAINING MODEL CNN_LSTM ####
#### TRAINED MODEL CNN_LSTM model training time: 6.805 total training time: 6.817 ####
#### TRAINING MODEL LSTM_CNN ####
#### TRAINED MODEL LSTM_CNN model training time: 7.647 total training time: 14.463 ####
#### TRAINING MODEL ParallelCNNLSTMModel ####
#### TRAINED MODEL ParallelCNNLSTMModel model training time: 7.584 total training time: 22.048 ####
#### TRAINING TOTAL TIME: 22.036 ####
Accuracy of the CNN_LSTM model on the test set: 78.174523 %
Accuracy of the LSTM_CNN model on the test set: 56.904714 %
Accuracy of the ParallelCNNLSTMModel model on the test set: 78.352471 %
#### TESTING TOTAL TIME: 3.649 ####
#### TIME #### TERMINO #### 7338.761 ####
#### FINITO #### TERMINO #### NO-VA-MAS ####
#### TIMES #### modelling TOTAL TOTAL ==>> 7338.761
#### #### READING DATA FILES #### ####
97 #### COMBI [reg, sid, ban, sec, men, med, sum, bet, mmm, htp] METRICS ####
('Plantation', '/home/vargas/repos/forests-sounds-vargas/out/data/extraction/Plantation/2_00_PSA0010-2010_dict_y_split_7_2512283_1736694580.pkl')
(297840, 10) Index(['reg', 'sid', 'ban', 'sec', 'men', 'med', 'sum', 'bet', 'mmm', 'htp'], dtype='object') Index(['reg', 'sid', 'ban', 'sec', 'men', 'med', 'sum', 'bet', 'mmm', 'htp'], dtype='object')
#### MERGE 68 merge_data Dataframe shape: (297840, 10) #### time: 39
#### #### SPLIT TRAIN TEST #### ####
#### CLASSES: [0 1 2 3] TOTAL 4
#### SPLIT train_test_split and CUDA: ??? cuda:0 #### time: 35
#### MODELS - TOTAL 3 ####
#### EPOCHS 1 ####
#### TRAINING MODELS ####
#### TRAINING MODEL CNN_LSTM ####
#### TRAINED MODEL CNN_LSTM model training time: 6.596 total training time: 6.608 ####
#### TRAINING MODEL LSTM_CNN ####
#### TRAINED MODEL LSTM_CNN model training time: 7.648 total training time: 14.256 ####
#### TRAINING MODEL ParallelCNNLSTMModel ####
#### TRAINED MODEL ParallelCNNLSTMModel model training time: 7.741 total training time: 21.997 ####
#### TRAINING TOTAL TIME: 21.985 ####
Accuracy of the CNN_LSTM model on the test set: 78.229922 %
Accuracy of the LSTM_CNN model on the test set: 57.522495 %
Accuracy of the ParallelCNNLSTMModel model on the test set: 78.458233 %
#### TESTING TOTAL TIME: 3.513 ####
#### TIME #### TERMINO #### 7413.866 ####
#### FINITO #### TERMINO #### NO-VA-MAS ####
#### TIMES #### modelling TOTAL TOTAL ==>> 7413.866
#### #### READING DATA FILES #### ####
98 #### COMBI [reg, sid, ban, sec, men, med, sum, bet, mmm, hhh] METRICS ####
('Plantation', '/home/vargas/repos/forests-sounds-vargas/out/data/extraction/Plantation/2_00_PSA0010-2010_dict_y_split_7_2512283_1736694580.pkl')
(297840, 10) Index(['reg', 'sid', 'ban', 'sec', 'men', 'med', 'sum', 'bet', 'mmm', 'hhh'], dtype='object') Index(['reg', 'sid', 'ban', 'sec', 'men', 'med', 'sum', 'bet', 'mmm', 'hhh'], dtype='object')
#### MERGE 68 merge_data Dataframe shape: (297840, 10) #### time: 45
#### #### SPLIT TRAIN TEST #### ####
#### CLASSES: [0 1 2 3] TOTAL 4
#### SPLIT train_test_split and CUDA: ??? cuda:0 #### time: 35
#### MODELS - TOTAL 3 ####
#### EPOCHS 1 ####
#### TRAINING MODELS ####
#### TRAINING MODEL CNN_LSTM ####
#### TRAINED MODEL CNN_LSTM model training time: 6.783 total training time: 6.794 ####
#### TRAINING MODEL LSTM_CNN ####
#### TRAINED MODEL LSTM_CNN model training time: 7.589 total training time: 14.383 ####
#### TRAINING MODEL ParallelCNNLSTMModel ####
#### TRAINED MODEL ParallelCNNLSTMModel model training time: 7.569 total training time: 21.952 ####
#### TRAINING TOTAL TIME: 21.94 ####
Accuracy of the CNN_LSTM model on the test set: 77.89585 %
Accuracy of the LSTM_CNN model on the test set: 57.581252 %
Accuracy of the ParallelCNNLSTMModel model on the test set: 78.745299 %
#### TESTING TOTAL TIME: 3.648 ####
#### TIME #### TERMINO #### 7494.703 ####
#### FINITO #### TERMINO #### NO-VA-MAS ####
#### TIMES #### modelling TOTAL TOTAL ==>> 7494.703
#### #### READING DATA FILES #### ####
99 #### COMBI [reg, sid, ban, sec, men, med, sum, bet, mmm, aei] METRICS ####
('Plantation', '/home/vargas/repos/forests-sounds-vargas/out/data/extraction/Plantation/2_00_PSA0010-2010_dict_y_split_7_2512283_1736694580.pkl')
(297840, 10) Index(['reg', 'sid', 'ban', 'sec', 'men', 'med', 'sum', 'bet', 'mmm', 'aei'], dtype='object') Index(['reg', 'sid', 'ban', 'sec', 'men', 'med', 'sum', 'bet', 'mmm', 'aei'], dtype='object')
#### MERGE 68 merge_data Dataframe shape: (297840, 10) #### time: 43
#### #### SPLIT TRAIN TEST #### ####
#### CLASSES: [0 1 2 3] TOTAL 4
#### SPLIT train_test_split and CUDA: ??? cuda:0 #### time: 35
#### MODELS - TOTAL 3 ####
#### EPOCHS 1 ####
#### TRAINING MODELS ####
#### TRAINING MODEL CNN_LSTM ####
#### TRAINED MODEL CNN_LSTM model training time: 6.525 total training time: 6.537 ####
#### TRAINING MODEL LSTM_CNN ####
#### TRAINED MODEL LSTM_CNN model training time: 7.559 total training time: 14.096 ####
#### TRAINING MODEL ParallelCNNLSTMModel ####
#### TRAINED MODEL ParallelCNNLSTMModel model training time: 7.639 total training time: 21.735 ####
#### TRAINING TOTAL TIME: 21.724 ####
Accuracy of the CNN_LSTM model on the test set: 77.625571 %
Accuracy of the LSTM_CNN model on the test set: 56.3843 %
Accuracy of the ParallelCNNLSTMModel model on the test set: 79.267392 %
#### TESTING TOTAL TIME: 3.527 ####
#### TIME #### TERMINO #### 7573.17 ####
#### FINITO #### TERMINO #### NO-VA-MAS ####
#### TIMES #### modelling TOTAL TOTAL ==>> 7573.17
#### #### READING DATA FILES #### ####
100 #### COMBI [reg, sid, ban, sec, men, med, sum, bet, npp, hfq] METRICS ####
('Plantation', '/home/vargas/repos/forests-sounds-vargas/out/data/extraction/Plantation/2_00_PSA0010-2010_dict_y_split_7_2512283_1736694580.pkl')
(297840, 10) Index(['reg', 'sid', 'ban', 'sec', 'men', 'med', 'sum', 'bet', 'npp', 'hfq'], dtype='object') Index(['reg', 'sid', 'ban', 'sec', 'men', 'med', 'sum', 'bet', 'npp', 'hfq'], dtype='object')
#### MERGE 68 merge_data Dataframe shape: (297840, 10) #### time: 44
#### #### SPLIT TRAIN TEST #### ####
#### CLASSES: [0 1 2 3] TOTAL 4
#### SPLIT train_test_split and CUDA: ??? cuda:0 #### time: 35
#### MODELS - TOTAL 3 ####
#### EPOCHS 1 ####
#### TRAINING MODELS ####
#### TRAINING MODEL CNN_LSTM ####
#### TRAINED MODEL CNN_LSTM model training time: 6.665 total training time: 6.677 ####
#### TRAINING MODEL LSTM_CNN ####
#### TRAINED MODEL LSTM_CNN model training time: 7.391 total training time: 14.068 ####
#### TRAINING MODEL ParallelCNNLSTMModel ####
#### TRAINED MODEL ParallelCNNLSTMModel model training time: 7.619 total training time: 21.687 ####
#### TRAINING TOTAL TIME: 21.676 ####
Accuracy of the CNN_LSTM model on the test set: 91.171434 %
Accuracy of the LSTM_CNN model on the test set: 83.981332 %
Accuracy of the ParallelCNNLSTMModel model on the test set: 93.405855 %
#### TESTING TOTAL TIME: 3.664 ####
#### TIME #### TERMINO #### 7653.064 ####
#### FINITO #### TERMINO #### NO-VA-MAS ####
#### TIMES #### modelling TOTAL TOTAL ==>> 7653.064
#### #### READING DATA FILES #### ####
101 #### COMBI [reg, sid, ban, sec, men, med, sum, bet, npp, htp] METRICS ####
('Plantation', '/home/vargas/repos/forests-sounds-vargas/out/data/extraction/Plantation/2_00_PSA0010-2010_dict_y_split_7_2512283_1736694580.pkl')
(297840, 10) Index(['reg', 'sid', 'ban', 'sec', 'men', 'med', 'sum', 'bet', 'npp', 'htp'], dtype='object') Index(['reg', 'sid', 'ban', 'sec', 'men', 'med', 'sum', 'bet', 'npp', 'htp'], dtype='object')
#### MERGE 68 merge_data Dataframe shape: (297840, 10) #### time: 42
#### #### SPLIT TRAIN TEST #### ####
#### CLASSES: [0 1 2 3] TOTAL 4
#### SPLIT train_test_split and CUDA: ??? cuda:0 #### time: 35
#### MODELS - TOTAL 3 ####
#### EPOCHS 1 ####
#### TRAINING MODELS ####
#### TRAINING MODEL CNN_LSTM ####
#### TRAINED MODEL CNN_LSTM model training time: 6.64 total training time: 6.651 ####
#### TRAINING MODEL LSTM_CNN ####
#### TRAINED MODEL LSTM_CNN model training time: 7.65 total training time: 14.301 ####
#### TRAINING MODEL ParallelCNNLSTMModel ####
#### TRAINED MODEL ParallelCNNLSTMModel model training time: 7.582 total training time: 21.884 ####
#### TRAINING TOTAL TIME: 21.872 ####
Accuracy of the CNN_LSTM model on the test set: 87.949906 %
Accuracy of the LSTM_CNN model on the test set: 59.392627 %
Accuracy of the ParallelCNNLSTMModel model on the test set: 93.296737 %
#### TESTING TOTAL TIME: 3.654 ####
#### TIME #### TERMINO #### 7730.486 ####
#### FINITO #### TERMINO #### NO-VA-MAS ####
#### TIMES #### modelling TOTAL TOTAL ==>> 7730.486
#### #### READING DATA FILES #### ####
102 #### COMBI [reg, sid, ban, sec, men, med, sum, bet, npp, hhh] METRICS ####
('Plantation', '/home/vargas/repos/forests-sounds-vargas/out/data/extraction/Plantation/2_00_PSA0010-2010_dict_y_split_7_2512283_1736694580.pkl')
(297840, 10) Index(['reg', 'sid', 'ban', 'sec', 'men', 'med', 'sum', 'bet', 'npp', 'hhh'], dtype='object') Index(['reg', 'sid', 'ban', 'sec', 'men', 'med', 'sum', 'bet', 'npp', 'hhh'], dtype='object')
#### MERGE 68 merge_data Dataframe shape: (297840, 10) #### time: 45
#### #### SPLIT TRAIN TEST #### ####
#### CLASSES: [0 1 2 3] TOTAL 4
#### SPLIT train_test_split and CUDA: ??? cuda:0 #### time: 35
#### MODELS - TOTAL 3 ####
#### EPOCHS 1 ####
#### TRAINING MODELS ####
#### TRAINING MODEL CNN_LSTM ####
#### TRAINED MODEL CNN_LSTM model training time: 6.693 total training time: 6.705 ####
#### TRAINING MODEL LSTM_CNN ####
#### TRAINED MODEL LSTM_CNN model training time: 7.408 total training time: 14.112 ####
#### TRAINING MODEL ParallelCNNLSTMModel ####
#### TRAINED MODEL ParallelCNNLSTMModel model training time: 7.721 total training time: 21.833 ####
#### TRAINING TOTAL TIME: 21.821 ####
Accuracy of the CNN_LSTM model on the test set: 92.442251 %
Accuracy of the LSTM_CNN model on the test set: 60.309226 %
Accuracy of the ParallelCNNLSTMModel model on the test set: 93.152364 %
#### TESTING TOTAL TIME: 3.51 ####
#### TIME #### TERMINO #### 7811.107 ####
#### FINITO #### TERMINO #### NO-VA-MAS ####
#### TIMES #### modelling TOTAL TOTAL ==>> 7811.107
#### #### READING DATA FILES #### ####
103 #### COMBI [reg, sid, ban, sec, men, med, sum, bet, npp, aei] METRICS ####
('Plantation', '/home/vargas/repos/forests-sounds-vargas/out/data/extraction/Plantation/2_00_PSA0010-2010_dict_y_split_7_2512283_1736694580.pkl')
(297840, 10) Index(['reg', 'sid', 'ban', 'sec', 'men', 'med', 'sum', 'bet', 'npp', 'aei'], dtype='object') Index(['reg', 'sid', 'ban', 'sec', 'men', 'med', 'sum', 'bet', 'npp', 'aei'], dtype='object')
#### MERGE 68 merge_data Dataframe shape: (297840, 10) #### time: 39
#### #### SPLIT TRAIN TEST #### ####
#### CLASSES: [0 1 2 3] TOTAL 4
#### SPLIT train_test_split and CUDA: ??? cuda:0 #### time: 35
#### MODELS - TOTAL 3 ####
#### EPOCHS 1 ####
#### TRAINING MODELS ####
#### TRAINING MODEL CNN_LSTM ####
#### TRAINED MODEL CNN_LSTM model training time: 6.784 total training time: 6.796 ####
#### TRAINING MODEL LSTM_CNN ####
#### TRAINED MODEL LSTM_CNN model training time: 7.641 total training time: 14.437 ####
#### TRAINING MODEL ParallelCNNLSTMModel ####
#### TRAINED MODEL ParallelCNNLSTMModel model training time: 7.557 total training time: 21.995 ####
#### TRAINING TOTAL TIME: 21.983 ####
Accuracy of the CNN_LSTM model on the test set: 87.751813 %
Accuracy of the LSTM_CNN model on the test set: 60.780956 %
Accuracy of the ParallelCNNLSTMModel model on the test set: 93.11711 %
#### TESTING TOTAL TIME: 3.642 ####
#### TIME #### TERMINO #### 7886.285 ####
#### FINITO #### TERMINO #### NO-VA-MAS ####
#### TIMES #### modelling TOTAL TOTAL ==>> 7886.285
#### #### READING DATA FILES #### ####
104 #### COMBI [reg, sid, ban, sec, men, med, sum, bet, hfq, htp] METRICS ####
('Plantation', '/home/vargas/repos/forests-sounds-vargas/out/data/extraction/Plantation/2_00_PSA0010-2010_dict_y_split_7_2512283_1736694580.pkl')
(297840, 10) Index(['reg', 'sid', 'ban', 'sec', 'men', 'med', 'sum', 'bet', 'hfq', 'htp'], dtype='object') Index(['reg', 'sid', 'ban', 'sec', 'men', 'med', 'sum', 'bet', 'hfq', 'htp'], dtype='object')
#### MERGE 68 merge_data Dataframe shape: (297840, 10) #### time: 42
#### #### SPLIT TRAIN TEST #### ####
#### CLASSES: [0 1 2 3] TOTAL 4
#### SPLIT train_test_split and CUDA: ??? cuda:0 #### time: 35
#### MODELS - TOTAL 3 ####
#### EPOCHS 1 ####
#### TRAINING MODELS ####
#### TRAINING MODEL CNN_LSTM ####
#### TRAINED MODEL CNN_LSTM model training time: 6.725 total training time: 6.736 ####
#### TRAINING MODEL LSTM_CNN ####
#### TRAINED MODEL LSTM_CNN model training time: 7.405 total training time: 14.141 ####
#### TRAINING MODEL ParallelCNNLSTMModel ####
#### TRAINED MODEL ParallelCNNLSTMModel model training time: 7.687 total training time: 21.828 ####
#### TRAINING TOTAL TIME: 21.817 ####
Accuracy of the CNN_LSTM model on the test set: 77.97643 %
Accuracy of the LSTM_CNN model on the test set: 57.495635 %
Accuracy of the ParallelCNNLSTMModel model on the test set: 79.18849 %
#### TESTING TOTAL TIME: 3.495 ####
#### TIME #### TERMINO #### 7963.796 ####
#### FINITO #### TERMINO #### NO-VA-MAS ####
#### TIMES #### modelling TOTAL TOTAL ==>> 7963.796
#### #### READING DATA FILES #### ####
105 #### COMBI [reg, sid, ban, sec, men, med, sum, bet, hfq, hhh] METRICS ####
('Plantation', '/home/vargas/repos/forests-sounds-vargas/out/data/extraction/Plantation/2_00_PSA0010-2010_dict_y_split_7_2512283_1736694580.pkl')
(297840, 10) Index(['reg', 'sid', 'ban', 'sec', 'men', 'med', 'sum', 'bet', 'hfq', 'hhh'], dtype='object') Index(['reg', 'sid', 'ban', 'sec', 'men', 'med', 'sum', 'bet', 'hfq', 'hhh'], dtype='object')
#### MERGE 68 merge_data Dataframe shape: (297840, 10) #### time: 46
#### #### SPLIT TRAIN TEST #### ####
#### CLASSES: [0 1 2 3] TOTAL 4
#### SPLIT train_test_split and CUDA: ??? cuda:0 #### time: 35
#### MODELS - TOTAL 3 ####
#### EPOCHS 1 ####
#### TRAINING MODELS ####
#### TRAINING MODEL CNN_LSTM ####
#### TRAINED MODEL CNN_LSTM model training time: 6.777 total training time: 6.788 ####
#### TRAINING MODEL LSTM_CNN ####
#### TRAINED MODEL LSTM_CNN model training time: 7.616 total training time: 14.404 ####
#### TRAINING MODEL ParallelCNNLSTMModel ####
#### TRAINED MODEL ParallelCNNLSTMModel model training time: 7.555 total training time: 21.959 ####
#### TRAINING TOTAL TIME: 21.948 ####
Accuracy of the CNN_LSTM model on the test set: 79.117983 %
Accuracy of the LSTM_CNN model on the test set: 56.951719 %
Accuracy of the ParallelCNNLSTMModel model on the test set: 78.938356 %
#### TESTING TOTAL TIME: 3.659 ####
#### TIME #### TERMINO #### 8046.064 ####
#### FINITO #### TERMINO #### NO-VA-MAS ####
#### TIMES #### modelling TOTAL TOTAL ==>> 8046.064
#### #### READING DATA FILES #### ####
106 #### COMBI [reg, sid, ban, sec, men, med, sum, bet, hfq, aei] METRICS ####
('Plantation', '/home/vargas/repos/forests-sounds-vargas/out/data/extraction/Plantation/2_00_PSA0010-2010_dict_y_split_7_2512283_1736694580.pkl')
(297840, 10) Index(['reg', 'sid', 'ban', 'sec', 'men', 'med', 'sum', 'bet', 'hfq', 'aei'], dtype='object') Index(['reg', 'sid', 'ban', 'sec', 'men', 'med', 'sum', 'bet', 'hfq', 'aei'], dtype='object')
#### MERGE 68 merge_data Dataframe shape: (297840, 10) #### time: 42
#### #### SPLIT TRAIN TEST #### ####
#### CLASSES: [0 1 2 3] TOTAL 4
#### SPLIT train_test_split and CUDA: ??? cuda:0 #### time: 35
#### MODELS - TOTAL 3 ####
#### EPOCHS 1 ####
#### TRAINING MODELS ####
#### TRAINING MODEL CNN_LSTM ####
#### TRAINED MODEL CNN_LSTM model training time: 6.603 total training time: 6.614 ####
#### TRAINING MODEL LSTM_CNN ####
#### TRAINED MODEL LSTM_CNN model training time: 7.657 total training time: 14.271 ####
#### TRAINING MODEL ParallelCNNLSTMModel ####
#### TRAINED MODEL ParallelCNNLSTMModel model training time: 7.703 total training time: 21.975 ####
#### TRAINING TOTAL TIME: 21.963 ####
Accuracy of the CNN_LSTM model on the test set: 79.005506 %
Accuracy of the LSTM_CNN model on the test set: 56.820776 %
Accuracy of the ParallelCNNLSTMModel model on the test set: 79.17506 %
#### TESTING TOTAL TIME: 3.5 ####
#### TIME #### TERMINO #### 8123.641 ####
#### FINITO #### TERMINO #### NO-VA-MAS ####
#### TIMES #### modelling TOTAL TOTAL ==>> 8123.641
#### #### READING DATA FILES #### ####
107 #### COMBI [reg, sid, ban, sec, men, med, sum, bet, htp, hhh] METRICS ####
('Plantation', '/home/vargas/repos/forests-sounds-vargas/out/data/extraction/Plantation/2_00_PSA0010-2010_dict_y_split_7_2512283_1736694580.pkl')
(297840, 10) Index(['reg', 'sid', 'ban', 'sec', 'men', 'med', 'sum', 'bet', 'htp', 'hhh'], dtype='object') Index(['reg', 'sid', 'ban', 'sec', 'men', 'med', 'sum', 'bet', 'htp', 'hhh'], dtype='object')
#### MERGE 68 merge_data Dataframe shape: (297840, 10) #### time: 39
#### #### SPLIT TRAIN TEST #### ####
#### CLASSES: [0 1 2 3] TOTAL 4
#### SPLIT train_test_split and CUDA: ??? cuda:0 #### time: 35
#### MODELS - TOTAL 3 ####
#### EPOCHS 1 ####
#### TRAINING MODELS ####
#### TRAINING MODEL CNN_LSTM ####
#### TRAINED MODEL CNN_LSTM model training time: 6.827 total training time: 6.839 ####
#### TRAINING MODEL LSTM_CNN ####
#### TRAINED MODEL LSTM_CNN model training time: 7.473 total training time: 14.311 ####
#### TRAINING MODEL ParallelCNNLSTMModel ####
#### TRAINED MODEL ParallelCNNLSTMModel model training time: 7.704 total training time: 22.015 ####
#### TRAINING TOTAL TIME: 22.004 ####
Accuracy of the CNN_LSTM model on the test set: 77.35697 %
Accuracy of the LSTM_CNN model on the test set: 56.610932 %
Accuracy of the ParallelCNNLSTMModel model on the test set: 79.052511 %
#### TESTING TOTAL TIME: 3.661 ####
#### TIME #### TERMINO #### 8198.699 ####
#### FINITO #### TERMINO #### NO-VA-MAS ####
#### TIMES #### modelling TOTAL TOTAL ==>> 8198.699
#### #### READING DATA FILES #### ####
108 #### COMBI [reg, sid, ban, sec, men, med, sum, bet, htp, aei] METRICS ####
('Plantation', '/home/vargas/repos/forests-sounds-vargas/out/data/extraction/Plantation/2_00_PSA0010-2010_dict_y_split_7_2512283_1736694580.pkl')
(297840, 10) Index(['reg', 'sid', 'ban', 'sec', 'men', 'med', 'sum', 'bet', 'htp', 'aei'], dtype='object') Index(['reg', 'sid', 'ban', 'sec', 'men', 'med', 'sum', 'bet', 'htp', 'aei'], dtype='object')
#### MERGE 68 merge_data Dataframe shape: (297840, 10) #### time: 42
#### #### SPLIT TRAIN TEST #### ####
#### CLASSES: [0 1 2 3] TOTAL 4
#### SPLIT train_test_split and CUDA: ??? cuda:0 #### time: 35
#### MODELS - TOTAL 3 ####
#### EPOCHS 1 ####
#### TRAINING MODELS ####
#### TRAINING MODEL CNN_LSTM ####
#### TRAINED MODEL CNN_LSTM model training time: 6.627 total training time: 6.638 ####
#### TRAINING MODEL LSTM_CNN ####
#### TRAINED MODEL LSTM_CNN model training time: 7.621 total training time: 14.259 ####
#### TRAINING MODEL ParallelCNNLSTMModel ####
#### TRAINED MODEL ParallelCNNLSTMModel model training time: 7.689 total training time: 21.949 ####
#### TRAINING TOTAL TIME: 21.937 ####
Accuracy of the CNN_LSTM model on the test set: 77.951249 %
Accuracy of the LSTM_CNN model on the test set: 57.389874 %
Accuracy of the ParallelCNNLSTMModel model on the test set: 78.270212 %
#### TESTING TOTAL TIME: 3.498 ####
#### TIME #### TERMINO #### 8275.872 ####
#### FINITO #### TERMINO #### NO-VA-MAS ####
#### TIMES #### modelling TOTAL TOTAL ==>> 8275.872
#### #### READING DATA FILES #### ####
109 #### COMBI [reg, sid, ban, sec, men, med, sum, bet, hhh, aei] METRICS ####
('Plantation', '/home/vargas/repos/forests-sounds-vargas/out/data/extraction/Plantation/2_00_PSA0010-2010_dict_y_split_7_2512283_1736694580.pkl')
(297840, 10) Index(['reg', 'sid', 'ban', 'sec', 'men', 'med', 'sum', 'bet', 'hhh', 'aei'], dtype='object') Index(['reg', 'sid', 'ban', 'sec', 'men', 'med', 'sum', 'bet', 'hhh', 'aei'], dtype='object')
#### MERGE 68 merge_data Dataframe shape: (297840, 10) #### time: 41
#### #### SPLIT TRAIN TEST #### ####
#### CLASSES: [0 1 2 3] TOTAL 4
#### SPLIT train_test_split and CUDA: ??? cuda:0 #### time: 35
#### MODELS - TOTAL 3 ####
#### EPOCHS 1 ####
#### TRAINING MODELS ####
#### TRAINING MODEL CNN_LSTM ####
#### TRAINED MODEL CNN_LSTM model training time: 6.775 total training time: 6.786 ####
#### TRAINING MODEL LSTM_CNN ####
#### TRAINED MODEL LSTM_CNN model training time: 7.473 total training time: 14.259 ####
#### TRAINING MODEL ParallelCNNLSTMModel ####
#### TRAINED MODEL ParallelCNNLSTMModel model training time: 7.723 total training time: 21.982 ####
#### TRAINING TOTAL TIME: 21.971 ####
Accuracy of the CNN_LSTM model on the test set: 78.768802 %
Accuracy of the LSTM_CNN model on the test set: 54.677008 %
Accuracy of the ParallelCNNLSTMModel model on the test set: 78.323932 %
#### TESTING TOTAL TIME: 3.494 ####
#### TIME #### TERMINO #### 8352.321 ####
#### FINITO #### TERMINO #### NO-VA-MAS ####
#### TIMES #### modelling TOTAL TOTAL ==>> 8352.322
#### #### READING DATA FILES #### ####
110 #### COMBI [reg, sid, ban, sec, men, med, sum, mmm, npp, hfq] METRICS ####
('Plantation', '/home/vargas/repos/forests-sounds-vargas/out/data/extraction/Plantation/2_00_PSA0010-2010_dict_y_split_7_2512283_1736694580.pkl')
(297840, 10) Index(['reg', 'sid', 'ban', 'sec', 'men', 'med', 'sum', 'mmm', 'npp', 'hfq'], dtype='object') Index(['reg', 'sid', 'ban', 'sec', 'men', 'med', 'sum', 'mmm', 'npp', 'hfq'], dtype='object')
#### MERGE 68 merge_data Dataframe shape: (297840, 10) #### time: 40
#### #### SPLIT TRAIN TEST #### ####
#### CLASSES: [0 1 2 3] TOTAL 4
#### SPLIT train_test_split and CUDA: ??? cuda:0 #### time: 35
#### MODELS - TOTAL 3 ####
#### EPOCHS 1 ####
#### TRAINING MODELS ####
#### TRAINING MODEL CNN_LSTM ####
#### TRAINED MODEL CNN_LSTM model training time: 6.787 total training time: 6.799 ####
#### TRAINING MODEL LSTM_CNN ####
#### TRAINED MODEL LSTM_CNN model training time: 7.618 total training time: 14.416 ####
#### TRAINING MODEL ParallelCNNLSTMModel ####
#### TRAINED MODEL ParallelCNNLSTMModel model training time: 7.555 total training time: 21.971 ####
#### TRAINING TOTAL TIME: 21.96 ####
Accuracy of the CNN_LSTM model on the test set: 90.862544 %
Accuracy of the LSTM_CNN model on the test set: 86.146925 %
Accuracy of the ParallelCNNLSTMModel model on the test set: 90.991808 %
#### TESTING TOTAL TIME: 3.636 ####
#### TIME #### TERMINO #### 8428.35 ####
#### FINITO #### TERMINO #### NO-VA-MAS ####
#### TIMES #### modelling TOTAL TOTAL ==>> 8428.35
#### #### READING DATA FILES #### ####
111 #### COMBI [reg, sid, ban, sec, men, med, sum, mmm, npp, htp] METRICS ####
('Plantation', '/home/vargas/repos/forests-sounds-vargas/out/data/extraction/Plantation/2_00_PSA0010-2010_dict_y_split_7_2512283_1736694580.pkl')
(297840, 10) Index(['reg', 'sid', 'ban', 'sec', 'men', 'med', 'sum', 'mmm', 'npp', 'htp'], dtype='object') Index(['reg', 'sid', 'ban', 'sec', 'men', 'med', 'sum', 'mmm', 'npp', 'htp'], dtype='object')
#### MERGE 68 merge_data Dataframe shape: (297840, 10) #### time: 41
#### #### SPLIT TRAIN TEST #### ####
#### CLASSES: [0 1 2 3] TOTAL 4
#### SPLIT train_test_split and CUDA: ??? cuda:0 #### time: 35
#### MODELS - TOTAL 3 ####
#### EPOCHS 1 ####
#### TRAINING MODELS ####
#### TRAINING MODEL CNN_LSTM ####
#### TRAINED MODEL CNN_LSTM model training time: 6.771 total training time: 6.782 ####
#### TRAINING MODEL LSTM_CNN ####
#### TRAINED MODEL LSTM_CNN model training time: 7.478 total training time: 14.26 ####
#### TRAINING MODEL ParallelCNNLSTMModel ####
#### TRAINED MODEL ParallelCNNLSTMModel model training time: 7.722 total training time: 21.983 ####
#### TRAINING TOTAL TIME: 21.971 ####
Accuracy of the CNN_LSTM model on the test set: 90.756782 %
Accuracy of the LSTM_CNN model on the test set: 60.685267 %
Accuracy of the ParallelCNNLSTMModel model on the test set: 91.354418 %
#### TESTING TOTAL TIME: 3.495 ####
#### TIME #### TERMINO #### 8504.755 ####
#### FINITO #### TERMINO #### NO-VA-MAS ####
#### TIMES #### modelling TOTAL TOTAL ==>> 8504.755
#### #### READING DATA FILES #### ####
112 #### COMBI [reg, sid, ban, sec, men, med, sum, mmm, npp, hhh] METRICS ####
('Plantation', '/home/vargas/repos/forests-sounds-vargas/out/data/extraction/Plantation/2_00_PSA0010-2010_dict_y_split_7_2512283_1736694580.pkl')
(297840, 10) Index(['reg', 'sid', 'ban', 'sec', 'men', 'med', 'sum', 'mmm', 'npp', 'hhh'], dtype='object') Index(['reg', 'sid', 'ban', 'sec', 'men', 'med', 'sum', 'mmm', 'npp', 'hhh'], dtype='object')
#### MERGE 68 merge_data Dataframe shape: (297840, 10) #### time: 41
#### #### SPLIT TRAIN TEST #### ####
#### CLASSES: [0 1 2 3] TOTAL 4
#### SPLIT train_test_split and CUDA: ??? cuda:0 #### time: 35
#### MODELS - TOTAL 3 ####
#### EPOCHS 1 ####
#### TRAINING MODELS ####
#### TRAINING MODEL CNN_LSTM ####
#### TRAINED MODEL CNN_LSTM model training time: 6.7 total training time: 6.712 ####
#### TRAINING MODEL LSTM_CNN ####
#### TRAINED MODEL LSTM_CNN model training time: 7.596 total training time: 14.308 ####
#### TRAINING MODEL ParallelCNNLSTMModel ####
#### TRAINED MODEL ParallelCNNLSTMModel model training time: 7.558 total training time: 21.866 ####
#### TRAINING TOTAL TIME: 21.854 ####
Accuracy of the CNN_LSTM model on the test set: 91.216761 %
Accuracy of the LSTM_CNN model on the test set: 80.659079 %
Accuracy of the ParallelCNNLSTMModel model on the test set: 90.751746 %
#### TESTING TOTAL TIME: 3.64 ####
#### TIME #### TERMINO #### 8581.644 ####
#### FINITO #### TERMINO #### NO-VA-MAS ####
#### TIMES #### modelling TOTAL TOTAL ==>> 8581.644
#### #### READING DATA FILES #### ####
113 #### COMBI [reg, sid, ban, sec, men, med, sum, mmm, npp, aei] METRICS ####
('Plantation', '/home/vargas/repos/forests-sounds-vargas/out/data/extraction/Plantation/2_00_PSA0010-2010_dict_y_split_7_2512283_1736694580.pkl')
(297840, 10) Index(['reg', 'sid', 'ban', 'sec', 'men', 'med', 'sum', 'mmm', 'npp', 'aei'], dtype='object') Index(['reg', 'sid', 'ban', 'sec', 'men', 'med', 'sum', 'mmm', 'npp', 'aei'], dtype='object')
#### MERGE 68 merge_data Dataframe shape: (297840, 10) #### time: 41
#### #### SPLIT TRAIN TEST #### ####
#### CLASSES: [0 1 2 3] TOTAL 4
#### SPLIT train_test_split and CUDA: ??? cuda:0 #### time: 35
#### MODELS - TOTAL 3 ####
#### EPOCHS 1 ####
#### TRAINING MODELS ####
#### TRAINING MODEL CNN_LSTM ####
#### TRAINED MODEL CNN_LSTM model training time: 6.615 total training time: 6.626 ####
#### TRAINING MODEL LSTM_CNN ####
#### TRAINED MODEL LSTM_CNN model training time: 7.649 total training time: 14.275 ####
#### TRAINING MODEL ParallelCNNLSTMModel ####
#### TRAINED MODEL ParallelCNNLSTMModel model training time: 7.701 total training time: 21.976 ####
#### TRAINING TOTAL TIME: 21.965 ####
Accuracy of the CNN_LSTM model on the test set: 91.205009 %
Accuracy of the LSTM_CNN model on the test set: 60.760811 %
Accuracy of the ParallelCNNLSTMModel model on the test set: 91.28559 %
#### TESTING TOTAL TIME: 3.499 ####
#### TIME #### TERMINO #### 8658.591 ####
#### FINITO #### TERMINO #### NO-VA-MAS ####
#### TIMES #### modelling TOTAL TOTAL ==>> 8658.591
#### #### READING DATA FILES #### ####
114 #### COMBI [reg, sid, ban, sec, men, med, sum, mmm, hfq, htp] METRICS ####
('Plantation', '/home/vargas/repos/forests-sounds-vargas/out/data/extraction/Plantation/2_00_PSA0010-2010_dict_y_split_7_2512283_1736694580.pkl')
(297840, 10) Index(['reg', 'sid', 'ban', 'sec', 'men', 'med', 'sum', 'mmm', 'hfq', 'htp'], dtype='object') Index(['reg', 'sid', 'ban', 'sec', 'men', 'med', 'sum', 'mmm', 'hfq', 'htp'], dtype='object')
#### MERGE 68 merge_data Dataframe shape: (297840, 10) #### time: 42
#### #### SPLIT TRAIN TEST #### ####
#### CLASSES: [0 1 2 3] TOTAL 4
#### SPLIT train_test_split and CUDA: ??? cuda:0 #### time: 35
#### MODELS - TOTAL 3 ####
#### EPOCHS 1 ####
#### TRAINING MODELS ####
#### TRAINING MODEL CNN_LSTM ####
#### TRAINED MODEL CNN_LSTM model training time: 6.777 total training time: 6.788 ####
#### TRAINING MODEL LSTM_CNN ####
#### TRAINED MODEL LSTM_CNN model training time: 7.607 total training time: 14.395 ####
#### TRAINING MODEL ParallelCNNLSTMModel ####
#### TRAINED MODEL ParallelCNNLSTMModel model training time: 7.544 total training time: 21.939 ####
#### TRAINING TOTAL TIME: 21.928 ####
Accuracy of the CNN_LSTM model on the test set: 67.269339 %
Accuracy of the LSTM_CNN model on the test set: 57.415055 %
Accuracy of the ParallelCNNLSTMModel model on the test set: 69.18144 %
#### TESTING TOTAL TIME: 3.667 ####
#### TIME #### TERMINO #### 8736.808 ####
#### FINITO #### TERMINO #### NO-VA-MAS ####
#### TIMES #### modelling TOTAL TOTAL ==>> 8736.808
#### #### READING DATA FILES #### ####
115 #### COMBI [reg, sid, ban, sec, men, med, sum, mmm, hfq, hhh] METRICS ####
('Plantation', '/home/vargas/repos/forests-sounds-vargas/out/data/extraction/Plantation/2_00_PSA0010-2010_dict_y_split_7_2512283_1736694580.pkl')
(297840, 10) Index(['reg', 'sid', 'ban', 'sec', 'men', 'med', 'sum', 'mmm', 'hfq', 'hhh'], dtype='object') Index(['reg', 'sid', 'ban', 'sec', 'men', 'med', 'sum', 'mmm', 'hfq', 'hhh'], dtype='object')
#### MERGE 68 merge_data Dataframe shape: (297840, 10) #### time: 42
#### #### SPLIT TRAIN TEST #### ####
#### CLASSES: [0 1 2 3] TOTAL 4
#### SPLIT train_test_split and CUDA: ??? cuda:0 #### time: 35
#### MODELS - TOTAL 3 ####
#### EPOCHS 1 ####
#### TRAINING MODELS ####
#### TRAINING MODEL CNN_LSTM ####
#### TRAINED MODEL CNN_LSTM model training time: 6.638 total training time: 6.65 ####
#### TRAINING MODEL LSTM_CNN ####
#### TRAINED MODEL LSTM_CNN model training time: 7.655 total training time: 14.305 ####
#### TRAINING MODEL ParallelCNNLSTMModel ####
#### TRAINED MODEL ParallelCNNLSTMModel model training time: 7.744 total training time: 22.049 ####
#### TRAINING TOTAL TIME: 22.038 ####
Accuracy of the CNN_LSTM model on the test set: 68.917875 %
Accuracy of the LSTM_CNN model on the test set: 57.129667 %
Accuracy of the ParallelCNNLSTMModel model on the test set: 68.840653 %
#### TESTING TOTAL TIME: 3.494 ####
#### TIME #### TERMINO #### 8814.95 ####
#### FINITO #### TERMINO #### NO-VA-MAS ####
#### TIMES #### modelling TOTAL TOTAL ==>> 8814.95
#### #### READING DATA FILES #### ####
116 #### COMBI [reg, sid, ban, sec, men, med, sum, mmm, hfq, aei] METRICS ####
('Plantation', '/home/vargas/repos/forests-sounds-vargas/out/data/extraction/Plantation/2_00_PSA0010-2010_dict_y_split_7_2512283_1736694580.pkl')
(297840, 10) Index(['reg', 'sid', 'ban', 'sec', 'men', 'med', 'sum', 'mmm', 'hfq', 'aei'], dtype='object') Index(['reg', 'sid', 'ban', 'sec', 'men', 'med', 'sum', 'mmm', 'hfq', 'aei'], dtype='object')
#### MERGE 68 merge_data Dataframe shape: (297840, 10) #### time: 41
#### #### SPLIT TRAIN TEST #### ####
#### CLASSES: [0 1 2 3] TOTAL 4
#### SPLIT train_test_split and CUDA: ??? cuda:0 #### time: 35
#### MODELS - TOTAL 3 ####
#### EPOCHS 1 ####
#### TRAINING MODELS ####
#### TRAINING MODEL CNN_LSTM ####
#### TRAINED MODEL CNN_LSTM model training time: 6.79 total training time: 6.802 ####
#### TRAINING MODEL LSTM_CNN ####
#### TRAINED MODEL LSTM_CNN model training time: 7.496 total training time: 14.298 ####
#### TRAINING MODEL ParallelCNNLSTMModel ####
#### TRAINED MODEL ParallelCNNLSTMModel model training time: 7.718 total training time: 22.016 ####
#### TRAINING TOTAL TIME: 22.005 ####
Accuracy of the CNN_LSTM model on the test set: 68.133897 %
Accuracy of the LSTM_CNN model on the test set: 56.939968 %
Accuracy of the ParallelCNNLSTMModel model on the test set: 68.902767 %
#### TESTING TOTAL TIME: 3.65 ####
#### TIME #### TERMINO #### 8891.433 ####
#### FINITO #### TERMINO #### NO-VA-MAS ####
#### TIMES #### modelling TOTAL TOTAL ==>> 8891.433
#### #### READING DATA FILES #### ####
117 #### COMBI [reg, sid, ban, sec, men, med, sum, mmm, htp, hhh] METRICS ####
('Plantation', '/home/vargas/repos/forests-sounds-vargas/out/data/extraction/Plantation/2_00_PSA0010-2010_dict_y_split_7_2512283_1736694580.pkl')
(297840, 10) Index(['reg', 'sid', 'ban', 'sec', 'men', 'med', 'sum', 'mmm', 'htp', 'hhh'], dtype='object') Index(['reg', 'sid', 'ban', 'sec', 'men', 'med', 'sum', 'mmm', 'htp', 'hhh'], dtype='object')
#### MERGE 68 merge_data Dataframe shape: (297840, 10) #### time: 41
#### #### SPLIT TRAIN TEST #### ####
#### CLASSES: [0 1 2 3] TOTAL 4
#### SPLIT train_test_split and CUDA: ??? cuda:0 #### time: 35
#### MODELS - TOTAL 3 ####
#### EPOCHS 1 ####
#### TRAINING MODELS ####
#### TRAINING MODEL CNN_LSTM ####
#### TRAINED MODEL CNN_LSTM model training time: 6.632 total training time: 6.643 ####
#### TRAINING MODEL LSTM_CNN ####
#### TRAINED MODEL LSTM_CNN model training time: 7.614 total training time: 14.257 ####
#### TRAINING MODEL ParallelCNNLSTMModel ####
#### TRAINED MODEL ParallelCNNLSTMModel model training time: 7.709 total training time: 21.966 ####
#### TRAINING TOTAL TIME: 21.955 ####
Accuracy of the CNN_LSTM model on the test set: 67.14679 %
Accuracy of the LSTM_CNN model on the test set: 57.742412 %
Accuracy of the ParallelCNNLSTMModel model on the test set: 68.968238 %
#### TESTING TOTAL TIME: 3.5 ####
#### TIME #### TERMINO #### 8967.708 ####
#### FINITO #### TERMINO #### NO-VA-MAS ####
#### TIMES #### modelling TOTAL TOTAL ==>> 8967.708
#### #### READING DATA FILES #### ####
118 #### COMBI [reg, sid, ban, sec, men, med, sum, mmm, htp, aei] METRICS ####
('Plantation', '/home/vargas/repos/forests-sounds-vargas/out/data/extraction/Plantation/2_00_PSA0010-2010_dict_y_split_7_2512283_1736694580.pkl')
(297840, 10) Index(['reg', 'sid', 'ban', 'sec', 'men', 'med', 'sum', 'mmm', 'htp', 'aei'], dtype='object') Index(['reg', 'sid', 'ban', 'sec', 'men', 'med', 'sum', 'mmm', 'htp', 'aei'], dtype='object')
#### MERGE 68 merge_data Dataframe shape: (297840, 10) #### time: 41
#### #### SPLIT TRAIN TEST #### ####
#### CLASSES: [0 1 2 3] TOTAL 4
#### SPLIT train_test_split and CUDA: ??? cuda:0 #### time: 35
#### MODELS - TOTAL 3 ####
#### EPOCHS 1 ####
#### TRAINING MODELS ####
#### TRAINING MODEL CNN_LSTM ####
#### TRAINED MODEL CNN_LSTM model training time: 6.795 total training time: 6.807 ####
#### TRAINING MODEL LSTM_CNN ####
#### TRAINED MODEL LSTM_CNN model training time: 7.494 total training time: 14.3 ####
#### TRAINING MODEL ParallelCNNLSTMModel ####
#### TRAINED MODEL ParallelCNNLSTMModel model training time: 7.731 total training time: 22.031 ####
#### TRAINING TOTAL TIME: 22.02 ####
Accuracy of the CNN_LSTM model on the test set: 68.827223 %
Accuracy of the LSTM_CNN model on the test set: 57.406661 %
Accuracy of the ParallelCNNLSTMModel model on the test set: 69.047139 %
#### TESTING TOTAL TIME: 3.506 ####
#### TIME #### TERMINO #### 9044.744 ####
#### FINITO #### TERMINO #### NO-VA-MAS ####
#### TIMES #### modelling TOTAL TOTAL ==>> 9044.744
#### #### READING DATA FILES #### ####
119 #### COMBI [reg, sid, ban, sec, men, med, sum, mmm, hhh, aei] METRICS ####
('Plantation', '/home/vargas/repos/forests-sounds-vargas/out/data/extraction/Plantation/2_00_PSA0010-2010_dict_y_split_7_2512283_1736694580.pkl')
(297840, 10) Index(['reg', 'sid', 'ban', 'sec', 'men', 'med', 'sum', 'mmm', 'hhh', 'aei'], dtype='object') Index(['reg', 'sid', 'ban', 'sec', 'men', 'med', 'sum', 'mmm', 'hhh', 'aei'], dtype='object')
#### MERGE 68 merge_data Dataframe shape: (297840, 10) #### time: 42
#### #### SPLIT TRAIN TEST #### ####
#### CLASSES: [0 1 2 3] TOTAL 4
#### SPLIT train_test_split and CUDA: ??? cuda:0 #### time: 35
#### MODELS - TOTAL 3 ####
#### EPOCHS 1 ####
#### TRAINING MODELS ####
#### TRAINING MODEL CNN_LSTM ####
#### TRAINED MODEL CNN_LSTM model training time: 6.794 total training time: 6.806 ####
#### TRAINING MODEL LSTM_CNN ####
#### TRAINED MODEL LSTM_CNN model training time: 7.645 total training time: 14.45 ####
#### TRAINING MODEL ParallelCNNLSTMModel ####
#### TRAINED MODEL ParallelCNNLSTMModel model training time: 7.585 total training time: 22.035 ####
#### TRAINING TOTAL TIME: 22.024 ####
Accuracy of the CNN_LSTM model on the test set: 68.721461 %
Accuracy of the LSTM_CNN model on the test set: 57.376444 %
Accuracy of the ParallelCNNLSTMModel model on the test set: 68.661026 %
#### TESTING TOTAL TIME: 3.659 ####
#### TIME #### TERMINO #### 9122.257 ####
#### FINITO #### TERMINO #### NO-VA-MAS ####
#### TIMES #### modelling TOTAL TOTAL ==>> 9122.257
#### #### READING DATA FILES #### ####
120 #### COMBI [reg, sid, ban, sec, men, med, sum, npp, hfq, htp] METRICS ####
('Plantation', '/home/vargas/repos/forests-sounds-vargas/out/data/extraction/Plantation/2_00_PSA0010-2010_dict_y_split_7_2512283_1736694580.pkl')
(297840, 10) Index(['reg', 'sid', 'ban', 'sec', 'men', 'med', 'sum', 'npp', 'hfq', 'htp'], dtype='object') Index(['reg', 'sid', 'ban', 'sec', 'men', 'med', 'sum', 'npp', 'hfq', 'htp'], dtype='object')
#### MERGE 68 merge_data Dataframe shape: (297840, 10) #### time: 42
#### #### SPLIT TRAIN TEST #### ####
#### CLASSES: [0 1 2 3] TOTAL 4
#### SPLIT train_test_split and CUDA: ??? cuda:0 #### time: 35
#### MODELS - TOTAL 3 ####
#### EPOCHS 1 ####
#### TRAINING MODELS ####
#### TRAINING MODEL CNN_LSTM ####
#### TRAINED MODEL CNN_LSTM model training time: 6.781 total training time: 6.793 ####
#### TRAINING MODEL LSTM_CNN ####
#### TRAINED MODEL LSTM_CNN model training time: 7.488 total training time: 14.281 ####
#### TRAINING MODEL ParallelCNNLSTMModel ####
#### TRAINED MODEL ParallelCNNLSTMModel model training time: 7.685 total training time: 21.966 ####
#### TRAINING TOTAL TIME: 21.955 ####
Accuracy of the CNN_LSTM model on the test set: 91.228512 %
Accuracy of the LSTM_CNN model on the test set: 55.486167 %
Accuracy of the ParallelCNNLSTMModel model on the test set: 91.206688 %
#### TESTING TOTAL TIME: 3.501 ####
#### TIME #### TERMINO #### 9199.546 ####
#### FINITO #### TERMINO #### NO-VA-MAS ####
#### TIMES #### modelling TOTAL TOTAL ==>> 9199.546
#### #### READING DATA FILES #### ####
121 #### COMBI [reg, sid, ban, sec, men, med, sum, npp, hfq, hhh] METRICS ####
('Plantation', '/home/vargas/repos/forests-sounds-vargas/out/data/extraction/Plantation/2_00_PSA0010-2010_dict_y_split_7_2512283_1736694580.pkl')
(297840, 10) Index(['reg', 'sid', 'ban', 'sec', 'men', 'med', 'sum', 'npp', 'hfq', 'hhh'], dtype='object') Index(['reg', 'sid', 'ban', 'sec', 'men', 'med', 'sum', 'npp', 'hfq', 'hhh'], dtype='object')
#### MERGE 68 merge_data Dataframe shape: (297840, 10) #### time: 43
#### #### SPLIT TRAIN TEST #### ####
#### CLASSES: [0 1 2 3] TOTAL 4
#### SPLIT train_test_split and CUDA: ??? cuda:0 #### time: 35
#### MODELS - TOTAL 3 ####
#### EPOCHS 1 ####
#### TRAINING MODELS ####
#### TRAINING MODEL CNN_LSTM ####
#### TRAINED MODEL CNN_LSTM model training time: 6.771 total training time: 6.782 ####
#### TRAINING MODEL LSTM_CNN ####
#### TRAINED MODEL LSTM_CNN model training time: 7.617 total training time: 14.399 ####
#### TRAINING MODEL ParallelCNNLSTMModel ####
#### TRAINED MODEL ParallelCNNLSTMModel model training time: 7.558 total training time: 21.957 ####
#### TRAINING TOTAL TIME: 21.946 ####
Accuracy of the CNN_LSTM model on the test set: 90.938088 %
Accuracy of the LSTM_CNN model on the test set: 63.460247 %
Accuracy of the ParallelCNNLSTMModel model on the test set: 91.107642 %
#### TESTING TOTAL TIME: 3.648 ####
#### TIME #### TERMINO #### 9278.077 ####
#### FINITO #### TERMINO #### NO-VA-MAS ####
#### TIMES #### modelling TOTAL TOTAL ==>> 9278.077
#### #### READING DATA FILES #### ####
122 #### COMBI [reg, sid, ban, sec, men, med, sum, npp, hfq, aei] METRICS ####
('Plantation', '/home/vargas/repos/forests-sounds-vargas/out/data/extraction/Plantation/2_00_PSA0010-2010_dict_y_split_7_2512283_1736694580.pkl')
(297840, 10) Index(['reg', 'sid', 'ban', 'sec', 'men', 'med', 'sum', 'npp', 'hfq', 'aei'], dtype='object') Index(['reg', 'sid', 'ban', 'sec', 'men', 'med', 'sum', 'npp', 'hfq', 'aei'], dtype='object')
#### MERGE 68 merge_data Dataframe shape: (297840, 10) #### time: 40
#### #### SPLIT TRAIN TEST #### ####
#### CLASSES: [0 1 2 3] TOTAL 4
#### SPLIT train_test_split and CUDA: ??? cuda:0 #### time: 35
#### MODELS - TOTAL 3 ####
#### EPOCHS 1 ####
#### TRAINING MODELS ####
#### TRAINING MODEL CNN_LSTM ####
#### TRAINED MODEL CNN_LSTM model training time: 6.634 total training time: 6.645 ####
#### TRAINING MODEL LSTM_CNN ####
#### TRAINED MODEL LSTM_CNN model training time: 7.653 total training time: 14.298 ####
#### TRAINING MODEL ParallelCNNLSTMModel ####
#### TRAINED MODEL ParallelCNNLSTMModel model training time: 7.686 total training time: 21.984 ####
#### TRAINING TOTAL TIME: 21.973 ####
Accuracy of the CNN_LSTM model on the test set: 91.025383 %
Accuracy of the LSTM_CNN model on the test set: 86.611939 %
Accuracy of the ParallelCNNLSTMModel model on the test set: 90.97502 %
#### TESTING TOTAL TIME: 3.508 ####
#### TIME #### TERMINO #### 9354.151 ####
#### FINITO #### TERMINO #### NO-VA-MAS ####
#### TIMES #### modelling TOTAL TOTAL ==>> 9354.151
#### #### READING DATA FILES #### ####
123 #### COMBI [reg, sid, ban, sec, men, med, sum, npp, htp, hhh] METRICS ####
('Plantation', '/home/vargas/repos/forests-sounds-vargas/out/data/extraction/Plantation/2_00_PSA0010-2010_dict_y_split_7_2512283_1736694580.pkl')
(297840, 10) Index(['reg', 'sid', 'ban', 'sec', 'men', 'med', 'sum', 'npp', 'htp', 'hhh'], dtype='object') Index(['reg', 'sid', 'ban', 'sec', 'men', 'med', 'sum', 'npp', 'htp', 'hhh'], dtype='object')
#### MERGE 68 merge_data Dataframe shape: (297840, 10) #### time: 43
#### #### SPLIT TRAIN TEST #### ####
#### CLASSES: [0 1 2 3] TOTAL 4
#### SPLIT train_test_split and CUDA: ??? cuda:0 #### time: 35
#### MODELS - TOTAL 3 ####
#### EPOCHS 1 ####
#### TRAINING MODELS ####
#### TRAINING MODEL CNN_LSTM ####
#### TRAINED MODEL CNN_LSTM model training time: 6.785 total training time: 6.796 ####
#### TRAINING MODEL LSTM_CNN ####
#### TRAINED MODEL LSTM_CNN model training time: 7.483 total training time: 14.279 ####
#### TRAINING MODEL ParallelCNNLSTMModel ####
#### TRAINED MODEL ParallelCNNLSTMModel model training time: 7.726 total training time: 22.005 ####
#### TRAINING TOTAL TIME: 21.994 ####
Accuracy of the CNN_LSTM model on the test set: 90.407601 %
Accuracy of the LSTM_CNN model on the test set: 58.897395 %
Accuracy of the ParallelCNNLSTMModel model on the test set: 91.060637 %
#### TESTING TOTAL TIME: 3.655 ####
#### TIME #### TERMINO #### 9432.817 ####
#### FINITO #### TERMINO #### NO-VA-MAS ####
#### TIMES #### modelling TOTAL TOTAL ==>> 9432.817
#### #### READING DATA FILES #### ####
124 #### COMBI [reg, sid, ban, sec, men, med, sum, npp, htp, aei] METRICS ####
('Plantation', '/home/vargas/repos/forests-sounds-vargas/out/data/extraction/Plantation/2_00_PSA0010-2010_dict_y_split_7_2512283_1736694580.pkl')
(297840, 10) Index(['reg', 'sid', 'ban', 'sec', 'men', 'med', 'sum', 'npp', 'htp', 'aei'], dtype='object') Index(['reg', 'sid', 'ban', 'sec', 'men', 'med', 'sum', 'npp', 'htp', 'aei'], dtype='object')
#### MERGE 68 merge_data Dataframe shape: (297840, 10) #### time: 44
#### #### SPLIT TRAIN TEST #### ####
#### CLASSES: [0 1 2 3] TOTAL 4
#### SPLIT train_test_split and CUDA: ??? cuda:0 #### time: 35
#### MODELS - TOTAL 3 ####
#### EPOCHS 1 ####
#### TRAINING MODELS ####
#### TRAINING MODEL CNN_LSTM ####
#### TRAINED MODEL CNN_LSTM model training time: 6.624 total training time: 6.635 ####
#### TRAINING MODEL LSTM_CNN ####
#### TRAINED MODEL LSTM_CNN model training time: 7.643 total training time: 14.278 ####
#### TRAINING MODEL ParallelCNNLSTMModel ####
#### TRAINED MODEL ParallelCNNLSTMModel model training time: 7.701 total training time: 21.979 ####
#### TRAINING TOTAL TIME: 21.968 ####
Accuracy of the CNN_LSTM model on the test set: 87.323731 %
Accuracy of the LSTM_CNN model on the test set: 85.393164 %
Accuracy of the ParallelCNNLSTMModel model on the test set: 90.587228 %
#### TESTING TOTAL TIME: 3.52 ####
#### TIME #### TERMINO #### 9512.847 ####
#### FINITO #### TERMINO #### NO-VA-MAS ####
#### TIMES #### modelling TOTAL TOTAL ==>> 9512.847
#### #### READING DATA FILES #### ####
125 #### COMBI [reg, sid, ban, sec, men, med, sum, npp, hhh, aei] METRICS ####
('Plantation', '/home/vargas/repos/forests-sounds-vargas/out/data/extraction/Plantation/2_00_PSA0010-2010_dict_y_split_7_2512283_1736694580.pkl')
(297840, 10) Index(['reg', 'sid', 'ban', 'sec', 'men', 'med', 'sum', 'npp', 'hhh', 'aei'], dtype='object') Index(['reg', 'sid', 'ban', 'sec', 'men', 'med', 'sum', 'npp', 'hhh', 'aei'], dtype='object')
#### MERGE 68 merge_data Dataframe shape: (297840, 10) #### time: 46
#### #### SPLIT TRAIN TEST #### ####
#### CLASSES: [0 1 2 3] TOTAL 4
#### SPLIT train_test_split and CUDA: ??? cuda:0 #### time: 35
#### MODELS - TOTAL 3 ####
#### EPOCHS 1 ####
#### TRAINING MODELS ####
#### TRAINING MODEL CNN_LSTM ####
#### TRAINED MODEL CNN_LSTM model training time: 6.781 total training time: 6.792 ####
#### TRAINING MODEL LSTM_CNN ####
#### TRAINED MODEL LSTM_CNN model training time: 7.499 total training time: 14.291 ####
#### TRAINING MODEL ParallelCNNLSTMModel ####
#### TRAINED MODEL ParallelCNNLSTMModel model training time: 7.708 total training time: 21.999 ####
#### TRAINING TOTAL TIME: 21.988 ####
Accuracy of the CNN_LSTM model on the test set: 91.231869 %
Accuracy of the LSTM_CNN model on the test set: 69.347636 %
Accuracy of the ParallelCNNLSTMModel model on the test set: 90.610731 %
#### TESTING TOTAL TIME: 3.514 ####
#### TIME #### TERMINO #### 9594.531 ####
#### FINITO #### TERMINO #### NO-VA-MAS ####
#### TIMES #### modelling TOTAL TOTAL ==>> 9594.531
#### #### READING DATA FILES #### ####
126 #### COMBI [reg, sid, ban, sec, men, med, sum, hfq, htp, hhh] METRICS ####
('Plantation', '/home/vargas/repos/forests-sounds-vargas/out/data/extraction/Plantation/2_00_PSA0010-2010_dict_y_split_7_2512283_1736694580.pkl')
(297840, 10) Index(['reg', 'sid', 'ban', 'sec', 'men', 'med', 'sum', 'hfq', 'htp', 'hhh'], dtype='object') Index(['reg', 'sid', 'ban', 'sec', 'men', 'med', 'sum', 'hfq', 'htp', 'hhh'], dtype='object')
#### MERGE 68 merge_data Dataframe shape: (297840, 10) #### time: 44
#### #### SPLIT TRAIN TEST #### ####
#### CLASSES: [0 1 2 3] TOTAL 4
#### SPLIT train_test_split and CUDA: ??? cuda:0 #### time: 35
#### MODELS - TOTAL 3 ####
#### EPOCHS 1 ####
#### TRAINING MODELS ####
#### TRAINING MODEL CNN_LSTM ####
#### TRAINED MODEL CNN_LSTM model training time: 6.782 total training time: 6.793 ####
#### TRAINING MODEL LSTM_CNN ####
#### TRAINED MODEL LSTM_CNN model training time: 7.639 total training time: 14.432 ####
#### TRAINING MODEL ParallelCNNLSTMModel ####
#### TRAINED MODEL ParallelCNNLSTMModel model training time: 7.581 total training time: 22.013 ####
#### TRAINING TOTAL TIME: 22.002 ####
Accuracy of the CNN_LSTM model on the test set: 68.676135 %
Accuracy of the LSTM_CNN model on the test set: 56.307078 %
Accuracy of the ParallelCNNLSTMModel model on the test set: 69.272092 %
#### TESTING TOTAL TIME: 3.685 ####
#### TIME #### TERMINO #### 9674.706 ####
#### FINITO #### TERMINO #### NO-VA-MAS ####
#### TIMES #### modelling TOTAL TOTAL ==>> 9674.706
#### #### READING DATA FILES #### ####
127 #### COMBI [reg, sid, ban, sec, men, med, sum, hfq, htp, aei] METRICS ####
('Plantation', '/home/vargas/repos/forests-sounds-vargas/out/data/extraction/Plantation/2_00_PSA0010-2010_dict_y_split_7_2512283_1736694580.pkl')
(297840, 10) Index(['reg', 'sid', 'ban', 'sec', 'men', 'med', 'sum', 'hfq', 'htp', 'aei'], dtype='object') Index(['reg', 'sid', 'ban', 'sec', 'men', 'med', 'sum', 'hfq', 'htp', 'aei'], dtype='object')
#### MERGE 68 merge_data Dataframe shape: (297840, 10) #### time: 43
#### #### SPLIT TRAIN TEST #### ####
#### CLASSES: [0 1 2 3] TOTAL 4
#### SPLIT train_test_split and CUDA: ??? cuda:0 #### time: 35
#### MODELS - TOTAL 3 ####
#### EPOCHS 1 ####
#### TRAINING MODELS ####
#### TRAINING MODEL CNN_LSTM ####
#### TRAINED MODEL CNN_LSTM model training time: 6.779 total training time: 6.791 ####
#### TRAINING MODEL LSTM_CNN ####
#### TRAINED MODEL LSTM_CNN model training time: 7.484 total training time: 14.275 ####
#### TRAINING MODEL ParallelCNNLSTMModel ####
#### TRAINED MODEL ParallelCNNLSTMModel model training time: 7.704 total training time: 21.979 ####
#### TRAINING TOTAL TIME: 21.968 ####
Accuracy of the CNN_LSTM model on the test set: 67.732675 %
Accuracy of the LSTM_CNN model on the test set: 57.472133 %
Accuracy of the ParallelCNNLSTMModel model on the test set: 69.228445 %
#### TESTING TOTAL TIME: 3.517 ####
#### TIME #### TERMINO #### 9753.429 ####
#### FINITO #### TERMINO #### NO-VA-MAS ####
#### TIMES #### modelling TOTAL TOTAL ==>> 9753.429
#### #### READING DATA FILES #### ####
128 #### COMBI [reg, sid, ban, sec, men, med, sum, hfq, hhh, aei] METRICS ####
('Plantation', '/home/vargas/repos/forests-sounds-vargas/out/data/extraction/Plantation/2_00_PSA0010-2010_dict_y_split_7_2512283_1736694580.pkl')
(297840, 10) Index(['reg', 'sid', 'ban', 'sec', 'men', 'med', 'sum', 'hfq', 'hhh', 'aei'], dtype='object') Index(['reg', 'sid', 'ban', 'sec', 'men', 'med', 'sum', 'hfq', 'hhh', 'aei'], dtype='object')
#### MERGE 68 merge_data Dataframe shape: (297840, 10) #### time: 42
#### #### SPLIT TRAIN TEST #### ####
#### CLASSES: [0 1 2 3] TOTAL 4
#### SPLIT train_test_split and CUDA: ??? cuda:0 #### time: 35
#### MODELS - TOTAL 3 ####
#### EPOCHS 1 ####
#### TRAINING MODELS ####
#### TRAINING MODEL CNN_LSTM ####
#### TRAINED MODEL CNN_LSTM model training time: 6.678 total training time: 6.689 ####
#### TRAINING MODEL LSTM_CNN ####
#### TRAINED MODEL LSTM_CNN model training time: 7.536 total training time: 14.226 ####
#### TRAINING MODEL ParallelCNNLSTMModel ####
#### TRAINED MODEL ParallelCNNLSTMModel model training time: 7.464 total training time: 21.69 ####
#### TRAINING TOTAL TIME: 21.679 ####
Accuracy of the CNN_LSTM model on the test set: 68.320239 %
Accuracy of the LSTM_CNN model on the test set: 56.832528 %
Accuracy of the ParallelCNNLSTMModel model on the test set: 68.704674 %
#### TESTING TOTAL TIME: 3.67 ####
#### TIME #### TERMINO #### 9830.636 ####
#### FINITO #### TERMINO #### NO-VA-MAS ####
#### TIMES #### modelling TOTAL TOTAL ==>> 9830.636
#### #### READING DATA FILES #### ####
129 #### COMBI [reg, sid, ban, sec, men, med, sum, htp, hhh, aei] METRICS ####
('Plantation', '/home/vargas/repos/forests-sounds-vargas/out/data/extraction/Plantation/2_00_PSA0010-2010_dict_y_split_7_2512283_1736694580.pkl')
(297840, 10) Index(['reg', 'sid', 'ban', 'sec', 'men', 'med', 'sum', 'htp', 'hhh', 'aei'], dtype='object') Index(['reg', 'sid', 'ban', 'sec', 'men', 'med', 'sum', 'htp', 'hhh', 'aei'], dtype='object')
#### MERGE 68 merge_data Dataframe shape: (297840, 10) #### time: 39
#### #### SPLIT TRAIN TEST #### ####
#### CLASSES: [0 1 2 3] TOTAL 4
#### SPLIT train_test_split and CUDA: ??? cuda:0 #### time: 35
#### MODELS - TOTAL 3 ####
#### EPOCHS 1 ####
#### TRAINING MODELS ####
#### TRAINING MODEL CNN_LSTM ####
#### TRAINED MODEL CNN_LSTM model training time: 6.504 total training time: 6.516 ####
#### TRAINING MODEL LSTM_CNN ####
#### TRAINED MODEL LSTM_CNN model training time: 7.587 total training time: 14.103 ####
#### TRAINING MODEL ParallelCNNLSTMModel ####
#### TRAINED MODEL ParallelCNNLSTMModel model training time: 7.675 total training time: 21.778 ####
#### TRAINING TOTAL TIME: 21.767 ####
Accuracy of the CNN_LSTM model on the test set: 67.702458 %
Accuracy of the LSTM_CNN model on the test set: 57.697086 %
Accuracy of the ParallelCNNLSTMModel model on the test set: 69.78747 %
#### TESTING TOTAL TIME: 3.492 ####
#### TIME #### TERMINO #### 9905.343 ####
#### FINITO #### TERMINO #### NO-VA-MAS ####
#### TIMES #### modelling TOTAL TOTAL ==>> 9905.343
#### #### READING DATA FILES #### ####
130 #### COMBI [reg, sid, ban, sec, men, med, sum, max, aci, bet, mmm] METRICS ####
('Plantation', '/home/vargas/repos/forests-sounds-vargas/out/data/extraction/Plantation/2_00_PSA0010-2010_dict_y_split_7_2512283_1736694580.pkl')
(297840, 11) Index(['reg', 'sid', 'ban', 'sec', 'men', 'med', 'sum', 'max', 'aci', 'bet',
       'mmm'],
      dtype='object') Index(['reg', 'sid', 'ban', 'sec', 'men', 'med', 'sum', 'max', 'aci', 'bet',
       'mmm'],
      dtype='object')
#### MERGE 68 merge_data Dataframe shape: (297840, 11) #### time: 41
#### #### SPLIT TRAIN TEST #### ####
#### CLASSES: [0 1 2 3] TOTAL 4
#### SPLIT train_test_split and CUDA: ??? cuda:0 #### time: 35
#### MODELS - TOTAL 3 ####
#### EPOCHS 1 ####
#### TRAINING MODELS ####
#### TRAINING MODEL CNN_LSTM ####
#### TRAINED MODEL CNN_LSTM model training time: 6.724 total training time: 6.735 ####
#### TRAINING MODEL LSTM_CNN ####
#### TRAINED MODEL LSTM_CNN model training time: 7.695 total training time: 14.43 ####
#### TRAINING MODEL ParallelCNNLSTMModel ####
#### TRAINED MODEL ParallelCNNLSTMModel model training time: 7.675 total training time: 22.105 ####
#### TRAINING TOTAL TIME: 22.094 ####
Accuracy of the CNN_LSTM model on the test set: 70.989457 %
Accuracy of the LSTM_CNN model on the test set: 66.978915 %
Accuracy of the ParallelCNNLSTMModel model on the test set: 76.257387 %
#### TESTING TOTAL TIME: 3.654 ####
#### TIME #### TERMINO #### 9982.937 ####
#### FINITO #### TERMINO #### NO-VA-MAS ####
#### TIMES #### modelling TOTAL TOTAL ==>> 9982.937
#### #### READING DATA FILES #### ####
131 #### COMBI [reg, sid, ban, sec, men, med, sum, max, aci, bet, npp] METRICS ####
('Plantation', '/home/vargas/repos/forests-sounds-vargas/out/data/extraction/Plantation/2_00_PSA0010-2010_dict_y_split_7_2512283_1736694580.pkl')
(297840, 11) Index(['reg', 'sid', 'ban', 'sec', 'men', 'med', 'sum', 'max', 'aci', 'bet',
       'npp'],
      dtype='object') Index(['reg', 'sid', 'ban', 'sec', 'men', 'med', 'sum', 'max', 'aci', 'bet',
       'npp'],
      dtype='object')
#### MERGE 68 merge_data Dataframe shape: (297840, 11) #### time: 45
#### #### SPLIT TRAIN TEST #### ####
#### CLASSES: [0 1 2 3] TOTAL 4
#### SPLIT train_test_split and CUDA: ??? cuda:0 #### time: 35
#### MODELS - TOTAL 3 ####
#### EPOCHS 1 ####
#### TRAINING MODELS ####
#### TRAINING MODEL CNN_LSTM ####
#### TRAINED MODEL CNN_LSTM model training time: 6.626 total training time: 6.637 ####
#### TRAINING MODEL LSTM_CNN ####
#### TRAINED MODEL LSTM_CNN model training time: 7.72 total training time: 14.358 ####
#### TRAINING MODEL ParallelCNNLSTMModel ####
#### TRAINED MODEL ParallelCNNLSTMModel model training time: 7.764 total training time: 22.122 ####
#### TRAINING TOTAL TIME: 22.11 ####
Accuracy of the CNN_LSTM model on the test set: 78.943392 %
Accuracy of the LSTM_CNN model on the test set: 78.990398 %
Accuracy of the ParallelCNNLSTMModel model on the test set: 85.57447 %
#### TESTING TOTAL TIME: 3.508 ####
#### TIME #### TERMINO #### 10063.772 ####
#### FINITO #### TERMINO #### NO-VA-MAS ####
#### TIMES #### modelling TOTAL TOTAL ==>> 10063.772
#### #### READING DATA FILES #### ####
132 #### COMBI [reg, sid, ban, sec, men, med, sum, max, aci, bet, hfq] METRICS ####
('Plantation', '/home/vargas/repos/forests-sounds-vargas/out/data/extraction/Plantation/2_00_PSA0010-2010_dict_y_split_7_2512283_1736694580.pkl')
(297840, 11) Index(['reg', 'sid', 'ban', 'sec', 'men', 'med', 'sum', 'max', 'aci', 'bet',
       'hfq'],
      dtype='object') Index(['reg', 'sid', 'ban', 'sec', 'men', 'med', 'sum', 'max', 'aci', 'bet',
       'hfq'],
      dtype='object')
#### MERGE 68 merge_data Dataframe shape: (297840, 11) #### time: 41
#### #### SPLIT TRAIN TEST #### ####
#### CLASSES: [0 1 2 3] TOTAL 4
#### SPLIT train_test_split and CUDA: ??? cuda:0 #### time: 35
#### MODELS - TOTAL 3 ####
#### EPOCHS 1 ####
#### TRAINING MODELS ####
#### TRAINING MODEL CNN_LSTM ####
#### TRAINED MODEL CNN_LSTM model training time: 6.809 total training time: 6.82 ####
#### TRAINING MODEL LSTM_CNN ####
#### TRAINED MODEL LSTM_CNN model training time: 7.555 total training time: 14.375 ####
#### TRAINING MODEL ParallelCNNLSTMModel ####
#### TRAINED MODEL ParallelCNNLSTMModel model training time: 7.778 total training time: 22.153 ####
#### TRAINING TOTAL TIME: 22.141 ####
Accuracy of the CNN_LSTM model on the test set: 75.824268 %
Accuracy of the LSTM_CNN model on the test set: 71.694534 %
Accuracy of the ParallelCNNLSTMModel model on the test set: 74.278136 %
#### TESTING TOTAL TIME: 3.648 ####
#### TIME #### TERMINO #### 10140.581 ####
#### FINITO #### TERMINO #### NO-VA-MAS ####
#### TIMES #### modelling TOTAL TOTAL ==>> 10140.581
#### #### READING DATA FILES #### ####
133 #### COMBI [reg, sid, ban, sec, men, med, sum, max, aci, bet, htp] METRICS ####
('Plantation', '/home/vargas/repos/forests-sounds-vargas/out/data/extraction/Plantation/2_00_PSA0010-2010_dict_y_split_7_2512283_1736694580.pkl')
(297840, 11) Index(['reg', 'sid', 'ban', 'sec', 'men', 'med', 'sum', 'max', 'aci', 'bet',
       'htp'],
      dtype='object') Index(['reg', 'sid', 'ban', 'sec', 'men', 'med', 'sum', 'max', 'aci', 'bet',
       'htp'],
      dtype='object')
#### MERGE 68 merge_data Dataframe shape: (297840, 11) #### time: 42
#### #### SPLIT TRAIN TEST #### ####
#### CLASSES: [0 1 2 3] TOTAL 4
#### SPLIT train_test_split and CUDA: ??? cuda:0 #### time: 35
#### MODELS - TOTAL 3 ####
#### EPOCHS 1 ####
#### TRAINING MODELS ####
#### TRAINING MODEL CNN_LSTM ####
#### TRAINED MODEL CNN_LSTM model training time: 6.622 total training time: 6.634 ####
#### TRAINING MODEL LSTM_CNN ####
#### TRAINED MODEL LSTM_CNN model training time: 7.721 total training time: 14.354 ####
#### TRAINING MODEL ParallelCNNLSTMModel ####
#### TRAINED MODEL ParallelCNNLSTMModel model training time: 7.629 total training time: 21.983 ####
#### TRAINING TOTAL TIME: 21.972 ####
Accuracy of the CNN_LSTM model on the test set: 74.546737 %
Accuracy of the LSTM_CNN model on the test set: 74.686073 %
Accuracy of the ParallelCNNLSTMModel model on the test set: 74.677679 %
#### TESTING TOTAL TIME: 3.662 ####
#### TIME #### TERMINO #### 10217.965 ####
#### FINITO #### TERMINO #### NO-VA-MAS ####
#### TIMES #### modelling TOTAL TOTAL ==>> 10217.965
#### #### READING DATA FILES #### ####
134 #### COMBI [reg, sid, ban, sec, men, med, sum, max, aci, bet, hhh] METRICS ####
('Plantation', '/home/vargas/repos/forests-sounds-vargas/out/data/extraction/Plantation/2_00_PSA0010-2010_dict_y_split_7_2512283_1736694580.pkl')
(297840, 11) Index(['reg', 'sid', 'ban', 'sec', 'men', 'med', 'sum', 'max', 'aci', 'bet',
       'hhh'],
      dtype='object') Index(['reg', 'sid', 'ban', 'sec', 'men', 'med', 'sum', 'max', 'aci', 'bet',
       'hhh'],
      dtype='object')
#### MERGE 68 merge_data Dataframe shape: (297840, 11) #### time: 40
#### #### SPLIT TRAIN TEST #### ####
#### CLASSES: [0 1 2 3] TOTAL 4
#### SPLIT train_test_split and CUDA: ??? cuda:0 #### time: 35
#### MODELS - TOTAL 3 ####
#### EPOCHS 1 ####
#### TRAINING MODELS ####
#### TRAINING MODEL CNN_LSTM ####
#### TRAINED MODEL CNN_LSTM model training time: 6.795 total training time: 6.806 ####
#### TRAINING MODEL LSTM_CNN ####
#### TRAINED MODEL LSTM_CNN model training time: 7.565 total training time: 14.371 ####
#### TRAINING MODEL ParallelCNNLSTMModel ####
#### TRAINED MODEL ParallelCNNLSTMModel model training time: 7.786 total training time: 22.158 ####
#### TRAINING TOTAL TIME: 22.147 ####
Accuracy of the CNN_LSTM model on the test set: 72.413041 %
Accuracy of the LSTM_CNN model on the test set: 73.791297 %
Accuracy of the ParallelCNNLSTMModel model on the test set: 76.974214 %
#### TESTING TOTAL TIME: 3.515 ####
#### TIME #### TERMINO #### 10294.061 ####
#### FINITO #### TERMINO #### NO-VA-MAS ####
#### TIMES #### modelling TOTAL TOTAL ==>> 10294.061
#### #### READING DATA FILES #### ####
135 #### COMBI [reg, sid, ban, sec, men, med, sum, max, aci, bet, aei] METRICS ####
('Plantation', '/home/vargas/repos/forests-sounds-vargas/out/data/extraction/Plantation/2_00_PSA0010-2010_dict_y_split_7_2512283_1736694580.pkl')
(297840, 11) Index(['reg', 'sid', 'ban', 'sec', 'men', 'med', 'sum', 'max', 'aci', 'bet',
       'aei'],
      dtype='object') Index(['reg', 'sid', 'ban', 'sec', 'men', 'med', 'sum', 'max', 'aci', 'bet',
       'aei'],
      dtype='object')
#### MERGE 68 merge_data Dataframe shape: (297840, 11) #### time: 40
#### #### SPLIT TRAIN TEST #### ####
#### CLASSES: [0 1 2 3] TOTAL 4
#### SPLIT train_test_split and CUDA: ??? cuda:0 #### time: 35
#### MODELS - TOTAL 3 ####
#### EPOCHS 1 ####
#### TRAINING MODELS ####
#### TRAINING MODEL CNN_LSTM ####
#### TRAINED MODEL CNN_LSTM model training time: 6.786 total training time: 6.797 ####
#### TRAINING MODEL LSTM_CNN ####
#### TRAINED MODEL LSTM_CNN model training time: 7.712 total training time: 14.509 ####
#### TRAINING MODEL ParallelCNNLSTMModel ####
#### TRAINED MODEL ParallelCNNLSTMModel model training time: 7.625 total training time: 22.134 ####
#### TRAINING TOTAL TIME: 22.123 ####
Accuracy of the CNN_LSTM model on the test set: 76.398402 %
Accuracy of the LSTM_CNN model on the test set: 70.254163 %
Accuracy of the ParallelCNNLSTMModel model on the test set: 73.341391 %
#### TESTING TOTAL TIME: 3.657 ####
#### TIME #### TERMINO #### 10370.238 ####
#### FINITO #### TERMINO #### NO-VA-MAS ####
#### TIMES #### modelling TOTAL TOTAL ==>> 10370.238
#### #### READING DATA FILES #### ####
136 #### COMBI [reg, sid, ban, sec, men, med, sum, max, aci, mmm, npp] METRICS ####
('Plantation', '/home/vargas/repos/forests-sounds-vargas/out/data/extraction/Plantation/2_00_PSA0010-2010_dict_y_split_7_2512283_1736694580.pkl')
(297840, 11) Index(['reg', 'sid', 'ban', 'sec', 'men', 'med', 'sum', 'max', 'aci', 'mmm',
       'npp'],
      dtype='object') Index(['reg', 'sid', 'ban', 'sec', 'men', 'med', 'sum', 'max', 'aci', 'mmm',
       'npp'],
      dtype='object')
#### MERGE 68 merge_data Dataframe shape: (297840, 11) #### time: 43
#### #### SPLIT TRAIN TEST #### ####
#### CLASSES: [0 1 2 3] TOTAL 4
#### SPLIT train_test_split and CUDA: ??? cuda:0 #### time: 35
#### MODELS - TOTAL 3 ####
#### EPOCHS 1 ####
#### TRAINING MODELS ####
#### TRAINING MODEL CNN_LSTM ####
#### TRAINED MODEL CNN_LSTM model training time: 6.639 total training time: 6.65 ####
#### TRAINING MODEL LSTM_CNN ####
#### TRAINED MODEL LSTM_CNN model training time: 7.71 total training time: 14.36 ####
#### TRAINING MODEL ParallelCNNLSTMModel ####
#### TRAINED MODEL ParallelCNNLSTMModel model training time: 7.772 total training time: 22.132 ####
#### TRAINING TOTAL TIME: 22.121 ####
Accuracy of the CNN_LSTM model on the test set: 86.946011 %
Accuracy of the LSTM_CNN model on the test set: 70.134972 %
Accuracy of the ParallelCNNLSTMModel model on the test set: 87.248187 %
#### TESTING TOTAL TIME: 3.527 ####
#### TIME #### TERMINO #### 10448.984 ####
#### FINITO #### TERMINO #### NO-VA-MAS ####
#### TIMES #### modelling TOTAL TOTAL ==>> 10448.984
#### #### READING DATA FILES #### ####
137 #### COMBI [reg, sid, ban, sec, men, med, sum, max, aci, mmm, hfq] METRICS ####
('Plantation', '/home/vargas/repos/forests-sounds-vargas/out/data/extraction/Plantation/2_00_PSA0010-2010_dict_y_split_7_2512283_1736694580.pkl')
(297840, 11) Index(['reg', 'sid', 'ban', 'sec', 'men', 'med', 'sum', 'max', 'aci', 'mmm',
       'hfq'],
      dtype='object') Index(['reg', 'sid', 'ban', 'sec', 'men', 'med', 'sum', 'max', 'aci', 'mmm',
       'hfq'],
      dtype='object')
#### MERGE 68 merge_data Dataframe shape: (297840, 11) #### time: 43
#### #### SPLIT TRAIN TEST #### ####
#### CLASSES: [0 1 2 3] TOTAL 4
#### SPLIT train_test_split and CUDA: ??? cuda:0 #### time: 35
#### MODELS - TOTAL 3 ####
#### EPOCHS 1 ####
#### TRAINING MODELS ####
#### TRAINING MODEL CNN_LSTM ####
#### TRAINED MODEL CNN_LSTM model training time: 6.784 total training time: 6.796 ####
#### TRAINING MODEL LSTM_CNN ####
#### TRAINED MODEL LSTM_CNN model training time: 7.973 total training time: 14.769 ####
#### TRAINING MODEL ParallelCNNLSTMModel ####
#### TRAINED MODEL ParallelCNNLSTMModel model training time: 7.632 total training time: 22.401 ####
#### TRAINING TOTAL TIME: 22.39 ####
Accuracy of the CNN_LSTM model on the test set: 61.447421 %
Accuracy of the LSTM_CNN model on the test set: 61.1805 %
Accuracy of the ParallelCNNLSTMModel model on the test set: 65.414316 %
#### TESTING TOTAL TIME: 3.656 ####
#### TIME #### TERMINO #### 10527.98 ####
#### FINITO #### TERMINO #### NO-VA-MAS ####
#### TIMES #### modelling TOTAL TOTAL ==>> 10527.98
#### #### READING DATA FILES #### ####
138 #### COMBI [reg, sid, ban, sec, men, med, sum, max, aci, mmm, htp] METRICS ####
('Plantation', '/home/vargas/repos/forests-sounds-vargas/out/data/extraction/Plantation/2_00_PSA0010-2010_dict_y_split_7_2512283_1736694580.pkl')
(297840, 11) Index(['reg', 'sid', 'ban', 'sec', 'men', 'med', 'sum', 'max', 'aci', 'mmm',
       'htp'],
      dtype='object') Index(['reg', 'sid', 'ban', 'sec', 'men', 'med', 'sum', 'max', 'aci', 'mmm',
       'htp'],
      dtype='object')
#### MERGE 68 merge_data Dataframe shape: (297840, 11) #### time: 40
#### #### SPLIT TRAIN TEST #### ####
#### CLASSES: [0 1 2 3] TOTAL 4
#### SPLIT train_test_split and CUDA: ??? cuda:0 #### time: 35
#### MODELS - TOTAL 3 ####
#### EPOCHS 1 ####
#### TRAINING MODELS ####
#### TRAINING MODEL CNN_LSTM ####
#### TRAINED MODEL CNN_LSTM model training time: 6.629 total training time: 6.64 ####
#### TRAINING MODEL LSTM_CNN ####
#### TRAINED MODEL LSTM_CNN model training time: 7.71 total training time: 14.35 ####
#### TRAINING MODEL ParallelCNNLSTMModel ####
#### TRAINED MODEL ParallelCNNLSTMModel model training time: 7.782 total training time: 22.132 ####
#### TRAINING TOTAL TIME: 22.121 ####
Accuracy of the CNN_LSTM model on the test set: 62.281762 %
Accuracy of the LSTM_CNN model on the test set: 57.181708 %
Accuracy of the ParallelCNNLSTMModel model on the test set: 63.131211 %
#### TESTING TOTAL TIME: 3.508 ####
#### TIME #### TERMINO #### 10603.244 ####
#### FINITO #### TERMINO #### NO-VA-MAS ####
#### TIMES #### modelling TOTAL TOTAL ==>> 10603.244
#### #### READING DATA FILES #### ####
139 #### COMBI [reg, sid, ban, sec, men, med, sum, max, aci, mmm, hhh] METRICS ####
('Plantation', '/home/vargas/repos/forests-sounds-vargas/out/data/extraction/Plantation/2_00_PSA0010-2010_dict_y_split_7_2512283_1736694580.pkl')
(297840, 11) Index(['reg', 'sid', 'ban', 'sec', 'men', 'med', 'sum', 'max', 'aci', 'mmm',
       'hhh'],
      dtype='object') Index(['reg', 'sid', 'ban', 'sec', 'men', 'med', 'sum', 'max', 'aci', 'mmm',
       'hhh'],
      dtype='object')
#### MERGE 68 merge_data Dataframe shape: (297840, 11) #### time: 43
#### #### SPLIT TRAIN TEST #### ####
#### CLASSES: [0 1 2 3] TOTAL 4
#### SPLIT train_test_split and CUDA: ??? cuda:0 #### time: 35
#### MODELS - TOTAL 3 ####
#### EPOCHS 1 ####
#### TRAINING MODELS ####
#### TRAINING MODEL CNN_LSTM ####
#### TRAINED MODEL CNN_LSTM model training time: 6.806 total training time: 6.818 ####
#### TRAINING MODEL LSTM_CNN ####
#### TRAINED MODEL LSTM_CNN model training time: 7.584 total training time: 14.402 ####
#### TRAINING MODEL ParallelCNNLSTMModel ####
#### TRAINED MODEL ParallelCNNLSTMModel model training time: 7.79 total training time: 22.192 ####
#### TRAINING TOTAL TIME: 22.18 ####
Accuracy of the CNN_LSTM model on the test set: 61.757991 %
Accuracy of the LSTM_CNN model on the test set: 57.809562 %
Accuracy of the ParallelCNNLSTMModel model on the test set: 65.682917 %
#### TESTING TOTAL TIME: 3.667 ####
#### TIME #### TERMINO #### 10681.83 ####
#### FINITO #### TERMINO #### NO-VA-MAS ####
#### TIMES #### modelling TOTAL TOTAL ==>> 10681.83
#### #### READING DATA FILES #### ####
140 #### COMBI [reg, sid, ban, sec, men, med, sum, max, aci, mmm, aei] METRICS ####
('Plantation', '/home/vargas/repos/forests-sounds-vargas/out/data/extraction/Plantation/2_00_PSA0010-2010_dict_y_split_7_2512283_1736694580.pkl')
(297840, 11) Index(['reg', 'sid', 'ban', 'sec', 'men', 'med', 'sum', 'max', 'aci', 'mmm',
       'aei'],
      dtype='object') Index(['reg', 'sid', 'ban', 'sec', 'men', 'med', 'sum', 'max', 'aci', 'mmm',
       'aei'],
      dtype='object')
#### MERGE 68 merge_data Dataframe shape: (297840, 11) #### time: 42
#### #### SPLIT TRAIN TEST #### ####
#### CLASSES: [0 1 2 3] TOTAL 4
#### SPLIT train_test_split and CUDA: ??? cuda:0 #### time: 35
#### MODELS - TOTAL 3 ####
#### EPOCHS 1 ####
#### TRAINING MODELS ####
#### TRAINING MODEL CNN_LSTM ####
#### TRAINED MODEL CNN_LSTM model training time: 6.608 total training time: 6.62 ####
#### TRAINING MODEL LSTM_CNN ####
#### TRAINED MODEL LSTM_CNN model training time: 7.716 total training time: 14.336 ####
#### TRAINING MODEL ParallelCNNLSTMModel ####
#### TRAINED MODEL ParallelCNNLSTMModel model training time: 7.765 total training time: 22.101 ####
#### TRAINING TOTAL TIME: 22.089 ####
Accuracy of the CNN_LSTM model on the test set: 62.139068 %
Accuracy of the LSTM_CNN model on the test set: 57.487241 %
Accuracy of the ParallelCNNLSTMModel model on the test set: 65.268265 %
#### TESTING TOTAL TIME: 3.514 ####
#### TIME #### TERMINO #### 10759.493 ####
#### FINITO #### TERMINO #### NO-VA-MAS ####
#### TIMES #### modelling TOTAL TOTAL ==>> 10759.493
#### #### READING DATA FILES #### ####
141 #### COMBI [reg, sid, ban, sec, men, med, sum, max, aci, npp, hfq] METRICS ####
('Plantation', '/home/vargas/repos/forests-sounds-vargas/out/data/extraction/Plantation/2_00_PSA0010-2010_dict_y_split_7_2512283_1736694580.pkl')
(297840, 11) Index(['reg', 'sid', 'ban', 'sec', 'men', 'med', 'sum', 'max', 'aci', 'npp',
       'hfq'],
      dtype='object') Index(['reg', 'sid', 'ban', 'sec', 'men', 'med', 'sum', 'max', 'aci', 'npp',
       'hfq'],
      dtype='object')
#### MERGE 68 merge_data Dataframe shape: (297840, 11) #### time: 44
#### #### SPLIT TRAIN TEST #### ####
#### CLASSES: [0 1 2 3] TOTAL 4
#### SPLIT train_test_split and CUDA: ??? cuda:0 #### time: 34
#### MODELS - TOTAL 3 ####
#### EPOCHS 1 ####
#### TRAINING MODELS ####
#### TRAINING MODEL CNN_LSTM ####
#### TRAINED MODEL CNN_LSTM model training time: 6.786 total training time: 6.797 ####
#### TRAINING MODEL LSTM_CNN ####
#### TRAINED MODEL LSTM_CNN model training time: 7.589 total training time: 14.386 ####
#### TRAINING MODEL ParallelCNNLSTMModel ####
#### TRAINED MODEL ParallelCNNLSTMModel model training time: 7.805 total training time: 22.19 ####
#### TRAINING TOTAL TIME: 22.179 ####
Accuracy of the CNN_LSTM model on the test set: 83.581789 %
Accuracy of the LSTM_CNN model on the test set: 85.710449 %
Accuracy of the ParallelCNNLSTMModel model on the test set: 82.544319 %
#### TESTING TOTAL TIME: 3.545 ####
#### TIME #### TERMINO #### 10839.205 ####
#### FINITO #### TERMINO #### NO-VA-MAS ####
#### TIMES #### modelling TOTAL TOTAL ==>> 10839.205
#### #### READING DATA FILES #### ####
142 #### COMBI [reg, sid, ban, sec, men, med, sum, max, aci, npp, htp] METRICS ####
('Plantation', '/home/vargas/repos/forests-sounds-vargas/out/data/extraction/Plantation/2_00_PSA0010-2010_dict_y_split_7_2512283_1736694580.pkl')
(297840, 11) Index(['reg', 'sid', 'ban', 'sec', 'men', 'med', 'sum', 'max', 'aci', 'npp',
       'htp'],
      dtype='object') Index(['reg', 'sid', 'ban', 'sec', 'men', 'med', 'sum', 'max', 'aci', 'npp',
       'htp'],
      dtype='object')
#### MERGE 68 merge_data Dataframe shape: (297840, 11) #### time: 42
#### #### SPLIT TRAIN TEST #### ####
#### CLASSES: [0 1 2 3] TOTAL 4
#### SPLIT train_test_split and CUDA: ??? cuda:0 #### time: 35
#### MODELS - TOTAL 3 ####
#### EPOCHS 1 ####
#### TRAINING MODELS ####
#### TRAINING MODEL CNN_LSTM ####
#### TRAINED MODEL CNN_LSTM model training time: 6.818 total training time: 6.829 ####
#### TRAINING MODEL LSTM_CNN ####
#### TRAINED MODEL LSTM_CNN model training time: 7.725 total training time: 14.555 ####
#### TRAINING MODEL ParallelCNNLSTMModel ####
#### TRAINED MODEL ParallelCNNLSTMModel model training time: 7.663 total training time: 22.217 ####
#### TRAINING TOTAL TIME: 22.206 ####
Accuracy of the CNN_LSTM model on the test set: 81.37087 %
Accuracy of the LSTM_CNN model on the test set: 65.019809 %
Accuracy of the ParallelCNNLSTMModel model on the test set: 85.86993 %
#### TESTING TOTAL TIME: 3.668 ####
#### TIME #### TERMINO #### 10916.896 ####
#### FINITO #### TERMINO #### NO-VA-MAS ####
#### TIMES #### modelling TOTAL TOTAL ==>> 10916.896
#### #### READING DATA FILES #### ####
143 #### COMBI [reg, sid, ban, sec, men, med, sum, max, aci, npp, hhh] METRICS ####
('Plantation', '/home/vargas/repos/forests-sounds-vargas/out/data/extraction/Plantation/2_00_PSA0010-2010_dict_y_split_7_2512283_1736694580.pkl')
(297840, 11) Index(['reg', 'sid', 'ban', 'sec', 'men', 'med', 'sum', 'max', 'aci', 'npp',
       'hhh'],
      dtype='object') Index(['reg', 'sid', 'ban', 'sec', 'men', 'med', 'sum', 'max', 'aci', 'npp',
       'hhh'],
      dtype='object')
#### MERGE 68 merge_data Dataframe shape: (297840, 11) #### time: 45
#### #### SPLIT TRAIN TEST #### ####
#### CLASSES: [0 1 2 3] TOTAL 4
#### SPLIT train_test_split and CUDA: ??? cuda:0 #### time: 34
#### MODELS - TOTAL 3 ####
#### EPOCHS 1 ####
#### TRAINING MODELS ####
#### TRAINING MODEL CNN_LSTM ####
#### TRAINED MODEL CNN_LSTM model training time: 6.811 total training time: 6.823 ####
#### TRAINING MODEL LSTM_CNN ####
#### TRAINED MODEL LSTM_CNN model training time: 7.584 total training time: 14.407 ####
#### TRAINING MODEL ParallelCNNLSTMModel ####
#### TRAINED MODEL ParallelCNNLSTMModel model training time: 7.821 total training time: 22.228 ####
#### TRAINING TOTAL TIME: 22.217 ####
Accuracy of the CNN_LSTM model on the test set: 85.092667 %
Accuracy of the LSTM_CNN model on the test set: 76.045864 %
Accuracy of the ParallelCNNLSTMModel model on the test set: 86.056272 %
#### TESTING TOTAL TIME: 3.527 ####
#### TIME #### TERMINO #### 10997.0 ####
#### FINITO #### TERMINO #### NO-VA-MAS ####
#### TIMES #### modelling TOTAL TOTAL ==>> 10997.0
#### #### READING DATA FILES #### ####
144 #### COMBI [reg, sid, ban, sec, men, med, sum, max, aci, npp, aei] METRICS ####
('Plantation', '/home/vargas/repos/forests-sounds-vargas/out/data/extraction/Plantation/2_00_PSA0010-2010_dict_y_split_7_2512283_1736694580.pkl')
(297840, 11) Index(['reg', 'sid', 'ban', 'sec', 'men', 'med', 'sum', 'max', 'aci', 'npp',
       'aei'],
      dtype='object') Index(['reg', 'sid', 'ban', 'sec', 'men', 'med', 'sum', 'max', 'aci', 'npp',
       'aei'],
      dtype='object')
#### MERGE 68 merge_data Dataframe shape: (297840, 11) #### time: 47
#### #### SPLIT TRAIN TEST #### ####
#### CLASSES: [0 1 2 3] TOTAL 4
#### SPLIT train_test_split and CUDA: ??? cuda:0 #### time: 35
#### MODELS - TOTAL 3 ####
#### EPOCHS 1 ####
#### TRAINING MODELS ####
#### TRAINING MODEL CNN_LSTM ####
#### TRAINED MODEL CNN_LSTM model training time: 6.811 total training time: 6.822 ####
#### TRAINING MODEL LSTM_CNN ####
#### TRAINED MODEL LSTM_CNN model training time: 7.731 total training time: 14.554 ####
#### TRAINING MODEL ParallelCNNLSTMModel ####
#### TRAINED MODEL ParallelCNNLSTMModel model training time: 7.66 total training time: 22.214 ####
#### TRAINING TOTAL TIME: 22.203 ####
Accuracy of the CNN_LSTM model on the test set: 83.066411 %
Accuracy of the LSTM_CNN model on the test set: 61.895649 %
Accuracy of the ParallelCNNLSTMModel model on the test set: 84.169353 %
#### TESTING TOTAL TIME: 3.651 ####
#### TIME #### TERMINO #### 11080.144 ####
#### FINITO #### TERMINO #### NO-VA-MAS ####
#### TIMES #### modelling TOTAL TOTAL ==>> 11080.144
#### #### READING DATA FILES #### ####
145 #### COMBI [reg, sid, ban, sec, men, med, sum, max, aci, hfq, htp] METRICS ####
('Plantation', '/home/vargas/repos/forests-sounds-vargas/out/data/extraction/Plantation/2_00_PSA0010-2010_dict_y_split_7_2512283_1736694580.pkl')
(297840, 11) Index(['reg', 'sid', 'ban', 'sec', 'men', 'med', 'sum', 'max', 'aci', 'hfq',
       'htp'],
      dtype='object') Index(['reg', 'sid', 'ban', 'sec', 'men', 'med', 'sum', 'max', 'aci', 'hfq',
       'htp'],
      dtype='object')
#### MERGE 68 merge_data Dataframe shape: (297840, 11) #### time: 45
#### #### SPLIT TRAIN TEST #### ####
#### CLASSES: [0 1 2 3] TOTAL 4
#### SPLIT train_test_split and CUDA: ??? cuda:0 #### time: 35
#### MODELS - TOTAL 3 ####
#### EPOCHS 1 ####
#### TRAINING MODELS ####
#### TRAINING MODEL CNN_LSTM ####
#### TRAINED MODEL CNN_LSTM model training time: 6.639 total training time: 6.65 ####
#### TRAINING MODEL LSTM_CNN ####
#### TRAINED MODEL LSTM_CNN model training time: 7.726 total training time: 14.377 ####
#### TRAINING MODEL ParallelCNNLSTMModel ####
#### TRAINED MODEL ParallelCNNLSTMModel model training time: 7.785 total training time: 22.162 ####
#### TRAINING TOTAL TIME: 22.151 ####
Accuracy of the CNN_LSTM model on the test set: 59.971797 %
Accuracy of the LSTM_CNN model on the test set: 59.354016 %
Accuracy of the ParallelCNNLSTMModel model on the test set: 65.996844 %
#### TESTING TOTAL TIME: 3.508 ####
#### TIME #### TERMINO #### 11160.196 ####
#### FINITO #### TERMINO #### NO-VA-MAS ####
#### TIMES #### modelling TOTAL TOTAL ==>> 11160.196
#### #### READING DATA FILES #### ####
146 #### COMBI [reg, sid, ban, sec, men, med, sum, max, aci, hfq, hhh] METRICS ####
('Plantation', '/home/vargas/repos/forests-sounds-vargas/out/data/extraction/Plantation/2_00_PSA0010-2010_dict_y_split_7_2512283_1736694580.pkl')
(297840, 11) Index(['reg', 'sid', 'ban', 'sec', 'men', 'med', 'sum', 'max', 'aci', 'hfq',
       'hhh'],
      dtype='object') Index(['reg', 'sid', 'ban', 'sec', 'men', 'med', 'sum', 'max', 'aci', 'hfq',
       'hhh'],
      dtype='object')
#### MERGE 68 merge_data Dataframe shape: (297840, 11) #### time: 44
#### #### SPLIT TRAIN TEST #### ####
#### CLASSES: [0 1 2 3] TOTAL 4
#### SPLIT train_test_split and CUDA: ??? cuda:0 #### time: 35
#### MODELS - TOTAL 3 ####
#### EPOCHS 1 ####
#### TRAINING MODELS ####
#### TRAINING MODEL CNN_LSTM ####
#### TRAINED MODEL CNN_LSTM model training time: 6.788 total training time: 6.8 ####
#### TRAINING MODEL LSTM_CNN ####
#### TRAINED MODEL LSTM_CNN model training time: 7.72 total training time: 14.52 ####
#### TRAINING MODEL ParallelCNNLSTMModel ####
#### TRAINED MODEL ParallelCNNLSTMModel model training time: 7.641 total training time: 22.161 ####
#### TRAINING TOTAL TIME: 22.149 ####
Accuracy of the CNN_LSTM model on the test set: 62.545326 %
Accuracy of the LSTM_CNN model on the test set: 57.697086 %
Accuracy of the ParallelCNNLSTMModel model on the test set: 65.966626 %
#### TESTING TOTAL TIME: 3.65 ####
#### TIME #### TERMINO #### 11239.964 ####
#### FINITO #### TERMINO #### NO-VA-MAS ####
#### TIMES #### modelling TOTAL TOTAL ==>> 11239.964
#### #### READING DATA FILES #### ####
147 #### COMBI [reg, sid, ban, sec, men, med, sum, max, aci, hfq, aei] METRICS ####
('Plantation', '/home/vargas/repos/forests-sounds-vargas/out/data/extraction/Plantation/2_00_PSA0010-2010_dict_y_split_7_2512283_1736694580.pkl')
(297840, 11) Index(['reg', 'sid', 'ban', 'sec', 'men', 'med', 'sum', 'max', 'aci', 'hfq',
       'aei'],
      dtype='object') Index(['reg', 'sid', 'ban', 'sec', 'men', 'med', 'sum', 'max', 'aci', 'hfq',
       'aei'],
      dtype='object')
#### MERGE 68 merge_data Dataframe shape: (297840, 11) #### time: 44
#### #### SPLIT TRAIN TEST #### ####
#### CLASSES: [0 1 2 3] TOTAL 4
#### SPLIT train_test_split and CUDA: ??? cuda:0 #### time: 35
#### MODELS - TOTAL 3 ####
#### EPOCHS 1 ####
#### TRAINING MODELS ####
#### TRAINING MODEL CNN_LSTM ####
#### TRAINED MODEL CNN_LSTM model training time: 6.636 total training time: 6.647 ####
#### TRAINING MODEL LSTM_CNN ####
#### TRAINED MODEL LSTM_CNN model training time: 7.718 total training time: 14.366 ####
#### TRAINING MODEL ParallelCNNLSTMModel ####
#### TRAINED MODEL ParallelCNNLSTMModel model training time: 7.791 total training time: 22.156 ####
#### TRAINING TOTAL TIME: 22.145 ####
Accuracy of the CNN_LSTM model on the test set: 61.289619 %
Accuracy of the LSTM_CNN model on the test set: 63.530755 %
Accuracy of the ParallelCNNLSTMModel model on the test set: 65.785321 %
#### TESTING TOTAL TIME: 3.51 ####
#### TIME #### TERMINO #### 11319.821 ####
#### FINITO #### TERMINO #### NO-VA-MAS ####
#### TIMES #### modelling TOTAL TOTAL ==>> 11319.821
#### #### READING DATA FILES #### ####
148 #### COMBI [reg, sid, ban, sec, men, med, sum, max, aci, htp, hhh] METRICS ####
('Plantation', '/home/vargas/repos/forests-sounds-vargas/out/data/extraction/Plantation/2_00_PSA0010-2010_dict_y_split_7_2512283_1736694580.pkl')
(297840, 11) Index(['reg', 'sid', 'ban', 'sec', 'men', 'med', 'sum', 'max', 'aci', 'htp',
       'hhh'],
      dtype='object') Index(['reg', 'sid', 'ban', 'sec', 'men', 'med', 'sum', 'max', 'aci', 'htp',
       'hhh'],
      dtype='object')
#### MERGE 68 merge_data Dataframe shape: (297840, 11) #### time: 41
#### #### SPLIT TRAIN TEST #### ####
#### CLASSES: [0 1 2 3] TOTAL 4
#### SPLIT train_test_split and CUDA: ??? cuda:0 #### time: 34
#### MODELS - TOTAL 3 ####
#### EPOCHS 1 ####
#### TRAINING MODELS ####
#### TRAINING MODEL CNN_LSTM ####
#### TRAINED MODEL CNN_LSTM model training time: 6.785 total training time: 6.796 ####
#### TRAINING MODEL LSTM_CNN ####
#### TRAINED MODEL LSTM_CNN model training time: 7.562 total training time: 14.357 ####
#### TRAINING MODEL ParallelCNNLSTMModel ####
#### TRAINED MODEL ParallelCNNLSTMModel model training time: 7.793 total training time: 22.15 ####
#### TRAINING TOTAL TIME: 22.139 ####
Accuracy of the CNN_LSTM model on the test set: 61.041163 %
Accuracy of the LSTM_CNN model on the test set: 61.079774 %
Accuracy of the ParallelCNNLSTMModel model on the test set: 66.126108 %
#### TESTING TOTAL TIME: 3.647 ####
#### TIME #### TERMINO #### 11396.291 ####
#### FINITO #### TERMINO #### NO-VA-MAS ####
#### TIMES #### modelling TOTAL TOTAL ==>> 11396.291
#### #### READING DATA FILES #### ####
149 #### COMBI [reg, sid, ban, sec, men, med, sum, max, aci, htp, aei] METRICS ####
('Plantation', '/home/vargas/repos/forests-sounds-vargas/out/data/extraction/Plantation/2_00_PSA0010-2010_dict_y_split_7_2512283_1736694580.pkl')
(297840, 11) Index(['reg', 'sid', 'ban', 'sec', 'men', 'med', 'sum', 'max', 'aci', 'htp',
       'aei'],
      dtype='object') Index(['reg', 'sid', 'ban', 'sec', 'men', 'med', 'sum', 'max', 'aci', 'htp',
       'aei'],
      dtype='object')
#### MERGE 68 merge_data Dataframe shape: (297840, 11) #### time: 40
#### #### SPLIT TRAIN TEST #### ####
#### CLASSES: [0 1 2 3] TOTAL 4
#### SPLIT train_test_split and CUDA: ??? cuda:0 #### time: 34
#### MODELS - TOTAL 3 ####
#### EPOCHS 1 ####
#### TRAINING MODELS ####
#### TRAINING MODEL CNN_LSTM ####
#### TRAINED MODEL CNN_LSTM model training time: 6.628 total training time: 6.64 ####
#### TRAINING MODEL LSTM_CNN ####
#### TRAINED MODEL LSTM_CNN model training time: 7.721 total training time: 14.361 ####
#### TRAINING MODEL ParallelCNNLSTMModel ####
#### TRAINED MODEL ParallelCNNLSTMModel model training time: 7.822 total training time: 22.183 ####
#### TRAINING TOTAL TIME: 22.172 ####
Accuracy of the CNN_LSTM model on the test set: 62.078633 %
Accuracy of the LSTM_CNN model on the test set: 62.511751 %
Accuracy of the ParallelCNNLSTMModel model on the test set: 65.761818 %
#### TESTING TOTAL TIME: 3.67 ####
#### TIME #### TERMINO #### 11471.402 ####
#### FINITO #### TERMINO #### NO-VA-MAS ####
#### TIMES #### modelling TOTAL TOTAL ==>> 11471.402
#### #### READING DATA FILES #### ####
150 #### COMBI [reg, sid, ban, sec, men, med, sum, max, aci, hhh, aei] METRICS ####
('Plantation', '/home/vargas/repos/forests-sounds-vargas/out/data/extraction/Plantation/2_00_PSA0010-2010_dict_y_split_7_2512283_1736694580.pkl')
(297840, 11) Index(['reg', 'sid', 'ban', 'sec', 'men', 'med', 'sum', 'max', 'aci', 'hhh',
       'aei'],
      dtype='object') Index(['reg', 'sid', 'ban', 'sec', 'men', 'med', 'sum', 'max', 'aci', 'hhh',
       'aei'],
      dtype='object')
#### MERGE 68 merge_data Dataframe shape: (297840, 11) #### time: 42
#### #### SPLIT TRAIN TEST #### ####
#### CLASSES: [0 1 2 3] TOTAL 4
#### SPLIT train_test_split and CUDA: ??? cuda:0 #### time: 35
#### MODELS - TOTAL 3 ####
#### EPOCHS 1 ####
#### TRAINING MODELS ####
#### TRAINING MODEL CNN_LSTM ####
#### TRAINED MODEL CNN_LSTM model training time: 6.812 total training time: 6.823 ####
#### TRAINING MODEL LSTM_CNN ####
#### TRAINED MODEL LSTM_CNN model training time: 7.58 total training time: 14.403 ####
#### TRAINING MODEL ParallelCNNLSTMModel ####
#### TRAINED MODEL ParallelCNNLSTMModel model training time: 7.803 total training time: 22.206 ####
#### TRAINING TOTAL TIME: 22.195 ####
Accuracy of the CNN_LSTM model on the test set: 63.104351 %
Accuracy of the LSTM_CNN model on the test set: 62.847502 %
Accuracy of the ParallelCNNLSTMModel model on the test set: 66.334273 %
#### TESTING TOTAL TIME: 3.53 ####
#### TIME #### TERMINO #### 11548.735 ####
#### FINITO #### TERMINO #### NO-VA-MAS ####
#### TIMES #### modelling TOTAL TOTAL ==>> 11548.735
#### #### READING DATA FILES #### ####
151 #### COMBI [reg, sid, ban, sec, men, med, sum, max, bet, mmm, npp] METRICS ####
('Plantation', '/home/vargas/repos/forests-sounds-vargas/out/data/extraction/Plantation/2_00_PSA0010-2010_dict_y_split_7_2512283_1736694580.pkl')
(297840, 11) Index(['reg', 'sid', 'ban', 'sec', 'men', 'med', 'sum', 'max', 'bet', 'mmm',
       'npp'],
      dtype='object') Index(['reg', 'sid', 'ban', 'sec', 'men', 'med', 'sum', 'max', 'bet', 'mmm',
       'npp'],
      dtype='object')
#### MERGE 68 merge_data Dataframe shape: (297840, 11) #### time: 41
#### #### SPLIT TRAIN TEST #### ####
#### CLASSES: [0 1 2 3] TOTAL 4
#### SPLIT train_test_split and CUDA: ??? cuda:0 #### time: 35
#### MODELS - TOTAL 3 ####
#### EPOCHS 1 ####
#### TRAINING MODELS ####
#### TRAINING MODEL CNN_LSTM ####
#### TRAINED MODEL CNN_LSTM model training time: 6.792 total training time: 6.804 ####
#### TRAINING MODEL LSTM_CNN ####
#### TRAINED MODEL LSTM_CNN model training time: 7.707 total training time: 14.511 ####
#### TRAINING MODEL ParallelCNNLSTMModel ####
#### TRAINED MODEL ParallelCNNLSTMModel model training time: 7.65 total training time: 22.161 ####
#### TRAINING TOTAL TIME: 22.15 ####
Accuracy of the CNN_LSTM model on the test set: 86.007588 %
Accuracy of the LSTM_CNN model on the test set: 60.206822 %
Accuracy of the ParallelCNNLSTMModel model on the test set: 93.489793 %
#### TESTING TOTAL TIME: 3.668 ####
#### TIME #### TERMINO #### 11625.583 ####
#### FINITO #### TERMINO #### NO-VA-MAS ####
#### TIMES #### modelling TOTAL TOTAL ==>> 11625.583
#### #### READING DATA FILES #### ####
152 #### COMBI [reg, sid, ban, sec, men, med, sum, max, bet, mmm, hfq] METRICS ####
('Plantation', '/home/vargas/repos/forests-sounds-vargas/out/data/extraction/Plantation/2_00_PSA0010-2010_dict_y_split_7_2512283_1736694580.pkl')
(297840, 11) Index(['reg', 'sid', 'ban', 'sec', 'men', 'med', 'sum', 'max', 'bet', 'mmm',
       'hfq'],
      dtype='object') Index(['reg', 'sid', 'ban', 'sec', 'men', 'med', 'sum', 'max', 'bet', 'mmm',
       'hfq'],
      dtype='object')
#### MERGE 68 merge_data Dataframe shape: (297840, 11) #### time: 41
#### #### SPLIT TRAIN TEST #### ####
#### CLASSES: [0 1 2 3] TOTAL 4
#### SPLIT train_test_split and CUDA: ??? cuda:0 #### time: 35
#### MODELS - TOTAL 3 ####
#### EPOCHS 1 ####
#### TRAINING MODELS ####
#### TRAINING MODEL CNN_LSTM ####
#### TRAINED MODEL CNN_LSTM model training time: 6.633 total training time: 6.645 ####
#### TRAINING MODEL LSTM_CNN ####
#### TRAINED MODEL LSTM_CNN model training time: 7.739 total training time: 14.383 ####
#### TRAINING MODEL ParallelCNNLSTMModel ####
#### TRAINED MODEL ParallelCNNLSTMModel model training time: 7.795 total training time: 22.179 ####
#### TRAINING TOTAL TIME: 22.167 ####
Accuracy of the CNN_LSTM model on the test set: 79.339578 %
Accuracy of the LSTM_CNN model on the test set: 57.441915 %
Accuracy of the ParallelCNNLSTMModel model on the test set: 78.780553 %
#### TESTING TOTAL TIME: 3.533 ####
#### TIME #### TERMINO #### 11702.624 ####
#### FINITO #### TERMINO #### NO-VA-MAS ####
#### TIMES #### modelling TOTAL TOTAL ==>> 11702.624
#### #### READING DATA FILES #### ####
153 #### COMBI [reg, sid, ban, sec, men, med, sum, max, bet, mmm, htp] METRICS ####
('Plantation', '/home/vargas/repos/forests-sounds-vargas/out/data/extraction/Plantation/2_00_PSA0010-2010_dict_y_split_7_2512283_1736694580.pkl')
(297840, 11) Index(['reg', 'sid', 'ban', 'sec', 'men', 'med', 'sum', 'max', 'bet', 'mmm',
       'htp'],
      dtype='object') Index(['reg', 'sid', 'ban', 'sec', 'men', 'med', 'sum', 'max', 'bet', 'mmm',
       'htp'],
      dtype='object')
#### MERGE 68 merge_data Dataframe shape: (297840, 11) #### time: 45
#### #### SPLIT TRAIN TEST #### ####
#### CLASSES: [0 1 2 3] TOTAL 4
#### SPLIT train_test_split and CUDA: ??? cuda:0 #### time: 34
#### MODELS - TOTAL 3 ####
#### EPOCHS 1 ####
#### TRAINING MODELS ####
#### TRAINING MODEL CNN_LSTM ####
#### TRAINED MODEL CNN_LSTM model training time: 6.815 total training time: 6.826 ####
#### TRAINING MODEL LSTM_CNN ####
#### TRAINED MODEL LSTM_CNN model training time: 7.761 total training time: 14.588 ####
#### TRAINING MODEL ParallelCNNLSTMModel ####
#### TRAINED MODEL ParallelCNNLSTMModel model training time: 7.708 total training time: 22.296 ####
#### TRAINING TOTAL TIME: 22.285 ####
Accuracy of the CNN_LSTM model on the test set: 78.849382 %
Accuracy of the LSTM_CNN model on the test set: 57.661832 %
Accuracy of the ParallelCNNLSTMModel model on the test set: 78.886315 %
#### TESTING TOTAL TIME: 3.676 ####
#### TIME #### TERMINO #### 11783.593 ####
#### FINITO #### TERMINO #### NO-VA-MAS ####
#### TIMES #### modelling TOTAL TOTAL ==>> 11783.593
#### #### READING DATA FILES #### ####
154 #### COMBI [reg, sid, ban, sec, men, med, sum, max, bet, mmm, hhh] METRICS ####
('Plantation', '/home/vargas/repos/forests-sounds-vargas/out/data/extraction/Plantation/2_00_PSA0010-2010_dict_y_split_7_2512283_1736694580.pkl')
(297840, 11) Index(['reg', 'sid', 'ban', 'sec', 'men', 'med', 'sum', 'max', 'bet', 'mmm',
       'hhh'],
      dtype='object') Index(['reg', 'sid', 'ban', 'sec', 'men', 'med', 'sum', 'max', 'bet', 'mmm',
       'hhh'],
      dtype='object')
#### MERGE 68 merge_data Dataframe shape: (297840, 11) #### time: 44
#### #### SPLIT TRAIN TEST #### ####
#### CLASSES: [0 1 2 3] TOTAL 4
#### SPLIT train_test_split and CUDA: ??? cuda:0 #### time: 35
#### MODELS - TOTAL 3 ####
#### EPOCHS 1 ####
#### TRAINING MODELS ####
#### TRAINING MODEL CNN_LSTM ####
#### TRAINED MODEL CNN_LSTM model training time: 6.648 total training time: 6.66 ####
#### TRAINING MODEL LSTM_CNN ####
#### TRAINED MODEL LSTM_CNN model training time: 7.75 total training time: 14.41 ####
#### TRAINING MODEL ParallelCNNLSTMModel ####
#### TRAINED MODEL ParallelCNNLSTMModel model training time: 7.813 total training time: 22.223 ####
#### TRAINING TOTAL TIME: 22.211 ####
Accuracy of the CNN_LSTM model on the test set: 78.63618 %
Accuracy of the LSTM_CNN model on the test set: 57.27404 %
Accuracy of the ParallelCNNLSTMModel model on the test set: 78.532098 %
#### TESTING TOTAL TIME: 3.525 ####
#### TIME #### TERMINO #### 11862.837 ####
#### FINITO #### TERMINO #### NO-VA-MAS ####
#### TIMES #### modelling TOTAL TOTAL ==>> 11862.837
#### #### READING DATA FILES #### ####
155 #### COMBI [reg, sid, ban, sec, men, med, sum, max, bet, mmm, aei] METRICS ####
('Plantation', '/home/vargas/repos/forests-sounds-vargas/out/data/extraction/Plantation/2_00_PSA0010-2010_dict_y_split_7_2512283_1736694580.pkl')
(297840, 11) Index(['reg', 'sid', 'ban', 'sec', 'men', 'med', 'sum', 'max', 'bet', 'mmm',
       'aei'],
      dtype='object') Index(['reg', 'sid', 'ban', 'sec', 'men', 'med', 'sum', 'max', 'bet', 'mmm',
       'aei'],
      dtype='object')
#### MERGE 68 merge_data Dataframe shape: (297840, 11) #### time: 40
#### #### SPLIT TRAIN TEST #### ####
#### CLASSES: [0 1 2 3] TOTAL 4
#### SPLIT train_test_split and CUDA: ??? cuda:0 #### time: 35
#### MODELS - TOTAL 3 ####
#### EPOCHS 1 ####
#### TRAINING MODELS ####
#### TRAINING MODEL CNN_LSTM ####
#### TRAINED MODEL CNN_LSTM model training time: 6.807 total training time: 6.819 ####
#### TRAINING MODEL LSTM_CNN ####
#### TRAINED MODEL LSTM_CNN model training time: 7.584 total training time: 14.403 ####
#### TRAINING MODEL ParallelCNNLSTMModel ####
#### TRAINED MODEL ParallelCNNLSTMModel model training time: 7.797 total training time: 22.2 ####
#### TRAINING TOTAL TIME: 22.188 ####
Accuracy of the CNN_LSTM model on the test set: 78.632823 %
Accuracy of the LSTM_CNN model on the test set: 57.540962 %
Accuracy of the ParallelCNNLSTMModel model on the test set: 78.97361 %
#### TESTING TOTAL TIME: 3.675 ####
#### TIME #### TERMINO #### 11938.591 ####
#### FINITO #### TERMINO #### NO-VA-MAS ####
#### TIMES #### modelling TOTAL TOTAL ==>> 11938.591
#### #### READING DATA FILES #### ####
156 #### COMBI [reg, sid, ban, sec, men, med, sum, max, bet, npp, hfq] METRICS ####
('Plantation', '/home/vargas/repos/forests-sounds-vargas/out/data/extraction/Plantation/2_00_PSA0010-2010_dict_y_split_7_2512283_1736694580.pkl')
(297840, 11) Index(['reg', 'sid', 'ban', 'sec', 'men', 'med', 'sum', 'max', 'bet', 'npp',
       'hfq'],
      dtype='object') Index(['reg', 'sid', 'ban', 'sec', 'men', 'med', 'sum', 'max', 'bet', 'npp',
       'hfq'],
      dtype='object')
#### MERGE 68 merge_data Dataframe shape: (297840, 11) #### time: 46
#### #### SPLIT TRAIN TEST #### ####
#### CLASSES: [0 1 2 3] TOTAL 4
#### SPLIT train_test_split and CUDA: ??? cuda:0 #### time: 35
#### MODELS - TOTAL 3 ####
#### EPOCHS 1 ####
#### TRAINING MODELS ####
#### TRAINING MODEL CNN_LSTM ####
#### TRAINED MODEL CNN_LSTM model training time: 6.64 total training time: 6.651 ####
#### TRAINING MODEL LSTM_CNN ####
#### TRAINED MODEL LSTM_CNN model training time: 7.751 total training time: 14.402 ####
#### TRAINING MODEL ParallelCNNLSTMModel ####
#### TRAINED MODEL ParallelCNNLSTMModel model training time: 7.78 total training time: 22.182 ####
#### TRAINING TOTAL TIME: 22.17 ####
Accuracy of the CNN_LSTM model on the test set: 89.131749 %
Accuracy of the LSTM_CNN model on the test set: 60.404915 %
Accuracy of the ParallelCNNLSTMModel model on the test set: 92.73939 %
#### TESTING TOTAL TIME: 3.531 ####
#### TIME #### TERMINO #### 12019.549 ####
#### FINITO #### TERMINO #### NO-VA-MAS ####
#### TIMES #### modelling TOTAL TOTAL ==>> 12019.549
#### #### READING DATA FILES #### ####
157 #### COMBI [reg, sid, ban, sec, men, med, sum, max, bet, npp, htp] METRICS ####
('Plantation', '/home/vargas/repos/forests-sounds-vargas/out/data/extraction/Plantation/2_00_PSA0010-2010_dict_y_split_7_2512283_1736694580.pkl')
(297840, 11) Index(['reg', 'sid', 'ban', 'sec', 'men', 'med', 'sum', 'max', 'bet', 'npp',
       'htp'],
      dtype='object') Index(['reg', 'sid', 'ban', 'sec', 'men', 'med', 'sum', 'max', 'bet', 'npp',
       'htp'],
      dtype='object')
#### MERGE 68 merge_data Dataframe shape: (297840, 11) #### time: 43
#### #### SPLIT TRAIN TEST #### ####
#### CLASSES: [0 1 2 3] TOTAL 4
#### SPLIT train_test_split and CUDA: ??? cuda:0 #### time: 35
#### MODELS - TOTAL 3 ####
#### EPOCHS 1 ####
#### TRAINING MODELS ####
#### TRAINING MODEL CNN_LSTM ####
#### TRAINED MODEL CNN_LSTM model training time: 6.82 total training time: 6.832 ####
#### TRAINING MODEL LSTM_CNN ####
#### TRAINED MODEL LSTM_CNN model training time: 7.576 total training time: 14.408 ####
#### TRAINING MODEL ParallelCNNLSTMModel ####
#### TRAINED MODEL ParallelCNNLSTMModel model training time: 7.801 total training time: 22.208 ####
#### TRAINING TOTAL TIME: 22.197 ####
Accuracy of the CNN_LSTM model on the test set: 89.673986 %
Accuracy of the LSTM_CNN model on the test set: 60.354553 %
Accuracy of the ParallelCNNLSTMModel model on the test set: 91.104284 %
#### TESTING TOTAL TIME: 3.547 ####
#### TIME #### TERMINO #### 12097.87 ####
#### FINITO #### TERMINO #### NO-VA-MAS ####
#### TIMES #### modelling TOTAL TOTAL ==>> 12097.87
#### #### READING DATA FILES #### ####
158 #### COMBI [reg, sid, ban, sec, men, med, sum, max, bet, npp, hhh] METRICS ####
('Plantation', '/home/vargas/repos/forests-sounds-vargas/out/data/extraction/Plantation/2_00_PSA0010-2010_dict_y_split_7_2512283_1736694580.pkl')
(297840, 11) Index(['reg', 'sid', 'ban', 'sec', 'men', 'med', 'sum', 'max', 'bet', 'npp',
       'hhh'],
      dtype='object') Index(['reg', 'sid', 'ban', 'sec', 'men', 'med', 'sum', 'max', 'bet', 'npp',
       'hhh'],
      dtype='object')
#### MERGE 68 merge_data Dataframe shape: (297840, 11) #### time: 41
#### #### SPLIT TRAIN TEST #### ####
#### CLASSES: [0 1 2 3] TOTAL 4
#### SPLIT train_test_split and CUDA: ??? cuda:0 #### time: 35
#### MODELS - TOTAL 3 ####
#### EPOCHS 1 ####
#### TRAINING MODELS ####
#### TRAINING MODEL CNN_LSTM ####
#### TRAINED MODEL CNN_LSTM model training time: 6.816 total training time: 6.827 ####
#### TRAINING MODEL LSTM_CNN ####
#### TRAINED MODEL LSTM_CNN model training time: 7.733 total training time: 14.56 ####
#### TRAINING MODEL ParallelCNNLSTMModel ####
#### TRAINED MODEL ParallelCNNLSTMModel model training time: 7.662 total training time: 22.221 ####
#### TRAINING TOTAL TIME: 22.21 ####
Accuracy of the CNN_LSTM model on the test set: 88.822858 %
Accuracy of the LSTM_CNN model on the test set: 68.338705 %
Accuracy of the ParallelCNNLSTMModel model on the test set: 91.995702 %
#### TESTING TOTAL TIME: 3.676 ####
#### TIME #### TERMINO #### 12175.196 ####
#### FINITO #### TERMINO #### NO-VA-MAS ####
#### TIMES #### modelling TOTAL TOTAL ==>> 12175.196
#### #### READING DATA FILES #### ####
159 #### COMBI [reg, sid, ban, sec, men, med, sum, max, bet, npp, aei] METRICS ####
('Plantation', '/home/vargas/repos/forests-sounds-vargas/out/data/extraction/Plantation/2_00_PSA0010-2010_dict_y_split_7_2512283_1736694580.pkl')
(297840, 11) Index(['reg', 'sid', 'ban', 'sec', 'men', 'med', 'sum', 'max', 'bet', 'npp',
       'aei'],
      dtype='object') Index(['reg', 'sid', 'ban', 'sec', 'men', 'med', 'sum', 'max', 'bet', 'npp',
       'aei'],
      dtype='object')
#### MERGE 68 merge_data Dataframe shape: (297840, 11) #### time: 40
#### #### SPLIT TRAIN TEST #### ####
#### CLASSES: [0 1 2 3] TOTAL 4
#### SPLIT train_test_split and CUDA: ??? cuda:0 #### time: 35
#### MODELS - TOTAL 3 ####
#### EPOCHS 1 ####
#### TRAINING MODELS ####
#### TRAINING MODEL CNN_LSTM ####
#### TRAINED MODEL CNN_LSTM model training time: 6.799 total training time: 6.81 ####
#### TRAINING MODEL LSTM_CNN ####
#### TRAINED MODEL LSTM_CNN model training time: 7.58 total training time: 14.39 ####
#### TRAINING MODEL ParallelCNNLSTMModel ####
#### TRAINED MODEL ParallelCNNLSTMModel model training time: 7.807 total training time: 22.197 ####
#### TRAINING TOTAL TIME: 22.186 ####
Accuracy of the CNN_LSTM model on the test set: 88.208434 %
Accuracy of the LSTM_CNN model on the test set: 63.809428 %
Accuracy of the ParallelCNNLSTMModel model on the test set: 92.789753 %
#### TESTING TOTAL TIME: 3.529 ####
#### TIME #### TERMINO #### 12251.05 ####
#### FINITO #### TERMINO #### NO-VA-MAS ####
#### TIMES #### modelling TOTAL TOTAL ==>> 12251.05
#### #### READING DATA FILES #### ####
160 #### COMBI [reg, sid, ban, sec, men, med, sum, max, bet, hfq, htp] METRICS ####
('Plantation', '/home/vargas/repos/forests-sounds-vargas/out/data/extraction/Plantation/2_00_PSA0010-2010_dict_y_split_7_2512283_1736694580.pkl')
(297840, 11) Index(['reg', 'sid', 'ban', 'sec', 'men', 'med', 'sum', 'max', 'bet', 'hfq',
       'htp'],
      dtype='object') Index(['reg', 'sid', 'ban', 'sec', 'men', 'med', 'sum', 'max', 'bet', 'hfq',
       'htp'],
      dtype='object')
#### MERGE 68 merge_data Dataframe shape: (297840, 11) #### time: 41
#### #### SPLIT TRAIN TEST #### ####
#### CLASSES: [0 1 2 3] TOTAL 4
#### SPLIT train_test_split and CUDA: ??? cuda:0 #### time: 35
#### MODELS - TOTAL 3 ####
#### EPOCHS 1 ####
#### TRAINING MODELS ####
#### TRAINING MODEL CNN_LSTM ####
#### TRAINED MODEL CNN_LSTM model training time: 6.81 total training time: 6.822 ####
#### TRAINING MODEL LSTM_CNN ####
#### TRAINED MODEL LSTM_CNN model training time: 7.732 total training time: 14.554 ####
#### TRAINING MODEL ParallelCNNLSTMModel ####
#### TRAINED MODEL ParallelCNNLSTMModel model training time: 7.652 total training time: 22.206 ####
#### TRAINING TOTAL TIME: 22.194 ####
Accuracy of the CNN_LSTM model on the test set: 79.411765 %
Accuracy of the LSTM_CNN model on the test set: 56.485026 %
Accuracy of the ParallelCNNLSTMModel model on the test set: 77.459374 %
#### TESTING TOTAL TIME: 3.668 ####
#### TIME #### TERMINO #### 12327.961 ####
#### FINITO #### TERMINO #### NO-VA-MAS ####
#### TIMES #### modelling TOTAL TOTAL ==>> 12327.961
#### #### READING DATA FILES #### ####
161 #### COMBI [reg, sid, ban, sec, men, med, sum, max, bet, hfq, hhh] METRICS ####
('Plantation', '/home/vargas/repos/forests-sounds-vargas/out/data/extraction/Plantation/2_00_PSA0010-2010_dict_y_split_7_2512283_1736694580.pkl')
(297840, 11) Index(['reg', 'sid', 'ban', 'sec', 'men', 'med', 'sum', 'max', 'bet', 'hfq',
       'hhh'],
      dtype='object') Index(['reg', 'sid', 'ban', 'sec', 'men', 'med', 'sum', 'max', 'bet', 'hfq',
       'hhh'],
      dtype='object')
#### MERGE 68 merge_data Dataframe shape: (297840, 11) #### time: 41
#### #### SPLIT TRAIN TEST #### ####
#### CLASSES: [0 1 2 3] TOTAL 4
#### SPLIT train_test_split and CUDA: ??? cuda:0 #### time: 35
#### MODELS - TOTAL 3 ####
#### EPOCHS 1 ####
#### TRAINING MODELS ####
#### TRAINING MODEL CNN_LSTM ####
#### TRAINED MODEL CNN_LSTM model training time: 6.641 total training time: 6.653 ####
#### TRAINING MODEL LSTM_CNN ####
#### TRAINED MODEL LSTM_CNN model training time: 7.745 total training time: 14.398 ####
#### TRAINING MODEL ParallelCNNLSTMModel ####
#### TRAINED MODEL ParallelCNNLSTMModel model training time: 7.798 total training time: 22.196 ####
#### TRAINING TOTAL TIME: 22.185 ####
Accuracy of the CNN_LSTM model on the test set: 79.008864 %
Accuracy of the LSTM_CNN model on the test set: 57.336154 %
Accuracy of the ParallelCNNLSTMModel model on the test set: 78.285321 %
#### TESTING TOTAL TIME: 3.527 ####
#### TIME #### TERMINO #### 12404.928 ####
#### FINITO #### TERMINO #### NO-VA-MAS ####
#### TIMES #### modelling TOTAL TOTAL ==>> 12404.928
#### #### READING DATA FILES #### ####
162 #### COMBI [reg, sid, ban, sec, men, med, sum, max, bet, hfq, aei] METRICS ####
('Plantation', '/home/vargas/repos/forests-sounds-vargas/out/data/extraction/Plantation/2_00_PSA0010-2010_dict_y_split_7_2512283_1736694580.pkl')
(297840, 11) Index(['reg', 'sid', 'ban', 'sec', 'men', 'med', 'sum', 'max', 'bet', 'hfq',
       'aei'],
      dtype='object') Index(['reg', 'sid', 'ban', 'sec', 'men', 'med', 'sum', 'max', 'bet', 'hfq',
       'aei'],
      dtype='object')
#### MERGE 68 merge_data Dataframe shape: (297840, 11) #### time: 40
#### #### SPLIT TRAIN TEST #### ####
#### CLASSES: [0 1 2 3] TOTAL 4
#### SPLIT train_test_split and CUDA: ??? cuda:0 #### time: 35
#### MODELS - TOTAL 3 ####
#### EPOCHS 1 ####
#### TRAINING MODELS ####
#### TRAINING MODEL CNN_LSTM ####
#### TRAINED MODEL CNN_LSTM model training time: 6.836 total training time: 6.847 ####
#### TRAINING MODEL LSTM_CNN ####
#### TRAINED MODEL LSTM_CNN model training time: 7.756 total training time: 14.603 ####
#### TRAINING MODEL ParallelCNNLSTMModel ####
#### TRAINED MODEL ParallelCNNLSTMModel model training time: 7.666 total training time: 22.27 ####
#### TRAINING TOTAL TIME: 22.259 ####
Accuracy of the CNN_LSTM model on the test set: 78.505238 %
Accuracy of the LSTM_CNN model on the test set: 57.404983 %
Accuracy of the ParallelCNNLSTMModel model on the test set: 79.091123 %
#### TESTING TOTAL TIME: 3.674 ####
#### TIME #### TERMINO #### 12480.535 ####
#### FINITO #### TERMINO #### NO-VA-MAS ####
#### TIMES #### modelling TOTAL TOTAL ==>> 12480.535
#### #### READING DATA FILES #### ####
163 #### COMBI [reg, sid, ban, sec, men, med, sum, max, bet, htp, hhh] METRICS ####
('Plantation', '/home/vargas/repos/forests-sounds-vargas/out/data/extraction/Plantation/2_00_PSA0010-2010_dict_y_split_7_2512283_1736694580.pkl')
(297840, 11) Index(['reg', 'sid', 'ban', 'sec', 'men', 'med', 'sum', 'max', 'bet', 'htp',
       'hhh'],
      dtype='object') Index(['reg', 'sid', 'ban', 'sec', 'men', 'med', 'sum', 'max', 'bet', 'htp',
       'hhh'],
      dtype='object')
#### MERGE 68 merge_data Dataframe shape: (297840, 11) #### time: 45
#### #### SPLIT TRAIN TEST #### ####
#### CLASSES: [0 1 2 3] TOTAL 4
#### SPLIT train_test_split and CUDA: ??? cuda:0 #### time: 35
#### MODELS - TOTAL 3 ####
#### EPOCHS 1 ####
#### TRAINING MODELS ####
#### TRAINING MODEL CNN_LSTM ####
#### TRAINED MODEL CNN_LSTM model training time: 6.653 total training time: 6.665 ####
#### TRAINING MODEL LSTM_CNN ####
#### TRAINED MODEL LSTM_CNN model training time: 7.763 total training time: 14.428 ####
#### TRAINING MODEL ParallelCNNLSTMModel ####
#### TRAINED MODEL ParallelCNNLSTMModel model training time: 7.814 total training time: 22.242 ####
#### TRAINING TOTAL TIME: 22.231 ####
Accuracy of the CNN_LSTM model on the test set: 75.809159 %
Accuracy of the LSTM_CNN model on the test set: 57.28747 %
Accuracy of the ParallelCNNLSTMModel model on the test set: 75.035254 %
#### TESTING TOTAL TIME: 3.529 ####
#### TIME #### TERMINO #### 12560.597 ####
#### FINITO #### TERMINO #### NO-VA-MAS ####
#### TIMES #### modelling TOTAL TOTAL ==>> 12560.597
#### #### READING DATA FILES #### ####
164 #### COMBI [reg, sid, ban, sec, men, med, sum, max, bet, htp, aei] METRICS ####
('Plantation', '/home/vargas/repos/forests-sounds-vargas/out/data/extraction/Plantation/2_00_PSA0010-2010_dict_y_split_7_2512283_1736694580.pkl')
(297840, 11) Index(['reg', 'sid', 'ban', 'sec', 'men', 'med', 'sum', 'max', 'bet', 'htp',
       'aei'],
      dtype='object') Index(['reg', 'sid', 'ban', 'sec', 'men', 'med', 'sum', 'max', 'bet', 'htp',
       'aei'],
      dtype='object')
#### MERGE 68 merge_data Dataframe shape: (297840, 11) #### time: 43
#### #### SPLIT TRAIN TEST #### ####
#### CLASSES: [0 1 2 3] TOTAL 4
#### SPLIT train_test_split and CUDA: ??? cuda:0 #### time: 35
#### MODELS - TOTAL 3 ####
#### EPOCHS 1 ####
#### TRAINING MODELS ####
#### TRAINING MODEL CNN_LSTM ####
#### TRAINED MODEL CNN_LSTM model training time: 6.817 total training time: 6.829 ####
#### TRAINING MODEL LSTM_CNN ####
#### TRAINED MODEL LSTM_CNN model training time: 7.504 total training time: 14.333 ####
#### TRAINING MODEL ParallelCNNLSTMModel ####
#### TRAINED MODEL ParallelCNNLSTMModel model training time: 7.685 total training time: 22.018 ####
#### TRAINING TOTAL TIME: 22.007 ####
Accuracy of the CNN_LSTM model on the test set: 76.196951 %
Accuracy of the LSTM_CNN model on the test set: 57.153169 %
Accuracy of the ParallelCNNLSTMModel model on the test set: 78.978646 %
#### TESTING TOTAL TIME: 3.686 ####
#### TIME #### TERMINO #### 12638.948 ####
#### FINITO #### TERMINO #### NO-VA-MAS ####
#### TIMES #### modelling TOTAL TOTAL ==>> 12638.948
#### #### READING DATA FILES #### ####
165 #### COMBI [reg, sid, ban, sec, men, med, sum, max, bet, hhh, aei] METRICS ####
('Plantation', '/home/vargas/repos/forests-sounds-vargas/out/data/extraction/Plantation/2_00_PSA0010-2010_dict_y_split_7_2512283_1736694580.pkl')
(297840, 11) Index(['reg', 'sid', 'ban', 'sec', 'men', 'med', 'sum', 'max', 'bet', 'hhh',
       'aei'],
      dtype='object') Index(['reg', 'sid', 'ban', 'sec', 'men', 'med', 'sum', 'max', 'bet', 'hhh',
       'aei'],
      dtype='object')
#### MERGE 68 merge_data Dataframe shape: (297840, 11) #### time: 41
#### #### SPLIT TRAIN TEST #### ####
#### CLASSES: [0 1 2 3] TOTAL 4
#### SPLIT train_test_split and CUDA: ??? cuda:0 #### time: 35
#### MODELS - TOTAL 3 ####
#### EPOCHS 1 ####
#### TRAINING MODELS ####
#### TRAINING MODEL CNN_LSTM ####
#### TRAINED MODEL CNN_LSTM model training time: 6.576 total training time: 6.588 ####
#### TRAINING MODEL LSTM_CNN ####
#### TRAINED MODEL LSTM_CNN model training time: 7.749 total training time: 14.337 ####
#### TRAINING MODEL ParallelCNNLSTMModel ####
#### TRAINED MODEL ParallelCNNLSTMModel model training time: 7.666 total training time: 22.003 ####
#### TRAINING TOTAL TIME: 21.992 ####
Accuracy of the CNN_LSTM model on the test set: 76.774443 %
Accuracy of the LSTM_CNN model on the test set: 57.094413 %
Accuracy of the ParallelCNNLSTMModel model on the test set: 78.950107 %
#### TESTING TOTAL TIME: 3.683 ####
#### TIME #### TERMINO #### 12715.604 ####
#### FINITO #### TERMINO #### NO-VA-MAS ####
#### TIMES #### modelling TOTAL TOTAL ==>> 12715.604
#### #### READING DATA FILES #### ####
166 #### COMBI [reg, sid, ban, sec, men, med, sum, max, mmm, npp, hfq] METRICS ####
('Plantation', '/home/vargas/repos/forests-sounds-vargas/out/data/extraction/Plantation/2_00_PSA0010-2010_dict_y_split_7_2512283_1736694580.pkl')
(297840, 11) Index(['reg', 'sid', 'ban', 'sec', 'men', 'med', 'sum', 'max', 'mmm', 'npp',
       'hfq'],
      dtype='object') Index(['reg', 'sid', 'ban', 'sec', 'men', 'med', 'sum', 'max', 'mmm', 'npp',
       'hfq'],
      dtype='object')
#### MERGE 68 merge_data Dataframe shape: (297840, 11) #### time: 44
#### #### SPLIT TRAIN TEST #### ####
#### CLASSES: [0 1 2 3] TOTAL 4
#### SPLIT train_test_split and CUDA: ??? cuda:0 #### time: 35
#### MODELS - TOTAL 3 ####
#### EPOCHS 1 ####
#### TRAINING MODELS ####
#### TRAINING MODEL CNN_LSTM ####
#### TRAINED MODEL CNN_LSTM model training time: 6.754 total training time: 6.766 ####
#### TRAINING MODEL LSTM_CNN ####
#### TRAINED MODEL LSTM_CNN model training time: 7.537 total training time: 14.302 ####
#### TRAINING MODEL ParallelCNNLSTMModel ####
#### TRAINED MODEL ParallelCNNLSTMModel model training time: 7.755 total training time: 22.057 ####
#### TRAINING TOTAL TIME: 22.046 ####
Accuracy of the CNN_LSTM model on the test set: 91.40646 %
Accuracy of the LSTM_CNN model on the test set: 85.220252 %
Accuracy of the ParallelCNNLSTMModel model on the test set: 91.386315 %
#### TESTING TOTAL TIME: 3.511 ####
#### TIME #### TERMINO #### 12794.997 ####
#### FINITO #### TERMINO #### NO-VA-MAS ####
#### TIMES #### modelling TOTAL TOTAL ==>> 12794.997
#### #### READING DATA FILES #### ####
167 #### COMBI [reg, sid, ban, sec, men, med, sum, max, mmm, npp, htp] METRICS ####
('Plantation', '/home/vargas/repos/forests-sounds-vargas/out/data/extraction/Plantation/2_00_PSA0010-2010_dict_y_split_7_2512283_1736694580.pkl')
(297840, 11) Index(['reg', 'sid', 'ban', 'sec', 'men', 'med', 'sum', 'max', 'mmm', 'npp',
       'htp'],
      dtype='object') Index(['reg', 'sid', 'ban', 'sec', 'men', 'med', 'sum', 'max', 'mmm', 'npp',
       'htp'],
      dtype='object')
#### MERGE 68 merge_data Dataframe shape: (297840, 11) #### time: 55
#### #### SPLIT TRAIN TEST #### ####
#### CLASSES: [0 1 2 3] TOTAL 4
#### SPLIT train_test_split and CUDA: ??? cuda:0 #### time: 35
#### MODELS - TOTAL 3 ####
#### EPOCHS 1 ####
#### TRAINING MODELS ####
#### TRAINING MODEL CNN_LSTM ####
#### TRAINED MODEL CNN_LSTM model training time: 6.763 total training time: 6.774 ####
#### TRAINING MODEL LSTM_CNN ####
#### TRAINED MODEL LSTM_CNN model training time: 7.681 total training time: 14.456 ####
#### TRAINING MODEL ParallelCNNLSTMModel ####
#### TRAINED MODEL ParallelCNNLSTMModel model training time: 7.623 total training time: 22.078 ####
#### TRAINING TOTAL TIME: 22.067 ####
Accuracy of the CNN_LSTM model on the test set: 85.477102 %
Accuracy of the LSTM_CNN model on the test set: 88.305802 %
Accuracy of the ParallelCNNLSTMModel model on the test set: 87.741741 %
#### TESTING TOTAL TIME: 3.649 ####
#### TIME #### TERMINO #### 12885.417 ####
#### FINITO #### TERMINO #### NO-VA-MAS ####
#### TIMES #### modelling TOTAL TOTAL ==>> 12885.417
#### #### READING DATA FILES #### ####
168 #### COMBI [reg, sid, ban, sec, men, med, sum, max, mmm, npp, hhh] METRICS ####
('Plantation', '/home/vargas/repos/forests-sounds-vargas/out/data/extraction/Plantation/2_00_PSA0010-2010_dict_y_split_7_2512283_1736694580.pkl')
(297840, 11) Index(['reg', 'sid', 'ban', 'sec', 'men', 'med', 'sum', 'max', 'mmm', 'npp',
       'hhh'],
      dtype='object') Index(['reg', 'sid', 'ban', 'sec', 'men', 'med', 'sum', 'max', 'mmm', 'npp',
       'hhh'],
      dtype='object')
#### MERGE 68 merge_data Dataframe shape: (297840, 11) #### time: 52
#### #### SPLIT TRAIN TEST #### ####
#### CLASSES: [0 1 2 3] TOTAL 4
#### SPLIT train_test_split and CUDA: ??? cuda:0 #### time: 35
#### MODELS - TOTAL 3 ####
#### EPOCHS 1 ####
#### TRAINING MODELS ####
#### TRAINING MODEL CNN_LSTM ####
#### TRAINED MODEL CNN_LSTM model training time: 6.64 total training time: 6.652 ####
#### TRAINING MODEL LSTM_CNN ####
#### TRAINED MODEL LSTM_CNN model training time: 7.737 total training time: 14.388 ####
#### TRAINING MODEL ParallelCNNLSTMModel ####
#### TRAINED MODEL ParallelCNNLSTMModel model training time: 7.814 total training time: 22.203 ####
#### TRAINING TOTAL TIME: 22.191 ####
Accuracy of the CNN_LSTM model on the test set: 91.230191 %
Accuracy of the LSTM_CNN model on the test set: 75.352538 %
Accuracy of the ParallelCNNLSTMModel model on the test set: 91.502149 %
#### TESTING TOTAL TIME: 3.527 ####
#### TIME #### TERMINO #### 12973.029 ####
#### FINITO #### TERMINO #### NO-VA-MAS ####
#### TIMES #### modelling TOTAL TOTAL ==>> 12973.029
#### #### READING DATA FILES #### ####
169 #### COMBI [reg, sid, ban, sec, men, med, sum, max, mmm, npp, aei] METRICS ####
('Plantation', '/home/vargas/repos/forests-sounds-vargas/out/data/extraction/Plantation/2_00_PSA0010-2010_dict_y_split_7_2512283_1736694580.pkl')
(297840, 11) Index(['reg', 'sid', 'ban', 'sec', 'men', 'med', 'sum', 'max', 'mmm', 'npp',
       'aei'],
      dtype='object') Index(['reg', 'sid', 'ban', 'sec', 'men', 'med', 'sum', 'max', 'mmm', 'npp',
       'aei'],
      dtype='object')
#### MERGE 68 merge_data Dataframe shape: (297840, 11) #### time: 53
#### #### SPLIT TRAIN TEST #### ####
#### CLASSES: [0 1 2 3] TOTAL 4
#### SPLIT train_test_split and CUDA: ??? cuda:0 #### time: 35
#### MODELS - TOTAL 3 ####
#### EPOCHS 1 ####
#### TRAINING MODELS ####
#### TRAINING MODEL CNN_LSTM ####
#### TRAINED MODEL CNN_LSTM model training time: 6.803 total training time: 6.814 ####
#### TRAINING MODEL LSTM_CNN ####
#### TRAINED MODEL LSTM_CNN model training time: 7.724 total training time: 14.538 ####
#### TRAINING MODEL ParallelCNNLSTMModel ####
#### TRAINED MODEL ParallelCNNLSTMModel model training time: 7.67 total training time: 22.208 ####
#### TRAINING TOTAL TIME: 22.197 ####
Accuracy of the CNN_LSTM model on the test set: 87.990196 %
Accuracy of the LSTM_CNN model on the test set: 63.183253 %
Accuracy of the ParallelCNNLSTMModel model on the test set: 90.835684 %
#### TESTING TOTAL TIME: 3.671 ####
#### TIME #### TERMINO #### 13062.319 ####
#### FINITO #### TERMINO #### NO-VA-MAS ####
#### TIMES #### modelling TOTAL TOTAL ==>> 13062.319
#### #### READING DATA FILES #### ####
170 #### COMBI [reg, sid, ban, sec, men, med, sum, max, mmm, hfq, htp] METRICS ####
('Plantation', '/home/vargas/repos/forests-sounds-vargas/out/data/extraction/Plantation/2_00_PSA0010-2010_dict_y_split_7_2512283_1736694580.pkl')
(297840, 11) Index(['reg', 'sid', 'ban', 'sec', 'men', 'med', 'sum', 'max', 'mmm', 'hfq',
       'htp'],
      dtype='object') Index(['reg', 'sid', 'ban', 'sec', 'men', 'med', 'sum', 'max', 'mmm', 'hfq',
       'htp'],
      dtype='object')
#### MERGE 68 merge_data Dataframe shape: (297840, 11) #### time: 42
#### #### SPLIT TRAIN TEST #### ####
#### CLASSES: [0 1 2 3] TOTAL 4
#### SPLIT train_test_split and CUDA: ??? cuda:0 #### time: 34
#### MODELS - TOTAL 3 ####
#### EPOCHS 1 ####
#### TRAINING MODELS ####
#### TRAINING MODEL CNN_LSTM ####
#### TRAINED MODEL CNN_LSTM model training time: 6.636 total training time: 6.648 ####
#### TRAINING MODEL LSTM_CNN ####
#### TRAINED MODEL LSTM_CNN model training time: 7.709 total training time: 14.357 ####
#### TRAINING MODEL ParallelCNNLSTMModel ####
#### TRAINED MODEL ParallelCNNLSTMModel model training time: 7.752 total training time: 22.109 ####
#### TRAINING TOTAL TIME: 22.098 ####
Accuracy of the CNN_LSTM model on the test set: 67.68567 %
Accuracy of the LSTM_CNN model on the test set: 57.363014 %
Accuracy of the ParallelCNNLSTMModel model on the test set: 69.050497 %
#### TESTING TOTAL TIME: 3.515 ####
#### TIME #### TERMINO #### 13139.939 ####
#### FINITO #### TERMINO #### NO-VA-MAS ####
#### TIMES #### modelling TOTAL TOTAL ==>> 13139.939
#### #### READING DATA FILES #### ####
171 #### COMBI [reg, sid, ban, sec, men, med, sum, max, mmm, hfq, hhh] METRICS ####
('Plantation', '/home/vargas/repos/forests-sounds-vargas/out/data/extraction/Plantation/2_00_PSA0010-2010_dict_y_split_7_2512283_1736694580.pkl')
(297840, 11) Index(['reg', 'sid', 'ban', 'sec', 'men', 'med', 'sum', 'max', 'mmm', 'hfq',
       'hhh'],
      dtype='object') Index(['reg', 'sid', 'ban', 'sec', 'men', 'med', 'sum', 'max', 'mmm', 'hfq',
       'hhh'],
      dtype='object')
#### MERGE 68 merge_data Dataframe shape: (297840, 11) #### time: 41
#### #### SPLIT TRAIN TEST #### ####
#### CLASSES: [0 1 2 3] TOTAL 4
#### SPLIT train_test_split and CUDA: ??? cuda:0 #### time: 35
#### MODELS - TOTAL 3 ####
#### EPOCHS 1 ####
#### TRAINING MODELS ####
#### TRAINING MODEL CNN_LSTM ####
#### TRAINED MODEL CNN_LSTM model training time: 6.77 total training time: 6.781 ####
#### TRAINING MODEL LSTM_CNN ####
#### TRAINED MODEL LSTM_CNN model training time: 7.551 total training time: 14.332 ####
#### TRAINING MODEL ParallelCNNLSTMModel ####
#### TRAINED MODEL ParallelCNNLSTMModel model training time: 7.787 total training time: 22.119 ####
#### TRAINING TOTAL TIME: 22.108 ####
Accuracy of the CNN_LSTM model on the test set: 68.165794 %
Accuracy of the LSTM_CNN model on the test set: 57.440236 %
Accuracy of the ParallelCNNLSTMModel model on the test set: 69.065606 %
#### TESTING TOTAL TIME: 3.669 ####
#### TIME #### TERMINO #### 13216.575 ####
#### FINITO #### TERMINO #### NO-VA-MAS ####
#### TIMES #### modelling TOTAL TOTAL ==>> 13216.575
#### #### READING DATA FILES #### ####
172 #### COMBI [reg, sid, ban, sec, men, med, sum, max, mmm, hfq, aei] METRICS ####
('Plantation', '/home/vargas/repos/forests-sounds-vargas/out/data/extraction/Plantation/2_00_PSA0010-2010_dict_y_split_7_2512283_1736694580.pkl')
(297840, 11) Index(['reg', 'sid', 'ban', 'sec', 'men', 'med', 'sum', 'max', 'mmm', 'hfq',
       'aei'],
      dtype='object') Index(['reg', 'sid', 'ban', 'sec', 'men', 'med', 'sum', 'max', 'mmm', 'hfq',
       'aei'],
      dtype='object')
#### MERGE 68 merge_data Dataframe shape: (297840, 11) #### time: 39
#### #### SPLIT TRAIN TEST #### ####
#### CLASSES: [0 1 2 3] TOTAL 4
#### SPLIT train_test_split and CUDA: ??? cuda:0 #### time: 34
#### MODELS - TOTAL 3 ####
#### EPOCHS 1 ####
#### TRAINING MODELS ####
#### TRAINING MODEL CNN_LSTM ####
#### TRAINED MODEL CNN_LSTM model training time: 6.654 total training time: 6.665 ####
#### TRAINING MODEL LSTM_CNN ####
#### TRAINED MODEL LSTM_CNN model training time: 7.752 total training time: 14.417 ####
#### TRAINING MODEL ParallelCNNLSTMModel ####
#### TRAINED MODEL ParallelCNNLSTMModel model training time: 7.797 total training time: 22.214 ####
#### TRAINING TOTAL TIME: 22.203 ####
Accuracy of the CNN_LSTM model on the test set: 68.073462 %
Accuracy of the LSTM_CNN model on the test set: 56.961792 %
Accuracy of the ParallelCNNLSTMModel model on the test set: 68.713067 %
#### TESTING TOTAL TIME: 3.53 ####
#### TIME #### TERMINO #### 13291.131 ####
#### FINITO #### TERMINO #### NO-VA-MAS ####
#### TIMES #### modelling TOTAL TOTAL ==>> 13291.131
#### #### READING DATA FILES #### ####
173 #### COMBI [reg, sid, ban, sec, men, med, sum, max, mmm, htp, hhh] METRICS ####
('Plantation', '/home/vargas/repos/forests-sounds-vargas/out/data/extraction/Plantation/2_00_PSA0010-2010_dict_y_split_7_2512283_1736694580.pkl')
(297840, 11) Index(['reg', 'sid', 'ban', 'sec', 'men', 'med', 'sum', 'max', 'mmm', 'htp',
       'hhh'],
      dtype='object') Index(['reg', 'sid', 'ban', 'sec', 'men', 'med', 'sum', 'max', 'mmm', 'htp',
       'hhh'],
      dtype='object')
#### MERGE 68 merge_data Dataframe shape: (297840, 11) #### time: 40
#### #### SPLIT TRAIN TEST #### ####
#### CLASSES: [0 1 2 3] TOTAL 4
#### SPLIT train_test_split and CUDA: ??? cuda:0 #### time: 35
#### MODELS - TOTAL 3 ####
#### EPOCHS 1 ####
#### TRAINING MODELS ####
#### TRAINING MODEL CNN_LSTM ####
#### TRAINED MODEL CNN_LSTM model training time: 6.791 total training time: 6.802 ####
#### TRAINING MODEL LSTM_CNN ####
#### TRAINED MODEL LSTM_CNN model training time: 7.557 total training time: 14.359 ####
#### TRAINING MODEL ParallelCNNLSTMModel ####
#### TRAINED MODEL ParallelCNNLSTMModel model training time: 7.83 total training time: 22.188 ####
#### TRAINING TOTAL TIME: 22.177 ####
Accuracy of the CNN_LSTM model on the test set: 69.006849 %
Accuracy of the LSTM_CNN model on the test set: 57.59636 %
Accuracy of the ParallelCNNLSTMModel model on the test set: 68.138934 %
#### TESTING TOTAL TIME: 3.532 ####
#### TIME #### TERMINO #### 13367.025 ####
#### FINITO #### TERMINO #### NO-VA-MAS ####
#### TIMES #### modelling TOTAL TOTAL ==>> 13367.025
#### #### READING DATA FILES #### ####
174 #### COMBI [reg, sid, ban, sec, men, med, sum, max, mmm, htp, aei] METRICS ####
('Plantation', '/home/vargas/repos/forests-sounds-vargas/out/data/extraction/Plantation/2_00_PSA0010-2010_dict_y_split_7_2512283_1736694580.pkl')
(297840, 11) Index(['reg', 'sid', 'ban', 'sec', 'men', 'med', 'sum', 'max', 'mmm', 'htp',
       'aei'],
      dtype='object') Index(['reg', 'sid', 'ban', 'sec', 'men', 'med', 'sum', 'max', 'mmm', 'htp',
       'aei'],
      dtype='object')
#### MERGE 68 merge_data Dataframe shape: (297840, 11) #### time: 47
#### #### SPLIT TRAIN TEST #### ####
#### CLASSES: [0 1 2 3] TOTAL 4
#### SPLIT train_test_split and CUDA: ??? cuda:0 #### time: 34
#### MODELS - TOTAL 3 ####
#### EPOCHS 1 ####
#### TRAINING MODELS ####
#### TRAINING MODEL CNN_LSTM ####
#### TRAINED MODEL CNN_LSTM model training time: 6.803 total training time: 6.814 ####
#### TRAINING MODEL LSTM_CNN ####
#### TRAINED MODEL LSTM_CNN model training time: 7.722 total training time: 14.536 ####
#### TRAINING MODEL ParallelCNNLSTMModel ####
#### TRAINED MODEL ParallelCNNLSTMModel model training time: 7.65 total training time: 22.186 ####
#### TRAINING TOTAL TIME: 22.175 ####
Accuracy of the CNN_LSTM model on the test set: 68.880943 %
Accuracy of the LSTM_CNN model on the test set: 57.149812 %
Accuracy of the ParallelCNNLSTMModel model on the test set: 69.2083 %
#### TESTING TOTAL TIME: 3.691 ####
#### TIME #### TERMINO #### 13449.323 ####
#### FINITO #### TERMINO #### NO-VA-MAS ####
#### TIMES #### modelling TOTAL TOTAL ==>> 13449.323
#### #### READING DATA FILES #### ####
175 #### COMBI [reg, sid, ban, sec, men, med, sum, max, mmm, hhh, aei] METRICS ####
('Plantation', '/home/vargas/repos/forests-sounds-vargas/out/data/extraction/Plantation/2_00_PSA0010-2010_dict_y_split_7_2512283_1736694580.pkl')
(297840, 11) Index(['reg', 'sid', 'ban', 'sec', 'men', 'med', 'sum', 'max', 'mmm', 'hhh',
       'aei'],
      dtype='object') Index(['reg', 'sid', 'ban', 'sec', 'men', 'med', 'sum', 'max', 'mmm', 'hhh',
       'aei'],
      dtype='object')
#### MERGE 68 merge_data Dataframe shape: (297840, 11) #### time: 42
#### #### SPLIT TRAIN TEST #### ####
#### CLASSES: [0 1 2 3] TOTAL 4
#### SPLIT train_test_split and CUDA: ??? cuda:0 #### time: 34
#### MODELS - TOTAL 3 ####
#### EPOCHS 1 ####
#### TRAINING MODELS ####
#### TRAINING MODEL CNN_LSTM ####
#### TRAINED MODEL CNN_LSTM model training time: 6.801 total training time: 6.813 ####
#### TRAINING MODEL LSTM_CNN ####
#### TRAINED MODEL LSTM_CNN model training time: 7.58 total training time: 14.393 ####
#### TRAINING MODEL ParallelCNNLSTMModel ####
#### TRAINED MODEL ParallelCNNLSTMModel model training time: 7.839 total training time: 22.232 ####
#### TRAINING TOTAL TIME: 22.221 ####
Accuracy of the CNN_LSTM model on the test set: 68.608985 %
Accuracy of the LSTM_CNN model on the test set: 57.537604 %
Accuracy of the ParallelCNNLSTMModel model on the test set: 68.347099 %
#### TESTING TOTAL TIME: 3.537 ####
#### TIME #### TERMINO #### 13526.432 ####
#### FINITO #### TERMINO #### NO-VA-MAS ####
#### TIMES #### modelling TOTAL TOTAL ==>> 13526.432
#### #### READING DATA FILES #### ####
176 #### COMBI [reg, sid, ban, sec, men, med, sum, max, npp, hfq, htp] METRICS ####
('Plantation', '/home/vargas/repos/forests-sounds-vargas/out/data/extraction/Plantation/2_00_PSA0010-2010_dict_y_split_7_2512283_1736694580.pkl')
(297840, 11) Index(['reg', 'sid', 'ban', 'sec', 'men', 'med', 'sum', 'max', 'npp', 'hfq',
       'htp'],
      dtype='object') Index(['reg', 'sid', 'ban', 'sec', 'men', 'med', 'sum', 'max', 'npp', 'hfq',
       'htp'],
      dtype='object')
#### MERGE 68 merge_data Dataframe shape: (297840, 11) #### time: 40
#### #### SPLIT TRAIN TEST #### ####
#### CLASSES: [0 1 2 3] TOTAL 4
#### SPLIT train_test_split and CUDA: ??? cuda:0 #### time: 35
#### MODELS - TOTAL 3 ####
#### EPOCHS 1 ####
#### TRAINING MODELS ####
#### TRAINING MODEL CNN_LSTM ####
#### TRAINED MODEL CNN_LSTM model training time: 6.793 total training time: 6.805 ####
#### TRAINING MODEL LSTM_CNN ####
#### TRAINED MODEL LSTM_CNN model training time: 7.715 total training time: 14.52 ####
#### TRAINING MODEL ParallelCNNLSTMModel ####
#### TRAINED MODEL ParallelCNNLSTMModel model training time: 7.643 total training time: 22.163 ####
#### TRAINING TOTAL TIME: 22.152 ####
Accuracy of the CNN_LSTM model on the test set: 89.922442 %
Accuracy of the LSTM_CNN model on the test set: 84.713269 %
Accuracy of the ParallelCNNLSTMModel model on the test set: 91.357776 %
#### TESTING TOTAL TIME: 3.649 ####
#### TIME #### TERMINO #### 13602.061 ####
#### FINITO #### TERMINO #### NO-VA-MAS ####
#### TIMES #### modelling TOTAL TOTAL ==>> 13602.061
#### #### READING DATA FILES #### ####
177 #### COMBI [reg, sid, ban, sec, men, med, sum, max, npp, hfq, hhh] METRICS ####
('Plantation', '/home/vargas/repos/forests-sounds-vargas/out/data/extraction/Plantation/2_00_PSA0010-2010_dict_y_split_7_2512283_1736694580.pkl')
(297840, 11) Index(['reg', 'sid', 'ban', 'sec', 'men', 'med', 'sum', 'max', 'npp', 'hfq',
       'hhh'],
      dtype='object') Index(['reg', 'sid', 'ban', 'sec', 'men', 'med', 'sum', 'max', 'npp', 'hfq',
       'hhh'],
      dtype='object')
#### MERGE 68 merge_data Dataframe shape: (297840, 11) #### time: 40
#### #### SPLIT TRAIN TEST #### ####
#### CLASSES: [0 1 2 3] TOTAL 4
#### SPLIT train_test_split and CUDA: ??? cuda:0 #### time: 35
#### MODELS - TOTAL 3 ####
#### EPOCHS 1 ####
#### TRAINING MODELS ####
#### TRAINING MODEL CNN_LSTM ####
#### TRAINED MODEL CNN_LSTM model training time: 6.651 total training time: 6.662 ####
#### TRAINING MODEL LSTM_CNN ####
#### TRAINED MODEL LSTM_CNN model training time: 7.724 total training time: 14.386 ####
#### TRAINING MODEL ParallelCNNLSTMModel ####
#### TRAINED MODEL ParallelCNNLSTMModel model training time: 7.798 total training time: 22.183 ####
#### TRAINING TOTAL TIME: 22.172 ####
Accuracy of the CNN_LSTM model on the test set: 91.411496 %
Accuracy of the LSTM_CNN model on the test set: 70.29949 %
Accuracy of the ParallelCNNLSTMModel model on the test set: 90.864222 %
#### TESTING TOTAL TIME: 3.525 ####
#### TIME #### TERMINO #### 13677.575 ####
#### FINITO #### TERMINO #### NO-VA-MAS ####
#### TIMES #### modelling TOTAL TOTAL ==>> 13677.575
#### #### READING DATA FILES #### ####
178 #### COMBI [reg, sid, ban, sec, men, med, sum, max, npp, hfq, aei] METRICS ####
('Plantation', '/home/vargas/repos/forests-sounds-vargas/out/data/extraction/Plantation/2_00_PSA0010-2010_dict_y_split_7_2512283_1736694580.pkl')
(297840, 11) Index(['reg', 'sid', 'ban', 'sec', 'men', 'med', 'sum', 'max', 'npp', 'hfq',
       'aei'],
      dtype='object') Index(['reg', 'sid', 'ban', 'sec', 'men', 'med', 'sum', 'max', 'npp', 'hfq',
       'aei'],
      dtype='object')
#### MERGE 68 merge_data Dataframe shape: (297840, 11) #### time: 47
#### #### SPLIT TRAIN TEST #### ####
#### CLASSES: [0 1 2 3] TOTAL 4
#### SPLIT train_test_split and CUDA: ??? cuda:0 #### time: 34
#### MODELS - TOTAL 3 ####
#### EPOCHS 1 ####
#### TRAINING MODELS ####
#### TRAINING MODEL CNN_LSTM ####
#### TRAINED MODEL CNN_LSTM model training time: 6.799 total training time: 6.811 ####
#### TRAINING MODEL LSTM_CNN ####
#### TRAINED MODEL LSTM_CNN model training time: 7.729 total training time: 14.54 ####
#### TRAINING MODEL ParallelCNNLSTMModel ####
#### TRAINED MODEL ParallelCNNLSTMModel model training time: 7.633 total training time: 22.173 ####
#### TRAINING TOTAL TIME: 22.162 ####
Accuracy of the CNN_LSTM model on the test set: 91.267123 %
Accuracy of the LSTM_CNN model on the test set: 86.561577 %
Accuracy of the ParallelCNNLSTMModel model on the test set: 91.349382 %
#### TESTING TOTAL TIME: 3.667 ####
#### TIME #### TERMINO #### 13759.957 ####
#### FINITO #### TERMINO #### NO-VA-MAS ####
#### TIMES #### modelling TOTAL TOTAL ==>> 13759.957
#### #### READING DATA FILES #### ####
179 #### COMBI [reg, sid, ban, sec, men, med, sum, max, npp, htp, hhh] METRICS ####
('Plantation', '/home/vargas/repos/forests-sounds-vargas/out/data/extraction/Plantation/2_00_PSA0010-2010_dict_y_split_7_2512283_1736694580.pkl')
(297840, 11) Index(['reg', 'sid', 'ban', 'sec', 'men', 'med', 'sum', 'max', 'npp', 'htp',
       'hhh'],
      dtype='object') Index(['reg', 'sid', 'ban', 'sec', 'men', 'med', 'sum', 'max', 'npp', 'htp',
       'hhh'],
      dtype='object')
#### MERGE 68 merge_data Dataframe shape: (297840, 11) #### time: 43
#### #### SPLIT TRAIN TEST #### ####
#### CLASSES: [0 1 2 3] TOTAL 4
#### SPLIT train_test_split and CUDA: ??? cuda:0 #### time: 34
#### MODELS - TOTAL 3 ####
#### EPOCHS 1 ####
#### TRAINING MODELS ####
#### TRAINING MODEL CNN_LSTM ####
#### TRAINED MODEL CNN_LSTM model training time: 6.64 total training time: 6.651 ####
#### TRAINING MODEL LSTM_CNN ####
#### TRAINED MODEL LSTM_CNN model training time: 7.743 total training time: 14.394 ####
#### TRAINING MODEL ParallelCNNLSTMModel ####
#### TRAINED MODEL ParallelCNNLSTMModel model training time: 7.8 total training time: 22.194 ####
#### TRAINING TOTAL TIME: 22.183 ####
Accuracy of the CNN_LSTM model on the test set: 90.318627 %
Accuracy of the LSTM_CNN model on the test set: 86.091526 %
Accuracy of the ParallelCNNLSTMModel model on the test set: 91.666667 %
#### TESTING TOTAL TIME: 3.55 ####
#### TIME #### TERMINO #### 13837.843 ####
#### FINITO #### TERMINO #### NO-VA-MAS ####
#### TIMES #### modelling TOTAL TOTAL ==>> 13837.843
#### #### READING DATA FILES #### ####
180 #### COMBI [reg, sid, ban, sec, men, med, sum, max, npp, htp, aei] METRICS ####
('Plantation', '/home/vargas/repos/forests-sounds-vargas/out/data/extraction/Plantation/2_00_PSA0010-2010_dict_y_split_7_2512283_1736694580.pkl')
(297840, 11) Index(['reg', 'sid', 'ban', 'sec', 'men', 'med', 'sum', 'max', 'npp', 'htp',
       'aei'],
      dtype='object') Index(['reg', 'sid', 'ban', 'sec', 'men', 'med', 'sum', 'max', 'npp', 'htp',
       'aei'],
      dtype='object')
#### MERGE 68 merge_data Dataframe shape: (297840, 11) #### time: 40
#### #### SPLIT TRAIN TEST #### ####
#### CLASSES: [0 1 2 3] TOTAL 4
#### SPLIT train_test_split and CUDA: ??? cuda:0 #### time: 34
#### MODELS - TOTAL 3 ####
#### EPOCHS 1 ####
#### TRAINING MODELS ####
#### TRAINING MODEL CNN_LSTM ####
#### TRAINED MODEL CNN_LSTM model training time: 6.798 total training time: 6.809 ####
#### TRAINING MODEL LSTM_CNN ####
#### TRAINED MODEL LSTM_CNN model training time: 7.603 total training time: 14.412 ####
#### TRAINING MODEL ParallelCNNLSTMModel ####
#### TRAINED MODEL ParallelCNNLSTMModel model training time: 7.782 total training time: 22.195 ####
#### TRAINING TOTAL TIME: 22.184 ####
Accuracy of the CNN_LSTM model on the test set: 90.573798 %
Accuracy of the LSTM_CNN model on the test set: 63.56433 %
Accuracy of the ParallelCNNLSTMModel model on the test set: 90.808824 %
#### TESTING TOTAL TIME: 3.66 ####
#### TIME #### TERMINO #### 13913.711 ####
#### FINITO #### TERMINO #### NO-VA-MAS ####
#### TIMES #### modelling TOTAL TOTAL ==>> 13913.711
#### #### READING DATA FILES #### ####
181 #### COMBI [reg, sid, ban, sec, men, med, sum, max, npp, hhh, aei] METRICS ####
('Plantation', '/home/vargas/repos/forests-sounds-vargas/out/data/extraction/Plantation/2_00_PSA0010-2010_dict_y_split_7_2512283_1736694580.pkl')
(297840, 11) Index(['reg', 'sid', 'ban', 'sec', 'men', 'med', 'sum', 'max', 'npp', 'hhh',
       'aei'],
      dtype='object') Index(['reg', 'sid', 'ban', 'sec', 'men', 'med', 'sum', 'max', 'npp', 'hhh',
       'aei'],
      dtype='object')
#### MERGE 68 merge_data Dataframe shape: (297840, 11) #### time: 41
#### #### SPLIT TRAIN TEST #### ####
#### CLASSES: [0 1 2 3] TOTAL 4
#### SPLIT train_test_split and CUDA: ??? cuda:0 #### time: 35
#### MODELS - TOTAL 3 ####
#### EPOCHS 1 ####
#### TRAINING MODELS ####
#### TRAINING MODEL CNN_LSTM ####
#### TRAINED MODEL CNN_LSTM model training time: 6.652 total training time: 6.664 ####
#### TRAINING MODEL LSTM_CNN ####
#### TRAINED MODEL LSTM_CNN model training time: 7.742 total training time: 14.406 ####
#### TRAINING MODEL ParallelCNNLSTMModel ####
#### TRAINED MODEL ParallelCNNLSTMModel model training time: 7.656 total training time: 22.062 ####
#### TRAINING TOTAL TIME: 22.051 ####
Accuracy of the CNN_LSTM model on the test set: 88.100994 %
Accuracy of the LSTM_CNN model on the test set: 65.708098 %
Accuracy of the ParallelCNNLSTMModel model on the test set: 90.405923 %
#### TESTING TOTAL TIME: 3.679 ####
#### TIME #### TERMINO #### 13989.895 ####
#### FINITO #### TERMINO #### NO-VA-MAS ####
#### TIMES #### modelling TOTAL TOTAL ==>> 13989.895
#### #### READING DATA FILES #### ####
182 #### COMBI [reg, sid, ban, sec, men, med, sum, max, hfq, htp, hhh] METRICS ####
('Plantation', '/home/vargas/repos/forests-sounds-vargas/out/data/extraction/Plantation/2_00_PSA0010-2010_dict_y_split_7_2512283_1736694580.pkl')
(297840, 11) Index(['reg', 'sid', 'ban', 'sec', 'men', 'med', 'sum', 'max', 'hfq', 'htp',
       'hhh'],
      dtype='object') Index(['reg', 'sid', 'ban', 'sec', 'men', 'med', 'sum', 'max', 'hfq', 'htp',
       'hhh'],
      dtype='object')
#### MERGE 68 merge_data Dataframe shape: (297840, 11) #### time: 42
#### #### SPLIT TRAIN TEST #### ####
#### CLASSES: [0 1 2 3] TOTAL 4
#### SPLIT train_test_split and CUDA: ??? cuda:0 #### time: 35
#### MODELS - TOTAL 3 ####
#### EPOCHS 1 ####
#### TRAINING MODELS ####
#### TRAINING MODEL CNN_LSTM ####
#### TRAINED MODEL CNN_LSTM model training time: 6.803 total training time: 6.815 ####
#### TRAINING MODEL LSTM_CNN ####
#### TRAINED MODEL LSTM_CNN model training time: 7.585 total training time: 14.4 ####
#### TRAINING MODEL ParallelCNNLSTMModel ####
#### TRAINED MODEL ParallelCNNLSTMModel model training time: 7.793 total training time: 22.192 ####
#### TRAINING TOTAL TIME: 22.181 ####
Accuracy of the CNN_LSTM model on the test set: 68.802041 %
Accuracy of the LSTM_CNN model on the test set: 57.174993 %
Accuracy of the ParallelCNNLSTMModel model on the test set: 67.163578 %
#### TESTING TOTAL TIME: 3.534 ####
#### TIME #### TERMINO #### 14067.069 ####
#### FINITO #### TERMINO #### NO-VA-MAS ####
#### TIMES #### modelling TOTAL TOTAL ==>> 14067.069
#### #### READING DATA FILES #### ####
183 #### COMBI [reg, sid, ban, sec, men, med, sum, max, hfq, htp, aei] METRICS ####
('Plantation', '/home/vargas/repos/forests-sounds-vargas/out/data/extraction/Plantation/2_00_PSA0010-2010_dict_y_split_7_2512283_1736694580.pkl')
(297840, 11) Index(['reg', 'sid', 'ban', 'sec', 'men', 'med', 'sum', 'max', 'hfq', 'htp',
       'aei'],
      dtype='object') Index(['reg', 'sid', 'ban', 'sec', 'men', 'med', 'sum', 'max', 'hfq', 'htp',
       'aei'],
      dtype='object')
#### MERGE 68 merge_data Dataframe shape: (297840, 11) #### time: 42
#### #### SPLIT TRAIN TEST #### ####
#### CLASSES: [0 1 2 3] TOTAL 4
#### SPLIT train_test_split and CUDA: ??? cuda:0 #### time: 34
#### MODELS - TOTAL 3 ####
#### EPOCHS 1 ####
#### TRAINING MODELS ####
#### TRAINING MODEL CNN_LSTM ####
#### TRAINED MODEL CNN_LSTM model training time: 6.766 total training time: 6.778 ####
#### TRAINING MODEL LSTM_CNN ####
#### TRAINED MODEL LSTM_CNN model training time: 7.697 total training time: 14.475 ####
#### TRAINING MODEL ParallelCNNLSTMModel ####
#### TRAINED MODEL ParallelCNNLSTMModel model training time: 7.647 total training time: 22.122 ####
#### TRAINING TOTAL TIME: 22.111 ####
Accuracy of the CNN_LSTM model on the test set: 67.741069 %
Accuracy of the LSTM_CNN model on the test set: 57.255573 %
Accuracy of the ParallelCNNLSTMModel model on the test set: 69.218372 %
#### TESTING TOTAL TIME: 3.664 ####
#### TIME #### TERMINO #### 14144.132 ####
#### FINITO #### TERMINO #### NO-VA-MAS ####
#### TIMES #### modelling TOTAL TOTAL ==>> 14144.132
#### #### READING DATA FILES #### ####
184 #### COMBI [reg, sid, ban, sec, men, med, sum, max, hfq, hhh, aei] METRICS ####
('Plantation', '/home/vargas/repos/forests-sounds-vargas/out/data/extraction/Plantation/2_00_PSA0010-2010_dict_y_split_7_2512283_1736694580.pkl')
(297840, 11) Index(['reg', 'sid', 'ban', 'sec', 'men', 'med', 'sum', 'max', 'hfq', 'hhh',
       'aei'],
      dtype='object') Index(['reg', 'sid', 'ban', 'sec', 'men', 'med', 'sum', 'max', 'hfq', 'hhh',
       'aei'],
      dtype='object')
#### MERGE 68 merge_data Dataframe shape: (297840, 11) #### time: 41
#### #### SPLIT TRAIN TEST #### ####
#### CLASSES: [0 1 2 3] TOTAL 4
#### SPLIT train_test_split and CUDA: ??? cuda:0 #### time: 34
#### MODELS - TOTAL 3 ####
#### EPOCHS 1 ####
#### TRAINING MODELS ####
#### TRAINING MODEL CNN_LSTM ####
#### TRAINED MODEL CNN_LSTM model training time: 6.647 total training time: 6.659 ####
#### TRAINING MODEL LSTM_CNN ####
#### TRAINED MODEL LSTM_CNN model training time: 7.735 total training time: 14.394 ####
#### TRAINING MODEL ParallelCNNLSTMModel ####
#### TRAINED MODEL ParallelCNNLSTMModel model training time: 7.793 total training time: 22.187 ####
#### TRAINING TOTAL TIME: 22.176 ####
Accuracy of the CNN_LSTM model on the test set: 68.770145 %
Accuracy of the LSTM_CNN model on the test set: 57.307615 %
Accuracy of the ParallelCNNLSTMModel model on the test set: 69.324134 %
#### TESTING TOTAL TIME: 3.523 ####
#### TIME #### TERMINO #### 14220.981 ####
#### FINITO #### TERMINO #### NO-VA-MAS ####
#### TIMES #### modelling TOTAL TOTAL ==>> 14220.981
#### #### READING DATA FILES #### ####
185 #### COMBI [reg, sid, ban, sec, men, med, sum, max, htp, hhh, aei] METRICS ####
('Plantation', '/home/vargas/repos/forests-sounds-vargas/out/data/extraction/Plantation/2_00_PSA0010-2010_dict_y_split_7_2512283_1736694580.pkl')
(297840, 11) Index(['reg', 'sid', 'ban', 'sec', 'men', 'med', 'sum', 'max', 'htp', 'hhh',
       'aei'],
      dtype='object') Index(['reg', 'sid', 'ban', 'sec', 'men', 'med', 'sum', 'max', 'htp', 'hhh',
       'aei'],
      dtype='object')
#### MERGE 68 merge_data Dataframe shape: (297840, 11) #### time: 39
#### #### SPLIT TRAIN TEST #### ####
#### CLASSES: [0 1 2 3] TOTAL 4
#### SPLIT train_test_split and CUDA: ??? cuda:0 #### time: 34
#### MODELS - TOTAL 3 ####
#### EPOCHS 1 ####
#### TRAINING MODELS ####
#### TRAINING MODEL CNN_LSTM ####
#### TRAINED MODEL CNN_LSTM model training time: 6.802 total training time: 6.814 ####
#### TRAINING MODEL LSTM_CNN ####
#### TRAINED MODEL LSTM_CNN model training time: 7.734 total training time: 14.548 ####
#### TRAINING MODEL ParallelCNNLSTMModel ####
#### TRAINED MODEL ParallelCNNLSTMModel model training time: 7.667 total training time: 22.214 ####
#### TRAINING TOTAL TIME: 22.203 ####
Accuracy of the CNN_LSTM model on the test set: 66.698563 %
Accuracy of the LSTM_CNN model on the test set: 57.492278 %
Accuracy of the ParallelCNNLSTMModel model on the test set: 69.048818 %
#### TESTING TOTAL TIME: 3.679 ####
#### TIME #### TERMINO #### 14295.624 ####
#### FINITO #### TERMINO #### NO-VA-MAS ####
#### TIMES #### modelling TOTAL TOTAL ==>> 14295.624
#### #### READING DATA FILES #### ####
186 #### COMBI [reg, sid, ban, sec, men, med, sum, aci, bet, mmm, npp] METRICS ####
('Plantation', '/home/vargas/repos/forests-sounds-vargas/out/data/extraction/Plantation/2_00_PSA0010-2010_dict_y_split_7_2512283_1736694580.pkl')
(297840, 11) Index(['reg', 'sid', 'ban', 'sec', 'men', 'med', 'sum', 'aci', 'bet', 'mmm',
       'npp'],
      dtype='object') Index(['reg', 'sid', 'ban', 'sec', 'men', 'med', 'sum', 'aci', 'bet', 'mmm',
       'npp'],
      dtype='object')
#### MERGE 68 merge_data Dataframe shape: (297840, 11) #### time: 41
#### #### SPLIT TRAIN TEST #### ####
#### CLASSES: [0 1 2 3] TOTAL 4
#### SPLIT train_test_split and CUDA: ??? cuda:0 #### time: 35
#### MODELS - TOTAL 3 ####
#### EPOCHS 1 ####
#### TRAINING MODELS ####
#### TRAINING MODEL CNN_LSTM ####
#### TRAINED MODEL CNN_LSTM model training time: 6.646 total training time: 6.658 ####
#### TRAINING MODEL LSTM_CNN ####
#### TRAINED MODEL LSTM_CNN model training time: 7.748 total training time: 14.406 ####
#### TRAINING MODEL ParallelCNNLSTMModel ####
#### TRAINED MODEL ParallelCNNLSTMModel model training time: 7.795 total training time: 22.201 ####
#### TRAINING TOTAL TIME: 22.189 ####
Accuracy of the CNN_LSTM model on the test set: 81.859388 %
Accuracy of the LSTM_CNN model on the test set: 60.532501 %
Accuracy of the ParallelCNNLSTMModel model on the test set: 81.463202 %
#### TESTING TOTAL TIME: 3.528 ####
#### TIME #### TERMINO #### 14372.247 ####
#### FINITO #### TERMINO #### NO-VA-MAS ####
#### TIMES #### modelling TOTAL TOTAL ==>> 14372.247
#### #### READING DATA FILES #### ####
187 #### COMBI [reg, sid, ban, sec, men, med, sum, aci, bet, mmm, hfq] METRICS ####
('Plantation', '/home/vargas/repos/forests-sounds-vargas/out/data/extraction/Plantation/2_00_PSA0010-2010_dict_y_split_7_2512283_1736694580.pkl')
(297840, 11) Index(['reg', 'sid', 'ban', 'sec', 'men', 'med', 'sum', 'aci', 'bet', 'mmm',
       'hfq'],
      dtype='object') Index(['reg', 'sid', 'ban', 'sec', 'men', 'med', 'sum', 'aci', 'bet', 'mmm',
       'hfq'],
      dtype='object')
#### MERGE 68 merge_data Dataframe shape: (297840, 11) #### time: 45
#### #### SPLIT TRAIN TEST #### ####
#### CLASSES: [0 1 2 3] TOTAL 4
#### SPLIT train_test_split and CUDA: ??? cuda:0 #### time: 35
#### MODELS - TOTAL 3 ####
#### EPOCHS 1 ####
#### TRAINING MODELS ####
#### TRAINING MODEL CNN_LSTM ####
#### TRAINED MODEL CNN_LSTM model training time: 6.802 total training time: 6.814 ####
#### TRAINING MODEL LSTM_CNN ####
#### TRAINED MODEL LSTM_CNN model training time: 7.58 total training time: 14.394 ####
#### TRAINING MODEL ParallelCNNLSTMModel ####
#### TRAINED MODEL ParallelCNNLSTMModel model training time: 7.781 total training time: 22.175 ####
#### TRAINING TOTAL TIME: 22.164 ####
Accuracy of the CNN_LSTM model on the test set: 74.630674 %
Accuracy of the LSTM_CNN model on the test set: 65.879331 %
Accuracy of the ParallelCNNLSTMModel model on the test set: 75.419688 %
#### TESTING TOTAL TIME: 3.66 ####
#### TIME #### TERMINO #### 14452.873 ####
#### FINITO #### TERMINO #### NO-VA-MAS ####
#### TIMES #### modelling TOTAL TOTAL ==>> 14452.873
#### #### READING DATA FILES #### ####
188 #### COMBI [reg, sid, ban, sec, men, med, sum, aci, bet, mmm, htp] METRICS ####
('Plantation', '/home/vargas/repos/forests-sounds-vargas/out/data/extraction/Plantation/2_00_PSA0010-2010_dict_y_split_7_2512283_1736694580.pkl')
(297840, 11) Index(['reg', 'sid', 'ban', 'sec', 'men', 'med', 'sum', 'aci', 'bet', 'mmm',
       'htp'],
      dtype='object') Index(['reg', 'sid', 'ban', 'sec', 'men', 'med', 'sum', 'aci', 'bet', 'mmm',
       'htp'],
      dtype='object')
#### MERGE 68 merge_data Dataframe shape: (297840, 11) #### time: 43
#### #### SPLIT TRAIN TEST #### ####
#### CLASSES: [0 1 2 3] TOTAL 4
#### SPLIT train_test_split and CUDA: ??? cuda:0 #### time: 34
#### MODELS - TOTAL 3 ####
#### EPOCHS 1 ####
#### TRAINING MODELS ####
#### TRAINING MODEL CNN_LSTM ####
#### TRAINED MODEL CNN_LSTM model training time: 6.633 total training time: 6.644 ####
#### TRAINING MODEL LSTM_CNN ####
#### TRAINED MODEL LSTM_CNN model training time: 7.733 total training time: 14.377 ####
#### TRAINING MODEL ParallelCNNLSTMModel ####
#### TRAINED MODEL ParallelCNNLSTMModel model training time: 7.795 total training time: 22.172 ####
#### TRAINING TOTAL TIME: 22.161 ####
Accuracy of the CNN_LSTM model on the test set: 71.024711 %
Accuracy of the LSTM_CNN model on the test set: 70.969312 %
Accuracy of the ParallelCNNLSTMModel model on the test set: 75.465015 %
#### TESTING TOTAL TIME: 3.529 ####
#### TIME #### TERMINO #### 14531.219 ####
#### FINITO #### TERMINO #### NO-VA-MAS ####
#### TIMES #### modelling TOTAL TOTAL ==>> 14531.219
#### #### READING DATA FILES #### ####
189 #### COMBI [reg, sid, ban, sec, men, med, sum, aci, bet, mmm, hhh] METRICS ####
('Plantation', '/home/vargas/repos/forests-sounds-vargas/out/data/extraction/Plantation/2_00_PSA0010-2010_dict_y_split_7_2512283_1736694580.pkl')
(297840, 11) Index(['reg', 'sid', 'ban', 'sec', 'men', 'med', 'sum', 'aci', 'bet', 'mmm',
       'hhh'],
      dtype='object') Index(['reg', 'sid', 'ban', 'sec', 'men', 'med', 'sum', 'aci', 'bet', 'mmm',
       'hhh'],
      dtype='object')
#### MERGE 68 merge_data Dataframe shape: (297840, 11) #### time: 43
#### #### SPLIT TRAIN TEST #### ####
#### CLASSES: [0 1 2 3] TOTAL 4
#### SPLIT train_test_split and CUDA: ??? cuda:0 #### time: 34
#### MODELS - TOTAL 3 ####
#### EPOCHS 1 ####
#### TRAINING MODELS ####
#### TRAINING MODEL CNN_LSTM ####
#### TRAINED MODEL CNN_LSTM model training time: 6.796 total training time: 6.808 ####
#### TRAINING MODEL LSTM_CNN ####
#### TRAINED MODEL LSTM_CNN model training time: 7.557 total training time: 14.364 ####
#### TRAINING MODEL ParallelCNNLSTMModel ####
#### TRAINED MODEL ParallelCNNLSTMModel model training time: 7.826 total training time: 22.19 ####
#### TRAINING TOTAL TIME: 22.179 ####
Accuracy of the CNN_LSTM model on the test set: 74.853948 %
Accuracy of the LSTM_CNN model on the test set: 69.874765 %
Accuracy of the ParallelCNNLSTMModel model on the test set: 75.647999 %
#### TESTING TOTAL TIME: 3.531 ####
#### TIME #### TERMINO #### 14609.346 ####
#### FINITO #### TERMINO #### NO-VA-MAS ####
#### TIMES #### modelling TOTAL TOTAL ==>> 14609.346
#### #### READING DATA FILES #### ####
190 #### COMBI [reg, sid, ban, sec, men, med, sum, aci, bet, mmm, aei] METRICS ####
('Plantation', '/home/vargas/repos/forests-sounds-vargas/out/data/extraction/Plantation/2_00_PSA0010-2010_dict_y_split_7_2512283_1736694580.pkl')
(297840, 11) Index(['reg', 'sid', 'ban', 'sec', 'men', 'med', 'sum', 'aci', 'bet', 'mmm',
       'aei'],
      dtype='object') Index(['reg', 'sid', 'ban', 'sec', 'men', 'med', 'sum', 'aci', 'bet', 'mmm',
       'aei'],
      dtype='object')
#### MERGE 68 merge_data Dataframe shape: (297840, 11) #### time: 43
#### #### SPLIT TRAIN TEST #### ####
#### CLASSES: [0 1 2 3] TOTAL 4
#### SPLIT train_test_split and CUDA: ??? cuda:0 #### time: 34
#### MODELS - TOTAL 3 ####
#### EPOCHS 1 ####
#### TRAINING MODELS ####
#### TRAINING MODEL CNN_LSTM ####
#### TRAINED MODEL CNN_LSTM model training time: 6.791 total training time: 6.803 ####
#### TRAINING MODEL LSTM_CNN ####
#### TRAINED MODEL LSTM_CNN model training time: 7.712 total training time: 14.514 ####
#### TRAINING MODEL ParallelCNNLSTMModel ####
#### TRAINED MODEL ParallelCNNLSTMModel model training time: 7.647 total training time: 22.162 ####
#### TRAINING TOTAL TIME: 22.15 ####
Accuracy of the CNN_LSTM model on the test set: 75.537201 %
Accuracy of the LSTM_CNN model on the test set: 71.805332 %
Accuracy of the ParallelCNNLSTMModel model on the test set: 73.601598 %
#### TESTING TOTAL TIME: 3.67 ####
#### TIME #### TERMINO #### 14687.539 ####
#### FINITO #### TERMINO #### NO-VA-MAS ####
#### TIMES #### modelling TOTAL TOTAL ==>> 14687.539
#### #### READING DATA FILES #### ####
191 #### COMBI [reg, sid, ban, sec, men, med, sum, aci, bet, npp, hfq] METRICS ####
('Plantation', '/home/vargas/repos/forests-sounds-vargas/out/data/extraction/Plantation/2_00_PSA0010-2010_dict_y_split_7_2512283_1736694580.pkl')
(297840, 11) Index(['reg', 'sid', 'ban', 'sec', 'men', 'med', 'sum', 'aci', 'bet', 'npp',
       'hfq'],
      dtype='object') Index(['reg', 'sid', 'ban', 'sec', 'men', 'med', 'sum', 'aci', 'bet', 'npp',
       'hfq'],
      dtype='object')
#### MERGE 68 merge_data Dataframe shape: (297840, 11) #### time: 41
#### #### SPLIT TRAIN TEST #### ####
#### CLASSES: [0 1 2 3] TOTAL 4
#### SPLIT train_test_split and CUDA: ??? cuda:0 #### time: 35
#### MODELS - TOTAL 3 ####
#### EPOCHS 1 ####
#### TRAINING MODELS ####
#### TRAINING MODEL CNN_LSTM ####
#### TRAINED MODEL CNN_LSTM model training time: 6.794 total training time: 6.805 ####
#### TRAINING MODEL LSTM_CNN ####
#### TRAINED MODEL LSTM_CNN model training time: 7.57 total training time: 14.376 ####
#### TRAINING MODEL ParallelCNNLSTMModel ####
#### TRAINED MODEL ParallelCNNLSTMModel model training time: 7.785 total training time: 22.161 ####
#### TRAINING TOTAL TIME: 22.15 ####
Accuracy of the CNN_LSTM model on the test set: 81.634435 %
Accuracy of the LSTM_CNN model on the test set: 63.203398 %
Accuracy of the ParallelCNNLSTMModel model on the test set: 86.749597 %
#### TESTING TOTAL TIME: 3.524 ####
#### TIME #### TERMINO #### 14763.552 ####
#### FINITO #### TERMINO #### NO-VA-MAS ####
#### TIMES #### modelling TOTAL TOTAL ==>> 14763.552
#### #### READING DATA FILES #### ####
192 #### COMBI [reg, sid, ban, sec, men, med, sum, aci, bet, npp, htp] METRICS ####
('Plantation', '/home/vargas/repos/forests-sounds-vargas/out/data/extraction/Plantation/2_00_PSA0010-2010_dict_y_split_7_2512283_1736694580.pkl')
(297840, 11) Index(['reg', 'sid', 'ban', 'sec', 'men', 'med', 'sum', 'aci', 'bet', 'npp',
       'htp'],
      dtype='object') Index(['reg', 'sid', 'ban', 'sec', 'men', 'med', 'sum', 'aci', 'bet', 'npp',
       'htp'],
      dtype='object')
#### MERGE 68 merge_data Dataframe shape: (297840, 11) #### time: 42
#### #### SPLIT TRAIN TEST #### ####
#### CLASSES: [0 1 2 3] TOTAL 4
#### SPLIT train_test_split and CUDA: ??? cuda:0 #### time: 35
#### MODELS - TOTAL 3 ####
#### EPOCHS 1 ####
#### TRAINING MODELS ####
#### TRAINING MODEL CNN_LSTM ####
#### TRAINED MODEL CNN_LSTM model training time: 6.748 total training time: 6.759 ####
#### TRAINING MODEL LSTM_CNN ####
#### TRAINED MODEL LSTM_CNN model training time: 7.697 total training time: 14.456 ####
#### TRAINING MODEL ParallelCNNLSTMModel ####
#### TRAINED MODEL ParallelCNNLSTMModel model training time: 7.622 total training time: 22.079 ####
#### TRAINING TOTAL TIME: 22.067 ####
Accuracy of the CNN_LSTM model on the test set: 85.101061 %
Accuracy of the LSTM_CNN model on the test set: 84.285187 %
Accuracy of the ParallelCNNLSTMModel model on the test set: 83.229251 %
#### TESTING TOTAL TIME: 3.65 ####
#### TIME #### TERMINO #### 14841.523 ####
#### FINITO #### TERMINO #### NO-VA-MAS ####
#### TIMES #### modelling TOTAL TOTAL ==>> 14841.523
#### #### READING DATA FILES #### ####
193 #### COMBI [reg, sid, ban, sec, men, med, sum, aci, bet, npp, hhh] METRICS ####
('Plantation', '/home/vargas/repos/forests-sounds-vargas/out/data/extraction/Plantation/2_00_PSA0010-2010_dict_y_split_7_2512283_1736694580.pkl')
(297840, 11) Index(['reg', 'sid', 'ban', 'sec', 'men', 'med', 'sum', 'aci', 'bet', 'npp',
       'hhh'],
      dtype='object') Index(['reg', 'sid', 'ban', 'sec', 'men', 'med', 'sum', 'aci', 'bet', 'npp',
       'hhh'],
      dtype='object')
#### MERGE 68 merge_data Dataframe shape: (297840, 11) #### time: 43
#### #### SPLIT TRAIN TEST #### ####
#### CLASSES: [0 1 2 3] TOTAL 4
#### SPLIT train_test_split and CUDA: ??? cuda:0 #### time: 34
#### MODELS - TOTAL 3 ####
#### EPOCHS 1 ####
#### TRAINING MODELS ####
#### TRAINING MODEL CNN_LSTM ####
#### TRAINED MODEL CNN_LSTM model training time: 6.637 total training time: 6.649 ####
#### TRAINING MODEL LSTM_CNN ####
#### TRAINED MODEL LSTM_CNN model training time: 7.72 total training time: 14.369 ####
#### TRAINING MODEL ParallelCNNLSTMModel ####
#### TRAINED MODEL ParallelCNNLSTMModel model training time: 7.789 total training time: 22.157 ####
#### TRAINING TOTAL TIME: 22.146 ####
Accuracy of the CNN_LSTM model on the test set: 86.581722 %
Accuracy of the LSTM_CNN model on the test set: 82.049087 %
Accuracy of the ParallelCNNLSTMModel model on the test set: 86.949369 %
#### TESTING TOTAL TIME: 3.538 ####
#### TIME #### TERMINO #### 14919.595 ####
#### FINITO #### TERMINO #### NO-VA-MAS ####
#### TIMES #### modelling TOTAL TOTAL ==>> 14919.595
#### #### READING DATA FILES #### ####
194 #### COMBI [reg, sid, ban, sec, men, med, sum, aci, bet, npp, aei] METRICS ####
('Plantation', '/home/vargas/repos/forests-sounds-vargas/out/data/extraction/Plantation/2_00_PSA0010-2010_dict_y_split_7_2512283_1736694580.pkl')
(297840, 11) Index(['reg', 'sid', 'ban', 'sec', 'men', 'med', 'sum', 'aci', 'bet', 'npp',
       'aei'],
      dtype='object') Index(['reg', 'sid', 'ban', 'sec', 'men', 'med', 'sum', 'aci', 'bet', 'npp',
       'aei'],
      dtype='object')
#### MERGE 68 merge_data Dataframe shape: (297840, 11) #### time: 41
#### #### SPLIT TRAIN TEST #### ####
#### CLASSES: [0 1 2 3] TOTAL 4
#### SPLIT train_test_split and CUDA: ??? cuda:0 #### time: 35
#### MODELS - TOTAL 3 ####
#### EPOCHS 1 ####
#### TRAINING MODELS ####
#### TRAINING MODEL CNN_LSTM ####
#### TRAINED MODEL CNN_LSTM model training time: 6.81 total training time: 6.822 ####
#### TRAINING MODEL LSTM_CNN ####
#### TRAINED MODEL LSTM_CNN model training time: 7.562 total training time: 14.384 ####
#### TRAINING MODEL ParallelCNNLSTMModel ####
#### TRAINED MODEL ParallelCNNLSTMModel model training time: 7.782 total training time: 22.166 ####
#### TRAINING TOTAL TIME: 22.154 ####
Accuracy of the CNN_LSTM model on the test set: 86.491069 %
Accuracy of the LSTM_CNN model on the test set: 85.535858 %
Accuracy of the ParallelCNNLSTMModel model on the test set: 83.905788 %
#### TESTING TOTAL TIME: 3.668 ####
#### TIME #### TERMINO #### 14996.238 ####
#### FINITO #### TERMINO #### NO-VA-MAS ####
#### TIMES #### modelling TOTAL TOTAL ==>> 14996.238
#### #### READING DATA FILES #### ####
195 #### COMBI [reg, sid, ban, sec, men, med, sum, aci, bet, hfq, htp] METRICS ####
('Plantation', '/home/vargas/repos/forests-sounds-vargas/out/data/extraction/Plantation/2_00_PSA0010-2010_dict_y_split_7_2512283_1736694580.pkl')
(297840, 11) Index(['reg', 'sid', 'ban', 'sec', 'men', 'med', 'sum', 'aci', 'bet', 'hfq',
       'htp'],
      dtype='object') Index(['reg', 'sid', 'ban', 'sec', 'men', 'med', 'sum', 'aci', 'bet', 'hfq',
       'htp'],
      dtype='object')
#### MERGE 68 merge_data Dataframe shape: (297840, 11) #### time: 39
#### #### SPLIT TRAIN TEST #### ####
#### CLASSES: [0 1 2 3] TOTAL 4
#### SPLIT train_test_split and CUDA: ??? cuda:0 #### time: 34
#### MODELS - TOTAL 3 ####
#### EPOCHS 1 ####
#### TRAINING MODELS ####
#### TRAINING MODEL CNN_LSTM ####
#### TRAINED MODEL CNN_LSTM model training time: 6.63 total training time: 6.641 ####
#### TRAINING MODEL LSTM_CNN ####
#### TRAINED MODEL LSTM_CNN model training time: 7.716 total training time: 14.357 ####
#### TRAINING MODEL ParallelCNNLSTMModel ####
#### TRAINED MODEL ParallelCNNLSTMModel model training time: 7.821 total training time: 22.178 ####
#### TRAINING TOTAL TIME: 22.167 ####
Accuracy of the CNN_LSTM model on the test set: 70.87866 %
Accuracy of the LSTM_CNN model on the test set: 72.807548 %
Accuracy of the ParallelCNNLSTMModel model on the test set: 76.991002 %
#### TESTING TOTAL TIME: 3.53 ####
#### TIME #### TERMINO #### 15070.7 ####
#### FINITO #### TERMINO #### NO-VA-MAS ####
#### TIMES #### modelling TOTAL TOTAL ==>> 15070.7
#### #### READING DATA FILES #### ####
196 #### COMBI [reg, sid, ban, sec, men, med, sum, aci, bet, hfq, hhh] METRICS ####
('Plantation', '/home/vargas/repos/forests-sounds-vargas/out/data/extraction/Plantation/2_00_PSA0010-2010_dict_y_split_7_2512283_1736694580.pkl')
(297840, 11) Index(['reg', 'sid', 'ban', 'sec', 'men', 'med', 'sum', 'aci', 'bet', 'hfq',
       'hhh'],
      dtype='object') Index(['reg', 'sid', 'ban', 'sec', 'men', 'med', 'sum', 'aci', 'bet', 'hfq',
       'hhh'],
      dtype='object')
#### MERGE 68 merge_data Dataframe shape: (297840, 11) #### time: 43
#### #### SPLIT TRAIN TEST #### ####
#### CLASSES: [0 1 2 3] TOTAL 4
#### SPLIT train_test_split and CUDA: ??? cuda:0 #### time: 34
#### MODELS - TOTAL 3 ####
#### EPOCHS 1 ####
#### TRAINING MODELS ####
#### TRAINING MODEL CNN_LSTM ####
#### TRAINED MODEL CNN_LSTM model training time: 6.807 total training time: 6.819 ####
#### TRAINING MODEL LSTM_CNN ####
#### TRAINED MODEL LSTM_CNN model training time: 7.565 total training time: 14.384 ####
#### TRAINING MODEL ParallelCNNLSTMModel ####
#### TRAINED MODEL ParallelCNNLSTMModel model training time: 7.782 total training time: 22.166 ####
#### TRAINING TOTAL TIME: 22.155 ####
Accuracy of the CNN_LSTM model on the test set: 74.362074 %
Accuracy of the LSTM_CNN model on the test set: 70.025853 %
Accuracy of the ParallelCNNLSTMModel model on the test set: 75.186342 %
#### TESTING TOTAL TIME: 3.524 ####
#### TIME #### TERMINO #### 15148.703 ####
#### FINITO #### TERMINO #### NO-VA-MAS ####
#### TIMES #### modelling TOTAL TOTAL ==>> 15148.703
#### #### READING DATA FILES #### ####
197 #### COMBI [reg, sid, ban, sec, men, med, sum, aci, bet, hfq, aei] METRICS ####
('Plantation', '/home/vargas/repos/forests-sounds-vargas/out/data/extraction/Plantation/2_00_PSA0010-2010_dict_y_split_7_2512283_1736694580.pkl')
(297840, 11) Index(['reg', 'sid', 'ban', 'sec', 'men', 'med', 'sum', 'aci', 'bet', 'hfq',
       'aei'],
      dtype='object') Index(['reg', 'sid', 'ban', 'sec', 'men', 'med', 'sum', 'aci', 'bet', 'hfq',
       'aei'],
      dtype='object')
#### MERGE 68 merge_data Dataframe shape: (297840, 11) #### time: 42
#### #### SPLIT TRAIN TEST #### ####
#### CLASSES: [0 1 2 3] TOTAL 4
#### SPLIT train_test_split and CUDA: ??? cuda:0 #### time: 35
#### MODELS - TOTAL 3 ####
#### EPOCHS 1 ####
#### TRAINING MODELS ####
#### TRAINING MODEL CNN_LSTM ####
#### TRAINED MODEL CNN_LSTM model training time: 6.794 total training time: 6.805 ####
#### TRAINING MODEL LSTM_CNN ####
#### TRAINED MODEL LSTM_CNN model training time: 7.702 total training time: 14.507 ####
#### TRAINING MODEL ParallelCNNLSTMModel ####
#### TRAINED MODEL ParallelCNNLSTMModel model training time: 7.645 total training time: 22.151 ####
#### TRAINING TOTAL TIME: 22.14 ####
Accuracy of the CNN_LSTM model on the test set: 75.181305 %
Accuracy of the LSTM_CNN model on the test set: 67.913981 %
Accuracy of the ParallelCNNLSTMModel model on the test set: 75.790693 %
#### TESTING TOTAL TIME: 3.672 ####
#### TIME #### TERMINO #### 15226.509 ####
#### FINITO #### TERMINO #### NO-VA-MAS ####
#### TIMES #### modelling TOTAL TOTAL ==>> 15226.509
#### #### READING DATA FILES #### ####
198 #### COMBI [reg, sid, ban, sec, men, med, sum, aci, bet, htp, hhh] METRICS ####
('Plantation', '/home/vargas/repos/forests-sounds-vargas/out/data/extraction/Plantation/2_00_PSA0010-2010_dict_y_split_7_2512283_1736694580.pkl')
(297840, 11) Index(['reg', 'sid', 'ban', 'sec', 'men', 'med', 'sum', 'aci', 'bet', 'htp',
       'hhh'],
      dtype='object') Index(['reg', 'sid', 'ban', 'sec', 'men', 'med', 'sum', 'aci', 'bet', 'htp',
       'hhh'],
      dtype='object')
#### MERGE 68 merge_data Dataframe shape: (297840, 11) #### time: 41
#### #### SPLIT TRAIN TEST #### ####
#### CLASSES: [0 1 2 3] TOTAL 4
#### SPLIT train_test_split and CUDA: ??? cuda:0 #### time: 34
#### MODELS - TOTAL 3 ####
#### EPOCHS 1 ####
#### TRAINING MODELS ####
#### TRAINING MODEL CNN_LSTM ####
#### TRAINED MODEL CNN_LSTM model training time: 6.798 total training time: 6.809 ####
#### TRAINING MODEL LSTM_CNN ####
#### TRAINED MODEL LSTM_CNN model training time: 7.564 total training time: 14.373 ####
#### TRAINING MODEL ParallelCNNLSTMModel ####
#### TRAINED MODEL ParallelCNNLSTMModel model training time: 7.79 total training time: 22.163 ####
#### TRAINING TOTAL TIME: 22.152 ####
Accuracy of the CNN_LSTM model on the test set: 74.479586 %
Accuracy of the LSTM_CNN model on the test set: 59.533642 %
Accuracy of the ParallelCNNLSTMModel model on the test set: 75.124228 %
#### TESTING TOTAL TIME: 3.524 ####
#### TIME #### TERMINO #### 15302.708 ####
#### FINITO #### TERMINO #### NO-VA-MAS ####
#### TIMES #### modelling TOTAL TOTAL ==>> 15302.708
#### #### READING DATA FILES #### ####
199 #### COMBI [reg, sid, ban, sec, men, med, sum, aci, bet, htp, aei] METRICS ####
('Plantation', '/home/vargas/repos/forests-sounds-vargas/out/data/extraction/Plantation/2_00_PSA0010-2010_dict_y_split_7_2512283_1736694580.pkl')
(297840, 11) Index(['reg', 'sid', 'ban', 'sec', 'men', 'med', 'sum', 'aci', 'bet', 'htp',
       'aei'],
      dtype='object') Index(['reg', 'sid', 'ban', 'sec', 'men', 'med', 'sum', 'aci', 'bet', 'htp',
       'aei'],
      dtype='object')
#### MERGE 68 merge_data Dataframe shape: (297840, 11) #### time: 39
#### #### SPLIT TRAIN TEST #### ####
#### CLASSES: [0 1 2 3] TOTAL 4
#### SPLIT train_test_split and CUDA: ??? cuda:0 #### time: 35
#### MODELS - TOTAL 3 ####
#### EPOCHS 1 ####
#### TRAINING MODELS ####
#### TRAINING MODEL CNN_LSTM ####
#### TRAINED MODEL CNN_LSTM model training time: 6.795 total training time: 6.806 ####
#### TRAINING MODEL LSTM_CNN ####
#### TRAINED MODEL LSTM_CNN model training time: 7.714 total training time: 14.521 ####
#### TRAINING MODEL ParallelCNNLSTMModel ####
#### TRAINED MODEL ParallelCNNLSTMModel model training time: 7.661 total training time: 22.181 ####
#### TRAINING TOTAL TIME: 22.17 ####
Accuracy of the CNN_LSTM model on the test set: 74.224416 %
Accuracy of the LSTM_CNN model on the test set: 66.196616 %
Accuracy of the ParallelCNNLSTMModel model on the test set: 71.634099 %
#### TESTING TOTAL TIME: 3.727 ####
#### TIME #### TERMINO #### 15377.778 ####
#### FINITO #### TERMINO #### NO-VA-MAS ####
#### TIMES #### modelling TOTAL TOTAL ==>> 15377.778
#### #### READING DATA FILES #### ####
200 #### COMBI [reg, sid, ban, sec, men, med, sum, aci, bet, hhh, aei] METRICS ####
('Plantation', '/home/vargas/repos/forests-sounds-vargas/out/data/extraction/Plantation/2_00_PSA0010-2010_dict_y_split_7_2512283_1736694580.pkl')
(297840, 11) Index(['reg', 'sid', 'ban', 'sec', 'men', 'med', 'sum', 'aci', 'bet', 'hhh',
       'aei'],
      dtype='object') Index(['reg', 'sid', 'ban', 'sec', 'men', 'med', 'sum', 'aci', 'bet', 'hhh',
       'aei'],
      dtype='object')
#### MERGE 68 merge_data Dataframe shape: (297840, 11) #### time: 42
#### #### SPLIT TRAIN TEST #### ####
#### CLASSES: [0 1 2 3] TOTAL 4
#### SPLIT train_test_split and CUDA: ??? cuda:0 #### time: 35
#### MODELS - TOTAL 3 ####
#### EPOCHS 1 ####
#### TRAINING MODELS ####
#### TRAINING MODEL CNN_LSTM ####
#### TRAINED MODEL CNN_LSTM model training time: 6.61 total training time: 6.621 ####
#### TRAINING MODEL LSTM_CNN ####
#### TRAINED MODEL LSTM_CNN model training time: 7.724 total training time: 14.345 ####
#### TRAINING MODEL ParallelCNNLSTMModel ####
#### TRAINED MODEL ParallelCNNLSTMModel model training time: 7.762 total training time: 22.107 ####
#### TRAINING TOTAL TIME: 22.096 ####
Accuracy of the CNN_LSTM model on the test set: 76.604889 %
Accuracy of the LSTM_CNN model on the test set: 70.969312 %
Accuracy of the ParallelCNNLSTMModel model on the test set: 74.902632 %
#### TESTING TOTAL TIME: 3.504 ####
#### TIME #### TERMINO #### 15454.717 ####
#### FINITO #### TERMINO #### NO-VA-MAS ####
#### TIMES #### modelling TOTAL TOTAL ==>> 15454.717
#### #### READING DATA FILES #### ####
201 #### COMBI [reg, sid, ban, sec, men, med, sum, aci, mmm, npp, hfq] METRICS ####
('Plantation', '/home/vargas/repos/forests-sounds-vargas/out/data/extraction/Plantation/2_00_PSA0010-2010_dict_y_split_7_2512283_1736694580.pkl')
(297840, 11) Index(['reg', 'sid', 'ban', 'sec', 'men', 'med', 'sum', 'aci', 'mmm', 'npp',
       'hfq'],
      dtype='object') Index(['reg', 'sid', 'ban', 'sec', 'men', 'med', 'sum', 'aci', 'mmm', 'npp',
       'hfq'],
      dtype='object')
#### MERGE 68 merge_data Dataframe shape: (297840, 11) #### time: 41
#### #### SPLIT TRAIN TEST #### ####
#### CLASSES: [0 1 2 3] TOTAL 4
#### SPLIT train_test_split and CUDA: ??? cuda:0 #### time: 35
#### MODELS - TOTAL 3 ####
#### EPOCHS 1 ####
#### TRAINING MODELS ####
#### TRAINING MODEL CNN_LSTM ####
#### TRAINED MODEL CNN_LSTM model training time: 6.767 total training time: 6.778 ####
#### TRAINING MODEL LSTM_CNN ####
#### TRAINED MODEL LSTM_CNN model training time: 7.698 total training time: 14.476 ####
#### TRAINING MODEL ParallelCNNLSTMModel ####
#### TRAINED MODEL ParallelCNNLSTMModel model training time: 7.593 total training time: 22.069 ####
#### TRAINING TOTAL TIME: 22.058 ####
Accuracy of the CNN_LSTM model on the test set: 85.013766 %
Accuracy of the LSTM_CNN model on the test set: 85.124564 %
Accuracy of the ParallelCNNLSTMModel model on the test set: 87.493285 %
#### TESTING TOTAL TIME: 3.64 ####
#### TIME #### TERMINO #### 15530.898 ####
#### FINITO #### TERMINO #### NO-VA-MAS ####
#### TIMES #### modelling TOTAL TOTAL ==>> 15530.898
#### #### READING DATA FILES #### ####
202 #### COMBI [reg, sid, ban, sec, men, med, sum, aci, mmm, npp, htp] METRICS ####
('Plantation', '/home/vargas/repos/forests-sounds-vargas/out/data/extraction/Plantation/2_00_PSA0010-2010_dict_y_split_7_2512283_1736694580.pkl')
(297840, 11) Index(['reg', 'sid', 'ban', 'sec', 'men', 'med', 'sum', 'aci', 'mmm', 'npp',
       'htp'],
      dtype='object') Index(['reg', 'sid', 'ban', 'sec', 'men', 'med', 'sum', 'aci', 'mmm', 'npp',
       'htp'],
      dtype='object')
#### MERGE 68 merge_data Dataframe shape: (297840, 11) #### time: 41
#### #### SPLIT TRAIN TEST #### ####
#### CLASSES: [0 1 2 3] TOTAL 4
#### SPLIT train_test_split and CUDA: ??? cuda:0 #### time: 34
#### MODELS - TOTAL 3 ####
#### EPOCHS 1 ####
#### TRAINING MODELS ####
#### TRAINING MODEL CNN_LSTM ####
#### TRAINED MODEL CNN_LSTM model training time: 6.629 total training time: 6.64 ####
#### TRAINING MODEL LSTM_CNN ####
#### TRAINED MODEL LSTM_CNN model training time: 7.711 total training time: 14.351 ####
#### TRAINING MODEL ParallelCNNLSTMModel ####
#### TRAINED MODEL ParallelCNNLSTMModel model training time: 7.774 total training time: 22.125 ####
#### TRAINING TOTAL TIME: 22.114 ####
Accuracy of the CNN_LSTM model on the test set: 87.259938 %
Accuracy of the LSTM_CNN model on the test set: 84.555466 %
Accuracy of the ParallelCNNLSTMModel model on the test set: 82.364692 %
#### TESTING TOTAL TIME: 3.546 ####
#### TIME #### TERMINO #### 15607.583 ####
#### FINITO #### TERMINO #### NO-VA-MAS ####
#### TIMES #### modelling TOTAL TOTAL ==>> 15607.583
#### #### READING DATA FILES #### ####
203 #### COMBI [reg, sid, ban, sec, men, med, sum, aci, mmm, npp, hhh] METRICS ####
('Plantation', '/home/vargas/repos/forests-sounds-vargas/out/data/extraction/Plantation/2_00_PSA0010-2010_dict_y_split_7_2512283_1736694580.pkl')
(297840, 11) Index(['reg', 'sid', 'ban', 'sec', 'men', 'med', 'sum', 'aci', 'mmm', 'npp',
       'hhh'],
      dtype='object') Index(['reg', 'sid', 'ban', 'sec', 'men', 'med', 'sum', 'aci', 'mmm', 'npp',
       'hhh'],
      dtype='object')
#### MERGE 68 merge_data Dataframe shape: (297840, 11) #### time: 41
#### #### SPLIT TRAIN TEST #### ####
#### CLASSES: [0 1 2 3] TOTAL 4
#### SPLIT train_test_split and CUDA: ??? cuda:0 #### time: 35
#### MODELS - TOTAL 3 ####
#### EPOCHS 1 ####
#### TRAINING MODELS ####
#### TRAINING MODEL CNN_LSTM ####
#### TRAINED MODEL CNN_LSTM model training time: 6.782 total training time: 6.794 ####
#### TRAINING MODEL LSTM_CNN ####
#### TRAINED MODEL LSTM_CNN model training time: 7.545 total training time: 14.338 ####
#### TRAINING MODEL ParallelCNNLSTMModel ####
#### TRAINED MODEL ParallelCNNLSTMModel model training time: 7.773 total training time: 22.111 ####
#### TRAINING TOTAL TIME: 22.1 ####
Accuracy of the CNN_LSTM model on the test set: 85.461993 %
Accuracy of the LSTM_CNN model on the test set: 76.985966 %
Accuracy of the ParallelCNNLSTMModel model on the test set: 83.801706 %
#### TESTING TOTAL TIME: 3.671 ####
#### TIME #### TERMINO #### 15684.609 ####
#### FINITO #### TERMINO #### NO-VA-MAS ####
#### TIMES #### modelling TOTAL TOTAL ==>> 15684.609
#### #### READING DATA FILES #### ####
204 #### COMBI [reg, sid, ban, sec, men, med, sum, aci, mmm, npp, aei] METRICS ####
('Plantation', '/home/vargas/repos/forests-sounds-vargas/out/data/extraction/Plantation/2_00_PSA0010-2010_dict_y_split_7_2512283_1736694580.pkl')
(297840, 11) Index(['reg', 'sid', 'ban', 'sec', 'men', 'med', 'sum', 'aci', 'mmm', 'npp',
       'aei'],
      dtype='object') Index(['reg', 'sid', 'ban', 'sec', 'men', 'med', 'sum', 'aci', 'mmm', 'npp',
       'aei'],
      dtype='object')
#### MERGE 68 merge_data Dataframe shape: (297840, 11) #### time: 41
#### #### SPLIT TRAIN TEST #### ####
#### CLASSES: [0 1 2 3] TOTAL 4
#### SPLIT train_test_split and CUDA: ??? cuda:0 #### time: 34
#### MODELS - TOTAL 3 ####
#### EPOCHS 1 ####
#### TRAINING MODELS ####
#### TRAINING MODEL CNN_LSTM ####
#### TRAINED MODEL CNN_LSTM model training time: 6.642 total training time: 6.653 ####
#### TRAINING MODEL LSTM_CNN ####
#### TRAINED MODEL LSTM_CNN model training time: 7.711 total training time: 14.363 ####
#### TRAINING MODEL ParallelCNNLSTMModel ####
#### TRAINED MODEL ParallelCNNLSTMModel model training time: 7.806 total training time: 22.17 ####
#### TRAINING TOTAL TIME: 22.159 ####
Accuracy of the CNN_LSTM model on the test set: 85.15646 %
Accuracy of the LSTM_CNN model on the test set: 74.034717 %
Accuracy of the ParallelCNNLSTMModel model on the test set: 83.282971 %
#### TESTING TOTAL TIME: 3.532 ####
#### TIME #### TERMINO #### 15760.517 ####
#### FINITO #### TERMINO #### NO-VA-MAS ####
#### TIMES #### modelling TOTAL TOTAL ==>> 15760.517
#### #### READING DATA FILES #### ####
205 #### COMBI [reg, sid, ban, sec, men, med, sum, aci, mmm, hfq, htp] METRICS ####
('Plantation', '/home/vargas/repos/forests-sounds-vargas/out/data/extraction/Plantation/2_00_PSA0010-2010_dict_y_split_7_2512283_1736694580.pkl')
(297840, 11) Index(['reg', 'sid', 'ban', 'sec', 'men', 'med', 'sum', 'aci', 'mmm', 'hfq',
       'htp'],
      dtype='object') Index(['reg', 'sid', 'ban', 'sec', 'men', 'med', 'sum', 'aci', 'mmm', 'hfq',
       'htp'],
      dtype='object')
#### MERGE 68 merge_data Dataframe shape: (297840, 11) #### time: 39
#### #### SPLIT TRAIN TEST #### ####
#### CLASSES: [0 1 2 3] TOTAL 4
#### SPLIT train_test_split and CUDA: ??? cuda:0 #### time: 34
#### MODELS - TOTAL 3 ####
#### EPOCHS 1 ####
#### TRAINING MODELS ####
#### TRAINING MODEL CNN_LSTM ####
#### TRAINED MODEL CNN_LSTM model training time: 6.795 total training time: 6.806 ####
#### TRAINING MODEL LSTM_CNN ####
#### TRAINED MODEL LSTM_CNN model training time: 7.518 total training time: 14.324 ####
#### TRAINING MODEL ParallelCNNLSTMModel ####
#### TRAINED MODEL ParallelCNNLSTMModel model training time: 7.748 total training time: 22.071 ####
#### TRAINING TOTAL TIME: 22.06 ####
Accuracy of the CNN_LSTM model on the test set: 61.595152 %
Accuracy of the LSTM_CNN model on the test set: 63.074134 %
Accuracy of the ParallelCNNLSTMModel model on the test set: 63.641553 %
#### TESTING TOTAL TIME: 3.511 ####
#### TIME #### TERMINO #### 15834.77 ####
#### FINITO #### TERMINO #### NO-VA-MAS ####
#### TIMES #### modelling TOTAL TOTAL ==>> 15834.77
#### #### READING DATA FILES #### ####
206 #### COMBI [reg, sid, ban, sec, men, med, sum, aci, mmm, hfq, hhh] METRICS ####
('Plantation', '/home/vargas/repos/forests-sounds-vargas/out/data/extraction/Plantation/2_00_PSA0010-2010_dict_y_split_7_2512283_1736694580.pkl')
(297840, 11) Index(['reg', 'sid', 'ban', 'sec', 'men', 'med', 'sum', 'aci', 'mmm', 'hfq',
       'hhh'],
      dtype='object') Index(['reg', 'sid', 'ban', 'sec', 'men', 'med', 'sum', 'aci', 'mmm', 'hfq',
       'hhh'],
      dtype='object')
#### MERGE 68 merge_data Dataframe shape: (297840, 11) #### time: 40
#### #### SPLIT TRAIN TEST #### ####
#### CLASSES: [0 1 2 3] TOTAL 4
#### SPLIT train_test_split and CUDA: ??? cuda:0 #### time: 35
#### MODELS - TOTAL 3 ####
#### EPOCHS 1 ####
#### TRAINING MODELS ####
#### TRAINING MODEL CNN_LSTM ####
#### TRAINED MODEL CNN_LSTM model training time: 6.75 total training time: 6.761 ####
#### TRAINING MODEL LSTM_CNN ####
#### TRAINED MODEL LSTM_CNN model training time: 7.668 total training time: 14.429 ####
#### TRAINING MODEL ParallelCNNLSTMModel ####
#### TRAINED MODEL ParallelCNNLSTMModel model training time: 7.602 total training time: 22.031 ####
#### TRAINING TOTAL TIME: 22.02 ####
Accuracy of the CNN_LSTM model on the test set: 63.070776 %
Accuracy of the LSTM_CNN model on the test set: 63.747314 %
Accuracy of the ParallelCNNLSTMModel model on the test set: 65.531829 %
#### TESTING TOTAL TIME: 3.646 ####
#### TIME #### TERMINO #### 15910.629 ####
#### FINITO #### TERMINO #### NO-VA-MAS ####
#### TIMES #### modelling TOTAL TOTAL ==>> 15910.629
#### #### READING DATA FILES #### ####
207 #### COMBI [reg, sid, ban, sec, men, med, sum, aci, mmm, hfq, aei] METRICS ####
('Plantation', '/home/vargas/repos/forests-sounds-vargas/out/data/extraction/Plantation/2_00_PSA0010-2010_dict_y_split_7_2512283_1736694580.pkl')
(297840, 11) Index(['reg', 'sid', 'ban', 'sec', 'men', 'med', 'sum', 'aci', 'mmm', 'hfq',
       'aei'],
      dtype='object') Index(['reg', 'sid', 'ban', 'sec', 'men', 'med', 'sum', 'aci', 'mmm', 'hfq',
       'aei'],
      dtype='object')
#### MERGE 68 merge_data Dataframe shape: (297840, 11) #### time: 40
#### #### SPLIT TRAIN TEST #### ####
#### CLASSES: [0 1 2 3] TOTAL 4
#### SPLIT train_test_split and CUDA: ??? cuda:0 #### time: 34
#### MODELS - TOTAL 3 ####
#### EPOCHS 1 ####
#### TRAINING MODELS ####
#### TRAINING MODEL CNN_LSTM ####
#### TRAINED MODEL CNN_LSTM model training time: 6.757 total training time: 6.769 ####
#### TRAINING MODEL LSTM_CNN ####
#### TRAINED MODEL LSTM_CNN model training time: 7.541 total training time: 14.309 ####
#### TRAINING MODEL ParallelCNNLSTMModel ####
#### TRAINED MODEL ParallelCNNLSTMModel model training time: 7.776 total training time: 22.085 ####
#### TRAINING TOTAL TIME: 22.074 ####
Accuracy of the CNN_LSTM model on the test set: 65.74671 %
Accuracy of the LSTM_CNN model on the test set: 58.063054 %
Accuracy of the ParallelCNNLSTMModel model on the test set: 64.470857 %
#### TESTING TOTAL TIME: 3.503 ####
#### TIME #### TERMINO #### 15986.153 ####
#### FINITO #### TERMINO #### NO-VA-MAS ####
#### TIMES #### modelling TOTAL TOTAL ==>> 15986.153
#### #### READING DATA FILES #### ####
208 #### COMBI [reg, sid, ban, sec, men, med, sum, aci, mmm, htp, hhh] METRICS ####
('Plantation', '/home/vargas/repos/forests-sounds-vargas/out/data/extraction/Plantation/2_00_PSA0010-2010_dict_y_split_7_2512283_1736694580.pkl')
(297840, 11) Index(['reg', 'sid', 'ban', 'sec', 'men', 'med', 'sum', 'aci', 'mmm', 'htp',
       'hhh'],
      dtype='object') Index(['reg', 'sid', 'ban', 'sec', 'men', 'med', 'sum', 'aci', 'mmm', 'htp',
       'hhh'],
      dtype='object')
#### MERGE 68 merge_data Dataframe shape: (297840, 11) #### time: 40
#### #### SPLIT TRAIN TEST #### ####
#### CLASSES: [0 1 2 3] TOTAL 4
#### SPLIT train_test_split and CUDA: ??? cuda:0 #### time: 34
#### MODELS - TOTAL 3 ####
#### EPOCHS 1 ####
#### TRAINING MODELS ####
#### TRAINING MODEL CNN_LSTM ####
#### TRAINED MODEL CNN_LSTM model training time: 6.747 total training time: 6.759 ####
#### TRAINING MODEL LSTM_CNN ####
#### TRAINED MODEL LSTM_CNN model training time: 7.656 total training time: 14.415 ####
#### TRAINING MODEL ParallelCNNLSTMModel ####
#### TRAINED MODEL ParallelCNNLSTMModel model training time: 7.607 total training time: 22.022 ####
#### TRAINING TOTAL TIME: 22.01 ####
Accuracy of the CNN_LSTM model on the test set: 62.625907 %
Accuracy of the LSTM_CNN model on the test set: 63.272227 %
Accuracy of the ParallelCNNLSTMModel model on the test set: 64.131749 %
#### TESTING TOTAL TIME: 3.642 ####
#### TIME #### TERMINO #### 16062.063 ####
#### FINITO #### TERMINO #### NO-VA-MAS ####
#### TIMES #### modelling TOTAL TOTAL ==>> 16062.063
#### #### READING DATA FILES #### ####
209 #### COMBI [reg, sid, ban, sec, men, med, sum, aci, mmm, htp, aei] METRICS ####
('Plantation', '/home/vargas/repos/forests-sounds-vargas/out/data/extraction/Plantation/2_00_PSA0010-2010_dict_y_split_7_2512283_1736694580.pkl')
(297840, 11) Index(['reg', 'sid', 'ban', 'sec', 'men', 'med', 'sum', 'aci', 'mmm', 'htp',
       'aei'],
      dtype='object') Index(['reg', 'sid', 'ban', 'sec', 'men', 'med', 'sum', 'aci', 'mmm', 'htp',
       'aei'],
      dtype='object')
#### MERGE 68 merge_data Dataframe shape: (297840, 11) #### time: 46
#### #### SPLIT TRAIN TEST #### ####
#### CLASSES: [0 1 2 3] TOTAL 4
#### SPLIT train_test_split and CUDA: ??? cuda:0 #### time: 35
#### MODELS - TOTAL 3 ####
#### EPOCHS 1 ####
#### TRAINING MODELS ####
#### TRAINING MODEL CNN_LSTM ####
#### TRAINED MODEL CNN_LSTM model training time: 6.587 total training time: 6.599 ####
#### TRAINING MODEL LSTM_CNN ####
#### TRAINED MODEL LSTM_CNN model training time: 7.679 total training time: 14.278 ####
#### TRAINING MODEL ParallelCNNLSTMModel ####
#### TRAINED MODEL ParallelCNNLSTMModel model training time: 7.732 total training time: 22.009 ####
#### TRAINING TOTAL TIME: 21.998 ####
Accuracy of the CNN_LSTM model on the test set: 59.436275 %
Accuracy of the LSTM_CNN model on the test set: 59.06527 %
Accuracy of the ParallelCNNLSTMModel model on the test set: 65.531829 %
#### TESTING TOTAL TIME: 3.506 ####
#### TIME #### TERMINO #### 16143.696 ####
#### FINITO #### TERMINO #### NO-VA-MAS ####
#### TIMES #### modelling TOTAL TOTAL ==>> 16143.696
#### #### READING DATA FILES #### ####
210 #### COMBI [reg, sid, ban, sec, men, med, sum, aci, mmm, hhh, aei] METRICS ####
('Plantation', '/home/vargas/repos/forests-sounds-vargas/out/data/extraction/Plantation/2_00_PSA0010-2010_dict_y_split_7_2512283_1736694580.pkl')
(297840, 11) Index(['reg', 'sid', 'ban', 'sec', 'men', 'med', 'sum', 'aci', 'mmm', 'hhh',
       'aei'],
      dtype='object') Index(['reg', 'sid', 'ban', 'sec', 'men', 'med', 'sum', 'aci', 'mmm', 'hhh',
       'aei'],
      dtype='object')
#### MERGE 68 merge_data Dataframe shape: (297840, 11) #### time: 38
#### #### SPLIT TRAIN TEST #### ####
#### CLASSES: [0 1 2 3] TOTAL 4
#### SPLIT train_test_split and CUDA: ??? cuda:0 #### time: 34
#### MODELS - TOTAL 3 ####
#### EPOCHS 1 ####
#### TRAINING MODELS ####
#### TRAINING MODEL CNN_LSTM ####
#### TRAINED MODEL CNN_LSTM model training time: 6.757 total training time: 6.769 ####
#### TRAINING MODEL LSTM_CNN ####
#### TRAINED MODEL LSTM_CNN model training time: 7.519 total training time: 14.288 ####
#### TRAINING MODEL ParallelCNNLSTMModel ####
#### TRAINED MODEL ParallelCNNLSTMModel model training time: 7.751 total training time: 22.039 ####
#### TRAINING TOTAL TIME: 22.027 ####
Accuracy of the CNN_LSTM model on the test set: 60.161496 %
Accuracy of the LSTM_CNN model on the test set: 59.693124 %
Accuracy of the ParallelCNNLSTMModel model on the test set: 65.196078 %
#### TESTING TOTAL TIME: 3.649 ####
#### TIME #### TERMINO #### 16217.311 ####
#### FINITO #### TERMINO #### NO-VA-MAS ####
#### TIMES #### modelling TOTAL TOTAL ==>> 16217.311
#### #### READING DATA FILES #### ####
211 #### COMBI [reg, sid, ban, sec, men, med, sum, aci, npp, hfq, htp] METRICS ####
('Plantation', '/home/vargas/repos/forests-sounds-vargas/out/data/extraction/Plantation/2_00_PSA0010-2010_dict_y_split_7_2512283_1736694580.pkl')
(297840, 11) Index(['reg', 'sid', 'ban', 'sec', 'men', 'med', 'sum', 'aci', 'npp', 'hfq',
       'htp'],
      dtype='object') Index(['reg', 'sid', 'ban', 'sec', 'men', 'med', 'sum', 'aci', 'npp', 'hfq',
       'htp'],
      dtype='object')
#### MERGE 68 merge_data Dataframe shape: (297840, 11) #### time: 40
#### #### SPLIT TRAIN TEST #### ####
#### CLASSES: [0 1 2 3] TOTAL 4
#### SPLIT train_test_split and CUDA: ??? cuda:0 #### time: 35
#### MODELS - TOTAL 3 ####
#### EPOCHS 1 ####
#### TRAINING MODELS ####
#### TRAINING MODEL CNN_LSTM ####
#### TRAINED MODEL CNN_LSTM model training time: 6.592 total training time: 6.603 ####
#### TRAINING MODEL LSTM_CNN ####
#### TRAINED MODEL LSTM_CNN model training time: 7.707 total training time: 14.31 ####
#### TRAINING MODEL ParallelCNNLSTMModel ####
#### TRAINED MODEL ParallelCNNLSTMModel model training time: 7.734 total training time: 22.044 ####
#### TRAINING TOTAL TIME: 22.033 ####
Accuracy of the CNN_LSTM model on the test set: 87.637658 %
Accuracy of the LSTM_CNN model on the test set: 61.093204 %
Accuracy of the ParallelCNNLSTMModel model on the test set: 87.281762 %
#### TESTING TOTAL TIME: 3.507 ####
#### TIME #### TERMINO #### 16292.819 ####
#### FINITO #### TERMINO #### NO-VA-MAS ####
#### TIMES #### modelling TOTAL TOTAL ==>> 16292.819
#### #### READING DATA FILES #### ####
212 #### COMBI [reg, sid, ban, sec, men, med, sum, aci, npp, hfq, hhh] METRICS ####
('Plantation', '/home/vargas/repos/forests-sounds-vargas/out/data/extraction/Plantation/2_00_PSA0010-2010_dict_y_split_7_2512283_1736694580.pkl')
(297840, 11) Index(['reg', 'sid', 'ban', 'sec', 'men', 'med', 'sum', 'aci', 'npp', 'hfq',
       'hhh'],
      dtype='object') Index(['reg', 'sid', 'ban', 'sec', 'men', 'med', 'sum', 'aci', 'npp', 'hfq',
       'hhh'],
      dtype='object')
#### MERGE 68 merge_data Dataframe shape: (297840, 11) #### time: 43
#### #### SPLIT TRAIN TEST #### ####
#### CLASSES: [0 1 2 3] TOTAL 4
#### SPLIT train_test_split and CUDA: ??? cuda:0 #### time: 34
#### MODELS - TOTAL 3 ####
#### EPOCHS 1 ####
#### TRAINING MODELS ####
#### TRAINING MODEL CNN_LSTM ####
#### TRAINED MODEL CNN_LSTM model training time: 6.75 total training time: 6.761 ####
#### TRAINING MODEL LSTM_CNN ####
#### TRAINED MODEL LSTM_CNN model training time: 7.555 total training time: 14.316 ####
#### TRAINING MODEL ParallelCNNLSTMModel ####
#### TRAINED MODEL ParallelCNNLSTMModel model training time: 7.754 total training time: 22.07 ####
#### TRAINING TOTAL TIME: 22.058 ####
Accuracy of the CNN_LSTM model on the test set: 84.501746 %
Accuracy of the LSTM_CNN model on the test set: 73.470655 %
Accuracy of the ParallelCNNLSTMModel model on the test set: 86.306406 %
#### TESTING TOTAL TIME: 3.51 ####
#### TIME #### TERMINO #### 16371.708 ####
#### FINITO #### TERMINO #### NO-VA-MAS ####
#### TIMES #### modelling TOTAL TOTAL ==>> 16371.708
#### #### READING DATA FILES #### ####
213 #### COMBI [reg, sid, ban, sec, men, med, sum, aci, npp, hfq, aei] METRICS ####
('Plantation', '/home/vargas/repos/forests-sounds-vargas/out/data/extraction/Plantation/2_00_PSA0010-2010_dict_y_split_7_2512283_1736694580.pkl')
(297840, 11) Index(['reg', 'sid', 'ban', 'sec', 'men', 'med', 'sum', 'aci', 'npp', 'hfq',
       'aei'],
      dtype='object') Index(['reg', 'sid', 'ban', 'sec', 'men', 'med', 'sum', 'aci', 'npp', 'hfq',
       'aei'],
      dtype='object')
#### MERGE 68 merge_data Dataframe shape: (297840, 11) #### time: 47
#### #### SPLIT TRAIN TEST #### ####
#### CLASSES: [0 1 2 3] TOTAL 4
#### SPLIT train_test_split and CUDA: ??? cuda:0 #### time: 35
#### MODELS - TOTAL 3 ####
#### EPOCHS 1 ####
#### TRAINING MODELS ####
#### TRAINING MODEL CNN_LSTM ####
#### TRAINED MODEL CNN_LSTM model training time: 6.605 total training time: 6.616 ####
#### TRAINING MODEL LSTM_CNN ####
#### TRAINED MODEL LSTM_CNN model training time: 7.699 total training time: 14.316 ####
#### TRAINING MODEL ParallelCNNLSTMModel ####
#### TRAINED MODEL ParallelCNNLSTMModel model training time: 7.661 total training time: 21.977 ####
#### TRAINING TOTAL TIME: 21.965 ####
Accuracy of the CNN_LSTM model on the test set: 84.605829 %
Accuracy of the LSTM_CNN model on the test set: 82.240465 %
Accuracy of the ParallelCNNLSTMModel model on the test set: 87.693057 %
#### TESTING TOTAL TIME: 3.662 ####
#### TIME #### TERMINO #### 16454.147 ####
#### FINITO #### TERMINO #### NO-VA-MAS ####
#### TIMES #### modelling TOTAL TOTAL ==>> 16454.147
#### #### READING DATA FILES #### ####
214 #### COMBI [reg, sid, ban, sec, men, med, sum, aci, npp, htp, hhh] METRICS ####
('Plantation', '/home/vargas/repos/forests-sounds-vargas/out/data/extraction/Plantation/2_00_PSA0010-2010_dict_y_split_7_2512283_1736694580.pkl')
(297840, 11) Index(['reg', 'sid', 'ban', 'sec', 'men', 'med', 'sum', 'aci', 'npp', 'htp',
       'hhh'],
      dtype='object') Index(['reg', 'sid', 'ban', 'sec', 'men', 'med', 'sum', 'aci', 'npp', 'htp',
       'hhh'],
      dtype='object')
#### MERGE 68 merge_data Dataframe shape: (297840, 11) #### time: 40
#### #### SPLIT TRAIN TEST #### ####
#### CLASSES: [0 1 2 3] TOTAL 4
#### SPLIT train_test_split and CUDA: ??? cuda:0 #### time: 35
#### MODELS - TOTAL 3 ####
#### EPOCHS 1 ####
#### TRAINING MODELS ####
#### TRAINING MODEL CNN_LSTM ####
#### TRAINED MODEL CNN_LSTM model training time: 6.74 total training time: 6.751 ####
#### TRAINING MODEL LSTM_CNN ####
#### TRAINED MODEL LSTM_CNN model training time: 7.548 total training time: 14.299 ####
#### TRAINING MODEL ParallelCNNLSTMModel ####
#### TRAINED MODEL ParallelCNNLSTMModel model training time: 7.817 total training time: 22.116 ####
#### TRAINING TOTAL TIME: 22.105 ####
Accuracy of the CNN_LSTM model on the test set: 87.478176 %
Accuracy of the LSTM_CNN model on the test set: 80.957897 %
Accuracy of the ParallelCNNLSTMModel model on the test set: 88.013699 %
#### TESTING TOTAL TIME: 3.531 ####
#### TIME #### TERMINO #### 16529.933 ####
#### FINITO #### TERMINO #### NO-VA-MAS ####
#### TIMES #### modelling TOTAL TOTAL ==>> 16529.933
#### #### READING DATA FILES #### ####
215 #### COMBI [reg, sid, ban, sec, men, med, sum, aci, npp, htp, aei] METRICS ####
('Plantation', '/home/vargas/repos/forests-sounds-vargas/out/data/extraction/Plantation/2_00_PSA0010-2010_dict_y_split_7_2512283_1736694580.pkl')
(297840, 11) Index(['reg', 'sid', 'ban', 'sec', 'men', 'med', 'sum', 'aci', 'npp', 'htp',
       'aei'],
      dtype='object') Index(['reg', 'sid', 'ban', 'sec', 'men', 'med', 'sum', 'aci', 'npp', 'htp',
       'aei'],
      dtype='object')
#### MERGE 68 merge_data Dataframe shape: (297840, 11) #### time: 41
#### #### SPLIT TRAIN TEST #### ####
#### CLASSES: [0 1 2 3] TOTAL 4
#### SPLIT train_test_split and CUDA: ??? cuda:0 #### time: 35
#### MODELS - TOTAL 3 ####
#### EPOCHS 1 ####
#### TRAINING MODELS ####
#### TRAINING MODEL CNN_LSTM ####
#### TRAINED MODEL CNN_LSTM model training time: 6.797 total training time: 6.808 ####
#### TRAINING MODEL LSTM_CNN ####
#### TRAINED MODEL LSTM_CNN model training time: 7.725 total training time: 14.533 ####
#### TRAINING MODEL ParallelCNNLSTMModel ####
#### TRAINED MODEL ParallelCNNLSTMModel model training time: 7.681 total training time: 22.214 ####
#### TRAINING TOTAL TIME: 22.203 ####
Accuracy of the CNN_LSTM model on the test set: 82.83978 %
Accuracy of the LSTM_CNN model on the test set: 62.342197 %
Accuracy of the ParallelCNNLSTMModel model on the test set: 85.836355 %
#### TESTING TOTAL TIME: 3.677 ####
#### TIME #### TERMINO #### 16606.861 ####
#### FINITO #### TERMINO #### NO-VA-MAS ####
#### TIMES #### modelling TOTAL TOTAL ==>> 16606.861
#### #### READING DATA FILES #### ####
216 #### COMBI [reg, sid, ban, sec, men, med, sum, aci, npp, hhh, aei] METRICS ####
('Plantation', '/home/vargas/repos/forests-sounds-vargas/out/data/extraction/Plantation/2_00_PSA0010-2010_dict_y_split_7_2512283_1736694580.pkl')
(297840, 11) Index(['reg', 'sid', 'ban', 'sec', 'men', 'med', 'sum', 'aci', 'npp', 'hhh',
       'aei'],
      dtype='object') Index(['reg', 'sid', 'ban', 'sec', 'men', 'med', 'sum', 'aci', 'npp', 'hhh',
       'aei'],
      dtype='object')
#### MERGE 68 merge_data Dataframe shape: (297840, 11) #### time: 41
#### #### SPLIT TRAIN TEST #### ####
#### CLASSES: [0 1 2 3] TOTAL 4
#### SPLIT train_test_split and CUDA: ??? cuda:0 #### time: 35
#### MODELS - TOTAL 3 ####
#### EPOCHS 1 ####
#### TRAINING MODELS ####
#### TRAINING MODEL CNN_LSTM ####
#### TRAINED MODEL CNN_LSTM model training time: 6.645 total training time: 6.657 ####
#### TRAINING MODEL LSTM_CNN ####
#### TRAINED MODEL LSTM_CNN model training time: 7.695 total training time: 14.351 ####
#### TRAINING MODEL ParallelCNNLSTMModel ####
#### TRAINED MODEL ParallelCNNLSTMModel model training time: 7.682 total training time: 22.034 ####
#### TRAINING TOTAL TIME: 22.022 ####
Accuracy of the CNN_LSTM model on the test set: 85.314263 %
Accuracy of the LSTM_CNN model on the test set: 83.72784 %
Accuracy of the ParallelCNNLSTMModel model on the test set: 86.820105 %
#### TESTING TOTAL TIME: 3.525 ####
#### TIME #### TERMINO #### 16683.223 ####
#### FINITO #### TERMINO #### NO-VA-MAS ####
#### TIMES #### modelling TOTAL TOTAL ==>> 16683.223
#### #### READING DATA FILES #### ####
217 #### COMBI [reg, sid, ban, sec, men, med, sum, aci, hfq, htp, hhh] METRICS ####
('Plantation', '/home/vargas/repos/forests-sounds-vargas/out/data/extraction/Plantation/2_00_PSA0010-2010_dict_y_split_7_2512283_1736694580.pkl')
(297840, 11) Index(['reg', 'sid', 'ban', 'sec', 'men', 'med', 'sum', 'aci', 'hfq', 'htp',
       'hhh'],
      dtype='object') Index(['reg', 'sid', 'ban', 'sec', 'men', 'med', 'sum', 'aci', 'hfq', 'htp',
       'hhh'],
      dtype='object')
#### MERGE 68 merge_data Dataframe shape: (297840, 11) #### time: 40
#### #### SPLIT TRAIN TEST #### ####
#### CLASSES: [0 1 2 3] TOTAL 4
#### SPLIT train_test_split and CUDA: ??? cuda:0 #### time: 35
#### MODELS - TOTAL 3 ####
#### EPOCHS 1 ####
#### TRAINING MODELS ####
#### TRAINING MODEL CNN_LSTM ####
#### TRAINED MODEL CNN_LSTM model training time: 6.694 total training time: 6.705 ####
#### TRAINING MODEL LSTM_CNN ####
#### TRAINED MODEL LSTM_CNN model training time: 7.628 total training time: 14.333 ####
#### TRAINING MODEL ParallelCNNLSTMModel ####
#### TRAINED MODEL ParallelCNNLSTMModel model training time: 7.534 total training time: 21.868 ####
#### TRAINING TOTAL TIME: 21.857 ####
Accuracy of the CNN_LSTM model on the test set: 62.35227 %
Accuracy of the LSTM_CNN model on the test set: 61.559898 %
Accuracy of the ParallelCNNLSTMModel model on the test set: 65.424389 %
#### TESTING TOTAL TIME: 3.675 ####
#### TIME #### TERMINO #### 16758.813 ####
#### FINITO #### TERMINO #### NO-VA-MAS ####
#### TIMES #### modelling TOTAL TOTAL ==>> 16758.813
#### #### READING DATA FILES #### ####
218 #### COMBI [reg, sid, ban, sec, men, med, sum, aci, hfq, htp, aei] METRICS ####
('Plantation', '/home/vargas/repos/forests-sounds-vargas/out/data/extraction/Plantation/2_00_PSA0010-2010_dict_y_split_7_2512283_1736694580.pkl')
(297840, 11) Index(['reg', 'sid', 'ban', 'sec', 'men', 'med', 'sum', 'aci', 'hfq', 'htp',
       'aei'],
      dtype='object') Index(['reg', 'sid', 'ban', 'sec', 'men', 'med', 'sum', 'aci', 'hfq', 'htp',
       'aei'],
      dtype='object')
#### MERGE 68 merge_data Dataframe shape: (297840, 11) #### time: 42
#### #### SPLIT TRAIN TEST #### ####
#### CLASSES: [0 1 2 3] TOTAL 4
#### SPLIT train_test_split and CUDA: ??? cuda:0 #### time: 35
#### MODELS - TOTAL 3 ####
#### EPOCHS 1 ####
#### TRAINING MODELS ####
#### TRAINING MODEL CNN_LSTM ####
#### TRAINED MODEL CNN_LSTM model training time: 6.539 total training time: 6.551 ####
#### TRAINING MODEL LSTM_CNN ####
#### TRAINED MODEL LSTM_CNN model training time: 7.649 total training time: 14.2 ####
#### TRAINING MODEL ParallelCNNLSTMModel ####
#### TRAINED MODEL ParallelCNNLSTMModel model training time: 7.689 total training time: 21.889 ####
#### TRAINING TOTAL TIME: 21.878 ####
Accuracy of the CNN_LSTM model on the test set: 59.318762 %
Accuracy of the LSTM_CNN model on the test set: 65.753425 %
Accuracy of the ParallelCNNLSTMModel model on the test set: 65.293446 %
#### TESTING TOTAL TIME: 3.529 ####
#### TIME #### TERMINO #### 16835.842 ####
#### FINITO #### TERMINO #### NO-VA-MAS ####
#### TIMES #### modelling TOTAL TOTAL ==>> 16835.842
#### #### READING DATA FILES #### ####
219 #### COMBI [reg, sid, ban, sec, men, med, sum, aci, hfq, hhh, aei] METRICS ####
('Plantation', '/home/vargas/repos/forests-sounds-vargas/out/data/extraction/Plantation/2_00_PSA0010-2010_dict_y_split_7_2512283_1736694580.pkl')
(297840, 11) Index(['reg', 'sid', 'ban', 'sec', 'men', 'med', 'sum', 'aci', 'hfq', 'hhh',
       'aei'],
      dtype='object') Index(['reg', 'sid', 'ban', 'sec', 'men', 'med', 'sum', 'aci', 'hfq', 'hhh',
       'aei'],
      dtype='object')
#### MERGE 68 merge_data Dataframe shape: (297840, 11) #### time: 42
#### #### SPLIT TRAIN TEST #### ####
#### CLASSES: [0 1 2 3] TOTAL 4
#### SPLIT train_test_split and CUDA: ??? cuda:0 #### time: 35
#### MODELS - TOTAL 3 ####
#### EPOCHS 1 ####
#### TRAINING MODELS ####
#### TRAINING MODEL CNN_LSTM ####
#### TRAINED MODEL CNN_LSTM model training time: 6.799 total training time: 6.81 ####
#### TRAINING MODEL LSTM_CNN ####
#### TRAINED MODEL LSTM_CNN model training time: 7.61 total training time: 14.42 ####
#### TRAINING MODEL ParallelCNNLSTMModel ####
#### TRAINED MODEL ParallelCNNLSTMModel model training time: 7.82 total training time: 22.241 ####
#### TRAINING TOTAL TIME: 22.23 ####
Accuracy of the CNN_LSTM model on the test set: 62.429492 %
Accuracy of the LSTM_CNN model on the test set: 62.568829 %
Accuracy of the ParallelCNNLSTMModel model on the test set: 64.477572 %
#### TESTING TOTAL TIME: 3.669 ####
#### TIME #### TERMINO #### 16913.793 ####
#### FINITO #### TERMINO #### NO-VA-MAS ####
#### TIMES #### modelling TOTAL TOTAL ==>> 16913.793
#### #### READING DATA FILES #### ####
220 #### COMBI [reg, sid, ban, sec, men, med, sum, aci, htp, hhh, aei] METRICS ####
('Plantation', '/home/vargas/repos/forests-sounds-vargas/out/data/extraction/Plantation/2_00_PSA0010-2010_dict_y_split_7_2512283_1736694580.pkl')
(297840, 11) Index(['reg', 'sid', 'ban', 'sec', 'men', 'med', 'sum', 'aci', 'htp', 'hhh',
       'aei'],
      dtype='object') Index(['reg', 'sid', 'ban', 'sec', 'men', 'med', 'sum', 'aci', 'htp', 'hhh',
       'aei'],
      dtype='object')
#### MERGE 68 merge_data Dataframe shape: (297840, 11) #### time: 40
#### #### SPLIT TRAIN TEST #### ####
#### CLASSES: [0 1 2 3] TOTAL 4
#### SPLIT train_test_split and CUDA: ??? cuda:0 #### time: 34
#### MODELS - TOTAL 3 ####
#### EPOCHS 1 ####
#### TRAINING MODELS ####
#### TRAINING MODEL CNN_LSTM ####
#### TRAINED MODEL CNN_LSTM model training time: 6.654 total training time: 6.665 ####
#### TRAINING MODEL LSTM_CNN ####
#### TRAINED MODEL LSTM_CNN model training time: 7.747 total training time: 14.412 ####
#### TRAINING MODEL ParallelCNNLSTMModel ####
#### TRAINED MODEL ParallelCNNLSTMModel model training time: 7.668 total training time: 22.08 ####
#### TRAINING TOTAL TIME: 22.069 ####
Accuracy of the CNN_LSTM model on the test set: 55.801773 %
Accuracy of the LSTM_CNN model on the test set: 62.471461 %
Accuracy of the ParallelCNNLSTMModel model on the test set: 64.239189 %
#### TESTING TOTAL TIME: 3.694 ####
#### TIME #### TERMINO #### 16988.948 ####
#### FINITO #### TERMINO #### NO-VA-MAS ####
#### TIMES #### modelling TOTAL TOTAL ==>> 16988.948
#### #### READING DATA FILES #### ####
221 #### COMBI [reg, sid, ban, sec, men, med, sum, bet, mmm, npp, hfq] METRICS ####
('Plantation', '/home/vargas/repos/forests-sounds-vargas/out/data/extraction/Plantation/2_00_PSA0010-2010_dict_y_split_7_2512283_1736694580.pkl')
(297840, 11) Index(['reg', 'sid', 'ban', 'sec', 'men', 'med', 'sum', 'bet', 'mmm', 'npp',
       'hfq'],
      dtype='object') Index(['reg', 'sid', 'ban', 'sec', 'men', 'med', 'sum', 'bet', 'mmm', 'npp',
       'hfq'],
      dtype='object')
#### MERGE 68 merge_data Dataframe shape: (297840, 11) #### time: 39
#### #### SPLIT TRAIN TEST #### ####
#### CLASSES: [0 1 2 3] TOTAL 4
#### SPLIT train_test_split and CUDA: ??? cuda:0 #### time: 35
#### MODELS - TOTAL 3 ####
#### EPOCHS 1 ####
#### TRAINING MODELS ####
#### TRAINING MODEL CNN_LSTM ####
#### TRAINED MODEL CNN_LSTM model training time: 6.803 total training time: 6.814 ####
#### TRAINING MODEL LSTM_CNN ####
#### TRAINED MODEL LSTM_CNN model training time: 7.611 total training time: 14.425 ####
#### TRAINING MODEL ParallelCNNLSTMModel ####
#### TRAINED MODEL ParallelCNNLSTMModel model training time: 7.769 total training time: 22.195 ####
#### TRAINING TOTAL TIME: 22.183 ####
Accuracy of the CNN_LSTM model on the test set: 87.538611 %
Accuracy of the LSTM_CNN model on the test set: 90.362275 %
Accuracy of the ParallelCNNLSTMModel model on the test set: 93.567016 %
#### TESTING TOTAL TIME: 3.525 ####
#### TIME #### TERMINO #### 17063.635 ####
#### FINITO #### TERMINO #### NO-VA-MAS ####
#### TIMES #### modelling TOTAL TOTAL ==>> 17063.635
#### #### READING DATA FILES #### ####
222 #### COMBI [reg, sid, ban, sec, men, med, sum, bet, mmm, npp, htp] METRICS ####
('Plantation', '/home/vargas/repos/forests-sounds-vargas/out/data/extraction/Plantation/2_00_PSA0010-2010_dict_y_split_7_2512283_1736694580.pkl')
(297840, 11) Index(['reg', 'sid', 'ban', 'sec', 'men', 'med', 'sum', 'bet', 'mmm', 'npp',
       'htp'],
      dtype='object') Index(['reg', 'sid', 'ban', 'sec', 'men', 'med', 'sum', 'bet', 'mmm', 'npp',
       'htp'],
      dtype='object')
#### MERGE 68 merge_data Dataframe shape: (297840, 11) #### time: 44
#### #### SPLIT TRAIN TEST #### ####
#### CLASSES: [0 1 2 3] TOTAL 4
#### SPLIT train_test_split and CUDA: ??? cuda:0 #### time: 34
#### MODELS - TOTAL 3 ####
#### EPOCHS 1 ####
#### TRAINING MODELS ####
#### TRAINING MODEL CNN_LSTM ####
#### TRAINED MODEL CNN_LSTM model training time: 6.695 total training time: 6.707 ####
#### TRAINING MODEL LSTM_CNN ####
#### TRAINED MODEL LSTM_CNN model training time: 7.629 total training time: 14.336 ####
#### TRAINING MODEL ParallelCNNLSTMModel ####
#### TRAINED MODEL ParallelCNNLSTMModel model training time: 7.677 total training time: 22.013 ####
#### TRAINING TOTAL TIME: 22.002 ####
Accuracy of the CNN_LSTM model on the test set: 90.686275 %
Accuracy of the LSTM_CNN model on the test set: 59.874429 %
Accuracy of the ParallelCNNLSTMModel model on the test set: 93.068426 %
#### TESTING TOTAL TIME: 3.664 ####
#### TIME #### TERMINO #### 17142.922 ####
#### FINITO #### TERMINO #### NO-VA-MAS ####
#### TIMES #### modelling TOTAL TOTAL ==>> 17142.922
#### #### READING DATA FILES #### ####
223 #### COMBI [reg, sid, ban, sec, men, med, sum, bet, mmm, npp, hhh] METRICS ####
('Plantation', '/home/vargas/repos/forests-sounds-vargas/out/data/extraction/Plantation/2_00_PSA0010-2010_dict_y_split_7_2512283_1736694580.pkl')
(297840, 11) Index(['reg', 'sid', 'ban', 'sec', 'men', 'med', 'sum', 'bet', 'mmm', 'npp',
       'hhh'],
      dtype='object') Index(['reg', 'sid', 'ban', 'sec', 'men', 'med', 'sum', 'bet', 'mmm', 'npp',
       'hhh'],
      dtype='object')
#### MERGE 68 merge_data Dataframe shape: (297840, 11) #### time: 42
#### #### SPLIT TRAIN TEST #### ####
#### CLASSES: [0 1 2 3] TOTAL 4
#### SPLIT train_test_split and CUDA: ??? cuda:0 #### time: 34
#### MODELS - TOTAL 3 ####
#### EPOCHS 1 ####
#### TRAINING MODELS ####
#### TRAINING MODEL CNN_LSTM ####
#### TRAINED MODEL CNN_LSTM model training time: 6.788 total training time: 6.799 ####
#### TRAINING MODEL LSTM_CNN ####
#### TRAINED MODEL LSTM_CNN model training time: 7.56 total training time: 14.359 ####
#### TRAINING MODEL ParallelCNNLSTMModel ####
#### TRAINED MODEL ParallelCNNLSTMModel model training time: 7.773 total training time: 22.132 ####
#### TRAINING TOTAL TIME: 22.121 ####
Accuracy of the CNN_LSTM model on the test set: 89.927478 %
Accuracy of the LSTM_CNN model on the test set: 64.673986 %
Accuracy of the ParallelCNNLSTMModel model on the test set: 93.630808 %
#### TESTING TOTAL TIME: 3.512 ####
#### TIME #### TERMINO #### 17220.236 ####
#### FINITO #### TERMINO #### NO-VA-MAS ####
#### TIMES #### modelling TOTAL TOTAL ==>> 17220.236
#### #### READING DATA FILES #### ####
224 #### COMBI [reg, sid, ban, sec, men, med, sum, bet, mmm, npp, aei] METRICS ####
('Plantation', '/home/vargas/repos/forests-sounds-vargas/out/data/extraction/Plantation/2_00_PSA0010-2010_dict_y_split_7_2512283_1736694580.pkl')
(297840, 11) Index(['reg', 'sid', 'ban', 'sec', 'men', 'med', 'sum', 'bet', 'mmm', 'npp',
       'aei'],
      dtype='object') Index(['reg', 'sid', 'ban', 'sec', 'men', 'med', 'sum', 'bet', 'mmm', 'npp',
       'aei'],
      dtype='object')
#### MERGE 68 merge_data Dataframe shape: (297840, 11) #### time: 42
#### #### SPLIT TRAIN TEST #### ####
#### CLASSES: [0 1 2 3] TOTAL 4
#### SPLIT train_test_split and CUDA: ??? cuda:0 #### time: 34
#### MODELS - TOTAL 3 ####
#### EPOCHS 1 ####
#### TRAINING MODELS ####
#### TRAINING MODEL CNN_LSTM ####
#### TRAINED MODEL CNN_LSTM model training time: 6.768 total training time: 6.779 ####
#### TRAINING MODEL LSTM_CNN ####
#### TRAINED MODEL LSTM_CNN model training time: 7.707 total training time: 14.486 ####
#### TRAINING MODEL ParallelCNNLSTMModel ####
#### TRAINED MODEL ParallelCNNLSTMModel model training time: 7.633 total training time: 22.119 ####
#### TRAINING TOTAL TIME: 22.108 ####
Accuracy of the CNN_LSTM model on the test set: 92.751142 %
Accuracy of the LSTM_CNN model on the test set: 83.991405 %
Accuracy of the ParallelCNNLSTMModel model on the test set: 93.394104 %
#### TESTING TOTAL TIME: 3.657 ####
#### TIME #### TERMINO #### 17297.309 ####
#### FINITO #### TERMINO #### NO-VA-MAS ####
#### TIMES #### modelling TOTAL TOTAL ==>> 17297.309
#### #### READING DATA FILES #### ####
225 #### COMBI [reg, sid, ban, sec, men, med, sum, bet, mmm, hfq, htp] METRICS ####
('Plantation', '/home/vargas/repos/forests-sounds-vargas/out/data/extraction/Plantation/2_00_PSA0010-2010_dict_y_split_7_2512283_1736694580.pkl')
(297840, 11) Index(['reg', 'sid', 'ban', 'sec', 'men', 'med', 'sum', 'bet', 'mmm', 'hfq',
       'htp'],
      dtype='object') Index(['reg', 'sid', 'ban', 'sec', 'men', 'med', 'sum', 'bet', 'mmm', 'hfq',
       'htp'],
      dtype='object')
#### MERGE 68 merge_data Dataframe shape: (297840, 11) #### time: 42
#### #### SPLIT TRAIN TEST #### ####
#### CLASSES: [0 1 2 3] TOTAL 4
#### SPLIT train_test_split and CUDA: ??? cuda:0 #### time: 34
#### MODELS - TOTAL 3 ####
#### EPOCHS 1 ####
#### TRAINING MODELS ####
#### TRAINING MODEL CNN_LSTM ####
#### TRAINED MODEL CNN_LSTM model training time: 6.616 total training time: 6.627 ####
#### TRAINING MODEL LSTM_CNN ####
#### TRAINED MODEL LSTM_CNN model training time: 7.677 total training time: 14.305 ####
#### TRAINING MODEL ParallelCNNLSTMModel ####
#### TRAINED MODEL ParallelCNNLSTMModel model training time: 7.818 total training time: 22.122 ####
#### TRAINING TOTAL TIME: 22.111 ####
Accuracy of the CNN_LSTM model on the test set: 79.138128 %
Accuracy of the LSTM_CNN model on the test set: 57.571179 %
Accuracy of the ParallelCNNLSTMModel model on the test set: 79.139807 %
#### TESTING TOTAL TIME: 3.521 ####
#### TIME #### TERMINO #### 17374.614 ####
#### FINITO #### TERMINO #### NO-VA-MAS ####
#### TIMES #### modelling TOTAL TOTAL ==>> 17374.614
#### #### READING DATA FILES #### ####
226 #### COMBI [reg, sid, ban, sec, men, med, sum, bet, mmm, hfq, hhh] METRICS ####
('Plantation', '/home/vargas/repos/forests-sounds-vargas/out/data/extraction/Plantation/2_00_PSA0010-2010_dict_y_split_7_2512283_1736694580.pkl')
(297840, 11) Index(['reg', 'sid', 'ban', 'sec', 'men', 'med', 'sum', 'bet', 'mmm', 'hfq',
       'hhh'],
      dtype='object') Index(['reg', 'sid', 'ban', 'sec', 'men', 'med', 'sum', 'bet', 'mmm', 'hfq',
       'hhh'],
      dtype='object')
#### MERGE 68 merge_data Dataframe shape: (297840, 11) #### time: 40
#### #### SPLIT TRAIN TEST #### ####
#### CLASSES: [0 1 2 3] TOTAL 4
#### SPLIT train_test_split and CUDA: ??? cuda:0 #### time: 35
#### MODELS - TOTAL 3 ####
#### EPOCHS 1 ####
#### TRAINING MODELS ####
#### TRAINING MODEL CNN_LSTM ####
#### TRAINED MODEL CNN_LSTM model training time: 6.774 total training time: 6.786 ####
#### TRAINING MODEL LSTM_CNN ####
#### TRAINED MODEL LSTM_CNN model training time: 7.561 total training time: 14.347 ####
#### TRAINING MODEL ParallelCNNLSTMModel ####
#### TRAINED MODEL ParallelCNNLSTMModel model training time: 7.752 total training time: 22.099 ####
#### TRAINING TOTAL TIME: 22.087 ####
Accuracy of the CNN_LSTM model on the test set: 78.788947 %
Accuracy of the LSTM_CNN model on the test set: 56.933253 %
Accuracy of the ParallelCNNLSTMModel model on the test set: 78.950107 %
#### TESTING TOTAL TIME: 3.646 ####
#### TIME #### TERMINO #### 17450.072 ####
#### FINITO #### TERMINO #### NO-VA-MAS ####
#### TIMES #### modelling TOTAL TOTAL ==>> 17450.072
#### #### READING DATA FILES #### ####
227 #### COMBI [reg, sid, ban, sec, men, med, sum, bet, mmm, hfq, aei] METRICS ####
('Plantation', '/home/vargas/repos/forests-sounds-vargas/out/data/extraction/Plantation/2_00_PSA0010-2010_dict_y_split_7_2512283_1736694580.pkl')
(297840, 11) Index(['reg', 'sid', 'ban', 'sec', 'men', 'med', 'sum', 'bet', 'mmm', 'hfq',
       'aei'],
      dtype='object') Index(['reg', 'sid', 'ban', 'sec', 'men', 'med', 'sum', 'bet', 'mmm', 'hfq',
       'aei'],
      dtype='object')
#### MERGE 68 merge_data Dataframe shape: (297840, 11) #### time: 42
#### #### SPLIT TRAIN TEST #### ####
#### CLASSES: [0 1 2 3] TOTAL 4
#### SPLIT train_test_split and CUDA: ??? cuda:0 #### time: 35
#### MODELS - TOTAL 3 ####
#### EPOCHS 1 ####
#### TRAINING MODELS ####
#### TRAINING MODEL CNN_LSTM ####
#### TRAINED MODEL CNN_LSTM model training time: 6.616 total training time: 6.627 ####
#### TRAINING MODEL LSTM_CNN ####
#### TRAINED MODEL LSTM_CNN model training time: 7.71 total training time: 14.337 ####
#### TRAINING MODEL ParallelCNNLSTMModel ####
#### TRAINED MODEL ParallelCNNLSTMModel model training time: 7.769 total training time: 22.106 ####
#### TRAINING TOTAL TIME: 22.095 ####
Accuracy of the CNN_LSTM model on the test set: 78.736906 %
Accuracy of the LSTM_CNN model on the test set: 55.036261 %
Accuracy of the ParallelCNNLSTMModel model on the test set: 79.247247 %
#### TESTING TOTAL TIME: 3.532 ####
#### TIME #### TERMINO #### 17527.197 ####
#### FINITO #### TERMINO #### NO-VA-MAS ####
#### TIMES #### modelling TOTAL TOTAL ==>> 17527.197
#### #### READING DATA FILES #### ####
228 #### COMBI [reg, sid, ban, sec, men, med, sum, bet, mmm, htp, hhh] METRICS ####
('Plantation', '/home/vargas/repos/forests-sounds-vargas/out/data/extraction/Plantation/2_00_PSA0010-2010_dict_y_split_7_2512283_1736694580.pkl')
(297840, 11) Index(['reg', 'sid', 'ban', 'sec', 'men', 'med', 'sum', 'bet', 'mmm', 'htp',
       'hhh'],
      dtype='object') Index(['reg', 'sid', 'ban', 'sec', 'men', 'med', 'sum', 'bet', 'mmm', 'htp',
       'hhh'],
      dtype='object')
#### MERGE 68 merge_data Dataframe shape: (297840, 11) #### time: 43
#### #### SPLIT TRAIN TEST #### ####
#### CLASSES: [0 1 2 3] TOTAL 4
#### SPLIT train_test_split and CUDA: ??? cuda:0 #### time: 34
#### MODELS - TOTAL 3 ####
#### EPOCHS 1 ####
#### TRAINING MODELS ####
#### TRAINING MODEL CNN_LSTM ####
#### TRAINED MODEL CNN_LSTM model training time: 6.805 total training time: 6.816 ####
#### TRAINING MODEL LSTM_CNN ####
#### TRAINED MODEL LSTM_CNN model training time: 7.584 total training time: 14.4 ####
#### TRAINING MODEL ParallelCNNLSTMModel ####
#### TRAINED MODEL ParallelCNNLSTMModel model training time: 7.791 total training time: 22.191 ####
#### TRAINING TOTAL TIME: 22.18 ####
Accuracy of the CNN_LSTM model on the test set: 75.783978 %
Accuracy of the LSTM_CNN model on the test set: 57.636651 %
Accuracy of the ParallelCNNLSTMModel model on the test set: 78.814128 %
#### TESTING TOTAL TIME: 3.505 ####
#### TIME #### TERMINO #### 17605.83 ####
#### FINITO #### TERMINO #### NO-VA-MAS ####
#### TIMES #### modelling TOTAL TOTAL ==>> 17605.83
#### #### READING DATA FILES #### ####
229 #### COMBI [reg, sid, ban, sec, men, med, sum, bet, mmm, htp, aei] METRICS ####
('Plantation', '/home/vargas/repos/forests-sounds-vargas/out/data/extraction/Plantation/2_00_PSA0010-2010_dict_y_split_7_2512283_1736694580.pkl')
(297840, 11) Index(['reg', 'sid', 'ban', 'sec', 'men', 'med', 'sum', 'bet', 'mmm', 'htp',
       'aei'],
      dtype='object') Index(['reg', 'sid', 'ban', 'sec', 'men', 'med', 'sum', 'bet', 'mmm', 'htp',
       'aei'],
      dtype='object')
#### MERGE 68 merge_data Dataframe shape: (297840, 11) #### time: 42
#### #### SPLIT TRAIN TEST #### ####
#### CLASSES: [0 1 2 3] TOTAL 4
#### SPLIT train_test_split and CUDA: ??? cuda:0 #### time: 35
#### MODELS - TOTAL 3 ####
#### EPOCHS 1 ####
#### TRAINING MODELS ####
#### TRAINING MODEL CNN_LSTM ####
#### TRAINED MODEL CNN_LSTM model training time: 6.525 total training time: 6.537 ####
#### TRAINING MODEL LSTM_CNN ####
#### TRAINED MODEL LSTM_CNN model training time: 7.723 total training time: 14.259 ####
#### TRAINING MODEL ParallelCNNLSTMModel ####
#### TRAINED MODEL ParallelCNNLSTMModel model training time: 7.669 total training time: 21.929 ####
#### TRAINING TOTAL TIME: 21.918 ####
Accuracy of the CNN_LSTM model on the test set: 77.934461 %
Accuracy of the LSTM_CNN model on the test set: 56.265109 %
Accuracy of the ParallelCNNLSTMModel model on the test set: 78.903102 %
#### TESTING TOTAL TIME: 3.675 ####
#### TIME #### TERMINO #### 17683.814 ####
#### FINITO #### TERMINO #### NO-VA-MAS ####
#### TIMES #### modelling TOTAL TOTAL ==>> 17683.814
#### #### READING DATA FILES #### ####
230 #### COMBI [reg, sid, ban, sec, men, med, sum, bet, mmm, hhh, aei] METRICS ####
('Plantation', '/home/vargas/repos/forests-sounds-vargas/out/data/extraction/Plantation/2_00_PSA0010-2010_dict_y_split_7_2512283_1736694580.pkl')
(297840, 11) Index(['reg', 'sid', 'ban', 'sec', 'men', 'med', 'sum', 'bet', 'mmm', 'hhh',
       'aei'],
      dtype='object') Index(['reg', 'sid', 'ban', 'sec', 'men', 'med', 'sum', 'bet', 'mmm', 'hhh',
       'aei'],
      dtype='object')
#### MERGE 68 merge_data Dataframe shape: (297840, 11) #### time: 39
#### #### SPLIT TRAIN TEST #### ####
#### CLASSES: [0 1 2 3] TOTAL 4
#### SPLIT train_test_split and CUDA: ??? cuda:0 #### time: 34
#### MODELS - TOTAL 3 ####
#### EPOCHS 1 ####
#### TRAINING MODELS ####
#### TRAINING MODEL CNN_LSTM ####
#### TRAINED MODEL CNN_LSTM model training time: 6.794 total training time: 6.806 ####
#### TRAINING MODEL LSTM_CNN ####
#### TRAINED MODEL LSTM_CNN model training time: 7.562 total training time: 14.368 ####
#### TRAINING MODEL ParallelCNNLSTMModel ####
#### TRAINED MODEL ParallelCNNLSTMModel model training time: 7.789 total training time: 22.157 ####
#### TRAINING TOTAL TIME: 22.146 ####
Accuracy of the CNN_LSTM model on the test set: 77.11523 %
Accuracy of the LSTM_CNN model on the test set: 57.478848 %
Accuracy of the ParallelCNNLSTMModel model on the test set: 78.344077 %
#### TESTING TOTAL TIME: 3.527 ####
#### TIME #### TERMINO #### 17758.362 ####
#### FINITO #### TERMINO #### NO-VA-MAS ####
#### TIMES #### modelling TOTAL TOTAL ==>> 17758.362
#### #### READING DATA FILES #### ####
231 #### COMBI [reg, sid, ban, sec, men, med, sum, bet, npp, hfq, htp] METRICS ####
('Plantation', '/home/vargas/repos/forests-sounds-vargas/out/data/extraction/Plantation/2_00_PSA0010-2010_dict_y_split_7_2512283_1736694580.pkl')
(297840, 11) Index(['reg', 'sid', 'ban', 'sec', 'men', 'med', 'sum', 'bet', 'npp', 'hfq',
       'htp'],
      dtype='object') Index(['reg', 'sid', 'ban', 'sec', 'men', 'med', 'sum', 'bet', 'npp', 'hfq',
       'htp'],
      dtype='object')
#### MERGE 68 merge_data Dataframe shape: (297840, 11) #### time: 40
#### #### SPLIT TRAIN TEST #### ####
#### CLASSES: [0 1 2 3] TOTAL 4
#### SPLIT train_test_split and CUDA: ??? cuda:0 #### time: 35
#### MODELS - TOTAL 3 ####
#### EPOCHS 1 ####
#### TRAINING MODELS ####
#### TRAINING MODEL CNN_LSTM ####
#### TRAINED MODEL CNN_LSTM model training time: 6.694 total training time: 6.706 ####
#### TRAINING MODEL LSTM_CNN ####
#### TRAINED MODEL LSTM_CNN model training time: 7.619 total training time: 14.324 ####
#### TRAINING MODEL ParallelCNNLSTMModel ####
#### TRAINED MODEL ParallelCNNLSTMModel model training time: 7.617 total training time: 21.942 ####
#### TRAINING TOTAL TIME: 21.93 ####
Accuracy of the CNN_LSTM model on the test set: 90.609052 %
Accuracy of the LSTM_CNN model on the test set: 84.793849 %
Accuracy of the ParallelCNNLSTMModel model on the test set: 93.541835 %
#### TESTING TOTAL TIME: 3.665 ####
#### TIME #### TERMINO #### 17834.103 ####
#### FINITO #### TERMINO #### NO-VA-MAS ####
#### TIMES #### modelling TOTAL TOTAL ==>> 17834.103
#### #### READING DATA FILES #### ####
232 #### COMBI [reg, sid, ban, sec, men, med, sum, bet, npp, hfq, hhh] METRICS ####
('Plantation', '/home/vargas/repos/forests-sounds-vargas/out/data/extraction/Plantation/2_00_PSA0010-2010_dict_y_split_7_2512283_1736694580.pkl')
(297840, 11) Index(['reg', 'sid', 'ban', 'sec', 'men', 'med', 'sum', 'bet', 'npp', 'hfq',
       'hhh'],
      dtype='object') Index(['reg', 'sid', 'ban', 'sec', 'men', 'med', 'sum', 'bet', 'npp', 'hfq',
       'hhh'],
      dtype='object')
#### MERGE 68 merge_data Dataframe shape: (297840, 11) #### time: 41
#### #### SPLIT TRAIN TEST #### ####
#### CLASSES: [0 1 2 3] TOTAL 4
#### SPLIT train_test_split and CUDA: ??? cuda:0 #### time: 34
#### MODELS - TOTAL 3 ####
#### EPOCHS 1 ####
#### TRAINING MODELS ####
#### TRAINING MODEL CNN_LSTM ####
#### TRAINED MODEL CNN_LSTM model training time: 6.532 total training time: 6.544 ####
#### TRAINING MODEL LSTM_CNN ####
#### TRAINED MODEL LSTM_CNN model training time: 7.622 total training time: 14.165 ####
#### TRAINING MODEL ParallelCNNLSTMModel ####
#### TRAINED MODEL ParallelCNNLSTMModel model training time: 7.644 total training time: 21.81 ####
#### TRAINING TOTAL TIME: 21.798 ####
Accuracy of the CNN_LSTM model on the test set: 90.491539 %
Accuracy of the LSTM_CNN model on the test set: 60.208501 %
Accuracy of the ParallelCNNLSTMModel model on the test set: 92.690706 %
#### TESTING TOTAL TIME: 3.505 ####
#### TIME #### TERMINO #### 17909.798 ####
#### FINITO #### TERMINO #### NO-VA-MAS ####
#### TIMES #### modelling TOTAL TOTAL ==>> 17909.798
#### #### READING DATA FILES #### ####
233 #### COMBI [reg, sid, ban, sec, men, med, sum, bet, npp, hfq, aei] METRICS ####
('Plantation', '/home/vargas/repos/forests-sounds-vargas/out/data/extraction/Plantation/2_00_PSA0010-2010_dict_y_split_7_2512283_1736694580.pkl')
(297840, 11) Index(['reg', 'sid', 'ban', 'sec', 'men', 'med', 'sum', 'bet', 'npp', 'hfq',
       'aei'],
      dtype='object') Index(['reg', 'sid', 'ban', 'sec', 'men', 'med', 'sum', 'bet', 'npp', 'hfq',
       'aei'],
      dtype='object')
#### MERGE 68 merge_data Dataframe shape: (297840, 11) #### time: 42
#### #### SPLIT TRAIN TEST #### ####
#### CLASSES: [0 1 2 3] TOTAL 4
#### SPLIT train_test_split and CUDA: ??? cuda:0 #### time: 34
#### MODELS - TOTAL 3 ####
#### EPOCHS 1 ####
#### TRAINING MODELS ####
#### TRAINING MODEL CNN_LSTM ####
#### TRAINED MODEL CNN_LSTM model training time: 6.731 total training time: 6.742 ####
#### TRAINING MODEL LSTM_CNN ####
#### TRAINED MODEL LSTM_CNN model training time: 7.694 total training time: 14.436 ####
#### TRAINING MODEL ParallelCNNLSTMModel ####
#### TRAINED MODEL ParallelCNNLSTMModel model training time: 7.602 total training time: 22.039 ####
#### TRAINING TOTAL TIME: 22.027 ####
Accuracy of the CNN_LSTM model on the test set: 91.772428 %
Accuracy of the LSTM_CNN model on the test set: 90.340451 %
Accuracy of the ParallelCNNLSTMModel model on the test set: 92.977773 %
#### TESTING TOTAL TIME: 3.655 ####
#### TIME #### TERMINO #### 17987.814 ####
#### FINITO #### TERMINO #### NO-VA-MAS ####
#### TIMES #### modelling TOTAL TOTAL ==>> 17987.814
#### #### READING DATA FILES #### ####
234 #### COMBI [reg, sid, ban, sec, men, med, sum, bet, npp, htp, hhh] METRICS ####
('Plantation', '/home/vargas/repos/forests-sounds-vargas/out/data/extraction/Plantation/2_00_PSA0010-2010_dict_y_split_7_2512283_1736694580.pkl')
(297840, 11) Index(['reg', 'sid', 'ban', 'sec', 'men', 'med', 'sum', 'bet', 'npp', 'htp',
       'hhh'],
      dtype='object') Index(['reg', 'sid', 'ban', 'sec', 'men', 'med', 'sum', 'bet', 'npp', 'htp',
       'hhh'],
      dtype='object')
#### MERGE 68 merge_data Dataframe shape: (297840, 11) #### time: 43
#### #### SPLIT TRAIN TEST #### ####
#### CLASSES: [0 1 2 3] TOTAL 4
#### SPLIT train_test_split and CUDA: ??? cuda:0 #### time: 34
#### MODELS - TOTAL 3 ####
#### EPOCHS 1 ####
#### TRAINING MODELS ####
#### TRAINING MODEL CNN_LSTM ####
#### TRAINED MODEL CNN_LSTM model training time: 6.599 total training time: 6.61 ####
#### TRAINING MODEL LSTM_CNN ####
#### TRAINED MODEL LSTM_CNN model training time: 7.701 total training time: 14.311 ####
#### TRAINING MODEL ParallelCNNLSTMModel ####
#### TRAINED MODEL ParallelCNNLSTMModel model training time: 7.743 total training time: 22.054 ####
#### TRAINING TOTAL TIME: 22.043 ####
Accuracy of the CNN_LSTM model on the test set: 90.657736 %
Accuracy of the LSTM_CNN model on the test set: 80.543245 %
Accuracy of the ParallelCNNLSTMModel model on the test set: 92.932447 %
#### TESTING TOTAL TIME: 3.524 ####
#### TIME #### TERMINO #### 18066.545 ####
#### FINITO #### TERMINO #### NO-VA-MAS ####
#### TIMES #### modelling TOTAL TOTAL ==>> 18066.545
#### #### READING DATA FILES #### ####
235 #### COMBI [reg, sid, ban, sec, men, med, sum, bet, npp, htp, aei] METRICS ####
('Plantation', '/home/vargas/repos/forests-sounds-vargas/out/data/extraction/Plantation/2_00_PSA0010-2010_dict_y_split_7_2512283_1736694580.pkl')
(297840, 11) Index(['reg', 'sid', 'ban', 'sec', 'men', 'med', 'sum', 'bet', 'npp', 'htp',
       'aei'],
      dtype='object') Index(['reg', 'sid', 'ban', 'sec', 'men', 'med', 'sum', 'bet', 'npp', 'htp',
       'aei'],
      dtype='object')
#### MERGE 68 merge_data Dataframe shape: (297840, 11) #### time: 45
#### #### SPLIT TRAIN TEST #### ####
#### CLASSES: [0 1 2 3] TOTAL 4
#### SPLIT train_test_split and CUDA: ??? cuda:0 #### time: 34
#### MODELS - TOTAL 3 ####
#### EPOCHS 1 ####
#### TRAINING MODELS ####
#### TRAINING MODEL CNN_LSTM ####
#### TRAINED MODEL CNN_LSTM model training time: 6.772 total training time: 6.784 ####
#### TRAINING MODEL LSTM_CNN ####
#### TRAINED MODEL LSTM_CNN model training time: 7.537 total training time: 14.321 ####
#### TRAINING MODEL ParallelCNNLSTMModel ####
#### TRAINED MODEL ParallelCNNLSTMModel model training time: 7.742 total training time: 22.062 ####
#### TRAINING TOTAL TIME: 22.051 ####
Accuracy of the CNN_LSTM model on the test set: 91.213403 %
Accuracy of the LSTM_CNN model on the test set: 89.853613 %
Accuracy of the ParallelCNNLSTMModel model on the test set: 92.808219 %
#### TESTING TOTAL TIME: 3.64 ####
#### TIME #### TERMINO #### 18146.724 ####
#### FINITO #### TERMINO #### NO-VA-MAS ####
#### TIMES #### modelling TOTAL TOTAL ==>> 18146.724
#### #### READING DATA FILES #### ####
236 #### COMBI [reg, sid, ban, sec, men, med, sum, bet, npp, hhh, aei] METRICS ####
('Plantation', '/home/vargas/repos/forests-sounds-vargas/out/data/extraction/Plantation/2_00_PSA0010-2010_dict_y_split_7_2512283_1736694580.pkl')
(297840, 11) Index(['reg', 'sid', 'ban', 'sec', 'men', 'med', 'sum', 'bet', 'npp', 'hhh',
       'aei'],
      dtype='object') Index(['reg', 'sid', 'ban', 'sec', 'men', 'med', 'sum', 'bet', 'npp', 'hhh',
       'aei'],
      dtype='object')
#### MERGE 68 merge_data Dataframe shape: (297840, 11) #### time: 44
#### #### SPLIT TRAIN TEST #### ####
#### CLASSES: [0 1 2 3] TOTAL 4
#### SPLIT train_test_split and CUDA: ??? cuda:0 #### time: 34
#### MODELS - TOTAL 3 ####
#### EPOCHS 1 ####
#### TRAINING MODELS ####
#### TRAINING MODEL CNN_LSTM ####
#### TRAINED MODEL CNN_LSTM model training time: 6.602 total training time: 6.613 ####
#### TRAINING MODEL LSTM_CNN ####
#### TRAINED MODEL LSTM_CNN model training time: 7.685 total training time: 14.298 ####
#### TRAINING MODEL ParallelCNNLSTMModel ####
#### TRAINED MODEL ParallelCNNLSTMModel model training time: 7.621 total training time: 21.919 ####
#### TRAINING TOTAL TIME: 21.907 ####
Accuracy of the CNN_LSTM model on the test set: 91.844615 %
Accuracy of the LSTM_CNN model on the test set: 60.226967 %
Accuracy of the ParallelCNNLSTMModel model on the test set: 93.311845 %
#### TESTING TOTAL TIME: 3.645 ####
#### TIME #### TERMINO #### 18225.875 ####
#### FINITO #### TERMINO #### NO-VA-MAS ####
#### TIMES #### modelling TOTAL TOTAL ==>> 18225.875
#### #### READING DATA FILES #### ####
237 #### COMBI [reg, sid, ban, sec, men, med, sum, bet, hfq, htp, hhh] METRICS ####
('Plantation', '/home/vargas/repos/forests-sounds-vargas/out/data/extraction/Plantation/2_00_PSA0010-2010_dict_y_split_7_2512283_1736694580.pkl')
(297840, 11) Index(['reg', 'sid', 'ban', 'sec', 'men', 'med', 'sum', 'bet', 'hfq', 'htp',
       'hhh'],
      dtype='object') Index(['reg', 'sid', 'ban', 'sec', 'men', 'med', 'sum', 'bet', 'hfq', 'htp',
       'hhh'],
      dtype='object')
#### MERGE 68 merge_data Dataframe shape: (297840, 11) #### time: 39
#### #### SPLIT TRAIN TEST #### ####
#### CLASSES: [0 1 2 3] TOTAL 4
#### SPLIT train_test_split and CUDA: ??? cuda:0 #### time: 35
#### MODELS - TOTAL 3 ####
#### EPOCHS 1 ####
#### TRAINING MODELS ####
#### TRAINING MODEL CNN_LSTM ####
#### TRAINED MODEL CNN_LSTM model training time: 6.769 total training time: 6.781 ####
#### TRAINING MODEL LSTM_CNN ####
#### TRAINED MODEL LSTM_CNN model training time: 7.534 total training time: 14.314 ####
#### TRAINING MODEL ParallelCNNLSTMModel ####
#### TRAINED MODEL ParallelCNNLSTMModel model training time: 7.749 total training time: 22.063 ####
#### TRAINING TOTAL TIME: 22.052 ####
Accuracy of the CNN_LSTM model on the test set: 78.248388 %
Accuracy of the LSTM_CNN model on the test set: 57.450309 %
Accuracy of the ParallelCNNLSTMModel model on the test set: 77.405654 %
#### TESTING TOTAL TIME: 3.511 ####
#### TIME #### TERMINO #### 18300.839 ####
#### FINITO #### TERMINO #### NO-VA-MAS ####
#### TIMES #### modelling TOTAL TOTAL ==>> 18300.839
#### #### READING DATA FILES #### ####
238 #### COMBI [reg, sid, ban, sec, men, med, sum, bet, hfq, htp, aei] METRICS ####
('Plantation', '/home/vargas/repos/forests-sounds-vargas/out/data/extraction/Plantation/2_00_PSA0010-2010_dict_y_split_7_2512283_1736694580.pkl')
(297840, 11) Index(['reg', 'sid', 'ban', 'sec', 'men', 'med', 'sum', 'bet', 'hfq', 'htp',
       'aei'],
      dtype='object') Index(['reg', 'sid', 'ban', 'sec', 'men', 'med', 'sum', 'bet', 'hfq', 'htp',
       'aei'],
      dtype='object')
#### MERGE 68 merge_data Dataframe shape: (297840, 11) #### time: 38
#### #### SPLIT TRAIN TEST #### ####
#### CLASSES: [0 1 2 3] TOTAL 4
#### SPLIT train_test_split and CUDA: ??? cuda:0 #### time: 34
#### MODELS - TOTAL 3 ####
#### EPOCHS 1 ####
#### TRAINING MODELS ####
#### TRAINING MODEL CNN_LSTM ####
#### TRAINED MODEL CNN_LSTM model training time: 6.767 total training time: 6.778 ####
#### TRAINING MODEL LSTM_CNN ####
#### TRAINED MODEL LSTM_CNN model training time: 7.681 total training time: 14.459 ####
#### TRAINING MODEL ParallelCNNLSTMModel ####
#### TRAINED MODEL ParallelCNNLSTMModel model training time: 7.618 total training time: 22.077 ####
#### TRAINING TOTAL TIME: 22.066 ####
Accuracy of the CNN_LSTM model on the test set: 79.294252 %
Accuracy of the LSTM_CNN model on the test set: 57.493956 %
Accuracy of the ParallelCNNLSTMModel model on the test set: 79.307682 %
#### TESTING TOTAL TIME: 3.655 ####
#### TIME #### TERMINO #### 18374.941 ####
#### FINITO #### TERMINO #### NO-VA-MAS ####
#### TIMES #### modelling TOTAL TOTAL ==>> 18374.941
#### #### READING DATA FILES #### ####
239 #### COMBI [reg, sid, ban, sec, men, med, sum, bet, hfq, hhh, aei] METRICS ####
('Plantation', '/home/vargas/repos/forests-sounds-vargas/out/data/extraction/Plantation/2_00_PSA0010-2010_dict_y_split_7_2512283_1736694580.pkl')
(297840, 11) Index(['reg', 'sid', 'ban', 'sec', 'men', 'med', 'sum', 'bet', 'hfq', 'hhh',
       'aei'],
      dtype='object') Index(['reg', 'sid', 'ban', 'sec', 'men', 'med', 'sum', 'bet', 'hfq', 'hhh',
       'aei'],
      dtype='object')
#### MERGE 68 merge_data Dataframe shape: (297840, 11) #### time: 42
#### #### SPLIT TRAIN TEST #### ####
#### CLASSES: [0 1 2 3] TOTAL 4
#### SPLIT train_test_split and CUDA: ??? cuda:0 #### time: 34
#### MODELS - TOTAL 3 ####
#### EPOCHS 1 ####
#### TRAINING MODELS ####
#### TRAINING MODEL CNN_LSTM ####
#### TRAINED MODEL CNN_LSTM model training time: 6.755 total training time: 6.766 ####
#### TRAINING MODEL LSTM_CNN ####
#### TRAINED MODEL LSTM_CNN model training time: 7.547 total training time: 14.314 ####
#### TRAINING MODEL ParallelCNNLSTMModel ####
#### TRAINED MODEL ParallelCNNLSTMModel model training time: 7.773 total training time: 22.087 ####
#### TRAINING TOTAL TIME: 22.076 ####
Accuracy of the CNN_LSTM model on the test set: 79.423516 %
Accuracy of the LSTM_CNN model on the test set: 57.371407 %
Accuracy of the ParallelCNNLSTMModel model on the test set: 77.179022 %
#### TESTING TOTAL TIME: 3.512 ####
#### TIME #### TERMINO #### 18452.547 ####
#### FINITO #### TERMINO #### NO-VA-MAS ####
#### TIMES #### modelling TOTAL TOTAL ==>> 18452.547
#### #### READING DATA FILES #### ####
240 #### COMBI [reg, sid, ban, sec, men, med, sum, bet, htp, hhh, aei] METRICS ####
('Plantation', '/home/vargas/repos/forests-sounds-vargas/out/data/extraction/Plantation/2_00_PSA0010-2010_dict_y_split_7_2512283_1736694580.pkl')
(297840, 11) Index(['reg', 'sid', 'ban', 'sec', 'men', 'med', 'sum', 'bet', 'htp', 'hhh',
       'aei'],
      dtype='object') Index(['reg', 'sid', 'ban', 'sec', 'men', 'med', 'sum', 'bet', 'htp', 'hhh',
       'aei'],
      dtype='object')
#### MERGE 68 merge_data Dataframe shape: (297840, 11) #### time: 41
#### #### SPLIT TRAIN TEST #### ####
#### CLASSES: [0 1 2 3] TOTAL 4
#### SPLIT train_test_split and CUDA: ??? cuda:0 #### time: 34
#### MODELS - TOTAL 3 ####
#### EPOCHS 1 ####
#### TRAINING MODELS ####
#### TRAINING MODEL CNN_LSTM ####
#### TRAINED MODEL CNN_LSTM model training time: 6.76 total training time: 6.772 ####
#### TRAINING MODEL LSTM_CNN ####
#### TRAINED MODEL LSTM_CNN model training time: 7.689 total training time: 14.461 ####
#### TRAINING MODEL ParallelCNNLSTMModel ####
#### TRAINED MODEL ParallelCNNLSTMModel model training time: 7.604 total training time: 22.065 ####
#### TRAINING TOTAL TIME: 22.054 ####
Accuracy of the CNN_LSTM model on the test set: 78.882957 %
Accuracy of the LSTM_CNN model on the test set: 57.307615 %
Accuracy of the ParallelCNNLSTMModel model on the test set: 79.144843 %
#### TESTING TOTAL TIME: 3.653 ####
#### TIME #### TERMINO #### 18528.888 ####
#### FINITO #### TERMINO #### NO-VA-MAS ####
#### TIMES #### modelling TOTAL TOTAL ==>> 18528.888
#### #### READING DATA FILES #### ####
241 #### COMBI [reg, sid, ban, sec, men, med, sum, mmm, npp, hfq, htp] METRICS ####
('Plantation', '/home/vargas/repos/forests-sounds-vargas/out/data/extraction/Plantation/2_00_PSA0010-2010_dict_y_split_7_2512283_1736694580.pkl')
(297840, 11) Index(['reg', 'sid', 'ban', 'sec', 'men', 'med', 'sum', 'mmm', 'npp', 'hfq',
       'htp'],
      dtype='object') Index(['reg', 'sid', 'ban', 'sec', 'men', 'med', 'sum', 'mmm', 'npp', 'hfq',
       'htp'],
      dtype='object')
#### MERGE 68 merge_data Dataframe shape: (297840, 11) #### time: 38
#### #### SPLIT TRAIN TEST #### ####
#### CLASSES: [0 1 2 3] TOTAL 4
#### SPLIT train_test_split and CUDA: ??? cuda:0 #### time: 34
#### MODELS - TOTAL 3 ####
#### EPOCHS 1 ####
#### TRAINING MODELS ####
#### TRAINING MODEL CNN_LSTM ####
#### TRAINED MODEL CNN_LSTM model training time: 6.576 total training time: 6.587 ####
#### TRAINING MODEL LSTM_CNN ####
#### TRAINED MODEL LSTM_CNN model training time: 7.698 total training time: 14.285 ####
#### TRAINING MODEL ParallelCNNLSTMModel ####
#### TRAINED MODEL ParallelCNNLSTMModel model training time: 7.744 total training time: 22.03 ####
#### TRAINING TOTAL TIME: 22.018 ####
Accuracy of the CNN_LSTM model on the test set: 91.332595 %
Accuracy of the LSTM_CNN model on the test set: 63.952122 %
Accuracy of the ParallelCNNLSTMModel model on the test set: 90.483145 %
#### TESTING TOTAL TIME: 3.499 ####
#### TIME #### TERMINO #### 18602.52 ####
#### FINITO #### TERMINO #### NO-VA-MAS ####
#### TIMES #### modelling TOTAL TOTAL ==>> 18602.52
#### #### READING DATA FILES #### ####
242 #### COMBI [reg, sid, ban, sec, men, med, sum, mmm, npp, hfq, hhh] METRICS ####
('Plantation', '/home/vargas/repos/forests-sounds-vargas/out/data/extraction/Plantation/2_00_PSA0010-2010_dict_y_split_7_2512283_1736694580.pkl')
(297840, 11) Index(['reg', 'sid', 'ban', 'sec', 'men', 'med', 'sum', 'mmm', 'npp', 'hfq',
       'hhh'],
      dtype='object') Index(['reg', 'sid', 'ban', 'sec', 'men', 'med', 'sum', 'mmm', 'npp', 'hfq',
       'hhh'],
      dtype='object')
#### MERGE 68 merge_data Dataframe shape: (297840, 11) #### time: 40
#### #### SPLIT TRAIN TEST #### ####
#### CLASSES: [0 1 2 3] TOTAL 4
#### SPLIT train_test_split and CUDA: ??? cuda:0 #### time: 34
#### MODELS - TOTAL 3 ####
#### EPOCHS 1 ####
#### TRAINING MODELS ####
#### TRAINING MODEL CNN_LSTM ####
#### TRAINED MODEL CNN_LSTM model training time: 6.751 total training time: 6.763 ####
#### TRAINING MODEL LSTM_CNN ####
#### TRAINED MODEL LSTM_CNN model training time: 7.55 total training time: 14.313 ####
#### TRAINING MODEL ParallelCNNLSTMModel ####
#### TRAINED MODEL ParallelCNNLSTMModel model training time: 7.76 total training time: 22.073 ####
#### TRAINING TOTAL TIME: 22.062 ####
Accuracy of the CNN_LSTM model on the test set: 91.364491 %
Accuracy of the LSTM_CNN model on the test set: 85.273973 %
Accuracy of the ParallelCNNLSTMModel model on the test set: 89.108246 %
#### TESTING TOTAL TIME: 3.655 ####
#### TIME #### TERMINO #### 18678.024 ####
#### FINITO #### TERMINO #### NO-VA-MAS ####
#### TIMES #### modelling TOTAL TOTAL ==>> 18678.024
#### #### READING DATA FILES #### ####
243 #### COMBI [reg, sid, ban, sec, men, med, sum, mmm, npp, hfq, aei] METRICS ####
('Plantation', '/home/vargas/repos/forests-sounds-vargas/out/data/extraction/Plantation/2_00_PSA0010-2010_dict_y_split_7_2512283_1736694580.pkl')
(297840, 11) Index(['reg', 'sid', 'ban', 'sec', 'men', 'med', 'sum', 'mmm', 'npp', 'hfq',
       'aei'],
      dtype='object') Index(['reg', 'sid', 'ban', 'sec', 'men', 'med', 'sum', 'mmm', 'npp', 'hfq',
       'aei'],
      dtype='object')
#### MERGE 68 merge_data Dataframe shape: (297840, 11) #### time: 44
#### #### SPLIT TRAIN TEST #### ####
#### CLASSES: [0 1 2 3] TOTAL 4
#### SPLIT train_test_split and CUDA: ??? cuda:0 #### time: 35
#### MODELS - TOTAL 3 ####
#### EPOCHS 1 ####
#### TRAINING MODELS ####
#### TRAINING MODEL CNN_LSTM ####
#### TRAINED MODEL CNN_LSTM model training time: 6.587 total training time: 6.599 ####
#### TRAINING MODEL LSTM_CNN ####
#### TRAINED MODEL LSTM_CNN model training time: 7.681 total training time: 14.28 ####
#### TRAINING MODEL ParallelCNNLSTMModel ####
#### TRAINED MODEL ParallelCNNLSTMModel model training time: 7.728 total training time: 22.008 ####
#### TRAINING TOTAL TIME: 21.997 ####
Accuracy of the CNN_LSTM model on the test set: 90.859186 %
Accuracy of the LSTM_CNN model on the test set: 60.456957 %
Accuracy of the ParallelCNNLSTMModel model on the test set: 90.515042 %
#### TESTING TOTAL TIME: 3.512 ####
#### TIME #### TERMINO #### 18757.037 ####
#### FINITO #### TERMINO #### NO-VA-MAS ####
#### TIMES #### modelling TOTAL TOTAL ==>> 18757.037
#### #### READING DATA FILES #### ####
244 #### COMBI [reg, sid, ban, sec, men, med, sum, mmm, npp, htp, hhh] METRICS ####
('Plantation', '/home/vargas/repos/forests-sounds-vargas/out/data/extraction/Plantation/2_00_PSA0010-2010_dict_y_split_7_2512283_1736694580.pkl')
(297840, 11) Index(['reg', 'sid', 'ban', 'sec', 'men', 'med', 'sum', 'mmm', 'npp', 'htp',
       'hhh'],
      dtype='object') Index(['reg', 'sid', 'ban', 'sec', 'men', 'med', 'sum', 'mmm', 'npp', 'htp',
       'hhh'],
      dtype='object')
#### MERGE 68 merge_data Dataframe shape: (297840, 11) #### time: 44
#### #### SPLIT TRAIN TEST #### ####
#### CLASSES: [0 1 2 3] TOTAL 4
#### SPLIT train_test_split and CUDA: ??? cuda:0 #### time: 34
#### MODELS - TOTAL 3 ####
#### EPOCHS 1 ####
#### TRAINING MODELS ####
#### TRAINING MODEL CNN_LSTM ####
#### TRAINED MODEL CNN_LSTM model training time: 6.767 total training time: 6.778 ####
#### TRAINING MODEL LSTM_CNN ####
#### TRAINED MODEL LSTM_CNN model training time: 7.538 total training time: 14.316 ####
#### TRAINING MODEL ParallelCNNLSTMModel ####
#### TRAINED MODEL ParallelCNNLSTMModel model training time: 7.736 total training time: 22.052 ####
#### TRAINING TOTAL TIME: 22.041 ####
Accuracy of the CNN_LSTM model on the test set: 90.189363 %
Accuracy of the LSTM_CNN model on the test set: 79.170024 %
Accuracy of the ParallelCNNLSTMModel model on the test set: 91.440035 %
#### TESTING TOTAL TIME: 3.504 ####
#### TIME #### TERMINO #### 18836.12 ####
#### FINITO #### TERMINO #### NO-VA-MAS ####
#### TIMES #### modelling TOTAL TOTAL ==>> 18836.12
#### #### READING DATA FILES #### ####
245 #### COMBI [reg, sid, ban, sec, men, med, sum, mmm, npp, htp, aei] METRICS ####
('Plantation', '/home/vargas/repos/forests-sounds-vargas/out/data/extraction/Plantation/2_00_PSA0010-2010_dict_y_split_7_2512283_1736694580.pkl')
(297840, 11) Index(['reg', 'sid', 'ban', 'sec', 'men', 'med', 'sum', 'mmm', 'npp', 'htp',
       'aei'],
      dtype='object') Index(['reg', 'sid', 'ban', 'sec', 'men', 'med', 'sum', 'mmm', 'npp', 'htp',
       'aei'],
      dtype='object')
#### MERGE 68 merge_data Dataframe shape: (297840, 11) #### time: 39
#### #### SPLIT TRAIN TEST #### ####
#### CLASSES: [0 1 2 3] TOTAL 4
#### SPLIT train_test_split and CUDA: ??? cuda:0 #### time: 35
#### MODELS - TOTAL 3 ####
#### EPOCHS 1 ####
#### TRAINING MODELS ####
#### TRAINING MODEL CNN_LSTM ####
#### TRAINED MODEL CNN_LSTM model training time: 6.776 total training time: 6.788 ####
#### TRAINING MODEL LSTM_CNN ####
#### TRAINED MODEL LSTM_CNN model training time: 7.7 total training time: 14.488 ####
#### TRAINING MODEL ParallelCNNLSTMModel ####
#### TRAINED MODEL ParallelCNNLSTMModel model training time: 7.638 total training time: 22.126 ####
#### TRAINING TOTAL TIME: 22.114 ####
Accuracy of the CNN_LSTM model on the test set: 88.235294 %
Accuracy of the LSTM_CNN model on the test set: 87.573865 %
Accuracy of the ParallelCNNLSTMModel model on the test set: 91.203331 %
#### TESTING TOTAL TIME: 3.653 ####
#### TIME #### TERMINO #### 18911.135 ####
#### FINITO #### TERMINO #### NO-VA-MAS ####
#### TIMES #### modelling TOTAL TOTAL ==>> 18911.135
#### #### READING DATA FILES #### ####
246 #### COMBI [reg, sid, ban, sec, men, med, sum, mmm, npp, hhh, aei] METRICS ####
('Plantation', '/home/vargas/repos/forests-sounds-vargas/out/data/extraction/Plantation/2_00_PSA0010-2010_dict_y_split_7_2512283_1736694580.pkl')
(297840, 11) Index(['reg', 'sid', 'ban', 'sec', 'men', 'med', 'sum', 'mmm', 'npp', 'hhh',
       'aei'],
      dtype='object') Index(['reg', 'sid', 'ban', 'sec', 'men', 'med', 'sum', 'mmm', 'npp', 'hhh',
       'aei'],
      dtype='object')
#### MERGE 68 merge_data Dataframe shape: (297840, 11) #### time: 38
#### #### SPLIT TRAIN TEST #### ####
#### CLASSES: [0 1 2 3] TOTAL 4
#### SPLIT train_test_split and CUDA: ??? cuda:0 #### time: 34
#### MODELS - TOTAL 3 ####
#### EPOCHS 1 ####
#### TRAINING MODELS ####
#### TRAINING MODEL CNN_LSTM ####
#### TRAINED MODEL CNN_LSTM model training time: 6.763 total training time: 6.774 ####
#### TRAINING MODEL LSTM_CNN ####
#### TRAINED MODEL LSTM_CNN model training time: 7.575 total training time: 14.348 ####
#### TRAINING MODEL ParallelCNNLSTMModel ####
#### TRAINED MODEL ParallelCNNLSTMModel model training time: 7.793 total training time: 22.142 ####
#### TRAINING TOTAL TIME: 22.131 ####
Accuracy of the CNN_LSTM model on the test set: 89.66895 %
Accuracy of the LSTM_CNN model on the test set: 65.510005 %
Accuracy of the ParallelCNNLSTMModel model on the test set: 90.835684 %
#### TESTING TOTAL TIME: 3.506 ####
#### TIME #### TERMINO #### 18984.188 ####
#### FINITO #### TERMINO #### NO-VA-MAS ####
#### TIMES #### modelling TOTAL TOTAL ==>> 18984.188
#### #### READING DATA FILES #### ####
247 #### COMBI [reg, sid, ban, sec, men, med, sum, mmm, hfq, htp, hhh] METRICS ####
('Plantation', '/home/vargas/repos/forests-sounds-vargas/out/data/extraction/Plantation/2_00_PSA0010-2010_dict_y_split_7_2512283_1736694580.pkl')
(297840, 11) Index(['reg', 'sid', 'ban', 'sec', 'men', 'med', 'sum', 'mmm', 'hfq', 'htp',
       'hhh'],
      dtype='object') Index(['reg', 'sid', 'ban', 'sec', 'men', 'med', 'sum', 'mmm', 'hfq', 'htp',
       'hhh'],
      dtype='object')
#### MERGE 68 merge_data Dataframe shape: (297840, 11) #### time: 41
#### #### SPLIT TRAIN TEST #### ####
#### CLASSES: [0 1 2 3] TOTAL 4
#### SPLIT train_test_split and CUDA: ??? cuda:0 #### time: 35
#### MODELS - TOTAL 3 ####
#### EPOCHS 1 ####
#### TRAINING MODELS ####
#### TRAINING MODEL CNN_LSTM ####
#### TRAINED MODEL CNN_LSTM model training time: 6.779 total training time: 6.791 ####
#### TRAINING MODEL LSTM_CNN ####
#### TRAINED MODEL LSTM_CNN model training time: 7.685 total training time: 14.476 ####
#### TRAINING MODEL ParallelCNNLSTMModel ####
#### TRAINED MODEL ParallelCNNLSTMModel model training time: 7.618 total training time: 22.094 ####
#### TRAINING TOTAL TIME: 22.083 ####
Accuracy of the CNN_LSTM model on the test set: 68.17083 %
Accuracy of the LSTM_CNN model on the test set: 56.347368 %
Accuracy of the ParallelCNNLSTMModel model on the test set: 69.780755 %
#### TESTING TOTAL TIME: 3.648 ####
#### TIME #### TERMINO #### 19060.683 ####
#### FINITO #### TERMINO #### NO-VA-MAS ####
#### TIMES #### modelling TOTAL TOTAL ==>> 19060.683
#### #### READING DATA FILES #### ####
248 #### COMBI [reg, sid, ban, sec, men, med, sum, mmm, hfq, htp, aei] METRICS ####
('Plantation', '/home/vargas/repos/forests-sounds-vargas/out/data/extraction/Plantation/2_00_PSA0010-2010_dict_y_split_7_2512283_1736694580.pkl')
(297840, 11) Index(['reg', 'sid', 'ban', 'sec', 'men', 'med', 'sum', 'mmm', 'hfq', 'htp',
       'aei'],
      dtype='object') Index(['reg', 'sid', 'ban', 'sec', 'men', 'med', 'sum', 'mmm', 'hfq', 'htp',
       'aei'],
      dtype='object')
#### MERGE 68 merge_data Dataframe shape: (297840, 11) #### time: 41
#### #### SPLIT TRAIN TEST #### ####
#### CLASSES: [0 1 2 3] TOTAL 4
#### SPLIT train_test_split and CUDA: ??? cuda:0 #### time: 34
#### MODELS - TOTAL 3 ####
#### EPOCHS 1 ####
#### TRAINING MODELS ####
#### TRAINING MODEL CNN_LSTM ####
#### TRAINED MODEL CNN_LSTM model training time: 6.62 total training time: 6.632 ####
#### TRAINING MODEL LSTM_CNN ####
#### TRAINED MODEL LSTM_CNN model training time: 7.705 total training time: 14.337 ####
#### TRAINING MODEL ParallelCNNLSTMModel ####
#### TRAINED MODEL ParallelCNNLSTMModel model training time: 7.764 total training time: 22.1 ####
#### TRAINING TOTAL TIME: 22.089 ####
Accuracy of the CNN_LSTM model on the test set: 68.313524 %
Accuracy of the LSTM_CNN model on the test set: 57.406661 %
Accuracy of the ParallelCNNLSTMModel model on the test set: 68.761751 %
#### TESTING TOTAL TIME: 3.511 ####
#### TIME #### TERMINO #### 19137.308 ####
#### FINITO #### TERMINO #### NO-VA-MAS ####
#### TIMES #### modelling TOTAL TOTAL ==>> 19137.308
#### #### READING DATA FILES #### ####
249 #### COMBI [reg, sid, ban, sec, men, med, sum, mmm, hfq, hhh, aei] METRICS ####
('Plantation', '/home/vargas/repos/forests-sounds-vargas/out/data/extraction/Plantation/2_00_PSA0010-2010_dict_y_split_7_2512283_1736694580.pkl')
(297840, 11) Index(['reg', 'sid', 'ban', 'sec', 'men', 'med', 'sum', 'mmm', 'hfq', 'hhh',
       'aei'],
      dtype='object') Index(['reg', 'sid', 'ban', 'sec', 'men', 'med', 'sum', 'mmm', 'hfq', 'hhh',
       'aei'],
      dtype='object')
#### MERGE 68 merge_data Dataframe shape: (297840, 11) #### time: 39
#### #### SPLIT TRAIN TEST #### ####
#### CLASSES: [0 1 2 3] TOTAL 4
#### SPLIT train_test_split and CUDA: ??? cuda:0 #### time: 35
#### MODELS - TOTAL 3 ####
#### EPOCHS 1 ####
#### TRAINING MODELS ####
#### TRAINING MODEL CNN_LSTM ####
#### TRAINED MODEL CNN_LSTM model training time: 6.77 total training time: 6.781 ####
#### TRAINING MODEL LSTM_CNN ####
#### TRAINED MODEL LSTM_CNN model training time: 7.545 total training time: 14.326 ####
#### TRAINING MODEL ParallelCNNLSTMModel ####
#### TRAINED MODEL ParallelCNNLSTMModel model training time: 7.772 total training time: 22.098 ####
#### TRAINING TOTAL TIME: 22.086 ####
Accuracy of the CNN_LSTM model on the test set: 68.704674 %
Accuracy of the LSTM_CNN model on the test set: 57.065874 %
Accuracy of the ParallelCNNLSTMModel model on the test set: 68.889337 %
#### TESTING TOTAL TIME: 3.651 ####
#### TIME #### TERMINO #### 19212.474 ####
#### FINITO #### TERMINO #### NO-VA-MAS ####
#### TIMES #### modelling TOTAL TOTAL ==>> 19212.474
#### #### READING DATA FILES #### ####
250 #### COMBI [reg, sid, ban, sec, men, med, sum, mmm, htp, hhh, aei] METRICS ####
('Plantation', '/home/vargas/repos/forests-sounds-vargas/out/data/extraction/Plantation/2_00_PSA0010-2010_dict_y_split_7_2512283_1736694580.pkl')
(297840, 11) Index(['reg', 'sid', 'ban', 'sec', 'men', 'med', 'sum', 'mmm', 'htp', 'hhh',
       'aei'],
      dtype='object') Index(['reg', 'sid', 'ban', 'sec', 'men', 'med', 'sum', 'mmm', 'htp', 'hhh',
       'aei'],
      dtype='object')
#### MERGE 68 merge_data Dataframe shape: (297840, 11) #### time: 40
#### #### SPLIT TRAIN TEST #### ####
#### CLASSES: [0 1 2 3] TOTAL 4
#### SPLIT train_test_split and CUDA: ??? cuda:0 #### time: 34
#### MODELS - TOTAL 3 ####
#### EPOCHS 1 ####
#### TRAINING MODELS ####
#### TRAINING MODEL CNN_LSTM ####
#### TRAINED MODEL CNN_LSTM model training time: 6.637 total training time: 6.648 ####
#### TRAINING MODEL LSTM_CNN ####
#### TRAINED MODEL LSTM_CNN model training time: 7.727 total training time: 14.375 ####
#### TRAINING MODEL ParallelCNNLSTMModel ####
#### TRAINED MODEL ParallelCNNLSTMModel model training time: 7.76 total training time: 22.135 ####
#### TRAINING TOTAL TIME: 22.124 ####
Accuracy of the CNN_LSTM model on the test set: 67.910623 %
Accuracy of the LSTM_CNN model on the test set: 57.42177 %
Accuracy of the ParallelCNNLSTMModel model on the test set: 69.050497 %
#### TESTING TOTAL TIME: 3.507 ####
#### TIME #### TERMINO #### 19287.937 ####
#### FINITO #### TERMINO #### NO-VA-MAS ####
#### TIMES #### modelling TOTAL TOTAL ==>> 19287.937
#### #### READING DATA FILES #### ####
251 #### COMBI [reg, sid, ban, sec, men, med, sum, npp, hfq, htp, hhh] METRICS ####
('Plantation', '/home/vargas/repos/forests-sounds-vargas/out/data/extraction/Plantation/2_00_PSA0010-2010_dict_y_split_7_2512283_1736694580.pkl')
(297840, 11) Index(['reg', 'sid', 'ban', 'sec', 'men', 'med', 'sum', 'npp', 'hfq', 'htp',
       'hhh'],
      dtype='object') Index(['reg', 'sid', 'ban', 'sec', 'men', 'med', 'sum', 'npp', 'hfq', 'htp',
       'hhh'],
      dtype='object')
#### MERGE 68 merge_data Dataframe shape: (297840, 11) #### time: 40
#### #### SPLIT TRAIN TEST #### ####
#### CLASSES: [0 1 2 3] TOTAL 4
#### SPLIT train_test_split and CUDA: ??? cuda:0 #### time: 35
#### MODELS - TOTAL 3 ####
#### EPOCHS 1 ####
#### TRAINING MODELS ####
#### TRAINING MODEL CNN_LSTM ####
#### TRAINED MODEL CNN_LSTM model training time: 6.767 total training time: 6.778 ####
#### TRAINING MODEL LSTM_CNN ####
#### TRAINED MODEL LSTM_CNN model training time: 7.537 total training time: 14.315 ####
#### TRAINING MODEL ParallelCNNLSTMModel ####
#### TRAINED MODEL ParallelCNNLSTMModel model training time: 7.771 total training time: 22.086 ####
#### TRAINING TOTAL TIME: 22.075 ####
Accuracy of the CNN_LSTM model on the test set: 90.928015 %
Accuracy of the LSTM_CNN model on the test set: 80.345152 %
Accuracy of the ParallelCNNLSTMModel model on the test set: 90.966626 %
#### TESTING TOTAL TIME: 3.654 ####
#### TIME #### TERMINO #### 19363.429 ####
#### FINITO #### TERMINO #### NO-VA-MAS ####
#### TIMES #### modelling TOTAL TOTAL ==>> 19363.429
#### #### READING DATA FILES #### ####
252 #### COMBI [reg, sid, ban, sec, men, med, sum, npp, hfq, htp, aei] METRICS ####
('Plantation', '/home/vargas/repos/forests-sounds-vargas/out/data/extraction/Plantation/2_00_PSA0010-2010_dict_y_split_7_2512283_1736694580.pkl')
(297840, 11) Index(['reg', 'sid', 'ban', 'sec', 'men', 'med', 'sum', 'npp', 'hfq', 'htp',
       'aei'],
      dtype='object') Index(['reg', 'sid', 'ban', 'sec', 'men', 'med', 'sum', 'npp', 'hfq', 'htp',
       'aei'],
      dtype='object')
#### MERGE 68 merge_data Dataframe shape: (297840, 11) #### time: 41
#### #### SPLIT TRAIN TEST #### ####
#### CLASSES: [0 1 2 3] TOTAL 4
#### SPLIT train_test_split and CUDA: ??? cuda:0 #### time: 34
#### MODELS - TOTAL 3 ####
#### EPOCHS 1 ####
#### TRAINING MODELS ####
#### TRAINING MODEL CNN_LSTM ####
#### TRAINED MODEL CNN_LSTM model training time: 6.623 total training time: 6.634 ####
#### TRAINING MODEL LSTM_CNN ####
#### TRAINED MODEL LSTM_CNN model training time: 7.701 total training time: 14.335 ####
#### TRAINING MODEL ParallelCNNLSTMModel ####
#### TRAINED MODEL ParallelCNNLSTMModel model training time: 7.597 total training time: 21.932 ####
#### TRAINING TOTAL TIME: 21.921 ####
Accuracy of the CNN_LSTM model on the test set: 90.971663 %
Accuracy of the LSTM_CNN model on the test set: 59.909683 %
Accuracy of the ParallelCNNLSTMModel model on the test set: 91.471931 %
#### TESTING TOTAL TIME: 3.647 ####
#### TIME #### TERMINO #### 19439.266 ####
#### FINITO #### TERMINO #### NO-VA-MAS ####
#### TIMES #### modelling TOTAL TOTAL ==>> 19439.266
#### #### READING DATA FILES #### ####
253 #### COMBI [reg, sid, ban, sec, men, med, sum, npp, hfq, hhh, aei] METRICS ####
('Plantation', '/home/vargas/repos/forests-sounds-vargas/out/data/extraction/Plantation/2_00_PSA0010-2010_dict_y_split_7_2512283_1736694580.pkl')
(297840, 11) Index(['reg', 'sid', 'ban', 'sec', 'men', 'med', 'sum', 'npp', 'hfq', 'hhh',
       'aei'],
      dtype='object') Index(['reg', 'sid', 'ban', 'sec', 'men', 'med', 'sum', 'npp', 'hfq', 'hhh',
       'aei'],
      dtype='object')
#### MERGE 68 merge_data Dataframe shape: (297840, 11) #### time: 39
#### #### SPLIT TRAIN TEST #### ####
#### CLASSES: [0 1 2 3] TOTAL 4
#### SPLIT train_test_split and CUDA: ??? cuda:0 #### time: 35
#### MODELS - TOTAL 3 ####
#### EPOCHS 1 ####
#### TRAINING MODELS ####
#### TRAINING MODEL CNN_LSTM ####
#### TRAINED MODEL CNN_LSTM model training time: 6.753 total training time: 6.765 ####
#### TRAINING MODEL LSTM_CNN ####
#### TRAINED MODEL LSTM_CNN model training time: 7.538 total training time: 14.303 ####
#### TRAINING MODEL ParallelCNNLSTMModel ####
#### TRAINED MODEL ParallelCNNLSTMModel model training time: 7.75 total training time: 22.052 ####
#### TRAINING TOTAL TIME: 22.041 ####
Accuracy of the CNN_LSTM model on the test set: 88.411563 %
Accuracy of the LSTM_CNN model on the test set: 82.133024 %
Accuracy of the ParallelCNNLSTMModel model on the test set: 88.461926 %
#### TESTING TOTAL TIME: 3.506 ####
#### TIME #### TERMINO #### 19513.781 ####
#### FINITO #### TERMINO #### NO-VA-MAS ####
#### TIMES #### modelling TOTAL TOTAL ==>> 19513.781
#### #### READING DATA FILES #### ####
254 #### COMBI [reg, sid, ban, sec, men, med, sum, npp, htp, hhh, aei] METRICS ####
('Plantation', '/home/vargas/repos/forests-sounds-vargas/out/data/extraction/Plantation/2_00_PSA0010-2010_dict_y_split_7_2512283_1736694580.pkl')
(297840, 11) Index(['reg', 'sid', 'ban', 'sec', 'men', 'med', 'sum', 'npp', 'htp', 'hhh',
       'aei'],
      dtype='object') Index(['reg', 'sid', 'ban', 'sec', 'men', 'med', 'sum', 'npp', 'htp', 'hhh',
       'aei'],
      dtype='object')
#### MERGE 68 merge_data Dataframe shape: (297840, 11) #### time: 39
#### #### SPLIT TRAIN TEST #### ####
#### CLASSES: [0 1 2 3] TOTAL 4
#### SPLIT train_test_split and CUDA: ??? cuda:0 #### time: 35
#### MODELS - TOTAL 3 ####
#### EPOCHS 1 ####
#### TRAINING MODELS ####
#### TRAINING MODEL CNN_LSTM ####
#### TRAINED MODEL CNN_LSTM model training time: 6.776 total training time: 6.788 ####
#### TRAINING MODEL LSTM_CNN ####
#### TRAINED MODEL LSTM_CNN model training time: 7.707 total training time: 14.495 ####
#### TRAINING MODEL ParallelCNNLSTMModel ####
#### TRAINED MODEL ParallelCNNLSTMModel model training time: 7.613 total training time: 22.108 ####
#### TRAINING TOTAL TIME: 22.096 ####
Accuracy of the CNN_LSTM model on the test set: 90.768533 %
Accuracy of the LSTM_CNN model on the test set: 84.254969 %
Accuracy of the ParallelCNNLSTMModel model on the test set: 90.229654 %
#### TESTING TOTAL TIME: 3.651 ####
#### TIME #### TERMINO #### 19588.707 ####
#### FINITO #### TERMINO #### NO-VA-MAS ####
#### TIMES #### modelling TOTAL TOTAL ==>> 19588.707
#### #### READING DATA FILES #### ####
255 #### COMBI [reg, sid, ban, sec, men, med, sum, hfq, htp, hhh, aei] METRICS ####
('Plantation', '/home/vargas/repos/forests-sounds-vargas/out/data/extraction/Plantation/2_00_PSA0010-2010_dict_y_split_7_2512283_1736694580.pkl')
(297840, 11) Index(['reg', 'sid', 'ban', 'sec', 'men', 'med', 'sum', 'hfq', 'htp', 'hhh',
       'aei'],
      dtype='object') Index(['reg', 'sid', 'ban', 'sec', 'men', 'med', 'sum', 'hfq', 'htp', 'hhh',
       'aei'],
      dtype='object')
#### MERGE 68 merge_data Dataframe shape: (297840, 11) #### time: 39
#### #### SPLIT TRAIN TEST #### ####
#### CLASSES: [0 1 2 3] TOTAL 4
#### SPLIT train_test_split and CUDA: ??? cuda:0 #### time: 35
#### MODELS - TOTAL 3 ####
#### EPOCHS 1 ####
#### TRAINING MODELS ####
#### TRAINING MODEL CNN_LSTM ####
#### TRAINED MODEL CNN_LSTM model training time: 6.757 total training time: 6.768 ####
#### TRAINING MODEL LSTM_CNN ####
#### TRAINED MODEL LSTM_CNN model training time: 7.548 total training time: 14.316 ####
#### TRAINING MODEL ParallelCNNLSTMModel ####
#### TRAINED MODEL ParallelCNNLSTMModel model training time: 7.768 total training time: 22.085 ####
#### TRAINING TOTAL TIME: 22.073 ####
Accuracy of the CNN_LSTM model on the test set: 67.314666 %
Accuracy of the LSTM_CNN model on the test set: 57.173315 %
Accuracy of the ParallelCNNLSTMModel model on the test set: 71.880876 %
#### TESTING TOTAL TIME: 3.634 ####
#### TIME #### TERMINO #### 19663.536 ####
#### FINITO #### TERMINO #### NO-VA-MAS ####
#### TIMES #### modelling TOTAL TOTAL ==>> 19663.536
#### #### READING DATA FILES #### ####
256 #### COMBI [reg, sid, ban, sec, men, med, sum, max, aci, bet, mmm, npp] METRICS ####
('Plantation', '/home/vargas/repos/forests-sounds-vargas/out/data/extraction/Plantation/2_00_PSA0010-2010_dict_y_split_7_2512283_1736694580.pkl')
(297840, 12) Index(['reg', 'sid', 'ban', 'sec', 'men', 'med', 'sum', 'max', 'aci', 'bet',
       'mmm'],
      dtype='object') Index(['sid', 'ban', 'sec', 'men', 'med', 'sum', 'max', 'aci', 'bet', 'mmm',
       'npp'],
      dtype='object')
#### MERGE 68 merge_data Dataframe shape: (297840, 12) #### time: 39
#### #### SPLIT TRAIN TEST #### ####
#### CLASSES: [0 1 2 3] TOTAL 4
#### SPLIT train_test_split and CUDA: ??? cuda:0 #### time: 34
#### MODELS - TOTAL 3 ####
#### EPOCHS 1 ####
#### TRAINING MODELS ####
#### TRAINING MODEL CNN_LSTM ####
#### TRAINED MODEL CNN_LSTM model training time: 6.812 total training time: 6.823 ####
#### TRAINING MODEL LSTM_CNN ####
#### TRAINED MODEL LSTM_CNN model training time: 7.843 total training time: 14.667 ####
#### TRAINING MODEL ParallelCNNLSTMModel ####
#### TRAINED MODEL ParallelCNNLSTMModel model training time: 7.729 total training time: 22.395 ####
#### TRAINING TOTAL TIME: 22.384 ####
Accuracy of the CNN_LSTM model on the test set: 85.106097 %
Accuracy of the LSTM_CNN model on the test set: 76.987644 %
Accuracy of the ParallelCNNLSTMModel model on the test set: 84.721663 %
#### TESTING TOTAL TIME: 3.686 ####
#### TIME #### TERMINO #### 19738.328 ####
#### FINITO #### TERMINO #### NO-VA-MAS ####
#### TIMES #### modelling TOTAL TOTAL ==>> 19738.328
#### #### READING DATA FILES #### ####
257 #### COMBI [reg, sid, ban, sec, men, med, sum, max, aci, bet, mmm, hfq] METRICS ####
('Plantation', '/home/vargas/repos/forests-sounds-vargas/out/data/extraction/Plantation/2_00_PSA0010-2010_dict_y_split_7_2512283_1736694580.pkl')
(297840, 12) Index(['reg', 'sid', 'ban', 'sec', 'men', 'med', 'sum', 'max', 'aci', 'bet',
       'mmm'],
      dtype='object') Index(['sid', 'ban', 'sec', 'men', 'med', 'sum', 'max', 'aci', 'bet', 'mmm',
       'hfq'],
      dtype='object')
#### MERGE 68 merge_data Dataframe shape: (297840, 12) #### time: 40
#### #### SPLIT TRAIN TEST #### ####
#### CLASSES: [0 1 2 3] TOTAL 4
#### SPLIT train_test_split and CUDA: ??? cuda:0 #### time: 34
#### MODELS - TOTAL 3 ####
#### EPOCHS 1 ####
#### TRAINING MODELS ####
#### TRAINING MODEL CNN_LSTM ####
#### TRAINED MODEL CNN_LSTM model training time: 6.63 total training time: 6.642 ####
#### TRAINING MODEL LSTM_CNN ####
#### TRAINED MODEL LSTM_CNN model training time: 7.817 total training time: 14.459 ####
#### TRAINING MODEL ParallelCNNLSTMModel ####
#### TRAINED MODEL ParallelCNNLSTMModel model training time: 7.875 total training time: 22.334 ####
#### TRAINING TOTAL TIME: 22.323 ####
Accuracy of the CNN_LSTM model on the test set: 72.500336 %
Accuracy of the LSTM_CNN model on the test set: 72.795796 %
Accuracy of the ParallelCNNLSTMModel model on the test set: 76.445407 %
#### TESTING TOTAL TIME: 3.55 ####
#### TIME #### TERMINO #### 19813.441 ####
#### FINITO #### TERMINO #### NO-VA-MAS ####
#### TIMES #### modelling TOTAL TOTAL ==>> 19813.441
#### #### READING DATA FILES #### ####
258 #### COMBI [reg, sid, ban, sec, men, med, sum, max, aci, bet, mmm, htp] METRICS ####
('Plantation', '/home/vargas/repos/forests-sounds-vargas/out/data/extraction/Plantation/2_00_PSA0010-2010_dict_y_split_7_2512283_1736694580.pkl')
(297840, 12) Index(['reg', 'sid', 'ban', 'sec', 'men', 'med', 'sum', 'max', 'aci', 'bet',
       'mmm'],
      dtype='object') Index(['sid', 'ban', 'sec', 'men', 'med', 'sum', 'max', 'aci', 'bet', 'mmm',
       'htp'],
      dtype='object')
#### MERGE 68 merge_data Dataframe shape: (297840, 12) #### time: 40
#### #### SPLIT TRAIN TEST #### ####
#### CLASSES: [0 1 2 3] TOTAL 4
#### SPLIT train_test_split and CUDA: ??? cuda:0 #### time: 34
#### MODELS - TOTAL 3 ####
#### EPOCHS 1 ####
#### TRAINING MODELS ####
#### TRAINING MODEL CNN_LSTM ####
#### TRAINED MODEL CNN_LSTM model training time: 6.793 total training time: 6.804 ####
#### TRAINING MODEL LSTM_CNN ####
#### TRAINED MODEL LSTM_CNN model training time: 7.684 total training time: 14.488 ####
#### TRAINING MODEL ParallelCNNLSTMModel ####
#### TRAINED MODEL ParallelCNNLSTMModel model training time: 7.872 total training time: 22.359 ####
#### TRAINING TOTAL TIME: 22.348 ####
Accuracy of the CNN_LSTM model on the test set: 74.733078 %
Accuracy of the LSTM_CNN model on the test set: 62.726632 %
Accuracy of the ParallelCNNLSTMModel model on the test set: 76.752619 %
#### TESTING TOTAL TIME: 3.687 ####
#### TIME #### TERMINO #### 19888.598 ####
#### FINITO #### TERMINO #### NO-VA-MAS ####
#### TIMES #### modelling TOTAL TOTAL ==>> 19888.598
#### #### READING DATA FILES #### ####
259 #### COMBI [reg, sid, ban, sec, men, med, sum, max, aci, bet, mmm, hhh] METRICS ####
('Plantation', '/home/vargas/repos/forests-sounds-vargas/out/data/extraction/Plantation/2_00_PSA0010-2010_dict_y_split_7_2512283_1736694580.pkl')
(297840, 12) Index(['reg', 'sid', 'ban', 'sec', 'men', 'med', 'sum', 'max', 'aci', 'bet',
       'mmm'],
      dtype='object') Index(['sid', 'ban', 'sec', 'men', 'med', 'sum', 'max', 'aci', 'bet', 'mmm',
       'hhh'],
      dtype='object')
#### MERGE 68 merge_data Dataframe shape: (297840, 12) #### time: 41
#### #### SPLIT TRAIN TEST #### ####
#### CLASSES: [0 1 2 3] TOTAL 4
#### SPLIT train_test_split and CUDA: ??? cuda:0 #### time: 34
#### MODELS - TOTAL 3 ####
#### EPOCHS 1 ####
#### TRAINING MODELS ####
#### TRAINING MODEL CNN_LSTM ####
#### TRAINED MODEL CNN_LSTM model training time: 6.623 total training time: 6.635 ####
#### TRAINING MODEL LSTM_CNN ####
#### TRAINED MODEL LSTM_CNN model training time: 7.822 total training time: 14.456 ####
#### TRAINING MODEL ParallelCNNLSTMModel ####
#### TRAINED MODEL ParallelCNNLSTMModel model training time: 7.871 total training time: 22.328 ####
#### TRAINING TOTAL TIME: 22.317 ####
Accuracy of the CNN_LSTM model on the test set: 74.430902 %
Accuracy of the LSTM_CNN model on the test set: 65.619124 %
Accuracy of the ParallelCNNLSTMModel model on the test set: 74.944601 %
#### TESTING TOTAL TIME: 3.54 ####
#### TIME #### TERMINO #### 19964.455 ####
#### FINITO #### TERMINO #### NO-VA-MAS ####
#### TIMES #### modelling TOTAL TOTAL ==>> 19964.455
#### #### READING DATA FILES #### ####
260 #### COMBI [reg, sid, ban, sec, men, med, sum, max, aci, bet, mmm, aei] METRICS ####
('Plantation', '/home/vargas/repos/forests-sounds-vargas/out/data/extraction/Plantation/2_00_PSA0010-2010_dict_y_split_7_2512283_1736694580.pkl')
(297840, 12) Index(['reg', 'sid', 'ban', 'sec', 'men', 'med', 'sum', 'max', 'aci', 'bet',
       'mmm'],
      dtype='object') Index(['sid', 'ban', 'sec', 'men', 'med', 'sum', 'max', 'aci', 'bet', 'mmm',
       'aei'],
      dtype='object')
#### MERGE 68 merge_data Dataframe shape: (297840, 12) #### time: 40
#### #### SPLIT TRAIN TEST #### ####
#### CLASSES: [0 1 2 3] TOTAL 4
#### SPLIT train_test_split and CUDA: ??? cuda:0 #### time: 34
#### MODELS - TOTAL 3 ####
#### EPOCHS 1 ####
#### TRAINING MODELS ####
#### TRAINING MODEL CNN_LSTM ####
#### TRAINED MODEL CNN_LSTM model training time: 6.81 total training time: 6.821 ####
#### TRAINING MODEL LSTM_CNN ####
#### TRAINED MODEL LSTM_CNN model training time: 7.677 total training time: 14.498 ####
#### TRAINING MODEL ParallelCNNLSTMModel ####
#### TRAINED MODEL ParallelCNNLSTMModel model training time: 7.877 total training time: 22.375 ####
#### TRAINING TOTAL TIME: 22.363 ####
Accuracy of the CNN_LSTM model on the test set: 75.4583 %
Accuracy of the LSTM_CNN model on the test set: 67.116573 %
Accuracy of the ParallelCNNLSTMModel model on the test set: 75.564061 %
#### TESTING TOTAL TIME: 3.546 ####
#### TIME #### TERMINO #### 20040.084 ####
#### FINITO #### TERMINO #### NO-VA-MAS ####
#### TIMES #### modelling TOTAL TOTAL ==>> 20040.084
#### #### READING DATA FILES #### ####
261 #### COMBI [reg, sid, ban, sec, men, med, sum, max, aci, bet, npp, hfq] METRICS ####
('Plantation', '/home/vargas/repos/forests-sounds-vargas/out/data/extraction/Plantation/2_00_PSA0010-2010_dict_y_split_7_2512283_1736694580.pkl')
(297840, 12) Index(['reg', 'sid', 'ban', 'sec', 'men', 'med', 'sum', 'max', 'aci', 'bet',
       'npp'],
      dtype='object') Index(['sid', 'ban', 'sec', 'men', 'med', 'sum', 'max', 'aci', 'bet', 'npp',
       'hfq'],
      dtype='object')
#### MERGE 68 merge_data Dataframe shape: (297840, 12) #### time: 40
#### #### SPLIT TRAIN TEST #### ####
#### CLASSES: [0 1 2 3] TOTAL 4
#### SPLIT train_test_split and CUDA: ??? cuda:0 #### time: 35
#### MODELS - TOTAL 3 ####
#### EPOCHS 1 ####
#### TRAINING MODELS ####
#### TRAINING MODEL CNN_LSTM ####
#### TRAINED MODEL CNN_LSTM model training time: 6.75 total training time: 6.761 ####
#### TRAINING MODEL LSTM_CNN ####
#### TRAINED MODEL LSTM_CNN model training time: 7.771 total training time: 14.532 ####
#### TRAINING MODEL ParallelCNNLSTMModel ####
#### TRAINED MODEL ParallelCNNLSTMModel model training time: 7.703 total training time: 22.235 ####
#### TRAINING TOTAL TIME: 22.223 ####
Accuracy of the CNN_LSTM model on the test set: 87.214612 %
Accuracy of the LSTM_CNN model on the test set: 84.355694 %
Accuracy of the ParallelCNNLSTMModel model on the test set: 85.84307 %
#### TESTING TOTAL TIME: 3.678 ####
#### TIME #### TERMINO #### 20115.477 ####
#### FINITO #### TERMINO #### NO-VA-MAS ####
#### TIMES #### modelling TOTAL TOTAL ==>> 20115.477
#### #### READING DATA FILES #### ####
262 #### COMBI [reg, sid, ban, sec, men, med, sum, max, aci, bet, npp, htp] METRICS ####
('Plantation', '/home/vargas/repos/forests-sounds-vargas/out/data/extraction/Plantation/2_00_PSA0010-2010_dict_y_split_7_2512283_1736694580.pkl')
(297840, 12) Index(['reg', 'sid', 'ban', 'sec', 'men', 'med', 'sum', 'max', 'aci', 'bet',
       'npp'],
      dtype='object') Index(['sid', 'ban', 'sec', 'men', 'med', 'sum', 'max', 'aci', 'bet', 'npp',
       'htp'],
      dtype='object')
#### MERGE 68 merge_data Dataframe shape: (297840, 12) #### time: 40
#### #### SPLIT TRAIN TEST #### ####
#### CLASSES: [0 1 2 3] TOTAL 4
#### SPLIT train_test_split and CUDA: ??? cuda:0 #### time: 34
#### MODELS - TOTAL 3 ####
#### EPOCHS 1 ####
#### TRAINING MODELS ####
#### TRAINING MODEL CNN_LSTM ####
#### TRAINED MODEL CNN_LSTM model training time: 6.753 total training time: 6.765 ####
#### TRAINING MODEL LSTM_CNN ####
#### TRAINED MODEL LSTM_CNN model training time: 7.663 total training time: 14.427 ####
#### TRAINING MODEL ParallelCNNLSTMModel ####
#### TRAINED MODEL ParallelCNNLSTMModel model training time: 7.833 total training time: 22.26 ####
#### TRAINING TOTAL TIME: 22.249 ####
Accuracy of the CNN_LSTM model on the test set: 76.430298 %
Accuracy of the LSTM_CNN model on the test set: 69.663242 %
Accuracy of the ParallelCNNLSTMModel model on the test set: 87.35227 %
#### TESTING TOTAL TIME: 3.521 ####
#### TIME #### TERMINO #### 20190.962 ####
#### FINITO #### TERMINO #### NO-VA-MAS ####
#### TIMES #### modelling TOTAL TOTAL ==>> 20190.962
#### #### READING DATA FILES #### ####
263 #### COMBI [reg, sid, ban, sec, men, med, sum, max, aci, bet, npp, hhh] METRICS ####
('Plantation', '/home/vargas/repos/forests-sounds-vargas/out/data/extraction/Plantation/2_00_PSA0010-2010_dict_y_split_7_2512283_1736694580.pkl')
(297840, 12) Index(['reg', 'sid', 'ban', 'sec', 'men', 'med', 'sum', 'max', 'aci', 'bet',
       'npp'],
      dtype='object') Index(['sid', 'ban', 'sec', 'men', 'med', 'sum', 'max', 'aci', 'bet', 'npp',
       'hhh'],
      dtype='object')
#### MERGE 68 merge_data Dataframe shape: (297840, 12) #### time: 39
#### #### SPLIT TRAIN TEST #### ####
#### CLASSES: [0 1 2 3] TOTAL 4
#### SPLIT train_test_split and CUDA: ??? cuda:0 #### time: 35
#### MODELS - TOTAL 3 ####
#### EPOCHS 1 ####
#### TRAINING MODELS ####
#### TRAINING MODEL CNN_LSTM ####
#### TRAINED MODEL CNN_LSTM model training time: 6.793 total training time: 6.805 ####
#### TRAINING MODEL LSTM_CNN ####
#### TRAINED MODEL LSTM_CNN model training time: 7.814 total training time: 14.619 ####
#### TRAINING MODEL ParallelCNNLSTMModel ####
#### TRAINED MODEL ParallelCNNLSTMModel model training time: 7.745 total training time: 22.363 ####
#### TRAINING TOTAL TIME: 22.352 ####
Accuracy of the CNN_LSTM model on the test set: 84.209643 %
Accuracy of the LSTM_CNN model on the test set: 85.314263 %
Accuracy of the ParallelCNNLSTMModel model on the test set: 84.973476 %
#### TESTING TOTAL TIME: 3.697 ####
#### TIME #### TERMINO #### 20265.875 ####
#### FINITO #### TERMINO #### NO-VA-MAS ####
#### TIMES #### modelling TOTAL TOTAL ==>> 20265.875
#### #### READING DATA FILES #### ####
264 #### COMBI [reg, sid, ban, sec, men, med, sum, max, aci, bet, npp, aei] METRICS ####
('Plantation', '/home/vargas/repos/forests-sounds-vargas/out/data/extraction/Plantation/2_00_PSA0010-2010_dict_y_split_7_2512283_1736694580.pkl')
(297840, 12) Index(['reg', 'sid', 'ban', 'sec', 'men', 'med', 'sum', 'max', 'aci', 'bet',
       'npp'],
      dtype='object') Index(['sid', 'ban', 'sec', 'men', 'med', 'sum', 'max', 'aci', 'bet', 'npp',
       'aei'],
      dtype='object')
#### MERGE 68 merge_data Dataframe shape: (297840, 12) #### time: 41
#### #### SPLIT TRAIN TEST #### ####
#### CLASSES: [0 1 2 3] TOTAL 4
#### SPLIT train_test_split and CUDA: ??? cuda:0 #### time: 35
#### MODELS - TOTAL 3 ####
#### EPOCHS 1 ####
#### TRAINING MODELS ####
#### TRAINING MODEL CNN_LSTM ####
#### TRAINED MODEL CNN_LSTM model training time: 6.638 total training time: 6.65 ####
#### TRAINING MODEL LSTM_CNN ####
#### TRAINED MODEL LSTM_CNN model training time: 7.829 total training time: 14.479 ####
#### TRAINING MODEL ParallelCNNLSTMModel ####
#### TRAINED MODEL ParallelCNNLSTMModel model training time: 7.867 total training time: 22.347 ####
#### TRAINING TOTAL TIME: 22.335 ####
Accuracy of the CNN_LSTM model on the test set: 79.388262 %
Accuracy of the LSTM_CNN model on the test set: 82.856567 %
Accuracy of the ParallelCNNLSTMModel model on the test set: 88.304123 %
#### TESTING TOTAL TIME: 3.547 ####
#### TIME #### TERMINO #### 20342.149 ####
#### FINITO #### TERMINO #### NO-VA-MAS ####
#### TIMES #### modelling TOTAL TOTAL ==>> 20342.149
#### #### READING DATA FILES #### ####
265 #### COMBI [reg, sid, ban, sec, men, med, sum, max, aci, bet, hfq, htp] METRICS ####
('Plantation', '/home/vargas/repos/forests-sounds-vargas/out/data/extraction/Plantation/2_00_PSA0010-2010_dict_y_split_7_2512283_1736694580.pkl')
(297840, 12) Index(['reg', 'sid', 'ban', 'sec', 'men', 'med', 'sum', 'max', 'aci', 'bet',
       'hfq'],
      dtype='object') Index(['sid', 'ban', 'sec', 'men', 'med', 'sum', 'max', 'aci', 'bet', 'hfq',
       'htp'],
      dtype='object')
#### MERGE 68 merge_data Dataframe shape: (297840, 12) #### time: 39
#### #### SPLIT TRAIN TEST #### ####
#### CLASSES: [0 1 2 3] TOTAL 4
#### SPLIT train_test_split and CUDA: ??? cuda:0 #### time: 35
#### MODELS - TOTAL 3 ####
#### EPOCHS 1 ####
#### TRAINING MODELS ####
#### TRAINING MODEL CNN_LSTM ####
#### TRAINED MODEL CNN_LSTM model training time: 6.799 total training time: 6.811 ####
#### TRAINING MODEL LSTM_CNN ####
#### TRAINED MODEL LSTM_CNN model training time: 7.798 total training time: 14.609 ####
#### TRAINING MODEL ParallelCNNLSTMModel ####
#### TRAINED MODEL ParallelCNNLSTMModel model training time: 7.75 total training time: 22.359 ####
#### TRAINING TOTAL TIME: 22.347 ####
Accuracy of the CNN_LSTM model on the test set: 75.49859 %
Accuracy of the LSTM_CNN model on the test set: 59.535321 %
Accuracy of the ParallelCNNLSTMModel model on the test set: 75.055399 %
#### TESTING TOTAL TIME: 3.693 ####
#### TIME #### TERMINO #### 20416.601 ####
#### FINITO #### TERMINO #### NO-VA-MAS ####
#### TIMES #### modelling TOTAL TOTAL ==>> 20416.601
#### #### READING DATA FILES #### ####
266 #### COMBI [reg, sid, ban, sec, men, med, sum, max, aci, bet, hfq, hhh] METRICS ####
('Plantation', '/home/vargas/repos/forests-sounds-vargas/out/data/extraction/Plantation/2_00_PSA0010-2010_dict_y_split_7_2512283_1736694580.pkl')
(297840, 12) Index(['reg', 'sid', 'ban', 'sec', 'men', 'med', 'sum', 'max', 'aci', 'bet',
       'hfq'],
      dtype='object') Index(['sid', 'ban', 'sec', 'men', 'med', 'sum', 'max', 'aci', 'bet', 'hfq',
       'hhh'],
      dtype='object')
#### MERGE 68 merge_data Dataframe shape: (297840, 12) #### time: 40
#### #### SPLIT TRAIN TEST #### ####
#### CLASSES: [0 1 2 3] TOTAL 4
#### SPLIT train_test_split and CUDA: ??? cuda:0 #### time: 34
#### MODELS - TOTAL 3 ####
#### EPOCHS 1 ####
#### TRAINING MODELS ####
#### TRAINING MODEL CNN_LSTM ####
#### TRAINED MODEL CNN_LSTM model training time: 6.654 total training time: 6.665 ####
#### TRAINING MODEL LSTM_CNN ####
#### TRAINED MODEL LSTM_CNN model training time: 7.846 total training time: 14.512 ####
#### TRAINING MODEL ParallelCNNLSTMModel ####
#### TRAINED MODEL ParallelCNNLSTMModel model training time: 7.893 total training time: 22.405 ####
#### TRAINING TOTAL TIME: 22.393 ####
Accuracy of the CNN_LSTM model on the test set: 73.322925 %
Accuracy of the LSTM_CNN model on the test set: 69.3426 %
Accuracy of the ParallelCNNLSTMModel model on the test set: 76.903707 %
#### TESTING TOTAL TIME: 3.642 ####
#### TIME #### TERMINO #### 20491.825 ####
#### FINITO #### TERMINO #### NO-VA-MAS ####
#### TIMES #### modelling TOTAL TOTAL ==>> 20491.825
#### #### READING DATA FILES #### ####
267 #### COMBI [reg, sid, ban, sec, men, med, sum, max, aci, bet, hfq, aei] METRICS ####
('Plantation', '/home/vargas/repos/forests-sounds-vargas/out/data/extraction/Plantation/2_00_PSA0010-2010_dict_y_split_7_2512283_1736694580.pkl')
(297840, 12) Index(['reg', 'sid', 'ban', 'sec', 'men', 'med', 'sum', 'max', 'aci', 'bet',
       'hfq'],
      dtype='object') Index(['sid', 'ban', 'sec', 'men', 'med', 'sum', 'max', 'aci', 'bet', 'hfq',
       'aei'],
      dtype='object')
#### MERGE 68 merge_data Dataframe shape: (297840, 12) #### time: 40
#### #### SPLIT TRAIN TEST #### ####
#### CLASSES: [0 1 2 3] TOTAL 4
#### SPLIT train_test_split and CUDA: ??? cuda:0 #### time: 35
#### MODELS - TOTAL 3 ####
#### EPOCHS 1 ####
#### TRAINING MODELS ####
#### TRAINING MODEL CNN_LSTM ####
#### TRAINED MODEL CNN_LSTM model training time: 6.755 total training time: 6.767 ####
#### TRAINING MODEL LSTM_CNN ####
#### TRAINED MODEL LSTM_CNN model training time: 7.634 total training time: 14.401 ####
#### TRAINING MODEL ParallelCNNLSTMModel ####
#### TRAINED MODEL ParallelCNNLSTMModel model training time: 7.864 total training time: 22.265 ####
#### TRAINING TOTAL TIME: 22.253 ####
Accuracy of the CNN_LSTM model on the test set: 72.794118 %
Accuracy of the LSTM_CNN model on the test set: 75.49859 %
Accuracy of the ParallelCNNLSTMModel model on the test set: 75.545595 %
#### TESTING TOTAL TIME: 3.663 ####
#### TIME #### TERMINO #### 20566.847 ####
#### FINITO #### TERMINO #### NO-VA-MAS ####
#### TIMES #### modelling TOTAL TOTAL ==>> 20566.847
#### #### READING DATA FILES #### ####
268 #### COMBI [reg, sid, ban, sec, men, med, sum, max, aci, bet, htp, hhh] METRICS ####
('Plantation', '/home/vargas/repos/forests-sounds-vargas/out/data/extraction/Plantation/2_00_PSA0010-2010_dict_y_split_7_2512283_1736694580.pkl')
(297840, 12) Index(['reg', 'sid', 'ban', 'sec', 'men', 'med', 'sum', 'max', 'aci', 'bet',
       'htp'],
      dtype='object') Index(['sid', 'ban', 'sec', 'men', 'med', 'sum', 'max', 'aci', 'bet', 'htp',
       'hhh'],
      dtype='object')
#### MERGE 68 merge_data Dataframe shape: (297840, 12) #### time: 40
#### #### SPLIT TRAIN TEST #### ####
#### CLASSES: [0 1 2 3] TOTAL 4
#### SPLIT train_test_split and CUDA: ??? cuda:0 #### time: 35
#### MODELS - TOTAL 3 ####
#### EPOCHS 1 ####
#### TRAINING MODELS ####
#### TRAINING MODEL CNN_LSTM ####
#### TRAINED MODEL CNN_LSTM model training time: 6.672 total training time: 6.692 ####
#### TRAINING MODEL LSTM_CNN ####
#### TRAINED MODEL LSTM_CNN model training time: 7.753 total training time: 14.445 ####
#### TRAINING MODEL ParallelCNNLSTMModel ####
#### TRAINED MODEL ParallelCNNLSTMModel model training time: 7.676 total training time: 22.122 ####
#### TRAINING TOTAL TIME: 22.101 ####
Accuracy of the CNN_LSTM model on the test set: 74.182447 %
Accuracy of the LSTM_CNN model on the test set: 73.579774 %
Accuracy of the ParallelCNNLSTMModel model on the test set: 77.526524 %
#### TESTING TOTAL TIME: 3.724 ####
#### TIME #### TERMINO #### 20642.785 ####
#### FINITO #### TERMINO #### NO-VA-MAS ####
#### TIMES #### modelling TOTAL TOTAL ==>> 20642.785
#### #### READING DATA FILES #### ####
269 #### COMBI [reg, sid, ban, sec, men, med, sum, max, aci, bet, htp, aei] METRICS ####
('Plantation', '/home/vargas/repos/forests-sounds-vargas/out/data/extraction/Plantation/2_00_PSA0010-2010_dict_y_split_7_2512283_1736694580.pkl')
(297840, 12) Index(['reg', 'sid', 'ban', 'sec', 'men', 'med', 'sum', 'max', 'aci', 'bet',
       'htp'],
      dtype='object') Index(['sid', 'ban', 'sec', 'men', 'med', 'sum', 'max', 'aci', 'bet', 'htp',
       'aei'],
      dtype='object')
#### MERGE 68 merge_data Dataframe shape: (297840, 12) #### time: 44
#### #### SPLIT TRAIN TEST #### ####
#### CLASSES: [0 1 2 3] TOTAL 4
#### SPLIT train_test_split and CUDA: ??? cuda:0 #### time: 35
#### MODELS - TOTAL 3 ####
#### EPOCHS 1 ####
#### TRAINING MODELS ####
#### TRAINING MODEL CNN_LSTM ####
#### TRAINED MODEL CNN_LSTM model training time: 6.802 total training time: 6.814 ####
#### TRAINING MODEL LSTM_CNN ####
#### TRAINED MODEL LSTM_CNN model training time: 7.706 total training time: 14.52 ####
#### TRAINING MODEL ParallelCNNLSTMModel ####
#### TRAINED MODEL ParallelCNNLSTMModel model training time: 7.887 total training time: 22.407 ####
#### TRAINING TOTAL TIME: 22.395 ####
Accuracy of the CNN_LSTM model on the test set: 68.768466 %
Accuracy of the LSTM_CNN model on the test set: 65.647663 %
Accuracy of the ParallelCNNLSTMModel model on the test set: 76.052579 %
#### TESTING TOTAL TIME: 3.544 ####
#### TIME #### TERMINO #### 20722.793 ####
#### FINITO #### TERMINO #### NO-VA-MAS ####
#### TIMES #### modelling TOTAL TOTAL ==>> 20722.793
#### #### READING DATA FILES #### ####
270 #### COMBI [reg, sid, ban, sec, men, med, sum, max, aci, bet, hhh, aei] METRICS ####
('Plantation', '/home/vargas/repos/forests-sounds-vargas/out/data/extraction/Plantation/2_00_PSA0010-2010_dict_y_split_7_2512283_1736694580.pkl')
(297840, 12) Index(['reg', 'sid', 'ban', 'sec', 'men', 'med', 'sum', 'max', 'aci', 'bet',
       'hhh'],
      dtype='object') Index(['sid', 'ban', 'sec', 'men', 'med', 'sum', 'max', 'aci', 'bet', 'hhh',
       'aei'],
      dtype='object')
#### MERGE 68 merge_data Dataframe shape: (297840, 12) #### time: 43
#### #### SPLIT TRAIN TEST #### ####
#### CLASSES: [0 1 2 3] TOTAL 4
#### SPLIT train_test_split and CUDA: ??? cuda:0 #### time: 35
#### MODELS - TOTAL 3 ####
#### EPOCHS 1 ####
#### TRAINING MODELS ####
#### TRAINING MODEL CNN_LSTM ####
#### TRAINED MODEL CNN_LSTM model training time: 6.712 total training time: 6.724 ####
#### TRAINING MODEL LSTM_CNN ####
#### TRAINED MODEL LSTM_CNN model training time: 7.734 total training time: 14.458 ####
#### TRAINING MODEL ParallelCNNLSTMModel ####
#### TRAINED MODEL ParallelCNNLSTMModel model training time: 7.694 total training time: 22.153 ####
#### TRAINING TOTAL TIME: 22.141 ####
Accuracy of the CNN_LSTM model on the test set: 71.79358 %
Accuracy of the LSTM_CNN model on the test set: 74.214343 %
Accuracy of the ParallelCNNLSTMModel model on the test set: 76.542775 %
#### TESTING TOTAL TIME: 3.689 ####
#### TIME #### TERMINO #### 20801.526 ####
#### FINITO #### TERMINO #### NO-VA-MAS ####
#### TIMES #### modelling TOTAL TOTAL ==>> 20801.526
#### #### READING DATA FILES #### ####
271 #### COMBI [reg, sid, ban, sec, men, med, sum, max, aci, mmm, npp, hfq] METRICS ####
('Plantation', '/home/vargas/repos/forests-sounds-vargas/out/data/extraction/Plantation/2_00_PSA0010-2010_dict_y_split_7_2512283_1736694580.pkl')
(297840, 12) Index(['reg', 'sid', 'ban', 'sec', 'men', 'med', 'sum', 'max', 'aci', 'mmm',
       'npp'],
      dtype='object') Index(['sid', 'ban', 'sec', 'men', 'med', 'sum', 'max', 'aci', 'mmm', 'npp',
       'hfq'],
      dtype='object')
#### MERGE 68 merge_data Dataframe shape: (297840, 12) #### time: 40
#### #### SPLIT TRAIN TEST #### ####
#### CLASSES: [0 1 2 3] TOTAL 4
#### SPLIT train_test_split and CUDA: ??? cuda:0 #### time: 34
#### MODELS - TOTAL 3 ####
#### EPOCHS 1 ####
#### TRAINING MODELS ####
#### TRAINING MODEL CNN_LSTM ####
#### TRAINED MODEL CNN_LSTM model training time: 6.633 total training time: 6.644 ####
#### TRAINING MODEL LSTM_CNN ####
#### TRAINED MODEL LSTM_CNN model training time: 7.802 total training time: 14.446 ####
#### TRAINING MODEL ParallelCNNLSTMModel ####
#### TRAINED MODEL ParallelCNNLSTMModel model training time: 7.823 total training time: 22.269 ####
#### TRAINING TOTAL TIME: 22.257 ####
Accuracy of the CNN_LSTM model on the test set: 80.677545 %
Accuracy of the LSTM_CNN model on the test set: 74.127048 %
Accuracy of the ParallelCNNLSTMModel model on the test set: 86.930902 %
#### TESTING TOTAL TIME: 3.569 ####
#### TIME #### TERMINO #### 20877.15 ####
#### FINITO #### TERMINO #### NO-VA-MAS ####
#### TIMES #### modelling TOTAL TOTAL ==>> 20877.15
#### #### READING DATA FILES #### ####
272 #### COMBI [reg, sid, ban, sec, men, med, sum, max, aci, mmm, npp, htp] METRICS ####
('Plantation', '/home/vargas/repos/forests-sounds-vargas/out/data/extraction/Plantation/2_00_PSA0010-2010_dict_y_split_7_2512283_1736694580.pkl')
(297840, 12) Index(['reg', 'sid', 'ban', 'sec', 'men', 'med', 'sum', 'max', 'aci', 'mmm',
       'npp'],
      dtype='object') Index(['sid', 'ban', 'sec', 'men', 'med', 'sum', 'max', 'aci', 'mmm', 'npp',
       'htp'],
      dtype='object')
#### MERGE 68 merge_data Dataframe shape: (297840, 12) #### time: 42
#### #### SPLIT TRAIN TEST #### ####
#### CLASSES: [0 1 2 3] TOTAL 4
#### SPLIT train_test_split and CUDA: ??? cuda:0 #### time: 35
#### MODELS - TOTAL 3 ####
#### EPOCHS 1 ####
#### TRAINING MODELS ####
#### TRAINING MODEL CNN_LSTM ####
#### TRAINED MODEL CNN_LSTM model training time: 6.724 total training time: 6.736 ####
#### TRAINING MODEL LSTM_CNN ####
#### TRAINED MODEL LSTM_CNN model training time: 7.821 total training time: 14.557 ####
#### TRAINING MODEL ParallelCNNLSTMModel ####
#### TRAINED MODEL ParallelCNNLSTMModel model training time: 7.741 total training time: 22.298 ####
#### TRAINING TOTAL TIME: 22.287 ####
Accuracy of the CNN_LSTM model on the test set: 86.235898 %
Accuracy of the LSTM_CNN model on the test set: 81.179492 %
Accuracy of the ParallelCNNLSTMModel model on the test set: 86.553183 %
#### TESTING TOTAL TIME: 3.69 ####
#### TIME #### TERMINO #### 20954.803 ####
#### FINITO #### TERMINO #### NO-VA-MAS ####
#### TIMES #### modelling TOTAL TOTAL ==>> 20954.803
#### #### READING DATA FILES #### ####
273 #### COMBI [reg, sid, ban, sec, men, med, sum, max, aci, mmm, npp, hhh] METRICS ####
('Plantation', '/home/vargas/repos/forests-sounds-vargas/out/data/extraction/Plantation/2_00_PSA0010-2010_dict_y_split_7_2512283_1736694580.pkl')
(297840, 12) Index(['reg', 'sid', 'ban', 'sec', 'men', 'med', 'sum', 'max', 'aci', 'mmm',
       'npp'],
      dtype='object') Index(['sid', 'ban', 'sec', 'men', 'med', 'sum', 'max', 'aci', 'mmm', 'npp',
       'hhh'],
      dtype='object')
#### MERGE 68 merge_data Dataframe shape: (297840, 12) #### time: 40
#### #### SPLIT TRAIN TEST #### ####
#### CLASSES: [0 1 2 3] TOTAL 4
#### SPLIT train_test_split and CUDA: ??? cuda:0 #### time: 34
#### MODELS - TOTAL 3 ####
#### EPOCHS 1 ####
#### TRAINING MODELS ####
#### TRAINING MODEL CNN_LSTM ####
#### TRAINED MODEL CNN_LSTM model training time: 6.652 total training time: 6.664 ####
#### TRAINING MODEL LSTM_CNN ####
#### TRAINED MODEL LSTM_CNN model training time: 7.839 total training time: 14.503 ####
#### TRAINING MODEL ParallelCNNLSTMModel ####
#### TRAINED MODEL ParallelCNNLSTMModel model training time: 7.87 total training time: 22.374 ####
#### TRAINING TOTAL TIME: 22.362 ####
Accuracy of the CNN_LSTM model on the test set: 83.227572 %
Accuracy of the LSTM_CNN model on the test set: 85.097703 %
Accuracy of the ParallelCNNLSTMModel model on the test set: 87.332125 %
#### TESTING TOTAL TIME: 3.541 ####
#### TIME #### TERMINO #### 21030.084 ####
#### FINITO #### TERMINO #### NO-VA-MAS ####
#### TIMES #### modelling TOTAL TOTAL ==>> 21030.084
#### #### READING DATA FILES #### ####
274 #### COMBI [reg, sid, ban, sec, men, med, sum, max, aci, mmm, npp, aei] METRICS ####
('Plantation', '/home/vargas/repos/forests-sounds-vargas/out/data/extraction/Plantation/2_00_PSA0010-2010_dict_y_split_7_2512283_1736694580.pkl')
(297840, 12) Index(['reg', 'sid', 'ban', 'sec', 'men', 'med', 'sum', 'max', 'aci', 'mmm',
       'npp'],
      dtype='object') Index(['sid', 'ban', 'sec', 'men', 'med', 'sum', 'max', 'aci', 'mmm', 'npp',
       'aei'],
      dtype='object')
#### MERGE 68 merge_data Dataframe shape: (297840, 12) #### time: 40
#### #### SPLIT TRAIN TEST #### ####
#### CLASSES: [0 1 2 3] TOTAL 4
#### SPLIT train_test_split and CUDA: ??? cuda:0 #### time: 35
#### MODELS - TOTAL 3 ####
#### EPOCHS 1 ####
#### TRAINING MODELS ####
#### TRAINING MODEL CNN_LSTM ####
#### TRAINED MODEL CNN_LSTM model training time: 6.793 total training time: 6.804 ####
#### TRAINING MODEL LSTM_CNN ####
#### TRAINED MODEL LSTM_CNN model training time: 7.662 total training time: 14.466 ####
#### TRAINING MODEL ParallelCNNLSTMModel ####
#### TRAINED MODEL ParallelCNNLSTMModel model training time: 7.886 total training time: 22.352 ####
#### TRAINING TOTAL TIME: 22.341 ####
Accuracy of the CNN_LSTM model on the test set: 81.33058 %
Accuracy of the LSTM_CNN model on the test set: 60.065807 %
Accuracy of the ParallelCNNLSTMModel model on the test set: 83.502887 %
#### TESTING TOTAL TIME: 3.684 ####
#### TIME #### TERMINO #### 21105.335 ####
#### FINITO #### TERMINO #### NO-VA-MAS ####
#### TIMES #### modelling TOTAL TOTAL ==>> 21105.335
#### #### READING DATA FILES #### ####
275 #### COMBI [reg, sid, ban, sec, men, med, sum, max, aci, mmm, hfq, htp] METRICS ####
('Plantation', '/home/vargas/repos/forests-sounds-vargas/out/data/extraction/Plantation/2_00_PSA0010-2010_dict_y_split_7_2512283_1736694580.pkl')
(297840, 12) Index(['reg', 'sid', 'ban', 'sec', 'men', 'med', 'sum', 'max', 'aci', 'mmm',
       'hfq'],
      dtype='object') Index(['sid', 'ban', 'sec', 'men', 'med', 'sum', 'max', 'aci', 'mmm', 'hfq',
       'htp'],
      dtype='object')
#### MERGE 68 merge_data Dataframe shape: (297840, 12) #### time: 39
#### #### SPLIT TRAIN TEST #### ####
#### CLASSES: [0 1 2 3] TOTAL 4
#### SPLIT train_test_split and CUDA: ??? cuda:0 #### time: 34
#### MODELS - TOTAL 3 ####
#### EPOCHS 1 ####
#### TRAINING MODELS ####
#### TRAINING MODEL CNN_LSTM ####
#### TRAINED MODEL CNN_LSTM model training time: 6.654 total training time: 6.666 ####
#### TRAINING MODEL LSTM_CNN ####
#### TRAINED MODEL LSTM_CNN model training time: 7.846 total training time: 14.512 ####
#### TRAINING MODEL ParallelCNNLSTMModel ####
#### TRAINED MODEL ParallelCNNLSTMModel model training time: 7.749 total training time: 22.261 ####
#### TRAINING TOTAL TIME: 22.25 ####
Accuracy of the CNN_LSTM model on the test set: 61.544789 %
Accuracy of the LSTM_CNN model on the test set: 65.446213 %
Accuracy of the ParallelCNNLSTMModel model on the test set: 64.326484 %
#### TESTING TOTAL TIME: 3.683 ####
#### TIME #### TERMINO #### 21179.78 ####
#### FINITO #### TERMINO #### NO-VA-MAS ####
#### TIMES #### modelling TOTAL TOTAL ==>> 21179.78
#### #### READING DATA FILES #### ####
276 #### COMBI [reg, sid, ban, sec, men, med, sum, max, aci, mmm, hfq, hhh] METRICS ####
('Plantation', '/home/vargas/repos/forests-sounds-vargas/out/data/extraction/Plantation/2_00_PSA0010-2010_dict_y_split_7_2512283_1736694580.pkl')
(297840, 12) Index(['reg', 'sid', 'ban', 'sec', 'men', 'med', 'sum', 'max', 'aci', 'mmm',
       'hfq'],
      dtype='object') Index(['sid', 'ban', 'sec', 'men', 'med', 'sum', 'max', 'aci', 'mmm', 'hfq',
       'hhh'],
      dtype='object')
#### MERGE 68 merge_data Dataframe shape: (297840, 12) #### time: 38
#### #### SPLIT TRAIN TEST #### ####
#### CLASSES: [0 1 2 3] TOTAL 4
#### SPLIT train_test_split and CUDA: ??? cuda:0 #### time: 34
#### MODELS - TOTAL 3 ####
#### EPOCHS 1 ####
#### TRAINING MODELS ####
#### TRAINING MODEL CNN_LSTM ####
#### TRAINED MODEL CNN_LSTM model training time: 6.807 total training time: 6.819 ####
#### TRAINING MODEL LSTM_CNN ####
#### TRAINED MODEL LSTM_CNN model training time: 7.666 total training time: 14.484 ####
#### TRAINING MODEL ParallelCNNLSTMModel ####
#### TRAINED MODEL ParallelCNNLSTMModel model training time: 7.901 total training time: 22.386 ####
#### TRAINING TOTAL TIME: 22.374 ####
Accuracy of the CNN_LSTM model on the test set: 62.547005 %
Accuracy of the LSTM_CNN model on the test set: 57.811241 %
Accuracy of the ParallelCNNLSTMModel model on the test set: 66.471931 %
#### TESTING TOTAL TIME: 3.547 ####
#### TIME #### TERMINO #### 21253.715 ####
#### FINITO #### TERMINO #### NO-VA-MAS ####
#### TIMES #### modelling TOTAL TOTAL ==>> 21253.715
#### #### READING DATA FILES #### ####
277 #### COMBI [reg, sid, ban, sec, men, med, sum, max, aci, mmm, hfq, aei] METRICS ####
('Plantation', '/home/vargas/repos/forests-sounds-vargas/out/data/extraction/Plantation/2_00_PSA0010-2010_dict_y_split_7_2512283_1736694580.pkl')
(297840, 12) Index(['reg', 'sid', 'ban', 'sec', 'men', 'med', 'sum', 'max', 'aci', 'mmm',
       'hfq'],
      dtype='object') Index(['sid', 'ban', 'sec', 'men', 'med', 'sum', 'max', 'aci', 'mmm', 'hfq',
       'aei'],
      dtype='object')
#### MERGE 68 merge_data Dataframe shape: (297840, 12) #### time: 40
#### #### SPLIT TRAIN TEST #### ####
#### CLASSES: [0 1 2 3] TOTAL 4
#### SPLIT train_test_split and CUDA: ??? cuda:0 #### time: 35
#### MODELS - TOTAL 3 ####
#### EPOCHS 1 ####
#### TRAINING MODELS ####
#### TRAINING MODEL CNN_LSTM ####
#### TRAINED MODEL CNN_LSTM model training time: 6.824 total training time: 6.836 ####
#### TRAINING MODEL LSTM_CNN ####
#### TRAINED MODEL LSTM_CNN model training time: 7.843 total training time: 14.679 ####
#### TRAINING MODEL ParallelCNNLSTMModel ####
#### TRAINED MODEL ParallelCNNLSTMModel model training time: 7.744 total training time: 22.423 ####
#### TRAINING TOTAL TIME: 22.412 ####
Accuracy of the CNN_LSTM model on the test set: 62.711523 %
Accuracy of the LSTM_CNN model on the test set: 62.642694 %
Accuracy of the ParallelCNNLSTMModel model on the test set: 63.953801 %
#### TESTING TOTAL TIME: 3.685 ####
#### TIME #### TERMINO #### 21329.323 ####
#### FINITO #### TERMINO #### NO-VA-MAS ####
#### TIMES #### modelling TOTAL TOTAL ==>> 21329.323
#### #### READING DATA FILES #### ####
278 #### COMBI [reg, sid, ban, sec, men, med, sum, max, aci, mmm, htp, hhh] METRICS ####
('Plantation', '/home/vargas/repos/forests-sounds-vargas/out/data/extraction/Plantation/2_00_PSA0010-2010_dict_y_split_7_2512283_1736694580.pkl')
(297840, 12) Index(['reg', 'sid', 'ban', 'sec', 'men', 'med', 'sum', 'max', 'aci', 'mmm',
       'htp'],
      dtype='object') Index(['sid', 'ban', 'sec', 'men', 'med', 'sum', 'max', 'aci', 'mmm', 'htp',
       'hhh'],
      dtype='object')
#### MERGE 68 merge_data Dataframe shape: (297840, 12) #### time: 40
#### #### SPLIT TRAIN TEST #### ####
#### CLASSES: [0 1 2 3] TOTAL 4
#### SPLIT train_test_split and CUDA: ??? cuda:0 #### time: 35
#### MODELS - TOTAL 3 ####
#### EPOCHS 1 ####
#### TRAINING MODELS ####
#### TRAINING MODEL CNN_LSTM ####
#### TRAINED MODEL CNN_LSTM model training time: 6.819 total training time: 6.831 ####
#### TRAINING MODEL LSTM_CNN ####
#### TRAINED MODEL LSTM_CNN model training time: 7.689 total training time: 14.52 ####
#### TRAINING MODEL ParallelCNNLSTMModel ####
#### TRAINED MODEL ParallelCNNLSTMModel model training time: 7.892 total training time: 22.412 ####
#### TRAINING TOTAL TIME: 22.4 ####
Accuracy of the CNN_LSTM model on the test set: 60.644977 %
Accuracy of the LSTM_CNN model on the test set: 58.831923 %
Accuracy of the ParallelCNNLSTMModel model on the test set: 65.976699 %
#### TESTING TOTAL TIME: 3.556 ####
#### TIME #### TERMINO #### 21405.247 ####
#### FINITO #### TERMINO #### NO-VA-MAS ####
#### TIMES #### modelling TOTAL TOTAL ==>> 21405.247
#### #### READING DATA FILES #### ####
279 #### COMBI [reg, sid, ban, sec, men, med, sum, max, aci, mmm, htp, aei] METRICS ####
('Plantation', '/home/vargas/repos/forests-sounds-vargas/out/data/extraction/Plantation/2_00_PSA0010-2010_dict_y_split_7_2512283_1736694580.pkl')
(297840, 12) Index(['reg', 'sid', 'ban', 'sec', 'men', 'med', 'sum', 'max', 'aci', 'mmm',
       'htp'],
      dtype='object') Index(['sid', 'ban', 'sec', 'men', 'med', 'sum', 'max', 'aci', 'mmm', 'htp',
       'aei'],
      dtype='object')
#### MERGE 68 merge_data Dataframe shape: (297840, 12) #### time: 41
#### #### SPLIT TRAIN TEST #### ####
#### CLASSES: [0 1 2 3] TOTAL 4
#### SPLIT train_test_split and CUDA: ??? cuda:0 #### time: 34
#### MODELS - TOTAL 3 ####
#### EPOCHS 1 ####
#### TRAINING MODELS ####
#### TRAINING MODEL CNN_LSTM ####
#### TRAINED MODEL CNN_LSTM model training time: 6.825 total training time: 6.837 ####
#### TRAINING MODEL LSTM_CNN ####
#### TRAINED MODEL LSTM_CNN model training time: 7.832 total training time: 14.668 ####
#### TRAINING MODEL ParallelCNNLSTMModel ####
#### TRAINED MODEL ParallelCNNLSTMModel model training time: 7.736 total training time: 22.405 ####
#### TRAINING TOTAL TIME: 22.394 ####
Accuracy of the CNN_LSTM model on the test set: 63.567687 %
Accuracy of the LSTM_CNN model on the test set: 63.341056 %
Accuracy of the ParallelCNNLSTMModel model on the test set: 67.759535 %
#### TESTING TOTAL TIME: 3.688 ####
#### TIME #### TERMINO #### 21481.344 ####
#### FINITO #### TERMINO #### NO-VA-MAS ####
#### TIMES #### modelling TOTAL TOTAL ==>> 21481.344
#### #### READING DATA FILES #### ####
280 #### COMBI [reg, sid, ban, sec, men, med, sum, max, aci, mmm, hhh, aei] METRICS ####
('Plantation', '/home/vargas/repos/forests-sounds-vargas/out/data/extraction/Plantation/2_00_PSA0010-2010_dict_y_split_7_2512283_1736694580.pkl')
(297840, 12) Index(['reg', 'sid', 'ban', 'sec', 'men', 'med', 'sum', 'max', 'aci', 'mmm',
       'hhh'],
      dtype='object') Index(['sid', 'ban', 'sec', 'men', 'med', 'sum', 'max', 'aci', 'mmm', 'hhh',
       'aei'],
      dtype='object')
#### MERGE 68 merge_data Dataframe shape: (297840, 12) #### time: 41
#### #### SPLIT TRAIN TEST #### ####
#### CLASSES: [0 1 2 3] TOTAL 4
#### SPLIT train_test_split and CUDA: ??? cuda:0 #### time: 35
#### MODELS - TOTAL 3 ####
#### EPOCHS 1 ####
#### TRAINING MODELS ####
#### TRAINING MODEL CNN_LSTM ####
#### TRAINED MODEL CNN_LSTM model training time: 6.596 total training time: 6.608 ####
#### TRAINING MODEL LSTM_CNN ####
#### TRAINED MODEL LSTM_CNN model training time: 7.803 total training time: 14.411 ####
#### TRAINING MODEL ParallelCNNLSTMModel ####
#### TRAINED MODEL ParallelCNNLSTMModel model training time: 7.815 total training time: 22.226 ####
#### TRAINING TOTAL TIME: 22.215 ####
Accuracy of the CNN_LSTM model on the test set: 62.649409 %
Accuracy of the LSTM_CNN model on the test set: 64.081386 %
Accuracy of the ParallelCNNLSTMModel model on the test set: 66.950376 %
#### TESTING TOTAL TIME: 3.519 ####
#### TIME #### TERMINO #### 21557.635 ####
#### FINITO #### TERMINO #### NO-VA-MAS ####
#### TIMES #### modelling TOTAL TOTAL ==>> 21557.635
#### #### READING DATA FILES #### ####
281 #### COMBI [reg, sid, ban, sec, men, med, sum, max, aci, npp, hfq, htp] METRICS ####
('Plantation', '/home/vargas/repos/forests-sounds-vargas/out/data/extraction/Plantation/2_00_PSA0010-2010_dict_y_split_7_2512283_1736694580.pkl')
(297840, 12) Index(['reg', 'sid', 'ban', 'sec', 'men', 'med', 'sum', 'max', 'aci', 'npp',
       'hfq'],
      dtype='object') Index(['sid', 'ban', 'sec', 'men', 'med', 'sum', 'max', 'aci', 'npp', 'hfq',
       'htp'],
      dtype='object')
#### MERGE 68 merge_data Dataframe shape: (297840, 12) #### time: 43
#### #### SPLIT TRAIN TEST #### ####
#### CLASSES: [0 1 2 3] TOTAL 4
#### SPLIT train_test_split and CUDA: ??? cuda:0 #### time: 35
#### MODELS - TOTAL 3 ####
#### EPOCHS 1 ####
#### TRAINING MODELS ####
#### TRAINING MODEL CNN_LSTM ####
#### TRAINED MODEL CNN_LSTM model training time: 6.805 total training time: 6.817 ####
#### TRAINING MODEL LSTM_CNN ####
#### TRAINED MODEL LSTM_CNN model training time: 7.823 total training time: 14.639 ####
#### TRAINING MODEL ParallelCNNLSTMModel ####
#### TRAINED MODEL ParallelCNNLSTMModel model training time: 7.734 total training time: 22.374 ####
#### TRAINING TOTAL TIME: 22.362 ####
Accuracy of the CNN_LSTM model on the test set: 83.145313 %
Accuracy of the LSTM_CNN model on the test set: 82.822992 %
Accuracy of the ParallelCNNLSTMModel model on the test set: 85.903505 %
#### TESTING TOTAL TIME: 3.701 ####
#### TIME #### TERMINO #### 21636.497 ####
#### FINITO #### TERMINO #### NO-VA-MAS ####
#### TIMES #### modelling TOTAL TOTAL ==>> 21636.497
#### #### READING DATA FILES #### ####
282 #### COMBI [reg, sid, ban, sec, men, med, sum, max, aci, npp, hfq, hhh] METRICS ####
('Plantation', '/home/vargas/repos/forests-sounds-vargas/out/data/extraction/Plantation/2_00_PSA0010-2010_dict_y_split_7_2512283_1736694580.pkl')
(297840, 12) Index(['reg', 'sid', 'ban', 'sec', 'men', 'med', 'sum', 'max', 'aci', 'npp',
       'hfq'],
      dtype='object') Index(['sid', 'ban', 'sec', 'men', 'med', 'sum', 'max', 'aci', 'npp', 'hfq',
       'hhh'],
      dtype='object')
#### MERGE 68 merge_data Dataframe shape: (297840, 12) #### time: 43
#### #### SPLIT TRAIN TEST #### ####
#### CLASSES: [0 1 2 3] TOTAL 4
#### SPLIT train_test_split and CUDA: ??? cuda:0 #### time: 35
#### MODELS - TOTAL 3 ####
#### EPOCHS 1 ####
#### TRAINING MODELS ####
#### TRAINING MODEL CNN_LSTM ####
#### TRAINED MODEL CNN_LSTM model training time: 6.647 total training time: 6.658 ####
#### TRAINING MODEL LSTM_CNN ####
#### TRAINED MODEL LSTM_CNN model training time: 7.828 total training time: 14.486 ####
#### TRAINING MODEL ParallelCNNLSTMModel ####
#### TRAINED MODEL ParallelCNNLSTMModel model training time: 7.87 total training time: 22.356 ####
#### TRAINING TOTAL TIME: 22.345 ####
Accuracy of the CNN_LSTM model on the test set: 80.790021 %
Accuracy of the LSTM_CNN model on the test set: 84.636046 %
Accuracy of the ParallelCNNLSTMModel model on the test set: 88.542506 %
#### TESTING TOTAL TIME: 3.554 ####
#### TIME #### TERMINO #### 21715.296 ####
#### FINITO #### TERMINO #### NO-VA-MAS ####
#### TIMES #### modelling TOTAL TOTAL ==>> 21715.296
#### #### READING DATA FILES #### ####
283 #### COMBI [reg, sid, ban, sec, men, med, sum, max, aci, npp, hfq, aei] METRICS ####
('Plantation', '/home/vargas/repos/forests-sounds-vargas/out/data/extraction/Plantation/2_00_PSA0010-2010_dict_y_split_7_2512283_1736694580.pkl')
(297840, 12) Index(['reg', 'sid', 'ban', 'sec', 'men', 'med', 'sum', 'max', 'aci', 'npp',
       'hfq'],
      dtype='object') Index(['sid', 'ban', 'sec', 'men', 'med', 'sum', 'max', 'aci', 'npp', 'hfq',
       'aei'],
      dtype='object')
#### MERGE 68 merge_data Dataframe shape: (297840, 12) #### time: 39
#### #### SPLIT TRAIN TEST #### ####
#### CLASSES: [0 1 2 3] TOTAL 4
#### SPLIT train_test_split and CUDA: ??? cuda:0 #### time: 34
#### MODELS - TOTAL 3 ####
#### EPOCHS 1 ####
#### TRAINING MODELS ####
#### TRAINING MODEL CNN_LSTM ####
#### TRAINED MODEL CNN_LSTM model training time: 6.789 total training time: 6.8 ####
#### TRAINING MODEL LSTM_CNN ####
#### TRAINED MODEL LSTM_CNN model training time: 7.68 total training time: 14.481 ####
#### TRAINING MODEL ParallelCNNLSTMModel ####
#### TRAINED MODEL ParallelCNNLSTMModel model training time: 7.883 total training time: 22.364 ####
#### TRAINING TOTAL TIME: 22.353 ####
Accuracy of the CNN_LSTM model on the test set: 83.947757 %
Accuracy of the LSTM_CNN model on the test set: 74.85227 %
Accuracy of the ParallelCNNLSTMModel model on the test set: 87.402632 %
#### TESTING TOTAL TIME: 3.7 ####
#### TIME #### TERMINO #### 21789.823 ####
#### FINITO #### TERMINO #### NO-VA-MAS ####
#### TIMES #### modelling TOTAL TOTAL ==>> 21789.823
#### #### READING DATA FILES #### ####
284 #### COMBI [reg, sid, ban, sec, men, med, sum, max, aci, npp, htp, hhh] METRICS ####
('Plantation', '/home/vargas/repos/forests-sounds-vargas/out/data/extraction/Plantation/2_00_PSA0010-2010_dict_y_split_7_2512283_1736694580.pkl')
(297840, 12) Index(['reg', 'sid', 'ban', 'sec', 'men', 'med', 'sum', 'max', 'aci', 'npp',
       'htp'],
      dtype='object') Index(['sid', 'ban', 'sec', 'men', 'med', 'sum', 'max', 'aci', 'npp', 'htp',
       'hhh'],
      dtype='object')
#### MERGE 68 merge_data Dataframe shape: (297840, 12) #### time: 39
#### #### SPLIT TRAIN TEST #### ####
#### CLASSES: [0 1 2 3] TOTAL 4
#### SPLIT train_test_split and CUDA: ??? cuda:0 #### time: 35
#### MODELS - TOTAL 3 ####
#### EPOCHS 1 ####
#### TRAINING MODELS ####
#### TRAINING MODEL CNN_LSTM ####
#### TRAINED MODEL CNN_LSTM model training time: 6.633 total training time: 6.644 ####
#### TRAINING MODEL LSTM_CNN ####
#### TRAINED MODEL LSTM_CNN model training time: 7.845 total training time: 14.489 ####
#### TRAINING MODEL ParallelCNNLSTMModel ####
#### TRAINED MODEL ParallelCNNLSTMModel model training time: 7.72 total training time: 22.209 ####
#### TRAINING TOTAL TIME: 22.198 ####
Accuracy of the CNN_LSTM model on the test set: 83.355157 %
Accuracy of the LSTM_CNN model on the test set: 85.184999 %
Accuracy of the ParallelCNNLSTMModel model on the test set: 83.543178 %
#### TESTING TOTAL TIME: 3.69 ####
#### TIME #### TERMINO #### 21864.696 ####
#### FINITO #### TERMINO #### NO-VA-MAS ####
#### TIMES #### modelling TOTAL TOTAL ==>> 21864.696
#### #### READING DATA FILES #### ####
285 #### COMBI [reg, sid, ban, sec, men, med, sum, max, aci, npp, htp, aei] METRICS ####
('Plantation', '/home/vargas/repos/forests-sounds-vargas/out/data/extraction/Plantation/2_00_PSA0010-2010_dict_y_split_7_2512283_1736694580.pkl')
(297840, 12) Index(['reg', 'sid', 'ban', 'sec', 'men', 'med', 'sum', 'max', 'aci', 'npp',
       'htp'],
      dtype='object') Index(['sid', 'ban', 'sec', 'men', 'med', 'sum', 'max', 'aci', 'npp', 'htp',
       'aei'],
      dtype='object')
#### MERGE 68 merge_data Dataframe shape: (297840, 12) #### time: 39
#### #### SPLIT TRAIN TEST #### ####
#### CLASSES: [0 1 2 3] TOTAL 4
#### SPLIT train_test_split and CUDA: ??? cuda:0 #### time: 35
#### MODELS - TOTAL 3 ####
#### EPOCHS 1 ####
#### TRAINING MODELS ####
#### TRAINING MODEL CNN_LSTM ####
#### TRAINED MODEL CNN_LSTM model training time: 6.805 total training time: 6.817 ####
#### TRAINING MODEL LSTM_CNN ####
#### TRAINED MODEL LSTM_CNN model training time: 7.681 total training time: 14.497 ####
#### TRAINING MODEL ParallelCNNLSTMModel ####
#### TRAINED MODEL ParallelCNNLSTMModel model training time: 7.889 total training time: 22.387 ####
#### TRAINING TOTAL TIME: 22.376 ####
Accuracy of the CNN_LSTM model on the test set: 85.342802 %
Accuracy of the LSTM_CNN model on the test set: 83.586825 %
Accuracy of the ParallelCNNLSTMModel model on the test set: 87.54029 %
#### TESTING TOTAL TIME: 3.524 ####
#### TIME #### TERMINO #### 21939.639 ####
#### FINITO #### TERMINO #### NO-VA-MAS ####
#### TIMES #### modelling TOTAL TOTAL ==>> 21939.639
#### #### READING DATA FILES #### ####
286 #### COMBI [reg, sid, ban, sec, men, med, sum, max, aci, npp, hhh, aei] METRICS ####
('Plantation', '/home/vargas/repos/forests-sounds-vargas/out/data/extraction/Plantation/2_00_PSA0010-2010_dict_y_split_7_2512283_1736694580.pkl')
(297840, 12) Index(['reg', 'sid', 'ban', 'sec', 'men', 'med', 'sum', 'max', 'aci', 'npp',
       'hhh'],
      dtype='object') Index(['sid', 'ban', 'sec', 'men', 'med', 'sum', 'max', 'aci', 'npp', 'hhh',
       'aei'],
      dtype='object')
#### MERGE 68 merge_data Dataframe shape: (297840, 12) #### time: 40
#### #### SPLIT TRAIN TEST #### ####
#### CLASSES: [0 1 2 3] TOTAL 4
#### SPLIT train_test_split and CUDA: ??? cuda:0 #### time: 35
#### MODELS - TOTAL 3 ####
#### EPOCHS 1 ####
#### TRAINING MODELS ####
#### TRAINING MODEL CNN_LSTM ####
#### TRAINED MODEL CNN_LSTM model training time: 6.797 total training time: 6.808 ####
#### TRAINING MODEL LSTM_CNN ####
#### TRAINED MODEL LSTM_CNN model training time: 7.799 total training time: 14.607 ####
#### TRAINING MODEL ParallelCNNLSTMModel ####
#### TRAINED MODEL ParallelCNNLSTMModel model training time: 7.71 total training time: 22.318 ####
#### TRAINING TOTAL TIME: 22.306 ####
Accuracy of the CNN_LSTM model on the test set: 85.433454 %
Accuracy of the LSTM_CNN model on the test set: 80.464343 %
Accuracy of the ParallelCNNLSTMModel model on the test set: 85.957225 %
#### TESTING TOTAL TIME: 3.666 ####
#### TIME #### TERMINO #### 22015.456 ####
#### FINITO #### TERMINO #### NO-VA-MAS ####
#### TIMES #### modelling TOTAL TOTAL ==>> 22015.456
#### #### READING DATA FILES #### ####
287 #### COMBI [reg, sid, ban, sec, men, med, sum, max, aci, hfq, htp, hhh] METRICS ####
('Plantation', '/home/vargas/repos/forests-sounds-vargas/out/data/extraction/Plantation/2_00_PSA0010-2010_dict_y_split_7_2512283_1736694580.pkl')
(297840, 12) Index(['reg', 'sid', 'ban', 'sec', 'men', 'med', 'sum', 'max', 'aci', 'hfq',
       'htp'],
      dtype='object') Index(['sid', 'ban', 'sec', 'men', 'med', 'sum', 'max', 'aci', 'hfq', 'htp',
       'hhh'],
      dtype='object')
#### MERGE 68 merge_data Dataframe shape: (297840, 12) #### time: 38
#### #### SPLIT TRAIN TEST #### ####
#### CLASSES: [0 1 2 3] TOTAL 4
#### SPLIT train_test_split and CUDA: ??? cuda:0 #### time: 34
#### MODELS - TOTAL 3 ####
#### EPOCHS 1 ####
#### TRAINING MODELS ####
#### TRAINING MODEL CNN_LSTM ####
#### TRAINED MODEL CNN_LSTM model training time: 6.602 total training time: 6.613 ####
#### TRAINING MODEL LSTM_CNN ####
#### TRAINED MODEL LSTM_CNN model training time: 7.793 total training time: 14.407 ####
#### TRAINING MODEL ParallelCNNLSTMModel ####
#### TRAINED MODEL ParallelCNNLSTMModel model training time: 7.847 total training time: 22.254 ####
#### TRAINING TOTAL TIME: 22.243 ####
Accuracy of the CNN_LSTM model on the test set: 61.971193 %
Accuracy of the LSTM_CNN model on the test set: 57.915324 %
Accuracy of the ParallelCNNLSTMModel model on the test set: 66.121072 %
#### TESTING TOTAL TIME: 3.538 ####
#### TIME #### TERMINO #### 22089.163 ####
#### FINITO #### TERMINO #### NO-VA-MAS ####
#### TIMES #### modelling TOTAL TOTAL ==>> 22089.163
#### #### READING DATA FILES #### ####
288 #### COMBI [reg, sid, ban, sec, men, med, sum, max, aci, hfq, htp, aei] METRICS ####
('Plantation', '/home/vargas/repos/forests-sounds-vargas/out/data/extraction/Plantation/2_00_PSA0010-2010_dict_y_split_7_2512283_1736694580.pkl')
(297840, 12) Index(['reg', 'sid', 'ban', 'sec', 'men', 'med', 'sum', 'max', 'aci', 'hfq',
       'htp'],
      dtype='object') Index(['sid', 'ban', 'sec', 'men', 'med', 'sum', 'max', 'aci', 'hfq', 'htp',
       'aei'],
      dtype='object')
#### MERGE 68 merge_data Dataframe shape: (297840, 12) #### time: 39
#### #### SPLIT TRAIN TEST #### ####
#### CLASSES: [0 1 2 3] TOTAL 4
#### SPLIT train_test_split and CUDA: ??? cuda:0 #### time: 35
#### MODELS - TOTAL 3 ####
#### EPOCHS 1 ####
#### TRAINING MODELS ####
#### TRAINING MODEL CNN_LSTM ####
#### TRAINED MODEL CNN_LSTM model training time: 6.763 total training time: 6.774 ####
#### TRAINING MODEL LSTM_CNN ####
#### TRAINED MODEL LSTM_CNN model training time: 7.805 total training time: 14.579 ####
#### TRAINING MODEL ParallelCNNLSTMModel ####
#### TRAINED MODEL ParallelCNNLSTMModel model training time: 7.695 total training time: 22.274 ####
#### TRAINING TOTAL TIME: 22.263 ####
Accuracy of the CNN_LSTM model on the test set: 61.308085 %
Accuracy of the LSTM_CNN model on the test set: 61.345017 %
Accuracy of the ParallelCNNLSTMModel model on the test set: 65.731601 %
#### TESTING TOTAL TIME: 3.66 ####
#### TIME #### TERMINO #### 22164.291 ####
#### FINITO #### TERMINO #### NO-VA-MAS ####
#### TIMES #### modelling TOTAL TOTAL ==>> 22164.291
#### #### READING DATA FILES #### ####
289 #### COMBI [reg, sid, ban, sec, men, med, sum, max, aci, hfq, hhh, aei] METRICS ####
('Plantation', '/home/vargas/repos/forests-sounds-vargas/out/data/extraction/Plantation/2_00_PSA0010-2010_dict_y_split_7_2512283_1736694580.pkl')
(297840, 12) Index(['reg', 'sid', 'ban', 'sec', 'men', 'med', 'sum', 'max', 'aci', 'hfq',
       'hhh'],
      dtype='object') Index(['sid', 'ban', 'sec', 'men', 'med', 'sum', 'max', 'aci', 'hfq', 'hhh',
       'aei'],
      dtype='object')
#### MERGE 68 merge_data Dataframe shape: (297840, 12) #### time: 42
#### #### SPLIT TRAIN TEST #### ####
#### CLASSES: [0 1 2 3] TOTAL 4
#### SPLIT train_test_split and CUDA: ??? cuda:0 #### time: 35
#### MODELS - TOTAL 3 ####
#### EPOCHS 1 ####
#### TRAINING MODELS ####
#### TRAINING MODEL CNN_LSTM ####
#### TRAINED MODEL CNN_LSTM model training time: 6.616 total training time: 6.628 ####
#### TRAINING MODEL LSTM_CNN ####
#### TRAINED MODEL LSTM_CNN model training time: 7.827 total training time: 14.454 ####
#### TRAINING MODEL ParallelCNNLSTMModel ####
#### TRAINED MODEL ParallelCNNLSTMModel model training time: 7.865 total training time: 22.32 ####
#### TRAINING TOTAL TIME: 22.308 ####
Accuracy of the CNN_LSTM model on the test set: 63.126175 %
Accuracy of the LSTM_CNN model on the test set: 57.705479 %
Accuracy of the ParallelCNNLSTMModel model on the test set: 66.100927 %
#### TESTING TOTAL TIME: 3.516 ####
#### TIME #### TERMINO #### 22241.649 ####
#### FINITO #### TERMINO #### NO-VA-MAS ####
#### TIMES #### modelling TOTAL TOTAL ==>> 22241.649
#### #### READING DATA FILES #### ####
290 #### COMBI [reg, sid, ban, sec, men, med, sum, max, aci, htp, hhh, aei] METRICS ####
('Plantation', '/home/vargas/repos/forests-sounds-vargas/out/data/extraction/Plantation/2_00_PSA0010-2010_dict_y_split_7_2512283_1736694580.pkl')
(297840, 12) Index(['reg', 'sid', 'ban', 'sec', 'men', 'med', 'sum', 'max', 'aci', 'htp',
       'hhh'],
      dtype='object') Index(['sid', 'ban', 'sec', 'men', 'med', 'sum', 'max', 'aci', 'htp', 'hhh',
       'aei'],
      dtype='object')
#### MERGE 68 merge_data Dataframe shape: (297840, 12) #### time: 42
#### #### SPLIT TRAIN TEST #### ####
#### CLASSES: [0 1 2 3] TOTAL 4
#### SPLIT train_test_split and CUDA: ??? cuda:0 #### time: 35
#### MODELS - TOTAL 3 ####
#### EPOCHS 1 ####
#### TRAINING MODELS ####
#### TRAINING MODEL CNN_LSTM ####
#### TRAINED MODEL CNN_LSTM model training time: 6.776 total training time: 6.787 ####
#### TRAINING MODEL LSTM_CNN ####
#### TRAINED MODEL LSTM_CNN model training time: 7.646 total training time: 14.433 ####
#### TRAINING MODEL ParallelCNNLSTMModel ####
#### TRAINED MODEL ParallelCNNLSTMModel model training time: 7.848 total training time: 22.281 ####
#### TRAINING TOTAL TIME: 22.27 ####
Accuracy of the CNN_LSTM model on the test set: 60.791029 %
Accuracy of the LSTM_CNN model on the test set: 63.566009 %
Accuracy of the ParallelCNNLSTMModel model on the test set: 65.182648 %
#### TESTING TOTAL TIME: 3.663 ####
#### TIME #### TERMINO #### 22319.074 ####
#### FINITO #### TERMINO #### NO-VA-MAS ####
#### TIMES #### modelling TOTAL TOTAL ==>> 22319.075
#### #### READING DATA FILES #### ####
291 #### COMBI [reg, sid, ban, sec, men, med, sum, max, bet, mmm, npp, hfq] METRICS ####
('Plantation', '/home/vargas/repos/forests-sounds-vargas/out/data/extraction/Plantation/2_00_PSA0010-2010_dict_y_split_7_2512283_1736694580.pkl')
(297840, 12) Index(['reg', 'sid', 'ban', 'sec', 'men', 'med', 'sum', 'max', 'bet', 'mmm',
       'npp'],
      dtype='object') Index(['sid', 'ban', 'sec', 'men', 'med', 'sum', 'max', 'bet', 'mmm', 'npp',
       'hfq'],
      dtype='object')
#### MERGE 68 merge_data Dataframe shape: (297840, 12) #### time: 40
#### #### SPLIT TRAIN TEST #### ####
#### CLASSES: [0 1 2 3] TOTAL 4
#### SPLIT train_test_split and CUDA: ??? cuda:0 #### time: 35
#### MODELS - TOTAL 3 ####
#### EPOCHS 1 ####
#### TRAINING MODELS ####
#### TRAINING MODEL CNN_LSTM ####
#### TRAINED MODEL CNN_LSTM model training time: 6.635 total training time: 6.647 ####
#### TRAINING MODEL LSTM_CNN ####
#### TRAINED MODEL LSTM_CNN model training time: 7.81 total training time: 14.456 ####
#### TRAINING MODEL ParallelCNNLSTMModel ####
#### TRAINED MODEL ParallelCNNLSTMModel model training time: 7.859 total training time: 22.315 ####
#### TRAINING TOTAL TIME: 22.304 ####
Accuracy of the CNN_LSTM model on the test set: 89.791499 %
Accuracy of the LSTM_CNN model on the test set: 62.389202 %
Accuracy of the ParallelCNNLSTMModel model on the test set: 93.232944 %
#### TESTING TOTAL TIME: 3.526 ####
#### TIME #### TERMINO #### 22394.833 ####
#### FINITO #### TERMINO #### NO-VA-MAS ####
#### TIMES #### modelling TOTAL TOTAL ==>> 22394.833
#### #### READING DATA FILES #### ####
292 #### COMBI [reg, sid, ban, sec, men, med, sum, max, bet, mmm, npp, htp] METRICS ####
('Plantation', '/home/vargas/repos/forests-sounds-vargas/out/data/extraction/Plantation/2_00_PSA0010-2010_dict_y_split_7_2512283_1736694580.pkl')
(297840, 12) Index(['reg', 'sid', 'ban', 'sec', 'men', 'med', 'sum', 'max', 'bet', 'mmm',
       'npp'],
      dtype='object') Index(['sid', 'ban', 'sec', 'men', 'med', 'sum', 'max', 'bet', 'mmm', 'npp',
       'htp'],
      dtype='object')
#### MERGE 68 merge_data Dataframe shape: (297840, 12) #### time: 41
#### #### SPLIT TRAIN TEST #### ####
#### CLASSES: [0 1 2 3] TOTAL 4
#### SPLIT train_test_split and CUDA: ??? cuda:0 #### time: 35
#### MODELS - TOTAL 3 ####
#### EPOCHS 1 ####
#### TRAINING MODELS ####
#### TRAINING MODEL CNN_LSTM ####
#### TRAINED MODEL CNN_LSTM model training time: 6.779 total training time: 6.791 ####
#### TRAINING MODEL LSTM_CNN ####
#### TRAINED MODEL LSTM_CNN model training time: 7.657 total training time: 14.448 ####
#### TRAINING MODEL ParallelCNNLSTMModel ####
#### TRAINED MODEL ParallelCNNLSTMModel model training time: 7.843 total training time: 22.291 ####
#### TRAINING TOTAL TIME: 22.28 ####
Accuracy of the CNN_LSTM model on the test set: 90.159146 %
Accuracy of the LSTM_CNN model on the test set: 62.333803 %
Accuracy of the ParallelCNNLSTMModel model on the test set: 92.469111 %
#### TESTING TOTAL TIME: 3.521 ####
#### TIME #### TERMINO #### 22471.717 ####
#### FINITO #### TERMINO #### NO-VA-MAS ####
#### TIMES #### modelling TOTAL TOTAL ==>> 22471.717
#### #### READING DATA FILES #### ####
293 #### COMBI [reg, sid, ban, sec, men, med, sum, max, bet, mmm, npp, hhh] METRICS ####
('Plantation', '/home/vargas/repos/forests-sounds-vargas/out/data/extraction/Plantation/2_00_PSA0010-2010_dict_y_split_7_2512283_1736694580.pkl')
(297840, 12) Index(['reg', 'sid', 'ban', 'sec', 'men', 'med', 'sum', 'max', 'bet', 'mmm',
       'npp'],
      dtype='object') Index(['sid', 'ban', 'sec', 'men', 'med', 'sum', 'max', 'bet', 'mmm', 'npp',
       'hhh'],
      dtype='object')
#### MERGE 68 merge_data Dataframe shape: (297840, 12) #### time: 39
#### #### SPLIT TRAIN TEST #### ####
#### CLASSES: [0 1 2 3] TOTAL 4
#### SPLIT train_test_split and CUDA: ??? cuda:0 #### time: 35
#### MODELS - TOTAL 3 ####
#### EPOCHS 1 ####
#### TRAINING MODELS ####
#### TRAINING MODEL CNN_LSTM ####
#### TRAINED MODEL CNN_LSTM model training time: 6.762 total training time: 6.773 ####
#### TRAINING MODEL LSTM_CNN ####
#### TRAINED MODEL LSTM_CNN model training time: 7.808 total training time: 14.581 ####
#### TRAINING MODEL ParallelCNNLSTMModel ####
#### TRAINED MODEL ParallelCNNLSTMModel model training time: 7.724 total training time: 22.305 ####
#### TRAINING TOTAL TIME: 22.294 ####
Accuracy of the CNN_LSTM model on the test set: 88.376309 %
Accuracy of the LSTM_CNN model on the test set: 66.327558 %
Accuracy of the ParallelCNNLSTMModel model on the test set: 92.519474 %
#### TESTING TOTAL TIME: 3.663 ####
#### TIME #### TERMINO #### 22546.499 ####
#### FINITO #### TERMINO #### NO-VA-MAS ####
#### TIMES #### modelling TOTAL TOTAL ==>> 22546.499
#### #### READING DATA FILES #### ####
294 #### COMBI [reg, sid, ban, sec, men, med, sum, max, bet, mmm, npp, aei] METRICS ####
('Plantation', '/home/vargas/repos/forests-sounds-vargas/out/data/extraction/Plantation/2_00_PSA0010-2010_dict_y_split_7_2512283_1736694580.pkl')
(297840, 12) Index(['reg', 'sid', 'ban', 'sec', 'men', 'med', 'sum', 'max', 'bet', 'mmm',
       'npp'],
      dtype='object') Index(['sid', 'ban', 'sec', 'men', 'med', 'sum', 'max', 'bet', 'mmm', 'npp',
       'aei'],
      dtype='object')
#### MERGE 68 merge_data Dataframe shape: (297840, 12) #### time: 41
#### #### SPLIT TRAIN TEST #### ####
#### CLASSES: [0 1 2 3] TOTAL 4
#### SPLIT train_test_split and CUDA: ??? cuda:0 #### time: 35
#### MODELS - TOTAL 3 ####
#### EPOCHS 1 ####
#### TRAINING MODELS ####
#### TRAINING MODEL CNN_LSTM ####
#### TRAINED MODEL CNN_LSTM model training time: 6.786 total training time: 6.797 ####
#### TRAINING MODEL LSTM_CNN ####
#### TRAINED MODEL LSTM_CNN model training time: 7.65 total training time: 14.447 ####
#### TRAINING MODEL ParallelCNNLSTMModel ####
#### TRAINED MODEL ParallelCNNLSTMModel model training time: 7.842 total training time: 22.29 ####
#### TRAINING TOTAL TIME: 22.279 ####
Accuracy of the CNN_LSTM model on the test set: 91.609589 %
Accuracy of the LSTM_CNN model on the test set: 63.179895 %
Accuracy of the ParallelCNNLSTMModel model on the test set: 92.447287 %
#### TESTING TOTAL TIME: 3.52 ####
#### TIME #### TERMINO #### 22622.853 ####
#### FINITO #### TERMINO #### NO-VA-MAS ####
#### TIMES #### modelling TOTAL TOTAL ==>> 22622.853
#### #### READING DATA FILES #### ####
295 #### COMBI [reg, sid, ban, sec, men, med, sum, max, bet, mmm, hfq, htp] METRICS ####
('Plantation', '/home/vargas/repos/forests-sounds-vargas/out/data/extraction/Plantation/2_00_PSA0010-2010_dict_y_split_7_2512283_1736694580.pkl')
(297840, 12) Index(['reg', 'sid', 'ban', 'sec', 'men', 'med', 'sum', 'max', 'bet', 'mmm',
       'hfq'],
      dtype='object') Index(['sid', 'ban', 'sec', 'men', 'med', 'sum', 'max', 'bet', 'mmm', 'hfq',
       'htp'],
      dtype='object')
#### MERGE 68 merge_data Dataframe shape: (297840, 12) #### time: 43
#### #### SPLIT TRAIN TEST #### ####
#### CLASSES: [0 1 2 3] TOTAL 4
#### SPLIT train_test_split and CUDA: ??? cuda:0 #### time: 35
#### MODELS - TOTAL 3 ####
#### EPOCHS 1 ####
#### TRAINING MODELS ####
#### TRAINING MODEL CNN_LSTM ####
#### TRAINED MODEL CNN_LSTM model training time: 6.773 total training time: 6.784 ####
#### TRAINING MODEL LSTM_CNN ####
#### TRAINED MODEL LSTM_CNN model training time: 7.818 total training time: 14.602 ####
#### TRAINING MODEL ParallelCNNLSTMModel ####
#### TRAINED MODEL ParallelCNNLSTMModel model training time: 7.717 total training time: 22.319 ####
#### TRAINING TOTAL TIME: 22.308 ####
Accuracy of the CNN_LSTM model on the test set: 74.21938 %
Accuracy of the LSTM_CNN model on the test set: 57.334475 %
Accuracy of the ParallelCNNLSTMModel model on the test set: 78.579103 %
#### TESTING TOTAL TIME: 3.666 ####
#### TIME #### TERMINO #### 22701.129 ####
#### FINITO #### TERMINO #### NO-VA-MAS ####
#### TIMES #### modelling TOTAL TOTAL ==>> 22701.129
#### #### READING DATA FILES #### ####
296 #### COMBI [reg, sid, ban, sec, men, med, sum, max, bet, mmm, hfq, hhh] METRICS ####
('Plantation', '/home/vargas/repos/forests-sounds-vargas/out/data/extraction/Plantation/2_00_PSA0010-2010_dict_y_split_7_2512283_1736694580.pkl')
(297840, 12) Index(['reg', 'sid', 'ban', 'sec', 'men', 'med', 'sum', 'max', 'bet', 'mmm',
       'hfq'],
      dtype='object') Index(['sid', 'ban', 'sec', 'men', 'med', 'sum', 'max', 'bet', 'mmm', 'hfq',
       'hhh'],
      dtype='object')
#### MERGE 68 merge_data Dataframe shape: (297840, 12) #### time: 39
#### #### SPLIT TRAIN TEST #### ####
#### CLASSES: [0 1 2 3] TOTAL 4
#### SPLIT train_test_split and CUDA: ??? cuda:0 #### time: 35
#### MODELS - TOTAL 3 ####
#### EPOCHS 1 ####
#### TRAINING MODELS ####
#### TRAINING MODEL CNN_LSTM ####
#### TRAINED MODEL CNN_LSTM model training time: 6.614 total training time: 6.625 ####
#### TRAINING MODEL LSTM_CNN ####
#### TRAINED MODEL LSTM_CNN model training time: 7.806 total training time: 14.431 ####
#### TRAINING MODEL ParallelCNNLSTMModel ####
#### TRAINED MODEL ParallelCNNLSTMModel model training time: 7.84 total training time: 22.271 ####
#### TRAINING TOTAL TIME: 22.26 ####
Accuracy of the CNN_LSTM model on the test set: 78.943392 %
Accuracy of the LSTM_CNN model on the test set: 56.065337 %
Accuracy of the ParallelCNNLSTMModel model on the test set: 78.792305 %
#### TESTING TOTAL TIME: 3.53 ####
#### TIME #### TERMINO #### 22775.267 ####
#### FINITO #### TERMINO #### NO-VA-MAS ####
#### TIMES #### modelling TOTAL TOTAL ==>> 22775.267
#### #### READING DATA FILES #### ####
297 #### COMBI [reg, sid, ban, sec, men, med, sum, max, bet, mmm, hfq, aei] METRICS ####
('Plantation', '/home/vargas/repos/forests-sounds-vargas/out/data/extraction/Plantation/2_00_PSA0010-2010_dict_y_split_7_2512283_1736694580.pkl')
(297840, 12) Index(['reg', 'sid', 'ban', 'sec', 'men', 'med', 'sum', 'max', 'bet', 'mmm',
       'hfq'],
      dtype='object') Index(['sid', 'ban', 'sec', 'men', 'med', 'sum', 'max', 'bet', 'mmm', 'hfq',
       'aei'],
      dtype='object')
#### MERGE 68 merge_data Dataframe shape: (297840, 12) #### time: 40
#### #### SPLIT TRAIN TEST #### ####
#### CLASSES: [0 1 2 3] TOTAL 4
#### SPLIT train_test_split and CUDA: ??? cuda:0 #### time: 35
#### MODELS - TOTAL 3 ####
#### EPOCHS 1 ####
#### TRAINING MODELS ####
#### TRAINING MODEL CNN_LSTM ####
#### TRAINED MODEL CNN_LSTM model training time: 6.755 total training time: 6.766 ####
#### TRAINING MODEL LSTM_CNN ####
#### TRAINED MODEL LSTM_CNN model training time: 7.796 total training time: 14.562 ####
#### TRAINING MODEL ParallelCNNLSTMModel ####
#### TRAINED MODEL ParallelCNNLSTMModel model training time: 7.691 total training time: 22.254 ####
#### TRAINING TOTAL TIME: 22.242 ####
Accuracy of the CNN_LSTM model on the test set: 77.140411 %
Accuracy of the LSTM_CNN model on the test set: 57.46206 %
Accuracy of the ParallelCNNLSTMModel model on the test set: 78.817486 %
#### TESTING TOTAL TIME: 3.659 ####
#### TIME #### TERMINO #### 22850.931 ####
#### FINITO #### TERMINO #### NO-VA-MAS ####
#### TIMES #### modelling TOTAL TOTAL ==>> 22850.931
#### #### READING DATA FILES #### ####
298 #### COMBI [reg, sid, ban, sec, men, med, sum, max, bet, mmm, htp, hhh] METRICS ####
('Plantation', '/home/vargas/repos/forests-sounds-vargas/out/data/extraction/Plantation/2_00_PSA0010-2010_dict_y_split_7_2512283_1736694580.pkl')
(297840, 12) Index(['reg', 'sid', 'ban', 'sec', 'men', 'med', 'sum', 'max', 'bet', 'mmm',
       'htp'],
      dtype='object') Index(['sid', 'ban', 'sec', 'men', 'med', 'sum', 'max', 'bet', 'mmm', 'htp',
       'hhh'],
      dtype='object')
#### MERGE 68 merge_data Dataframe shape: (297840, 12) #### time: 39
#### #### SPLIT TRAIN TEST #### ####
#### CLASSES: [0 1 2 3] TOTAL 4
#### SPLIT train_test_split and CUDA: ??? cuda:0 #### time: 35
#### MODELS - TOTAL 3 ####
#### EPOCHS 1 ####
#### TRAINING MODELS ####
#### TRAINING MODEL CNN_LSTM ####
#### TRAINED MODEL CNN_LSTM model training time: 6.613 total training time: 6.624 ####
#### TRAINING MODEL LSTM_CNN ####
#### TRAINED MODEL LSTM_CNN model training time: 7.811 total training time: 14.435 ####
#### TRAINING MODEL ParallelCNNLSTMModel ####
#### TRAINED MODEL ParallelCNNLSTMModel model training time: 7.861 total training time: 22.296 ####
#### TRAINING TOTAL TIME: 22.285 ####
Accuracy of the CNN_LSTM model on the test set: 78.001612 %
Accuracy of the LSTM_CNN model on the test set: 57.086019 %
Accuracy of the ParallelCNNLSTMModel model on the test set: 79.138128 %
#### TESTING TOTAL TIME: 3.535 ####
#### TIME #### TERMINO #### 22926.037 ####
#### FINITO #### TERMINO #### NO-VA-MAS ####
#### TIMES #### modelling TOTAL TOTAL ==>> 22926.037
#### #### READING DATA FILES #### ####
299 #### COMBI [reg, sid, ban, sec, men, med, sum, max, bet, mmm, htp, aei] METRICS ####
('Plantation', '/home/vargas/repos/forests-sounds-vargas/out/data/extraction/Plantation/2_00_PSA0010-2010_dict_y_split_7_2512283_1736694580.pkl')
(297840, 12) Index(['reg', 'sid', 'ban', 'sec', 'men', 'med', 'sum', 'max', 'bet', 'mmm',
       'htp'],
      dtype='object') Index(['sid', 'ban', 'sec', 'men', 'med', 'sum', 'max', 'bet', 'mmm', 'htp',
       'aei'],
      dtype='object')
#### MERGE 68 merge_data Dataframe shape: (297840, 12) #### time: 41
#### #### SPLIT TRAIN TEST #### ####
#### CLASSES: [0 1 2 3] TOTAL 4
#### SPLIT train_test_split and CUDA: ??? cuda:0 #### time: 35
#### MODELS - TOTAL 3 ####
#### EPOCHS 1 ####
#### TRAINING MODELS ####
#### TRAINING MODEL CNN_LSTM ####
#### TRAINED MODEL CNN_LSTM model training time: 6.748 total training time: 6.759 ####
#### TRAINING MODEL LSTM_CNN ####
#### TRAINED MODEL LSTM_CNN model training time: 7.657 total training time: 14.416 ####
#### TRAINING MODEL ParallelCNNLSTMModel ####
#### TRAINED MODEL ParallelCNNLSTMModel model training time: 7.83 total training time: 22.246 ####
#### TRAINING TOTAL TIME: 22.235 ####
Accuracy of the CNN_LSTM model on the test set: 79.06762 %
Accuracy of the LSTM_CNN model on the test set: 56.659616 %
Accuracy of the ParallelCNNLSTMModel model on the test set: 77.573529 %
#### TESTING TOTAL TIME: 3.666 ####
#### TIME #### TERMINO #### 23003.122 ####
#### FINITO #### TERMINO #### NO-VA-MAS ####
#### TIMES #### modelling TOTAL TOTAL ==>> 23003.122
#### #### READING DATA FILES #### ####
300 #### COMBI [reg, sid, ban, sec, men, med, sum, max, bet, mmm, hhh, aei] METRICS ####
('Plantation', '/home/vargas/repos/forests-sounds-vargas/out/data/extraction/Plantation/2_00_PSA0010-2010_dict_y_split_7_2512283_1736694580.pkl')
(297840, 12) Index(['reg', 'sid', 'ban', 'sec', 'men', 'med', 'sum', 'max', 'bet', 'mmm',
       'hhh'],
      dtype='object') Index(['sid', 'ban', 'sec', 'men', 'med', 'sum', 'max', 'bet', 'mmm', 'hhh',
       'aei'],
      dtype='object')
#### MERGE 68 merge_data Dataframe shape: (297840, 12) #### time: 40
#### #### SPLIT TRAIN TEST #### ####
#### CLASSES: [0 1 2 3] TOTAL 4
#### SPLIT train_test_split and CUDA: ??? cuda:0 #### time: 35
#### MODELS - TOTAL 3 ####
#### EPOCHS 1 ####
#### TRAINING MODELS ####
#### TRAINING MODEL CNN_LSTM ####
#### TRAINED MODEL CNN_LSTM model training time: 6.605 total training time: 6.616 ####
#### TRAINING MODEL LSTM_CNN ####
#### TRAINED MODEL LSTM_CNN model training time: 7.804 total training time: 14.421 ####
#### TRAINING MODEL ParallelCNNLSTMModel ####
#### TRAINED MODEL ParallelCNNLSTMModel model training time: 7.701 total training time: 22.122 ####
#### TRAINING TOTAL TIME: 22.111 ####
Accuracy of the CNN_LSTM model on the test set: 77.865633 %
Accuracy of the LSTM_CNN model on the test set: 56.973543 %
Accuracy of the ParallelCNNLSTMModel model on the test set: 77.870669 %
#### TESTING TOTAL TIME: 3.695 ####
#### TIME #### TERMINO #### 23078.329 ####
#### FINITO #### TERMINO #### NO-VA-MAS ####
#### TIMES #### modelling TOTAL TOTAL ==>> 23078.329
#### #### READING DATA FILES #### ####
301 #### COMBI [reg, sid, ban, sec, men, med, sum, max, bet, npp, hfq, htp] METRICS ####
('Plantation', '/home/vargas/repos/forests-sounds-vargas/out/data/extraction/Plantation/2_00_PSA0010-2010_dict_y_split_7_2512283_1736694580.pkl')
(297840, 12) Index(['reg', 'sid', 'ban', 'sec', 'men', 'med', 'sum', 'max', 'bet', 'npp',
       'hfq'],
      dtype='object') Index(['sid', 'ban', 'sec', 'men', 'med', 'sum', 'max', 'bet', 'npp', 'hfq',
       'htp'],
      dtype='object')
#### MERGE 68 merge_data Dataframe shape: (297840, 12) #### time: 42
#### #### SPLIT TRAIN TEST #### ####
#### CLASSES: [0 1 2 3] TOTAL 4
#### SPLIT train_test_split and CUDA: ??? cuda:0 #### time: 34
#### MODELS - TOTAL 3 ####
#### EPOCHS 1 ####
#### TRAINING MODELS ####
#### TRAINING MODEL CNN_LSTM ####
#### TRAINED MODEL CNN_LSTM model training time: 6.76 total training time: 6.772 ####
#### TRAINING MODEL LSTM_CNN ####
#### TRAINED MODEL LSTM_CNN model training time: 7.654 total training time: 14.426 ####
#### TRAINING MODEL ParallelCNNLSTMModel ####
#### TRAINED MODEL ParallelCNNLSTMModel model training time: 7.872 total training time: 22.298 ####
#### TRAINING TOTAL TIME: 22.287 ####
Accuracy of the CNN_LSTM model on the test set: 89.460784 %
Accuracy of the LSTM_CNN model on the test set: 87.078633 %
Accuracy of the ParallelCNNLSTMModel model on the test set: 92.935804 %
#### TESTING TOTAL TIME: 3.526 ####
#### TIME #### TERMINO #### 23156.118 ####
#### FINITO #### TERMINO #### NO-VA-MAS ####
#### TIMES #### modelling TOTAL TOTAL ==>> 23156.118
#### #### READING DATA FILES #### ####
302 #### COMBI [reg, sid, ban, sec, men, med, sum, max, bet, npp, hfq, hhh] METRICS ####
('Plantation', '/home/vargas/repos/forests-sounds-vargas/out/data/extraction/Plantation/2_00_PSA0010-2010_dict_y_split_7_2512283_1736694580.pkl')
(297840, 12) Index(['reg', 'sid', 'ban', 'sec', 'men', 'med', 'sum', 'max', 'bet', 'npp',
       'hfq'],
      dtype='object') Index(['sid', 'ban', 'sec', 'men', 'med', 'sum', 'max', 'bet', 'npp', 'hfq',
       'hhh'],
      dtype='object')
#### MERGE 68 merge_data Dataframe shape: (297840, 12) #### time: 40
#### #### SPLIT TRAIN TEST #### ####
#### CLASSES: [0 1 2 3] TOTAL 4
#### SPLIT train_test_split and CUDA: ??? cuda:0 #### time: 35
#### MODELS - TOTAL 3 ####
#### EPOCHS 1 ####
#### TRAINING MODELS ####
#### TRAINING MODEL CNN_LSTM ####
#### TRAINED MODEL CNN_LSTM model training time: 6.767 total training time: 6.778 ####
#### TRAINING MODEL LSTM_CNN ####
#### TRAINED MODEL LSTM_CNN model training time: 7.819 total training time: 14.597 ####
#### TRAINING MODEL ParallelCNNLSTMModel ####
#### TRAINED MODEL ParallelCNNLSTMModel model training time: 7.782 total training time: 22.379 ####
#### TRAINING TOTAL TIME: 22.368 ####
Accuracy of the CNN_LSTM model on the test set: 91.315807 %
Accuracy of the LSTM_CNN model on the test set: 61.104956 %
Accuracy of the ParallelCNNLSTMModel model on the test set: 92.114894 %
#### TESTING TOTAL TIME: 3.694 ####
#### TIME #### TERMINO #### 23231.969 ####
#### FINITO #### TERMINO #### NO-VA-MAS ####
#### TIMES #### modelling TOTAL TOTAL ==>> 23231.969
#### #### READING DATA FILES #### ####
303 #### COMBI [reg, sid, ban, sec, men, med, sum, max, bet, npp, hfq, aei] METRICS ####
('Plantation', '/home/vargas/repos/forests-sounds-vargas/out/data/extraction/Plantation/2_00_PSA0010-2010_dict_y_split_7_2512283_1736694580.pkl')
(297840, 12) Index(['reg', 'sid', 'ban', 'sec', 'men', 'med', 'sum', 'max', 'bet', 'npp',
       'hfq'],
      dtype='object') Index(['sid', 'ban', 'sec', 'men', 'med', 'sum', 'max', 'bet', 'npp', 'hfq',
       'aei'],
      dtype='object')
#### MERGE 68 merge_data Dataframe shape: (297840, 12) #### time: 39
#### #### SPLIT TRAIN TEST #### ####
#### CLASSES: [0 1 2 3] TOTAL 4
#### SPLIT train_test_split and CUDA: ??? cuda:0 #### time: 35
#### MODELS - TOTAL 3 ####
#### EPOCHS 1 ####
#### TRAINING MODELS ####
#### TRAINING MODEL CNN_LSTM ####
#### TRAINED MODEL CNN_LSTM model training time: 6.621 total training time: 6.633 ####
#### TRAINING MODEL LSTM_CNN ####
#### TRAINED MODEL LSTM_CNN model training time: 7.814 total training time: 14.446 ####
#### TRAINING MODEL ParallelCNNLSTMModel ####
#### TRAINED MODEL ParallelCNNLSTMModel model training time: 7.851 total training time: 22.297 ####
#### TRAINING TOTAL TIME: 22.286 ####
Accuracy of the CNN_LSTM model on the test set: 85.787671 %
Accuracy of the LSTM_CNN model on the test set: 63.349449 %
Accuracy of the ParallelCNNLSTMModel model on the test set: 92.840115 %
#### TESTING TOTAL TIME: 3.528 ####
#### TIME #### TERMINO #### 23306.486 ####
#### FINITO #### TERMINO #### NO-VA-MAS ####
#### TIMES #### modelling TOTAL TOTAL ==>> 23306.486
#### #### READING DATA FILES #### ####
304 #### COMBI [reg, sid, ban, sec, men, med, sum, max, bet, npp, htp, hhh] METRICS ####
('Plantation', '/home/vargas/repos/forests-sounds-vargas/out/data/extraction/Plantation/2_00_PSA0010-2010_dict_y_split_7_2512283_1736694580.pkl')
(297840, 12) Index(['reg', 'sid', 'ban', 'sec', 'men', 'med', 'sum', 'max', 'bet', 'npp',
       'htp'],
      dtype='object') Index(['sid', 'ban', 'sec', 'men', 'med', 'sum', 'max', 'bet', 'npp', 'htp',
       'hhh'],
      dtype='object')
#### MERGE 68 merge_data Dataframe shape: (297840, 12) #### time: 39
#### #### SPLIT TRAIN TEST #### ####
#### CLASSES: [0 1 2 3] TOTAL 4
#### SPLIT train_test_split and CUDA: ??? cuda:0 #### time: 35
#### MODELS - TOTAL 3 ####
#### EPOCHS 1 ####
#### TRAINING MODELS ####
#### TRAINING MODEL CNN_LSTM ####
#### TRAINED MODEL CNN_LSTM model training time: 6.77 total training time: 6.781 ####
#### TRAINING MODEL LSTM_CNN ####
#### TRAINED MODEL LSTM_CNN model training time: 7.776 total training time: 14.558 ####
#### TRAINING MODEL ParallelCNNLSTMModel ####
#### TRAINED MODEL ParallelCNNLSTMModel model training time: 7.72 total training time: 22.278 ####
#### TRAINING TOTAL TIME: 22.267 ####
Accuracy of the CNN_LSTM model on the test set: 91.760677 %
Accuracy of the LSTM_CNN model on the test set: 57.230392 %
Accuracy of the ParallelCNNLSTMModel model on the test set: 92.17365 %
#### TESTING TOTAL TIME: 3.661 ####
#### TIME #### TERMINO #### 23381.45 ####
#### FINITO #### TERMINO #### NO-VA-MAS ####
#### TIMES #### modelling TOTAL TOTAL ==>> 23381.45
#### #### READING DATA FILES #### ####
305 #### COMBI [reg, sid, ban, sec, men, med, sum, max, bet, npp, htp, aei] METRICS ####
('Plantation', '/home/vargas/repos/forests-sounds-vargas/out/data/extraction/Plantation/2_00_PSA0010-2010_dict_y_split_7_2512283_1736694580.pkl')
(297840, 12) Index(['reg', 'sid', 'ban', 'sec', 'men', 'med', 'sum', 'max', 'bet', 'npp',
       'htp'],
      dtype='object') Index(['sid', 'ban', 'sec', 'men', 'med', 'sum', 'max', 'bet', 'npp', 'htp',
       'aei'],
      dtype='object')
#### MERGE 68 merge_data Dataframe shape: (297840, 12) #### time: 40
#### #### SPLIT TRAIN TEST #### ####
#### CLASSES: [0 1 2 3] TOTAL 4
#### SPLIT train_test_split and CUDA: ??? cuda:0 #### time: 35
#### MODELS - TOTAL 3 ####
#### EPOCHS 1 ####
#### TRAINING MODELS ####
#### TRAINING MODEL CNN_LSTM ####
#### TRAINED MODEL CNN_LSTM model training time: 6.632 total training time: 6.643 ####
#### TRAINING MODEL LSTM_CNN ####
#### TRAINED MODEL LSTM_CNN model training time: 7.784 total training time: 14.427 ####
#### TRAINING MODEL ParallelCNNLSTMModel ####
#### TRAINED MODEL ParallelCNNLSTMModel model training time: 7.83 total training time: 22.257 ####
#### TRAINING TOTAL TIME: 22.246 ####
Accuracy of the CNN_LSTM model on the test set: 90.570441 %
Accuracy of the LSTM_CNN model on the test set: 63.270548 %
Accuracy of the ParallelCNNLSTMModel model on the test set: 93.31856 %
#### TESTING TOTAL TIME: 3.531 ####
#### TIME #### TERMINO #### 23457.054 ####
#### FINITO #### TERMINO #### NO-VA-MAS ####
#### TIMES #### modelling TOTAL TOTAL ==>> 23457.054
#### #### READING DATA FILES #### ####
306 #### COMBI [reg, sid, ban, sec, men, med, sum, max, bet, npp, hhh, aei] METRICS ####
('Plantation', '/home/vargas/repos/forests-sounds-vargas/out/data/extraction/Plantation/2_00_PSA0010-2010_dict_y_split_7_2512283_1736694580.pkl')
(297840, 12) Index(['reg', 'sid', 'ban', 'sec', 'men', 'med', 'sum', 'max', 'bet', 'npp',
       'hhh'],
      dtype='object') Index(['sid', 'ban', 'sec', 'men', 'med', 'sum', 'max', 'bet', 'npp', 'hhh',
       'aei'],
      dtype='object')
#### MERGE 68 merge_data Dataframe shape: (297840, 12) #### time: 38
#### #### SPLIT TRAIN TEST #### ####
#### CLASSES: [0 1 2 3] TOTAL 4
#### SPLIT train_test_split and CUDA: ??? cuda:0 #### time: 35
#### MODELS - TOTAL 3 ####
#### EPOCHS 1 ####
#### TRAINING MODELS ####
#### TRAINING MODEL CNN_LSTM ####
#### TRAINED MODEL CNN_LSTM model training time: 6.762 total training time: 6.774 ####
#### TRAINING MODEL LSTM_CNN ####
#### TRAINED MODEL LSTM_CNN model training time: 7.649 total training time: 14.422 ####
#### TRAINING MODEL ParallelCNNLSTMModel ####
#### TRAINED MODEL ParallelCNNLSTMModel model training time: 7.831 total training time: 22.253 ####
#### TRAINING TOTAL TIME: 22.242 ####
Accuracy of the CNN_LSTM model on the test set: 82.668547 %
Accuracy of the LSTM_CNN model on the test set: 62.456352 %
Accuracy of the ParallelCNNLSTMModel model on the test set: 92.408676 %
#### TESTING TOTAL TIME: 3.664 ####
#### TIME #### TERMINO #### 23531.214 ####
#### FINITO #### TERMINO #### NO-VA-MAS ####
#### TIMES #### modelling TOTAL TOTAL ==>> 23531.214
#### #### READING DATA FILES #### ####
307 #### COMBI [reg, sid, ban, sec, men, med, sum, max, bet, hfq, htp, hhh] METRICS ####
('Plantation', '/home/vargas/repos/forests-sounds-vargas/out/data/extraction/Plantation/2_00_PSA0010-2010_dict_y_split_7_2512283_1736694580.pkl')
(297840, 12) Index(['reg', 'sid', 'ban', 'sec', 'men', 'med', 'sum', 'max', 'bet', 'hfq',
       'htp'],
      dtype='object') Index(['sid', 'ban', 'sec', 'men', 'med', 'sum', 'max', 'bet', 'hfq', 'htp',
       'hhh'],
      dtype='object')
#### MERGE 68 merge_data Dataframe shape: (297840, 12) #### time: 39
#### #### SPLIT TRAIN TEST #### ####
#### CLASSES: [0 1 2 3] TOTAL 4
#### SPLIT train_test_split and CUDA: ??? cuda:0 #### time: 35
#### MODELS - TOTAL 3 ####
#### EPOCHS 1 ####
#### TRAINING MODELS ####
#### TRAINING MODEL CNN_LSTM ####
#### TRAINED MODEL CNN_LSTM model training time: 6.62 total training time: 6.631 ####
#### TRAINING MODEL LSTM_CNN ####
#### TRAINED MODEL LSTM_CNN model training time: 7.738 total training time: 14.37 ####
#### TRAINING MODEL ParallelCNNLSTMModel ####
#### TRAINED MODEL ParallelCNNLSTMModel model training time: 7.741 total training time: 22.11 ####
#### TRAINING TOTAL TIME: 22.099 ####
Accuracy of the CNN_LSTM model on the test set: 79.029009 %
Accuracy of the LSTM_CNN model on the test set: 57.404983 %
Accuracy of the ParallelCNNLSTMModel model on the test set: 77.573529 %
#### TESTING TOTAL TIME: 3.52 ####
#### TIME #### TERMINO #### 23605.98 ####
#### FINITO #### TERMINO #### NO-VA-MAS ####
#### TIMES #### modelling TOTAL TOTAL ==>> 23605.98
#### #### READING DATA FILES #### ####
308 #### COMBI [reg, sid, ban, sec, men, med, sum, max, bet, hfq, htp, aei] METRICS ####
('Plantation', '/home/vargas/repos/forests-sounds-vargas/out/data/extraction/Plantation/2_00_PSA0010-2010_dict_y_split_7_2512283_1736694580.pkl')
(297840, 12) Index(['reg', 'sid', 'ban', 'sec', 'men', 'med', 'sum', 'max', 'bet', 'hfq',
       'htp'],
      dtype='object') Index(['sid', 'ban', 'sec', 'men', 'med', 'sum', 'max', 'bet', 'hfq', 'htp',
       'aei'],
      dtype='object')
#### MERGE 68 merge_data Dataframe shape: (297840, 12) #### time: 39
#### #### SPLIT TRAIN TEST #### ####
#### CLASSES: [0 1 2 3] TOTAL 4
#### SPLIT train_test_split and CUDA: ??? cuda:0 #### time: 34
#### MODELS - TOTAL 3 ####
#### EPOCHS 1 ####
#### TRAINING MODELS ####
#### TRAINING MODEL CNN_LSTM ####
#### TRAINED MODEL CNN_LSTM model training time: 6.66 total training time: 6.672 ####
#### TRAINING MODEL LSTM_CNN ####
#### TRAINED MODEL LSTM_CNN model training time: 7.637 total training time: 14.309 ####
#### TRAINING MODEL ParallelCNNLSTMModel ####
#### TRAINED MODEL ParallelCNNLSTMModel model training time: 7.844 total training time: 22.153 ####
#### TRAINING TOTAL TIME: 22.141 ####
Accuracy of the CNN_LSTM model on the test set: 74.723006 %
Accuracy of the LSTM_CNN model on the test set: 57.413376 %
Accuracy of the ParallelCNNLSTMModel model on the test set: 79.368117 %
#### TESTING TOTAL TIME: 3.517 ####
#### TIME #### TERMINO #### 23680.82 ####
#### FINITO #### TERMINO #### NO-VA-MAS ####
#### TIMES #### modelling TOTAL TOTAL ==>> 23680.82
#### #### READING DATA FILES #### ####
309 #### COMBI [reg, sid, ban, sec, men, med, sum, max, bet, hfq, hhh, aei] METRICS ####
('Plantation', '/home/vargas/repos/forests-sounds-vargas/out/data/extraction/Plantation/2_00_PSA0010-2010_dict_y_split_7_2512283_1736694580.pkl')
(297840, 12) Index(['reg', 'sid', 'ban', 'sec', 'men', 'med', 'sum', 'max', 'bet', 'hfq',
       'hhh'],
      dtype='object') Index(['sid', 'ban', 'sec', 'men', 'med', 'sum', 'max', 'bet', 'hfq', 'hhh',
       'aei'],
      dtype='object')
#### MERGE 68 merge_data Dataframe shape: (297840, 12) #### time: 40
#### #### SPLIT TRAIN TEST #### ####
#### CLASSES: [0 1 2 3] TOTAL 4
#### SPLIT train_test_split and CUDA: ??? cuda:0 #### time: 34
#### MODELS - TOTAL 3 ####
#### EPOCHS 1 ####
#### TRAINING MODELS ####
#### TRAINING MODEL CNN_LSTM ####
#### TRAINED MODEL CNN_LSTM model training time: 6.762 total training time: 6.774 ####
#### TRAINING MODEL LSTM_CNN ####
#### TRAINED MODEL LSTM_CNN model training time: 7.797 total training time: 14.571 ####
#### TRAINING MODEL ParallelCNNLSTMModel ####
#### TRAINED MODEL ParallelCNNLSTMModel model training time: 7.684 total training time: 22.255 ####
#### TRAINING TOTAL TIME: 22.244 ####
Accuracy of the CNN_LSTM model on the test set: 78.073798 %
Accuracy of the LSTM_CNN model on the test set: 57.524174 %
Accuracy of the ParallelCNNLSTMModel model on the test set: 79.331185 %
#### TESTING TOTAL TIME: 3.663 ####
#### TIME #### TERMINO #### 23756.864 ####
#### FINITO #### TERMINO #### NO-VA-MAS ####
#### TIMES #### modelling TOTAL TOTAL ==>> 23756.864
#### #### READING DATA FILES #### ####
310 #### COMBI [reg, sid, ban, sec, men, med, sum, max, bet, htp, hhh, aei] METRICS ####
('Plantation', '/home/vargas/repos/forests-sounds-vargas/out/data/extraction/Plantation/2_00_PSA0010-2010_dict_y_split_7_2512283_1736694580.pkl')
(297840, 12) Index(['reg', 'sid', 'ban', 'sec', 'men', 'med', 'sum', 'max', 'bet', 'htp',
       'hhh'],
      dtype='object') Index(['sid', 'ban', 'sec', 'men', 'med', 'sum', 'max', 'bet', 'htp', 'hhh',
       'aei'],
      dtype='object')
#### MERGE 68 merge_data Dataframe shape: (297840, 12) #### time: 43
#### #### SPLIT TRAIN TEST #### ####
#### CLASSES: [0 1 2 3] TOTAL 4
#### SPLIT train_test_split and CUDA: ??? cuda:0 #### time: 35
#### MODELS - TOTAL 3 ####
#### EPOCHS 1 ####
#### TRAINING MODELS ####
#### TRAINING MODEL CNN_LSTM ####
#### TRAINED MODEL CNN_LSTM model training time: 6.703 total training time: 6.714 ####
#### TRAINING MODEL LSTM_CNN ####
#### TRAINED MODEL LSTM_CNN model training time: 7.55 total training time: 14.264 ####
#### TRAINING MODEL ParallelCNNLSTMModel ####
#### TRAINED MODEL ParallelCNNLSTMModel model training time: 7.742 total training time: 22.005 ####
#### TRAINING TOTAL TIME: 21.994 ####
Accuracy of the CNN_LSTM model on the test set: 77.701115 %
Accuracy of the LSTM_CNN model on the test set: 57.267325 %
Accuracy of the ParallelCNNLSTMModel model on the test set: 78.918211 %
#### TESTING TOTAL TIME: 3.523 ####
#### TIME #### TERMINO #### 23835.245 ####
#### FINITO #### TERMINO #### NO-VA-MAS ####
#### TIMES #### modelling TOTAL TOTAL ==>> 23835.245
#### #### READING DATA FILES #### ####
311 #### COMBI [reg, sid, ban, sec, men, med, sum, max, mmm, npp, hfq, htp] METRICS ####
('Plantation', '/home/vargas/repos/forests-sounds-vargas/out/data/extraction/Plantation/2_00_PSA0010-2010_dict_y_split_7_2512283_1736694580.pkl')
(297840, 12) Index(['reg', 'sid', 'ban', 'sec', 'men', 'med', 'sum', 'max', 'mmm', 'npp',
       'hfq'],
      dtype='object') Index(['sid', 'ban', 'sec', 'men', 'med', 'sum', 'max', 'mmm', 'npp', 'hfq',
       'htp'],
      dtype='object')
#### MERGE 68 merge_data Dataframe shape: (297840, 12) #### time: 41
#### #### SPLIT TRAIN TEST #### ####
#### CLASSES: [0 1 2 3] TOTAL 4
#### SPLIT train_test_split and CUDA: ??? cuda:0 #### time: 34
#### MODELS - TOTAL 3 ####
#### EPOCHS 1 ####
#### TRAINING MODELS ####
#### TRAINING MODEL CNN_LSTM ####
#### TRAINED MODEL CNN_LSTM model training time: 6.67 total training time: 6.681 ####
#### TRAINING MODEL LSTM_CNN ####
#### TRAINED MODEL LSTM_CNN model training time: 7.7 total training time: 14.381 ####
#### TRAINING MODEL ParallelCNNLSTMModel ####
#### TRAINED MODEL ParallelCNNLSTMModel model training time: 7.592 total training time: 21.973 ####
#### TRAINING TOTAL TIME: 21.962 ####
Accuracy of the CNN_LSTM model on the test set: 86.606903 %
Accuracy of the LSTM_CNN model on the test set: 61.168748 %
Accuracy of the ParallelCNNLSTMModel model on the test set: 91.282232 %
#### TESTING TOTAL TIME: 3.659 ####
#### TIME #### TERMINO #### 23911.393 ####
#### FINITO #### TERMINO #### NO-VA-MAS ####
#### TIMES #### modelling TOTAL TOTAL ==>> 23911.393
#### #### READING DATA FILES #### ####
312 #### COMBI [reg, sid, ban, sec, men, med, sum, max, mmm, npp, hfq, hhh] METRICS ####
('Plantation', '/home/vargas/repos/forests-sounds-vargas/out/data/extraction/Plantation/2_00_PSA0010-2010_dict_y_split_7_2512283_1736694580.pkl')
(297840, 12) Index(['reg', 'sid', 'ban', 'sec', 'men', 'med', 'sum', 'max', 'mmm', 'npp',
       'hfq'],
      dtype='object') Index(['sid', 'ban', 'sec', 'men', 'med', 'sum', 'max', 'mmm', 'npp', 'hfq',
       'hhh'],
      dtype='object')
#### MERGE 68 merge_data Dataframe shape: (297840, 12) #### time: 40
#### #### SPLIT TRAIN TEST #### ####
#### CLASSES: [0 1 2 3] TOTAL 4
#### SPLIT train_test_split and CUDA: ??? cuda:0 #### time: 35
#### MODELS - TOTAL 3 ####
#### EPOCHS 1 ####
#### TRAINING MODELS ####
#### TRAINING MODEL CNN_LSTM ####
#### TRAINED MODEL CNN_LSTM model training time: 6.498 total training time: 6.51 ####
#### TRAINING MODEL LSTM_CNN ####
#### TRAINED MODEL LSTM_CNN model training time: 7.709 total training time: 14.219 ####
#### TRAINING MODEL ParallelCNNLSTMModel ####
#### TRAINED MODEL ParallelCNNLSTMModel model training time: 7.751 total training time: 21.97 ####
#### TRAINING TOTAL TIME: 21.959 ####
Accuracy of the CNN_LSTM model on the test set: 88.394776 %
Accuracy of the LSTM_CNN model on the test set: 59.852605 %
Accuracy of the ParallelCNNLSTMModel model on the test set: 91.293983 %
#### TESTING TOTAL TIME: 3.533 ####
#### TIME #### TERMINO #### 23986.544 ####
#### FINITO #### TERMINO #### NO-VA-MAS ####
#### TIMES #### modelling TOTAL TOTAL ==>> 23986.544
#### #### READING DATA FILES #### ####
313 #### COMBI [reg, sid, ban, sec, men, med, sum, max, mmm, npp, hfq, aei] METRICS ####
('Plantation', '/home/vargas/repos/forests-sounds-vargas/out/data/extraction/Plantation/2_00_PSA0010-2010_dict_y_split_7_2512283_1736694580.pkl')
(297840, 12) Index(['reg', 'sid', 'ban', 'sec', 'men', 'med', 'sum', 'max', 'mmm', 'npp',
       'hfq'],
      dtype='object') Index(['sid', 'ban', 'sec', 'men', 'med', 'sum', 'max', 'mmm', 'npp', 'hfq',
       'aei'],
      dtype='object')
#### MERGE 68 merge_data Dataframe shape: (297840, 12) #### time: 40
#### #### SPLIT TRAIN TEST #### ####
#### CLASSES: [0 1 2 3] TOTAL 4
#### SPLIT train_test_split and CUDA: ??? cuda:0 #### time: 35
#### MODELS - TOTAL 3 ####
#### EPOCHS 1 ####
#### TRAINING MODELS ####
#### TRAINING MODEL CNN_LSTM ####
#### TRAINED MODEL CNN_LSTM model training time: 6.649 total training time: 6.66 ####
#### TRAINING MODEL LSTM_CNN ####
#### TRAINED MODEL LSTM_CNN model training time: 7.709 total training time: 14.369 ####
#### TRAINING MODEL ParallelCNNLSTMModel ####
#### TRAINED MODEL ParallelCNNLSTMModel model training time: 7.611 total training time: 21.979 ####
#### TRAINING TOTAL TIME: 21.968 ####
Accuracy of the CNN_LSTM model on the test set: 90.852471 %
Accuracy of the LSTM_CNN model on the test set: 67.870333 %
Accuracy of the ParallelCNNLSTMModel model on the test set: 88.282299 %
#### TESTING TOTAL TIME: 3.671 ####
#### TIME #### TERMINO #### 24062.031 ####
#### FINITO #### TERMINO #### NO-VA-MAS ####
#### TIMES #### modelling TOTAL TOTAL ==>> 24062.031
#### #### READING DATA FILES #### ####
314 #### COMBI [reg, sid, ban, sec, men, med, sum, max, mmm, npp, htp, hhh] METRICS ####
('Plantation', '/home/vargas/repos/forests-sounds-vargas/out/data/extraction/Plantation/2_00_PSA0010-2010_dict_y_split_7_2512283_1736694580.pkl')
(297840, 12) Index(['reg', 'sid', 'ban', 'sec', 'men', 'med', 'sum', 'max', 'mmm', 'npp',
       'htp'],
      dtype='object') Index(['sid', 'ban', 'sec', 'men', 'med', 'sum', 'max', 'mmm', 'npp', 'htp',
       'hhh'],
      dtype='object')
#### MERGE 68 merge_data Dataframe shape: (297840, 12) #### time: 38
#### #### SPLIT TRAIN TEST #### ####
#### CLASSES: [0 1 2 3] TOTAL 4
#### SPLIT train_test_split and CUDA: ??? cuda:0 #### time: 35
#### MODELS - TOTAL 3 ####
#### EPOCHS 1 ####
#### TRAINING MODELS ####
#### TRAINING MODEL CNN_LSTM ####
#### TRAINED MODEL CNN_LSTM model training time: 6.537 total training time: 6.548 ####
#### TRAINING MODEL LSTM_CNN ####
#### TRAINED MODEL LSTM_CNN model training time: 7.796 total training time: 14.344 ####
#### TRAINING MODEL ParallelCNNLSTMModel ####
#### TRAINED MODEL ParallelCNNLSTMModel model training time: 7.844 total training time: 22.188 ####
#### TRAINING TOTAL TIME: 22.177 ####
Accuracy of the CNN_LSTM model on the test set: 90.562047 %
Accuracy of the LSTM_CNN model on the test set: 61.689162 %
Accuracy of the ParallelCNNLSTMModel model on the test set: 91.08246 %
#### TESTING TOTAL TIME: 3.52 ####
#### TIME #### TERMINO #### 24136.222 ####
#### FINITO #### TERMINO #### NO-VA-MAS ####
#### TIMES #### modelling TOTAL TOTAL ==>> 24136.222
#### #### READING DATA FILES #### ####
315 #### COMBI [reg, sid, ban, sec, men, med, sum, max, mmm, npp, htp, aei] METRICS ####
('Plantation', '/home/vargas/repos/forests-sounds-vargas/out/data/extraction/Plantation/2_00_PSA0010-2010_dict_y_split_7_2512283_1736694580.pkl')
(297840, 12) Index(['reg', 'sid', 'ban', 'sec', 'men', 'med', 'sum', 'max', 'mmm', 'npp',
       'htp'],
      dtype='object') Index(['sid', 'ban', 'sec', 'men', 'med', 'sum', 'max', 'mmm', 'npp', 'htp',
       'aei'],
      dtype='object')
#### MERGE 68 merge_data Dataframe shape: (297840, 12) #### time: 38
#### #### SPLIT TRAIN TEST #### ####
#### CLASSES: [0 1 2 3] TOTAL 4
#### SPLIT train_test_split and CUDA: ??? cuda:0 #### time: 34
#### MODELS - TOTAL 3 ####
#### EPOCHS 1 ####
#### TRAINING MODELS ####
#### TRAINING MODEL CNN_LSTM ####
#### TRAINED MODEL CNN_LSTM model training time: 6.736 total training time: 6.747 ####
#### TRAINING MODEL LSTM_CNN ####
#### TRAINED MODEL LSTM_CNN model training time: 7.605 total training time: 14.352 ####
#### TRAINING MODEL ParallelCNNLSTMModel ####
#### TRAINED MODEL ParallelCNNLSTMModel model training time: 7.791 total training time: 22.142 ####
#### TRAINING TOTAL TIME: 22.131 ####
Accuracy of the CNN_LSTM model on the test set: 90.639269 %
Accuracy of the LSTM_CNN model on the test set: 58.813457 %
Accuracy of the ParallelCNNLSTMModel model on the test set: 90.968305 %
#### TESTING TOTAL TIME: 3.664 ####
#### TIME #### TERMINO #### 24209.305 ####
#### FINITO #### TERMINO #### NO-VA-MAS ####
#### TIMES #### modelling TOTAL TOTAL ==>> 24209.305
#### #### READING DATA FILES #### ####
316 #### COMBI [reg, sid, ban, sec, men, med, sum, max, mmm, npp, hhh, aei] METRICS ####
('Plantation', '/home/vargas/repos/forests-sounds-vargas/out/data/extraction/Plantation/2_00_PSA0010-2010_dict_y_split_7_2512283_1736694580.pkl')
(297840, 12) Index(['reg', 'sid', 'ban', 'sec', 'men', 'med', 'sum', 'max', 'mmm', 'npp',
       'hhh'],
      dtype='object') Index(['sid', 'ban', 'sec', 'men', 'med', 'sum', 'max', 'mmm', 'npp', 'hhh',
       'aei'],
      dtype='object')
#### MERGE 68 merge_data Dataframe shape: (297840, 12) #### time: 39
#### #### SPLIT TRAIN TEST #### ####
#### CLASSES: [0 1 2 3] TOTAL 4
#### SPLIT train_test_split and CUDA: ??? cuda:0 #### time: 35
#### MODELS - TOTAL 3 ####
#### EPOCHS 1 ####
#### TRAINING MODELS ####
#### TRAINING MODEL CNN_LSTM ####
#### TRAINED MODEL CNN_LSTM model training time: 6.66 total training time: 6.671 ####
#### TRAINING MODEL LSTM_CNN ####
#### TRAINED MODEL LSTM_CNN model training time: 7.844 total training time: 14.515 ####
#### TRAINING MODEL ParallelCNNLSTMModel ####
#### TRAINED MODEL ParallelCNNLSTMModel model training time: 7.716 total training time: 22.23 ####
#### TRAINING TOTAL TIME: 22.219 ####
Accuracy of the CNN_LSTM model on the test set: 90.619124 %
Accuracy of the LSTM_CNN model on the test set: 60.688625 %
Accuracy of the ParallelCNNLSTMModel model on the test set: 91.060637 %
#### TESTING TOTAL TIME: 3.658 ####
#### TIME #### TERMINO #### 24284.186 ####
#### FINITO #### TERMINO #### NO-VA-MAS ####
#### TIMES #### modelling TOTAL TOTAL ==>> 24284.186
#### #### READING DATA FILES #### ####
317 #### COMBI [reg, sid, ban, sec, men, med, sum, max, mmm, hfq, htp, hhh] METRICS ####
('Plantation', '/home/vargas/repos/forests-sounds-vargas/out/data/extraction/Plantation/2_00_PSA0010-2010_dict_y_split_7_2512283_1736694580.pkl')
(297840, 12) Index(['reg', 'sid', 'ban', 'sec', 'men', 'med', 'sum', 'max', 'mmm', 'hfq',
       'htp'],
      dtype='object') Index(['sid', 'ban', 'sec', 'men', 'med', 'sum', 'max', 'mmm', 'hfq', 'htp',
       'hhh'],
      dtype='object')
#### MERGE 68 merge_data Dataframe shape: (297840, 12) #### time: 40
#### #### SPLIT TRAIN TEST #### ####
#### CLASSES: [0 1 2 3] TOTAL 4
#### SPLIT train_test_split and CUDA: ??? cuda:0 #### time: 35
#### MODELS - TOTAL 3 ####
#### EPOCHS 1 ####
#### TRAINING MODELS ####
#### TRAINING MODEL CNN_LSTM ####
#### TRAINED MODEL CNN_LSTM model training time: 6.8 total training time: 6.811 ####
#### TRAINING MODEL LSTM_CNN ####
#### TRAINED MODEL LSTM_CNN model training time: 7.682 total training time: 14.493 ####
#### TRAINING MODEL ParallelCNNLSTMModel ####
#### TRAINED MODEL ParallelCNNLSTMModel model training time: 7.861 total training time: 22.354 ####
#### TRAINING TOTAL TIME: 22.343 ####
Accuracy of the CNN_LSTM model on the test set: 68.190975 %
Accuracy of the LSTM_CNN model on the test set: 57.211926 %
Accuracy of the ParallelCNNLSTMModel model on the test set: 67.929089 %
#### TESTING TOTAL TIME: 3.533 ####
#### TIME #### TERMINO #### 24359.587 ####
#### FINITO #### TERMINO #### NO-VA-MAS ####
#### TIMES #### modelling TOTAL TOTAL ==>> 24359.587
#### #### READING DATA FILES #### ####
318 #### COMBI [reg, sid, ban, sec, men, med, sum, max, mmm, hfq, htp, aei] METRICS ####
('Plantation', '/home/vargas/repos/forests-sounds-vargas/out/data/extraction/Plantation/2_00_PSA0010-2010_dict_y_split_7_2512283_1736694580.pkl')
(297840, 12) Index(['reg', 'sid', 'ban', 'sec', 'men', 'med', 'sum', 'max', 'mmm', 'hfq',
       'htp'],
      dtype='object') Index(['sid', 'ban', 'sec', 'men', 'med', 'sum', 'max', 'mmm', 'hfq', 'htp',
       'aei'],
      dtype='object')
#### MERGE 68 merge_data Dataframe shape: (297840, 12) #### time: 39
#### #### SPLIT TRAIN TEST #### ####
#### CLASSES: [0 1 2 3] TOTAL 4
#### SPLIT train_test_split and CUDA: ??? cuda:0 #### time: 35
#### MODELS - TOTAL 3 ####
#### EPOCHS 1 ####
#### TRAINING MODELS ####
#### TRAINING MODEL CNN_LSTM ####
#### TRAINED MODEL CNN_LSTM model training time: 6.749 total training time: 6.76 ####
#### TRAINING MODEL LSTM_CNN ####
#### TRAINED MODEL LSTM_CNN model training time: 7.807 total training time: 14.567 ####
#### TRAINING MODEL ParallelCNNLSTMModel ####
#### TRAINED MODEL ParallelCNNLSTMModel model training time: 7.808 total training time: 22.375 ####
#### TRAINING TOTAL TIME: 22.364 ####
Accuracy of the CNN_LSTM model on the test set: 68.417607 %
Accuracy of the LSTM_CNN model on the test set: 56.755305 %
Accuracy of the ParallelCNNLSTMModel model on the test set: 76.250672 %
#### TESTING TOTAL TIME: 3.731 ####
#### TIME #### TERMINO #### 24434.363 ####
#### FINITO #### TERMINO #### NO-VA-MAS ####
#### TIMES #### modelling TOTAL TOTAL ==>> 24434.363
#### #### READING DATA FILES #### ####
319 #### COMBI [reg, sid, ban, sec, men, med, sum, max, mmm, hfq, hhh, aei] METRICS ####
('Plantation', '/home/vargas/repos/forests-sounds-vargas/out/data/extraction/Plantation/2_00_PSA0010-2010_dict_y_split_7_2512283_1736694580.pkl')
(297840, 12) Index(['reg', 'sid', 'ban', 'sec', 'men', 'med', 'sum', 'max', 'mmm', 'hfq',
       'hhh'],
      dtype='object') Index(['sid', 'ban', 'sec', 'men', 'med', 'sum', 'max', 'mmm', 'hfq', 'hhh',
       'aei'],
      dtype='object')
#### MERGE 68 merge_data Dataframe shape: (297840, 12) #### time: 42
#### #### SPLIT TRAIN TEST #### ####
#### CLASSES: [0 1 2 3] TOTAL 4
#### SPLIT train_test_split and CUDA: ??? cuda:0 #### time: 34
#### MODELS - TOTAL 3 ####
#### EPOCHS 1 ####
#### TRAINING MODELS ####
#### TRAINING MODEL CNN_LSTM ####
#### TRAINED MODEL CNN_LSTM model training time: 6.601 total training time: 6.613 ####
#### TRAINING MODEL LSTM_CNN ####
#### TRAINED MODEL LSTM_CNN model training time: 7.781 total training time: 14.394 ####
#### TRAINING MODEL ParallelCNNLSTMModel ####
#### TRAINED MODEL ParallelCNNLSTMModel model training time: 7.823 total training time: 22.217 ####
#### TRAINING TOTAL TIME: 22.206 ####
Accuracy of the CNN_LSTM model on the test set: 68.721461 %
Accuracy of the LSTM_CNN model on the test set: 57.366371 %
Accuracy of the ParallelCNNLSTMModel model on the test set: 68.922912 %
#### TESTING TOTAL TIME: 3.563 ####
#### TIME #### TERMINO #### 24511.293 ####
#### FINITO #### TERMINO #### NO-VA-MAS ####
#### TIMES #### modelling TOTAL TOTAL ==>> 24511.293
#### #### READING DATA FILES #### ####
320 #### COMBI [reg, sid, ban, sec, men, med, sum, max, mmm, htp, hhh, aei] METRICS ####
('Plantation', '/home/vargas/repos/forests-sounds-vargas/out/data/extraction/Plantation/2_00_PSA0010-2010_dict_y_split_7_2512283_1736694580.pkl')
(297840, 12) Index(['reg', 'sid', 'ban', 'sec', 'men', 'med', 'sum', 'max', 'mmm', 'htp',
       'hhh'],
      dtype='object') Index(['sid', 'ban', 'sec', 'men', 'med', 'sum', 'max', 'mmm', 'htp', 'hhh',
       'aei'],
      dtype='object')
#### MERGE 68 merge_data Dataframe shape: (297840, 12) #### time: 41
#### #### SPLIT TRAIN TEST #### ####
#### CLASSES: [0 1 2 3] TOTAL 4
#### SPLIT train_test_split and CUDA: ??? cuda:0 #### time: 35
#### MODELS - TOTAL 3 ####
#### EPOCHS 1 ####
#### TRAINING MODELS ####
#### TRAINING MODEL CNN_LSTM ####
#### TRAINED MODEL CNN_LSTM model training time: 6.682 total training time: 6.693 ####
#### TRAINING MODEL LSTM_CNN ####
#### TRAINED MODEL LSTM_CNN model training time: 7.746 total training time: 14.439 ####
#### TRAINING MODEL ParallelCNNLSTMModel ####
#### TRAINED MODEL ParallelCNNLSTMModel model training time: 7.628 total training time: 22.066 ####
#### TRAINING TOTAL TIME: 22.055 ####
Accuracy of the CNN_LSTM model on the test set: 68.719782 %
Accuracy of the LSTM_CNN model on the test set: 57.201853 %
Accuracy of the ParallelCNNLSTMModel model on the test set: 69.292237 %
#### TESTING TOTAL TIME: 3.696 ####
#### TIME #### TERMINO #### 24587.592 ####
#### FINITO #### TERMINO #### NO-VA-MAS ####
#### TIMES #### modelling TOTAL TOTAL ==>> 24587.592
#### #### READING DATA FILES #### ####
321 #### COMBI [reg, sid, ban, sec, men, med, sum, max, npp, hfq, htp, hhh] METRICS ####
('Plantation', '/home/vargas/repos/forests-sounds-vargas/out/data/extraction/Plantation/2_00_PSA0010-2010_dict_y_split_7_2512283_1736694580.pkl')
(297840, 12) Index(['reg', 'sid', 'ban', 'sec', 'men', 'med', 'sum', 'max', 'npp', 'hfq',
       'htp'],
      dtype='object') Index(['sid', 'ban', 'sec', 'men', 'med', 'sum', 'max', 'npp', 'hfq', 'htp',
       'hhh'],
      dtype='object')
#### MERGE 68 merge_data Dataframe shape: (297840, 12) #### time: 43
#### #### SPLIT TRAIN TEST #### ####
#### CLASSES: [0 1 2 3] TOTAL 4
#### SPLIT train_test_split and CUDA: ??? cuda:0 #### time: 34
#### MODELS - TOTAL 3 ####
#### EPOCHS 1 ####
#### TRAINING MODELS ####
#### TRAINING MODEL CNN_LSTM ####
#### TRAINED MODEL CNN_LSTM model training time: 6.526 total training time: 6.537 ####
#### TRAINING MODEL LSTM_CNN ####
#### TRAINED MODEL LSTM_CNN model training time: 7.734 total training time: 14.271 ####
#### TRAINING MODEL ParallelCNNLSTMModel ####
#### TRAINED MODEL ParallelCNNLSTMModel model training time: 7.873 total training time: 22.145 ####
#### TRAINING TOTAL TIME: 22.134 ####
Accuracy of the CNN_LSTM model on the test set: 90.669487 %
Accuracy of the LSTM_CNN model on the test set: 84.656191 %
Accuracy of the ParallelCNNLSTMModel model on the test set: 90.956554 %
#### TESTING TOTAL TIME: 3.54 ####
#### TIME #### TERMINO #### 24665.562 ####
#### FINITO #### TERMINO #### NO-VA-MAS ####
#### TIMES #### modelling TOTAL TOTAL ==>> 24665.562
#### #### READING DATA FILES #### ####
322 #### COMBI [reg, sid, ban, sec, men, med, sum, max, npp, hfq, htp, aei] METRICS ####
('Plantation', '/home/vargas/repos/forests-sounds-vargas/out/data/extraction/Plantation/2_00_PSA0010-2010_dict_y_split_7_2512283_1736694580.pkl')
(297840, 12) Index(['reg', 'sid', 'ban', 'sec', 'men', 'med', 'sum', 'max', 'npp', 'hfq',
       'htp'],
      dtype='object') Index(['sid', 'ban', 'sec', 'men', 'med', 'sum', 'max', 'npp', 'hfq', 'htp',
       'aei'],
      dtype='object')
#### MERGE 68 merge_data Dataframe shape: (297840, 12) #### time: 39
#### #### SPLIT TRAIN TEST #### ####
#### CLASSES: [0 1 2 3] TOTAL 4
#### SPLIT train_test_split and CUDA: ??? cuda:0 #### time: 35
#### MODELS - TOTAL 3 ####
#### EPOCHS 1 ####
#### TRAINING MODELS ####
#### TRAINING MODEL CNN_LSTM ####
#### TRAINED MODEL CNN_LSTM model training time: 6.796 total training time: 6.808 ####
#### TRAINING MODEL LSTM_CNN ####
#### TRAINED MODEL LSTM_CNN model training time: 7.693 total training time: 14.5 ####
#### TRAINING MODEL ParallelCNNLSTMModel ####
#### TRAINED MODEL ParallelCNNLSTMModel model training time: 7.866 total training time: 22.367 ####
#### TRAINING TOTAL TIME: 22.355 ####
Accuracy of the CNN_LSTM model on the test set: 83.744628 %
Accuracy of the LSTM_CNN model on the test set: 60.139672 %
Accuracy of the ParallelCNNLSTMModel model on the test set: 90.639269 %
#### TESTING TOTAL TIME: 3.679 ####
#### TIME #### TERMINO #### 24740.178 ####
#### FINITO #### TERMINO #### NO-VA-MAS ####
#### TIMES #### modelling TOTAL TOTAL ==>> 24740.178
#### #### READING DATA FILES #### ####
323 #### COMBI [reg, sid, ban, sec, men, med, sum, max, npp, hfq, hhh, aei] METRICS ####
('Plantation', '/home/vargas/repos/forests-sounds-vargas/out/data/extraction/Plantation/2_00_PSA0010-2010_dict_y_split_7_2512283_1736694580.pkl')
(297840, 12) Index(['reg', 'sid', 'ban', 'sec', 'men', 'med', 'sum', 'max', 'npp', 'hfq',
       'hhh'],
      dtype='object') Index(['sid', 'ban', 'sec', 'men', 'med', 'sum', 'max', 'npp', 'hfq', 'hhh',
       'aei'],
      dtype='object')
#### MERGE 68 merge_data Dataframe shape: (297840, 12) #### time: 38
#### #### SPLIT TRAIN TEST #### ####
#### CLASSES: [0 1 2 3] TOTAL 4
#### SPLIT train_test_split and CUDA: ??? cuda:0 #### time: 34
#### MODELS - TOTAL 3 ####
#### EPOCHS 1 ####
#### TRAINING MODELS ####
#### TRAINING MODEL CNN_LSTM ####
#### TRAINED MODEL CNN_LSTM model training time: 6.642 total training time: 6.653 ####
#### TRAINING MODEL LSTM_CNN ####
#### TRAINED MODEL LSTM_CNN model training time: 7.841 total training time: 14.494 ####
#### TRAINING MODEL ParallelCNNLSTMModel ####
#### TRAINED MODEL ParallelCNNLSTMModel model training time: 7.875 total training time: 22.37 ####
#### TRAINING TOTAL TIME: 22.359 ####
Accuracy of the CNN_LSTM model on the test set: 91.067352 %
Accuracy of the LSTM_CNN model on the test set: 84.268399 %
Accuracy of the ParallelCNNLSTMModel model on the test set: 91.361133 %
#### TESTING TOTAL TIME: 3.539 ####
#### TIME #### TERMINO #### 24813.962 ####
#### FINITO #### TERMINO #### NO-VA-MAS ####
#### TIMES #### modelling TOTAL TOTAL ==>> 24813.962
#### #### READING DATA FILES #### ####
324 #### COMBI [reg, sid, ban, sec, men, med, sum, max, npp, htp, hhh, aei] METRICS ####
('Plantation', '/home/vargas/repos/forests-sounds-vargas/out/data/extraction/Plantation/2_00_PSA0010-2010_dict_y_split_7_2512283_1736694580.pkl')
(297840, 12) Index(['reg', 'sid', 'ban', 'sec', 'men', 'med', 'sum', 'max', 'npp', 'htp',
       'hhh'],
      dtype='object') Index(['sid', 'ban', 'sec', 'men', 'med', 'sum', 'max', 'npp', 'htp', 'hhh',
       'aei'],
      dtype='object')
#### MERGE 68 merge_data Dataframe shape: (297840, 12) #### time: 40
#### #### SPLIT TRAIN TEST #### ####
#### CLASSES: [0 1 2 3] TOTAL 4
#### SPLIT train_test_split and CUDA: ??? cuda:0 #### time: 35
#### MODELS - TOTAL 3 ####
#### EPOCHS 1 ####
#### TRAINING MODELS ####
#### TRAINING MODEL CNN_LSTM ####
#### TRAINED MODEL CNN_LSTM model training time: 6.794 total training time: 6.806 ####
#### TRAINING MODEL LSTM_CNN ####
#### TRAINED MODEL LSTM_CNN model training time: 7.727 total training time: 14.532 ####
#### TRAINING MODEL ParallelCNNLSTMModel ####
#### TRAINED MODEL ParallelCNNLSTMModel model training time: 7.858 total training time: 22.391 ####
#### TRAINING TOTAL TIME: 22.379 ####
Accuracy of the CNN_LSTM model on the test set: 90.568762 %
Accuracy of the LSTM_CNN model on the test set: 84.612544 %
Accuracy of the ParallelCNNLSTMModel model on the test set: 90.26155 %
#### TESTING TOTAL TIME: 3.528 ####
#### TIME #### TERMINO #### 24889.158 ####
#### FINITO #### TERMINO #### NO-VA-MAS ####
#### TIMES #### modelling TOTAL TOTAL ==>> 24889.158
#### #### READING DATA FILES #### ####
325 #### COMBI [reg, sid, ban, sec, men, med, sum, max, hfq, htp, hhh, aei] METRICS ####
('Plantation', '/home/vargas/repos/forests-sounds-vargas/out/data/extraction/Plantation/2_00_PSA0010-2010_dict_y_split_7_2512283_1736694580.pkl')
(297840, 12) Index(['reg', 'sid', 'ban', 'sec', 'men', 'med', 'sum', 'max', 'hfq', 'htp',
       'hhh'],
      dtype='object') Index(['sid', 'ban', 'sec', 'men', 'med', 'sum', 'max', 'hfq', 'htp', 'hhh',
       'aei'],
      dtype='object')
#### MERGE 68 merge_data Dataframe shape: (297840, 12) #### time: 39
#### #### SPLIT TRAIN TEST #### ####
#### CLASSES: [0 1 2 3] TOTAL 4
#### SPLIT train_test_split and CUDA: ??? cuda:0 #### time: 35
#### MODELS - TOTAL 3 ####
#### EPOCHS 1 ####
#### TRAINING MODELS ####
#### TRAINING MODEL CNN_LSTM ####
#### TRAINED MODEL CNN_LSTM model training time: 6.793 total training time: 6.804 ####
#### TRAINING MODEL LSTM_CNN ####
#### TRAINED MODEL LSTM_CNN model training time: 7.807 total training time: 14.612 ####
#### TRAINING MODEL ParallelCNNLSTMModel ####
#### TRAINED MODEL ParallelCNNLSTMModel model training time: 7.734 total training time: 22.346 ####
#### TRAINING TOTAL TIME: 22.335 ####
Accuracy of the CNN_LSTM model on the test set: 68.462933 %
Accuracy of the LSTM_CNN model on the test set: 56.934932 %
Accuracy of the ParallelCNNLSTMModel model on the test set: 69.938558 %
#### TESTING TOTAL TIME: 3.682 ####
#### TIME #### TERMINO #### 24964.044 ####
#### FINITO #### TERMINO #### NO-VA-MAS ####
#### TIMES #### modelling TOTAL TOTAL ==>> 24964.044
#### #### READING DATA FILES #### ####
326 #### COMBI [reg, sid, ban, sec, men, med, sum, aci, bet, mmm, npp, hfq] METRICS ####
('Plantation', '/home/vargas/repos/forests-sounds-vargas/out/data/extraction/Plantation/2_00_PSA0010-2010_dict_y_split_7_2512283_1736694580.pkl')
(297840, 12) Index(['reg', 'sid', 'ban', 'sec', 'men', 'med', 'sum', 'aci', 'bet', 'mmm',
       'npp'],
      dtype='object') Index(['sid', 'ban', 'sec', 'men', 'med', 'sum', 'aci', 'bet', 'mmm', 'npp',
       'hfq'],
      dtype='object')
#### MERGE 68 merge_data Dataframe shape: (297840, 12) #### time: 40
#### #### SPLIT TRAIN TEST #### ####
#### CLASSES: [0 1 2 3] TOTAL 4
#### SPLIT train_test_split and CUDA: ??? cuda:0 #### time: 34
#### MODELS - TOTAL 3 ####
#### EPOCHS 1 ####
#### TRAINING MODELS ####
#### TRAINING MODEL CNN_LSTM ####
#### TRAINED MODEL CNN_LSTM model training time: 6.794 total training time: 6.805 ####
#### TRAINING MODEL LSTM_CNN ####
#### TRAINED MODEL LSTM_CNN model training time: 7.7 total training time: 14.506 ####
#### TRAINING MODEL ParallelCNNLSTMModel ####
#### TRAINED MODEL ParallelCNNLSTMModel model training time: 7.875 total training time: 22.38 ####
#### TRAINING TOTAL TIME: 22.369 ####
Accuracy of the CNN_LSTM model on the test set: 86.801638 %
Accuracy of the LSTM_CNN model on the test set: 81.892963 %
Accuracy of the ParallelCNNLSTMModel model on the test set: 87.454674 %
#### TESTING TOTAL TIME: 3.535 ####
#### TIME #### TERMINO #### 25039.527 ####
#### FINITO #### TERMINO #### NO-VA-MAS ####
#### TIMES #### modelling TOTAL TOTAL ==>> 25039.527
#### #### READING DATA FILES #### ####
327 #### COMBI [reg, sid, ban, sec, men, med, sum, aci, bet, mmm, npp, htp] METRICS ####
('Plantation', '/home/vargas/repos/forests-sounds-vargas/out/data/extraction/Plantation/2_00_PSA0010-2010_dict_y_split_7_2512283_1736694580.pkl')
(297840, 12) Index(['reg', 'sid', 'ban', 'sec', 'men', 'med', 'sum', 'aci', 'bet', 'mmm',
       'npp'],
      dtype='object') Index(['sid', 'ban', 'sec', 'men', 'med', 'sum', 'aci', 'bet', 'mmm', 'npp',
       'htp'],
      dtype='object')
#### MERGE 68 merge_data Dataframe shape: (297840, 12) #### time: 41
#### #### SPLIT TRAIN TEST #### ####
#### CLASSES: [0 1 2 3] TOTAL 4
#### SPLIT train_test_split and CUDA: ??? cuda:0 #### time: 35
#### MODELS - TOTAL 3 ####
#### EPOCHS 1 ####
#### TRAINING MODELS ####
#### TRAINING MODEL CNN_LSTM ####
#### TRAINED MODEL CNN_LSTM model training time: 6.781 total training time: 6.793 ####
#### TRAINING MODEL LSTM_CNN ####
#### TRAINED MODEL LSTM_CNN model training time: 7.828 total training time: 14.621 ####
#### TRAINING MODEL ParallelCNNLSTMModel ####
#### TRAINED MODEL ParallelCNNLSTMModel model training time: 7.734 total training time: 22.355 ####
#### TRAINING TOTAL TIME: 22.344 ####
Accuracy of the CNN_LSTM model on the test set: 80.855493 %
Accuracy of the LSTM_CNN model on the test set: 58.949436 %
Accuracy of the ParallelCNNLSTMModel model on the test set: 89.059562 %
#### TESTING TOTAL TIME: 3.681 ####
#### TIME #### TERMINO #### 25116.054 ####
#### FINITO #### TERMINO #### NO-VA-MAS ####
#### TIMES #### modelling TOTAL TOTAL ==>> 25116.054
#### #### READING DATA FILES #### ####
328 #### COMBI [reg, sid, ban, sec, men, med, sum, aci, bet, mmm, npp, hhh] METRICS ####
('Plantation', '/home/vargas/repos/forests-sounds-vargas/out/data/extraction/Plantation/2_00_PSA0010-2010_dict_y_split_7_2512283_1736694580.pkl')
(297840, 12) Index(['reg', 'sid', 'ban', 'sec', 'men', 'med', 'sum', 'aci', 'bet', 'mmm',
       'npp'],
      dtype='object') Index(['sid', 'ban', 'sec', 'men', 'med', 'sum', 'aci', 'bet', 'mmm', 'npp',
       'hhh'],
      dtype='object')
#### MERGE 68 merge_data Dataframe shape: (297840, 12) #### time: 39
#### #### SPLIT TRAIN TEST #### ####
#### CLASSES: [0 1 2 3] TOTAL 4
#### SPLIT train_test_split and CUDA: ??? cuda:0 #### time: 34
#### MODELS - TOTAL 3 ####
#### EPOCHS 1 ####
#### TRAINING MODELS ####
#### TRAINING MODEL CNN_LSTM ####
#### TRAINED MODEL CNN_LSTM model training time: 6.631 total training time: 6.643 ####
#### TRAINING MODEL LSTM_CNN ####
#### TRAINED MODEL LSTM_CNN model training time: 7.831 total training time: 14.474 ####
#### TRAINING MODEL ParallelCNNLSTMModel ####
#### TRAINED MODEL ParallelCNNLSTMModel model training time: 7.885 total training time: 22.359 ####
#### TRAINING TOTAL TIME: 22.348 ####
Accuracy of the CNN_LSTM model on the test set: 86.351732 %
Accuracy of the LSTM_CNN model on the test set: 61.130137 %
Accuracy of the ParallelCNNLSTMModel model on the test set: 88.918547 %
#### TESTING TOTAL TIME: 3.543 ####
#### TIME #### TERMINO #### 25190.407 ####
#### FINITO #### TERMINO #### NO-VA-MAS ####
#### TIMES #### modelling TOTAL TOTAL ==>> 25190.407
#### #### READING DATA FILES #### ####
329 #### COMBI [reg, sid, ban, sec, men, med, sum, aci, bet, mmm, npp, aei] METRICS ####
('Plantation', '/home/vargas/repos/forests-sounds-vargas/out/data/extraction/Plantation/2_00_PSA0010-2010_dict_y_split_7_2512283_1736694580.pkl')
(297840, 12) Index(['reg', 'sid', 'ban', 'sec', 'men', 'med', 'sum', 'aci', 'bet', 'mmm',
       'npp'],
      dtype='object') Index(['sid', 'ban', 'sec', 'men', 'med', 'sum', 'aci', 'bet', 'mmm', 'npp',
       'aei'],
      dtype='object')
#### MERGE 68 merge_data Dataframe shape: (297840, 12) #### time: 40
#### #### SPLIT TRAIN TEST #### ####
#### CLASSES: [0 1 2 3] TOTAL 4
#### SPLIT train_test_split and CUDA: ??? cuda:0 #### time: 35
#### MODELS - TOTAL 3 ####
#### EPOCHS 1 ####
#### TRAINING MODELS ####
#### TRAINING MODEL CNN_LSTM ####
#### TRAINED MODEL CNN_LSTM model training time: 6.796 total training time: 6.807 ####
#### TRAINING MODEL LSTM_CNN ####
#### TRAINED MODEL LSTM_CNN model training time: 7.683 total training time: 14.491 ####
#### TRAINING MODEL ParallelCNNLSTMModel ####
#### TRAINED MODEL ParallelCNNLSTMModel model training time: 7.883 total training time: 22.374 ####
#### TRAINING TOTAL TIME: 22.362 ####
Accuracy of the CNN_LSTM model on the test set: 74.64914 %
Accuracy of the LSTM_CNN model on the test set: 77.556742 %
Accuracy of the ParallelCNNLSTMModel model on the test set: 87.894507 %
#### TESTING TOTAL TIME: 3.678 ####
#### TIME #### TERMINO #### 25265.845 ####
#### FINITO #### TERMINO #### NO-VA-MAS ####
#### TIMES #### modelling TOTAL TOTAL ==>> 25265.845
#### #### READING DATA FILES #### ####
330 #### COMBI [reg, sid, ban, sec, men, med, sum, aci, bet, mmm, hfq, htp] METRICS ####
('Plantation', '/home/vargas/repos/forests-sounds-vargas/out/data/extraction/Plantation/2_00_PSA0010-2010_dict_y_split_7_2512283_1736694580.pkl')
(297840, 12) Index(['reg', 'sid', 'ban', 'sec', 'men', 'med', 'sum', 'aci', 'bet', 'mmm',
       'hfq'],
      dtype='object') Index(['sid', 'ban', 'sec', 'men', 'med', 'sum', 'aci', 'bet', 'mmm', 'hfq',
       'htp'],
      dtype='object')
#### MERGE 68 merge_data Dataframe shape: (297840, 12) #### time: 38
#### #### SPLIT TRAIN TEST #### ####
#### CLASSES: [0 1 2 3] TOTAL 4
#### SPLIT train_test_split and CUDA: ??? cuda:0 #### time: 35
#### MODELS - TOTAL 3 ####
#### EPOCHS 1 ####
#### TRAINING MODELS ####
#### TRAINING MODEL CNN_LSTM ####
#### TRAINED MODEL CNN_LSTM model training time: 6.637 total training time: 6.649 ####
#### TRAINING MODEL LSTM_CNN ####
#### TRAINED MODEL LSTM_CNN model training time: 7.839 total training time: 14.488 ####
#### TRAINING MODEL ParallelCNNLSTMModel ####
#### TRAINED MODEL ParallelCNNLSTMModel model training time: 7.868 total training time: 22.356 ####
#### TRAINING TOTAL TIME: 22.345 ####
Accuracy of the CNN_LSTM model on the test set: 72.473476 %
Accuracy of the LSTM_CNN model on the test set: 64.368453 %
Accuracy of the ParallelCNNLSTMModel model on the test set: 74.256312 %
#### TESTING TOTAL TIME: 3.535 ####
#### TIME #### TERMINO #### 25339.429 ####
#### FINITO #### TERMINO #### NO-VA-MAS ####
#### TIMES #### modelling TOTAL TOTAL ==>> 25339.429
#### #### READING DATA FILES #### ####
331 #### COMBI [reg, sid, ban, sec, men, med, sum, aci, bet, mmm, hfq, hhh] METRICS ####
('Plantation', '/home/vargas/repos/forests-sounds-vargas/out/data/extraction/Plantation/2_00_PSA0010-2010_dict_y_split_7_2512283_1736694580.pkl')
(297840, 12) Index(['reg', 'sid', 'ban', 'sec', 'men', 'med', 'sum', 'aci', 'bet', 'mmm',
       'hfq'],
      dtype='object') Index(['sid', 'ban', 'sec', 'men', 'med', 'sum', 'aci', 'bet', 'mmm', 'hfq',
       'hhh'],
      dtype='object')
#### MERGE 68 merge_data Dataframe shape: (297840, 12) #### time: 39
#### #### SPLIT TRAIN TEST #### ####
#### CLASSES: [0 1 2 3] TOTAL 4
#### SPLIT train_test_split and CUDA: ??? cuda:0 #### time: 35
#### MODELS - TOTAL 3 ####
#### EPOCHS 1 ####
#### TRAINING MODELS ####
#### TRAINING MODEL CNN_LSTM ####
#### TRAINED MODEL CNN_LSTM model training time: 6.785 total training time: 6.797 ####
#### TRAINING MODEL LSTM_CNN ####
#### TRAINED MODEL LSTM_CNN model training time: 7.668 total training time: 14.465 ####
#### TRAINING MODEL ParallelCNNLSTMModel ####
#### TRAINED MODEL ParallelCNNLSTMModel model training time: 7.879 total training time: 22.344 ####
#### TRAINING TOTAL TIME: 22.333 ####
Accuracy of the CNN_LSTM model on the test set: 75.548952 %
Accuracy of the LSTM_CNN model on the test set: 74.625638 %
Accuracy of the ParallelCNNLSTMModel model on the test set: 74.625638 %
#### TESTING TOTAL TIME: 3.535 ####
#### TIME #### TERMINO #### 25414.395 ####
#### FINITO #### TERMINO #### NO-VA-MAS ####
#### TIMES #### modelling TOTAL TOTAL ==>> 25414.395
#### #### READING DATA FILES #### ####
332 #### COMBI [reg, sid, ban, sec, men, med, sum, aci, bet, mmm, hfq, aei] METRICS ####
('Plantation', '/home/vargas/repos/forests-sounds-vargas/out/data/extraction/Plantation/2_00_PSA0010-2010_dict_y_split_7_2512283_1736694580.pkl')
(297840, 12) Index(['reg', 'sid', 'ban', 'sec', 'men', 'med', 'sum', 'aci', 'bet', 'mmm',
       'hfq'],
      dtype='object') Index(['sid', 'ban', 'sec', 'men', 'med', 'sum', 'aci', 'bet', 'mmm', 'hfq',
       'aei'],
      dtype='object')
#### MERGE 68 merge_data Dataframe shape: (297840, 12) #### time: 39
#### #### SPLIT TRAIN TEST #### ####
#### CLASSES: [0 1 2 3] TOTAL 4
#### SPLIT train_test_split and CUDA: ??? cuda:0 #### time: 35
#### MODELS - TOTAL 3 ####
#### EPOCHS 1 ####
#### TRAINING MODELS ####
#### TRAINING MODEL CNN_LSTM ####
#### TRAINED MODEL CNN_LSTM model training time: 6.787 total training time: 6.798 ####
#### TRAINING MODEL LSTM_CNN ####
#### TRAINED MODEL LSTM_CNN model training time: 7.848 total training time: 14.646 ####
#### TRAINING MODEL ParallelCNNLSTMModel ####
#### TRAINED MODEL ParallelCNNLSTMModel model training time: 7.74 total training time: 22.386 ####
#### TRAINING TOTAL TIME: 22.375 ####
Accuracy of the CNN_LSTM model on the test set: 75.060435 %
Accuracy of the LSTM_CNN model on the test set: 69.099181 %
Accuracy of the ParallelCNNLSTMModel model on the test set: 73.987712 %
#### TESTING TOTAL TIME: 3.693 ####
#### TIME #### TERMINO #### 25488.938 ####
#### FINITO #### TERMINO #### NO-VA-MAS ####
#### TIMES #### modelling TOTAL TOTAL ==>> 25488.938
#### #### READING DATA FILES #### ####
333 #### COMBI [reg, sid, ban, sec, men, med, sum, aci, bet, mmm, htp, hhh] METRICS ####
('Plantation', '/home/vargas/repos/forests-sounds-vargas/out/data/extraction/Plantation/2_00_PSA0010-2010_dict_y_split_7_2512283_1736694580.pkl')
(297840, 12) Index(['reg', 'sid', 'ban', 'sec', 'men', 'med', 'sum', 'aci', 'bet', 'mmm',
       'htp'],
      dtype='object') Index(['sid', 'ban', 'sec', 'men', 'med', 'sum', 'aci', 'bet', 'mmm', 'htp',
       'hhh'],
      dtype='object')
#### MERGE 68 merge_data Dataframe shape: (297840, 12) #### time: 38
#### #### SPLIT TRAIN TEST #### ####
#### CLASSES: [0 1 2 3] TOTAL 4
#### SPLIT train_test_split and CUDA: ??? cuda:0 #### time: 35
#### MODELS - TOTAL 3 ####
#### EPOCHS 1 ####
#### TRAINING MODELS ####
#### TRAINING MODEL CNN_LSTM ####
#### TRAINED MODEL CNN_LSTM model training time: 6.799 total training time: 6.811 ####
#### TRAINING MODEL LSTM_CNN ####
#### TRAINED MODEL LSTM_CNN model training time: 7.685 total training time: 14.496 ####
#### TRAINING MODEL ParallelCNNLSTMModel ####
#### TRAINED MODEL ParallelCNNLSTMModel model training time: 7.877 total training time: 22.373 ####
#### TRAINING TOTAL TIME: 22.361 ####
Accuracy of the CNN_LSTM model on the test set: 75.557346 %
Accuracy of the LSTM_CNN model on the test set: 68.820508 %
Accuracy of the ParallelCNNLSTMModel model on the test set: 76.057615 %
#### TESTING TOTAL TIME: 3.539 ####
#### TIME #### TERMINO #### 25562.798 ####
#### FINITO #### TERMINO #### NO-VA-MAS ####
#### TIMES #### modelling TOTAL TOTAL ==>> 25562.798
#### #### READING DATA FILES #### ####
334 #### COMBI [reg, sid, ban, sec, men, med, sum, aci, bet, mmm, htp, aei] METRICS ####
('Plantation', '/home/vargas/repos/forests-sounds-vargas/out/data/extraction/Plantation/2_00_PSA0010-2010_dict_y_split_7_2512283_1736694580.pkl')
(297840, 12) Index(['reg', 'sid', 'ban', 'sec', 'men', 'med', 'sum', 'aci', 'bet', 'mmm',
       'htp'],
      dtype='object') Index(['sid', 'ban', 'sec', 'men', 'med', 'sum', 'aci', 'bet', 'mmm', 'htp',
       'aei'],
      dtype='object')
#### MERGE 68 merge_data Dataframe shape: (297840, 12) #### time: 40
#### #### SPLIT TRAIN TEST #### ####
#### CLASSES: [0 1 2 3] TOTAL 4
#### SPLIT train_test_split and CUDA: ??? cuda:0 #### time: 35
#### MODELS - TOTAL 3 ####
#### EPOCHS 1 ####
#### TRAINING MODELS ####
#### TRAINING MODEL CNN_LSTM ####
#### TRAINED MODEL CNN_LSTM model training time: 6.779 total training time: 6.79 ####
#### TRAINING MODEL LSTM_CNN ####
#### TRAINED MODEL LSTM_CNN model training time: 7.821 total training time: 14.611 ####
#### TRAINING MODEL ParallelCNNLSTMModel ####
#### TRAINED MODEL ParallelCNNLSTMModel model training time: 7.72 total training time: 22.332 ####
#### TRAINING TOTAL TIME: 22.32 ####
Accuracy of the CNN_LSTM model on the test set: 69.277129 %
Accuracy of the LSTM_CNN model on the test set: 60.770884 %
Accuracy of the ParallelCNNLSTMModel model on the test set: 76.287604 %
#### TESTING TOTAL TIME: 3.679 ####
#### TIME #### TERMINO #### 25638.58 ####
#### FINITO #### TERMINO #### NO-VA-MAS ####
#### TIMES #### modelling TOTAL TOTAL ==>> 25638.58
#### #### READING DATA FILES #### ####
335 #### COMBI [reg, sid, ban, sec, men, med, sum, aci, bet, mmm, hhh, aei] METRICS ####
('Plantation', '/home/vargas/repos/forests-sounds-vargas/out/data/extraction/Plantation/2_00_PSA0010-2010_dict_y_split_7_2512283_1736694580.pkl')
(297840, 12) Index(['reg', 'sid', 'ban', 'sec', 'men', 'med', 'sum', 'aci', 'bet', 'mmm',
       'hhh'],
      dtype='object') Index(['sid', 'ban', 'sec', 'men', 'med', 'sum', 'aci', 'bet', 'mmm', 'hhh',
       'aei'],
      dtype='object')
#### MERGE 68 merge_data Dataframe shape: (297840, 12) #### time: 39
#### #### SPLIT TRAIN TEST #### ####
#### CLASSES: [0 1 2 3] TOTAL 4
#### SPLIT train_test_split and CUDA: ??? cuda:0 #### time: 34
#### MODELS - TOTAL 3 ####
#### EPOCHS 1 ####
#### TRAINING MODELS ####
#### TRAINING MODEL CNN_LSTM ####
#### TRAINED MODEL CNN_LSTM model training time: 6.603 total training time: 6.614 ####
#### TRAINING MODEL LSTM_CNN ####
#### TRAINED MODEL LSTM_CNN model training time: 7.806 total training time: 14.421 ####
#### TRAINING MODEL ParallelCNNLSTMModel ####
#### TRAINED MODEL ParallelCNNLSTMModel model training time: 7.843 total training time: 22.263 ####
#### TRAINING TOTAL TIME: 22.252 ####
Accuracy of the CNN_LSTM model on the test set: 74.983212 %
Accuracy of the LSTM_CNN model on the test set: 68.563658 %
Accuracy of the ParallelCNNLSTMModel model on the test set: 76.09119 %
#### TESTING TOTAL TIME: 3.526 ####
#### TIME #### TERMINO #### 25713.234 ####
#### FINITO #### TERMINO #### NO-VA-MAS ####
#### TIMES #### modelling TOTAL TOTAL ==>> 25713.234
#### #### READING DATA FILES #### ####
336 #### COMBI [reg, sid, ban, sec, men, med, sum, aci, bet, npp, hfq, htp] METRICS ####
('Plantation', '/home/vargas/repos/forests-sounds-vargas/out/data/extraction/Plantation/2_00_PSA0010-2010_dict_y_split_7_2512283_1736694580.pkl')
(297840, 12) Index(['reg', 'sid', 'ban', 'sec', 'men', 'med', 'sum', 'aci', 'bet', 'npp',
       'hfq'],
      dtype='object') Index(['sid', 'ban', 'sec', 'men', 'med', 'sum', 'aci', 'bet', 'npp', 'hfq',
       'htp'],
      dtype='object')
#### MERGE 68 merge_data Dataframe shape: (297840, 12) #### time: 39
#### #### SPLIT TRAIN TEST #### ####
#### CLASSES: [0 1 2 3] TOTAL 4
#### SPLIT train_test_split and CUDA: ??? cuda:0 #### time: 35
#### MODELS - TOTAL 3 ####
#### EPOCHS 1 ####
#### TRAINING MODELS ####
#### TRAINING MODEL CNN_LSTM ####
#### TRAINED MODEL CNN_LSTM model training time: 6.77 total training time: 6.781 ####
#### TRAINING MODEL LSTM_CNN ####
#### TRAINED MODEL LSTM_CNN model training time: 7.791 total training time: 14.572 ####
#### TRAINING MODEL ParallelCNNLSTMModel ####
#### TRAINED MODEL ParallelCNNLSTMModel model training time: 7.713 total training time: 22.285 ####
#### TRAINING TOTAL TIME: 22.274 ####
Accuracy of the CNN_LSTM model on the test set: 81.036798 %
Accuracy of the LSTM_CNN model on the test set: 65.434461 %
Accuracy of the ParallelCNNLSTMModel model on the test set: 83.239323 %
#### TESTING TOTAL TIME: 3.673 ####
#### TIME #### TERMINO #### 25787.589 ####
#### FINITO #### TERMINO #### NO-VA-MAS ####
#### TIMES #### modelling TOTAL TOTAL ==>> 25787.589
#### #### READING DATA FILES #### ####
337 #### COMBI [reg, sid, ban, sec, men, med, sum, aci, bet, npp, hfq, hhh] METRICS ####
('Plantation', '/home/vargas/repos/forests-sounds-vargas/out/data/extraction/Plantation/2_00_PSA0010-2010_dict_y_split_7_2512283_1736694580.pkl')
(297840, 12) Index(['reg', 'sid', 'ban', 'sec', 'men', 'med', 'sum', 'aci', 'bet', 'npp',
       'hfq'],
      dtype='object') Index(['sid', 'ban', 'sec', 'men', 'med', 'sum', 'aci', 'bet', 'npp', 'hfq',
       'hhh'],
      dtype='object')
#### MERGE 68 merge_data Dataframe shape: (297840, 12) #### time: 38
#### #### SPLIT TRAIN TEST #### ####
#### CLASSES: [0 1 2 3] TOTAL 4
#### SPLIT train_test_split and CUDA: ??? cuda:0 #### time: 35
#### MODELS - TOTAL 3 ####
#### EPOCHS 1 ####
#### TRAINING MODELS ####
#### TRAINING MODEL CNN_LSTM ####
#### TRAINED MODEL CNN_LSTM model training time: 6.641 total training time: 6.652 ####
#### TRAINING MODEL LSTM_CNN ####
#### TRAINED MODEL LSTM_CNN model training time: 7.812 total training time: 14.464 ####
#### TRAINING MODEL ParallelCNNLSTMModel ####
#### TRAINED MODEL ParallelCNNLSTMModel model training time: 7.86 total training time: 22.324 ####
#### TRAINING TOTAL TIME: 22.313 ####
Accuracy of the CNN_LSTM model on the test set: 84.359052 %
Accuracy of the LSTM_CNN model on the test set: 79.844883 %
Accuracy of the ParallelCNNLSTMModel model on the test set: 88.287335 %
#### TESTING TOTAL TIME: 3.539 ####
#### TIME #### TERMINO #### 25861.377 ####
#### FINITO #### TERMINO #### NO-VA-MAS ####
#### TIMES #### modelling TOTAL TOTAL ==>> 25861.377
#### #### READING DATA FILES #### ####
338 #### COMBI [reg, sid, ban, sec, men, med, sum, aci, bet, npp, hfq, aei] METRICS ####
('Plantation', '/home/vargas/repos/forests-sounds-vargas/out/data/extraction/Plantation/2_00_PSA0010-2010_dict_y_split_7_2512283_1736694580.pkl')
(297840, 12) Index(['reg', 'sid', 'ban', 'sec', 'men', 'med', 'sum', 'aci', 'bet', 'npp',
       'hfq'],
      dtype='object') Index(['sid', 'ban', 'sec', 'men', 'med', 'sum', 'aci', 'bet', 'npp', 'hfq',
       'aei'],
      dtype='object')
#### MERGE 68 merge_data Dataframe shape: (297840, 12) #### time: 38
#### #### SPLIT TRAIN TEST #### ####
#### CLASSES: [0 1 2 3] TOTAL 4
#### SPLIT train_test_split and CUDA: ??? cuda:0 #### time: 35
#### MODELS - TOTAL 3 ####
#### EPOCHS 1 ####
#### TRAINING MODELS ####
#### TRAINING MODEL CNN_LSTM ####
#### TRAINED MODEL CNN_LSTM model training time: 6.78 total training time: 6.791 ####
#### TRAINING MODEL LSTM_CNN ####
#### TRAINED MODEL LSTM_CNN model training time: 7.655 total training time: 14.446 ####
#### TRAINING MODEL ParallelCNNLSTMModel ####
#### TRAINED MODEL ParallelCNNLSTMModel model training time: 7.865 total training time: 22.311 ####
#### TRAINING TOTAL TIME: 22.3 ####
Accuracy of the CNN_LSTM model on the test set: 86.257722 %
Accuracy of the LSTM_CNN model on the test set: 84.582326 %
Accuracy of the ParallelCNNLSTMModel model on the test set: 85.901826 %
#### TESTING TOTAL TIME: 3.683 ####
#### TIME #### TERMINO #### 25934.825 ####
#### FINITO #### TERMINO #### NO-VA-MAS ####
#### TIMES #### modelling TOTAL TOTAL ==>> 25934.825
#### #### READING DATA FILES #### ####
339 #### COMBI [reg, sid, ban, sec, men, med, sum, aci, bet, npp, htp, hhh] METRICS ####
('Plantation', '/home/vargas/repos/forests-sounds-vargas/out/data/extraction/Plantation/2_00_PSA0010-2010_dict_y_split_7_2512283_1736694580.pkl')
(297840, 12) Index(['reg', 'sid', 'ban', 'sec', 'men', 'med', 'sum', 'aci', 'bet', 'npp',
       'htp'],
      dtype='object') Index(['sid', 'ban', 'sec', 'men', 'med', 'sum', 'aci', 'bet', 'npp', 'htp',
       'hhh'],
      dtype='object')
#### MERGE 68 merge_data Dataframe shape: (297840, 12) #### time: 39
#### #### SPLIT TRAIN TEST #### ####
#### CLASSES: [0 1 2 3] TOTAL 4
#### SPLIT train_test_split and CUDA: ??? cuda:0 #### time: 34
#### MODELS - TOTAL 3 ####
#### EPOCHS 1 ####
#### TRAINING MODELS ####
#### TRAINING MODEL CNN_LSTM ####
#### TRAINED MODEL CNN_LSTM model training time: 6.595 total training time: 6.607 ####
#### TRAINING MODEL LSTM_CNN ####
#### TRAINED MODEL LSTM_CNN model training time: 7.77 total training time: 14.376 ####
#### TRAINING MODEL ParallelCNNLSTMModel ####
#### TRAINED MODEL ParallelCNNLSTMModel model training time: 7.837 total training time: 22.213 ####
#### TRAINING TOTAL TIME: 22.202 ####
Accuracy of the CNN_LSTM model on the test set: 86.521287 %
Accuracy of the LSTM_CNN model on the test set: 60.853143 %
Accuracy of the ParallelCNNLSTMModel model on the test set: 88.953801 %
#### TESTING TOTAL TIME: 3.533 ####
#### TIME #### TERMINO #### 26008.981 ####
#### FINITO #### TERMINO #### NO-VA-MAS ####
#### TIMES #### modelling TOTAL TOTAL ==>> 26008.981
#### #### READING DATA FILES #### ####
340 #### COMBI [reg, sid, ban, sec, men, med, sum, aci, bet, npp, htp, aei] METRICS ####
('Plantation', '/home/vargas/repos/forests-sounds-vargas/out/data/extraction/Plantation/2_00_PSA0010-2010_dict_y_split_7_2512283_1736694580.pkl')
(297840, 12) Index(['reg', 'sid', 'ban', 'sec', 'men', 'med', 'sum', 'aci', 'bet', 'npp',
       'htp'],
      dtype='object') Index(['sid', 'ban', 'sec', 'men', 'med', 'sum', 'aci', 'bet', 'npp', 'htp',
       'aei'],
      dtype='object')
#### MERGE 68 merge_data Dataframe shape: (297840, 12) #### time: 38
#### #### SPLIT TRAIN TEST #### ####
#### CLASSES: [0 1 2 3] TOTAL 4
#### SPLIT train_test_split and CUDA: ??? cuda:0 #### time: 35
#### MODELS - TOTAL 3 ####
#### EPOCHS 1 ####
#### TRAINING MODELS ####
#### TRAINING MODEL CNN_LSTM ####
#### TRAINED MODEL CNN_LSTM model training time: 6.802 total training time: 6.813 ####
#### TRAINING MODEL LSTM_CNN ####
#### TRAINED MODEL LSTM_CNN model training time: 7.682 total training time: 14.496 ####
#### TRAINING MODEL ParallelCNNLSTMModel ####
#### TRAINED MODEL ParallelCNNLSTMModel model training time: 7.893 total training time: 22.389 ####
#### TRAINING TOTAL TIME: 22.377 ####
Accuracy of the CNN_LSTM model on the test set: 79.653505 %
Accuracy of the LSTM_CNN model on the test set: 77.051437 %
Accuracy of the ParallelCNNLSTMModel model on the test set: 82.26061 %
#### TESTING TOTAL TIME: 3.537 ####
#### TIME #### TERMINO #### 26082.657 ####
#### FINITO #### TERMINO #### NO-VA-MAS ####
#### TIMES #### modelling TOTAL TOTAL ==>> 26082.657
#### #### READING DATA FILES #### ####
341 #### COMBI [reg, sid, ban, sec, men, med, sum, aci, bet, npp, hhh, aei] METRICS ####
('Plantation', '/home/vargas/repos/forests-sounds-vargas/out/data/extraction/Plantation/2_00_PSA0010-2010_dict_y_split_7_2512283_1736694580.pkl')
(297840, 12) Index(['reg', 'sid', 'ban', 'sec', 'men', 'med', 'sum', 'aci', 'bet', 'npp',
       'hhh'],
      dtype='object') Index(['sid', 'ban', 'sec', 'men', 'med', 'sum', 'aci', 'bet', 'npp', 'hhh',
       'aei'],
      dtype='object')
#### MERGE 68 merge_data Dataframe shape: (297840, 12) #### time: 42
#### #### SPLIT TRAIN TEST #### ####
#### CLASSES: [0 1 2 3] TOTAL 4
#### SPLIT train_test_split and CUDA: ??? cuda:0 #### time: 35
#### MODELS - TOTAL 3 ####
#### EPOCHS 1 ####
#### TRAINING MODELS ####
#### TRAINING MODEL CNN_LSTM ####
#### TRAINED MODEL CNN_LSTM model training time: 6.813 total training time: 6.824 ####
#### TRAINING MODEL LSTM_CNN ####
#### TRAINED MODEL LSTM_CNN model training time: 7.818 total training time: 14.642 ####
#### TRAINING MODEL ParallelCNNLSTMModel ####
#### TRAINED MODEL ParallelCNNLSTMModel model training time: 7.73 total training time: 22.372 ####
#### TRAINING TOTAL TIME: 22.36 ####
Accuracy of the CNN_LSTM model on the test set: 86.47596 %
Accuracy of the LSTM_CNN model on the test set: 62.516788 %
Accuracy of the ParallelCNNLSTMModel model on the test set: 88.223543 %
#### TESTING TOTAL TIME: 3.676 ####
#### TIME #### TERMINO #### 26160.813 ####
#### FINITO #### TERMINO #### NO-VA-MAS ####
#### TIMES #### modelling TOTAL TOTAL ==>> 26160.813
#### #### READING DATA FILES #### ####
342 #### COMBI [reg, sid, ban, sec, men, med, sum, aci, bet, hfq, htp, hhh] METRICS ####
('Plantation', '/home/vargas/repos/forests-sounds-vargas/out/data/extraction/Plantation/2_00_PSA0010-2010_dict_y_split_7_2512283_1736694580.pkl')
(297840, 12) Index(['reg', 'sid', 'ban', 'sec', 'men', 'med', 'sum', 'aci', 'bet', 'hfq',
       'htp'],
      dtype='object') Index(['sid', 'ban', 'sec', 'men', 'med', 'sum', 'aci', 'bet', 'hfq', 'htp',
       'hhh'],
      dtype='object')
#### MERGE 68 merge_data Dataframe shape: (297840, 12) #### time: 38
#### #### SPLIT TRAIN TEST #### ####
#### CLASSES: [0 1 2 3] TOTAL 4
#### SPLIT train_test_split and CUDA: ??? cuda:0 #### time: 35
#### MODELS - TOTAL 3 ####
#### EPOCHS 1 ####
#### TRAINING MODELS ####
#### TRAINING MODEL CNN_LSTM ####
#### TRAINED MODEL CNN_LSTM model training time: 6.783 total training time: 6.794 ####
#### TRAINING MODEL LSTM_CNN ####
#### TRAINED MODEL LSTM_CNN model training time: 7.672 total training time: 14.467 ####
#### TRAINING MODEL ParallelCNNLSTMModel ####
#### TRAINED MODEL ParallelCNNLSTMModel model training time: 7.89 total training time: 22.356 ####
#### TRAINING TOTAL TIME: 22.345 ####
Accuracy of the CNN_LSTM model on the test set: 72.851195 %
Accuracy of the LSTM_CNN model on the test set: 72.013497 %
Accuracy of the ParallelCNNLSTMModel model on the test set: 73.030822 %
#### TESTING TOTAL TIME: 3.539 ####
#### TIME #### TERMINO #### 26234.384 ####
#### FINITO #### TERMINO #### NO-VA-MAS ####
#### TIMES #### modelling TOTAL TOTAL ==>> 26234.384
#### #### READING DATA FILES #### ####
343 #### COMBI [reg, sid, ban, sec, men, med, sum, aci, bet, hfq, htp, aei] METRICS ####
('Plantation', '/home/vargas/repos/forests-sounds-vargas/out/data/extraction/Plantation/2_00_PSA0010-2010_dict_y_split_7_2512283_1736694580.pkl')
(297840, 12) Index(['reg', 'sid', 'ban', 'sec', 'men', 'med', 'sum', 'aci', 'bet', 'hfq',
       'htp'],
      dtype='object') Index(['sid', 'ban', 'sec', 'men', 'med', 'sum', 'aci', 'bet', 'hfq', 'htp',
       'aei'],
      dtype='object')
#### MERGE 68 merge_data Dataframe shape: (297840, 12) #### time: 39
#### #### SPLIT TRAIN TEST #### ####
#### CLASSES: [0 1 2 3] TOTAL 4
#### SPLIT train_test_split and CUDA: ??? cuda:0 #### time: 34
#### MODELS - TOTAL 3 ####
#### EPOCHS 1 ####
#### TRAINING MODELS ####
#### TRAINING MODEL CNN_LSTM ####
#### TRAINED MODEL CNN_LSTM model training time: 6.787 total training time: 6.799 ####
#### TRAINING MODEL LSTM_CNN ####
#### TRAINED MODEL LSTM_CNN model training time: 7.784 total training time: 14.582 ####
#### TRAINING MODEL ParallelCNNLSTMModel ####
#### TRAINED MODEL ParallelCNNLSTMModel model training time: 7.699 total training time: 22.281 ####
#### TRAINING TOTAL TIME: 22.27 ####
Accuracy of the CNN_LSTM model on the test set: 74.989927 %
Accuracy of the LSTM_CNN model on the test set: 72.913309 %
Accuracy of the ParallelCNNLSTMModel model on the test set: 75.770548 %
#### TESTING TOTAL TIME: 3.676 ####
#### TIME #### TERMINO #### 26308.422 ####
#### FINITO #### TERMINO #### NO-VA-MAS ####
#### TIMES #### modelling TOTAL TOTAL ==>> 26308.422
#### #### READING DATA FILES #### ####
344 #### COMBI [reg, sid, ban, sec, men, med, sum, aci, bet, hfq, hhh, aei] METRICS ####
('Plantation', '/home/vargas/repos/forests-sounds-vargas/out/data/extraction/Plantation/2_00_PSA0010-2010_dict_y_split_7_2512283_1736694580.pkl')
(297840, 12) Index(['reg', 'sid', 'ban', 'sec', 'men', 'med', 'sum', 'aci', 'bet', 'hfq',
       'hhh'],
      dtype='object') Index(['sid', 'ban', 'sec', 'men', 'med', 'sum', 'aci', 'bet', 'hfq', 'hhh',
       'aei'],
      dtype='object')
#### MERGE 68 merge_data Dataframe shape: (297840, 12) #### time: 38
#### #### SPLIT TRAIN TEST #### ####
#### CLASSES: [0 1 2 3] TOTAL 4
#### SPLIT train_test_split and CUDA: ??? cuda:0 #### time: 35
#### MODELS - TOTAL 3 ####
#### EPOCHS 1 ####
#### TRAINING MODELS ####
#### TRAINING MODEL CNN_LSTM ####
#### TRAINED MODEL CNN_LSTM model training time: 6.6 total training time: 6.612 ####
#### TRAINING MODEL LSTM_CNN ####
#### TRAINED MODEL LSTM_CNN model training time: 7.793 total training time: 14.405 ####
#### TRAINING MODEL ParallelCNNLSTMModel ####
#### TRAINED MODEL ParallelCNNLSTMModel model training time: 7.861 total training time: 22.265 ####
#### TRAINING TOTAL TIME: 22.254 ####
Accuracy of the CNN_LSTM model on the test set: 74.958031 %
Accuracy of the LSTM_CNN model on the test set: 72.705144 %
Accuracy of the ParallelCNNLSTMModel model on the test set: 73.650282 %
#### TESTING TOTAL TIME: 3.531 ####
#### TIME #### TERMINO #### 26382.165 ####
#### FINITO #### TERMINO #### NO-VA-MAS ####
#### TIMES #### modelling TOTAL TOTAL ==>> 26382.165
#### #### READING DATA FILES #### ####
345 #### COMBI [reg, sid, ban, sec, men, med, sum, aci, bet, htp, hhh, aei] METRICS ####
('Plantation', '/home/vargas/repos/forests-sounds-vargas/out/data/extraction/Plantation/2_00_PSA0010-2010_dict_y_split_7_2512283_1736694580.pkl')
(297840, 12) Index(['reg', 'sid', 'ban', 'sec', 'men', 'med', 'sum', 'aci', 'bet', 'htp',
       'hhh'],
      dtype='object') Index(['sid', 'ban', 'sec', 'men', 'med', 'sum', 'aci', 'bet', 'htp', 'hhh',
       'aei'],
      dtype='object')
#### MERGE 68 merge_data Dataframe shape: (297840, 12) #### time: 38
#### #### SPLIT TRAIN TEST #### ####
#### CLASSES: [0 1 2 3] TOTAL 4
#### SPLIT train_test_split and CUDA: ??? cuda:0 #### time: 34
#### MODELS - TOTAL 3 ####
#### EPOCHS 1 ####
#### TRAINING MODELS ####
#### TRAINING MODEL CNN_LSTM ####
#### TRAINED MODEL CNN_LSTM model training time: 6.772 total training time: 6.783 ####
#### TRAINING MODEL LSTM_CNN ####
#### TRAINED MODEL LSTM_CNN model training time: 7.65 total training time: 14.433 ####
#### TRAINING MODEL ParallelCNNLSTMModel ####
#### TRAINED MODEL ParallelCNNLSTMModel model training time: 7.856 total training time: 22.289 ####
#### TRAINING TOTAL TIME: 22.278 ####
Accuracy of the CNN_LSTM model on the test set: 75.463336 %
Accuracy of the LSTM_CNN model on the test set: 74.261348 %
Accuracy of the ParallelCNNLSTMModel model on the test set: 73.223879 %
#### TESTING TOTAL TIME: 3.682 ####
#### TIME #### TERMINO #### 26456.258 ####
#### FINITO #### TERMINO #### NO-VA-MAS ####
#### TIMES #### modelling TOTAL TOTAL ==>> 26456.258
#### #### READING DATA FILES #### ####
346 #### COMBI [reg, sid, ban, sec, men, med, sum, aci, mmm, npp, hfq, htp] METRICS ####
('Plantation', '/home/vargas/repos/forests-sounds-vargas/out/data/extraction/Plantation/2_00_PSA0010-2010_dict_y_split_7_2512283_1736694580.pkl')
(297840, 12) Index(['reg', 'sid', 'ban', 'sec', 'men', 'med', 'sum', 'aci', 'mmm', 'npp',
       'hfq'],
      dtype='object') Index(['sid', 'ban', 'sec', 'men', 'med', 'sum', 'aci', 'mmm', 'npp', 'hfq',
       'htp'],
      dtype='object')
#### MERGE 68 merge_data Dataframe shape: (297840, 12) #### time: 38
#### #### SPLIT TRAIN TEST #### ####
#### CLASSES: [0 1 2 3] TOTAL 4
#### SPLIT train_test_split and CUDA: ??? cuda:0 #### time: 35
#### MODELS - TOTAL 3 ####
#### EPOCHS 1 ####
#### TRAINING MODELS ####
#### TRAINING MODEL CNN_LSTM ####
#### TRAINED MODEL CNN_LSTM model training time: 6.619 total training time: 6.63 ####
#### TRAINING MODEL LSTM_CNN ####
#### TRAINED MODEL LSTM_CNN model training time: 7.805 total training time: 14.435 ####
#### TRAINING MODEL ParallelCNNLSTMModel ####
#### TRAINED MODEL ParallelCNNLSTMModel model training time: 7.862 total training time: 22.297 ####
#### TRAINING TOTAL TIME: 22.286 ####
Accuracy of the CNN_LSTM model on the test set: 77.014504 %
Accuracy of the LSTM_CNN model on the test set: 78.01672 %
Accuracy of the ParallelCNNLSTMModel model on the test set: 79.742479 %
#### TESTING TOTAL TIME: 3.534 ####
#### TIME #### TERMINO #### 26530.135 ####
#### FINITO #### TERMINO #### NO-VA-MAS ####
#### TIMES #### modelling TOTAL TOTAL ==>> 26530.135
#### #### READING DATA FILES #### ####
347 #### COMBI [reg, sid, ban, sec, men, med, sum, aci, mmm, npp, hfq, hhh] METRICS ####
('Plantation', '/home/vargas/repos/forests-sounds-vargas/out/data/extraction/Plantation/2_00_PSA0010-2010_dict_y_split_7_2512283_1736694580.pkl')
(297840, 12) Index(['reg', 'sid', 'ban', 'sec', 'men', 'med', 'sum', 'aci', 'mmm', 'npp',
       'hfq'],
      dtype='object') Index(['sid', 'ban', 'sec', 'men', 'med', 'sum', 'aci', 'mmm', 'npp', 'hfq',
       'hhh'],
      dtype='object')
#### MERGE 68 merge_data Dataframe shape: (297840, 12) #### time: 39
#### #### SPLIT TRAIN TEST #### ####
#### CLASSES: [0 1 2 3] TOTAL 4
#### SPLIT train_test_split and CUDA: ??? cuda:0 #### time: 35
#### MODELS - TOTAL 3 ####
#### EPOCHS 1 ####
#### TRAINING MODELS ####
#### TRAINING MODEL CNN_LSTM ####
#### TRAINED MODEL CNN_LSTM model training time: 6.782 total training time: 6.793 ####
#### TRAINING MODEL LSTM_CNN ####
#### TRAINED MODEL LSTM_CNN model training time: 7.704 total training time: 14.497 ####
#### TRAINING MODEL ParallelCNNLSTMModel ####
#### TRAINED MODEL ParallelCNNLSTMModel model training time: 7.883 total training time: 22.381 ####
#### TRAINING TOTAL TIME: 22.369 ####
Accuracy of the CNN_LSTM model on the test set: 78.679828 %
Accuracy of the LSTM_CNN model on the test set: 75.842734 %
Accuracy of the ParallelCNNLSTMModel model on the test set: 87.333803 %
#### TESTING TOTAL TIME: 3.545 ####
#### TIME #### TERMINO #### 26604.369 ####
#### FINITO #### TERMINO #### NO-VA-MAS ####
#### TIMES #### modelling TOTAL TOTAL ==>> 26604.369
#### #### READING DATA FILES #### ####
348 #### COMBI [reg, sid, ban, sec, men, med, sum, aci, mmm, npp, hfq, aei] METRICS ####
('Plantation', '/home/vargas/repos/forests-sounds-vargas/out/data/extraction/Plantation/2_00_PSA0010-2010_dict_y_split_7_2512283_1736694580.pkl')
(297840, 12) Index(['reg', 'sid', 'ban', 'sec', 'men', 'med', 'sum', 'aci', 'mmm', 'npp',
       'hfq'],
      dtype='object') Index(['sid', 'ban', 'sec', 'men', 'med', 'sum', 'aci', 'mmm', 'npp', 'hfq',
       'aei'],
      dtype='object')
#### MERGE 68 merge_data Dataframe shape: (297840, 12) #### time: 38
#### #### SPLIT TRAIN TEST #### ####
#### CLASSES: [0 1 2 3] TOTAL 4
#### SPLIT train_test_split and CUDA: ??? cuda:0 #### time: 35
#### MODELS - TOTAL 3 ####
#### EPOCHS 1 ####
#### TRAINING MODELS ####
#### TRAINING MODEL CNN_LSTM ####
#### TRAINED MODEL CNN_LSTM model training time: 6.648 total training time: 6.659 ####
#### TRAINING MODEL LSTM_CNN ####
#### TRAINED MODEL LSTM_CNN model training time: 7.829 total training time: 14.488 ####
#### TRAINING MODEL ParallelCNNLSTMModel ####
#### TRAINED MODEL ParallelCNNLSTMModel model training time: 7.743 total training time: 22.231 ####
#### TRAINING TOTAL TIME: 22.22 ####
Accuracy of the CNN_LSTM model on the test set: 81.41116 %
Accuracy of the LSTM_CNN model on the test set: 74.402364 %
Accuracy of the ParallelCNNLSTMModel model on the test set: 84.066949 %
#### TESTING TOTAL TIME: 3.704 ####
#### TIME #### TERMINO #### 26678.323 ####
#### FINITO #### TERMINO #### NO-VA-MAS ####
#### TIMES #### modelling TOTAL TOTAL ==>> 26678.323
#### #### READING DATA FILES #### ####
349 #### COMBI [reg, sid, ban, sec, men, med, sum, aci, mmm, npp, htp, hhh] METRICS ####
('Plantation', '/home/vargas/repos/forests-sounds-vargas/out/data/extraction/Plantation/2_00_PSA0010-2010_dict_y_split_7_2512283_1736694580.pkl')
(297840, 12) Index(['reg', 'sid', 'ban', 'sec', 'men', 'med', 'sum', 'aci', 'mmm', 'npp',
       'htp'],
      dtype='object') Index(['sid', 'ban', 'sec', 'men', 'med', 'sum', 'aci', 'mmm', 'npp', 'htp',
       'hhh'],
      dtype='object')
#### MERGE 68 merge_data Dataframe shape: (297840, 12) #### time: 39
#### #### SPLIT TRAIN TEST #### ####
#### CLASSES: [0 1 2 3] TOTAL 4
#### SPLIT train_test_split and CUDA: ??? cuda:0 #### time: 35
#### MODELS - TOTAL 3 ####
#### EPOCHS 1 ####
#### TRAINING MODELS ####
#### TRAINING MODEL CNN_LSTM ####
#### TRAINED MODEL CNN_LSTM model training time: 6.792 total training time: 6.803 ####
#### TRAINING MODEL LSTM_CNN ####
#### TRAINED MODEL LSTM_CNN model training time: 7.7 total training time: 14.503 ####
#### TRAINING MODEL ParallelCNNLSTMModel ####
#### TRAINED MODEL ParallelCNNLSTMModel model training time: 7.899 total training time: 22.402 ####
#### TRAINING TOTAL TIME: 22.391 ####
Accuracy of the CNN_LSTM model on the test set: 82.58293 %
Accuracy of the LSTM_CNN model on the test set: 65.993486 %
Accuracy of the ParallelCNNLSTMModel model on the test set: 85.482138 %
#### TESTING TOTAL TIME: 3.545 ####
#### TIME #### TERMINO #### 26752.676 ####
#### FINITO #### TERMINO #### NO-VA-MAS ####
#### TIMES #### modelling TOTAL TOTAL ==>> 26752.676
#### #### READING DATA FILES #### ####
350 #### COMBI [reg, sid, ban, sec, men, med, sum, aci, mmm, npp, htp, aei] METRICS ####
('Plantation', '/home/vargas/repos/forests-sounds-vargas/out/data/extraction/Plantation/2_00_PSA0010-2010_dict_y_split_7_2512283_1736694580.pkl')
(297840, 12) Index(['reg', 'sid', 'ban', 'sec', 'men', 'med', 'sum', 'aci', 'mmm', 'npp',
       'htp'],
      dtype='object') Index(['sid', 'ban', 'sec', 'men', 'med', 'sum', 'aci', 'mmm', 'npp', 'htp',
       'aei'],
      dtype='object')
#### MERGE 68 merge_data Dataframe shape: (297840, 12) #### time: 38
#### #### SPLIT TRAIN TEST #### ####
#### CLASSES: [0 1 2 3] TOTAL 4
#### SPLIT train_test_split and CUDA: ??? cuda:0 #### time: 35
#### MODELS - TOTAL 3 ####
#### EPOCHS 1 ####
#### TRAINING MODELS ####
#### TRAINING MODEL CNN_LSTM ####
#### TRAINED MODEL CNN_LSTM model training time: 6.784 total training time: 6.796 ####
#### TRAINING MODEL LSTM_CNN ####
#### TRAINED MODEL LSTM_CNN model training time: 7.806 total training time: 14.603 ####
#### TRAINING MODEL ParallelCNNLSTMModel ####
#### TRAINED MODEL ParallelCNNLSTMModel model training time: 7.72 total training time: 22.323 ####
#### TRAINING TOTAL TIME: 22.311 ####
Accuracy of the CNN_LSTM model on the test set: 84.768668 %
Accuracy of the LSTM_CNN model on the test set: 82.396589 %
Accuracy of the ParallelCNNLSTMModel model on the test set: 86.648872 %
#### TESTING TOTAL TIME: 3.694 ####
#### TIME #### TERMINO #### 26826.292 ####
#### FINITO #### TERMINO #### NO-VA-MAS ####
#### TIMES #### modelling TOTAL TOTAL ==>> 26826.292
#### #### READING DATA FILES #### ####
351 #### COMBI [reg, sid, ban, sec, men, med, sum, aci, mmm, npp, hhh, aei] METRICS ####
('Plantation', '/home/vargas/repos/forests-sounds-vargas/out/data/extraction/Plantation/2_00_PSA0010-2010_dict_y_split_7_2512283_1736694580.pkl')
(297840, 12) Index(['reg', 'sid', 'ban', 'sec', 'men', 'med', 'sum', 'aci', 'mmm', 'npp',
       'hhh'],
      dtype='object') Index(['sid', 'ban', 'sec', 'men', 'med', 'sum', 'aci', 'mmm', 'npp', 'hhh',
       'aei'],
      dtype='object')
#### MERGE 68 merge_data Dataframe shape: (297840, 12) #### time: 41
#### #### SPLIT TRAIN TEST #### ####
#### CLASSES: [0 1 2 3] TOTAL 4
#### SPLIT train_test_split and CUDA: ??? cuda:0 #### time: 35
#### MODELS - TOTAL 3 ####
#### EPOCHS 1 ####
#### TRAINING MODELS ####
#### TRAINING MODEL CNN_LSTM ####
#### TRAINED MODEL CNN_LSTM model training time: 6.648 total training time: 6.659 ####
#### TRAINING MODEL LSTM_CNN ####
#### TRAINED MODEL LSTM_CNN model training time: 7.858 total training time: 14.518 ####
#### TRAINING MODEL ParallelCNNLSTMModel ####
#### TRAINED MODEL ParallelCNNLSTMModel model training time: 7.902 total training time: 22.42 ####
#### TRAINING TOTAL TIME: 22.409 ####
Accuracy of the CNN_LSTM model on the test set: 85.468708 %
Accuracy of the LSTM_CNN model on the test set: 57.326081 %
Accuracy of the ParallelCNNLSTMModel model on the test set: 86.635442 %
#### TESTING TOTAL TIME: 3.545 ####
#### TIME #### TERMINO #### 26902.834 ####
#### FINITO #### TERMINO #### NO-VA-MAS ####
#### TIMES #### modelling TOTAL TOTAL ==>> 26902.834
#### #### READING DATA FILES #### ####
352 #### COMBI [reg, sid, ban, sec, men, med, sum, aci, mmm, hfq, htp, hhh] METRICS ####
('Plantation', '/home/vargas/repos/forests-sounds-vargas/out/data/extraction/Plantation/2_00_PSA0010-2010_dict_y_split_7_2512283_1736694580.pkl')
(297840, 12) Index(['reg', 'sid', 'ban', 'sec', 'men', 'med', 'sum', 'aci', 'mmm', 'hfq',
       'htp'],
      dtype='object') Index(['sid', 'ban', 'sec', 'men', 'med', 'sum', 'aci', 'mmm', 'hfq', 'htp',
       'hhh'],
      dtype='object')
#### MERGE 68 merge_data Dataframe shape: (297840, 12) #### time: 39
#### #### SPLIT TRAIN TEST #### ####
#### CLASSES: [0 1 2 3] TOTAL 4
#### SPLIT train_test_split and CUDA: ??? cuda:0 #### time: 35
#### MODELS - TOTAL 3 ####
#### EPOCHS 1 ####
#### TRAINING MODELS ####
#### TRAINING MODEL CNN_LSTM ####
#### TRAINED MODEL CNN_LSTM model training time: 6.793 total training time: 6.804 ####
#### TRAINING MODEL LSTM_CNN ####
#### TRAINED MODEL LSTM_CNN model training time: 7.828 total training time: 14.632 ####
#### TRAINING MODEL ParallelCNNLSTMModel ####
#### TRAINED MODEL ParallelCNNLSTMModel model training time: 7.741 total training time: 22.374 ####
#### TRAINING TOTAL TIME: 22.363 ####
Accuracy of the CNN_LSTM model on the test set: 63.718775 %
Accuracy of the LSTM_CNN model on the test set: 62.212933 %
Accuracy of the ParallelCNNLSTMModel model on the test set: 64.638732 %
#### TESTING TOTAL TIME: 3.703 ####
#### TIME #### TERMINO #### 26977.566 ####
#### FINITO #### TERMINO #### NO-VA-MAS ####
#### TIMES #### modelling TOTAL TOTAL ==>> 26977.566
#### #### READING DATA FILES #### ####
353 #### COMBI [reg, sid, ban, sec, men, med, sum, aci, mmm, hfq, htp, aei] METRICS ####
('Plantation', '/home/vargas/repos/forests-sounds-vargas/out/data/extraction/Plantation/2_00_PSA0010-2010_dict_y_split_7_2512283_1736694580.pkl')
(297840, 12) Index(['reg', 'sid', 'ban', 'sec', 'men', 'med', 'sum', 'aci', 'mmm', 'hfq',
       'htp'],
      dtype='object') Index(['sid', 'ban', 'sec', 'men', 'med', 'sum', 'aci', 'mmm', 'hfq', 'htp',
       'aei'],
      dtype='object')
#### MERGE 68 merge_data Dataframe shape: (297840, 12) #### time: 38
#### #### SPLIT TRAIN TEST #### ####
#### CLASSES: [0 1 2 3] TOTAL 4
#### SPLIT train_test_split and CUDA: ??? cuda:0 #### time: 35
#### MODELS - TOTAL 3 ####
#### EPOCHS 1 ####
#### TRAINING MODELS ####
#### TRAINING MODEL CNN_LSTM ####
#### TRAINED MODEL CNN_LSTM model training time: 6.65 total training time: 6.661 ####
#### TRAINING MODEL LSTM_CNN ####
#### TRAINED MODEL LSTM_CNN model training time: 7.866 total training time: 14.527 ####
#### TRAINING MODEL ParallelCNNLSTMModel ####
#### TRAINED MODEL ParallelCNNLSTMModel model training time: 7.874 total training time: 22.401 ####
#### TRAINING TOTAL TIME: 22.39 ####
Accuracy of the CNN_LSTM model on the test set: 61.806675 %
Accuracy of the LSTM_CNN model on the test set: 64.067956 %
Accuracy of the ParallelCNNLSTMModel model on the test set: 66.110999 %
#### TESTING TOTAL TIME: 3.544 ####
#### TIME #### TERMINO #### 27051.486 ####
#### FINITO #### TERMINO #### NO-VA-MAS ####
#### TIMES #### modelling TOTAL TOTAL ==>> 27051.486
#### #### READING DATA FILES #### ####
354 #### COMBI [reg, sid, ban, sec, men, med, sum, aci, mmm, hfq, hhh, aei] METRICS ####
('Plantation', '/home/vargas/repos/forests-sounds-vargas/out/data/extraction/Plantation/2_00_PSA0010-2010_dict_y_split_7_2512283_1736694580.pkl')
(297840, 12) Index(['reg', 'sid', 'ban', 'sec', 'men', 'med', 'sum', 'aci', 'mmm', 'hfq',
       'hhh'],
      dtype='object') Index(['sid', 'ban', 'sec', 'men', 'med', 'sum', 'aci', 'mmm', 'hfq', 'hhh',
       'aei'],
      dtype='object')
#### MERGE 68 merge_data Dataframe shape: (297840, 12) #### time: 38
#### #### SPLIT TRAIN TEST #### ####
#### CLASSES: [0 1 2 3] TOTAL 4
#### SPLIT train_test_split and CUDA: ??? cuda:0 #### time: 34
#### MODELS - TOTAL 3 ####
#### EPOCHS 1 ####
#### TRAINING MODELS ####
#### TRAINING MODEL CNN_LSTM ####
#### TRAINED MODEL CNN_LSTM model training time: 6.806 total training time: 6.818 ####
#### TRAINING MODEL LSTM_CNN ####
#### TRAINED MODEL LSTM_CNN model training time: 7.693 total training time: 14.511 ####
#### TRAINING MODEL ParallelCNNLSTMModel ####
#### TRAINED MODEL ParallelCNNLSTMModel model training time: 7.864 total training time: 22.375 ####
#### TRAINING TOTAL TIME: 22.364 ####
Accuracy of the CNN_LSTM model on the test set: 63.678485 %
Accuracy of the LSTM_CNN model on the test set: 61.46253 %
Accuracy of the ParallelCNNLSTMModel model on the test set: 65.026524 %
#### TESTING TOTAL TIME: 3.684 ####
#### TIME #### TERMINO #### 27124.714 ####
#### FINITO #### TERMINO #### NO-VA-MAS ####
#### TIMES #### modelling TOTAL TOTAL ==>> 27124.714
#### #### READING DATA FILES #### ####
355 #### COMBI [reg, sid, ban, sec, men, med, sum, aci, mmm, htp, hhh, aei] METRICS ####
('Plantation', '/home/vargas/repos/forests-sounds-vargas/out/data/extraction/Plantation/2_00_PSA0010-2010_dict_y_split_7_2512283_1736694580.pkl')
(297840, 12) Index(['reg', 'sid', 'ban', 'sec', 'men', 'med', 'sum', 'aci', 'mmm', 'htp',
       'hhh'],
      dtype='object') Index(['sid', 'ban', 'sec', 'men', 'med', 'sum', 'aci', 'mmm', 'htp', 'hhh',
       'aei'],
      dtype='object')
#### MERGE 68 merge_data Dataframe shape: (297840, 12) #### time: 38
#### #### SPLIT TRAIN TEST #### ####
#### CLASSES: [0 1 2 3] TOTAL 4
#### SPLIT train_test_split and CUDA: ??? cuda:0 #### time: 34
#### MODELS - TOTAL 3 ####
#### EPOCHS 1 ####
#### TRAINING MODELS ####
#### TRAINING MODEL CNN_LSTM ####
#### TRAINED MODEL CNN_LSTM model training time: 6.63 total training time: 6.641 ####
#### TRAINING MODEL LSTM_CNN ####
#### TRAINED MODEL LSTM_CNN model training time: 7.833 total training time: 14.475 ####
#### TRAINING MODEL ParallelCNNLSTMModel ####
#### TRAINED MODEL ParallelCNNLSTMModel model training time: 7.734 total training time: 22.209 ####
#### TRAINING TOTAL TIME: 22.198 ####
Accuracy of the CNN_LSTM model on the test set: 63.906796 %
Accuracy of the LSTM_CNN model on the test set: 64.083065 %
Accuracy of the ParallelCNNLSTMModel model on the test set: 63.60462 %
#### TESTING TOTAL TIME: 3.692 ####
#### TIME #### TERMINO #### 27197.887 ####
#### FINITO #### TERMINO #### NO-VA-MAS ####
#### TIMES #### modelling TOTAL TOTAL ==>> 27197.887
#### #### READING DATA FILES #### ####
356 #### COMBI [reg, sid, ban, sec, men, med, sum, aci, npp, hfq, htp, hhh] METRICS ####
('Plantation', '/home/vargas/repos/forests-sounds-vargas/out/data/extraction/Plantation/2_00_PSA0010-2010_dict_y_split_7_2512283_1736694580.pkl')
(297840, 12) Index(['reg', 'sid', 'ban', 'sec', 'men', 'med', 'sum', 'aci', 'npp', 'hfq',
       'htp'],
      dtype='object') Index(['sid', 'ban', 'sec', 'men', 'med', 'sum', 'aci', 'npp', 'hfq', 'htp',
       'hhh'],
      dtype='object')
#### MERGE 68 merge_data Dataframe shape: (297840, 12) #### time: 38
#### #### SPLIT TRAIN TEST #### ####
#### CLASSES: [0 1 2 3] TOTAL 4
#### SPLIT train_test_split and CUDA: ??? cuda:0 #### time: 35
#### MODELS - TOTAL 3 ####
#### EPOCHS 1 ####
#### TRAINING MODELS ####
#### TRAINING MODEL CNN_LSTM ####
#### TRAINED MODEL CNN_LSTM model training time: 6.786 total training time: 6.798 ####
#### TRAINING MODEL LSTM_CNN ####
#### TRAINED MODEL LSTM_CNN model training time: 7.661 total training time: 14.459 ####
#### TRAINING MODEL ParallelCNNLSTMModel ####
#### TRAINED MODEL ParallelCNNLSTMModel model training time: 7.861 total training time: 22.32 ####
#### TRAINING TOTAL TIME: 22.309 ####
Accuracy of the CNN_LSTM model on the test set: 81.577357 %
Accuracy of the LSTM_CNN model on the test set: 81.149275 %
Accuracy of the ParallelCNNLSTMModel model on the test set: 86.185536 %
#### TESTING TOTAL TIME: 3.547 ####
#### TIME #### TERMINO #### 27271.716 ####
#### FINITO #### TERMINO #### NO-VA-MAS ####
#### TIMES #### modelling TOTAL TOTAL ==>> 27271.716
#### #### READING DATA FILES #### ####
357 #### COMBI [reg, sid, ban, sec, men, med, sum, aci, npp, hfq, htp, aei] METRICS ####
('Plantation', '/home/vargas/repos/forests-sounds-vargas/out/data/extraction/Plantation/2_00_PSA0010-2010_dict_y_split_7_2512283_1736694580.pkl')
(297840, 12) Index(['reg', 'sid', 'ban', 'sec', 'men', 'med', 'sum', 'aci', 'npp', 'hfq',
       'htp'],
      dtype='object') Index(['sid', 'ban', 'sec', 'men', 'med', 'sum', 'aci', 'npp', 'hfq', 'htp',
       'aei'],
      dtype='object')
#### MERGE 68 merge_data Dataframe shape: (297840, 12) #### time: 38
#### #### SPLIT TRAIN TEST #### ####
#### CLASSES: [0 1 2 3] TOTAL 4
#### SPLIT train_test_split and CUDA: ??? cuda:0 #### time: 35
#### MODELS - TOTAL 3 ####
#### EPOCHS 1 ####
#### TRAINING MODELS ####
#### TRAINING MODEL CNN_LSTM ####
#### TRAINED MODEL CNN_LSTM model training time: 6.788 total training time: 6.799 ####
#### TRAINING MODEL LSTM_CNN ####
#### TRAINED MODEL LSTM_CNN model training time: 7.811 total training time: 14.61 ####
#### TRAINING MODEL ParallelCNNLSTMModel ####
#### TRAINED MODEL ParallelCNNLSTMModel model training time: 7.75 total training time: 22.36 ####
#### TRAINING TOTAL TIME: 22.349 ####
Accuracy of the CNN_LSTM model on the test set: 84.174389 %
Accuracy of the LSTM_CNN model on the test set: 64.234153 %
Accuracy of the ParallelCNNLSTMModel model on the test set: 86.264437 %
#### TESTING TOTAL TIME: 3.682 ####
#### TIME #### TERMINO #### 27345.589 ####
#### FINITO #### TERMINO #### NO-VA-MAS ####
#### TIMES #### modelling TOTAL TOTAL ==>> 27345.589
#### #### READING DATA FILES #### ####
358 #### COMBI [reg, sid, ban, sec, men, med, sum, aci, npp, hfq, hhh, aei] METRICS ####
('Plantation', '/home/vargas/repos/forests-sounds-vargas/out/data/extraction/Plantation/2_00_PSA0010-2010_dict_y_split_7_2512283_1736694580.pkl')
(297840, 12) Index(['reg', 'sid', 'ban', 'sec', 'men', 'med', 'sum', 'aci', 'npp', 'hfq',
       'hhh'],
      dtype='object') Index(['sid', 'ban', 'sec', 'men', 'med', 'sum', 'aci', 'npp', 'hfq', 'hhh',
       'aei'],
      dtype='object')
#### MERGE 68 merge_data Dataframe shape: (297840, 12) #### time: 39
#### #### SPLIT TRAIN TEST #### ####
#### CLASSES: [0 1 2 3] TOTAL 4
#### SPLIT train_test_split and CUDA: ??? cuda:0 #### time: 35
#### MODELS - TOTAL 3 ####
#### EPOCHS 1 ####
#### TRAINING MODELS ####
#### TRAINING MODEL CNN_LSTM ####
#### TRAINED MODEL CNN_LSTM model training time: 6.801 total training time: 6.813 ####
#### TRAINING MODEL LSTM_CNN ####
#### TRAINED MODEL LSTM_CNN model training time: 7.67 total training time: 14.483 ####
#### TRAINING MODEL ParallelCNNLSTMModel ####
#### TRAINED MODEL ParallelCNNLSTMModel model training time: 7.854 total training time: 22.337 ####
#### TRAINING TOTAL TIME: 22.326 ####
Accuracy of the CNN_LSTM model on the test set: 85.70877 %
Accuracy of the LSTM_CNN model on the test set: 68.820508 %
Accuracy of the ParallelCNNLSTMModel model on the test set: 86.729452 %
#### TESTING TOTAL TIME: 3.517 ####
#### TIME #### TERMINO #### 27420.31 ####
#### FINITO #### TERMINO #### NO-VA-MAS ####
#### TIMES #### modelling TOTAL TOTAL ==>> 27420.31
#### #### READING DATA FILES #### ####
359 #### COMBI [reg, sid, ban, sec, men, med, sum, aci, npp, htp, hhh, aei] METRICS ####
('Plantation', '/home/vargas/repos/forests-sounds-vargas/out/data/extraction/Plantation/2_00_PSA0010-2010_dict_y_split_7_2512283_1736694580.pkl')
(297840, 12) Index(['reg', 'sid', 'ban', 'sec', 'men', 'med', 'sum', 'aci', 'npp', 'htp',
       'hhh'],
      dtype='object') Index(['sid', 'ban', 'sec', 'men', 'med', 'sum', 'aci', 'npp', 'htp', 'hhh',
       'aei'],
      dtype='object')
#### MERGE 68 merge_data Dataframe shape: (297840, 12) #### time: 37
#### #### SPLIT TRAIN TEST #### ####
#### CLASSES: [0 1 2 3] TOTAL 4
#### SPLIT train_test_split and CUDA: ??? cuda:0 #### time: 35
#### MODELS - TOTAL 3 ####
#### EPOCHS 1 ####
#### TRAINING MODELS ####
#### TRAINING MODEL CNN_LSTM ####
#### TRAINED MODEL CNN_LSTM model training time: 6.744 total training time: 6.755 ####
#### TRAINING MODEL LSTM_CNN ####
#### TRAINED MODEL LSTM_CNN model training time: 7.782 total training time: 14.537 ####
#### TRAINING MODEL ParallelCNNLSTMModel ####
#### TRAINED MODEL ParallelCNNLSTMModel model training time: 7.721 total training time: 22.258 ####
#### TRAINING TOTAL TIME: 22.247 ####
Accuracy of the CNN_LSTM model on the test set: 85.807816 %
Accuracy of the LSTM_CNN model on the test set: 78.476699 %
Accuracy of the ParallelCNNLSTMModel model on the test set: 88.628122 %
#### TESTING TOTAL TIME: 3.669 ####
#### TIME #### TERMINO #### 27492.951 ####
#### FINITO #### TERMINO #### NO-VA-MAS ####
#### TIMES #### modelling TOTAL TOTAL ==>> 27492.951
#### #### READING DATA FILES #### ####
360 #### COMBI [reg, sid, ban, sec, men, med, sum, aci, hfq, htp, hhh, aei] METRICS ####
('Plantation', '/home/vargas/repos/forests-sounds-vargas/out/data/extraction/Plantation/2_00_PSA0010-2010_dict_y_split_7_2512283_1736694580.pkl')
(297840, 12) Index(['reg', 'sid', 'ban', 'sec', 'men', 'med', 'sum', 'aci', 'hfq', 'htp',
       'hhh'],
      dtype='object') Index(['sid', 'ban', 'sec', 'men', 'med', 'sum', 'aci', 'hfq', 'htp', 'hhh',
       'aei'],
      dtype='object')
#### MERGE 68 merge_data Dataframe shape: (297840, 12) #### time: 38
#### #### SPLIT TRAIN TEST #### ####
#### CLASSES: [0 1 2 3] TOTAL 4
#### SPLIT train_test_split and CUDA: ??? cuda:0 #### time: 35
#### MODELS - TOTAL 3 ####
#### EPOCHS 1 ####
#### TRAINING MODELS ####
#### TRAINING MODEL CNN_LSTM ####
#### TRAINED MODEL CNN_LSTM model training time: 6.655 total training time: 6.666 ####
#### TRAINING MODEL LSTM_CNN ####
#### TRAINED MODEL LSTM_CNN model training time: 7.829 total training time: 14.495 ####
#### TRAINING MODEL ParallelCNNLSTMModel ####
#### TRAINED MODEL ParallelCNNLSTMModel model training time: 7.888 total training time: 22.383 ####
#### TRAINING TOTAL TIME: 22.372 ####
Accuracy of the CNN_LSTM model on the test set: 60.901826 %
Accuracy of the LSTM_CNN model on the test set: 56.738517 %
Accuracy of the ParallelCNNLSTMModel model on the test set: 63.283978 %
#### TESTING TOTAL TIME: 3.552 ####
#### TIME #### TERMINO #### 27566.343 ####
#### FINITO #### TERMINO #### NO-VA-MAS ####
#### TIMES #### modelling TOTAL TOTAL ==>> 27566.343
#### #### READING DATA FILES #### ####
361 #### COMBI [reg, sid, ban, sec, men, med, sum, bet, mmm, npp, hfq, htp] METRICS ####
('Plantation', '/home/vargas/repos/forests-sounds-vargas/out/data/extraction/Plantation/2_00_PSA0010-2010_dict_y_split_7_2512283_1736694580.pkl')
(297840, 12) Index(['reg', 'sid', 'ban', 'sec', 'men', 'med', 'sum', 'bet', 'mmm', 'npp',
       'hfq'],
      dtype='object') Index(['sid', 'ban', 'sec', 'men', 'med', 'sum', 'bet', 'mmm', 'npp', 'hfq',
       'htp'],
      dtype='object')
#### MERGE 68 merge_data Dataframe shape: (297840, 12) #### time: 40
#### #### SPLIT TRAIN TEST #### ####
#### CLASSES: [0 1 2 3] TOTAL 4
#### SPLIT train_test_split and CUDA: ??? cuda:0 #### time: 35
#### MODELS - TOTAL 3 ####
#### EPOCHS 1 ####
#### TRAINING MODELS ####
#### TRAINING MODEL CNN_LSTM ####
#### TRAINED MODEL CNN_LSTM model training time: 6.791 total training time: 6.802 ####
#### TRAINING MODEL LSTM_CNN ####
#### TRAINED MODEL LSTM_CNN model training time: 7.681 total training time: 14.484 ####
#### TRAINING MODEL ParallelCNNLSTMModel ####
#### TRAINED MODEL ParallelCNNLSTMModel model training time: 7.9 total training time: 22.383 ####
#### TRAINING TOTAL TIME: 22.372 ####
Accuracy of the CNN_LSTM model on the test set: 91.884905 %
Accuracy of the LSTM_CNN model on the test set: 64.922442 %
Accuracy of the ParallelCNNLSTMModel model on the test set: 92.868654 %
#### TESTING TOTAL TIME: 3.679 ####
#### TIME #### TERMINO #### 27642.144 ####
#### FINITO #### TERMINO #### NO-VA-MAS ####
#### TIMES #### modelling TOTAL TOTAL ==>> 27642.144
#### #### READING DATA FILES #### ####
362 #### COMBI [reg, sid, ban, sec, men, med, sum, bet, mmm, npp, hfq, hhh] METRICS ####
('Plantation', '/home/vargas/repos/forests-sounds-vargas/out/data/extraction/Plantation/2_00_PSA0010-2010_dict_y_split_7_2512283_1736694580.pkl')
(297840, 12) Index(['reg', 'sid', 'ban', 'sec', 'men', 'med', 'sum', 'bet', 'mmm', 'npp',
       'hfq'],
      dtype='object') Index(['sid', 'ban', 'sec', 'men', 'med', 'sum', 'bet', 'mmm', 'npp', 'hfq',
       'hhh'],
      dtype='object')
#### MERGE 68 merge_data Dataframe shape: (297840, 12) #### time: 38
#### #### SPLIT TRAIN TEST #### ####
#### CLASSES: [0 1 2 3] TOTAL 4
#### SPLIT train_test_split and CUDA: ??? cuda:0 #### time: 35
#### MODELS - TOTAL 3 ####
#### EPOCHS 1 ####
#### TRAINING MODELS ####
#### TRAINING MODEL CNN_LSTM ####
#### TRAINED MODEL CNN_LSTM model training time: 6.652 total training time: 6.664 ####
#### TRAINING MODEL LSTM_CNN ####
#### TRAINED MODEL LSTM_CNN model training time: 7.827 total training time: 14.491 ####
#### TRAINING MODEL ParallelCNNLSTMModel ####
#### TRAINED MODEL ParallelCNNLSTMModel model training time: 7.866 total training time: 22.357 ####
#### TRAINING TOTAL TIME: 22.345 ####
Accuracy of the CNN_LSTM model on the test set: 88.342734 %
Accuracy of the LSTM_CNN model on the test set: 63.693594 %
Accuracy of the ParallelCNNLSTMModel model on the test set: 93.048281 %
#### TESTING TOTAL TIME: 3.551 ####
#### TIME #### TERMINO #### 27715.913 ####
#### FINITO #### TERMINO #### NO-VA-MAS ####
#### TIMES #### modelling TOTAL TOTAL ==>> 27715.913
#### #### READING DATA FILES #### ####
363 #### COMBI [reg, sid, ban, sec, men, med, sum, bet, mmm, npp, hfq, aei] METRICS ####
('Plantation', '/home/vargas/repos/forests-sounds-vargas/out/data/extraction/Plantation/2_00_PSA0010-2010_dict_y_split_7_2512283_1736694580.pkl')
(297840, 12) Index(['reg', 'sid', 'ban', 'sec', 'men', 'med', 'sum', 'bet', 'mmm', 'npp',
       'hfq'],
      dtype='object') Index(['sid', 'ban', 'sec', 'men', 'med', 'sum', 'bet', 'mmm', 'npp', 'hfq',
       'aei'],
      dtype='object')
#### MERGE 68 merge_data Dataframe shape: (297840, 12) #### time: 38
#### #### SPLIT TRAIN TEST #### ####
#### CLASSES: [0 1 2 3] TOTAL 4
#### SPLIT train_test_split and CUDA: ??? cuda:0 #### time: 35
#### MODELS - TOTAL 3 ####
#### EPOCHS 1 ####
#### TRAINING MODELS ####
#### TRAINING MODEL CNN_LSTM ####
#### TRAINED MODEL CNN_LSTM model training time: 6.808 total training time: 6.82 ####
#### TRAINING MODEL LSTM_CNN ####
#### TRAINED MODEL LSTM_CNN model training time: 7.669 total training time: 14.489 ####
#### TRAINING MODEL ParallelCNNLSTMModel ####
#### TRAINED MODEL ParallelCNNLSTMModel model training time: 7.85 total training time: 22.339 ####
#### TRAINING TOTAL TIME: 22.327 ####
Accuracy of the CNN_LSTM model on the test set: 89.326484 %
Accuracy of the LSTM_CNN model on the test set: 86.01766 %
Accuracy of the ParallelCNNLSTMModel model on the test set: 92.710851 %
#### TESTING TOTAL TIME: 3.562 ####
#### TIME #### TERMINO #### 27789.315 ####
#### FINITO #### TERMINO #### NO-VA-MAS ####
#### TIMES #### modelling TOTAL TOTAL ==>> 27789.315
#### #### READING DATA FILES #### ####
364 #### COMBI [reg, sid, ban, sec, men, med, sum, bet, mmm, npp, htp, hhh] METRICS ####
('Plantation', '/home/vargas/repos/forests-sounds-vargas/out/data/extraction/Plantation/2_00_PSA0010-2010_dict_y_split_7_2512283_1736694580.pkl')
(297840, 12) Index(['reg', 'sid', 'ban', 'sec', 'men', 'med', 'sum', 'bet', 'mmm', 'npp',
       'htp'],
      dtype='object') Index(['sid', 'ban', 'sec', 'men', 'med', 'sum', 'bet', 'mmm', 'npp', 'htp',
       'hhh'],
      dtype='object')
#### MERGE 68 merge_data Dataframe shape: (297840, 12) #### time: 39
#### #### SPLIT TRAIN TEST #### ####
#### CLASSES: [0 1 2 3] TOTAL 4
#### SPLIT train_test_split and CUDA: ??? cuda:0 #### time: 35
#### MODELS - TOTAL 3 ####
#### EPOCHS 1 ####
#### TRAINING MODELS ####
#### TRAINING MODEL CNN_LSTM ####
#### TRAINED MODEL CNN_LSTM model training time: 6.59 total training time: 6.605 ####
#### TRAINING MODEL LSTM_CNN ####
#### TRAINED MODEL LSTM_CNN model training time: 7.789 total training time: 14.394 ####
#### TRAINING MODEL ParallelCNNLSTMModel ####
#### TRAINED MODEL ParallelCNNLSTMModel model training time: 7.674 total training time: 22.068 ####
#### TRAINING TOTAL TIME: 22.053 ####
Accuracy of the CNN_LSTM model on the test set: 84.934864 %
Accuracy of the LSTM_CNN model on the test set: 61.714343 %
Accuracy of the ParallelCNNLSTMModel model on the test set: 93.054996 %
#### TESTING TOTAL TIME: 3.66 ####
#### TIME #### TERMINO #### 27863.765 ####
#### FINITO #### TERMINO #### NO-VA-MAS ####
#### TIMES #### modelling TOTAL TOTAL ==>> 27863.765
#### #### READING DATA FILES #### ####
365 #### COMBI [reg, sid, ban, sec, men, med, sum, bet, mmm, npp, htp, aei] METRICS ####
('Plantation', '/home/vargas/repos/forests-sounds-vargas/out/data/extraction/Plantation/2_00_PSA0010-2010_dict_y_split_7_2512283_1736694580.pkl')
(297840, 12) Index(['reg', 'sid', 'ban', 'sec', 'men', 'med', 'sum', 'bet', 'mmm', 'npp',
       'htp'],
      dtype='object') Index(['sid', 'ban', 'sec', 'men', 'med', 'sum', 'bet', 'mmm', 'npp', 'htp',
       'aei'],
      dtype='object')
#### MERGE 68 merge_data Dataframe shape: (297840, 12) #### time: 38
#### #### SPLIT TRAIN TEST #### ####
#### CLASSES: [0 1 2 3] TOTAL 4
#### SPLIT train_test_split and CUDA: ??? cuda:0 #### time: 34
#### MODELS - TOTAL 3 ####
#### EPOCHS 1 ####
#### TRAINING MODELS ####
#### TRAINING MODEL CNN_LSTM ####
#### TRAINED MODEL CNN_LSTM model training time: 6.726 total training time: 6.737 ####
#### TRAINING MODEL LSTM_CNN ####
#### TRAINED MODEL LSTM_CNN model training time: 7.628 total training time: 14.365 ####
#### TRAINING MODEL ParallelCNNLSTMModel ####
#### TRAINED MODEL ParallelCNNLSTMModel model training time: 7.816 total training time: 22.181 ####
#### TRAINING TOTAL TIME: 22.17 ####
Accuracy of the CNN_LSTM model on the test set: 93.194333 %
Accuracy of the LSTM_CNN model on the test set: 88.060704 %
Accuracy of the ParallelCNNLSTMModel model on the test set: 93.281628 %
#### TESTING TOTAL TIME: 3.531 ####
#### TIME #### TERMINO #### 27937.17 ####
#### FINITO #### TERMINO #### NO-VA-MAS ####
#### TIMES #### modelling TOTAL TOTAL ==>> 27937.17
#### #### READING DATA FILES #### ####
366 #### COMBI [reg, sid, ban, sec, men, med, sum, bet, mmm, npp, hhh, aei] METRICS ####
('Plantation', '/home/vargas/repos/forests-sounds-vargas/out/data/extraction/Plantation/2_00_PSA0010-2010_dict_y_split_7_2512283_1736694580.pkl')
(297840, 12) Index(['reg', 'sid', 'ban', 'sec', 'men', 'med', 'sum', 'bet', 'mmm', 'npp',
       'hhh'],
      dtype='object') Index(['sid', 'ban', 'sec', 'men', 'med', 'sum', 'bet', 'mmm', 'npp', 'hhh',
       'aei'],
      dtype='object')
#### MERGE 68 merge_data Dataframe shape: (297840, 12) #### time: 38
#### #### SPLIT TRAIN TEST #### ####
#### CLASSES: [0 1 2 3] TOTAL 4
#### SPLIT train_test_split and CUDA: ??? cuda:0 #### time: 35
#### MODELS - TOTAL 3 ####
#### EPOCHS 1 ####
#### TRAINING MODELS ####
#### TRAINING MODEL CNN_LSTM ####
#### TRAINED MODEL CNN_LSTM model training time: 6.74 total training time: 6.751 ####
#### TRAINING MODEL LSTM_CNN ####
#### TRAINED MODEL LSTM_CNN model training time: 7.787 total training time: 14.538 ####
#### TRAINING MODEL ParallelCNNLSTMModel ####
#### TRAINED MODEL ParallelCNNLSTMModel model training time: 7.667 total training time: 22.205 ####
#### TRAINING TOTAL TIME: 22.194 ####
Accuracy of the CNN_LSTM model on the test set: 86.281225 %
Accuracy of the LSTM_CNN model on the test set: 62.51343 %
Accuracy of the ParallelCNNLSTMModel model on the test set: 92.380137 %
#### TESTING TOTAL TIME: 3.661 ####
#### TIME #### TERMINO #### 28011.204 ####
#### FINITO #### TERMINO #### NO-VA-MAS ####
#### TIMES #### modelling TOTAL TOTAL ==>> 28011.204
#### #### READING DATA FILES #### ####
367 #### COMBI [reg, sid, ban, sec, men, med, sum, bet, mmm, hfq, htp, hhh] METRICS ####
('Plantation', '/home/vargas/repos/forests-sounds-vargas/out/data/extraction/Plantation/2_00_PSA0010-2010_dict_y_split_7_2512283_1736694580.pkl')
(297840, 12) Index(['reg', 'sid', 'ban', 'sec', 'men', 'med', 'sum', 'bet', 'mmm', 'hfq',
       'htp'],
      dtype='object') Index(['sid', 'ban', 'sec', 'men', 'med', 'sum', 'bet', 'mmm', 'hfq', 'htp',
       'hhh'],
      dtype='object')
#### MERGE 68 merge_data Dataframe shape: (297840, 12) #### time: 38
#### #### SPLIT TRAIN TEST #### ####
#### CLASSES: [0 1 2 3] TOTAL 4
#### SPLIT train_test_split and CUDA: ??? cuda:0 #### time: 35
#### MODELS - TOTAL 3 ####
#### EPOCHS 1 ####
#### TRAINING MODELS ####
#### TRAINING MODEL CNN_LSTM ####
#### TRAINED MODEL CNN_LSTM model training time: 6.577 total training time: 6.588 ####
#### TRAINING MODEL LSTM_CNN ####
#### TRAINED MODEL LSTM_CNN model training time: 7.787 total training time: 14.375 ####
#### TRAINING MODEL ParallelCNNLSTMModel ####
#### TRAINED MODEL ParallelCNNLSTMModel model training time: 7.815 total training time: 22.191 ####
#### TRAINING TOTAL TIME: 22.179 ####
Accuracy of the CNN_LSTM model on the test set: 78.439766 %
Accuracy of the LSTM_CNN model on the test set: 56.221461 %
Accuracy of the ParallelCNNLSTMModel model on the test set: 76.614961 %
#### TESTING TOTAL TIME: 3.511 ####
#### TIME #### TERMINO #### 28085.084 ####
#### FINITO #### TERMINO #### NO-VA-MAS ####
#### TIMES #### modelling TOTAL TOTAL ==>> 28085.084
#### #### READING DATA FILES #### ####
368 #### COMBI [reg, sid, ban, sec, men, med, sum, bet, mmm, hfq, htp, aei] METRICS ####
('Plantation', '/home/vargas/repos/forests-sounds-vargas/out/data/extraction/Plantation/2_00_PSA0010-2010_dict_y_split_7_2512283_1736694580.pkl')
(297840, 12) Index(['reg', 'sid', 'ban', 'sec', 'men', 'med', 'sum', 'bet', 'mmm', 'hfq',
       'htp'],
      dtype='object') Index(['sid', 'ban', 'sec', 'men', 'med', 'sum', 'bet', 'mmm', 'hfq', 'htp',
       'aei'],
      dtype='object')
#### MERGE 68 merge_data Dataframe shape: (297840, 12) #### time: 38
#### #### SPLIT TRAIN TEST #### ####
#### CLASSES: [0 1 2 3] TOTAL 4
#### SPLIT train_test_split and CUDA: ??? cuda:0 #### time: 35
#### MODELS - TOTAL 3 ####
#### EPOCHS 1 ####
#### TRAINING MODELS ####
#### TRAINING MODEL CNN_LSTM ####
#### TRAINED MODEL CNN_LSTM model training time: 6.725 total training time: 6.736 ####
#### TRAINING MODEL LSTM_CNN ####
#### TRAINED MODEL LSTM_CNN model training time: 7.784 total training time: 14.519 ####
#### TRAINING MODEL ParallelCNNLSTMModel ####
#### TRAINED MODEL ParallelCNNLSTMModel model training time: 7.658 total training time: 22.178 ####
#### TRAINING TOTAL TIME: 22.167 ####
Accuracy of the CNN_LSTM model on the test set: 76.044185 %
Accuracy of the LSTM_CNN model on the test set: 57.440236 %
Accuracy of the ParallelCNNLSTMModel model on the test set: 76.92553 %
#### TESTING TOTAL TIME: 3.653 ####
#### TIME #### TERMINO #### 28159.21 ####
#### FINITO #### TERMINO #### NO-VA-MAS ####
#### TIMES #### modelling TOTAL TOTAL ==>> 28159.21
#### #### READING DATA FILES #### ####
369 #### COMBI [reg, sid, ban, sec, men, med, sum, bet, mmm, hfq, hhh, aei] METRICS ####
('Plantation', '/home/vargas/repos/forests-sounds-vargas/out/data/extraction/Plantation/2_00_PSA0010-2010_dict_y_split_7_2512283_1736694580.pkl')
(297840, 12) Index(['reg', 'sid', 'ban', 'sec', 'men', 'med', 'sum', 'bet', 'mmm', 'hfq',
       'hhh'],
      dtype='object') Index(['sid', 'ban', 'sec', 'men', 'med', 'sum', 'bet', 'mmm', 'hfq', 'hhh',
       'aei'],
      dtype='object')
#### MERGE 68 merge_data Dataframe shape: (297840, 12) #### time: 38
#### #### SPLIT TRAIN TEST #### ####
#### CLASSES: [0 1 2 3] TOTAL 4
#### SPLIT train_test_split and CUDA: ??? cuda:0 #### time: 35
#### MODELS - TOTAL 3 ####
#### EPOCHS 1 ####
#### TRAINING MODELS ####
#### TRAINING MODEL CNN_LSTM ####
#### TRAINED MODEL CNN_LSTM model training time: 6.57 total training time: 6.581 ####
#### TRAINING MODEL LSTM_CNN ####
#### TRAINED MODEL LSTM_CNN model training time: 7.774 total training time: 14.355 ####
#### TRAINING MODEL ParallelCNNLSTMModel ####
#### TRAINED MODEL ParallelCNNLSTMModel model training time: 7.805 total training time: 22.16 ####
#### TRAINING TOTAL TIME: 22.149 ####
Accuracy of the CNN_LSTM model on the test set: 77.43755 %
Accuracy of the LSTM_CNN model on the test set: 57.535925 %
Accuracy of the ParallelCNNLSTMModel model on the test set: 78.8796 %
#### TESTING TOTAL TIME: 3.516 ####
#### TIME #### TERMINO #### 28232.994 ####
#### FINITO #### TERMINO #### NO-VA-MAS ####
#### TIMES #### modelling TOTAL TOTAL ==>> 28232.994
#### #### READING DATA FILES #### ####
370 #### COMBI [reg, sid, ban, sec, men, med, sum, bet, mmm, htp, hhh, aei] METRICS ####
('Plantation', '/home/vargas/repos/forests-sounds-vargas/out/data/extraction/Plantation/2_00_PSA0010-2010_dict_y_split_7_2512283_1736694580.pkl')
(297840, 12) Index(['reg', 'sid', 'ban', 'sec', 'men', 'med', 'sum', 'bet', 'mmm', 'htp',
       'hhh'],
      dtype='object') Index(['sid', 'ban', 'sec', 'men', 'med', 'sum', 'bet', 'mmm', 'htp', 'hhh',
       'aei'],
      dtype='object')
#### MERGE 68 merge_data Dataframe shape: (297840, 12) #### time: 37
#### #### SPLIT TRAIN TEST #### ####
#### CLASSES: [0 1 2 3] TOTAL 4
#### SPLIT train_test_split and CUDA: ??? cuda:0 #### time: 35
#### MODELS - TOTAL 3 ####
#### EPOCHS 1 ####
#### TRAINING MODELS ####
#### TRAINING MODEL CNN_LSTM ####
#### TRAINED MODEL CNN_LSTM model training time: 6.734 total training time: 6.746 ####
#### TRAINING MODEL LSTM_CNN ####
#### TRAINED MODEL LSTM_CNN model training time: 7.619 total training time: 14.365 ####
#### TRAINING MODEL ParallelCNNLSTMModel ####
#### TRAINED MODEL ParallelCNNLSTMModel model training time: 7.828 total training time: 22.193 ####
#### TRAINING TOTAL TIME: 22.182 ####
Accuracy of the CNN_LSTM model on the test set: 78.503559 %
Accuracy of the LSTM_CNN model on the test set: 57.312651 %
Accuracy of the ParallelCNNLSTMModel model on the test set: 79.099517 %
#### TESTING TOTAL TIME: 3.658 ####
#### TIME #### TERMINO #### 28306.253 ####
#### FINITO #### TERMINO #### NO-VA-MAS ####
#### TIMES #### modelling TOTAL TOTAL ==>> 28306.253
#### #### READING DATA FILES #### ####
371 #### COMBI [reg, sid, ban, sec, men, med, sum, bet, npp, hfq, htp, hhh] METRICS ####
('Plantation', '/home/vargas/repos/forests-sounds-vargas/out/data/extraction/Plantation/2_00_PSA0010-2010_dict_y_split_7_2512283_1736694580.pkl')
(297840, 12) Index(['reg', 'sid', 'ban', 'sec', 'men', 'med', 'sum', 'bet', 'npp', 'hfq',
       'htp'],
      dtype='object') Index(['sid', 'ban', 'sec', 'men', 'med', 'sum', 'bet', 'npp', 'hfq', 'htp',
       'hhh'],
      dtype='object')
#### MERGE 68 merge_data Dataframe shape: (297840, 12) #### time: 38
#### #### SPLIT TRAIN TEST #### ####
#### CLASSES: [0 1 2 3] TOTAL 4
#### SPLIT train_test_split and CUDA: ??? cuda:0 #### time: 34
#### MODELS - TOTAL 3 ####
#### EPOCHS 1 ####
#### TRAINING MODELS ####
#### TRAINING MODEL CNN_LSTM ####
#### TRAINED MODEL CNN_LSTM model training time: 6.583 total training time: 6.594 ####
#### TRAINING MODEL LSTM_CNN ####
#### TRAINED MODEL LSTM_CNN model training time: 7.799 total training time: 14.393 ####
#### TRAINING MODEL ParallelCNNLSTMModel ####
#### TRAINED MODEL ParallelCNNLSTMModel model training time: 7.656 total training time: 22.049 ####
#### TRAINING TOTAL TIME: 22.038 ####
Accuracy of the CNN_LSTM model on the test set: 87.619192 %
Accuracy of the LSTM_CNN model on the test set: 84.639404 %
Accuracy of the ParallelCNNLSTMModel model on the test set: 92.880406 %
#### TESTING TOTAL TIME: 3.652 ####
#### TIME #### TERMINO #### 28379.693 ####
#### FINITO #### TERMINO #### NO-VA-MAS ####
#### TIMES #### modelling TOTAL TOTAL ==>> 28379.693
#### #### READING DATA FILES #### ####
372 #### COMBI [reg, sid, ban, sec, men, med, sum, bet, npp, hfq, htp, aei] METRICS ####
('Plantation', '/home/vargas/repos/forests-sounds-vargas/out/data/extraction/Plantation/2_00_PSA0010-2010_dict_y_split_7_2512283_1736694580.pkl')
(297840, 12) Index(['reg', 'sid', 'ban', 'sec', 'men', 'med', 'sum', 'bet', 'npp', 'hfq',
       'htp'],
      dtype='object') Index(['sid', 'ban', 'sec', 'men', 'med', 'sum', 'bet', 'npp', 'hfq', 'htp',
       'aei'],
      dtype='object')
#### MERGE 68 merge_data Dataframe shape: (297840, 12) #### time: 38
#### #### SPLIT TRAIN TEST #### ####
#### CLASSES: [0 1 2 3] TOTAL 4
#### SPLIT train_test_split and CUDA: ??? cuda:0 #### time: 35
#### MODELS - TOTAL 3 ####
#### EPOCHS 1 ####
#### TRAINING MODELS ####
#### TRAINING MODEL CNN_LSTM ####
#### TRAINED MODEL CNN_LSTM model training time: 6.706 total training time: 6.718 ####
#### TRAINING MODEL LSTM_CNN ####
#### TRAINED MODEL LSTM_CNN model training time: 7.61 total training time: 14.328 ####
#### TRAINING MODEL ParallelCNNLSTMModel ####
#### TRAINED MODEL ParallelCNNLSTMModel model training time: 7.812 total training time: 22.14 ####
#### TRAINING TOTAL TIME: 22.129 ####
Accuracy of the CNN_LSTM model on the test set: 91.760677 %
Accuracy of the LSTM_CNN model on the test set: 60.769205 %
Accuracy of the ParallelCNNLSTMModel model on the test set: 92.613484 %
#### TESTING TOTAL TIME: 3.517 ####
#### TIME #### TERMINO #### 28453.719 ####
#### FINITO #### TERMINO #### NO-VA-MAS ####
#### TIMES #### modelling TOTAL TOTAL ==>> 28453.719
#### #### READING DATA FILES #### ####
373 #### COMBI [reg, sid, ban, sec, men, med, sum, bet, npp, hfq, hhh, aei] METRICS ####
('Plantation', '/home/vargas/repos/forests-sounds-vargas/out/data/extraction/Plantation/2_00_PSA0010-2010_dict_y_split_7_2512283_1736694580.pkl')
(297840, 12) Index(['reg', 'sid', 'ban', 'sec', 'men', 'med', 'sum', 'bet', 'npp', 'hfq',
       'hhh'],
      dtype='object') Index(['sid', 'ban', 'sec', 'men', 'med', 'sum', 'bet', 'npp', 'hfq', 'hhh',
       'aei'],
      dtype='object')
#### MERGE 68 merge_data Dataframe shape: (297840, 12) #### time: 38
#### #### SPLIT TRAIN TEST #### ####
#### CLASSES: [0 1 2 3] TOTAL 4
#### SPLIT train_test_split and CUDA: ??? cuda:0 #### time: 35
#### MODELS - TOTAL 3 ####
#### EPOCHS 1 ####
#### TRAINING MODELS ####
#### TRAINING MODEL CNN_LSTM ####
#### TRAINED MODEL CNN_LSTM model training time: 6.751 total training time: 6.763 ####
#### TRAINING MODEL LSTM_CNN ####
#### TRAINED MODEL LSTM_CNN model training time: 7.749 total training time: 14.511 ####
#### TRAINING MODEL ParallelCNNLSTMModel ####
#### TRAINED MODEL ParallelCNNLSTMModel model training time: 7.669 total training time: 22.18 ####
#### TRAINING TOTAL TIME: 22.169 ####
Accuracy of the CNN_LSTM model on the test set: 92.460717 %
Accuracy of the LSTM_CNN model on the test set: 61.563255 %
Accuracy of the ParallelCNNLSTMModel model on the test set: 92.744427 %
#### TESTING TOTAL TIME: 3.672 ####
#### TIME #### TERMINO #### 28528.054 ####
#### FINITO #### TERMINO #### NO-VA-MAS ####
#### TIMES #### modelling TOTAL TOTAL ==>> 28528.055
#### #### READING DATA FILES #### ####
374 #### COMBI [reg, sid, ban, sec, men, med, sum, bet, npp, htp, hhh, aei] METRICS ####
('Plantation', '/home/vargas/repos/forests-sounds-vargas/out/data/extraction/Plantation/2_00_PSA0010-2010_dict_y_split_7_2512283_1736694580.pkl')
(297840, 12) Index(['reg', 'sid', 'ban', 'sec', 'men', 'med', 'sum', 'bet', 'npp', 'htp',
       'hhh'],
      dtype='object') Index(['sid', 'ban', 'sec', 'men', 'med', 'sum', 'bet', 'npp', 'htp', 'hhh',
       'aei'],
      dtype='object')
#### MERGE 68 merge_data Dataframe shape: (297840, 12) #### time: 39
#### #### SPLIT TRAIN TEST #### ####
#### CLASSES: [0 1 2 3] TOTAL 4
#### SPLIT train_test_split and CUDA: ??? cuda:0 #### time: 35
#### MODELS - TOTAL 3 ####
#### EPOCHS 1 ####
#### TRAINING MODELS ####
#### TRAINING MODEL CNN_LSTM ####
#### TRAINED MODEL CNN_LSTM model training time: 6.658 total training time: 6.67 ####
#### TRAINING MODEL LSTM_CNN ####
#### TRAINED MODEL LSTM_CNN model training time: 7.577 total training time: 14.247 ####
#### TRAINING MODEL ParallelCNNLSTMModel ####
#### TRAINED MODEL ParallelCNNLSTMModel model training time: 8.014 total training time: 22.261 ####
#### TRAINING TOTAL TIME: 22.25 ####
Accuracy of the CNN_LSTM model on the test set: 93.273234 %
Accuracy of the LSTM_CNN model on the test set: 84.218037 %
Accuracy of the ParallelCNNLSTMModel model on the test set: 92.405318 %
#### TESTING TOTAL TIME: 3.525 ####
#### TIME #### TERMINO #### 28602.531 ####
#### FINITO #### TERMINO #### NO-VA-MAS ####
#### TIMES #### modelling TOTAL TOTAL ==>> 28602.531
#### #### READING DATA FILES #### ####
375 #### COMBI [reg, sid, ban, sec, men, med, sum, bet, hfq, htp, hhh, aei] METRICS ####
('Plantation', '/home/vargas/repos/forests-sounds-vargas/out/data/extraction/Plantation/2_00_PSA0010-2010_dict_y_split_7_2512283_1736694580.pkl')
(297840, 12) Index(['reg', 'sid', 'ban', 'sec', 'men', 'med', 'sum', 'bet', 'hfq', 'htp',
       'hhh'],
      dtype='object') Index(['sid', 'ban', 'sec', 'men', 'med', 'sum', 'bet', 'hfq', 'htp', 'hhh',
       'aei'],
      dtype='object')
#### MERGE 68 merge_data Dataframe shape: (297840, 12) #### time: 40
#### #### SPLIT TRAIN TEST #### ####
#### CLASSES: [0 1 2 3] TOTAL 4
#### SPLIT train_test_split and CUDA: ??? cuda:0 #### time: 34
#### MODELS - TOTAL 3 ####
#### EPOCHS 1 ####
#### TRAINING MODELS ####
#### TRAINING MODEL CNN_LSTM ####
#### TRAINED MODEL CNN_LSTM model training time: 6.758 total training time: 6.77 ####
#### TRAINING MODEL LSTM_CNN ####
#### TRAINED MODEL LSTM_CNN model training time: 7.78 total training time: 14.549 ####
#### TRAINING MODEL ParallelCNNLSTMModel ####
#### TRAINED MODEL ParallelCNNLSTMModel model training time: 7.702 total training time: 22.251 ####
#### TRAINING TOTAL TIME: 22.24 ####
Accuracy of the CNN_LSTM model on the test set: 79.017258 %
Accuracy of the LSTM_CNN model on the test set: 57.295864 %
Accuracy of the ParallelCNNLSTMModel model on the test set: 77.597032 %
#### TESTING TOTAL TIME: 3.665 ####
#### TIME #### TERMINO #### 28678.386 ####
#### FINITO #### TERMINO #### NO-VA-MAS ####
#### TIMES #### modelling TOTAL TOTAL ==>> 28678.386
#### #### READING DATA FILES #### ####
376 #### COMBI [reg, sid, ban, sec, men, med, sum, mmm, npp, hfq, htp, hhh] METRICS ####
('Plantation', '/home/vargas/repos/forests-sounds-vargas/out/data/extraction/Plantation/2_00_PSA0010-2010_dict_y_split_7_2512283_1736694580.pkl')
(297840, 12) Index(['reg', 'sid', 'ban', 'sec', 'men', 'med', 'sum', 'mmm', 'npp', 'hfq',
       'htp'],
      dtype='object') Index(['sid', 'ban', 'sec', 'men', 'med', 'sum', 'mmm', 'npp', 'hfq', 'htp',
       'hhh'],
      dtype='object')
#### MERGE 68 merge_data Dataframe shape: (297840, 12) #### time: 40
#### #### SPLIT TRAIN TEST #### ####
#### CLASSES: [0 1 2 3] TOTAL 4
#### SPLIT train_test_split and CUDA: ??? cuda:0 #### time: 35
#### MODELS - TOTAL 3 ####
#### EPOCHS 1 ####
#### TRAINING MODELS ####
#### TRAINING MODEL CNN_LSTM ####
#### TRAINED MODEL CNN_LSTM model training time: 6.596 total training time: 6.607 ####
#### TRAINING MODEL LSTM_CNN ####
#### TRAINED MODEL LSTM_CNN model training time: 7.77 total training time: 14.377 ####
#### TRAINING MODEL ParallelCNNLSTMModel ####
#### TRAINED MODEL ParallelCNNLSTMModel model training time: 7.746 total training time: 22.123 ####
#### TRAINING TOTAL TIME: 22.112 ####
Accuracy of the CNN_LSTM model on the test set: 91.268802 %
Accuracy of the LSTM_CNN model on the test set: 77.991539 %
Accuracy of the ParallelCNNLSTMModel model on the test set: 91.347703 %
#### TESTING TOTAL TIME: 3.524 ####
#### TIME #### TERMINO #### 28753.308 ####
#### FINITO #### TERMINO #### NO-VA-MAS ####
#### TIMES #### modelling TOTAL TOTAL ==>> 28753.308
#### #### READING DATA FILES #### ####
377 #### COMBI [reg, sid, ban, sec, men, med, sum, mmm, npp, hfq, htp, aei] METRICS ####
('Plantation', '/home/vargas/repos/forests-sounds-vargas/out/data/extraction/Plantation/2_00_PSA0010-2010_dict_y_split_7_2512283_1736694580.pkl')
(297840, 12) Index(['reg', 'sid', 'ban', 'sec', 'men', 'med', 'sum', 'mmm', 'npp', 'hfq',
       'htp'],
      dtype='object') Index(['sid', 'ban', 'sec', 'men', 'med', 'sum', 'mmm', 'npp', 'hfq', 'htp',
       'aei'],
      dtype='object')
#### MERGE 68 merge_data Dataframe shape: (297840, 12) #### time: 39
#### #### SPLIT TRAIN TEST #### ####
#### CLASSES: [0 1 2 3] TOTAL 4
#### SPLIT train_test_split and CUDA: ??? cuda:0 #### time: 34
#### MODELS - TOTAL 3 ####
#### EPOCHS 1 ####
#### TRAINING MODELS ####
#### TRAINING MODEL CNN_LSTM ####
#### TRAINED MODEL CNN_LSTM model training time: 6.698 total training time: 6.709 ####
#### TRAINING MODEL LSTM_CNN ####
#### TRAINED MODEL LSTM_CNN model training time: 7.629 total training time: 14.338 ####
#### TRAINING MODEL ParallelCNNLSTMModel ####
#### TRAINED MODEL ParallelCNNLSTMModel model training time: 7.826 total training time: 22.165 ####
#### TRAINING TOTAL TIME: 22.153 ####
Accuracy of the CNN_LSTM model on the test set: 91.178149 %
Accuracy of the LSTM_CNN model on the test set: 86.170427 %
Accuracy of the ParallelCNNLSTMModel model on the test set: 91.510543 %
#### TESTING TOTAL TIME: 3.674 ####
#### TIME #### TERMINO #### 28827.552 ####
#### FINITO #### TERMINO #### NO-VA-MAS ####
#### TIMES #### modelling TOTAL TOTAL ==>> 28827.552
#### #### READING DATA FILES #### ####
378 #### COMBI [reg, sid, ban, sec, men, med, sum, mmm, npp, hfq, hhh, aei] METRICS ####
('Plantation', '/home/vargas/repos/forests-sounds-vargas/out/data/extraction/Plantation/2_00_PSA0010-2010_dict_y_split_7_2512283_1736694580.pkl')
(297840, 12) Index(['reg', 'sid', 'ban', 'sec', 'men', 'med', 'sum', 'mmm', 'npp', 'hfq',
       'hhh'],
      dtype='object') Index(['sid', 'ban', 'sec', 'men', 'med', 'sum', 'mmm', 'npp', 'hfq', 'hhh',
       'aei'],
      dtype='object')
#### MERGE 68 merge_data Dataframe shape: (297840, 12) #### time: 39
#### #### SPLIT TRAIN TEST #### ####
#### CLASSES: [0 1 2 3] TOTAL 4
#### SPLIT train_test_split and CUDA: ??? cuda:0 #### time: 35
#### MODELS - TOTAL 3 ####
#### EPOCHS 1 ####
#### TRAINING MODELS ####
#### TRAINING MODEL CNN_LSTM ####
#### TRAINED MODEL CNN_LSTM model training time: 6.508 total training time: 6.519 ####
#### TRAINING MODEL LSTM_CNN ####
#### TRAINED MODEL LSTM_CNN model training time: 7.701 total training time: 14.22 ####
#### TRAINING MODEL ParallelCNNLSTMModel ####
#### TRAINED MODEL ParallelCNNLSTMModel model training time: 7.81 total training time: 22.03 ####
#### TRAINING TOTAL TIME: 22.019 ####
Accuracy of the CNN_LSTM model on the test set: 86.816747 %
Accuracy of the LSTM_CNN model on the test set: 83.773167 %
Accuracy of the ParallelCNNLSTMModel model on the test set: 90.444534 %
#### TESTING TOTAL TIME: 3.556 ####
#### TIME #### TERMINO #### 28901.789 ####
#### FINITO #### TERMINO #### NO-VA-MAS ####
#### TIMES #### modelling TOTAL TOTAL ==>> 28901.789
#### #### READING DATA FILES #### ####
379 #### COMBI [reg, sid, ban, sec, men, med, sum, mmm, npp, htp, hhh, aei] METRICS ####
('Plantation', '/home/vargas/repos/forests-sounds-vargas/out/data/extraction/Plantation/2_00_PSA0010-2010_dict_y_split_7_2512283_1736694580.pkl')
(297840, 12) Index(['reg', 'sid', 'ban', 'sec', 'men', 'med', 'sum', 'mmm', 'npp', 'htp',
       'hhh'],
      dtype='object') Index(['sid', 'ban', 'sec', 'men', 'med', 'sum', 'mmm', 'npp', 'htp', 'hhh',
       'aei'],
      dtype='object')
#### MERGE 68 merge_data Dataframe shape: (297840, 12) #### time: 38
#### #### SPLIT TRAIN TEST #### ####
#### CLASSES: [0 1 2 3] TOTAL 4
#### SPLIT train_test_split and CUDA: ??? cuda:0 #### time: 35
#### MODELS - TOTAL 3 ####
#### EPOCHS 1 ####
#### TRAINING MODELS ####
#### TRAINING MODEL CNN_LSTM ####
#### TRAINED MODEL CNN_LSTM model training time: 6.685 total training time: 6.697 ####
#### TRAINING MODEL LSTM_CNN ####
#### TRAINED MODEL LSTM_CNN model training time: 7.671 total training time: 14.367 ####
#### TRAINING MODEL ParallelCNNLSTMModel ####
#### TRAINED MODEL ParallelCNNLSTMModel model training time: 7.863 total training time: 22.23 ####
#### TRAINING TOTAL TIME: 22.219 ####
Accuracy of the CNN_LSTM model on the test set: 86.763027 %
Accuracy of the LSTM_CNN model on the test set: 87.364021 %
Accuracy of the ParallelCNNLSTMModel model on the test set: 90.795393 %
#### TESTING TOTAL TIME: 3.538 ####
#### TIME #### TERMINO #### 28975.368 ####
#### FINITO #### TERMINO #### NO-VA-MAS ####
#### TIMES #### modelling TOTAL TOTAL ==>> 28975.368
#### #### READING DATA FILES #### ####
380 #### COMBI [reg, sid, ban, sec, men, med, sum, mmm, hfq, htp, hhh, aei] METRICS ####
('Plantation', '/home/vargas/repos/forests-sounds-vargas/out/data/extraction/Plantation/2_00_PSA0010-2010_dict_y_split_7_2512283_1736694580.pkl')
(297840, 12) Index(['reg', 'sid', 'ban', 'sec', 'men', 'med', 'sum', 'mmm', 'hfq', 'htp',
       'hhh'],
      dtype='object') Index(['sid', 'ban', 'sec', 'men', 'med', 'sum', 'mmm', 'hfq', 'htp', 'hhh',
       'aei'],
      dtype='object')
#### MERGE 68 merge_data Dataframe shape: (297840, 12) #### time: 38
#### #### SPLIT TRAIN TEST #### ####
#### CLASSES: [0 1 2 3] TOTAL 4
#### SPLIT train_test_split and CUDA: ??? cuda:0 #### time: 34
#### MODELS - TOTAL 3 ####
#### EPOCHS 1 ####
#### TRAINING MODELS ####
#### TRAINING MODEL CNN_LSTM ####
#### TRAINED MODEL CNN_LSTM model training time: 6.767 total training time: 6.779 ####
#### TRAINING MODEL LSTM_CNN ####
#### TRAINED MODEL LSTM_CNN model training time: 7.812 total training time: 14.591 ####
#### TRAINING MODEL ParallelCNNLSTMModel ####
#### TRAINED MODEL ParallelCNNLSTMModel model training time: 7.705 total training time: 22.296 ####
#### TRAINING TOTAL TIME: 22.285 ####
Accuracy of the CNN_LSTM model on the test set: 67.464075 %
Accuracy of the LSTM_CNN model on the test set: 57.545998 %
Accuracy of the ParallelCNNLSTMModel model on the test set: 71.350389 %
#### TESTING TOTAL TIME: 3.692 ####
#### TIME #### TERMINO #### 29048.934 ####
#### FINITO #### TERMINO #### NO-VA-MAS ####
#### TIMES #### modelling TOTAL TOTAL ==>> 29048.934
#### #### READING DATA FILES #### ####
381 #### COMBI [reg, sid, ban, sec, men, med, sum, npp, hfq, htp, hhh, aei] METRICS ####
('Plantation', '/home/vargas/repos/forests-sounds-vargas/out/data/extraction/Plantation/2_00_PSA0010-2010_dict_y_split_7_2512283_1736694580.pkl')
(297840, 12) Index(['reg', 'sid', 'ban', 'sec', 'men', 'med', 'sum', 'npp', 'hfq', 'htp',
       'hhh'],
      dtype='object') Index(['sid', 'ban', 'sec', 'men', 'med', 'sum', 'npp', 'hfq', 'htp', 'hhh',
       'aei'],
      dtype='object')
#### MERGE 68 merge_data Dataframe shape: (297840, 12) #### time: 39
#### #### SPLIT TRAIN TEST #### ####
#### CLASSES: [0 1 2 3] TOTAL 4
#### SPLIT train_test_split and CUDA: ??? cuda:0 #### time: 35
#### MODELS - TOTAL 3 ####
#### EPOCHS 1 ####
#### TRAINING MODELS ####
#### TRAINING MODEL CNN_LSTM ####
#### TRAINED MODEL CNN_LSTM model training time: 6.756 total training time: 6.768 ####
#### TRAINING MODEL LSTM_CNN ####
#### TRAINED MODEL LSTM_CNN model training time: 7.61 total training time: 14.377 ####
#### TRAINING MODEL ParallelCNNLSTMModel ####
#### TRAINED MODEL ParallelCNNLSTMModel model training time: 7.792 total training time: 22.169 ####
#### TRAINING TOTAL TIME: 22.158 ####
Accuracy of the CNN_LSTM model on the test set: 90.251477 %
Accuracy of the LSTM_CNN model on the test set: 84.030016 %
Accuracy of the ParallelCNNLSTMModel model on the test set: 90.259871 %
#### TESTING TOTAL TIME: 3.555 ####
#### TIME #### TERMINO #### 29122.944 ####
#### FINITO #### TERMINO #### NO-VA-MAS ####
#### TIMES #### modelling TOTAL TOTAL ==>> 29122.944
#### #### READING DATA FILES #### ####
382 #### COMBI [reg, sid, ban, sec, men, med, sum, max, aci, bet, mmm, npp, hfq] METRICS ####
('Plantation', '/home/vargas/repos/forests-sounds-vargas/out/data/extraction/Plantation/2_00_PSA0010-2010_dict_y_split_7_2512283_1736694580.pkl')
(297840, 13) Index(['reg', 'sid', 'ban', 'sec', 'men', 'med', 'sum', 'max', 'aci', 'bet',
       'mmm'],
      dtype='object') Index(['ban', 'sec', 'men', 'med', 'sum', 'max', 'aci', 'bet', 'mmm', 'npp',
       'hfq'],
      dtype='object')
#### MERGE 68 merge_data Dataframe shape: (297840, 13) #### time: 38
#### #### SPLIT TRAIN TEST #### ####
#### CLASSES: [0 1 2 3] TOTAL 4
#### SPLIT train_test_split and CUDA: ??? cuda:0 #### time: 35
#### MODELS - TOTAL 3 ####
#### EPOCHS 1 ####
#### TRAINING MODELS ####
#### TRAINING MODEL CNN_LSTM ####
#### TRAINED MODEL CNN_LSTM model training time: 6.801 total training time: 6.813 ####
#### TRAINING MODEL LSTM_CNN ####
#### TRAINED MODEL LSTM_CNN model training time: 7.808 total training time: 14.621 ####
#### TRAINING MODEL ParallelCNNLSTMModel ####
#### TRAINED MODEL ParallelCNNLSTMModel model training time: 7.773 total training time: 22.394 ####
#### TRAINING TOTAL TIME: 22.383 ####
Accuracy of the CNN_LSTM model on the test set: 76.896992 %
Accuracy of the LSTM_CNN model on the test set: 87.288477 %
Accuracy of the ParallelCNNLSTMModel model on the test set: 89.046132 %
#### TESTING TOTAL TIME: 3.714 ####
#### TIME #### TERMINO #### 29197.185 ####
#### FINITO #### TERMINO #### NO-VA-MAS ####
#### TIMES #### modelling TOTAL TOTAL ==>> 29197.185
#### #### READING DATA FILES #### ####
383 #### COMBI [reg, sid, ban, sec, men, med, sum, max, aci, bet, mmm, npp, htp] METRICS ####
('Plantation', '/home/vargas/repos/forests-sounds-vargas/out/data/extraction/Plantation/2_00_PSA0010-2010_dict_y_split_7_2512283_1736694580.pkl')
(297840, 13) Index(['reg', 'sid', 'ban', 'sec', 'men', 'med', 'sum', 'max', 'aci', 'bet',
       'mmm'],
      dtype='object') Index(['ban', 'sec', 'men', 'med', 'sum', 'max', 'aci', 'bet', 'mmm', 'npp',
       'htp'],
      dtype='object')
#### MERGE 68 merge_data Dataframe shape: (297840, 13) #### time: 38
#### #### SPLIT TRAIN TEST #### ####
#### CLASSES: [0 1 2 3] TOTAL 4
#### SPLIT train_test_split and CUDA: ??? cuda:0 #### time: 35
#### MODELS - TOTAL 3 ####
#### EPOCHS 1 ####
#### TRAINING MODELS ####
#### TRAINING MODEL CNN_LSTM ####
#### TRAINED MODEL CNN_LSTM model training time: 6.692 total training time: 6.703 ####
#### TRAINING MODEL LSTM_CNN ####
#### TRAINED MODEL LSTM_CNN model training time: 7.926 total training time: 14.629 ####
#### TRAINING MODEL ParallelCNNLSTMModel ####
#### TRAINED MODEL ParallelCNNLSTMModel model training time: 7.962 total training time: 22.592 ####
#### TRAINING TOTAL TIME: 22.58 ####
Accuracy of the CNN_LSTM model on the test set: 84.894574 %
Accuracy of the LSTM_CNN model on the test set: 84.372482 %
Accuracy of the ParallelCNNLSTMModel model on the test set: 89.118319 %
#### TESTING TOTAL TIME: 3.561 ####
#### TIME #### TERMINO #### 29270.573 ####
#### FINITO #### TERMINO #### NO-VA-MAS ####
#### TIMES #### modelling TOTAL TOTAL ==>> 29270.573
#### #### READING DATA FILES #### ####
384 #### COMBI [reg, sid, ban, sec, men, med, sum, max, aci, bet, mmm, npp, hhh] METRICS ####
('Plantation', '/home/vargas/repos/forests-sounds-vargas/out/data/extraction/Plantation/2_00_PSA0010-2010_dict_y_split_7_2512283_1736694580.pkl')
(297840, 13) Index(['reg', 'sid', 'ban', 'sec', 'men', 'med', 'sum', 'max', 'aci', 'bet',
       'mmm'],
      dtype='object') Index(['ban', 'sec', 'men', 'med', 'sum', 'max', 'aci', 'bet', 'mmm', 'npp',
       'hhh'],
      dtype='object')
#### MERGE 68 merge_data Dataframe shape: (297840, 13) #### time: 38
#### #### SPLIT TRAIN TEST #### ####
#### CLASSES: [0 1 2 3] TOTAL 4
#### SPLIT train_test_split and CUDA: ??? cuda:0 #### time: 35
#### MODELS - TOTAL 3 ####
#### EPOCHS 1 ####
#### TRAINING MODELS ####
#### TRAINING MODEL CNN_LSTM ####
#### TRAINED MODEL CNN_LSTM model training time: 6.829 total training time: 6.84 ####
#### TRAINING MODEL LSTM_CNN ####
#### TRAINED MODEL LSTM_CNN model training time: 7.726 total training time: 14.566 ####
#### TRAINING MODEL ParallelCNNLSTMModel ####
#### TRAINED MODEL ParallelCNNLSTMModel model training time: 7.94 total training time: 22.506 ####
#### TRAINING TOTAL TIME: 22.495 ####
Accuracy of the CNN_LSTM model on the test set: 80.083266 %
Accuracy of the LSTM_CNN model on the test set: 87.05513 %
Accuracy of the ParallelCNNLSTMModel model on the test set: 89.89726 %
#### TESTING TOTAL TIME: 3.676 ####
#### TIME #### TERMINO #### 29344.458 ####
#### FINITO #### TERMINO #### NO-VA-MAS ####
#### TIMES #### modelling TOTAL TOTAL ==>> 29344.458
#### #### READING DATA FILES #### ####
385 #### COMBI [reg, sid, ban, sec, men, med, sum, max, aci, bet, mmm, npp, aei] METRICS ####
('Plantation', '/home/vargas/repos/forests-sounds-vargas/out/data/extraction/Plantation/2_00_PSA0010-2010_dict_y_split_7_2512283_1736694580.pkl')
(297840, 13) Index(['reg', 'sid', 'ban', 'sec', 'men', 'med', 'sum', 'max', 'aci', 'bet',
       'mmm'],
      dtype='object') Index(['ban', 'sec', 'men', 'med', 'sum', 'max', 'aci', 'bet', 'mmm', 'npp',
       'aei'],
      dtype='object')
#### MERGE 68 merge_data Dataframe shape: (297840, 13) #### time: 38
#### #### SPLIT TRAIN TEST #### ####
#### CLASSES: [0 1 2 3] TOTAL 4
#### SPLIT train_test_split and CUDA: ??? cuda:0 #### time: 35
#### MODELS - TOTAL 3 ####
#### EPOCHS 1 ####
#### TRAINING MODELS ####
#### TRAINING MODEL CNN_LSTM ####
#### TRAINED MODEL CNN_LSTM model training time: 6.664 total training time: 6.675 ####
#### TRAINING MODEL LSTM_CNN ####
#### TRAINED MODEL LSTM_CNN model training time: 7.88 total training time: 14.555 ####
#### TRAINING MODEL ParallelCNNLSTMModel ####
#### TRAINED MODEL ParallelCNNLSTMModel model training time: 7.943 total training time: 22.499 ####
#### TRAINING TOTAL TIME: 22.488 ####
Accuracy of the CNN_LSTM model on the test set: 70.678888 %
Accuracy of the LSTM_CNN model on the test set: 87.296871 %
Accuracy of the ParallelCNNLSTMModel model on the test set: 88.183253 %
#### TESTING TOTAL TIME: 3.538 ####
#### TIME #### TERMINO #### 29418.623 ####
#### FINITO #### TERMINO #### NO-VA-MAS ####
#### TIMES #### modelling TOTAL TOTAL ==>> 29418.623
#### #### READING DATA FILES #### ####
386 #### COMBI [reg, sid, ban, sec, men, med, sum, max, aci, bet, mmm, hfq, htp] METRICS ####
('Plantation', '/home/vargas/repos/forests-sounds-vargas/out/data/extraction/Plantation/2_00_PSA0010-2010_dict_y_split_7_2512283_1736694580.pkl')
(297840, 13) Index(['reg', 'sid', 'ban', 'sec', 'men', 'med', 'sum', 'max', 'aci', 'bet',
       'mmm'],
      dtype='object') Index(['ban', 'sec', 'men', 'med', 'sum', 'max', 'aci', 'bet', 'mmm', 'hfq',
       'htp'],
      dtype='object')
#### MERGE 68 merge_data Dataframe shape: (297840, 13) #### time: 38
#### #### SPLIT TRAIN TEST #### ####
#### CLASSES: [0 1 2 3] TOTAL 4
#### SPLIT train_test_split and CUDA: ??? cuda:0 #### time: 35
#### MODELS - TOTAL 3 ####
#### EPOCHS 1 ####
#### TRAINING MODELS ####
#### TRAINING MODEL CNN_LSTM ####
#### TRAINED MODEL CNN_LSTM model training time: 6.822 total training time: 6.834 ####
#### TRAINING MODEL LSTM_CNN ####
#### TRAINED MODEL LSTM_CNN model training time: 7.753 total training time: 14.587 ####
#### TRAINING MODEL ParallelCNNLSTMModel ####
#### TRAINED MODEL ParallelCNNLSTMModel model training time: 7.939 total training time: 22.526 ####
#### TRAINING TOTAL TIME: 22.514 ####
Accuracy of the CNN_LSTM model on the test set: 70.660422 %
Accuracy of the LSTM_CNN model on the test set: 71.276524 %
Accuracy of the ParallelCNNLSTMModel model on the test set: 75.470051 %
#### TESTING TOTAL TIME: 3.691 ####
#### TIME #### TERMINO #### 29492.664 ####
#### FINITO #### TERMINO #### NO-VA-MAS ####
#### TIMES #### modelling TOTAL TOTAL ==>> 29492.664
#### #### READING DATA FILES #### ####
387 #### COMBI [reg, sid, ban, sec, men, med, sum, max, aci, bet, mmm, hfq, hhh] METRICS ####
('Plantation', '/home/vargas/repos/forests-sounds-vargas/out/data/extraction/Plantation/2_00_PSA0010-2010_dict_y_split_7_2512283_1736694580.pkl')
(297840, 13) Index(['reg', 'sid', 'ban', 'sec', 'men', 'med', 'sum', 'max', 'aci', 'bet',
       'mmm'],
      dtype='object') Index(['ban', 'sec', 'men', 'med', 'sum', 'max', 'aci', 'bet', 'mmm', 'hfq',
       'hhh'],
      dtype='object')
#### MERGE 68 merge_data Dataframe shape: (297840, 13) #### time: 38
#### #### SPLIT TRAIN TEST #### ####
#### CLASSES: [0 1 2 3] TOTAL 4
#### SPLIT train_test_split and CUDA: ??? cuda:0 #### time: 34
#### MODELS - TOTAL 3 ####
#### EPOCHS 1 ####
#### TRAINING MODELS ####
#### TRAINING MODEL CNN_LSTM ####
#### TRAINED MODEL CNN_LSTM model training time: 6.677 total training time: 6.689 ####
#### TRAINING MODEL LSTM_CNN ####
#### TRAINED MODEL LSTM_CNN model training time: 7.879 total training time: 14.568 ####
#### TRAINING MODEL ParallelCNNLSTMModel ####
#### TRAINED MODEL ParallelCNNLSTMModel model training time: 7.809 total training time: 22.378 ####
#### TRAINING TOTAL TIME: 22.366 ####
Accuracy of the CNN_LSTM model on the test set: 73.024107 %
Accuracy of the LSTM_CNN model on the test set: 72.159549 %
Accuracy of the ParallelCNNLSTMModel model on the test set: 76.447086 %
#### TESTING TOTAL TIME: 3.691 ####
#### TIME #### TERMINO #### 29566.152 ####
#### FINITO #### TERMINO #### NO-VA-MAS ####
#### TIMES #### modelling TOTAL TOTAL ==>> 29566.152
#### #### READING DATA FILES #### ####
388 #### COMBI [reg, sid, ban, sec, men, med, sum, max, aci, bet, mmm, hfq, aei] METRICS ####
('Plantation', '/home/vargas/repos/forests-sounds-vargas/out/data/extraction/Plantation/2_00_PSA0010-2010_dict_y_split_7_2512283_1736694580.pkl')
(297840, 13) Index(['reg', 'sid', 'ban', 'sec', 'men', 'med', 'sum', 'max', 'aci', 'bet',
       'mmm'],
      dtype='object') Index(['ban', 'sec', 'men', 'med', 'sum', 'max', 'aci', 'bet', 'mmm', 'hfq',
       'aei'],
      dtype='object')
#### MERGE 68 merge_data Dataframe shape: (297840, 13) #### time: 39
#### #### SPLIT TRAIN TEST #### ####
#### CLASSES: [0 1 2 3] TOTAL 4
#### SPLIT train_test_split and CUDA: ??? cuda:0 #### time: 34
#### MODELS - TOTAL 3 ####
#### EPOCHS 1 ####
#### TRAINING MODELS ####
#### TRAINING MODEL CNN_LSTM ####
#### TRAINED MODEL CNN_LSTM model training time: 6.829 total training time: 6.841 ####
#### TRAINING MODEL LSTM_CNN ####
#### TRAINED MODEL LSTM_CNN model training time: 7.714 total training time: 14.554 ####
#### TRAINING MODEL ParallelCNNLSTMModel ####
#### TRAINED MODEL ParallelCNNLSTMModel model training time: 7.952 total training time: 22.506 ####
#### TRAINING TOTAL TIME: 22.495 ####
Accuracy of the CNN_LSTM model on the test set: 75.918278 %
Accuracy of the LSTM_CNN model on the test set: 72.026927 %
Accuracy of the ParallelCNNLSTMModel model on the test set: 76.368184 %
#### TESTING TOTAL TIME: 3.545 ####
#### TIME #### TERMINO #### 29640.73 ####
#### FINITO #### TERMINO #### NO-VA-MAS ####
#### TIMES #### modelling TOTAL TOTAL ==>> 29640.73
#### #### READING DATA FILES #### ####
389 #### COMBI [reg, sid, ban, sec, men, med, sum, max, aci, bet, mmm, htp, hhh] METRICS ####
('Plantation', '/home/vargas/repos/forests-sounds-vargas/out/data/extraction/Plantation/2_00_PSA0010-2010_dict_y_split_7_2512283_1736694580.pkl')
(297840, 13) Index(['reg', 'sid', 'ban', 'sec', 'men', 'med', 'sum', 'max', 'aci', 'bet',
       'mmm'],
      dtype='object') Index(['ban', 'sec', 'men', 'med', 'sum', 'max', 'aci', 'bet', 'mmm', 'htp',
       'hhh'],
      dtype='object')
#### MERGE 68 merge_data Dataframe shape: (297840, 13) #### time: 38
#### #### SPLIT TRAIN TEST #### ####
#### CLASSES: [0 1 2 3] TOTAL 4
#### SPLIT train_test_split and CUDA: ??? cuda:0 #### time: 35
#### MODELS - TOTAL 3 ####
#### EPOCHS 1 ####
#### TRAINING MODELS ####
#### TRAINING MODEL CNN_LSTM ####
#### TRAINED MODEL CNN_LSTM model training time: 6.763 total training time: 6.775 ####
#### TRAINING MODEL LSTM_CNN ####
#### TRAINED MODEL LSTM_CNN model training time: 7.821 total training time: 14.596 ####
#### TRAINING MODEL ParallelCNNLSTMModel ####
#### TRAINED MODEL ParallelCNNLSTMModel model training time: 7.754 total training time: 22.349 ####
#### TRAINING TOTAL TIME: 22.338 ####
Accuracy of the CNN_LSTM model on the test set: 75.303854 %
Accuracy of the LSTM_CNN model on the test set: 72.137725 %
Accuracy of the ParallelCNNLSTMModel model on the test set: 73.386718 %
#### TESTING TOTAL TIME: 3.724 ####
#### TIME #### TERMINO #### 29714.152 ####
#### FINITO #### TERMINO #### NO-VA-MAS ####
#### TIMES #### modelling TOTAL TOTAL ==>> 29714.152
#### #### READING DATA FILES #### ####
390 #### COMBI [reg, sid, ban, sec, men, med, sum, max, aci, bet, mmm, htp, aei] METRICS ####
('Plantation', '/home/vargas/repos/forests-sounds-vargas/out/data/extraction/Plantation/2_00_PSA0010-2010_dict_y_split_7_2512283_1736694580.pkl')
(297840, 13) Index(['reg', 'sid', 'ban', 'sec', 'men', 'med', 'sum', 'max', 'aci', 'bet',
       'mmm'],
      dtype='object') Index(['ban', 'sec', 'men', 'med', 'sum', 'max', 'aci', 'bet', 'mmm', 'htp',
       'aei'],
      dtype='object')
#### MERGE 68 merge_data Dataframe shape: (297840, 13) #### time: 39
#### #### SPLIT TRAIN TEST #### ####
#### CLASSES: [0 1 2 3] TOTAL 4
#### SPLIT train_test_split and CUDA: ??? cuda:0 #### time: 35
#### MODELS - TOTAL 3 ####
#### EPOCHS 1 ####
#### TRAINING MODELS ####
#### TRAINING MODEL CNN_LSTM ####
#### TRAINED MODEL CNN_LSTM model training time: 6.899 total training time: 6.911 ####
#### TRAINING MODEL LSTM_CNN ####
#### TRAINED MODEL LSTM_CNN model training time: 7.794 total training time: 14.705 ####
#### TRAINING MODEL ParallelCNNLSTMModel ####
#### TRAINED MODEL ParallelCNNLSTMModel model training time: 7.973 total training time: 22.678 ####
#### TRAINING TOTAL TIME: 22.667 ####
Accuracy of the CNN_LSTM model on the test set: 76.191915 %
Accuracy of the LSTM_CNN model on the test set: 71.635778 %
Accuracy of the ParallelCNNLSTMModel model on the test set: 75.045326 %
#### TESTING TOTAL TIME: 3.56 ####
#### TIME #### TERMINO #### 29789.154 ####
#### FINITO #### TERMINO #### NO-VA-MAS ####
#### TIMES #### modelling TOTAL TOTAL ==>> 29789.154
#### #### READING DATA FILES #### ####
391 #### COMBI [reg, sid, ban, sec, men, med, sum, max, aci, bet, mmm, hhh, aei] METRICS ####
('Plantation', '/home/vargas/repos/forests-sounds-vargas/out/data/extraction/Plantation/2_00_PSA0010-2010_dict_y_split_7_2512283_1736694580.pkl')
(297840, 13) Index(['reg', 'sid', 'ban', 'sec', 'men', 'med', 'sum', 'max', 'aci', 'bet',
       'mmm'],
      dtype='object') Index(['ban', 'sec', 'men', 'med', 'sum', 'max', 'aci', 'bet', 'mmm', 'hhh',
       'aei'],
      dtype='object')
#### MERGE 68 merge_data Dataframe shape: (297840, 13) #### time: 38
#### #### SPLIT TRAIN TEST #### ####
#### CLASSES: [0 1 2 3] TOTAL 4
#### SPLIT train_test_split and CUDA: ??? cuda:0 #### time: 34
#### MODELS - TOTAL 3 ####
#### EPOCHS 1 ####
#### TRAINING MODELS ####
#### TRAINING MODEL CNN_LSTM ####
#### TRAINED MODEL CNN_LSTM model training time: 6.851 total training time: 6.862 ####
#### TRAINING MODEL LSTM_CNN ####
#### TRAINED MODEL LSTM_CNN model training time: 7.916 total training time: 14.778 ####
#### TRAINING MODEL ParallelCNNLSTMModel ####
#### TRAINED MODEL ParallelCNNLSTMModel model training time: 7.807 total training time: 22.585 ####
#### TRAINING TOTAL TIME: 22.574 ####
Accuracy of the CNN_LSTM model on the test set: 76.457158 %
Accuracy of the LSTM_CNN model on the test set: 71.45783 %
Accuracy of the ParallelCNNLSTMModel model on the test set: 76.445407 %
#### TESTING TOTAL TIME: 3.722 ####
#### TIME #### TERMINO #### 29863.0 ####
#### FINITO #### TERMINO #### NO-VA-MAS ####
#### TIMES #### modelling TOTAL TOTAL ==>> 29863.0
#### #### READING DATA FILES #### ####
392 #### COMBI [reg, sid, ban, sec, men, med, sum, max, aci, bet, npp, hfq, htp] METRICS ####
('Plantation', '/home/vargas/repos/forests-sounds-vargas/out/data/extraction/Plantation/2_00_PSA0010-2010_dict_y_split_7_2512283_1736694580.pkl')
(297840, 13) Index(['reg', 'sid', 'ban', 'sec', 'men', 'med', 'sum', 'max', 'aci', 'bet',
       'npp'],
      dtype='object') Index(['ban', 'sec', 'men', 'med', 'sum', 'max', 'aci', 'bet', 'npp', 'hfq',
       'htp'],
      dtype='object')
#### MERGE 68 merge_data Dataframe shape: (297840, 13) #### time: 38
#### #### SPLIT TRAIN TEST #### ####
#### CLASSES: [0 1 2 3] TOTAL 4
#### SPLIT train_test_split and CUDA: ??? cuda:0 #### time: 35
#### MODELS - TOTAL 3 ####
#### EPOCHS 1 ####
#### TRAINING MODELS ####
#### TRAINING MODEL CNN_LSTM ####
#### TRAINED MODEL CNN_LSTM model training time: 6.619 total training time: 6.63 ####
#### TRAINING MODEL LSTM_CNN ####
#### TRAINED MODEL LSTM_CNN model training time: 7.844 total training time: 14.474 ####
#### TRAINING MODEL ParallelCNNLSTMModel ####
#### TRAINED MODEL ParallelCNNLSTMModel model training time: 7.938 total training time: 22.412 ####
#### TRAINING TOTAL TIME: 22.401 ####
Accuracy of the CNN_LSTM model on the test set: 86.900685 %
Accuracy of the LSTM_CNN model on the test set: 86.009267 %
Accuracy of the ParallelCNNLSTMModel model on the test set: 89.976162 %
#### TESTING TOTAL TIME: 3.554 ####
#### TIME #### TERMINO #### 29936.604 ####
#### FINITO #### TERMINO #### NO-VA-MAS ####
#### TIMES #### modelling TOTAL TOTAL ==>> 29936.604
#### #### READING DATA FILES #### ####
393 #### COMBI [reg, sid, ban, sec, men, med, sum, max, aci, bet, npp, hfq, hhh] METRICS ####
('Plantation', '/home/vargas/repos/forests-sounds-vargas/out/data/extraction/Plantation/2_00_PSA0010-2010_dict_y_split_7_2512283_1736694580.pkl')
(297840, 13) Index(['reg', 'sid', 'ban', 'sec', 'men', 'med', 'sum', 'max', 'aci', 'bet',
       'npp'],
      dtype='object') Index(['ban', 'sec', 'men', 'med', 'sum', 'max', 'aci', 'bet', 'npp', 'hfq',
       'hhh'],
      dtype='object')
#### MERGE 68 merge_data Dataframe shape: (297840, 13) #### time: 38
#### #### SPLIT TRAIN TEST #### ####
#### CLASSES: [0 1 2 3] TOTAL 4
#### SPLIT train_test_split and CUDA: ??? cuda:0 #### time: 35
#### MODELS - TOTAL 3 ####
#### EPOCHS 1 ####
#### TRAINING MODELS ####
#### TRAINING MODEL CNN_LSTM ####
#### TRAINED MODEL CNN_LSTM model training time: 6.813 total training time: 6.824 ####
#### TRAINING MODEL LSTM_CNN ####
#### TRAINED MODEL LSTM_CNN model training time: 7.73 total training time: 14.554 ####
#### TRAINING MODEL ParallelCNNLSTMModel ####
#### TRAINED MODEL ParallelCNNLSTMModel model training time: 7.946 total training time: 22.5 ####
#### TRAINING TOTAL TIME: 22.489 ####
Accuracy of the CNN_LSTM model on the test set: 74.147193 %
Accuracy of the LSTM_CNN model on the test set: 82.415055 %
Accuracy of the ParallelCNNLSTMModel model on the test set: 90.546938 %
#### TESTING TOTAL TIME: 3.688 ####
#### TIME #### TERMINO #### 30010.442 ####
#### FINITO #### TERMINO #### NO-VA-MAS ####
#### TIMES #### modelling TOTAL TOTAL ==>> 30010.442
#### #### READING DATA FILES #### ####
394 #### COMBI [reg, sid, ban, sec, men, med, sum, max, aci, bet, npp, hfq, aei] METRICS ####
('Plantation', '/home/vargas/repos/forests-sounds-vargas/out/data/extraction/Plantation/2_00_PSA0010-2010_dict_y_split_7_2512283_1736694580.pkl')
(297840, 13) Index(['reg', 'sid', 'ban', 'sec', 'men', 'med', 'sum', 'max', 'aci', 'bet',
       'npp'],
      dtype='object') Index(['ban', 'sec', 'men', 'med', 'sum', 'max', 'aci', 'bet', 'npp', 'hfq',
       'aei'],
      dtype='object')
#### MERGE 68 merge_data Dataframe shape: (297840, 13) #### time: 39
#### #### SPLIT TRAIN TEST #### ####
#### CLASSES: [0 1 2 3] TOTAL 4
#### SPLIT train_test_split and CUDA: ??? cuda:0 #### time: 34
#### MODELS - TOTAL 3 ####
#### EPOCHS 1 ####
#### TRAINING MODELS ####
#### TRAINING MODEL CNN_LSTM ####
#### TRAINED MODEL CNN_LSTM model training time: 6.697 total training time: 6.709 ####
#### TRAINING MODEL LSTM_CNN ####
#### TRAINED MODEL LSTM_CNN model training time: 7.934 total training time: 14.643 ####
#### TRAINING MODEL ParallelCNNLSTMModel ####
#### TRAINED MODEL ParallelCNNLSTMModel model training time: 8.01 total training time: 22.653 ####
#### TRAINING TOTAL TIME: 22.642 ####
Accuracy of the CNN_LSTM model on the test set: 86.830177 %
Accuracy of the LSTM_CNN model on the test set: 79.092802 %
Accuracy of the ParallelCNNLSTMModel model on the test set: 88.985697 %
#### TESTING TOTAL TIME: 3.554 ####
#### TIME #### TERMINO #### 30085.013 ####
#### FINITO #### TERMINO #### NO-VA-MAS ####
#### TIMES #### modelling TOTAL TOTAL ==>> 30085.013
#### #### READING DATA FILES #### ####
395 #### COMBI [reg, sid, ban, sec, men, med, sum, max, aci, bet, npp, htp, hhh] METRICS ####
('Plantation', '/home/vargas/repos/forests-sounds-vargas/out/data/extraction/Plantation/2_00_PSA0010-2010_dict_y_split_7_2512283_1736694580.pkl')
(297840, 13) Index(['reg', 'sid', 'ban', 'sec', 'men', 'med', 'sum', 'max', 'aci', 'bet',
       'npp'],
      dtype='object') Index(['ban', 'sec', 'men', 'med', 'sum', 'max', 'aci', 'bet', 'npp', 'htp',
       'hhh'],
      dtype='object')
#### MERGE 68 merge_data Dataframe shape: (297840, 13) #### time: 39
#### #### SPLIT TRAIN TEST #### ####
#### CLASSES: [0 1 2 3] TOTAL 4
#### SPLIT train_test_split and CUDA: ??? cuda:0 #### time: 35
#### MODELS - TOTAL 3 ####
#### EPOCHS 1 ####
#### TRAINING MODELS ####
#### TRAINING MODEL CNN_LSTM ####
#### TRAINED MODEL CNN_LSTM model training time: 6.836 total training time: 6.847 ####
#### TRAINING MODEL LSTM_CNN ####
#### TRAINED MODEL LSTM_CNN model training time: 7.736 total training time: 14.583 ####
#### TRAINING MODEL ParallelCNNLSTMModel ####
#### TRAINED MODEL ParallelCNNLSTMModel model training time: 7.965 total training time: 22.548 ####
#### TRAINING TOTAL TIME: 22.537 ####
Accuracy of the CNN_LSTM model on the test set: 86.868789 %
Accuracy of the LSTM_CNN model on the test set: 87.855896 %
Accuracy of the ParallelCNNLSTMModel model on the test set: 88.854754 %
#### TESTING TOTAL TIME: 3.557 ####
#### TIME #### TERMINO #### 30159.194 ####
#### FINITO #### TERMINO #### NO-VA-MAS ####
#### TIMES #### modelling TOTAL TOTAL ==>> 30159.194
#### #### READING DATA FILES #### ####
396 #### COMBI [reg, sid, ban, sec, men, med, sum, max, aci, bet, npp, htp, aei] METRICS ####
('Plantation', '/home/vargas/repos/forests-sounds-vargas/out/data/extraction/Plantation/2_00_PSA0010-2010_dict_y_split_7_2512283_1736694580.pkl')
(297840, 13) Index(['reg', 'sid', 'ban', 'sec', 'men', 'med', 'sum', 'max', 'aci', 'bet',
       'npp'],
      dtype='object') Index(['ban', 'sec', 'men', 'med', 'sum', 'max', 'aci', 'bet', 'npp', 'htp',
       'aei'],
      dtype='object')
#### MERGE 68 merge_data Dataframe shape: (297840, 13) #### time: 39
#### #### SPLIT TRAIN TEST #### ####
#### CLASSES: [0 1 2 3] TOTAL 4
#### SPLIT train_test_split and CUDA: ??? cuda:0 #### time: 35
#### MODELS - TOTAL 3 ####
#### EPOCHS 1 ####
#### TRAINING MODELS ####
#### TRAINING MODEL CNN_LSTM ####
#### TRAINED MODEL CNN_LSTM model training time: 6.852 total training time: 6.863 ####
#### TRAINING MODEL LSTM_CNN ####
#### TRAINED MODEL LSTM_CNN model training time: 7.911 total training time: 14.774 ####
#### TRAINING MODEL ParallelCNNLSTMModel ####
#### TRAINED MODEL ParallelCNNLSTMModel model training time: 7.829 total training time: 22.603 ####
#### TRAINING TOTAL TIME: 22.592 ####
Accuracy of the CNN_LSTM model on the test set: 76.873489 %
Accuracy of the LSTM_CNN model on the test set: 83.811778 %
Accuracy of the ParallelCNNLSTMModel model on the test set: 87.760207 %
#### TESTING TOTAL TIME: 3.682 ####
#### TIME #### TERMINO #### 30233.93 ####
#### FINITO #### TERMINO #### NO-VA-MAS ####
#### TIMES #### modelling TOTAL TOTAL ==>> 30233.93
#### #### READING DATA FILES #### ####
397 #### COMBI [reg, sid, ban, sec, men, med, sum, max, aci, bet, npp, hhh, aei] METRICS ####
('Plantation', '/home/vargas/repos/forests-sounds-vargas/out/data/extraction/Plantation/2_00_PSA0010-2010_dict_y_split_7_2512283_1736694580.pkl')
(297840, 13) Index(['reg', 'sid', 'ban', 'sec', 'men', 'med', 'sum', 'max', 'aci', 'bet',
       'npp'],
      dtype='object') Index(['ban', 'sec', 'men', 'med', 'sum', 'max', 'aci', 'bet', 'npp', 'hhh',
       'aei'],
      dtype='object')
#### MERGE 68 merge_data Dataframe shape: (297840, 13) #### time: 38
#### #### SPLIT TRAIN TEST #### ####
#### CLASSES: [0 1 2 3] TOTAL 4
#### SPLIT train_test_split and CUDA: ??? cuda:0 #### time: 34
#### MODELS - TOTAL 3 ####
#### EPOCHS 1 ####
#### TRAINING MODELS ####
#### TRAINING MODEL CNN_LSTM ####
#### TRAINED MODEL CNN_LSTM model training time: 6.746 total training time: 6.757 ####
#### TRAINING MODEL LSTM_CNN ####
#### TRAINED MODEL LSTM_CNN model training time: 7.658 total training time: 14.416 ####
#### TRAINING MODEL ParallelCNNLSTMModel ####
#### TRAINED MODEL ParallelCNNLSTMModel model training time: 7.908 total training time: 22.323 ####
#### TRAINING TOTAL TIME: 22.312 ####
Accuracy of the CNN_LSTM model on the test set: 85.012087 %
Accuracy of the LSTM_CNN model on the test set: 82.48892 %
Accuracy of the ParallelCNNLSTMModel model on the test set: 89.945944 %
#### TESTING TOTAL TIME: 3.554 ####
#### TIME #### TERMINO #### 30307.338 ####
#### FINITO #### TERMINO #### NO-VA-MAS ####
#### TIMES #### modelling TOTAL TOTAL ==>> 30307.338
#### #### READING DATA FILES #### ####
398 #### COMBI [reg, sid, ban, sec, men, med, sum, max, aci, bet, hfq, htp, hhh] METRICS ####
('Plantation', '/home/vargas/repos/forests-sounds-vargas/out/data/extraction/Plantation/2_00_PSA0010-2010_dict_y_split_7_2512283_1736694580.pkl')
(297840, 13) Index(['reg', 'sid', 'ban', 'sec', 'men', 'med', 'sum', 'max', 'aci', 'bet',
       'hfq'],
      dtype='object') Index(['ban', 'sec', 'men', 'med', 'sum', 'max', 'aci', 'bet', 'hfq', 'htp',
       'hhh'],
      dtype='object')
#### MERGE 68 merge_data Dataframe shape: (297840, 13) #### time: 40
#### #### SPLIT TRAIN TEST #### ####
#### CLASSES: [0 1 2 3] TOTAL 4
#### SPLIT train_test_split and CUDA: ??? cuda:0 #### time: 34
#### MODELS - TOTAL 3 ####
#### EPOCHS 1 ####
#### TRAINING MODELS ####
#### TRAINING MODEL CNN_LSTM ####
#### TRAINED MODEL CNN_LSTM model training time: 6.815 total training time: 6.826 ####
#### TRAINING MODEL LSTM_CNN ####
#### TRAINED MODEL LSTM_CNN model training time: 7.874 total training time: 14.7 ####
#### TRAINING MODEL ParallelCNNLSTMModel ####
#### TRAINED MODEL ParallelCNNLSTMModel model training time: 7.834 total training time: 22.534 ####
#### TRAINING TOTAL TIME: 22.523 ####
Accuracy of the CNN_LSTM model on the test set: 74.323462 %
Accuracy of the LSTM_CNN model on the test set: 70.438826 %
Accuracy of the ParallelCNNLSTMModel model on the test set: 75.757118 %
#### TESTING TOTAL TIME: 3.677 ####
#### TIME #### TERMINO #### 30383.112 ####
#### FINITO #### TERMINO #### NO-VA-MAS ####
#### TIMES #### modelling TOTAL TOTAL ==>> 30383.112
#### #### READING DATA FILES #### ####
399 #### COMBI [reg, sid, ban, sec, men, med, sum, max, aci, bet, hfq, htp, aei] METRICS ####
('Plantation', '/home/vargas/repos/forests-sounds-vargas/out/data/extraction/Plantation/2_00_PSA0010-2010_dict_y_split_7_2512283_1736694580.pkl')
(297840, 13) Index(['reg', 'sid', 'ban', 'sec', 'men', 'med', 'sum', 'max', 'aci', 'bet',
       'hfq'],
      dtype='object') Index(['ban', 'sec', 'men', 'med', 'sum', 'max', 'aci', 'bet', 'hfq', 'htp',
       'aei'],
      dtype='object')
#### MERGE 68 merge_data Dataframe shape: (297840, 13) #### time: 39
#### #### SPLIT TRAIN TEST #### ####
#### CLASSES: [0 1 2 3] TOTAL 4
#### SPLIT train_test_split and CUDA: ??? cuda:0 #### time: 35
#### MODELS - TOTAL 3 ####
#### EPOCHS 1 ####
#### TRAINING MODELS ####
#### TRAINING MODEL CNN_LSTM ####
#### TRAINED MODEL CNN_LSTM model training time: 6.673 total training time: 6.684 ####
#### TRAINING MODEL LSTM_CNN ####
#### TRAINED MODEL LSTM_CNN model training time: 7.876 total training time: 14.56 ####
#### TRAINING MODEL ParallelCNNLSTMModel ####
#### TRAINED MODEL ParallelCNNLSTMModel model training time: 7.943 total training time: 22.503 ####
#### TRAINING TOTAL TIME: 22.492 ####
Accuracy of the CNN_LSTM model on the test set: 73.497515 %
Accuracy of the LSTM_CNN model on the test set: 72.226699 %
Accuracy of the ParallelCNNLSTMModel model on the test set: 73.818157 %
#### TESTING TOTAL TIME: 3.554 ####
#### TIME #### TERMINO #### 30457.872 ####
#### FINITO #### TERMINO #### NO-VA-MAS ####
#### TIMES #### modelling TOTAL TOTAL ==>> 30457.872
#### #### READING DATA FILES #### ####
400 #### COMBI [reg, sid, ban, sec, men, med, sum, max, aci, bet, hfq, hhh, aei] METRICS ####
('Plantation', '/home/vargas/repos/forests-sounds-vargas/out/data/extraction/Plantation/2_00_PSA0010-2010_dict_y_split_7_2512283_1736694580.pkl')
(297840, 13) Index(['reg', 'sid', 'ban', 'sec', 'men', 'med', 'sum', 'max', 'aci', 'bet',
       'hfq'],
      dtype='object') Index(['ban', 'sec', 'men', 'med', 'sum', 'max', 'aci', 'bet', 'hfq', 'hhh',
       'aei'],
      dtype='object')
#### MERGE 68 merge_data Dataframe shape: (297840, 13) #### time: 38
#### #### SPLIT TRAIN TEST #### ####
#### CLASSES: [0 1 2 3] TOTAL 4
#### SPLIT train_test_split and CUDA: ??? cuda:0 #### time: 35
#### MODELS - TOTAL 3 ####
#### EPOCHS 1 ####
#### TRAINING MODELS ####
#### TRAINING MODEL CNN_LSTM ####
#### TRAINED MODEL CNN_LSTM model training time: 6.83 total training time: 6.841 ####
#### TRAINING MODEL LSTM_CNN ####
#### TRAINED MODEL LSTM_CNN model training time: 7.909 total training time: 14.75 ####
#### TRAINING MODEL ParallelCNNLSTMModel ####
#### TRAINED MODEL ParallelCNNLSTMModel model training time: 7.796 total training time: 22.545 ####
#### TRAINING TOTAL TIME: 22.534 ####
Accuracy of the CNN_LSTM model on the test set: 76.290962 %
Accuracy of the LSTM_CNN model on the test set: 71.892627 %
Accuracy of the ParallelCNNLSTMModel model on the test set: 76.34636 %
#### TESTING TOTAL TIME: 3.672 ####
#### TIME #### TERMINO #### 30531.616 ####
#### FINITO #### TERMINO #### NO-VA-MAS ####
#### TIMES #### modelling TOTAL TOTAL ==>> 30531.616
#### #### READING DATA FILES #### ####
401 #### COMBI [reg, sid, ban, sec, men, med, sum, max, aci, bet, htp, hhh, aei] METRICS ####
('Plantation', '/home/vargas/repos/forests-sounds-vargas/out/data/extraction/Plantation/2_00_PSA0010-2010_dict_y_split_7_2512283_1736694580.pkl')
(297840, 13) Index(['reg', 'sid', 'ban', 'sec', 'men', 'med', 'sum', 'max', 'aci', 'bet',
       'htp'],
      dtype='object') Index(['ban', 'sec', 'men', 'med', 'sum', 'max', 'aci', 'bet', 'htp', 'hhh',
       'aei'],
      dtype='object')
#### MERGE 68 merge_data Dataframe shape: (297840, 13) #### time: 39
#### #### SPLIT TRAIN TEST #### ####
#### CLASSES: [0 1 2 3] TOTAL 4
#### SPLIT train_test_split and CUDA: ??? cuda:0 #### time: 35
#### MODELS - TOTAL 3 ####
#### EPOCHS 1 ####
#### TRAINING MODELS ####
#### TRAINING MODEL CNN_LSTM ####
#### TRAINED MODEL CNN_LSTM model training time: 6.609 total training time: 6.621 ####
#### TRAINING MODEL LSTM_CNN ####
#### TRAINED MODEL LSTM_CNN model training time: 7.796 total training time: 14.417 ####
#### TRAINING MODEL ParallelCNNLSTMModel ####
#### TRAINED MODEL ParallelCNNLSTMModel model training time: 7.903 total training time: 22.32 ####
#### TRAINING TOTAL TIME: 22.309 ####
Accuracy of the CNN_LSTM model on the test set: 72.204875 %
Accuracy of the LSTM_CNN model on the test set: 65.649342 %
Accuracy of the ParallelCNNLSTMModel model on the test set: 73.091257 %
#### TESTING TOTAL TIME: 3.542 ####
#### TIME #### TERMINO #### 30605.423 ####
#### FINITO #### TERMINO #### NO-VA-MAS ####
#### TIMES #### modelling TOTAL TOTAL ==>> 30605.423
#### #### READING DATA FILES #### ####
402 #### COMBI [reg, sid, ban, sec, men, med, sum, max, aci, mmm, npp, hfq, htp] METRICS ####
('Plantation', '/home/vargas/repos/forests-sounds-vargas/out/data/extraction/Plantation/2_00_PSA0010-2010_dict_y_split_7_2512283_1736694580.pkl')
(297840, 13) Index(['reg', 'sid', 'ban', 'sec', 'men', 'med', 'sum', 'max', 'aci', 'mmm',
       'npp'],
      dtype='object') Index(['ban', 'sec', 'men', 'med', 'sum', 'max', 'aci', 'mmm', 'npp', 'hfq',
       'htp'],
      dtype='object')
#### MERGE 68 merge_data Dataframe shape: (297840, 13) #### time: 42
#### #### SPLIT TRAIN TEST #### ####
#### CLASSES: [0 1 2 3] TOTAL 4
#### SPLIT train_test_split and CUDA: ??? cuda:0 #### time: 35
#### MODELS - TOTAL 3 ####
#### EPOCHS 1 ####
#### TRAINING MODELS ####
#### TRAINING MODEL CNN_LSTM ####
#### TRAINED MODEL CNN_LSTM model training time: 6.729 total training time: 6.741 ####
#### TRAINING MODEL LSTM_CNN ####
#### TRAINED MODEL LSTM_CNN model training time: 7.669 total training time: 14.41 ####
#### TRAINING MODEL ParallelCNNLSTMModel ####
#### TRAINED MODEL ParallelCNNLSTMModel model training time: 7.937 total training time: 22.346 ####
#### TRAINING TOTAL TIME: 22.335 ####
Accuracy of the CNN_LSTM model on the test set: 74.882487 %
Accuracy of the LSTM_CNN model on the test set: 62.011483 %
Accuracy of the ParallelCNNLSTMModel model on the test set: 87.557078 %
#### TESTING TOTAL TIME: 3.698 ####
#### TIME #### TERMINO #### 30682.852 ####
#### FINITO #### TERMINO #### NO-VA-MAS ####
#### TIMES #### modelling TOTAL TOTAL ==>> 30682.852
#### #### READING DATA FILES #### ####
403 #### COMBI [reg, sid, ban, sec, men, med, sum, max, aci, mmm, npp, hfq, hhh] METRICS ####
('Plantation', '/home/vargas/repos/forests-sounds-vargas/out/data/extraction/Plantation/2_00_PSA0010-2010_dict_y_split_7_2512283_1736694580.pkl')
(297840, 13) Index(['reg', 'sid', 'ban', 'sec', 'men', 'med', 'sum', 'max', 'aci', 'mmm',
       'npp'],
      dtype='object') Index(['ban', 'sec', 'men', 'med', 'sum', 'max', 'aci', 'mmm', 'npp', 'hfq',
       'hhh'],
      dtype='object')
#### MERGE 68 merge_data Dataframe shape: (297840, 13) #### time: 38
#### #### SPLIT TRAIN TEST #### ####
#### CLASSES: [0 1 2 3] TOTAL 4
#### SPLIT train_test_split and CUDA: ??? cuda:0 #### time: 34
#### MODELS - TOTAL 3 ####
#### EPOCHS 1 ####
#### TRAINING MODELS ####
#### TRAINING MODEL CNN_LSTM ####
#### TRAINED MODEL CNN_LSTM model training time: 6.704 total training time: 6.715 ####
#### TRAINING MODEL LSTM_CNN ####
#### TRAINED MODEL LSTM_CNN model training time: 7.919 total training time: 14.634 ####
#### TRAINING MODEL ParallelCNNLSTMModel ####
#### TRAINED MODEL ParallelCNNLSTMModel model training time: 7.831 total training time: 22.465 ####
#### TRAINING TOTAL TIME: 22.454 ####
Accuracy of the CNN_LSTM model on the test set: 85.403237 %
Accuracy of the LSTM_CNN model on the test set: 76.512557 %
Accuracy of the ParallelCNNLSTMModel model on the test set: 84.503425 %
#### TESTING TOTAL TIME: 3.717 ####
#### TIME #### TERMINO #### 30756.587 ####
#### FINITO #### TERMINO #### NO-VA-MAS ####
#### TIMES #### modelling TOTAL TOTAL ==>> 30756.587
#### #### READING DATA FILES #### ####
404 #### COMBI [reg, sid, ban, sec, men, med, sum, max, aci, mmm, npp, hfq, aei] METRICS ####
('Plantation', '/home/vargas/repos/forests-sounds-vargas/out/data/extraction/Plantation/2_00_PSA0010-2010_dict_y_split_7_2512283_1736694580.pkl')
(297840, 13) Index(['reg', 'sid', 'ban', 'sec', 'men', 'med', 'sum', 'max', 'aci', 'mmm',
       'npp'],
      dtype='object') Index(['ban', 'sec', 'men', 'med', 'sum', 'max', 'aci', 'mmm', 'npp', 'hfq',
       'aei'],
      dtype='object')
#### MERGE 68 merge_data Dataframe shape: (297840, 13) #### time: 39
#### #### SPLIT TRAIN TEST #### ####
#### CLASSES: [0 1 2 3] TOTAL 4
#### SPLIT train_test_split and CUDA: ??? cuda:0 #### time: 35
#### MODELS - TOTAL 3 ####
#### EPOCHS 1 ####
#### TRAINING MODELS ####
#### TRAINING MODEL CNN_LSTM ####
#### TRAINED MODEL CNN_LSTM model training time: 6.869 total training time: 6.881 ####
#### TRAINING MODEL LSTM_CNN ####
#### TRAINED MODEL LSTM_CNN model training time: 7.774 total training time: 14.655 ####
#### TRAINING MODEL ParallelCNNLSTMModel ####
#### TRAINED MODEL ParallelCNNLSTMModel model training time: 7.964 total training time: 22.618 ####
#### TRAINING TOTAL TIME: 22.607 ####
Accuracy of the CNN_LSTM model on the test set: 79.096159 %
Accuracy of the LSTM_CNN model on the test set: 84.6713 %
Accuracy of the ParallelCNNLSTMModel model on the test set: 86.437349 %
#### TESTING TOTAL TIME: 3.551 ####
#### TIME #### TERMINO #### 30830.982 ####
#### FINITO #### TERMINO #### NO-VA-MAS ####
#### TIMES #### modelling TOTAL TOTAL ==>> 30830.982
#### #### READING DATA FILES #### ####
405 #### COMBI [reg, sid, ban, sec, men, med, sum, max, aci, mmm, npp, htp, hhh] METRICS ####
('Plantation', '/home/vargas/repos/forests-sounds-vargas/out/data/extraction/Plantation/2_00_PSA0010-2010_dict_y_split_7_2512283_1736694580.pkl')
(297840, 13) Index(['reg', 'sid', 'ban', 'sec', 'men', 'med', 'sum', 'max', 'aci', 'mmm',
       'npp'],
      dtype='object') Index(['ban', 'sec', 'men', 'med', 'sum', 'max', 'aci', 'mmm', 'npp', 'htp',
       'hhh'],
      dtype='object')
#### MERGE 68 merge_data Dataframe shape: (297840, 13) #### time: 38
#### #### SPLIT TRAIN TEST #### ####
#### CLASSES: [0 1 2 3] TOTAL 4
#### SPLIT train_test_split and CUDA: ??? cuda:0 #### time: 35
#### MODELS - TOTAL 3 ####
#### EPOCHS 1 ####
#### TRAINING MODELS ####
#### TRAINING MODEL CNN_LSTM ####
#### TRAINED MODEL CNN_LSTM model training time: 6.87 total training time: 6.881 ####
#### TRAINING MODEL LSTM_CNN ####
#### TRAINED MODEL LSTM_CNN model training time: 7.816 total training time: 14.697 ####
#### TRAINING MODEL ParallelCNNLSTMModel ####
#### TRAINED MODEL ParallelCNNLSTMModel model training time: 7.851 total training time: 22.548 ####
#### TRAINING TOTAL TIME: 22.537 ####
Accuracy of the CNN_LSTM model on the test set: 83.252753 %
Accuracy of the LSTM_CNN model on the test set: 80.714478 %
Accuracy of the ParallelCNNLSTMModel model on the test set: 84.57729 %
#### TESTING TOTAL TIME: 3.703 ####
#### TIME #### TERMINO #### 30904.328 ####
#### FINITO #### TERMINO #### NO-VA-MAS ####
#### TIMES #### modelling TOTAL TOTAL ==>> 30904.328
#### #### READING DATA FILES #### ####
406 #### COMBI [reg, sid, ban, sec, men, med, sum, max, aci, mmm, npp, htp, aei] METRICS ####
('Plantation', '/home/vargas/repos/forests-sounds-vargas/out/data/extraction/Plantation/2_00_PSA0010-2010_dict_y_split_7_2512283_1736694580.pkl')
(297840, 13) Index(['reg', 'sid', 'ban', 'sec', 'men', 'med', 'sum', 'max', 'aci', 'mmm',
       'npp'],
      dtype='object') Index(['ban', 'sec', 'men', 'med', 'sum', 'max', 'aci', 'mmm', 'npp', 'htp',
       'aei'],
      dtype='object')
#### MERGE 68 merge_data Dataframe shape: (297840, 13) #### time: 41
#### #### SPLIT TRAIN TEST #### ####
#### CLASSES: [0 1 2 3] TOTAL 4
#### SPLIT train_test_split and CUDA: ??? cuda:0 #### time: 35
#### MODELS - TOTAL 3 ####
#### EPOCHS 1 ####
#### TRAINING MODELS ####
#### TRAINING MODEL CNN_LSTM ####
#### TRAINED MODEL CNN_LSTM model training time: 6.839 total training time: 6.85 ####
#### TRAINING MODEL LSTM_CNN ####
#### TRAINED MODEL LSTM_CNN model training time: 7.943 total training time: 14.792 ####
#### TRAINING MODEL ParallelCNNLSTMModel ####
#### TRAINED MODEL ParallelCNNLSTMModel model training time: 8.015 total training time: 22.808 ####
#### TRAINING TOTAL TIME: 22.796 ####
Accuracy of the CNN_LSTM model on the test set: 84.176068 %
Accuracy of the LSTM_CNN model on the test set: 81.718372 %
Accuracy of the ParallelCNNLSTMModel model on the test set: 88.055667 %
#### TESTING TOTAL TIME: 3.564 ####
#### TIME #### TERMINO #### 30980.921 ####
#### FINITO #### TERMINO #### NO-VA-MAS ####
#### TIMES #### modelling TOTAL TOTAL ==>> 30980.921
#### #### READING DATA FILES #### ####
407 #### COMBI [reg, sid, ban, sec, men, med, sum, max, aci, mmm, npp, hhh, aei] METRICS ####
('Plantation', '/home/vargas/repos/forests-sounds-vargas/out/data/extraction/Plantation/2_00_PSA0010-2010_dict_y_split_7_2512283_1736694580.pkl')
(297840, 13) Index(['reg', 'sid', 'ban', 'sec', 'men', 'med', 'sum', 'max', 'aci', 'mmm',
       'npp'],
      dtype='object') Index(['ban', 'sec', 'men', 'med', 'sum', 'max', 'aci', 'mmm', 'npp', 'hhh',
       'aei'],
      dtype='object')
#### MERGE 68 merge_data Dataframe shape: (297840, 13) #### time: 39
#### #### SPLIT TRAIN TEST #### ####
#### CLASSES: [0 1 2 3] TOTAL 4
#### SPLIT train_test_split and CUDA: ??? cuda:0 #### time: 35
#### MODELS - TOTAL 3 ####
#### EPOCHS 1 ####
#### TRAINING MODELS ####
#### TRAINING MODEL CNN_LSTM ####
#### TRAINED MODEL CNN_LSTM model training time: 6.872 total training time: 6.883 ####
#### TRAINING MODEL LSTM_CNN ####
#### TRAINED MODEL LSTM_CNN model training time: 7.91 total training time: 14.793 ####
#### TRAINING MODEL ParallelCNNLSTMModel ####
#### TRAINED MODEL ParallelCNNLSTMModel model training time: 7.847 total training time: 22.64 ####
#### TRAINING TOTAL TIME: 22.629 ####
Accuracy of the CNN_LSTM model on the test set: 80.460986 %
Accuracy of the LSTM_CNN model on the test set: 87.342197 %
Accuracy of the ParallelCNNLSTMModel model on the test set: 84.261684 %
#### TESTING TOTAL TIME: 3.708 ####
#### TIME #### TERMINO #### 31055.417 ####
#### FINITO #### TERMINO #### NO-VA-MAS ####
#### TIMES #### modelling TOTAL TOTAL ==>> 31055.417
#### #### READING DATA FILES #### ####
408 #### COMBI [reg, sid, ban, sec, men, med, sum, max, aci, mmm, hfq, htp, hhh] METRICS ####
('Plantation', '/home/vargas/repos/forests-sounds-vargas/out/data/extraction/Plantation/2_00_PSA0010-2010_dict_y_split_7_2512283_1736694580.pkl')
(297840, 13) Index(['reg', 'sid', 'ban', 'sec', 'men', 'med', 'sum', 'max', 'aci', 'mmm',
       'hfq'],
      dtype='object') Index(['ban', 'sec', 'men', 'med', 'sum', 'max', 'aci', 'mmm', 'hfq', 'htp',
       'hhh'],
      dtype='object')
#### MERGE 68 merge_data Dataframe shape: (297840, 13) #### time: 39
#### #### SPLIT TRAIN TEST #### ####
#### CLASSES: [0 1 2 3] TOTAL 4
#### SPLIT train_test_split and CUDA: ??? cuda:0 #### time: 35
#### MODELS - TOTAL 3 ####
#### EPOCHS 1 ####
#### TRAINING MODELS ####
#### TRAINING MODEL CNN_LSTM ####
#### TRAINED MODEL CNN_LSTM model training time: 6.713 total training time: 6.724 ####
#### TRAINING MODEL LSTM_CNN ####
#### TRAINED MODEL LSTM_CNN model training time: 7.918 total training time: 14.642 ####
#### TRAINING MODEL ParallelCNNLSTMModel ####
#### TRAINED MODEL ParallelCNNLSTMModel model training time: 7.977 total training time: 22.62 ####
#### TRAINING TOTAL TIME: 22.609 ####
Accuracy of the CNN_LSTM model on the test set: 62.528539 %
Accuracy of the LSTM_CNN model on the test set: 62.597368 %
Accuracy of the ParallelCNNLSTMModel model on the test set: 65.268265 %
#### TESTING TOTAL TIME: 3.565 ####
#### TIME #### TERMINO #### 31129.658 ####
#### FINITO #### TERMINO #### NO-VA-MAS ####
#### TIMES #### modelling TOTAL TOTAL ==>> 31129.658
#### #### READING DATA FILES #### ####
409 #### COMBI [reg, sid, ban, sec, men, med, sum, max, aci, mmm, hfq, htp, aei] METRICS ####
('Plantation', '/home/vargas/repos/forests-sounds-vargas/out/data/extraction/Plantation/2_00_PSA0010-2010_dict_y_split_7_2512283_1736694580.pkl')
(297840, 13) Index(['reg', 'sid', 'ban', 'sec', 'men', 'med', 'sum', 'max', 'aci', 'mmm',
       'hfq'],
      dtype='object') Index(['ban', 'sec', 'men', 'med', 'sum', 'max', 'aci', 'mmm', 'hfq', 'htp',
       'aei'],
      dtype='object')
#### MERGE 68 merge_data Dataframe shape: (297840, 13) #### time: 39
#### #### SPLIT TRAIN TEST #### ####
#### CLASSES: [0 1 2 3] TOTAL 4
#### SPLIT train_test_split and CUDA: ??? cuda:0 #### time: 34
#### MODELS - TOTAL 3 ####
#### EPOCHS 1 ####
#### TRAINING MODELS ####
#### TRAINING MODEL CNN_LSTM ####
#### TRAINED MODEL CNN_LSTM model training time: 6.865 total training time: 6.876 ####
#### TRAINING MODEL LSTM_CNN ####
#### TRAINED MODEL LSTM_CNN model training time: 7.767 total training time: 14.643 ####
#### TRAINING MODEL ParallelCNNLSTMModel ####
#### TRAINED MODEL ParallelCNNLSTMModel model training time: 7.993 total training time: 22.636 ####
#### TRAINING TOTAL TIME: 22.625 ####
Accuracy of the CNN_LSTM model on the test set: 61.699234 %
Accuracy of the LSTM_CNN model on the test set: 62.906258 %
Accuracy of the ParallelCNNLSTMModel model on the test set: 64.427209 %
#### TESTING TOTAL TIME: 3.701 ####
#### TIME #### TERMINO #### 31203.919 ####
#### FINITO #### TERMINO #### NO-VA-MAS ####
#### TIMES #### modelling TOTAL TOTAL ==>> 31203.919
#### #### READING DATA FILES #### ####
410 #### COMBI [reg, sid, ban, sec, men, med, sum, max, aci, mmm, hfq, hhh, aei] METRICS ####
('Plantation', '/home/vargas/repos/forests-sounds-vargas/out/data/extraction/Plantation/2_00_PSA0010-2010_dict_y_split_7_2512283_1736694580.pkl')
(297840, 13) Index(['reg', 'sid', 'ban', 'sec', 'men', 'med', 'sum', 'max', 'aci', 'mmm',
       'hfq'],
      dtype='object') Index(['ban', 'sec', 'men', 'med', 'sum', 'max', 'aci', 'mmm', 'hfq', 'hhh',
       'aei'],
      dtype='object')
#### MERGE 68 merge_data Dataframe shape: (297840, 13) #### time: 41
#### #### SPLIT TRAIN TEST #### ####
#### CLASSES: [0 1 2 3] TOTAL 4
#### SPLIT train_test_split and CUDA: ??? cuda:0 #### time: 35
#### MODELS - TOTAL 3 ####
#### EPOCHS 1 ####
#### TRAINING MODELS ####
#### TRAINING MODEL CNN_LSTM ####
#### TRAINED MODEL CNN_LSTM model training time: 6.695 total training time: 6.706 ####
#### TRAINING MODEL LSTM_CNN ####
#### TRAINED MODEL LSTM_CNN model training time: 7.936 total training time: 14.642 ####
#### TRAINING MODEL ParallelCNNLSTMModel ####
#### TRAINED MODEL ParallelCNNLSTMModel model training time: 7.858 total training time: 22.5 ####
#### TRAINING TOTAL TIME: 22.489 ####
Accuracy of the CNN_LSTM model on the test set: 61.022697 %
Accuracy of the LSTM_CNN model on the test set: 64.885509 %
Accuracy of the ParallelCNNLSTMModel model on the test set: 66.47361 %
#### TESTING TOTAL TIME: 3.707 ####
#### TIME #### TERMINO #### 31280.839 ####
#### FINITO #### TERMINO #### NO-VA-MAS ####
#### TIMES #### modelling TOTAL TOTAL ==>> 31280.839
#### #### READING DATA FILES #### ####
411 #### COMBI [reg, sid, ban, sec, men, med, sum, max, aci, mmm, htp, hhh, aei] METRICS ####
('Plantation', '/home/vargas/repos/forests-sounds-vargas/out/data/extraction/Plantation/2_00_PSA0010-2010_dict_y_split_7_2512283_1736694580.pkl')
(297840, 13) Index(['reg', 'sid', 'ban', 'sec', 'men', 'med', 'sum', 'max', 'aci', 'mmm',
       'htp'],
      dtype='object') Index(['ban', 'sec', 'men', 'med', 'sum', 'max', 'aci', 'mmm', 'htp', 'hhh',
       'aei'],
      dtype='object')
#### MERGE 68 merge_data Dataframe shape: (297840, 13) #### time: 38
#### #### SPLIT TRAIN TEST #### ####
#### CLASSES: [0 1 2 3] TOTAL 4
#### SPLIT train_test_split and CUDA: ??? cuda:0 #### time: 35
#### MODELS - TOTAL 3 ####
#### EPOCHS 1 ####
#### TRAINING MODELS ####
#### TRAINING MODEL CNN_LSTM ####
#### TRAINED MODEL CNN_LSTM model training time: 6.842 total training time: 6.853 ####
#### TRAINING MODEL LSTM_CNN ####
#### TRAINED MODEL LSTM_CNN model training time: 7.738 total training time: 14.591 ####
#### TRAINING MODEL ParallelCNNLSTMModel ####
#### TRAINED MODEL ParallelCNNLSTMModel model training time: 7.97 total training time: 22.561 ####
#### TRAINING TOTAL TIME: 22.55 ####
Accuracy of the CNN_LSTM model on the test set: 62.263296 %
Accuracy of the LSTM_CNN model on the test set: 65.105426 %
Accuracy of the ParallelCNNLSTMModel model on the test set: 66.849651 %
#### TESTING TOTAL TIME: 3.552 ####
#### TIME #### TERMINO #### 31354.393 ####
#### FINITO #### TERMINO #### NO-VA-MAS ####
#### TIMES #### modelling TOTAL TOTAL ==>> 31354.393
#### #### READING DATA FILES #### ####
412 #### COMBI [reg, sid, ban, sec, men, med, sum, max, aci, npp, hfq, htp, hhh] METRICS ####
('Plantation', '/home/vargas/repos/forests-sounds-vargas/out/data/extraction/Plantation/2_00_PSA0010-2010_dict_y_split_7_2512283_1736694580.pkl')
(297840, 13) Index(['reg', 'sid', 'ban', 'sec', 'men', 'med', 'sum', 'max', 'aci', 'npp',
       'hfq'],
      dtype='object') Index(['ban', 'sec', 'men', 'med', 'sum', 'max', 'aci', 'npp', 'hfq', 'htp',
       'hhh'],
      dtype='object')
#### MERGE 68 merge_data Dataframe shape: (297840, 13) #### time: 39
#### #### SPLIT TRAIN TEST #### ####
#### CLASSES: [0 1 2 3] TOTAL 4
#### SPLIT train_test_split and CUDA: ??? cuda:0 #### time: 35
#### MODELS - TOTAL 3 ####
#### EPOCHS 1 ####
#### TRAINING MODELS ####
#### TRAINING MODEL CNN_LSTM ####
#### TRAINED MODEL CNN_LSTM model training time: 6.866 total training time: 6.877 ####
#### TRAINING MODEL LSTM_CNN ####
#### TRAINED MODEL LSTM_CNN model training time: 7.921 total training time: 14.799 ####
#### TRAINING MODEL ParallelCNNLSTMModel ####
#### TRAINED MODEL ParallelCNNLSTMModel model training time: 7.834 total training time: 22.633 ####
#### TRAINING TOTAL TIME: 22.621 ####
Accuracy of the CNN_LSTM model on the test set: 83.667405 %
Accuracy of the LSTM_CNN model on the test set: 85.341123 %
Accuracy of the ParallelCNNLSTMModel model on the test set: 87.686342 %
#### TESTING TOTAL TIME: 3.692 ####
#### TIME #### TERMINO #### 31428.695 ####
#### FINITO #### TERMINO #### NO-VA-MAS ####
#### TIMES #### modelling TOTAL TOTAL ==>> 31428.695
#### #### READING DATA FILES #### ####
413 #### COMBI [reg, sid, ban, sec, men, med, sum, max, aci, npp, hfq, htp, aei] METRICS ####
('Plantation', '/home/vargas/repos/forests-sounds-vargas/out/data/extraction/Plantation/2_00_PSA0010-2010_dict_y_split_7_2512283_1736694580.pkl')
(297840, 13) Index(['reg', 'sid', 'ban', 'sec', 'men', 'med', 'sum', 'max', 'aci', 'npp',
       'hfq'],
      dtype='object') Index(['ban', 'sec', 'men', 'med', 'sum', 'max', 'aci', 'npp', 'hfq', 'htp',
       'aei'],
      dtype='object')
#### MERGE 68 merge_data Dataframe shape: (297840, 13) #### time: 39
#### #### SPLIT TRAIN TEST #### ####
#### CLASSES: [0 1 2 3] TOTAL 4
#### SPLIT train_test_split and CUDA: ??? cuda:0 #### time: 35
#### MODELS - TOTAL 3 ####
#### EPOCHS 1 ####
#### TRAINING MODELS ####
#### TRAINING MODEL CNN_LSTM ####
#### TRAINED MODEL CNN_LSTM model training time: 6.855 total training time: 6.866 ####
#### TRAINING MODEL LSTM_CNN ####
#### TRAINED MODEL LSTM_CNN model training time: 7.768 total training time: 14.634 ####
#### TRAINING MODEL ParallelCNNLSTMModel ####
#### TRAINED MODEL ParallelCNNLSTMModel model training time: 7.967 total training time: 22.601 ####
#### TRAINING TOTAL TIME: 22.59 ####
Accuracy of the CNN_LSTM model on the test set: 83.4861 %
Accuracy of the LSTM_CNN model on the test set: 82.781023 %
Accuracy of the ParallelCNNLSTMModel model on the test set: 85.740666 %
#### TESTING TOTAL TIME: 3.552 ####
#### TIME #### TERMINO #### 31502.775 ####
#### FINITO #### TERMINO #### NO-VA-MAS ####
#### TIMES #### modelling TOTAL TOTAL ==>> 31502.775
#### #### READING DATA FILES #### ####
414 #### COMBI [reg, sid, ban, sec, men, med, sum, max, aci, npp, hfq, hhh, aei] METRICS ####
('Plantation', '/home/vargas/repos/forests-sounds-vargas/out/data/extraction/Plantation/2_00_PSA0010-2010_dict_y_split_7_2512283_1736694580.pkl')
(297840, 13) Index(['reg', 'sid', 'ban', 'sec', 'men', 'med', 'sum', 'max', 'aci', 'npp',
       'hfq'],
      dtype='object') Index(['ban', 'sec', 'men', 'med', 'sum', 'max', 'aci', 'npp', 'hfq', 'hhh',
       'aei'],
      dtype='object')
#### MERGE 68 merge_data Dataframe shape: (297840, 13) #### time: 41
#### #### SPLIT TRAIN TEST #### ####
#### CLASSES: [0 1 2 3] TOTAL 4
#### SPLIT train_test_split and CUDA: ??? cuda:0 #### time: 35
#### MODELS - TOTAL 3 ####
#### EPOCHS 1 ####
#### TRAINING MODELS ####
#### TRAINING MODEL CNN_LSTM ####
#### TRAINED MODEL CNN_LSTM model training time: 6.862 total training time: 6.873 ####
#### TRAINING MODEL LSTM_CNN ####
#### TRAINED MODEL LSTM_CNN model training time: 7.923 total training time: 14.796 ####
#### TRAINING MODEL ParallelCNNLSTMModel ####
#### TRAINED MODEL ParallelCNNLSTMModel model training time: 7.836 total training time: 22.632 ####
#### TRAINING TOTAL TIME: 22.621 ####
Accuracy of the CNN_LSTM model on the test set: 85.421703 %
Accuracy of the LSTM_CNN model on the test set: 83.709374 %
Accuracy of the ParallelCNNLSTMModel model on the test set: 85.970655 %
#### TESTING TOTAL TIME: 3.717 ####
#### TIME #### TERMINO #### 31579.474 ####
#### FINITO #### TERMINO #### NO-VA-MAS ####
#### TIMES #### modelling TOTAL TOTAL ==>> 31579.474
#### #### READING DATA FILES #### ####
415 #### COMBI [reg, sid, ban, sec, men, med, sum, max, aci, npp, htp, hhh, aei] METRICS ####
('Plantation', '/home/vargas/repos/forests-sounds-vargas/out/data/extraction/Plantation/2_00_PSA0010-2010_dict_y_split_7_2512283_1736694580.pkl')
(297840, 13) Index(['reg', 'sid', 'ban', 'sec', 'men', 'med', 'sum', 'max', 'aci', 'npp',
       'htp'],
      dtype='object') Index(['ban', 'sec', 'men', 'med', 'sum', 'max', 'aci', 'npp', 'htp', 'hhh',
       'aei'],
      dtype='object')
#### MERGE 68 merge_data Dataframe shape: (297840, 13) #### time: 38
#### #### SPLIT TRAIN TEST #### ####
#### CLASSES: [0 1 2 3] TOTAL 4
#### SPLIT train_test_split and CUDA: ??? cuda:0 #### time: 35
#### MODELS - TOTAL 3 ####
#### EPOCHS 1 ####
#### TRAINING MODELS ####
#### TRAINING MODEL CNN_LSTM ####
#### TRAINED MODEL CNN_LSTM model training time: 6.418 total training time: 6.429 ####
#### TRAINING MODEL LSTM_CNN ####
#### TRAINED MODEL LSTM_CNN model training time: 7.663 total training time: 14.092 ####
#### TRAINING MODEL ParallelCNNLSTMModel ####
#### TRAINED MODEL ParallelCNNLSTMModel model training time: 7.722 total training time: 21.814 ####
#### TRAINING TOTAL TIME: 21.803 ####
Accuracy of the CNN_LSTM model on the test set: 83.833602 %
Accuracy of the LSTM_CNN model on the test set: 70.240733 %
Accuracy of the ParallelCNNLSTMModel model on the test set: 87.677948 %
#### TESTING TOTAL TIME: 3.562 ####
#### TIME #### TERMINO #### 31652.265 ####
#### FINITO #### TERMINO #### NO-VA-MAS ####
#### TIMES #### modelling TOTAL TOTAL ==>> 31652.265
#### #### READING DATA FILES #### ####
416 #### COMBI [reg, sid, ban, sec, men, med, sum, max, aci, hfq, htp, hhh, aei] METRICS ####
('Plantation', '/home/vargas/repos/forests-sounds-vargas/out/data/extraction/Plantation/2_00_PSA0010-2010_dict_y_split_7_2512283_1736694580.pkl')
(297840, 13) Index(['reg', 'sid', 'ban', 'sec', 'men', 'med', 'sum', 'max', 'aci', 'hfq',
       'htp'],
      dtype='object') Index(['ban', 'sec', 'men', 'med', 'sum', 'max', 'aci', 'hfq', 'htp', 'hhh',
       'aei'],
      dtype='object')
#### MERGE 68 merge_data Dataframe shape: (297840, 13) #### time: 38
#### #### SPLIT TRAIN TEST #### ####
#### CLASSES: [0 1 2 3] TOTAL 4
#### SPLIT train_test_split and CUDA: ??? cuda:0 #### time: 34
#### MODELS - TOTAL 3 ####
#### EPOCHS 1 ####
#### TRAINING MODELS ####
#### TRAINING MODEL CNN_LSTM ####
#### TRAINED MODEL CNN_LSTM model training time: 6.744 total training time: 6.756 ####
#### TRAINING MODEL LSTM_CNN ####
#### TRAINED MODEL LSTM_CNN model training time: 7.816 total training time: 14.572 ####
#### TRAINING MODEL ParallelCNNLSTMModel ####
#### TRAINED MODEL ParallelCNNLSTMModel model training time: 7.745 total training time: 22.317 ####
#### TRAINING TOTAL TIME: 22.306 ####
Accuracy of the CNN_LSTM model on the test set: 61.215753 %
Accuracy of the LSTM_CNN model on the test set: 65.039954 %
Accuracy of the ParallelCNNLSTMModel model on the test set: 67.06621 %
#### TESTING TOTAL TIME: 3.698 ####
#### TIME #### TERMINO #### 31726.716 ####
#### FINITO #### TERMINO #### NO-VA-MAS ####
#### TIMES #### modelling TOTAL TOTAL ==>> 31726.716
#### #### READING DATA FILES #### ####
417 #### COMBI [reg, sid, ban, sec, men, med, sum, max, bet, mmm, npp, hfq, htp] METRICS ####
('Plantation', '/home/vargas/repos/forests-sounds-vargas/out/data/extraction/Plantation/2_00_PSA0010-2010_dict_y_split_7_2512283_1736694580.pkl')
(297840, 13) Index(['reg', 'sid', 'ban', 'sec', 'men', 'med', 'sum', 'max', 'bet', 'mmm',
       'npp'],
      dtype='object') Index(['ban', 'sec', 'men', 'med', 'sum', 'max', 'bet', 'mmm', 'npp', 'hfq',
       'htp'],
      dtype='object')
#### MERGE 68 merge_data Dataframe shape: (297840, 13) #### time: 39
#### #### SPLIT TRAIN TEST #### ####
#### CLASSES: [0 1 2 3] TOTAL 4
#### SPLIT train_test_split and CUDA: ??? cuda:0 #### time: 35
#### MODELS - TOTAL 3 ####
#### EPOCHS 1 ####
#### TRAINING MODELS ####
#### TRAINING MODEL CNN_LSTM ####
#### TRAINED MODEL CNN_LSTM model training time: 6.6 total training time: 6.611 ####
#### TRAINING MODEL LSTM_CNN ####
#### TRAINED MODEL LSTM_CNN model training time: 7.82 total training time: 14.432 ####
#### TRAINING MODEL ParallelCNNLSTMModel ####
#### TRAINED MODEL ParallelCNNLSTMModel model training time: 7.897 total training time: 22.329 ####
#### TRAINING TOTAL TIME: 22.317 ####
Accuracy of the CNN_LSTM model on the test set: 87.127317 %
Accuracy of the LSTM_CNN model on the test set: 59.63101 %
Accuracy of the ParallelCNNLSTMModel model on the test set: 93.33199 %
#### TESTING TOTAL TIME: 3.555 ####
#### TIME #### TERMINO #### 31801.085 ####
#### FINITO #### TERMINO #### NO-VA-MAS ####
#### TIMES #### modelling TOTAL TOTAL ==>> 31801.085
#### #### READING DATA FILES #### ####
418 #### COMBI [reg, sid, ban, sec, men, med, sum, max, bet, mmm, npp, hfq, hhh] METRICS ####
('Plantation', '/home/vargas/repos/forests-sounds-vargas/out/data/extraction/Plantation/2_00_PSA0010-2010_dict_y_split_7_2512283_1736694580.pkl')
(297840, 13) Index(['reg', 'sid', 'ban', 'sec', 'men', 'med', 'sum', 'max', 'bet', 'mmm',
       'npp'],
      dtype='object') Index(['ban', 'sec', 'men', 'med', 'sum', 'max', 'bet', 'mmm', 'npp', 'hfq',
       'hhh'],
      dtype='object')
#### MERGE 68 merge_data Dataframe shape: (297840, 13) #### time: 39
#### #### SPLIT TRAIN TEST #### ####
#### CLASSES: [0 1 2 3] TOTAL 4
#### SPLIT train_test_split and CUDA: ??? cuda:0 #### time: 35
#### MODELS - TOTAL 3 ####
#### EPOCHS 1 ####
#### TRAINING MODELS ####
#### TRAINING MODEL CNN_LSTM ####
#### TRAINED MODEL CNN_LSTM model training time: 6.844 total training time: 6.855 ####
#### TRAINING MODEL LSTM_CNN ####
#### TRAINED MODEL LSTM_CNN model training time: 7.767 total training time: 14.621 ####
#### TRAINING MODEL ParallelCNNLSTMModel ####
#### TRAINED MODEL ParallelCNNLSTMModel model training time: 7.988 total training time: 22.609 ####
#### TRAINING TOTAL TIME: 22.598 ####
Accuracy of the CNN_LSTM model on the test set: 92.257588 %
Accuracy of the LSTM_CNN model on the test set: 60.626511 %
Accuracy of the ParallelCNNLSTMModel model on the test set: 92.929089 %
#### TESTING TOTAL TIME: 3.709 ####
#### TIME #### TERMINO #### 31876.456 ####
#### FINITO #### TERMINO #### NO-VA-MAS ####
#### TIMES #### modelling TOTAL TOTAL ==>> 31876.456
#### #### READING DATA FILES #### ####
419 #### COMBI [reg, sid, ban, sec, men, med, sum, max, bet, mmm, npp, hfq, aei] METRICS ####
('Plantation', '/home/vargas/repos/forests-sounds-vargas/out/data/extraction/Plantation/2_00_PSA0010-2010_dict_y_split_7_2512283_1736694580.pkl')
(297840, 13) Index(['reg', 'sid', 'ban', 'sec', 'men', 'med', 'sum', 'max', 'bet', 'mmm',
       'npp'],
      dtype='object') Index(['ban', 'sec', 'men', 'med', 'sum', 'max', 'bet', 'mmm', 'npp', 'hfq',
       'aei'],
      dtype='object')
#### MERGE 68 merge_data Dataframe shape: (297840, 13) #### time: 38
#### #### SPLIT TRAIN TEST #### ####
#### CLASSES: [0 1 2 3] TOTAL 4
#### SPLIT train_test_split and CUDA: ??? cuda:0 #### time: 35
#### MODELS - TOTAL 3 ####
#### EPOCHS 1 ####
#### TRAINING MODELS ####
#### TRAINING MODEL CNN_LSTM ####
#### TRAINED MODEL CNN_LSTM model training time: 6.712 total training time: 6.724 ####
#### TRAINING MODEL LSTM_CNN ####
#### TRAINED MODEL LSTM_CNN model training time: 7.915 total training time: 14.639 ####
#### TRAINING MODEL ParallelCNNLSTMModel ####
#### TRAINED MODEL ParallelCNNLSTMModel model training time: 7.827 total training time: 22.466 ####
#### TRAINING TOTAL TIME: 22.454 ####
Accuracy of the CNN_LSTM model on the test set: 92.544655 %
Accuracy of the LSTM_CNN model on the test set: 87.896186 %
Accuracy of the ParallelCNNLSTMModel model on the test set: 92.720924 %
#### TESTING TOTAL TIME: 3.69 ####
#### TIME #### TERMINO #### 31950.24 ####
#### FINITO #### TERMINO #### NO-VA-MAS ####
#### TIMES #### modelling TOTAL TOTAL ==>> 31950.24
#### #### READING DATA FILES #### ####
420 #### COMBI [reg, sid, ban, sec, men, med, sum, max, bet, mmm, npp, htp, hhh] METRICS ####
('Plantation', '/home/vargas/repos/forests-sounds-vargas/out/data/extraction/Plantation/2_00_PSA0010-2010_dict_y_split_7_2512283_1736694580.pkl')
(297840, 13) Index(['reg', 'sid', 'ban', 'sec', 'men', 'med', 'sum', 'max', 'bet', 'mmm',
       'npp'],
      dtype='object') Index(['ban', 'sec', 'men', 'med', 'sum', 'max', 'bet', 'mmm', 'npp', 'htp',
       'hhh'],
      dtype='object')
#### MERGE 68 merge_data Dataframe shape: (297840, 13) #### time: 39
#### #### SPLIT TRAIN TEST #### ####
#### CLASSES: [0 1 2 3] TOTAL 4
#### SPLIT train_test_split and CUDA: ??? cuda:0 #### time: 35
#### MODELS - TOTAL 3 ####
#### EPOCHS 1 ####
#### TRAINING MODELS ####
#### TRAINING MODEL CNN_LSTM ####
#### TRAINED MODEL CNN_LSTM model training time: 6.851 total training time: 6.862 ####
#### TRAINING MODEL LSTM_CNN ####
#### TRAINED MODEL LSTM_CNN model training time: 7.774 total training time: 14.636 ####
#### TRAINING MODEL ParallelCNNLSTMModel ####
#### TRAINED MODEL ParallelCNNLSTMModel model training time: 7.998 total training time: 22.633 ####
#### TRAINING TOTAL TIME: 22.622 ####
Accuracy of the CNN_LSTM model on the test set: 92.4305 %
Accuracy of the LSTM_CNN model on the test set: 63.317553 %
Accuracy of the ParallelCNNLSTMModel model on the test set: 93.424322 %
#### TESTING TOTAL TIME: 3.556 ####
#### TIME #### TERMINO #### 32025.109 ####
#### FINITO #### TERMINO #### NO-VA-MAS ####
#### TIMES #### modelling TOTAL TOTAL ==>> 32025.109
#### #### READING DATA FILES #### ####
421 #### COMBI [reg, sid, ban, sec, men, med, sum, max, bet, mmm, npp, htp, aei] METRICS ####
('Plantation', '/home/vargas/repos/forests-sounds-vargas/out/data/extraction/Plantation/2_00_PSA0010-2010_dict_y_split_7_2512283_1736694580.pkl')
(297840, 13) Index(['reg', 'sid', 'ban', 'sec', 'men', 'med', 'sum', 'max', 'bet', 'mmm',
       'npp'],
      dtype='object') Index(['ban', 'sec', 'men', 'med', 'sum', 'max', 'bet', 'mmm', 'npp', 'htp',
       'aei'],
      dtype='object')
#### MERGE 68 merge_data Dataframe shape: (297840, 13) #### time: 40
#### #### SPLIT TRAIN TEST #### ####
#### CLASSES: [0 1 2 3] TOTAL 4
#### SPLIT train_test_split and CUDA: ??? cuda:0 #### time: 35
#### MODELS - TOTAL 3 ####
#### EPOCHS 1 ####
#### TRAINING MODELS ####
#### TRAINING MODEL CNN_LSTM ####
#### TRAINED MODEL CNN_LSTM model training time: 6.871 total training time: 6.883 ####
#### TRAINING MODEL LSTM_CNN ####
#### TRAINED MODEL LSTM_CNN model training time: 7.906 total training time: 14.788 ####
#### TRAINING MODEL ParallelCNNLSTMModel ####
#### TRAINED MODEL ParallelCNNLSTMModel model training time: 7.736 total training time: 22.525 ####
#### TRAINING TOTAL TIME: 22.514 ####
Accuracy of the CNN_LSTM model on the test set: 92.388531 %
Accuracy of the LSTM_CNN model on the test set: 80.714478 %
Accuracy of the ParallelCNNLSTMModel model on the test set: 92.858582 %
#### TESTING TOTAL TIME: 3.683 ####
#### TIME #### TERMINO #### 32100.444 ####
#### FINITO #### TERMINO #### NO-VA-MAS ####
#### TIMES #### modelling TOTAL TOTAL ==>> 32100.444
#### #### READING DATA FILES #### ####
422 #### COMBI [reg, sid, ban, sec, men, med, sum, max, bet, mmm, npp, hhh, aei] METRICS ####
('Plantation', '/home/vargas/repos/forests-sounds-vargas/out/data/extraction/Plantation/2_00_PSA0010-2010_dict_y_split_7_2512283_1736694580.pkl')
(297840, 13) Index(['reg', 'sid', 'ban', 'sec', 'men', 'med', 'sum', 'max', 'bet', 'mmm',
       'npp'],
      dtype='object') Index(['ban', 'sec', 'men', 'med', 'sum', 'max', 'bet', 'mmm', 'npp', 'hhh',
       'aei'],
      dtype='object')
#### MERGE 68 merge_data Dataframe shape: (297840, 13) #### time: 41
#### #### SPLIT TRAIN TEST #### ####
#### CLASSES: [0 1 2 3] TOTAL 4
#### SPLIT train_test_split and CUDA: ??? cuda:0 #### time: 35
#### MODELS - TOTAL 3 ####
#### EPOCHS 1 ####
#### TRAINING MODELS ####
#### TRAINING MODEL CNN_LSTM ####
#### TRAINED MODEL CNN_LSTM model training time: 6.657 total training time: 6.668 ####
#### TRAINING MODEL LSTM_CNN ####
#### TRAINED MODEL LSTM_CNN model training time: 7.948 total training time: 14.616 ####
#### TRAINING MODEL ParallelCNNLSTMModel ####
#### TRAINED MODEL ParallelCNNLSTMModel model training time: 8.035 total training time: 22.652 ####
#### TRAINING TOTAL TIME: 22.641 ####
Accuracy of the CNN_LSTM model on the test set: 90.159146 %
Accuracy of the LSTM_CNN model on the test set: 72.57588 %
Accuracy of the ParallelCNNLSTMModel model on the test set: 93.373959 %
#### TESTING TOTAL TIME: 3.61 ####
#### TIME #### TERMINO #### 32177.235 ####
#### FINITO #### TERMINO #### NO-VA-MAS ####
#### TIMES #### modelling TOTAL TOTAL ==>> 32177.235
#### #### READING DATA FILES #### ####
423 #### COMBI [reg, sid, ban, sec, men, med, sum, max, bet, mmm, hfq, htp, hhh] METRICS ####
('Plantation', '/home/vargas/repos/forests-sounds-vargas/out/data/extraction/Plantation/2_00_PSA0010-2010_dict_y_split_7_2512283_1736694580.pkl')
(297840, 13) Index(['reg', 'sid', 'ban', 'sec', 'men', 'med', 'sum', 'max', 'bet', 'mmm',
       'hfq'],
      dtype='object') Index(['ban', 'sec', 'men', 'med', 'sum', 'max', 'bet', 'mmm', 'hfq', 'htp',
       'hhh'],
      dtype='object')
#### MERGE 68 merge_data Dataframe shape: (297840, 13) #### time: 41
#### #### SPLIT TRAIN TEST #### ####
#### CLASSES: [0 1 2 3] TOTAL 4
#### SPLIT train_test_split and CUDA: ??? cuda:0 #### time: 35
#### MODELS - TOTAL 3 ####
#### EPOCHS 1 ####
#### TRAINING MODELS ####
#### TRAINING MODEL CNN_LSTM ####
#### TRAINED MODEL CNN_LSTM model training time: 6.887 total training time: 6.899 ####
#### TRAINING MODEL LSTM_CNN ####
#### TRAINED MODEL LSTM_CNN model training time: 7.95 total training time: 14.849 ####
#### TRAINING MODEL ParallelCNNLSTMModel ####
#### TRAINED MODEL ParallelCNNLSTMModel model training time: 7.864 total training time: 22.712 ####
#### TRAINING TOTAL TIME: 22.701 ####
Accuracy of the CNN_LSTM model on the test set: 78.882957 %
Accuracy of the LSTM_CNN model on the test set: 57.782702 %
Accuracy of the ParallelCNNLSTMModel model on the test set: 81.04855 %
#### TESTING TOTAL TIME: 3.709 ####
#### TIME #### TERMINO #### 32253.816 ####
#### FINITO #### TERMINO #### NO-VA-MAS ####
#### TIMES #### modelling TOTAL TOTAL ==>> 32253.816
#### #### READING DATA FILES #### ####
424 #### COMBI [reg, sid, ban, sec, men, med, sum, max, bet, mmm, hfq, htp, aei] METRICS ####
('Plantation', '/home/vargas/repos/forests-sounds-vargas/out/data/extraction/Plantation/2_00_PSA0010-2010_dict_y_split_7_2512283_1736694580.pkl')
(297840, 13) Index(['reg', 'sid', 'ban', 'sec', 'men', 'med', 'sum', 'max', 'bet', 'mmm',
       'hfq'],
      dtype='object') Index(['ban', 'sec', 'men', 'med', 'sum', 'max', 'bet', 'mmm', 'hfq', 'htp',
       'aei'],
      dtype='object')
#### MERGE 68 merge_data Dataframe shape: (297840, 13) #### time: 40
#### #### SPLIT TRAIN TEST #### ####
#### CLASSES: [0 1 2 3] TOTAL 4
#### SPLIT train_test_split and CUDA: ??? cuda:0 #### time: 35
#### MODELS - TOTAL 3 ####
#### EPOCHS 1 ####
#### TRAINING MODELS ####
#### TRAINING MODEL CNN_LSTM ####
#### TRAINED MODEL CNN_LSTM model training time: 6.734 total training time: 6.745 ####
#### TRAINING MODEL LSTM_CNN ####
#### TRAINED MODEL LSTM_CNN model training time: 7.97 total training time: 14.715 ####
#### TRAINING MODEL ParallelCNNLSTMModel ####
#### TRAINED MODEL ParallelCNNLSTMModel model training time: 7.982 total training time: 22.697 ####
#### TRAINING TOTAL TIME: 22.686 ####
Accuracy of the CNN_LSTM model on the test set: 78.245031 %
Accuracy of the LSTM_CNN model on the test set: 56.782165 %
Accuracy of the ParallelCNNLSTMModel model on the test set: 79.947287 %
#### TESTING TOTAL TIME: 3.571 ####
#### TIME #### TERMINO #### 32329.03 ####
#### FINITO #### TERMINO #### NO-VA-MAS ####
#### TIMES #### modelling TOTAL TOTAL ==>> 32329.03
#### #### READING DATA FILES #### ####
425 #### COMBI [reg, sid, ban, sec, men, med, sum, max, bet, mmm, hfq, hhh, aei] METRICS ####
('Plantation', '/home/vargas/repos/forests-sounds-vargas/out/data/extraction/Plantation/2_00_PSA0010-2010_dict_y_split_7_2512283_1736694580.pkl')
(297840, 13) Index(['reg', 'sid', 'ban', 'sec', 'men', 'med', 'sum', 'max', 'bet', 'mmm',
       'hfq'],
      dtype='object') Index(['ban', 'sec', 'men', 'med', 'sum', 'max', 'bet', 'mmm', 'hfq', 'hhh',
       'aei'],
      dtype='object')
#### MERGE 68 merge_data Dataframe shape: (297840, 13) #### time: 38
#### #### SPLIT TRAIN TEST #### ####
#### CLASSES: [0 1 2 3] TOTAL 4
#### SPLIT train_test_split and CUDA: ??? cuda:0 #### time: 35
#### MODELS - TOTAL 3 ####
#### EPOCHS 1 ####
#### TRAINING MODELS ####
#### TRAINING MODEL CNN_LSTM ####
#### TRAINED MODEL CNN_LSTM model training time: 6.85 total training time: 6.862 ####
#### TRAINING MODEL LSTM_CNN ####
#### TRAINED MODEL LSTM_CNN model training time: 7.716 total training time: 14.578 ####
#### TRAINING MODEL ParallelCNNLSTMModel ####
#### TRAINED MODEL ParallelCNNLSTMModel model training time: 7.963 total training time: 22.541 ####
#### TRAINING TOTAL TIME: 22.53 ####
Accuracy of the CNN_LSTM model on the test set: 78.626108 %
Accuracy of the LSTM_CNN model on the test set: 57.673583 %
Accuracy of the ParallelCNNLSTMModel model on the test set: 79.314397 %
#### TESTING TOTAL TIME: 3.709 ####
#### TIME #### TERMINO #### 32402.774 ####
#### FINITO #### TERMINO #### NO-VA-MAS ####
#### TIMES #### modelling TOTAL TOTAL ==>> 32402.774
#### #### READING DATA FILES #### ####
426 #### COMBI [reg, sid, ban, sec, men, med, sum, max, bet, mmm, htp, hhh, aei] METRICS ####
('Plantation', '/home/vargas/repos/forests-sounds-vargas/out/data/extraction/Plantation/2_00_PSA0010-2010_dict_y_split_7_2512283_1736694580.pkl')
(297840, 13) Index(['reg', 'sid', 'ban', 'sec', 'men', 'med', 'sum', 'max', 'bet', 'mmm',
       'htp'],
      dtype='object') Index(['ban', 'sec', 'men', 'med', 'sum', 'max', 'bet', 'mmm', 'htp', 'hhh',
       'aei'],
      dtype='object')
#### MERGE 68 merge_data Dataframe shape: (297840, 13) #### time: 38
#### #### SPLIT TRAIN TEST #### ####
#### CLASSES: [0 1 2 3] TOTAL 4
#### SPLIT train_test_split and CUDA: ??? cuda:0 #### time: 35
#### MODELS - TOTAL 3 ####
#### EPOCHS 1 ####
#### TRAINING MODELS ####
#### TRAINING MODEL CNN_LSTM ####
#### TRAINED MODEL CNN_LSTM model training time: 6.725 total training time: 6.737 ####
#### TRAINING MODEL LSTM_CNN ####
#### TRAINED MODEL LSTM_CNN model training time: 7.938 total training time: 14.675 ####
#### TRAINING MODEL ParallelCNNLSTMModel ####
#### TRAINED MODEL ParallelCNNLSTMModel model training time: 7.988 total training time: 22.663 ####
#### TRAINING TOTAL TIME: 22.652 ####
Accuracy of the CNN_LSTM model on the test set: 76.839914 %
Accuracy of the LSTM_CNN model on the test set: 56.845958 %
Accuracy of the ParallelCNNLSTMModel model on the test set: 79.478915 %
#### TESTING TOTAL TIME: 3.594 ####
#### TIME #### TERMINO #### 32476.922 ####
#### FINITO #### TERMINO #### NO-VA-MAS ####
#### TIMES #### modelling TOTAL TOTAL ==>> 32476.922
#### #### READING DATA FILES #### ####
427 #### COMBI [reg, sid, ban, sec, men, med, sum, max, bet, npp, hfq, htp, hhh] METRICS ####
('Plantation', '/home/vargas/repos/forests-sounds-vargas/out/data/extraction/Plantation/2_00_PSA0010-2010_dict_y_split_7_2512283_1736694580.pkl')
(297840, 13) Index(['reg', 'sid', 'ban', 'sec', 'men', 'med', 'sum', 'max', 'bet', 'npp',
       'hfq'],
      dtype='object') Index(['ban', 'sec', 'men', 'med', 'sum', 'max', 'bet', 'npp', 'hfq', 'htp',
       'hhh'],
      dtype='object')
#### MERGE 68 merge_data Dataframe shape: (297840, 13) #### time: 40
#### #### SPLIT TRAIN TEST #### ####
#### CLASSES: [0 1 2 3] TOTAL 4
#### SPLIT train_test_split and CUDA: ??? cuda:0 #### time: 34
#### MODELS - TOTAL 3 ####
#### EPOCHS 1 ####
#### TRAINING MODELS ####
#### TRAINING MODEL CNN_LSTM ####
#### TRAINED MODEL CNN_LSTM model training time: 6.877 total training time: 6.888 ####
#### TRAINING MODEL LSTM_CNN ####
#### TRAINED MODEL LSTM_CNN model training time: 7.83 total training time: 14.718 ####
#### TRAINING MODEL ParallelCNNLSTMModel ####
#### TRAINED MODEL ParallelCNNLSTMModel model training time: 8.023 total training time: 22.741 ####
#### TRAINING TOTAL TIME: 22.73 ####
Accuracy of the CNN_LSTM model on the test set: 91.105963 %
Accuracy of the LSTM_CNN model on the test set: 88.290693 %
Accuracy of the ParallelCNNLSTMModel model on the test set: 92.166935 %
#### TESTING TOTAL TIME: 3.57 ####
#### TIME #### TERMINO #### 32552.144 ####
#### FINITO #### TERMINO #### NO-VA-MAS ####
#### TIMES #### modelling TOTAL TOTAL ==>> 32552.144
#### #### READING DATA FILES #### ####
428 #### COMBI [reg, sid, ban, sec, men, med, sum, max, bet, npp, hfq, htp, aei] METRICS ####
('Plantation', '/home/vargas/repos/forests-sounds-vargas/out/data/extraction/Plantation/2_00_PSA0010-2010_dict_y_split_7_2512283_1736694580.pkl')
(297840, 13) Index(['reg', 'sid', 'ban', 'sec', 'men', 'med', 'sum', 'max', 'bet', 'npp',
       'hfq'],
      dtype='object') Index(['ban', 'sec', 'men', 'med', 'sum', 'max', 'bet', 'npp', 'hfq', 'htp',
       'aei'],
      dtype='object')
#### MERGE 68 merge_data Dataframe shape: (297840, 13) #### time: 38
#### #### SPLIT TRAIN TEST #### ####
#### CLASSES: [0 1 2 3] TOTAL 4
#### SPLIT train_test_split and CUDA: ??? cuda:0 #### time: 35
#### MODELS - TOTAL 3 ####
#### EPOCHS 1 ####
#### TRAINING MODELS ####
#### TRAINING MODEL CNN_LSTM ####
#### TRAINED MODEL CNN_LSTM model training time: 6.895 total training time: 6.906 ####
#### TRAINING MODEL LSTM_CNN ####
#### TRAINED MODEL LSTM_CNN model training time: 7.944 total training time: 14.85 ####
#### TRAINING MODEL ParallelCNNLSTMModel ####
#### TRAINED MODEL ParallelCNNLSTMModel model training time: 7.842 total training time: 22.692 ####
#### TRAINING TOTAL TIME: 22.681 ####
Accuracy of the CNN_LSTM model on the test set: 91.967164 %
Accuracy of the LSTM_CNN model on the test set: 61.279546 %
Accuracy of the ParallelCNNLSTMModel model on the test set: 93.405855 %
#### TESTING TOTAL TIME: 3.703 ####
#### TIME #### TERMINO #### 32625.524 ####
#### FINITO #### TERMINO #### NO-VA-MAS ####
#### TIMES #### modelling TOTAL TOTAL ==>> 32625.524
#### #### READING DATA FILES #### ####
429 #### COMBI [reg, sid, ban, sec, men, med, sum, max, bet, npp, hfq, hhh, aei] METRICS ####
('Plantation', '/home/vargas/repos/forests-sounds-vargas/out/data/extraction/Plantation/2_00_PSA0010-2010_dict_y_split_7_2512283_1736694580.pkl')
(297840, 13) Index(['reg', 'sid', 'ban', 'sec', 'men', 'med', 'sum', 'max', 'bet', 'npp',
       'hfq'],
      dtype='object') Index(['ban', 'sec', 'men', 'med', 'sum', 'max', 'bet', 'npp', 'hfq', 'hhh',
       'aei'],
      dtype='object')
#### MERGE 68 merge_data Dataframe shape: (297840, 13) #### time: 40
#### #### SPLIT TRAIN TEST #### ####
#### CLASSES: [0 1 2 3] TOTAL 4
#### SPLIT train_test_split and CUDA: ??? cuda:0 #### time: 35
#### MODELS - TOTAL 3 ####
#### EPOCHS 1 ####
#### TRAINING MODELS ####
#### TRAINING MODEL CNN_LSTM ####
#### TRAINED MODEL CNN_LSTM model training time: 6.846 total training time: 6.858 ####
#### TRAINING MODEL LSTM_CNN ####
#### TRAINED MODEL LSTM_CNN model training time: 7.746 total training time: 14.604 ####
#### TRAINING MODEL ParallelCNNLSTMModel ####
#### TRAINED MODEL ParallelCNNLSTMModel model training time: 7.949 total training time: 22.553 ####
#### TRAINING TOTAL TIME: 22.542 ####
Accuracy of the CNN_LSTM model on the test set: 92.378458 %
Accuracy of the LSTM_CNN model on the test set: 60.989122 %
Accuracy of the ParallelCNNLSTMModel model on the test set: 93.313524 %
#### TESTING TOTAL TIME: 3.533 ####
#### TIME #### TERMINO #### 32700.706 ####
#### FINITO #### TERMINO #### NO-VA-MAS ####
#### TIMES #### modelling TOTAL TOTAL ==>> 32700.706
#### #### READING DATA FILES #### ####
430 #### COMBI [reg, sid, ban, sec, men, med, sum, max, bet, npp, htp, hhh, aei] METRICS ####
('Plantation', '/home/vargas/repos/forests-sounds-vargas/out/data/extraction/Plantation/2_00_PSA0010-2010_dict_y_split_7_2512283_1736694580.pkl')
(297840, 13) Index(['reg', 'sid', 'ban', 'sec', 'men', 'med', 'sum', 'max', 'bet', 'npp',
       'htp'],
      dtype='object') Index(['ban', 'sec', 'men', 'med', 'sum', 'max', 'bet', 'npp', 'htp', 'hhh',
       'aei'],
      dtype='object')
#### MERGE 68 merge_data Dataframe shape: (297840, 13) #### time: 38
#### #### SPLIT TRAIN TEST #### ####
#### CLASSES: [0 1 2 3] TOTAL 4
#### SPLIT train_test_split and CUDA: ??? cuda:0 #### time: 35
#### MODELS - TOTAL 3 ####
#### EPOCHS 1 ####
#### TRAINING MODELS ####
#### TRAINING MODEL CNN_LSTM ####
#### TRAINED MODEL CNN_LSTM model training time: 6.831 total training time: 6.842 ####
#### TRAINING MODEL LSTM_CNN ####
#### TRAINED MODEL LSTM_CNN model training time: 7.877 total training time: 14.719 ####
#### TRAINING MODEL ParallelCNNLSTMModel ####
#### TRAINED MODEL ParallelCNNLSTMModel model training time: 7.814 total training time: 22.532 ####
#### TRAINING TOTAL TIME: 22.521 ####
Accuracy of the CNN_LSTM model on the test set: 92.178687 %
Accuracy of the LSTM_CNN model on the test set: 59.694803 %
Accuracy of the ParallelCNNLSTMModel model on the test set: 93.400819 %
#### TESTING TOTAL TIME: 3.693 ####
#### TIME #### TERMINO #### 32774.81 ####
#### FINITO #### TERMINO #### NO-VA-MAS ####
#### TIMES #### modelling TOTAL TOTAL ==>> 32774.81
#### #### READING DATA FILES #### ####
431 #### COMBI [reg, sid, ban, sec, men, med, sum, max, bet, hfq, htp, hhh, aei] METRICS ####
('Plantation', '/home/vargas/repos/forests-sounds-vargas/out/data/extraction/Plantation/2_00_PSA0010-2010_dict_y_split_7_2512283_1736694580.pkl')
(297840, 13) Index(['reg', 'sid', 'ban', 'sec', 'men', 'med', 'sum', 'max', 'bet', 'hfq',
       'htp'],
      dtype='object') Index(['ban', 'sec', 'men', 'med', 'sum', 'max', 'bet', 'hfq', 'htp', 'hhh',
       'aei'],
      dtype='object')
#### MERGE 68 merge_data Dataframe shape: (297840, 13) #### time: 40
#### #### SPLIT TRAIN TEST #### ####
#### CLASSES: [0 1 2 3] TOTAL 4
#### SPLIT train_test_split and CUDA: ??? cuda:0 #### time: 35
#### MODELS - TOTAL 3 ####
#### EPOCHS 1 ####
#### TRAINING MODELS ####
#### TRAINING MODEL CNN_LSTM ####
#### TRAINED MODEL CNN_LSTM model training time: 6.732 total training time: 6.744 ####
#### TRAINING MODEL LSTM_CNN ####
#### TRAINED MODEL LSTM_CNN model training time: 7.937 total training time: 14.681 ####
#### TRAINING MODEL ParallelCNNLSTMModel ####
#### TRAINED MODEL ParallelCNNLSTMModel model training time: 7.979 total training time: 22.659 ####
#### TRAINING TOTAL TIME: 22.648 ####
Accuracy of the CNN_LSTM model on the test set: 78.471663 %
Accuracy of the LSTM_CNN model on the test set: 57.718909 %
Accuracy of the ParallelCNNLSTMModel model on the test set: 80.514706 %
#### TESTING TOTAL TIME: 3.563 ####
#### TIME #### TERMINO #### 32849.983 ####
#### FINITO #### TERMINO #### NO-VA-MAS ####
#### TIMES #### modelling TOTAL TOTAL ==>> 32849.983
#### #### READING DATA FILES #### ####
432 #### COMBI [reg, sid, ban, sec, men, med, sum, max, mmm, npp, hfq, htp, hhh] METRICS ####
('Plantation', '/home/vargas/repos/forests-sounds-vargas/out/data/extraction/Plantation/2_00_PSA0010-2010_dict_y_split_7_2512283_1736694580.pkl')
(297840, 13) Index(['reg', 'sid', 'ban', 'sec', 'men', 'med', 'sum', 'max', 'mmm', 'npp',
       'hfq'],
      dtype='object') Index(['ban', 'sec', 'men', 'med', 'sum', 'max', 'mmm', 'npp', 'hfq', 'htp',
       'hhh'],
      dtype='object')
#### MERGE 68 merge_data Dataframe shape: (297840, 13) #### time: 39
#### #### SPLIT TRAIN TEST #### ####
#### CLASSES: [0 1 2 3] TOTAL 4
#### SPLIT train_test_split and CUDA: ??? cuda:0 #### time: 35
#### MODELS - TOTAL 3 ####
#### EPOCHS 1 ####
#### TRAINING MODELS ####
#### TRAINING MODEL CNN_LSTM ####
#### TRAINED MODEL CNN_LSTM model training time: 6.879 total training time: 6.891 ####
#### TRAINING MODEL LSTM_CNN ####
#### TRAINED MODEL LSTM_CNN model training time: 7.889 total training time: 14.779 ####
#### TRAINING MODEL ParallelCNNLSTMModel ####
#### TRAINED MODEL ParallelCNNLSTMModel model training time: 7.819 total training time: 22.598 ####
#### TRAINING TOTAL TIME: 22.587 ####
Accuracy of the CNN_LSTM model on the test set: 89.467499 %
Accuracy of the LSTM_CNN model on the test set: 68.949772 %
Accuracy of the ParallelCNNLSTMModel model on the test set: 91.56762 %
#### TESTING TOTAL TIME: 3.674 ####
#### TIME #### TERMINO #### 32924.29 ####
#### FINITO #### TERMINO #### NO-VA-MAS ####
#### TIMES #### modelling TOTAL TOTAL ==>> 32924.29
#### #### READING DATA FILES #### ####
433 #### COMBI [reg, sid, ban, sec, men, med, sum, max, mmm, npp, hfq, htp, aei] METRICS ####
('Plantation', '/home/vargas/repos/forests-sounds-vargas/out/data/extraction/Plantation/2_00_PSA0010-2010_dict_y_split_7_2512283_1736694580.pkl')
(297840, 13) Index(['reg', 'sid', 'ban', 'sec', 'men', 'med', 'sum', 'max', 'mmm', 'npp',
       'hfq'],
      dtype='object') Index(['ban', 'sec', 'men', 'med', 'sum', 'max', 'mmm', 'npp', 'hfq', 'htp',
       'aei'],
      dtype='object')
#### MERGE 68 merge_data Dataframe shape: (297840, 13) #### time: 38
#### #### SPLIT TRAIN TEST #### ####
#### CLASSES: [0 1 2 3] TOTAL 4
#### SPLIT train_test_split and CUDA: ??? cuda:0 #### time: 35
#### MODELS - TOTAL 3 ####
#### EPOCHS 1 ####
#### TRAINING MODELS ####
#### TRAINING MODEL CNN_LSTM ####
#### TRAINED MODEL CNN_LSTM model training time: 6.694 total training time: 6.705 ####
#### TRAINING MODEL LSTM_CNN ####
#### TRAINED MODEL LSTM_CNN model training time: 7.893 total training time: 14.598 ####
#### TRAINING MODEL ParallelCNNLSTMModel ####
#### TRAINED MODEL ParallelCNNLSTMModel model training time: 7.959 total training time: 22.557 ####
#### TRAINING TOTAL TIME: 22.546 ####
Accuracy of the CNN_LSTM model on the test set: 82.760878 %
Accuracy of the LSTM_CNN model on the test set: 66.577693 %
Accuracy of the ParallelCNNLSTMModel model on the test set: 91.735496 %
#### TESTING TOTAL TIME: 3.541 ####
#### TIME #### TERMINO #### 32997.596 ####
#### FINITO #### TERMINO #### NO-VA-MAS ####
#### TIMES #### modelling TOTAL TOTAL ==>> 32997.596
#### #### READING DATA FILES #### ####
434 #### COMBI [reg, sid, ban, sec, men, med, sum, max, mmm, npp, hfq, hhh, aei] METRICS ####
('Plantation', '/home/vargas/repos/forests-sounds-vargas/out/data/extraction/Plantation/2_00_PSA0010-2010_dict_y_split_7_2512283_1736694580.pkl')
(297840, 13) Index(['reg', 'sid', 'ban', 'sec', 'men', 'med', 'sum', 'max', 'mmm', 'npp',
       'hfq'],
      dtype='object') Index(['ban', 'sec', 'men', 'med', 'sum', 'max', 'mmm', 'npp', 'hfq', 'hhh',
       'aei'],
      dtype='object')
#### MERGE 68 merge_data Dataframe shape: (297840, 13) #### time: 38
#### #### SPLIT TRAIN TEST #### ####
#### CLASSES: [0 1 2 3] TOTAL 4
#### SPLIT train_test_split and CUDA: ??? cuda:0 #### time: 34
#### MODELS - TOTAL 3 ####
#### EPOCHS 1 ####
#### TRAINING MODELS ####
#### TRAINING MODEL CNN_LSTM ####
#### TRAINED MODEL CNN_LSTM model training time: 6.826 total training time: 6.837 ####
#### TRAINING MODEL LSTM_CNN ####
#### TRAINED MODEL LSTM_CNN model training time: 7.755 total training time: 14.593 ####
#### TRAINING MODEL ParallelCNNLSTMModel ####
#### TRAINED MODEL ParallelCNNLSTMModel model training time: 7.97 total training time: 22.563 ####
#### TRAINING TOTAL TIME: 22.552 ####
Accuracy of the CNN_LSTM model on the test set: 90.765176 %
Accuracy of the LSTM_CNN model on the test set: 58.190639 %
Accuracy of the ParallelCNNLSTMModel model on the test set: 91.263766 %
#### TESTING TOTAL TIME: 3.678 ####
#### TIME #### TERMINO #### 33071.677 ####
#### FINITO #### TERMINO #### NO-VA-MAS ####
#### TIMES #### modelling TOTAL TOTAL ==>> 33071.677
#### #### READING DATA FILES #### ####
435 #### COMBI [reg, sid, ban, sec, men, med, sum, max, mmm, npp, htp, hhh, aei] METRICS ####
('Plantation', '/home/vargas/repos/forests-sounds-vargas/out/data/extraction/Plantation/2_00_PSA0010-2010_dict_y_split_7_2512283_1736694580.pkl')
(297840, 13) Index(['reg', 'sid', 'ban', 'sec', 'men', 'med', 'sum', 'max', 'mmm', 'npp',
       'htp'],
      dtype='object') Index(['ban', 'sec', 'men', 'med', 'sum', 'max', 'mmm', 'npp', 'htp', 'hhh',
       'aei'],
      dtype='object')
#### MERGE 68 merge_data Dataframe shape: (297840, 13) #### time: 39
#### #### SPLIT TRAIN TEST #### ####
#### CLASSES: [0 1 2 3] TOTAL 4
#### SPLIT train_test_split and CUDA: ??? cuda:0 #### time: 35
#### MODELS - TOTAL 3 ####
#### EPOCHS 1 ####
#### TRAINING MODELS ####
#### TRAINING MODEL CNN_LSTM ####
#### TRAINED MODEL CNN_LSTM model training time: 6.69 total training time: 6.701 ####
#### TRAINING MODEL LSTM_CNN ####
#### TRAINED MODEL LSTM_CNN model training time: 7.906 total training time: 14.607 ####
#### TRAINING MODEL ParallelCNNLSTMModel ####
#### TRAINED MODEL ParallelCNNLSTMModel model training time: 7.773 total training time: 22.38 ####
#### TRAINING TOTAL TIME: 22.369 ####
Accuracy of the CNN_LSTM model on the test set: 91.555869 %
Accuracy of the LSTM_CNN model on the test set: 66.898335 %
Accuracy of the ParallelCNNLSTMModel model on the test set: 90.703062 %
#### TESTING TOTAL TIME: 3.685 ####
#### TIME #### TERMINO #### 33145.664 ####
#### FINITO #### TERMINO #### NO-VA-MAS ####
#### TIMES #### modelling TOTAL TOTAL ==>> 33145.664
#### #### READING DATA FILES #### ####
436 #### COMBI [reg, sid, ban, sec, men, med, sum, max, mmm, hfq, htp, hhh, aei] METRICS ####
('Plantation', '/home/vargas/repos/forests-sounds-vargas/out/data/extraction/Plantation/2_00_PSA0010-2010_dict_y_split_7_2512283_1736694580.pkl')
(297840, 13) Index(['reg', 'sid', 'ban', 'sec', 'men', 'med', 'sum', 'max', 'mmm', 'hfq',
       'htp'],
      dtype='object') Index(['ban', 'sec', 'men', 'med', 'sum', 'max', 'mmm', 'hfq', 'htp', 'hhh',
       'aei'],
      dtype='object')
#### MERGE 68 merge_data Dataframe shape: (297840, 13) #### time: 39
#### #### SPLIT TRAIN TEST #### ####
#### CLASSES: [0 1 2 3] TOTAL 4
#### SPLIT train_test_split and CUDA: ??? cuda:0 #### time: 34
#### MODELS - TOTAL 3 ####
#### EPOCHS 1 ####
#### TRAINING MODELS ####
#### TRAINING MODEL CNN_LSTM ####
#### TRAINED MODEL CNN_LSTM model training time: 6.809 total training time: 6.82 ####
#### TRAINING MODEL LSTM_CNN ####
#### TRAINED MODEL LSTM_CNN model training time: 7.726 total training time: 14.546 ####
#### TRAINING MODEL ParallelCNNLSTMModel ####
#### TRAINED MODEL ParallelCNNLSTMModel model training time: 7.927 total training time: 22.473 ####
#### TRAINING TOTAL TIME: 22.462 ####
Accuracy of the CNN_LSTM model on the test set: 68.295058 %
Accuracy of the LSTM_CNN model on the test set: 67.954271 %
Accuracy of the ParallelCNNLSTMModel model on the test set: 71.489726 %
#### TESTING TOTAL TIME: 3.539 ####
#### TIME #### TERMINO #### 33219.912 ####
#### FINITO #### TERMINO #### NO-VA-MAS ####
#### TIMES #### modelling TOTAL TOTAL ==>> 33219.912
#### #### READING DATA FILES #### ####
437 #### COMBI [reg, sid, ban, sec, men, med, sum, max, npp, hfq, htp, hhh, aei] METRICS ####
('Plantation', '/home/vargas/repos/forests-sounds-vargas/out/data/extraction/Plantation/2_00_PSA0010-2010_dict_y_split_7_2512283_1736694580.pkl')
(297840, 13) Index(['reg', 'sid', 'ban', 'sec', 'men', 'med', 'sum', 'max', 'npp', 'hfq',
       'htp'],
      dtype='object') Index(['ban', 'sec', 'men', 'med', 'sum', 'max', 'npp', 'hfq', 'htp', 'hhh',
       'aei'],
      dtype='object')
#### MERGE 68 merge_data Dataframe shape: (297840, 13) #### time: 39
#### #### SPLIT TRAIN TEST #### ####
#### CLASSES: [0 1 2 3] TOTAL 4
#### SPLIT train_test_split and CUDA: ??? cuda:0 #### time: 35
#### MODELS - TOTAL 3 ####
#### EPOCHS 1 ####
#### TRAINING MODELS ####
#### TRAINING MODEL CNN_LSTM ####
#### TRAINED MODEL CNN_LSTM model training time: 6.847 total training time: 6.86 ####
#### TRAINING MODEL LSTM_CNN ####
#### TRAINED MODEL LSTM_CNN model training time: 7.883 total training time: 14.743 ####
#### TRAINING MODEL ParallelCNNLSTMModel ####
#### TRAINED MODEL ParallelCNNLSTMModel model training time: 7.795 total training time: 22.538 ####
#### TRAINING TOTAL TIME: 22.526 ####
Accuracy of the CNN_LSTM model on the test set: 87.980124 %
Accuracy of the LSTM_CNN model on the test set: 63.089243 %
Accuracy of the ParallelCNNLSTMModel model on the test set: 89.38524 %
#### TESTING TOTAL TIME: 3.683 ####
#### TIME #### TERMINO #### 33294.983 ####
#### FINITO #### TERMINO #### NO-VA-MAS ####
#### TIMES #### modelling TOTAL TOTAL ==>> 33294.983
#### #### READING DATA FILES #### ####
438 #### COMBI [reg, sid, ban, sec, men, med, sum, aci, bet, mmm, npp, hfq, htp] METRICS ####
('Plantation', '/home/vargas/repos/forests-sounds-vargas/out/data/extraction/Plantation/2_00_PSA0010-2010_dict_y_split_7_2512283_1736694580.pkl')
(297840, 13) Index(['reg', 'sid', 'ban', 'sec', 'men', 'med', 'sum', 'aci', 'bet', 'mmm',
       'npp'],
      dtype='object') Index(['ban', 'sec', 'men', 'med', 'sum', 'aci', 'bet', 'mmm', 'npp', 'hfq',
       'htp'],
      dtype='object')
#### MERGE 68 merge_data Dataframe shape: (297840, 13) #### time: 39
#### #### SPLIT TRAIN TEST #### ####
#### CLASSES: [0 1 2 3] TOTAL 4
#### SPLIT train_test_split and CUDA: ??? cuda:0 #### time: 35
#### MODELS - TOTAL 3 ####
#### EPOCHS 1 ####
#### TRAINING MODELS ####
#### TRAINING MODEL CNN_LSTM ####
#### TRAINED MODEL CNN_LSTM model training time: 6.689 total training time: 6.701 ####
#### TRAINING MODEL LSTM_CNN ####
#### TRAINED MODEL LSTM_CNN model training time: 7.899 total training time: 14.6 ####
#### TRAINING MODEL ParallelCNNLSTMModel ####
#### TRAINED MODEL ParallelCNNLSTMModel model training time: 7.966 total training time: 22.566 ####
#### TRAINING TOTAL TIME: 22.555 ####
Accuracy of the CNN_LSTM model on the test set: 87.199503 %
Accuracy of the LSTM_CNN model on the test set: 83.29808 %
Accuracy of the ParallelCNNLSTMModel model on the test set: 89.07635 %
#### TESTING TOTAL TIME: 3.558 ####
#### TIME #### TERMINO #### 33369.907 ####
#### FINITO #### TERMINO #### NO-VA-MAS ####
#### TIMES #### modelling TOTAL TOTAL ==>> 33369.907
#### #### READING DATA FILES #### ####
439 #### COMBI [reg, sid, ban, sec, men, med, sum, aci, bet, mmm, npp, hfq, hhh] METRICS ####
('Plantation', '/home/vargas/repos/forests-sounds-vargas/out/data/extraction/Plantation/2_00_PSA0010-2010_dict_y_split_7_2512283_1736694580.pkl')
(297840, 13) Index(['reg', 'sid', 'ban', 'sec', 'men', 'med', 'sum', 'aci', 'bet', 'mmm',
       'npp'],
      dtype='object') Index(['ban', 'sec', 'men', 'med', 'sum', 'aci', 'bet', 'mmm', 'npp', 'hfq',
       'hhh'],
      dtype='object')
#### MERGE 68 merge_data Dataframe shape: (297840, 13) #### time: 38
#### #### SPLIT TRAIN TEST #### ####
#### CLASSES: [0 1 2 3] TOTAL 4
#### SPLIT train_test_split and CUDA: ??? cuda:0 #### time: 35
#### MODELS - TOTAL 3 ####
#### EPOCHS 1 ####
#### TRAINING MODELS ####
#### TRAINING MODEL CNN_LSTM ####
#### TRAINED MODEL CNN_LSTM model training time: 6.825 total training time: 6.836 ####
#### TRAINING MODEL LSTM_CNN ####
#### TRAINED MODEL LSTM_CNN model training time: 7.886 total training time: 14.722 ####
#### TRAINING MODEL ParallelCNNLSTMModel ####
#### TRAINED MODEL ParallelCNNLSTMModel model training time: 7.801 total training time: 22.523 ####
#### TRAINING TOTAL TIME: 22.512 ####
Accuracy of the CNN_LSTM model on the test set: 80.439162 %
Accuracy of the LSTM_CNN model on the test set: 78.733548 %
Accuracy of the ParallelCNNLSTMModel model on the test set: 87.43285 %
#### TESTING TOTAL TIME: 3.695 ####
#### TIME #### TERMINO #### 33443.886 ####
#### FINITO #### TERMINO #### NO-VA-MAS ####
#### TIMES #### modelling TOTAL TOTAL ==>> 33443.886
#### #### READING DATA FILES #### ####
440 #### COMBI [reg, sid, ban, sec, men, med, sum, aci, bet, mmm, npp, hfq, aei] METRICS ####
('Plantation', '/home/vargas/repos/forests-sounds-vargas/out/data/extraction/Plantation/2_00_PSA0010-2010_dict_y_split_7_2512283_1736694580.pkl')
(297840, 13) Index(['reg', 'sid', 'ban', 'sec', 'men', 'med', 'sum', 'aci', 'bet', 'mmm',
       'npp'],
      dtype='object') Index(['ban', 'sec', 'men', 'med', 'sum', 'aci', 'bet', 'mmm', 'npp', 'hfq',
       'aei'],
      dtype='object')
#### MERGE 68 merge_data Dataframe shape: (297840, 13) #### time: 39
#### #### SPLIT TRAIN TEST #### ####
#### CLASSES: [0 1 2 3] TOTAL 4
#### SPLIT train_test_split and CUDA: ??? cuda:0 #### time: 35
#### MODELS - TOTAL 3 ####
#### EPOCHS 1 ####
#### TRAINING MODELS ####
#### TRAINING MODEL CNN_LSTM ####
#### TRAINED MODEL CNN_LSTM model training time: 6.685 total training time: 6.696 ####
#### TRAINING MODEL LSTM_CNN ####
#### TRAINED MODEL LSTM_CNN model training time: 7.916 total training time: 14.612 ####
#### TRAINING MODEL ParallelCNNLSTMModel ####
#### TRAINED MODEL ParallelCNNLSTMModel model training time: 7.945 total training time: 22.558 ####
#### TRAINING TOTAL TIME: 22.547 ####
Accuracy of the CNN_LSTM model on the test set: 83.089914 %
Accuracy of the LSTM_CNN model on the test set: 83.071448 %
Accuracy of the ParallelCNNLSTMModel model on the test set: 90.016452 %
#### TESTING TOTAL TIME: 3.567 ####
#### TIME #### TERMINO #### 33518.308 ####
#### FINITO #### TERMINO #### NO-VA-MAS ####
#### TIMES #### modelling TOTAL TOTAL ==>> 33518.308
#### #### READING DATA FILES #### ####
441 #### COMBI [reg, sid, ban, sec, men, med, sum, aci, bet, mmm, npp, htp, hhh] METRICS ####
('Plantation', '/home/vargas/repos/forests-sounds-vargas/out/data/extraction/Plantation/2_00_PSA0010-2010_dict_y_split_7_2512283_1736694580.pkl')
(297840, 13) Index(['reg', 'sid', 'ban', 'sec', 'men', 'med', 'sum', 'aci', 'bet', 'mmm',
       'npp'],
      dtype='object') Index(['ban', 'sec', 'men', 'med', 'sum', 'aci', 'bet', 'mmm', 'npp', 'htp',
       'hhh'],
      dtype='object')
#### MERGE 68 merge_data Dataframe shape: (297840, 13) #### time: 39
#### #### SPLIT TRAIN TEST #### ####
#### CLASSES: [0 1 2 3] TOTAL 4
#### SPLIT train_test_split and CUDA: ??? cuda:0 #### time: 35
#### MODELS - TOTAL 3 ####
#### EPOCHS 1 ####
#### TRAINING MODELS ####
#### TRAINING MODEL CNN_LSTM ####
#### TRAINED MODEL CNN_LSTM model training time: 6.832 total training time: 6.843 ####
#### TRAINING MODEL LSTM_CNN ####
#### TRAINED MODEL LSTM_CNN model training time: 7.769 total training time: 14.613 ####
#### TRAINING MODEL ParallelCNNLSTMModel ####
#### TRAINED MODEL ParallelCNNLSTMModel model training time: 7.983 total training time: 22.596 ####
#### TRAINING TOTAL TIME: 22.584 ####
Accuracy of the CNN_LSTM model on the test set: 86.716022 %
Accuracy of the LSTM_CNN model on the test set: 80.462665 %
Accuracy of the ParallelCNNLSTMModel model on the test set: 87.362342 %
#### TESTING TOTAL TIME: 3.698 ####
#### TIME #### TERMINO #### 33593.284 ####
#### FINITO #### TERMINO #### NO-VA-MAS ####
#### TIMES #### modelling TOTAL TOTAL ==>> 33593.284
#### #### READING DATA FILES #### ####
442 #### COMBI [reg, sid, ban, sec, men, med, sum, aci, bet, mmm, npp, htp, aei] METRICS ####
('Plantation', '/home/vargas/repos/forests-sounds-vargas/out/data/extraction/Plantation/2_00_PSA0010-2010_dict_y_split_7_2512283_1736694580.pkl')
(297840, 13) Index(['reg', 'sid', 'ban', 'sec', 'men', 'med', 'sum', 'aci', 'bet', 'mmm',
       'npp'],
      dtype='object') Index(['ban', 'sec', 'men', 'med', 'sum', 'aci', 'bet', 'mmm', 'npp', 'htp',
       'aei'],
      dtype='object')
#### MERGE 68 merge_data Dataframe shape: (297840, 13) #### time: 39
#### #### SPLIT TRAIN TEST #### ####
#### CLASSES: [0 1 2 3] TOTAL 4
#### SPLIT train_test_split and CUDA: ??? cuda:0 #### time: 34
#### MODELS - TOTAL 3 ####
#### EPOCHS 1 ####
#### TRAINING MODELS ####
#### TRAINING MODEL CNN_LSTM ####
#### TRAINED MODEL CNN_LSTM model training time: 6.7 total training time: 6.712 ####
#### TRAINING MODEL LSTM_CNN ####
#### TRAINED MODEL LSTM_CNN model training time: 7.91 total training time: 14.622 ####
#### TRAINING MODEL ParallelCNNLSTMModel ####
#### TRAINED MODEL ParallelCNNLSTMModel model training time: 7.978 total training time: 22.6 ####
#### TRAINING TOTAL TIME: 22.588 ####
Accuracy of the CNN_LSTM model on the test set: 86.418883 %
Accuracy of the LSTM_CNN model on the test set: 86.143567 %
Accuracy of the ParallelCNNLSTMModel model on the test set: 86.608582 %
#### TESTING TOTAL TIME: 3.569 ####
#### TIME #### TERMINO #### 33667.762 ####
#### FINITO #### TERMINO #### NO-VA-MAS ####
#### TIMES #### modelling TOTAL TOTAL ==>> 33667.762
#### #### READING DATA FILES #### ####
443 #### COMBI [reg, sid, ban, sec, men, med, sum, aci, bet, mmm, npp, hhh, aei] METRICS ####
('Plantation', '/home/vargas/repos/forests-sounds-vargas/out/data/extraction/Plantation/2_00_PSA0010-2010_dict_y_split_7_2512283_1736694580.pkl')
(297840, 13) Index(['reg', 'sid', 'ban', 'sec', 'men', 'med', 'sum', 'aci', 'bet', 'mmm',
       'npp'],
      dtype='object') Index(['ban', 'sec', 'men', 'med', 'sum', 'aci', 'bet', 'mmm', 'npp', 'hhh',
       'aei'],
      dtype='object')
#### MERGE 68 merge_data Dataframe shape: (297840, 13) #### time: 39
#### #### SPLIT TRAIN TEST #### ####
#### CLASSES: [0 1 2 3] TOTAL 4
#### SPLIT train_test_split and CUDA: ??? cuda:0 #### time: 35
#### MODELS - TOTAL 3 ####
#### EPOCHS 1 ####
#### TRAINING MODELS ####
#### TRAINING MODEL CNN_LSTM ####
#### TRAINED MODEL CNN_LSTM model training time: 6.848 total training time: 6.859 ####
#### TRAINING MODEL LSTM_CNN ####
#### TRAINED MODEL LSTM_CNN model training time: 7.772 total training time: 14.631 ####
#### TRAINING MODEL ParallelCNNLSTMModel ####
#### TRAINED MODEL ParallelCNNLSTMModel model training time: 7.986 total training time: 22.617 ####
#### TRAINING TOTAL TIME: 22.606 ####
Accuracy of the CNN_LSTM model on the test set: 85.21018 %
Accuracy of the LSTM_CNN model on the test set: 86.554862 %
Accuracy of the ParallelCNNLSTMModel model on the test set: 86.702592 %
#### TESTING TOTAL TIME: 3.558 ####
#### TIME #### TERMINO #### 33742.147 ####
#### FINITO #### TERMINO #### NO-VA-MAS ####
#### TIMES #### modelling TOTAL TOTAL ==>> 33742.147
#### #### READING DATA FILES #### ####
444 #### COMBI [reg, sid, ban, sec, men, med, sum, aci, bet, mmm, hfq, htp, hhh] METRICS ####
('Plantation', '/home/vargas/repos/forests-sounds-vargas/out/data/extraction/Plantation/2_00_PSA0010-2010_dict_y_split_7_2512283_1736694580.pkl')
(297840, 13) Index(['reg', 'sid', 'ban', 'sec', 'men', 'med', 'sum', 'aci', 'bet', 'mmm',
       'hfq'],
      dtype='object') Index(['ban', 'sec', 'men', 'med', 'sum', 'aci', 'bet', 'mmm', 'hfq', 'htp',
       'hhh'],
      dtype='object')
#### MERGE 68 merge_data Dataframe shape: (297840, 13) #### time: 39
#### #### SPLIT TRAIN TEST #### ####
#### CLASSES: [0 1 2 3] TOTAL 4
#### SPLIT train_test_split and CUDA: ??? cuda:0 #### time: 35
#### MODELS - TOTAL 3 ####
#### EPOCHS 1 ####
#### TRAINING MODELS ####
#### TRAINING MODEL CNN_LSTM ####
#### TRAINED MODEL CNN_LSTM model training time: 6.856 total training time: 6.868 ####
#### TRAINING MODEL LSTM_CNN ####
#### TRAINED MODEL LSTM_CNN model training time: 7.894 total training time: 14.761 ####
#### TRAINING MODEL ParallelCNNLSTMModel ####
#### TRAINED MODEL ParallelCNNLSTMModel model training time: 7.82 total training time: 22.582 ####
#### TRAINING TOTAL TIME: 22.57 ####
Accuracy of the CNN_LSTM model on the test set: 69.152901 %
Accuracy of the LSTM_CNN model on the test set: 73.173516 %
Accuracy of the ParallelCNNLSTMModel model on the test set: 77.18238 %
#### TESTING TOTAL TIME: 3.714 ####
#### TIME #### TERMINO #### 33816.879 ####
#### FINITO #### TERMINO #### NO-VA-MAS ####
#### TIMES #### modelling TOTAL TOTAL ==>> 33816.879
#### #### READING DATA FILES #### ####
445 #### COMBI [reg, sid, ban, sec, men, med, sum, aci, bet, mmm, hfq, htp, aei] METRICS ####
('Plantation', '/home/vargas/repos/forests-sounds-vargas/out/data/extraction/Plantation/2_00_PSA0010-2010_dict_y_split_7_2512283_1736694580.pkl')
(297840, 13) Index(['reg', 'sid', 'ban', 'sec', 'men', 'med', 'sum', 'aci', 'bet', 'mmm',
       'hfq'],
      dtype='object') Index(['ban', 'sec', 'men', 'med', 'sum', 'aci', 'bet', 'mmm', 'hfq', 'htp',
       'aei'],
      dtype='object')
#### MERGE 68 merge_data Dataframe shape: (297840, 13) #### time: 39
#### #### SPLIT TRAIN TEST #### ####
#### CLASSES: [0 1 2 3] TOTAL 4
#### SPLIT train_test_split and CUDA: ??? cuda:0 #### time: 35
#### MODELS - TOTAL 3 ####
#### EPOCHS 1 ####
#### TRAINING MODELS ####
#### TRAINING MODEL CNN_LSTM ####
#### TRAINED MODEL CNN_LSTM model training time: 6.833 total training time: 6.844 ####
#### TRAINING MODEL LSTM_CNN ####
#### TRAINED MODEL LSTM_CNN model training time: 7.762 total training time: 14.606 ####
#### TRAINING MODEL ParallelCNNLSTMModel ####
#### TRAINED MODEL ParallelCNNLSTMModel model training time: 7.969 total training time: 22.575 ####
#### TRAINING TOTAL TIME: 22.564 ####
Accuracy of the CNN_LSTM model on the test set: 74.303317 %
Accuracy of the LSTM_CNN model on the test set: 75.849449 %
Accuracy of the ParallelCNNLSTMModel model on the test set: 77.011147 %
#### TESTING TOTAL TIME: 3.554 ####
#### TIME #### TERMINO #### 33890.762 ####
#### FINITO #### TERMINO #### NO-VA-MAS ####
#### TIMES #### modelling TOTAL TOTAL ==>> 33890.762
#### #### READING DATA FILES #### ####
446 #### COMBI [reg, sid, ban, sec, men, med, sum, aci, bet, mmm, hfq, hhh, aei] METRICS ####
('Plantation', '/home/vargas/repos/forests-sounds-vargas/out/data/extraction/Plantation/2_00_PSA0010-2010_dict_y_split_7_2512283_1736694580.pkl')
(297840, 13) Index(['reg', 'sid', 'ban', 'sec', 'men', 'med', 'sum', 'aci', 'bet', 'mmm',
       'hfq'],
      dtype='object') Index(['ban', 'sec', 'men', 'med', 'sum', 'aci', 'bet', 'mmm', 'hfq', 'hhh',
       'aei'],
      dtype='object')
#### MERGE 68 merge_data Dataframe shape: (297840, 13) #### time: 39
#### #### SPLIT TRAIN TEST #### ####
#### CLASSES: [0 1 2 3] TOTAL 4
#### SPLIT train_test_split and CUDA: ??? cuda:0 #### time: 35
#### MODELS - TOTAL 3 ####
#### EPOCHS 1 ####
#### TRAINING MODELS ####
#### TRAINING MODEL CNN_LSTM ####
#### TRAINED MODEL CNN_LSTM model training time: 6.853 total training time: 6.864 ####
#### TRAINING MODEL LSTM_CNN ####
#### TRAINED MODEL LSTM_CNN model training time: 7.898 total training time: 14.762 ####
#### TRAINING MODEL ParallelCNNLSTMModel ####
#### TRAINED MODEL ParallelCNNLSTMModel model training time: 7.82 total training time: 22.582 ####
#### TRAINING TOTAL TIME: 22.571 ####
Accuracy of the CNN_LSTM model on the test set: 74.924456 %
Accuracy of the LSTM_CNN model on the test set: 72.822656 %
Accuracy of the ParallelCNNLSTMModel model on the test set: 73.257454 %
#### TESTING TOTAL TIME: 3.688 ####
#### TIME #### TERMINO #### 33965.704 ####
#### FINITO #### TERMINO #### NO-VA-MAS ####
#### TIMES #### modelling TOTAL TOTAL ==>> 33965.704
#### #### READING DATA FILES #### ####
447 #### COMBI [reg, sid, ban, sec, men, med, sum, aci, bet, mmm, htp, hhh, aei] METRICS ####
('Plantation', '/home/vargas/repos/forests-sounds-vargas/out/data/extraction/Plantation/2_00_PSA0010-2010_dict_y_split_7_2512283_1736694580.pkl')
(297840, 13) Index(['reg', 'sid', 'ban', 'sec', 'men', 'med', 'sum', 'aci', 'bet', 'mmm',
       'htp'],
      dtype='object') Index(['ban', 'sec', 'men', 'med', 'sum', 'aci', 'bet', 'mmm', 'htp', 'hhh',
       'aei'],
      dtype='object')
#### MERGE 68 merge_data Dataframe shape: (297840, 13) #### time: 39
#### #### SPLIT TRAIN TEST #### ####
#### CLASSES: [0 1 2 3] TOTAL 4
#### SPLIT train_test_split and CUDA: ??? cuda:0 #### time: 35
#### MODELS - TOTAL 3 ####
#### EPOCHS 1 ####
#### TRAINING MODELS ####
#### TRAINING MODEL CNN_LSTM ####
#### TRAINED MODEL CNN_LSTM model training time: 6.689 total training time: 6.701 ####
#### TRAINING MODEL LSTM_CNN ####
#### TRAINED MODEL LSTM_CNN model training time: 7.91 total training time: 14.611 ####
#### TRAINING MODEL ParallelCNNLSTMModel ####
#### TRAINED MODEL ParallelCNNLSTMModel model training time: 7.935 total training time: 22.546 ####
#### TRAINING TOTAL TIME: 22.535 ####
Accuracy of the CNN_LSTM model on the test set: 69.649812 %
Accuracy of the LSTM_CNN model on the test set: 70.035925 %
Accuracy of the ParallelCNNLSTMModel model on the test set: 74.840518 %
#### TESTING TOTAL TIME: 3.549 ####
#### TIME #### TERMINO #### 34040.635 ####
#### FINITO #### TERMINO #### NO-VA-MAS ####
#### TIMES #### modelling TOTAL TOTAL ==>> 34040.635
#### #### READING DATA FILES #### ####
448 #### COMBI [reg, sid, ban, sec, men, med, sum, aci, bet, npp, hfq, htp, hhh] METRICS ####
('Plantation', '/home/vargas/repos/forests-sounds-vargas/out/data/extraction/Plantation/2_00_PSA0010-2010_dict_y_split_7_2512283_1736694580.pkl')
(297840, 13) Index(['reg', 'sid', 'ban', 'sec', 'men', 'med', 'sum', 'aci', 'bet', 'npp',
       'hfq'],
      dtype='object') Index(['ban', 'sec', 'men', 'med', 'sum', 'aci', 'bet', 'npp', 'hfq', 'htp',
       'hhh'],
      dtype='object')
#### MERGE 68 merge_data Dataframe shape: (297840, 13) #### time: 39
#### #### SPLIT TRAIN TEST #### ####
#### CLASSES: [0 1 2 3] TOTAL 4
#### SPLIT train_test_split and CUDA: ??? cuda:0 #### time: 35
#### MODELS - TOTAL 3 ####
#### EPOCHS 1 ####
#### TRAINING MODELS ####
#### TRAINING MODEL CNN_LSTM ####
#### TRAINED MODEL CNN_LSTM model training time: 6.824 total training time: 6.835 ####
#### TRAINING MODEL LSTM_CNN ####
#### TRAINED MODEL LSTM_CNN model training time: 7.87 total training time: 14.705 ####
#### TRAINING MODEL ParallelCNNLSTMModel ####
#### TRAINED MODEL ParallelCNNLSTMModel model training time: 7.819 total training time: 22.524 ####
#### TRAINING TOTAL TIME: 22.513 ####
Accuracy of the CNN_LSTM model on the test set: 87.179358 %
Accuracy of the LSTM_CNN model on the test set: 82.757521 %
Accuracy of the ParallelCNNLSTMModel model on the test set: 88.814464 %
#### TESTING TOTAL TIME: 3.689 ####
#### TIME #### TERMINO #### 34115.266 ####
#### FINITO #### TERMINO #### NO-VA-MAS ####
#### TIMES #### modelling TOTAL TOTAL ==>> 34115.266
#### #### READING DATA FILES #### ####
449 #### COMBI [reg, sid, ban, sec, men, med, sum, aci, bet, npp, hfq, htp, aei] METRICS ####
('Plantation', '/home/vargas/repos/forests-sounds-vargas/out/data/extraction/Plantation/2_00_PSA0010-2010_dict_y_split_7_2512283_1736694580.pkl')
(297840, 13) Index(['reg', 'sid', 'ban', 'sec', 'men', 'med', 'sum', 'aci', 'bet', 'npp',
       'hfq'],
      dtype='object') Index(['ban', 'sec', 'men', 'med', 'sum', 'aci', 'bet', 'npp', 'hfq', 'htp',
       'aei'],
      dtype='object')
#### MERGE 68 merge_data Dataframe shape: (297840, 13) #### time: 39
#### #### SPLIT TRAIN TEST #### ####
#### CLASSES: [0 1 2 3] TOTAL 4
#### SPLIT train_test_split and CUDA: ??? cuda:0 #### time: 35
#### MODELS - TOTAL 3 ####
#### EPOCHS 1 ####
#### TRAINING MODELS ####
#### TRAINING MODEL CNN_LSTM ####
#### TRAINED MODEL CNN_LSTM model training time: 6.742 total training time: 6.753 ####
#### TRAINING MODEL LSTM_CNN ####
#### TRAINED MODEL LSTM_CNN model training time: 7.958 total training time: 14.711 ####
#### TRAINING MODEL ParallelCNNLSTMModel ####
#### TRAINED MODEL ParallelCNNLSTMModel model training time: 8.021 total training time: 22.732 ####
#### TRAINING TOTAL TIME: 22.721 ####
Accuracy of the CNN_LSTM model on the test set: 85.755775 %
Accuracy of the LSTM_CNN model on the test set: 83.603613 %
Accuracy of the ParallelCNNLSTMModel model on the test set: 87.204539 %
#### TESTING TOTAL TIME: 3.57 ####
#### TIME #### TERMINO #### 34189.414 ####
#### FINITO #### TERMINO #### NO-VA-MAS ####
#### TIMES #### modelling TOTAL TOTAL ==>> 34189.414
#### #### READING DATA FILES #### ####
450 #### COMBI [reg, sid, ban, sec, men, med, sum, aci, bet, npp, hfq, hhh, aei] METRICS ####
('Plantation', '/home/vargas/repos/forests-sounds-vargas/out/data/extraction/Plantation/2_00_PSA0010-2010_dict_y_split_7_2512283_1736694580.pkl')
(297840, 13) Index(['reg', 'sid', 'ban', 'sec', 'men', 'med', 'sum', 'aci', 'bet', 'npp',
       'hfq'],
      dtype='object') Index(['ban', 'sec', 'men', 'med', 'sum', 'aci', 'bet', 'npp', 'hfq', 'hhh',
       'aei'],
      dtype='object')
#### MERGE 68 merge_data Dataframe shape: (297840, 13) #### time: 39
#### #### SPLIT TRAIN TEST #### ####
#### CLASSES: [0 1 2 3] TOTAL 4
#### SPLIT train_test_split and CUDA: ??? cuda:0 #### time: 34
#### MODELS - TOTAL 3 ####
#### EPOCHS 1 ####
#### TRAINING MODELS ####
#### TRAINING MODEL CNN_LSTM ####
#### TRAINED MODEL CNN_LSTM model training time: 6.87 total training time: 6.881 ####
#### TRAINING MODEL LSTM_CNN ####
#### TRAINED MODEL LSTM_CNN model training time: 7.797 total training time: 14.678 ####
#### TRAINING MODEL ParallelCNNLSTMModel ####
#### TRAINED MODEL ParallelCNNLSTMModel model training time: 8.025 total training time: 22.703 ####
#### TRAINING TOTAL TIME: 22.692 ####
Accuracy of the CNN_LSTM model on the test set: 80.900819 %
Accuracy of the LSTM_CNN model on the test set: 87.59401 %
Accuracy of the ParallelCNNLSTMModel model on the test set: 85.126242 %
#### TESTING TOTAL TIME: 3.716 ####
#### TIME #### TERMINO #### 34263.696 ####
#### FINITO #### TERMINO #### NO-VA-MAS ####
#### TIMES #### modelling TOTAL TOTAL ==>> 34263.696
#### #### READING DATA FILES #### ####
451 #### COMBI [reg, sid, ban, sec, men, med, sum, aci, bet, npp, htp, hhh, aei] METRICS ####
('Plantation', '/home/vargas/repos/forests-sounds-vargas/out/data/extraction/Plantation/2_00_PSA0010-2010_dict_y_split_7_2512283_1736694580.pkl')
(297840, 13) Index(['reg', 'sid', 'ban', 'sec', 'men', 'med', 'sum', 'aci', 'bet', 'npp',
       'htp'],
      dtype='object') Index(['ban', 'sec', 'men', 'med', 'sum', 'aci', 'bet', 'npp', 'htp', 'hhh',
       'aei'],
      dtype='object')
#### MERGE 68 merge_data Dataframe shape: (297840, 13) #### time: 40
#### #### SPLIT TRAIN TEST #### ####
#### CLASSES: [0 1 2 3] TOTAL 4
#### SPLIT train_test_split and CUDA: ??? cuda:0 #### time: 34
#### MODELS - TOTAL 3 ####
#### EPOCHS 1 ####
#### TRAINING MODELS ####
#### TRAINING MODEL CNN_LSTM ####
#### TRAINED MODEL CNN_LSTM model training time: 6.73 total training time: 6.741 ####
#### TRAINING MODEL LSTM_CNN ####
#### TRAINED MODEL LSTM_CNN model training time: 7.924 total training time: 14.666 ####
#### TRAINING MODEL ParallelCNNLSTMModel ####
#### TRAINED MODEL ParallelCNNLSTMModel model training time: 7.866 total training time: 22.532 ####
#### TRAINING TOTAL TIME: 22.521 ####
Accuracy of the CNN_LSTM model on the test set: 86.919151 %
Accuracy of the LSTM_CNN model on the test set: 80.920964 %
Accuracy of the ParallelCNNLSTMModel model on the test set: 86.663981 %
#### TESTING TOTAL TIME: 3.72 ####
#### TIME #### TERMINO #### 34338.427 ####
#### FINITO #### TERMINO #### NO-VA-MAS ####
#### TIMES #### modelling TOTAL TOTAL ==>> 34338.427
#### #### READING DATA FILES #### ####
452 #### COMBI [reg, sid, ban, sec, men, med, sum, aci, bet, hfq, htp, hhh, aei] METRICS ####
('Plantation', '/home/vargas/repos/forests-sounds-vargas/out/data/extraction/Plantation/2_00_PSA0010-2010_dict_y_split_7_2512283_1736694580.pkl')
(297840, 13) Index(['reg', 'sid', 'ban', 'sec', 'men', 'med', 'sum', 'aci', 'bet', 'hfq',
       'htp'],
      dtype='object') Index(['ban', 'sec', 'men', 'med', 'sum', 'aci', 'bet', 'hfq', 'htp', 'hhh',
       'aei'],
      dtype='object')
#### MERGE 68 merge_data Dataframe shape: (297840, 13) #### time: 38
#### #### SPLIT TRAIN TEST #### ####
#### CLASSES: [0 1 2 3] TOTAL 4
#### SPLIT train_test_split and CUDA: ??? cuda:0 #### time: 35
#### MODELS - TOTAL 3 ####
#### EPOCHS 1 ####
#### TRAINING MODELS ####
#### TRAINING MODEL CNN_LSTM ####
#### TRAINED MODEL CNN_LSTM model training time: 6.871 total training time: 6.883 ####
#### TRAINING MODEL LSTM_CNN ####
#### TRAINED MODEL LSTM_CNN model training time: 7.765 total training time: 14.648 ####
#### TRAINING MODEL ParallelCNNLSTMModel ####
#### TRAINED MODEL ParallelCNNLSTMModel model training time: 7.991 total training time: 22.638 ####
#### TRAINING TOTAL TIME: 22.627 ####
Accuracy of the CNN_LSTM model on the test set: 72.69675 %
Accuracy of the LSTM_CNN model on the test set: 71.182514 %
Accuracy of the ParallelCNNLSTMModel model on the test set: 75.951853 %
#### TESTING TOTAL TIME: 3.559 ####
#### TIME #### TERMINO #### 34412.273 ####
#### FINITO #### TERMINO #### NO-VA-MAS ####
#### TIMES #### modelling TOTAL TOTAL ==>> 34412.273
#### #### READING DATA FILES #### ####
453 #### COMBI [reg, sid, ban, sec, men, med, sum, aci, mmm, npp, hfq, htp, hhh] METRICS ####
('Plantation', '/home/vargas/repos/forests-sounds-vargas/out/data/extraction/Plantation/2_00_PSA0010-2010_dict_y_split_7_2512283_1736694580.pkl')
(297840, 13) Index(['reg', 'sid', 'ban', 'sec', 'men', 'med', 'sum', 'aci', 'mmm', 'npp',
       'hfq'],
      dtype='object') Index(['ban', 'sec', 'men', 'med', 'sum', 'aci', 'mmm', 'npp', 'hfq', 'htp',
       'hhh'],
      dtype='object')
#### MERGE 68 merge_data Dataframe shape: (297840, 13) #### time: 38
#### #### SPLIT TRAIN TEST #### ####
#### CLASSES: [0 1 2 3] TOTAL 4
#### SPLIT train_test_split and CUDA: ??? cuda:0 #### time: 35
#### MODELS - TOTAL 3 ####
#### EPOCHS 1 ####
#### TRAINING MODELS ####
#### TRAINING MODEL CNN_LSTM ####
#### TRAINED MODEL CNN_LSTM model training time: 6.883 total training time: 6.895 ####
#### TRAINING MODEL LSTM_CNN ####
#### TRAINED MODEL LSTM_CNN model training time: 7.947 total training time: 14.842 ####
#### TRAINING MODEL ParallelCNNLSTMModel ####
#### TRAINED MODEL ParallelCNNLSTMModel model training time: 7.853 total training time: 22.695 ####
#### TRAINING TOTAL TIME: 22.684 ####
Accuracy of the CNN_LSTM model on the test set: 83.559965 %
Accuracy of the LSTM_CNN model on the test set: 83.402162 %
Accuracy of the ParallelCNNLSTMModel model on the test set: 87.649409 %
#### TESTING TOTAL TIME: 3.702 ####
#### TIME #### TERMINO #### 34486.154 ####
#### FINITO #### TERMINO #### NO-VA-MAS ####
#### TIMES #### modelling TOTAL TOTAL ==>> 34486.154
#### #### READING DATA FILES #### ####
454 #### COMBI [reg, sid, ban, sec, men, med, sum, aci, mmm, npp, hfq, htp, aei] METRICS ####
('Plantation', '/home/vargas/repos/forests-sounds-vargas/out/data/extraction/Plantation/2_00_PSA0010-2010_dict_y_split_7_2512283_1736694580.pkl')
(297840, 13) Index(['reg', 'sid', 'ban', 'sec', 'men', 'med', 'sum', 'aci', 'mmm', 'npp',
       'hfq'],
      dtype='object') Index(['ban', 'sec', 'men', 'med', 'sum', 'aci', 'mmm', 'npp', 'hfq', 'htp',
       'aei'],
      dtype='object')
#### MERGE 68 merge_data Dataframe shape: (297840, 13) #### time: 39
#### #### SPLIT TRAIN TEST #### ####
#### CLASSES: [0 1 2 3] TOTAL 4
#### SPLIT train_test_split and CUDA: ??? cuda:0 #### time: 34
#### MODELS - TOTAL 3 ####
#### EPOCHS 1 ####
#### TRAINING MODELS ####
#### TRAINING MODEL CNN_LSTM ####
#### TRAINED MODEL CNN_LSTM model training time: 6.7 total training time: 6.711 ####
#### TRAINING MODEL LSTM_CNN ####
#### TRAINED MODEL LSTM_CNN model training time: 7.893 total training time: 14.604 ####
#### TRAINING MODEL ParallelCNNLSTMModel ####
#### TRAINED MODEL ParallelCNNLSTMModel model training time: 7.972 total training time: 22.576 ####
#### TRAINING TOTAL TIME: 22.565 ####
Accuracy of the CNN_LSTM model on the test set: 83.988047 %
Accuracy of the LSTM_CNN model on the test set: 84.278472 %
Accuracy of the ParallelCNNLSTMModel model on the test set: 88.822858 %
#### TESTING TOTAL TIME: 3.572 ####
#### TIME #### TERMINO #### 34560.59 ####
#### FINITO #### TERMINO #### NO-VA-MAS ####
#### TIMES #### modelling TOTAL TOTAL ==>> 34560.59
#### #### READING DATA FILES #### ####
455 #### COMBI [reg, sid, ban, sec, men, med, sum, aci, mmm, npp, hfq, hhh, aei] METRICS ####
('Plantation', '/home/vargas/repos/forests-sounds-vargas/out/data/extraction/Plantation/2_00_PSA0010-2010_dict_y_split_7_2512283_1736694580.pkl')
(297840, 13) Index(['reg', 'sid', 'ban', 'sec', 'men', 'med', 'sum', 'aci', 'mmm', 'npp',
       'hfq'],
      dtype='object') Index(['ban', 'sec', 'men', 'med', 'sum', 'aci', 'mmm', 'npp', 'hfq', 'hhh',
       'aei'],
      dtype='object')
#### MERGE 68 merge_data Dataframe shape: (297840, 13) #### time: 38
#### #### SPLIT TRAIN TEST #### ####
#### CLASSES: [0 1 2 3] TOTAL 4
#### SPLIT train_test_split and CUDA: ??? cuda:0 #### time: 35
#### MODELS - TOTAL 3 ####
#### EPOCHS 1 ####
#### TRAINING MODELS ####
#### TRAINING MODEL CNN_LSTM ####
#### TRAINED MODEL CNN_LSTM model training time: 6.844 total training time: 6.855 ####
#### TRAINING MODEL LSTM_CNN ####
#### TRAINED MODEL LSTM_CNN model training time: 7.906 total training time: 14.761 ####
#### TRAINING MODEL ParallelCNNLSTMModel ####
#### TRAINED MODEL ParallelCNNLSTMModel model training time: 7.844 total training time: 22.605 ####
#### TRAINING TOTAL TIME: 22.594 ####
Accuracy of the CNN_LSTM model on the test set: 81.095555 %
Accuracy of the LSTM_CNN model on the test set: 80.236033 %
Accuracy of the ParallelCNNLSTMModel model on the test set: 87.978445 %
#### TESTING TOTAL TIME: 3.709 ####
#### TIME #### TERMINO #### 34634.393 ####
#### FINITO #### TERMINO #### NO-VA-MAS ####
#### TIMES #### modelling TOTAL TOTAL ==>> 34634.393
#### #### READING DATA FILES #### ####
456 #### COMBI [reg, sid, ban, sec, men, med, sum, aci, mmm, npp, htp, hhh, aei] METRICS ####
('Plantation', '/home/vargas/repos/forests-sounds-vargas/out/data/extraction/Plantation/2_00_PSA0010-2010_dict_y_split_7_2512283_1736694580.pkl')
(297840, 13) Index(['reg', 'sid', 'ban', 'sec', 'men', 'med', 'sum', 'aci', 'mmm', 'npp',
       'htp'],
      dtype='object') Index(['ban', 'sec', 'men', 'med', 'sum', 'aci', 'mmm', 'npp', 'htp', 'hhh',
       'aei'],
      dtype='object')
#### MERGE 68 merge_data Dataframe shape: (297840, 13) #### time: 41
#### #### SPLIT TRAIN TEST #### ####
#### CLASSES: [0 1 2 3] TOTAL 4
#### SPLIT train_test_split and CUDA: ??? cuda:0 #### time: 35
#### MODELS - TOTAL 3 ####
#### EPOCHS 1 ####
#### TRAINING MODELS ####
#### TRAINING MODEL CNN_LSTM ####
#### TRAINED MODEL CNN_LSTM model training time: 6.747 total training time: 6.759 ####
#### TRAINING MODEL LSTM_CNN ####
#### TRAINED MODEL LSTM_CNN model training time: 7.957 total training time: 14.716 ####
#### TRAINING MODEL ParallelCNNLSTMModel ####
#### TRAINED MODEL ParallelCNNLSTMModel model training time: 8.015 total training time: 22.731 ####
#### TRAINING TOTAL TIME: 22.719 ####
Accuracy of the CNN_LSTM model on the test set: 84.672979 %
Accuracy of the LSTM_CNN model on the test set: 86.252686 %
Accuracy of the ParallelCNNLSTMModel model on the test set: 87.573865 %
#### TESTING TOTAL TIME: 3.568 ####
#### TIME #### TERMINO #### 34710.591 ####
#### FINITO #### TERMINO #### NO-VA-MAS ####
#### TIMES #### modelling TOTAL TOTAL ==>> 34710.591
#### #### READING DATA FILES #### ####
457 #### COMBI [reg, sid, ban, sec, men, med, sum, aci, mmm, hfq, htp, hhh, aei] METRICS ####
('Plantation', '/home/vargas/repos/forests-sounds-vargas/out/data/extraction/Plantation/2_00_PSA0010-2010_dict_y_split_7_2512283_1736694580.pkl')
(297840, 13) Index(['reg', 'sid', 'ban', 'sec', 'men', 'med', 'sum', 'aci', 'mmm', 'hfq',
       'htp'],
      dtype='object') Index(['ban', 'sec', 'men', 'med', 'sum', 'aci', 'mmm', 'hfq', 'htp', 'hhh',
       'aei'],
      dtype='object')
#### MERGE 68 merge_data Dataframe shape: (297840, 13) #### time: 39
#### #### SPLIT TRAIN TEST #### ####
#### CLASSES: [0 1 2 3] TOTAL 4
#### SPLIT train_test_split and CUDA: ??? cuda:0 #### time: 34
#### MODELS - TOTAL 3 ####
#### EPOCHS 1 ####
#### TRAINING MODELS ####
#### TRAINING MODEL CNN_LSTM ####
#### TRAINED MODEL CNN_LSTM model training time: 6.906 total training time: 6.917 ####
#### TRAINING MODEL LSTM_CNN ####
#### TRAINED MODEL LSTM_CNN model training time: 7.806 total training time: 14.723 ####
#### TRAINING MODEL ParallelCNNLSTMModel ####
#### TRAINED MODEL ParallelCNNLSTMModel model training time: 8.031 total training time: 22.754 ####
#### TRAINING TOTAL TIME: 22.743 ####
Accuracy of the CNN_LSTM model on the test set: 62.511751 %
Accuracy of the LSTM_CNN model on the test set: 65.439498 %
Accuracy of the ParallelCNNLSTMModel model on the test set: 66.896656 %
#### TESTING TOTAL TIME: 3.703 ####
#### TIME #### TERMINO #### 34785.274 ####
#### FINITO #### TERMINO #### NO-VA-MAS ####
#### TIMES #### modelling TOTAL TOTAL ==>> 34785.274
#### #### READING DATA FILES #### ####
458 #### COMBI [reg, sid, ban, sec, men, med, sum, aci, npp, hfq, htp, hhh, aei] METRICS ####
('Plantation', '/home/vargas/repos/forests-sounds-vargas/out/data/extraction/Plantation/2_00_PSA0010-2010_dict_y_split_7_2512283_1736694580.pkl')
(297840, 13) Index(['reg', 'sid', 'ban', 'sec', 'men', 'med', 'sum', 'aci', 'npp', 'hfq',
       'htp'],
      dtype='object') Index(['ban', 'sec', 'men', 'med', 'sum', 'aci', 'npp', 'hfq', 'htp', 'hhh',
       'aei'],
      dtype='object')
#### MERGE 68 merge_data Dataframe shape: (297840, 13) #### time: 39
#### #### SPLIT TRAIN TEST #### ####
#### CLASSES: [0 1 2 3] TOTAL 4
#### SPLIT train_test_split and CUDA: ??? cuda:0 #### time: 35
#### MODELS - TOTAL 3 ####
#### EPOCHS 1 ####
#### TRAINING MODELS ####
#### TRAINING MODEL CNN_LSTM ####
#### TRAINED MODEL CNN_LSTM model training time: 6.737 total training time: 6.748 ####
#### TRAINING MODEL LSTM_CNN ####
#### TRAINED MODEL LSTM_CNN model training time: 7.92 total training time: 14.669 ####
#### TRAINING MODEL ParallelCNNLSTMModel ####
#### TRAINED MODEL ParallelCNNLSTMModel model training time: 7.979 total training time: 22.648 ####
#### TRAINING TOTAL TIME: 22.636 ####
Accuracy of the CNN_LSTM model on the test set: 83.40552 %
Accuracy of the LSTM_CNN model on the test set: 78.683186 %
Accuracy of the ParallelCNNLSTMModel model on the test set: 88.230258 %
#### TESTING TOTAL TIME: 3.563 ####
#### TIME #### TERMINO #### 34860.008 ####
#### FINITO #### TERMINO #### NO-VA-MAS ####
#### TIMES #### modelling TOTAL TOTAL ==>> 34860.008
#### #### READING DATA FILES #### ####
459 #### COMBI [reg, sid, ban, sec, men, med, sum, bet, mmm, npp, hfq, htp, hhh] METRICS ####
('Plantation', '/home/vargas/repos/forests-sounds-vargas/out/data/extraction/Plantation/2_00_PSA0010-2010_dict_y_split_7_2512283_1736694580.pkl')
(297840, 13) Index(['reg', 'sid', 'ban', 'sec', 'men', 'med', 'sum', 'bet', 'mmm', 'npp',
       'hfq'],
      dtype='object') Index(['ban', 'sec', 'men', 'med', 'sum', 'bet', 'mmm', 'npp', 'hfq', 'htp',
       'hhh'],
      dtype='object')
#### MERGE 68 merge_data Dataframe shape: (297840, 13) #### time: 39
#### #### SPLIT TRAIN TEST #### ####
#### CLASSES: [0 1 2 3] TOTAL 4
#### SPLIT train_test_split and CUDA: ??? cuda:0 #### time: 35
#### MODELS - TOTAL 3 ####
#### EPOCHS 1 ####
#### TRAINING MODELS ####
#### TRAINING MODEL CNN_LSTM ####
#### TRAINED MODEL CNN_LSTM model training time: 6.865 total training time: 6.877 ####
#### TRAINING MODEL LSTM_CNN ####
#### TRAINED MODEL LSTM_CNN model training time: 7.783 total training time: 14.659 ####
#### TRAINING MODEL ParallelCNNLSTMModel ####
#### TRAINED MODEL ParallelCNNLSTMModel model training time: 8.0 total training time: 22.659 ####
#### TRAINING TOTAL TIME: 22.648 ####
Accuracy of the CNN_LSTM model on the test set: 89.932514 %
Accuracy of the LSTM_CNN model on the test set: 89.034381 %
Accuracy of the ParallelCNNLSTMModel model on the test set: 92.657131 %
#### TESTING TOTAL TIME: 3.564 ####
#### TIME #### TERMINO #### 34934.284 ####
#### FINITO #### TERMINO #### NO-VA-MAS ####
#### TIMES #### modelling TOTAL TOTAL ==>> 34934.284
#### #### READING DATA FILES #### ####
460 #### COMBI [reg, sid, ban, sec, men, med, sum, bet, mmm, npp, hfq, htp, aei] METRICS ####
('Plantation', '/home/vargas/repos/forests-sounds-vargas/out/data/extraction/Plantation/2_00_PSA0010-2010_dict_y_split_7_2512283_1736694580.pkl')
(297840, 13) Index(['reg', 'sid', 'ban', 'sec', 'men', 'med', 'sum', 'bet', 'mmm', 'npp',
       'hfq'],
      dtype='object') Index(['ban', 'sec', 'men', 'med', 'sum', 'bet', 'mmm', 'npp', 'hfq', 'htp',
       'aei'],
      dtype='object')
#### MERGE 68 merge_data Dataframe shape: (297840, 13) #### time: 39
#### #### SPLIT TRAIN TEST #### ####
#### CLASSES: [0 1 2 3] TOTAL 4
#### SPLIT train_test_split and CUDA: ??? cuda:0 #### time: 35
#### MODELS - TOTAL 3 ####
#### EPOCHS 1 ####
#### TRAINING MODELS ####
#### TRAINING MODEL CNN_LSTM ####
#### TRAINED MODEL CNN_LSTM model training time: 6.876 total training time: 6.888 ####
#### TRAINING MODEL LSTM_CNN ####
#### TRAINED MODEL LSTM_CNN model training time: 7.897 total training time: 14.785 ####
#### TRAINING MODEL ParallelCNNLSTMModel ####
#### TRAINED MODEL ParallelCNNLSTMModel model training time: 7.815 total training time: 22.6 ####
#### TRAINING TOTAL TIME: 22.589 ####
Accuracy of the CNN_LSTM model on the test set: 92.746105 %
Accuracy of the LSTM_CNN model on the test set: 87.761886 %
Accuracy of the ParallelCNNLSTMModel model on the test set: 93.241338 %
#### TESTING TOTAL TIME: 3.702 ####
#### TIME #### TERMINO #### 35009.267 ####
#### FINITO #### TERMINO #### NO-VA-MAS ####
#### TIMES #### modelling TOTAL TOTAL ==>> 35009.267
#### #### READING DATA FILES #### ####
461 #### COMBI [reg, sid, ban, sec, men, med, sum, bet, mmm, npp, hfq, hhh, aei] METRICS ####
('Plantation', '/home/vargas/repos/forests-sounds-vargas/out/data/extraction/Plantation/2_00_PSA0010-2010_dict_y_split_7_2512283_1736694580.pkl')
(297840, 13) Index(['reg', 'sid', 'ban', 'sec', 'men', 'med', 'sum', 'bet', 'mmm', 'npp',
       'hfq'],
      dtype='object') Index(['ban', 'sec', 'men', 'med', 'sum', 'bet', 'mmm', 'npp', 'hfq', 'hhh',
       'aei'],
      dtype='object')
#### MERGE 68 merge_data Dataframe shape: (297840, 13) #### time: 39
#### #### SPLIT TRAIN TEST #### ####
#### CLASSES: [0 1 2 3] TOTAL 4
#### SPLIT train_test_split and CUDA: ??? cuda:0 #### time: 35
#### MODELS - TOTAL 3 ####
#### EPOCHS 1 ####
#### TRAINING MODELS ####
#### TRAINING MODEL CNN_LSTM ####
#### TRAINED MODEL CNN_LSTM model training time: 6.847 total training time: 6.858 ####
#### TRAINING MODEL LSTM_CNN ####
#### TRAINED MODEL LSTM_CNN model training time: 7.766 total training time: 14.624 ####
#### TRAINING MODEL ParallelCNNLSTMModel ####
#### TRAINED MODEL ParallelCNNLSTMModel model training time: 7.985 total training time: 22.609 ####
#### TRAINING TOTAL TIME: 22.598 ####
Accuracy of the CNN_LSTM model on the test set: 90.548617 %
Accuracy of the LSTM_CNN model on the test set: 59.961724 %
Accuracy of the ParallelCNNLSTMModel model on the test set: 93.367244 %
#### TESTING TOTAL TIME: 3.554 ####
#### TIME #### TERMINO #### 35084.032 ####
#### FINITO #### TERMINO #### NO-VA-MAS ####
#### TIMES #### modelling TOTAL TOTAL ==>> 35084.032
#### #### READING DATA FILES #### ####
462 #### COMBI [reg, sid, ban, sec, men, med, sum, bet, mmm, npp, htp, hhh, aei] METRICS ####
('Plantation', '/home/vargas/repos/forests-sounds-vargas/out/data/extraction/Plantation/2_00_PSA0010-2010_dict_y_split_7_2512283_1736694580.pkl')
(297840, 13) Index(['reg', 'sid', 'ban', 'sec', 'men', 'med', 'sum', 'bet', 'mmm', 'npp',
       'htp'],
      dtype='object') Index(['ban', 'sec', 'men', 'med', 'sum', 'bet', 'mmm', 'npp', 'htp', 'hhh',
       'aei'],
      dtype='object')
#### MERGE 68 merge_data Dataframe shape: (297840, 13) #### time: 39
#### #### SPLIT TRAIN TEST #### ####
#### CLASSES: [0 1 2 3] TOTAL 4
#### SPLIT train_test_split and CUDA: ??? cuda:0 #### time: 35
#### MODELS - TOTAL 3 ####
#### EPOCHS 1 ####
#### TRAINING MODELS ####
#### TRAINING MODEL CNN_LSTM ####
#### TRAINED MODEL CNN_LSTM model training time: 6.871 total training time: 6.883 ####
#### TRAINING MODEL LSTM_CNN ####
#### TRAINED MODEL LSTM_CNN model training time: 7.945 total training time: 14.828 ####
#### TRAINING MODEL ParallelCNNLSTMModel ####
#### TRAINED MODEL ParallelCNNLSTMModel model training time: 7.807 total training time: 22.635 ####
#### TRAINING TOTAL TIME: 22.624 ####
Accuracy of the CNN_LSTM model on the test set: 92.089713 %
Accuracy of the LSTM_CNN model on the test set: 62.510073 %
Accuracy of the ParallelCNNLSTMModel model on the test set: 93.357172 %
#### TESTING TOTAL TIME: 3.703 ####
#### TIME #### TERMINO #### 35158.717 ####
#### FINITO #### TERMINO #### NO-VA-MAS ####
#### TIMES #### modelling TOTAL TOTAL ==>> 35158.717
#### #### READING DATA FILES #### ####
463 #### COMBI [reg, sid, ban, sec, men, med, sum, bet, mmm, hfq, htp, hhh, aei] METRICS ####
('Plantation', '/home/vargas/repos/forests-sounds-vargas/out/data/extraction/Plantation/2_00_PSA0010-2010_dict_y_split_7_2512283_1736694580.pkl')
(297840, 13) Index(['reg', 'sid', 'ban', 'sec', 'men', 'med', 'sum', 'bet', 'mmm', 'hfq',
       'htp'],
      dtype='object') Index(['ban', 'sec', 'men', 'med', 'sum', 'bet', 'mmm', 'hfq', 'htp', 'hhh',
       'aei'],
      dtype='object')
#### MERGE 68 merge_data Dataframe shape: (297840, 13) #### time: 39
#### #### SPLIT TRAIN TEST #### ####
#### CLASSES: [0 1 2 3] TOTAL 4
#### SPLIT train_test_split and CUDA: ??? cuda:0 #### time: 35
#### MODELS - TOTAL 3 ####
#### EPOCHS 1 ####
#### TRAINING MODELS ####
#### TRAINING MODEL CNN_LSTM ####
#### TRAINED MODEL CNN_LSTM model training time: 6.673 total training time: 6.684 ####
#### TRAINING MODEL LSTM_CNN ####
#### TRAINED MODEL LSTM_CNN model training time: 7.899 total training time: 14.583 ####
#### TRAINING MODEL ParallelCNNLSTMModel ####
#### TRAINED MODEL ParallelCNNLSTMModel model training time: 7.953 total training time: 22.536 ####
#### TRAINING TOTAL TIME: 22.525 ####
Accuracy of the CNN_LSTM model on the test set: 72.826014 %
Accuracy of the LSTM_CNN model on the test set: 58.303116 %
Accuracy of the ParallelCNNLSTMModel model on the test set: 79.386583 %
#### TESTING TOTAL TIME: 3.552 ####
#### TIME #### TERMINO #### 35233.526 ####
#### FINITO #### TERMINO #### NO-VA-MAS ####
#### TIMES #### modelling TOTAL TOTAL ==>> 35233.526
#### #### READING DATA FILES #### ####
464 #### COMBI [reg, sid, ban, sec, men, med, sum, bet, npp, hfq, htp, hhh, aei] METRICS ####
('Plantation', '/home/vargas/repos/forests-sounds-vargas/out/data/extraction/Plantation/2_00_PSA0010-2010_dict_y_split_7_2512283_1736694580.pkl')
(297840, 13) Index(['reg', 'sid', 'ban', 'sec', 'men', 'med', 'sum', 'bet', 'npp', 'hfq',
       'htp'],
      dtype='object') Index(['ban', 'sec', 'men', 'med', 'sum', 'bet', 'npp', 'hfq', 'htp', 'hhh',
       'aei'],
      dtype='object')
#### MERGE 68 merge_data Dataframe shape: (297840, 13) #### time: 40
#### #### SPLIT TRAIN TEST #### ####
#### CLASSES: [0 1 2 3] TOTAL 4
#### SPLIT train_test_split and CUDA: ??? cuda:0 #### time: 34
#### MODELS - TOTAL 3 ####
#### EPOCHS 1 ####
#### TRAINING MODELS ####
#### TRAINING MODEL CNN_LSTM ####
#### TRAINED MODEL CNN_LSTM model training time: 6.848 total training time: 6.86 ####
#### TRAINING MODEL LSTM_CNN ####
#### TRAINED MODEL LSTM_CNN model training time: 7.751 total training time: 14.61 ####
#### TRAINING MODEL ParallelCNNLSTMModel ####
#### TRAINED MODEL ParallelCNNLSTMModel model training time: 7.949 total training time: 22.56 ####
#### TRAINING TOTAL TIME: 22.548 ####
Accuracy of the CNN_LSTM model on the test set: 92.568157 %
Accuracy of the LSTM_CNN model on the test set: 84.839175 %
Accuracy of the ParallelCNNLSTMModel model on the test set: 92.808219 %
#### TESTING TOTAL TIME: 3.691 ####
#### TIME #### TERMINO #### 35308.688 ####
#### FINITO #### TERMINO #### NO-VA-MAS ####
#### TIMES #### modelling TOTAL TOTAL ==>> 35308.688
#### #### READING DATA FILES #### ####
465 #### COMBI [reg, sid, ban, sec, men, med, sum, mmm, npp, hfq, htp, hhh, aei] METRICS ####
('Plantation', '/home/vargas/repos/forests-sounds-vargas/out/data/extraction/Plantation/2_00_PSA0010-2010_dict_y_split_7_2512283_1736694580.pkl')
(297840, 13) Index(['reg', 'sid', 'ban', 'sec', 'men', 'med', 'sum', 'mmm', 'npp', 'hfq',
       'htp'],
      dtype='object') Index(['ban', 'sec', 'men', 'med', 'sum', 'mmm', 'npp', 'hfq', 'htp', 'hhh',
       'aei'],
      dtype='object')
#### MERGE 68 merge_data Dataframe shape: (297840, 13) #### time: 40
#### #### SPLIT TRAIN TEST #### ####
#### CLASSES: [0 1 2 3] TOTAL 4
#### SPLIT train_test_split and CUDA: ??? cuda:0 #### time: 35
#### MODELS - TOTAL 3 ####
#### EPOCHS 1 ####
#### TRAINING MODELS ####
#### TRAINING MODEL CNN_LSTM ####
#### TRAINED MODEL CNN_LSTM model training time: 6.68 total training time: 6.692 ####
#### TRAINING MODEL LSTM_CNN ####
#### TRAINED MODEL LSTM_CNN model training time: 7.909 total training time: 14.6 ####
#### TRAINING MODEL ParallelCNNLSTMModel ####
#### TRAINED MODEL ParallelCNNLSTMModel model training time: 7.949 total training time: 22.549 ####
#### TRAINING TOTAL TIME: 22.538 ####
Accuracy of the CNN_LSTM model on the test set: 86.850322 %
Accuracy of the LSTM_CNN model on the test set: 60.362947 %
Accuracy of the ParallelCNNLSTMModel model on the test set: 91.255372 %
#### TESTING TOTAL TIME: 3.551 ####
#### TIME #### TERMINO #### 35384.341 ####
#### FINITO #### TERMINO #### NO-VA-MAS ####
#### TIMES #### modelling TOTAL TOTAL ==>> 35384.341
#### #### READING DATA FILES #### ####
466 #### COMBI [reg, sid, ban, sec, men, med, sum, max, aci, bet, mmm, npp, hfq, htp] METRICS ####
('Plantation', '/home/vargas/repos/forests-sounds-vargas/out/data/extraction/Plantation/2_00_PSA0010-2010_dict_y_split_7_2512283_1736694580.pkl')
(297840, 14) Index(['reg', 'sid', 'ban', 'sec', 'men', 'med', 'sum', 'max', 'aci', 'bet',
       'mmm'],
      dtype='object') Index(['sec', 'men', 'med', 'sum', 'max', 'aci', 'bet', 'mmm', 'npp', 'hfq',
       'htp'],
      dtype='object')
#### MERGE 68 merge_data Dataframe shape: (297840, 14) #### time: 38
#### #### SPLIT TRAIN TEST #### ####
#### CLASSES: [0 1 2 3] TOTAL 4
#### SPLIT train_test_split and CUDA: ??? cuda:0 #### time: 35
#### MODELS - TOTAL 3 ####
#### EPOCHS 1 ####
#### TRAINING MODELS ####
#### TRAINING MODEL CNN_LSTM ####
#### TRAINED MODEL CNN_LSTM model training time: 6.84 total training time: 6.852 ####
#### TRAINING MODEL LSTM_CNN ####
#### TRAINED MODEL LSTM_CNN model training time: 7.83 total training time: 14.682 ####
#### TRAINING MODEL ParallelCNNLSTMModel ####
#### TRAINED MODEL ParallelCNNLSTMModel model training time: 8.025 total training time: 22.707 ####
#### TRAINING TOTAL TIME: 22.696 ####
Accuracy of the CNN_LSTM model on the test set: 87.117244 %
Accuracy of the LSTM_CNN model on the test set: 81.872818 %
Accuracy of the ParallelCNNLSTMModel model on the test set: 89.287873 %
#### TESTING TOTAL TIME: 3.563 ####
#### TIME #### TERMINO #### 35457.89 ####
#### FINITO #### TERMINO #### NO-VA-MAS ####
#### TIMES #### modelling TOTAL TOTAL ==>> 35457.89
#### #### READING DATA FILES #### ####
467 #### COMBI [reg, sid, ban, sec, men, med, sum, max, aci, bet, mmm, npp, hfq, hhh] METRICS ####
('Plantation', '/home/vargas/repos/forests-sounds-vargas/out/data/extraction/Plantation/2_00_PSA0010-2010_dict_y_split_7_2512283_1736694580.pkl')
(297840, 14) Index(['reg', 'sid', 'ban', 'sec', 'men', 'med', 'sum', 'max', 'aci', 'bet',
       'mmm'],
      dtype='object') Index(['sec', 'men', 'med', 'sum', 'max', 'aci', 'bet', 'mmm', 'npp', 'hfq',
       'hhh'],
      dtype='object')
#### MERGE 68 merge_data Dataframe shape: (297840, 14) #### time: 39
#### #### SPLIT TRAIN TEST #### ####
#### CLASSES: [0 1 2 3] TOTAL 4
#### SPLIT train_test_split and CUDA: ??? cuda:0 #### time: 35
#### MODELS - TOTAL 3 ####
#### EPOCHS 1 ####
#### TRAINING MODELS ####
#### TRAINING MODEL CNN_LSTM ####
#### TRAINED MODEL CNN_LSTM model training time: 6.837 total training time: 6.848 ####
#### TRAINING MODEL LSTM_CNN ####
#### TRAINED MODEL LSTM_CNN model training time: 8.012 total training time: 14.861 ####
#### TRAINING MODEL ParallelCNNLSTMModel ####
#### TRAINED MODEL ParallelCNNLSTMModel model training time: 7.884 total training time: 22.745 ####
#### TRAINING TOTAL TIME: 22.733 ####
Accuracy of the CNN_LSTM model on the test set: 80.454271 %
Accuracy of the LSTM_CNN model on the test set: 85.453599 %
Accuracy of the ParallelCNNLSTMModel model on the test set: 89.272764 %
#### TESTING TOTAL TIME: 3.701 ####
#### TIME #### TERMINO #### 35532.93 ####
#### FINITO #### TERMINO #### NO-VA-MAS ####
#### TIMES #### modelling TOTAL TOTAL ==>> 35532.93
#### #### READING DATA FILES #### ####
468 #### COMBI [reg, sid, ban, sec, men, med, sum, max, aci, bet, mmm, npp, hfq, aei] METRICS ####
('Plantation', '/home/vargas/repos/forests-sounds-vargas/out/data/extraction/Plantation/2_00_PSA0010-2010_dict_y_split_7_2512283_1736694580.pkl')
(297840, 14) Index(['reg', 'sid', 'ban', 'sec', 'men', 'med', 'sum', 'max', 'aci', 'bet',
       'mmm'],
      dtype='object') Index(['sec', 'men', 'med', 'sum', 'max', 'aci', 'bet', 'mmm', 'npp', 'hfq',
       'aei'],
      dtype='object')
#### MERGE 68 merge_data Dataframe shape: (297840, 14) #### time: 40
#### #### SPLIT TRAIN TEST #### ####
#### CLASSES: [0 1 2 3] TOTAL 4
#### SPLIT train_test_split and CUDA: ??? cuda:0 #### time: 35
#### MODELS - TOTAL 3 ####
#### EPOCHS 1 ####
#### TRAINING MODELS ####
#### TRAINING MODEL CNN_LSTM ####
#### TRAINED MODEL CNN_LSTM model training time: 6.81 total training time: 6.821 ####
#### TRAINING MODEL LSTM_CNN ####
#### TRAINED MODEL LSTM_CNN model training time: 7.794 total training time: 14.615 ####
#### TRAINING MODEL ParallelCNNLSTMModel ####
#### TRAINED MODEL ParallelCNNLSTMModel model training time: 7.979 total training time: 22.594 ####
#### TRAINING TOTAL TIME: 22.583 ####
Accuracy of the CNN_LSTM model on the test set: 84.271757 %
Accuracy of the LSTM_CNN model on the test set: 85.490532 %
Accuracy of the ParallelCNNLSTMModel model on the test set: 84.019944 %
#### TESTING TOTAL TIME: 3.554 ####
#### TIME #### TERMINO #### 35607.696 ####
#### FINITO #### TERMINO #### NO-VA-MAS ####
#### TIMES #### modelling TOTAL TOTAL ==>> 35607.696
#### #### READING DATA FILES #### ####
469 #### COMBI [reg, sid, ban, sec, men, med, sum, max, aci, bet, mmm, npp, htp, hhh] METRICS ####
('Plantation', '/home/vargas/repos/forests-sounds-vargas/out/data/extraction/Plantation/2_00_PSA0010-2010_dict_y_split_7_2512283_1736694580.pkl')
(297840, 14) Index(['reg', 'sid', 'ban', 'sec', 'men', 'med', 'sum', 'max', 'aci', 'bet',
       'mmm'],
      dtype='object') Index(['sec', 'men', 'med', 'sum', 'max', 'aci', 'bet', 'mmm', 'npp', 'htp',
       'hhh'],
      dtype='object')
#### MERGE 68 merge_data Dataframe shape: (297840, 14) #### time: 41
#### #### SPLIT TRAIN TEST #### ####
#### CLASSES: [0 1 2 3] TOTAL 4
#### SPLIT train_test_split and CUDA: ??? cuda:0 #### time: 35
#### MODELS - TOTAL 3 ####
#### EPOCHS 1 ####
#### TRAINING MODELS ####
#### TRAINING MODEL CNN_LSTM ####
#### TRAINED MODEL CNN_LSTM model training time: 6.82 total training time: 6.831 ####
#### TRAINING MODEL LSTM_CNN ####
#### TRAINED MODEL LSTM_CNN model training time: 7.943 total training time: 14.774 ####
#### TRAINING MODEL ParallelCNNLSTMModel ####
#### TRAINED MODEL ParallelCNNLSTMModel model training time: 7.843 total training time: 22.617 ####
#### TRAINING TOTAL TIME: 22.606 ####
Accuracy of the CNN_LSTM model on the test set: 80.580177 %
Accuracy of the LSTM_CNN model on the test set: 84.881144 %
Accuracy of the ParallelCNNLSTMModel model on the test set: 88.826215 %
#### TESTING TOTAL TIME: 3.707 ####
#### TIME #### TERMINO #### 35684.327 ####
#### FINITO #### TERMINO #### NO-VA-MAS ####
#### TIMES #### modelling TOTAL TOTAL ==>> 35684.327
#### #### READING DATA FILES #### ####
470 #### COMBI [reg, sid, ban, sec, men, med, sum, max, aci, bet, mmm, npp, htp, aei] METRICS ####
('Plantation', '/home/vargas/repos/forests-sounds-vargas/out/data/extraction/Plantation/2_00_PSA0010-2010_dict_y_split_7_2512283_1736694580.pkl')
(297840, 14) Index(['reg', 'sid', 'ban', 'sec', 'men', 'med', 'sum', 'max', 'aci', 'bet',
       'mmm'],
      dtype='object') Index(['sec', 'men', 'med', 'sum', 'max', 'aci', 'bet', 'mmm', 'npp', 'htp',
       'aei'],
      dtype='object')
#### MERGE 68 merge_data Dataframe shape: (297840, 14) #### time: 39
#### #### SPLIT TRAIN TEST #### ####
#### CLASSES: [0 1 2 3] TOTAL 4
#### SPLIT train_test_split and CUDA: ??? cuda:0 #### time: 35
#### MODELS - TOTAL 3 ####
#### EPOCHS 1 ####
#### TRAINING MODELS ####
#### TRAINING MODEL CNN_LSTM ####
#### TRAINED MODEL CNN_LSTM model training time: 6.704 total training time: 6.716 ####
#### TRAINING MODEL LSTM_CNN ####
#### TRAINED MODEL LSTM_CNN model training time: 7.996 total training time: 14.711 ####
#### TRAINING MODEL ParallelCNNLSTMModel ####
#### TRAINED MODEL ParallelCNNLSTMModel model training time: 8.033 total training time: 22.744 ####
#### TRAINING TOTAL TIME: 22.733 ####
Accuracy of the CNN_LSTM model on the test set: 81.894641 %
Accuracy of the LSTM_CNN model on the test set: 82.997583 %
Accuracy of the ParallelCNNLSTMModel model on the test set: 88.5509 %
#### TESTING TOTAL TIME: 3.566 ####
#### TIME #### TERMINO #### 35759.108 ####
#### FINITO #### TERMINO #### NO-VA-MAS ####
#### TIMES #### modelling TOTAL TOTAL ==>> 35759.108
#### #### READING DATA FILES #### ####
471 #### COMBI [reg, sid, ban, sec, men, med, sum, max, aci, bet, mmm, npp, hhh, aei] METRICS ####
('Plantation', '/home/vargas/repos/forests-sounds-vargas/out/data/extraction/Plantation/2_00_PSA0010-2010_dict_y_split_7_2512283_1736694580.pkl')
(297840, 14) Index(['reg', 'sid', 'ban', 'sec', 'men', 'med', 'sum', 'max', 'aci', 'bet',
       'mmm'],
      dtype='object') Index(['sec', 'men', 'med', 'sum', 'max', 'aci', 'bet', 'mmm', 'npp', 'hhh',
       'aei'],
      dtype='object')
#### MERGE 68 merge_data Dataframe shape: (297840, 14) #### time: 39
#### #### SPLIT TRAIN TEST #### ####
#### CLASSES: [0 1 2 3] TOTAL 4
#### SPLIT train_test_split and CUDA: ??? cuda:0 #### time: 35
#### MODELS - TOTAL 3 ####
#### EPOCHS 1 ####
#### TRAINING MODELS ####
#### TRAINING MODEL CNN_LSTM ####
#### TRAINED MODEL CNN_LSTM model training time: 6.839 total training time: 6.85 ####
#### TRAINING MODEL LSTM_CNN ####
#### TRAINED MODEL LSTM_CNN model training time: 7.98 total training time: 14.83 ####
#### TRAINING MODEL ParallelCNNLSTMModel ####
#### TRAINED MODEL ParallelCNNLSTMModel model training time: 7.89 total training time: 22.72 ####
#### TRAINING TOTAL TIME: 22.709 ####
Accuracy of the CNN_LSTM model on the test set: 83.875571 %
Accuracy of the LSTM_CNN model on the test set: 87.258259 %
Accuracy of the ParallelCNNLSTMModel model on the test set: 88.624765 %
#### TESTING TOTAL TIME: 3.7 ####
#### TIME #### TERMINO #### 35834.182 ####
#### FINITO #### TERMINO #### NO-VA-MAS ####
#### TIMES #### modelling TOTAL TOTAL ==>> 35834.182
#### #### READING DATA FILES #### ####
472 #### COMBI [reg, sid, ban, sec, men, med, sum, max, aci, bet, mmm, hfq, htp, hhh] METRICS ####
('Plantation', '/home/vargas/repos/forests-sounds-vargas/out/data/extraction/Plantation/2_00_PSA0010-2010_dict_y_split_7_2512283_1736694580.pkl')
(297840, 14) Index(['reg', 'sid', 'ban', 'sec', 'men', 'med', 'sum', 'max', 'aci', 'bet',
       'mmm'],
      dtype='object') Index(['sec', 'men', 'med', 'sum', 'max', 'aci', 'bet', 'mmm', 'hfq', 'htp',
       'hhh'],
      dtype='object')
#### MERGE 68 merge_data Dataframe shape: (297840, 14) #### time: 39
#### #### SPLIT TRAIN TEST #### ####
#### CLASSES: [0 1 2 3] TOTAL 4
#### SPLIT train_test_split and CUDA: ??? cuda:0 #### time: 35
#### MODELS - TOTAL 3 ####
#### EPOCHS 1 ####
#### TRAINING MODELS ####
#### TRAINING MODEL CNN_LSTM ####
#### TRAINED MODEL CNN_LSTM model training time: 6.706 total training time: 6.717 ####
#### TRAINING MODEL LSTM_CNN ####
#### TRAINED MODEL LSTM_CNN model training time: 7.989 total training time: 14.706 ####
#### TRAINING MODEL ParallelCNNLSTMModel ####
#### TRAINED MODEL ParallelCNNLSTMModel model training time: 8.035 total training time: 22.741 ####
#### TRAINING TOTAL TIME: 22.73 ####
Accuracy of the CNN_LSTM model on the test set: 73.76108 %
Accuracy of the LSTM_CNN model on the test set: 73.220521 %
Accuracy of the ParallelCNNLSTMModel model on the test set: 76.428619 %
#### TESTING TOTAL TIME: 3.57 ####
#### TIME #### TERMINO #### 35908.462 ####
#### FINITO #### TERMINO #### NO-VA-MAS ####
#### TIMES #### modelling TOTAL TOTAL ==>> 35908.462
#### #### READING DATA FILES #### ####
473 #### COMBI [reg, sid, ban, sec, men, med, sum, max, aci, bet, mmm, hfq, htp, aei] METRICS ####
('Plantation', '/home/vargas/repos/forests-sounds-vargas/out/data/extraction/Plantation/2_00_PSA0010-2010_dict_y_split_7_2512283_1736694580.pkl')
(297840, 14) Index(['reg', 'sid', 'ban', 'sec', 'men', 'med', 'sum', 'max', 'aci', 'bet',
       'mmm'],
      dtype='object') Index(['sec', 'men', 'med', 'sum', 'max', 'aci', 'bet', 'mmm', 'hfq', 'htp',
       'aei'],
      dtype='object')
#### MERGE 68 merge_data Dataframe shape: (297840, 14) #### time: 38
#### #### SPLIT TRAIN TEST #### ####
#### CLASSES: [0 1 2 3] TOTAL 4
#### SPLIT train_test_split and CUDA: ??? cuda:0 #### time: 34
#### MODELS - TOTAL 3 ####
#### EPOCHS 1 ####
#### TRAINING MODELS ####
#### TRAINING MODEL CNN_LSTM ####
#### TRAINED MODEL CNN_LSTM model training time: 6.839 total training time: 6.851 ####
#### TRAINING MODEL LSTM_CNN ####
#### TRAINED MODEL LSTM_CNN model training time: 7.827 total training time: 14.677 ####
#### TRAINING MODEL ParallelCNNLSTMModel ####
#### TRAINED MODEL ParallelCNNLSTMModel model training time: 8.028 total training time: 22.705 ####
#### TRAINING TOTAL TIME: 22.694 ####
Accuracy of the CNN_LSTM model on the test set: 72.313994 %
Accuracy of the LSTM_CNN model on the test set: 73.131547 %
Accuracy of the ParallelCNNLSTMModel model on the test set: 76.393366 %
#### TESTING TOTAL TIME: 3.697 ####
#### TIME #### TERMINO #### 35982.074 ####
#### FINITO #### TERMINO #### NO-VA-MAS ####
#### TIMES #### modelling TOTAL TOTAL ==>> 35982.074
#### #### READING DATA FILES #### ####
474 #### COMBI [reg, sid, ban, sec, men, med, sum, max, aci, bet, mmm, hfq, hhh, aei] METRICS ####
('Plantation', '/home/vargas/repos/forests-sounds-vargas/out/data/extraction/Plantation/2_00_PSA0010-2010_dict_y_split_7_2512283_1736694580.pkl')
(297840, 14) Index(['reg', 'sid', 'ban', 'sec', 'men', 'med', 'sum', 'max', 'aci', 'bet',
       'mmm'],
      dtype='object') Index(['sec', 'men', 'med', 'sum', 'max', 'aci', 'bet', 'mmm', 'hfq', 'hhh',
       'aei'],
      dtype='object')
#### MERGE 68 merge_data Dataframe shape: (297840, 14) #### time: 39
#### #### SPLIT TRAIN TEST #### ####
#### CLASSES: [0 1 2 3] TOTAL 4
#### SPLIT train_test_split and CUDA: ??? cuda:0 #### time: 34
#### MODELS - TOTAL 3 ####
#### EPOCHS 1 ####
#### TRAINING MODELS ####
#### TRAINING MODEL CNN_LSTM ####
#### TRAINED MODEL CNN_LSTM model training time: 6.695 total training time: 6.706 ####
#### TRAINING MODEL LSTM_CNN ####
#### TRAINED MODEL LSTM_CNN model training time: 8.017 total training time: 14.723 ####
#### TRAINING MODEL ParallelCNNLSTMModel ####
#### TRAINED MODEL ParallelCNNLSTMModel model training time: 8.028 total training time: 22.751 ####
#### TRAINING TOTAL TIME: 22.74 ####
Accuracy of the CNN_LSTM model on the test set: 74.382219 %
Accuracy of the LSTM_CNN model on the test set: 73.604956 %
Accuracy of the ParallelCNNLSTMModel model on the test set: 76.79123 %
#### TESTING TOTAL TIME: 3.575 ####
#### TIME #### TERMINO #### 36056.911 ####
#### FINITO #### TERMINO #### NO-VA-MAS ####
#### TIMES #### modelling TOTAL TOTAL ==>> 36056.911
#### #### READING DATA FILES #### ####
475 #### COMBI [reg, sid, ban, sec, men, med, sum, max, aci, bet, mmm, htp, hhh, aei] METRICS ####
('Plantation', '/home/vargas/repos/forests-sounds-vargas/out/data/extraction/Plantation/2_00_PSA0010-2010_dict_y_split_7_2512283_1736694580.pkl')
(297840, 14) Index(['reg', 'sid', 'ban', 'sec', 'men', 'med', 'sum', 'max', 'aci', 'bet',
       'mmm'],
      dtype='object') Index(['sec', 'men', 'med', 'sum', 'max', 'aci', 'bet', 'mmm', 'htp', 'hhh',
       'aei'],
      dtype='object')
#### MERGE 68 merge_data Dataframe shape: (297840, 14) #### time: 39
#### #### SPLIT TRAIN TEST #### ####
#### CLASSES: [0 1 2 3] TOTAL 4
#### SPLIT train_test_split and CUDA: ??? cuda:0 #### time: 35
#### MODELS - TOTAL 3 ####
#### EPOCHS 1 ####
#### TRAINING MODELS ####
#### TRAINING MODEL CNN_LSTM ####
#### TRAINED MODEL CNN_LSTM model training time: 6.884 total training time: 6.895 ####
#### TRAINING MODEL LSTM_CNN ####
#### TRAINED MODEL LSTM_CNN model training time: 7.837 total training time: 14.732 ####
#### TRAINING MODEL ParallelCNNLSTMModel ####
#### TRAINED MODEL ParallelCNNLSTMModel model training time: 8.041 total training time: 22.773 ####
#### TRAINING TOTAL TIME: 22.762 ####
Accuracy of the CNN_LSTM model on the test set: 74.212665 %
Accuracy of the LSTM_CNN model on the test set: 72.488584 %
Accuracy of the ParallelCNNLSTMModel model on the test set: 76.92553 %
#### TESTING TOTAL TIME: 3.571 ####
#### TIME #### TERMINO #### 36131.362 ####
#### FINITO #### TERMINO #### NO-VA-MAS ####
#### TIMES #### modelling TOTAL TOTAL ==>> 36131.362
#### #### READING DATA FILES #### ####
476 #### COMBI [reg, sid, ban, sec, men, med, sum, max, aci, bet, npp, hfq, htp, hhh] METRICS ####
('Plantation', '/home/vargas/repos/forests-sounds-vargas/out/data/extraction/Plantation/2_00_PSA0010-2010_dict_y_split_7_2512283_1736694580.pkl')
(297840, 14) Index(['reg', 'sid', 'ban', 'sec', 'men', 'med', 'sum', 'max', 'aci', 'bet',
       'npp'],
      dtype='object') Index(['sec', 'men', 'med', 'sum', 'max', 'aci', 'bet', 'npp', 'hfq', 'htp',
       'hhh'],
      dtype='object')
#### MERGE 68 merge_data Dataframe shape: (297840, 14) #### time: 38
#### #### SPLIT TRAIN TEST #### ####
#### CLASSES: [0 1 2 3] TOTAL 4
#### SPLIT train_test_split and CUDA: ??? cuda:0 #### time: 35
#### MODELS - TOTAL 3 ####
#### EPOCHS 1 ####
#### TRAINING MODELS ####
#### TRAINING MODEL CNN_LSTM ####
#### TRAINED MODEL CNN_LSTM model training time: 6.846 total training time: 6.857 ####
#### TRAINING MODEL LSTM_CNN ####
#### TRAINED MODEL LSTM_CNN model training time: 7.988 total training time: 14.845 ####
#### TRAINING MODEL ParallelCNNLSTMModel ####
#### TRAINED MODEL ParallelCNNLSTMModel model training time: 7.897 total training time: 22.742 ####
#### TRAINING TOTAL TIME: 22.731 ####
Accuracy of the CNN_LSTM model on the test set: 83.93097 %
Accuracy of the LSTM_CNN model on the test set: 86.299691 %
Accuracy of the ParallelCNNLSTMModel model on the test set: 89.585012 %
#### TESTING TOTAL TIME: 3.709 ####
#### TIME #### TERMINO #### 36205.236 ####
#### FINITO #### TERMINO #### NO-VA-MAS ####
#### TIMES #### modelling TOTAL TOTAL ==>> 36205.236
#### #### READING DATA FILES #### ####
477 #### COMBI [reg, sid, ban, sec, men, med, sum, max, aci, bet, npp, hfq, htp, aei] METRICS ####
('Plantation', '/home/vargas/repos/forests-sounds-vargas/out/data/extraction/Plantation/2_00_PSA0010-2010_dict_y_split_7_2512283_1736694580.pkl')
(297840, 14) Index(['reg', 'sid', 'ban', 'sec', 'men', 'med', 'sum', 'max', 'aci', 'bet',
       'npp'],
      dtype='object') Index(['sec', 'men', 'med', 'sum', 'max', 'aci', 'bet', 'npp', 'hfq', 'htp',
       'aei'],
      dtype='object')
#### MERGE 68 merge_data Dataframe shape: (297840, 14) #### time: 40
#### #### SPLIT TRAIN TEST #### ####
#### CLASSES: [0 1 2 3] TOTAL 4
#### SPLIT train_test_split and CUDA: ??? cuda:0 #### time: 34
#### MODELS - TOTAL 3 ####
#### EPOCHS 1 ####
#### TRAINING MODELS ####
#### TRAINING MODEL CNN_LSTM ####
#### TRAINED MODEL CNN_LSTM model training time: 6.857 total training time: 6.869 ####
#### TRAINING MODEL LSTM_CNN ####
#### TRAINED MODEL LSTM_CNN model training time: 7.834 total training time: 14.703 ####
#### TRAINING MODEL ParallelCNNLSTMModel ####
#### TRAINED MODEL ParallelCNNLSTMModel model training time: 8.042 total training time: 22.745 ####
#### TRAINING TOTAL TIME: 22.734 ####
Accuracy of the CNN_LSTM model on the test set: 85.475423 %
Accuracy of the LSTM_CNN model on the test set: 86.712665 %
Accuracy of the ParallelCNNLSTMModel model on the test set: 87.011483 %
#### TESTING TOTAL TIME: 3.572 ####
#### TIME #### TERMINO #### 36280.406 ####
#### FINITO #### TERMINO #### NO-VA-MAS ####
#### TIMES #### modelling TOTAL TOTAL ==>> 36280.406
#### #### READING DATA FILES #### ####
478 #### COMBI [reg, sid, ban, sec, men, med, sum, max, aci, bet, npp, hfq, hhh, aei] METRICS ####
('Plantation', '/home/vargas/repos/forests-sounds-vargas/out/data/extraction/Plantation/2_00_PSA0010-2010_dict_y_split_7_2512283_1736694580.pkl')
(297840, 14) Index(['reg', 'sid', 'ban', 'sec', 'men', 'med', 'sum', 'max', 'aci', 'bet',
       'npp'],
      dtype='object') Index(['sec', 'men', 'med', 'sum', 'max', 'aci', 'bet', 'npp', 'hfq', 'hhh',
       'aei'],
      dtype='object')
#### MERGE 68 merge_data Dataframe shape: (297840, 14) #### time: 39
#### #### SPLIT TRAIN TEST #### ####
#### CLASSES: [0 1 2 3] TOTAL 4
#### SPLIT train_test_split and CUDA: ??? cuda:0 #### time: 35
#### MODELS - TOTAL 3 ####
#### EPOCHS 1 ####
#### TRAINING MODELS ####
#### TRAINING MODEL CNN_LSTM ####
#### TRAINED MODEL CNN_LSTM model training time: 6.849 total training time: 6.86 ####
#### TRAINING MODEL LSTM_CNN ####
#### TRAINED MODEL LSTM_CNN model training time: 7.983 total training time: 14.843 ####
#### TRAINING MODEL ParallelCNNLSTMModel ####
#### TRAINED MODEL ParallelCNNLSTMModel model training time: 7.888 total training time: 22.731 ####
#### TRAINING TOTAL TIME: 22.72 ####
Accuracy of the CNN_LSTM model on the test set: 85.873288 %
Accuracy of the LSTM_CNN model on the test set: 81.23657 %
Accuracy of the ParallelCNNLSTMModel model on the test set: 88.424993 %
#### TESTING TOTAL TIME: 3.727 ####
#### TIME #### TERMINO #### 36354.823 ####
#### FINITO #### TERMINO #### NO-VA-MAS ####
#### TIMES #### modelling TOTAL TOTAL ==>> 36354.823
#### #### READING DATA FILES #### ####
479 #### COMBI [reg, sid, ban, sec, men, med, sum, max, aci, bet, npp, htp, hhh, aei] METRICS ####
('Plantation', '/home/vargas/repos/forests-sounds-vargas/out/data/extraction/Plantation/2_00_PSA0010-2010_dict_y_split_7_2512283_1736694580.pkl')
(297840, 14) Index(['reg', 'sid', 'ban', 'sec', 'men', 'med', 'sum', 'max', 'aci', 'bet',
       'npp'],
      dtype='object') Index(['sec', 'men', 'med', 'sum', 'max', 'aci', 'bet', 'npp', 'htp', 'hhh',
       'aei'],
      dtype='object')
#### MERGE 68 merge_data Dataframe shape: (297840, 14) #### time: 39
#### #### SPLIT TRAIN TEST #### ####
#### CLASSES: [0 1 2 3] TOTAL 4
#### SPLIT train_test_split and CUDA: ??? cuda:0 #### time: 34
#### MODELS - TOTAL 3 ####
#### EPOCHS 1 ####
#### TRAINING MODELS ####
#### TRAINING MODEL CNN_LSTM ####
#### TRAINED MODEL CNN_LSTM model training time: 6.699 total training time: 6.71 ####
#### TRAINING MODEL LSTM_CNN ####
#### TRAINED MODEL LSTM_CNN model training time: 8.009 total training time: 14.719 ####
#### TRAINING MODEL ParallelCNNLSTMModel ####
#### TRAINED MODEL ParallelCNNLSTMModel model training time: 8.069 total training time: 22.788 ####
#### TRAINING TOTAL TIME: 22.777 ####
Accuracy of the CNN_LSTM model on the test set: 84.842533 %
Accuracy of the LSTM_CNN model on the test set: 79.918748 %
Accuracy of the ParallelCNNLSTMModel model on the test set: 86.499463 %
#### TESTING TOTAL TIME: 3.591 ####
#### TIME #### TERMINO #### 36429.623 ####
#### FINITO #### TERMINO #### NO-VA-MAS ####
#### TIMES #### modelling TOTAL TOTAL ==>> 36429.623
#### #### READING DATA FILES #### ####
480 #### COMBI [reg, sid, ban, sec, men, med, sum, max, aci, bet, hfq, htp, hhh, aei] METRICS ####
('Plantation', '/home/vargas/repos/forests-sounds-vargas/out/data/extraction/Plantation/2_00_PSA0010-2010_dict_y_split_7_2512283_1736694580.pkl')
(297840, 14) Index(['reg', 'sid', 'ban', 'sec', 'men', 'med', 'sum', 'max', 'aci', 'bet',
       'hfq'],
      dtype='object') Index(['sec', 'men', 'med', 'sum', 'max', 'aci', 'bet', 'hfq', 'htp', 'hhh',
       'aei'],
      dtype='object')
#### MERGE 68 merge_data Dataframe shape: (297840, 14) #### time: 39
#### #### SPLIT TRAIN TEST #### ####
#### CLASSES: [0 1 2 3] TOTAL 4
#### SPLIT train_test_split and CUDA: ??? cuda:0 #### time: 34
#### MODELS - TOTAL 3 ####
#### EPOCHS 1 ####
#### TRAINING MODELS ####
#### TRAINING MODEL CNN_LSTM ####
#### TRAINED MODEL CNN_LSTM model training time: 6.859 total training time: 6.87 ####
#### TRAINING MODEL LSTM_CNN ####
#### TRAINED MODEL LSTM_CNN model training time: 7.86 total training time: 14.731 ####
#### TRAINING MODEL ParallelCNNLSTMModel ####
#### TRAINED MODEL ParallelCNNLSTMModel model training time: 8.052 total training time: 22.783 ####
#### TRAINING TOTAL TIME: 22.772 ####
Accuracy of the CNN_LSTM model on the test set: 74.338571 %
Accuracy of the LSTM_CNN model on the test set: 75.052041 %
Accuracy of the ParallelCNNLSTMModel model on the test set: 76.556205 %
#### TESTING TOTAL TIME: 3.722 ####
#### TIME #### TERMINO #### 36504.236 ####
#### FINITO #### TERMINO #### NO-VA-MAS ####
#### TIMES #### modelling TOTAL TOTAL ==>> 36504.236
#### #### READING DATA FILES #### ####
481 #### COMBI [reg, sid, ban, sec, men, med, sum, max, aci, mmm, npp, hfq, htp, hhh] METRICS ####
('Plantation', '/home/vargas/repos/forests-sounds-vargas/out/data/extraction/Plantation/2_00_PSA0010-2010_dict_y_split_7_2512283_1736694580.pkl')
(297840, 14) Index(['reg', 'sid', 'ban', 'sec', 'men', 'med', 'sum', 'max', 'aci', 'mmm',
       'npp'],
      dtype='object') Index(['sec', 'men', 'med', 'sum', 'max', 'aci', 'mmm', 'npp', 'hfq', 'htp',
       'hhh'],
      dtype='object')
#### MERGE 68 merge_data Dataframe shape: (297840, 14) #### time: 40
#### #### SPLIT TRAIN TEST #### ####
#### CLASSES: [0 1 2 3] TOTAL 4
#### SPLIT train_test_split and CUDA: ??? cuda:0 #### time: 35
#### MODELS - TOTAL 3 ####
#### EPOCHS 1 ####
#### TRAINING MODELS ####
#### TRAINING MODEL CNN_LSTM ####
#### TRAINED MODEL CNN_LSTM model training time: 6.708 total training time: 6.72 ####
#### TRAINING MODEL LSTM_CNN ####
#### TRAINED MODEL LSTM_CNN model training time: 7.998 total training time: 14.718 ####
#### TRAINING MODEL ParallelCNNLSTMModel ####
#### TRAINED MODEL ParallelCNNLSTMModel model training time: 8.054 total training time: 22.773 ####
#### TRAINING TOTAL TIME: 22.761 ####
Accuracy of the CNN_LSTM model on the test set: 83.618721 %
Accuracy of the LSTM_CNN model on the test set: 78.268533 %
Accuracy of the ParallelCNNLSTMModel model on the test set: 86.106634 %
#### TESTING TOTAL TIME: 3.585 ####
#### TIME #### TERMINO #### 36579.844 ####
#### FINITO #### TERMINO #### NO-VA-MAS ####
#### TIMES #### modelling TOTAL TOTAL ==>> 36579.844
#### #### READING DATA FILES #### ####
482 #### COMBI [reg, sid, ban, sec, men, med, sum, max, aci, mmm, npp, hfq, htp, aei] METRICS ####
('Plantation', '/home/vargas/repos/forests-sounds-vargas/out/data/extraction/Plantation/2_00_PSA0010-2010_dict_y_split_7_2512283_1736694580.pkl')
(297840, 14) Index(['reg', 'sid', 'ban', 'sec', 'men', 'med', 'sum', 'max', 'aci', 'mmm',
       'npp'],
      dtype='object') Index(['sec', 'men', 'med', 'sum', 'max', 'aci', 'mmm', 'npp', 'hfq', 'htp',
       'aei'],
      dtype='object')
#### MERGE 68 merge_data Dataframe shape: (297840, 14) #### time: 38
#### #### SPLIT TRAIN TEST #### ####
#### CLASSES: [0 1 2 3] TOTAL 4
#### SPLIT train_test_split and CUDA: ??? cuda:0 #### time: 35
#### MODELS - TOTAL 3 ####
#### EPOCHS 1 ####
#### TRAINING MODELS ####
#### TRAINING MODEL CNN_LSTM ####
#### TRAINED MODEL CNN_LSTM model training time: 6.861 total training time: 6.872 ####
#### TRAINING MODEL LSTM_CNN ####
#### TRAINED MODEL LSTM_CNN model training time: 7.887 total training time: 14.759 ####
#### TRAINING MODEL ParallelCNNLSTMModel ####
#### TRAINED MODEL ParallelCNNLSTMModel model training time: 8.048 total training time: 22.807 ####
#### TRAINING TOTAL TIME: 22.796 ####
Accuracy of the CNN_LSTM model on the test set: 85.054056 %
Accuracy of the LSTM_CNN model on the test set: 79.371475 %
Accuracy of the ParallelCNNLSTMModel model on the test set: 87.612476 %
#### TESTING TOTAL TIME: 3.574 ####
#### TIME #### TERMINO #### 36653.888 ####
#### FINITO #### TERMINO #### NO-VA-MAS ####
#### TIMES #### modelling TOTAL TOTAL ==>> 36653.889
#### #### READING DATA FILES #### ####
483 #### COMBI [reg, sid, ban, sec, men, med, sum, max, aci, mmm, npp, hfq, hhh, aei] METRICS ####
('Plantation', '/home/vargas/repos/forests-sounds-vargas/out/data/extraction/Plantation/2_00_PSA0010-2010_dict_y_split_7_2512283_1736694580.pkl')
(297840, 14) Index(['reg', 'sid', 'ban', 'sec', 'men', 'med', 'sum', 'max', 'aci', 'mmm',
       'npp'],
      dtype='object') Index(['sec', 'men', 'med', 'sum', 'max', 'aci', 'mmm', 'npp', 'hfq', 'hhh',
       'aei'],
      dtype='object')
#### MERGE 68 merge_data Dataframe shape: (297840, 14) #### time: 39
#### #### SPLIT TRAIN TEST #### ####
#### CLASSES: [0 1 2 3] TOTAL 4
#### SPLIT train_test_split and CUDA: ??? cuda:0 #### time: 35
#### MODELS - TOTAL 3 ####
#### EPOCHS 1 ####
#### TRAINING MODELS ####
#### TRAINING MODEL CNN_LSTM ####
#### TRAINED MODEL CNN_LSTM model training time: 6.709 total training time: 6.72 ####
#### TRAINING MODEL LSTM_CNN ####
#### TRAINED MODEL LSTM_CNN model training time: 8.019 total training time: 14.739 ####
#### TRAINING MODEL ParallelCNNLSTMModel ####
#### TRAINED MODEL ParallelCNNLSTMModel model training time: 7.901 total training time: 22.64 ####
#### TRAINING TOTAL TIME: 22.629 ####
Accuracy of the CNN_LSTM model on the test set: 84.674658 %
Accuracy of the LSTM_CNN model on the test set: 85.045662 %
Accuracy of the ParallelCNNLSTMModel model on the test set: 85.906863 %
#### TESTING TOTAL TIME: 3.745 ####
#### TIME #### TERMINO #### 36728.226 ####
#### FINITO #### TERMINO #### NO-VA-MAS ####
#### TIMES #### modelling TOTAL TOTAL ==>> 36728.226
#### #### READING DATA FILES #### ####
484 #### COMBI [reg, sid, ban, sec, men, med, sum, max, aci, mmm, npp, htp, hhh, aei] METRICS ####
('Plantation', '/home/vargas/repos/forests-sounds-vargas/out/data/extraction/Plantation/2_00_PSA0010-2010_dict_y_split_7_2512283_1736694580.pkl')
(297840, 14) Index(['reg', 'sid', 'ban', 'sec', 'men', 'med', 'sum', 'max', 'aci', 'mmm',
       'npp'],
      dtype='object') Index(['sec', 'men', 'med', 'sum', 'max', 'aci', 'mmm', 'npp', 'htp', 'hhh',
       'aei'],
      dtype='object')
#### MERGE 68 merge_data Dataframe shape: (297840, 14) #### time: 39
#### #### SPLIT TRAIN TEST #### ####
#### CLASSES: [0 1 2 3] TOTAL 4
#### SPLIT train_test_split and CUDA: ??? cuda:0 #### time: 35
#### MODELS - TOTAL 3 ####
#### EPOCHS 1 ####
#### TRAINING MODELS ####
#### TRAINING MODEL CNN_LSTM ####
#### TRAINED MODEL CNN_LSTM model training time: 6.857 total training time: 6.869 ####
#### TRAINING MODEL LSTM_CNN ####
#### TRAINED MODEL LSTM_CNN model training time: 7.872 total training time: 14.741 ####
#### TRAINING MODEL ParallelCNNLSTMModel ####
#### TRAINED MODEL ParallelCNNLSTMModel model training time: 8.047 total training time: 22.788 ####
#### TRAINING TOTAL TIME: 22.777 ####
Accuracy of the CNN_LSTM model on the test set: 78.54217 %
Accuracy of the LSTM_CNN model on the test set: 79.992613 %
Accuracy of the ParallelCNNLSTMModel model on the test set: 87.301907 %
#### TESTING TOTAL TIME: 3.568 ####
#### TIME #### TERMINO #### 36803.044 ####
#### FINITO #### TERMINO #### NO-VA-MAS ####
#### TIMES #### modelling TOTAL TOTAL ==>> 36803.044
#### #### READING DATA FILES #### ####
485 #### COMBI [reg, sid, ban, sec, men, med, sum, max, aci, mmm, hfq, htp, hhh, aei] METRICS ####
('Plantation', '/home/vargas/repos/forests-sounds-vargas/out/data/extraction/Plantation/2_00_PSA0010-2010_dict_y_split_7_2512283_1736694580.pkl')
(297840, 14) Index(['reg', 'sid', 'ban', 'sec', 'men', 'med', 'sum', 'max', 'aci', 'mmm',
       'hfq'],
      dtype='object') Index(['sec', 'men', 'med', 'sum', 'max', 'aci', 'mmm', 'hfq', 'htp', 'hhh',
       'aei'],
      dtype='object')
#### MERGE 68 merge_data Dataframe shape: (297840, 14) #### time: 40
#### #### SPLIT TRAIN TEST #### ####
#### CLASSES: [0 1 2 3] TOTAL 4
#### SPLIT train_test_split and CUDA: ??? cuda:0 #### time: 34
#### MODELS - TOTAL 3 ####
#### EPOCHS 1 ####
#### TRAINING MODELS ####
#### TRAINING MODEL CNN_LSTM ####
#### TRAINED MODEL CNN_LSTM model training time: 6.879 total training time: 6.89 ####
#### TRAINING MODEL LSTM_CNN ####
#### TRAINED MODEL LSTM_CNN model training time: 8.006 total training time: 14.896 ####
#### TRAINING MODEL ParallelCNNLSTMModel ####
#### TRAINED MODEL ParallelCNNLSTMModel model training time: 7.897 total training time: 22.792 ####
#### TRAINING TOTAL TIME: 22.781 ####
Accuracy of the CNN_LSTM model on the test set: 61.296334 %
Accuracy of the LSTM_CNN model on the test set: 64.175396 %
Accuracy of the ParallelCNNLSTMModel model on the test set: 62.681305 %
#### TESTING TOTAL TIME: 3.74 ####
#### TIME #### TERMINO #### 36878.994 ####
#### FINITO #### TERMINO #### NO-VA-MAS ####
#### TIMES #### modelling TOTAL TOTAL ==>> 36878.994
#### #### READING DATA FILES #### ####
486 #### COMBI [reg, sid, ban, sec, men, med, sum, max, aci, npp, hfq, htp, hhh, aei] METRICS ####
('Plantation', '/home/vargas/repos/forests-sounds-vargas/out/data/extraction/Plantation/2_00_PSA0010-2010_dict_y_split_7_2512283_1736694580.pkl')
(297840, 14) Index(['reg', 'sid', 'ban', 'sec', 'men', 'med', 'sum', 'max', 'aci', 'npp',
       'hfq'],
      dtype='object') Index(['sec', 'men', 'med', 'sum', 'max', 'aci', 'npp', 'hfq', 'htp', 'hhh',
       'aei'],
      dtype='object')
#### MERGE 68 merge_data Dataframe shape: (297840, 14) #### time: 39
#### #### SPLIT TRAIN TEST #### ####
#### CLASSES: [0 1 2 3] TOTAL 4
#### SPLIT train_test_split and CUDA: ??? cuda:0 #### time: 35
#### MODELS - TOTAL 3 ####
#### EPOCHS 1 ####
#### TRAINING MODELS ####
#### TRAINING MODEL CNN_LSTM ####
#### TRAINED MODEL CNN_LSTM model training time: 6.586 total training time: 6.597 ####
#### TRAINING MODEL LSTM_CNN ####
#### TRAINED MODEL LSTM_CNN model training time: 7.99 total training time: 14.587 ####
#### TRAINING MODEL ParallelCNNLSTMModel ####
#### TRAINED MODEL ParallelCNNLSTMModel model training time: 8.053 total training time: 22.639 ####
#### TRAINING TOTAL TIME: 22.628 ####
Accuracy of the CNN_LSTM model on the test set: 83.185603 %
Accuracy of the LSTM_CNN model on the test set: 86.88054 %
Accuracy of the ParallelCNNLSTMModel model on the test set: 87.142425 %
#### TESTING TOTAL TIME: 3.579 ####
#### TIME #### TERMINO #### 36952.917 ####
#### FINITO #### TERMINO #### NO-VA-MAS ####
#### TIMES #### modelling TOTAL TOTAL ==>> 36952.917
#### #### READING DATA FILES #### ####
487 #### COMBI [reg, sid, ban, sec, men, med, sum, max, bet, mmm, npp, hfq, htp, hhh] METRICS ####
('Plantation', '/home/vargas/repos/forests-sounds-vargas/out/data/extraction/Plantation/2_00_PSA0010-2010_dict_y_split_7_2512283_1736694580.pkl')
(297840, 14) Index(['reg', 'sid', 'ban', 'sec', 'men', 'med', 'sum', 'max', 'bet', 'mmm',
       'npp'],
      dtype='object') Index(['sec', 'men', 'med', 'sum', 'max', 'bet', 'mmm', 'npp', 'hfq', 'htp',
       'hhh'],
      dtype='object')
#### MERGE 68 merge_data Dataframe shape: (297840, 14) #### time: 40
#### #### SPLIT TRAIN TEST #### ####
#### CLASSES: [0 1 2 3] TOTAL 4
#### SPLIT train_test_split and CUDA: ??? cuda:0 #### time: 35
#### MODELS - TOTAL 3 ####
#### EPOCHS 1 ####
#### TRAINING MODELS ####
#### TRAINING MODEL CNN_LSTM ####
#### TRAINED MODEL CNN_LSTM model training time: 6.764 total training time: 6.775 ####
#### TRAINING MODEL LSTM_CNN ####
#### TRAINED MODEL LSTM_CNN model training time: 7.995 total training time: 14.771 ####
#### TRAINING MODEL ParallelCNNLSTMModel ####
#### TRAINED MODEL ParallelCNNLSTMModel model training time: 7.905 total training time: 22.675 ####
#### TRAINING TOTAL TIME: 22.664 ####
Accuracy of the CNN_LSTM model on the test set: 93.328633 %
Accuracy of the LSTM_CNN model on the test set: 59.699839 %
Accuracy of the ParallelCNNLSTMModel model on the test set: 93.222871 %
#### TESTING TOTAL TIME: 3.736 ####
#### TIME #### TERMINO #### 37028.487 ####
#### FINITO #### TERMINO #### NO-VA-MAS ####
#### TIMES #### modelling TOTAL TOTAL ==>> 37028.487
#### #### READING DATA FILES #### ####
488 #### COMBI [reg, sid, ban, sec, men, med, sum, max, bet, mmm, npp, hfq, htp, aei] METRICS ####
('Plantation', '/home/vargas/repos/forests-sounds-vargas/out/data/extraction/Plantation/2_00_PSA0010-2010_dict_y_split_7_2512283_1736694580.pkl')
(297840, 14) Index(['reg', 'sid', 'ban', 'sec', 'men', 'med', 'sum', 'max', 'bet', 'mmm',
       'npp'],
      dtype='object') Index(['sec', 'men', 'med', 'sum', 'max', 'bet', 'mmm', 'npp', 'hfq', 'htp',
       'aei'],
      dtype='object')
#### MERGE 68 merge_data Dataframe shape: (297840, 14) #### time: 39
#### #### SPLIT TRAIN TEST #### ####
#### CLASSES: [0 1 2 3] TOTAL 4
#### SPLIT train_test_split and CUDA: ??? cuda:0 #### time: 35
#### MODELS - TOTAL 3 ####
#### EPOCHS 1 ####
#### TRAINING MODELS ####
#### TRAINING MODEL CNN_LSTM ####
#### TRAINED MODEL CNN_LSTM model training time: 6.701 total training time: 6.712 ####
#### TRAINING MODEL LSTM_CNN ####
#### TRAINED MODEL LSTM_CNN model training time: 7.996 total training time: 14.709 ####
#### TRAINING MODEL ParallelCNNLSTMModel ####
#### TRAINED MODEL ParallelCNNLSTMModel model training time: 8.043 total training time: 22.752 ####
#### TRAINING TOTAL TIME: 22.74 ####
Accuracy of the CNN_LSTM model on the test set: 92.494292 %
Accuracy of the LSTM_CNN model on the test set: 84.768668 %
Accuracy of the ParallelCNNLSTMModel model on the test set: 93.162436 %
#### TESTING TOTAL TIME: 3.578 ####
#### TIME #### TERMINO #### 37102.798 ####
#### FINITO #### TERMINO #### NO-VA-MAS ####
#### TIMES #### modelling TOTAL TOTAL ==>> 37102.798
#### #### READING DATA FILES #### ####
489 #### COMBI [reg, sid, ban, sec, men, med, sum, max, bet, mmm, npp, hfq, hhh, aei] METRICS ####
('Plantation', '/home/vargas/repos/forests-sounds-vargas/out/data/extraction/Plantation/2_00_PSA0010-2010_dict_y_split_7_2512283_1736694580.pkl')
(297840, 14) Index(['reg', 'sid', 'ban', 'sec', 'men', 'med', 'sum', 'max', 'bet', 'mmm',
       'npp'],
      dtype='object') Index(['sec', 'men', 'med', 'sum', 'max', 'bet', 'mmm', 'npp', 'hfq', 'hhh',
       'aei'],
      dtype='object')
#### MERGE 68 merge_data Dataframe shape: (297840, 14) #### time: 40
#### #### SPLIT TRAIN TEST #### ####
#### CLASSES: [0 1 2 3] TOTAL 4
#### SPLIT train_test_split and CUDA: ??? cuda:0 #### time: 34
#### MODELS - TOTAL 3 ####
#### EPOCHS 1 ####
#### TRAINING MODELS ####
#### TRAINING MODEL CNN_LSTM ####
#### TRAINED MODEL CNN_LSTM model training time: 6.845 total training time: 6.856 ####
#### TRAINING MODEL LSTM_CNN ####
#### TRAINED MODEL LSTM_CNN model training time: 7.856 total training time: 14.712 ####
#### TRAINING MODEL ParallelCNNLSTMModel ####
#### TRAINED MODEL ParallelCNNLSTMModel model training time: 8.018 total training time: 22.729 ####
#### TRAINING TOTAL TIME: 22.718 ####
Accuracy of the CNN_LSTM model on the test set: 92.759535 %
Accuracy of the LSTM_CNN model on the test set: 90.785321 %
Accuracy of the ParallelCNNLSTMModel model on the test set: 93.10368 %
#### TESTING TOTAL TIME: 3.724 ####
#### TIME #### TERMINO #### 37178.158 ####
#### FINITO #### TERMINO #### NO-VA-MAS ####
#### TIMES #### modelling TOTAL TOTAL ==>> 37178.158
#### #### READING DATA FILES #### ####
490 #### COMBI [reg, sid, ban, sec, men, med, sum, max, bet, mmm, npp, htp, hhh, aei] METRICS ####
('Plantation', '/home/vargas/repos/forests-sounds-vargas/out/data/extraction/Plantation/2_00_PSA0010-2010_dict_y_split_7_2512283_1736694580.pkl')
(297840, 14) Index(['reg', 'sid', 'ban', 'sec', 'men', 'med', 'sum', 'max', 'bet', 'mmm',
       'npp'],
      dtype='object') Index(['sec', 'men', 'med', 'sum', 'max', 'bet', 'mmm', 'npp', 'htp', 'hhh',
       'aei'],
      dtype='object')
#### MERGE 68 merge_data Dataframe shape: (297840, 14) #### time: 39
#### #### SPLIT TRAIN TEST #### ####
#### CLASSES: [0 1 2 3] TOTAL 4
#### SPLIT train_test_split and CUDA: ??? cuda:0 #### time: 35
#### MODELS - TOTAL 3 ####
#### EPOCHS 1 ####
#### TRAINING MODELS ####
#### TRAINING MODEL CNN_LSTM ####
#### TRAINED MODEL CNN_LSTM model training time: 6.693 total training time: 6.705 ####
#### TRAINING MODEL LSTM_CNN ####
#### TRAINED MODEL LSTM_CNN model training time: 8.017 total training time: 14.721 ####
#### TRAINING MODEL ParallelCNNLSTMModel ####
#### TRAINED MODEL ParallelCNNLSTMModel model training time: 7.891 total training time: 22.613 ####
#### TRAINING TOTAL TIME: 22.601 ####
Accuracy of the CNN_LSTM model on the test set: 92.888799 %
Accuracy of the LSTM_CNN model on the test set: 82.930432 %
Accuracy of the ParallelCNNLSTMModel model on the test set: 92.689028 %
#### TESTING TOTAL TIME: 3.72 ####
#### TIME #### TERMINO #### 37253.14 ####
#### FINITO #### TERMINO #### NO-VA-MAS ####
#### TIMES #### modelling TOTAL TOTAL ==>> 37253.14
#### #### READING DATA FILES #### ####
491 #### COMBI [reg, sid, ban, sec, men, med, sum, max, bet, mmm, hfq, htp, hhh, aei] METRICS ####
('Plantation', '/home/vargas/repos/forests-sounds-vargas/out/data/extraction/Plantation/2_00_PSA0010-2010_dict_y_split_7_2512283_1736694580.pkl')
(297840, 14) Index(['reg', 'sid', 'ban', 'sec', 'men', 'med', 'sum', 'max', 'bet', 'mmm',
       'hfq'],
      dtype='object') Index(['sec', 'men', 'med', 'sum', 'max', 'bet', 'mmm', 'hfq', 'htp', 'hhh',
       'aei'],
      dtype='object')
#### MERGE 68 merge_data Dataframe shape: (297840, 14) #### time: 38
#### #### SPLIT TRAIN TEST #### ####
#### CLASSES: [0 1 2 3] TOTAL 4
#### SPLIT train_test_split and CUDA: ??? cuda:0 #### time: 35
#### MODELS - TOTAL 3 ####
#### EPOCHS 1 ####
#### TRAINING MODELS ####
#### TRAINING MODEL CNN_LSTM ####
#### TRAINED MODEL CNN_LSTM model training time: 6.859 total training time: 6.871 ####
#### TRAINING MODEL LSTM_CNN ####
#### TRAINED MODEL LSTM_CNN model training time: 7.859 total training time: 14.73 ####
#### TRAINING MODEL ParallelCNNLSTMModel ####
#### TRAINED MODEL ParallelCNNLSTMModel model training time: 8.052 total training time: 22.782 ####
#### TRAINING TOTAL TIME: 22.771 ####
Accuracy of the CNN_LSTM model on the test set: 77.630607 %
Accuracy of the LSTM_CNN model on the test set: 56.298684 %
Accuracy of the ParallelCNNLSTMModel model on the test set: 80.217566 %
#### TESTING TOTAL TIME: 3.585 ####
#### TIME #### TERMINO #### 37327.204 ####
#### FINITO #### TERMINO #### NO-VA-MAS ####
#### TIMES #### modelling TOTAL TOTAL ==>> 37327.204
#### #### READING DATA FILES #### ####
492 #### COMBI [reg, sid, ban, sec, men, med, sum, max, bet, npp, hfq, htp, hhh, aei] METRICS ####
('Plantation', '/home/vargas/repos/forests-sounds-vargas/out/data/extraction/Plantation/2_00_PSA0010-2010_dict_y_split_7_2512283_1736694580.pkl')
(297840, 14) Index(['reg', 'sid', 'ban', 'sec', 'men', 'med', 'sum', 'max', 'bet', 'npp',
       'hfq'],
      dtype='object') Index(['sec', 'men', 'med', 'sum', 'max', 'bet', 'npp', 'hfq', 'htp', 'hhh',
       'aei'],
      dtype='object')
#### MERGE 68 merge_data Dataframe shape: (297840, 14) #### time: 40
#### #### SPLIT TRAIN TEST #### ####
#### CLASSES: [0 1 2 3] TOTAL 4
#### SPLIT train_test_split and CUDA: ??? cuda:0 #### time: 35
#### MODELS - TOTAL 3 ####
#### EPOCHS 1 ####
#### TRAINING MODELS ####
#### TRAINING MODEL CNN_LSTM ####
#### TRAINED MODEL CNN_LSTM model training time: 6.853 total training time: 6.865 ####
#### TRAINING MODEL LSTM_CNN ####
#### TRAINED MODEL LSTM_CNN model training time: 8.02 total training time: 14.885 ####
#### TRAINING MODEL ParallelCNNLSTMModel ####
#### TRAINED MODEL ParallelCNNLSTMModel model training time: 7.896 total training time: 22.781 ####
#### TRAINING TOTAL TIME: 22.77 ####
Accuracy of the CNN_LSTM model on the test set: 84.763631 %
Accuracy of the LSTM_CNN model on the test set: 61.146925 %
Accuracy of the ParallelCNNLSTMModel model on the test set: 93.108716 %
#### TESTING TOTAL TIME: 3.719 ####
#### TIME #### TERMINO #### 37403.003 ####
#### FINITO #### TERMINO #### NO-VA-MAS ####
#### TIMES #### modelling TOTAL TOTAL ==>> 37403.003
#### #### READING DATA FILES #### ####
493 #### COMBI [reg, sid, ban, sec, men, med, sum, max, mmm, npp, hfq, htp, hhh, aei] METRICS ####
('Plantation', '/home/vargas/repos/forests-sounds-vargas/out/data/extraction/Plantation/2_00_PSA0010-2010_dict_y_split_7_2512283_1736694580.pkl')
(297840, 14) Index(['reg', 'sid', 'ban', 'sec', 'men', 'med', 'sum', 'max', 'mmm', 'npp',
       'hfq'],
      dtype='object') Index(['sec', 'men', 'med', 'sum', 'max', 'mmm', 'npp', 'hfq', 'htp', 'hhh',
       'aei'],
      dtype='object')
#### MERGE 68 merge_data Dataframe shape: (297840, 14) #### time: 41
#### #### SPLIT TRAIN TEST #### ####
#### CLASSES: [0 1 2 3] TOTAL 4
#### SPLIT train_test_split and CUDA: ??? cuda:0 #### time: 34
#### MODELS - TOTAL 3 ####
#### EPOCHS 1 ####
#### TRAINING MODELS ####
#### TRAINING MODEL CNN_LSTM ####
#### TRAINED MODEL CNN_LSTM model training time: 6.867 total training time: 6.878 ####
#### TRAINING MODEL LSTM_CNN ####
#### TRAINED MODEL LSTM_CNN model training time: 7.877 total training time: 14.756 ####
#### TRAINING MODEL ParallelCNNLSTMModel ####
#### TRAINED MODEL ParallelCNNLSTMModel model training time: 8.059 total training time: 22.814 ####
#### TRAINING TOTAL TIME: 22.803 ####
Accuracy of the CNN_LSTM model on the test set: 90.446213 %
Accuracy of the LSTM_CNN model on the test set: 59.681373 %
Accuracy of the ParallelCNNLSTMModel model on the test set: 91.609589 %
#### TESTING TOTAL TIME: 3.592 ####
#### TIME #### TERMINO #### 37479.666 ####
#### FINITO #### TERMINO #### NO-VA-MAS ####
#### TIMES #### modelling TOTAL TOTAL ==>> 37479.666
#### #### READING DATA FILES #### ####
494 #### COMBI [reg, sid, ban, sec, men, med, sum, aci, bet, mmm, npp, hfq, htp, hhh] METRICS ####
('Plantation', '/home/vargas/repos/forests-sounds-vargas/out/data/extraction/Plantation/2_00_PSA0010-2010_dict_y_split_7_2512283_1736694580.pkl')
(297840, 14) Index(['reg', 'sid', 'ban', 'sec', 'men', 'med', 'sum', 'aci', 'bet', 'mmm',
       'npp'],
      dtype='object') Index(['sec', 'men', 'med', 'sum', 'aci', 'bet', 'mmm', 'npp', 'hfq', 'htp',
       'hhh'],
      dtype='object')
#### MERGE 68 merge_data Dataframe shape: (297840, 14) #### time: 39
#### #### SPLIT TRAIN TEST #### ####
#### CLASSES: [0 1 2 3] TOTAL 4
#### SPLIT train_test_split and CUDA: ??? cuda:0 #### time: 35
#### MODELS - TOTAL 3 ####
#### EPOCHS 1 ####
#### TRAINING MODELS ####
#### TRAINING MODEL CNN_LSTM ####
#### TRAINED MODEL CNN_LSTM model training time: 6.871 total training time: 6.882 ####
#### TRAINING MODEL LSTM_CNN ####
#### TRAINED MODEL LSTM_CNN model training time: 8.004 total training time: 14.886 ####
#### TRAINING MODEL ParallelCNNLSTMModel ####
#### TRAINED MODEL ParallelCNNLSTMModel model training time: 7.899 total training time: 22.785 ####
#### TRAINING TOTAL TIME: 22.774 ####
Accuracy of the CNN_LSTM model on the test set: 83.506245 %
Accuracy of the LSTM_CNN model on the test set: 81.29029 %
Accuracy of the ParallelCNNLSTMModel model on the test set: 89.779748 %
#### TESTING TOTAL TIME: 3.714 ####
#### TIME #### TERMINO #### 37554.527 ####
#### FINITO #### TERMINO #### NO-VA-MAS ####
#### TIMES #### modelling TOTAL TOTAL ==>> 37554.527
#### #### READING DATA FILES #### ####
495 #### COMBI [reg, sid, ban, sec, men, med, sum, aci, bet, mmm, npp, hfq, htp, aei] METRICS ####
('Plantation', '/home/vargas/repos/forests-sounds-vargas/out/data/extraction/Plantation/2_00_PSA0010-2010_dict_y_split_7_2512283_1736694580.pkl')
(297840, 14) Index(['reg', 'sid', 'ban', 'sec', 'men', 'med', 'sum', 'aci', 'bet', 'mmm',
       'npp'],
      dtype='object') Index(['sec', 'men', 'med', 'sum', 'aci', 'bet', 'mmm', 'npp', 'hfq', 'htp',
       'aei'],
      dtype='object')
#### MERGE 68 merge_data Dataframe shape: (297840, 14) #### time: 39
#### #### SPLIT TRAIN TEST #### ####
#### CLASSES: [0 1 2 3] TOTAL 4
#### SPLIT train_test_split and CUDA: ??? cuda:0 #### time: 35
#### MODELS - TOTAL 3 ####
#### EPOCHS 1 ####
#### TRAINING MODELS ####
#### TRAINING MODEL CNN_LSTM ####
#### TRAINED MODEL CNN_LSTM model training time: 6.706 total training time: 6.717 ####
#### TRAINING MODEL LSTM_CNN ####
#### TRAINED MODEL LSTM_CNN model training time: 8.003 total training time: 14.72 ####
#### TRAINING MODEL ParallelCNNLSTMModel ####
#### TRAINED MODEL ParallelCNNLSTMModel model training time: 8.012 total training time: 22.732 ####
#### TRAINING TOTAL TIME: 22.721 ####
Accuracy of the CNN_LSTM model on the test set: 76.839914 %
Accuracy of the LSTM_CNN model on the test set: 82.985831 %
Accuracy of the ParallelCNNLSTMModel model on the test set: 89.034381 %
#### TESTING TOTAL TIME: 3.594 ####
#### TIME #### TERMINO #### 37629.187 ####
#### FINITO #### TERMINO #### NO-VA-MAS ####
#### TIMES #### modelling TOTAL TOTAL ==>> 37629.187
#### #### READING DATA FILES #### ####
496 #### COMBI [reg, sid, ban, sec, men, med, sum, aci, bet, mmm, npp, hfq, hhh, aei] METRICS ####
('Plantation', '/home/vargas/repos/forests-sounds-vargas/out/data/extraction/Plantation/2_00_PSA0010-2010_dict_y_split_7_2512283_1736694580.pkl')
(297840, 14) Index(['reg', 'sid', 'ban', 'sec', 'men', 'med', 'sum', 'aci', 'bet', 'mmm',
       'npp'],
      dtype='object') Index(['sec', 'men', 'med', 'sum', 'aci', 'bet', 'mmm', 'npp', 'hfq', 'hhh',
       'aei'],
      dtype='object')
#### MERGE 68 merge_data Dataframe shape: (297840, 14) #### time: 40
#### #### SPLIT TRAIN TEST #### ####
#### CLASSES: [0 1 2 3] TOTAL 4
#### SPLIT train_test_split and CUDA: ??? cuda:0 #### time: 35
#### MODELS - TOTAL 3 ####
#### EPOCHS 1 ####
#### TRAINING MODELS ####
#### TRAINING MODEL CNN_LSTM ####
#### TRAINED MODEL CNN_LSTM model training time: 6.887 total training time: 6.898 ####
#### TRAINING MODEL LSTM_CNN ####
#### TRAINED MODEL LSTM_CNN model training time: 7.856 total training time: 14.754 ####
#### TRAINING MODEL ParallelCNNLSTMModel ####
#### TRAINED MODEL ParallelCNNLSTMModel model training time: 8.047 total training time: 22.801 ####
#### TRAINING TOTAL TIME: 22.79 ####
Accuracy of the CNN_LSTM model on the test set: 86.888934 %
Accuracy of the LSTM_CNN model on the test set: 84.409414 %
Accuracy of the ParallelCNNLSTMModel model on the test set: 86.339981 %
#### TESTING TOTAL TIME: 3.718 ####
#### TIME #### TERMINO #### 37704.686 ####
#### FINITO #### TERMINO #### NO-VA-MAS ####
#### TIMES #### modelling TOTAL TOTAL ==>> 37704.686
#### #### READING DATA FILES #### ####
497 #### COMBI [reg, sid, ban, sec, men, med, sum, aci, bet, mmm, npp, htp, hhh, aei] METRICS ####
('Plantation', '/home/vargas/repos/forests-sounds-vargas/out/data/extraction/Plantation/2_00_PSA0010-2010_dict_y_split_7_2512283_1736694580.pkl')
(297840, 14) Index(['reg', 'sid', 'ban', 'sec', 'men', 'med', 'sum', 'aci', 'bet', 'mmm',
       'npp'],
      dtype='object') Index(['sec', 'men', 'med', 'sum', 'aci', 'bet', 'mmm', 'npp', 'htp', 'hhh',
       'aei'],
      dtype='object')
#### MERGE 68 merge_data Dataframe shape: (297840, 14) #### time: 41
#### #### SPLIT TRAIN TEST #### ####
#### CLASSES: [0 1 2 3] TOTAL 4
#### SPLIT train_test_split and CUDA: ??? cuda:0 #### time: 34
#### MODELS - TOTAL 3 ####
#### EPOCHS 1 ####
#### TRAINING MODELS ####
#### TRAINING MODEL CNN_LSTM ####
#### TRAINED MODEL CNN_LSTM model training time: 6.686 total training time: 6.697 ####
#### TRAINING MODEL LSTM_CNN ####
#### TRAINED MODEL LSTM_CNN model training time: 7.987 total training time: 14.685 ####
#### TRAINING MODEL ParallelCNNLSTMModel ####
#### TRAINED MODEL ParallelCNNLSTMModel model training time: 8.02 total training time: 22.705 ####
#### TRAINING TOTAL TIME: 22.693 ####
Accuracy of the CNN_LSTM model on the test set: 86.48939 %
Accuracy of the LSTM_CNN model on the test set: 87.164249 %
Accuracy of the ParallelCNNLSTMModel model on the test set: 87.948227 %
#### TESTING TOTAL TIME: 3.569 ####
#### TIME #### TERMINO #### 37781.161 ####
#### FINITO #### TERMINO #### NO-VA-MAS ####
#### TIMES #### modelling TOTAL TOTAL ==>> 37781.161
#### #### READING DATA FILES #### ####
498 #### COMBI [reg, sid, ban, sec, men, med, sum, aci, bet, mmm, hfq, htp, hhh, aei] METRICS ####
('Plantation', '/home/vargas/repos/forests-sounds-vargas/out/data/extraction/Plantation/2_00_PSA0010-2010_dict_y_split_7_2512283_1736694580.pkl')
(297840, 14) Index(['reg', 'sid', 'ban', 'sec', 'men', 'med', 'sum', 'aci', 'bet', 'mmm',
       'hfq'],
      dtype='object') Index(['sec', 'men', 'med', 'sum', 'aci', 'bet', 'mmm', 'hfq', 'htp', 'hhh',
       'aei'],
      dtype='object')
#### MERGE 68 merge_data Dataframe shape: (297840, 14) #### time: 39
#### #### SPLIT TRAIN TEST #### ####
#### CLASSES: [0 1 2 3] TOTAL 4
#### SPLIT train_test_split and CUDA: ??? cuda:0 #### time: 35
#### MODELS - TOTAL 3 ####
#### EPOCHS 1 ####
#### TRAINING MODELS ####
#### TRAINING MODEL CNN_LSTM ####
#### TRAINED MODEL CNN_LSTM model training time: 6.869 total training time: 6.88 ####
#### TRAINING MODEL LSTM_CNN ####
#### TRAINED MODEL LSTM_CNN model training time: 7.866 total training time: 14.747 ####
#### TRAINING MODEL ParallelCNNLSTMModel ####
#### TRAINED MODEL ParallelCNNLSTMModel model training time: 8.039 total training time: 22.786 ####
#### TRAINING TOTAL TIME: 22.774 ####
Accuracy of the CNN_LSTM model on the test set: 75.223274 %
Accuracy of the LSTM_CNN model on the test set: 72.982138 %
Accuracy of the ParallelCNNLSTMModel model on the test set: 75.470051 %
#### TESTING TOTAL TIME: 3.564 ####
#### TIME #### TERMINO #### 37855.651 ####
#### FINITO #### TERMINO #### NO-VA-MAS ####
#### TIMES #### modelling TOTAL TOTAL ==>> 37855.651
#### #### READING DATA FILES #### ####
499 #### COMBI [reg, sid, ban, sec, men, med, sum, aci, bet, npp, hfq, htp, hhh, aei] METRICS ####
('Plantation', '/home/vargas/repos/forests-sounds-vargas/out/data/extraction/Plantation/2_00_PSA0010-2010_dict_y_split_7_2512283_1736694580.pkl')
(297840, 14) Index(['reg', 'sid', 'ban', 'sec', 'men', 'med', 'sum', 'aci', 'bet', 'npp',
       'hfq'],
      dtype='object') Index(['sec', 'men', 'med', 'sum', 'aci', 'bet', 'npp', 'hfq', 'htp', 'hhh',
       'aei'],
      dtype='object')
#### MERGE 68 merge_data Dataframe shape: (297840, 14) #### time: 39
#### #### SPLIT TRAIN TEST #### ####
#### CLASSES: [0 1 2 3] TOTAL 4
#### SPLIT train_test_split and CUDA: ??? cuda:0 #### time: 35
#### MODELS - TOTAL 3 ####
#### EPOCHS 1 ####
#### TRAINING MODELS ####
#### TRAINING MODEL CNN_LSTM ####
#### TRAINED MODEL CNN_LSTM model training time: 6.686 total training time: 6.698 ####
#### TRAINING MODEL LSTM_CNN ####
#### TRAINED MODEL LSTM_CNN model training time: 7.986 total training time: 14.684 ####
#### TRAINING MODEL ParallelCNNLSTMModel ####
#### TRAINED MODEL ParallelCNNLSTMModel model training time: 7.877 total training time: 22.561 ####
#### TRAINING TOTAL TIME: 22.55 ####
Accuracy of the CNN_LSTM model on the test set: 81.456487 %
Accuracy of the LSTM_CNN model on the test set: 86.415525 %
Accuracy of the ParallelCNNLSTMModel model on the test set: 86.858716 %
#### TESTING TOTAL TIME: 3.715 ####
#### TIME #### TERMINO #### 37930.275 ####
#### FINITO #### TERMINO #### NO-VA-MAS ####
#### TIMES #### modelling TOTAL TOTAL ==>> 37930.275
#### #### READING DATA FILES #### ####
500 #### COMBI [reg, sid, ban, sec, men, med, sum, aci, mmm, npp, hfq, htp, hhh, aei] METRICS ####
('Plantation', '/home/vargas/repos/forests-sounds-vargas/out/data/extraction/Plantation/2_00_PSA0010-2010_dict_y_split_7_2512283_1736694580.pkl')
(297840, 14) Index(['reg', 'sid', 'ban', 'sec', 'men', 'med', 'sum', 'aci', 'mmm', 'npp',
       'hfq'],
      dtype='object') Index(['sec', 'men', 'med', 'sum', 'aci', 'mmm', 'npp', 'hfq', 'htp', 'hhh',
       'aei'],
      dtype='object')
#### MERGE 68 merge_data Dataframe shape: (297840, 14) #### time: 38
#### #### SPLIT TRAIN TEST #### ####
#### CLASSES: [0 1 2 3] TOTAL 4
#### SPLIT train_test_split and CUDA: ??? cuda:0 #### time: 35
#### MODELS - TOTAL 3 ####
#### EPOCHS 1 ####
#### TRAINING MODELS ####
#### TRAINING MODEL CNN_LSTM ####
#### TRAINED MODEL CNN_LSTM model training time: 6.842 total training time: 6.853 ####
#### TRAINING MODEL LSTM_CNN ####
#### TRAINED MODEL LSTM_CNN model training time: 7.851 total training time: 14.704 ####
#### TRAINING MODEL ParallelCNNLSTMModel ####
#### TRAINED MODEL ParallelCNNLSTMModel model training time: 8.027 total training time: 22.73 ####
#### TRAINING TOTAL TIME: 22.719 ####
Accuracy of the CNN_LSTM model on the test set: 74.402364 %
Accuracy of the LSTM_CNN model on the test set: 70.141687 %
Accuracy of the ParallelCNNLSTMModel model on the test set: 81.233212 %
#### TESTING TOTAL TIME: 3.571 ####
#### TIME #### TERMINO #### 38004.23 ####
#### FINITO #### TERMINO #### NO-VA-MAS ####
#### TIMES #### modelling TOTAL TOTAL ==>> 38004.23
#### #### READING DATA FILES #### ####
501 #### COMBI [reg, sid, ban, sec, men, med, sum, bet, mmm, npp, hfq, htp, hhh, aei] METRICS ####
('Plantation', '/home/vargas/repos/forests-sounds-vargas/out/data/extraction/Plantation/2_00_PSA0010-2010_dict_y_split_7_2512283_1736694580.pkl')
(297840, 14) Index(['reg', 'sid', 'ban', 'sec', 'men', 'med', 'sum', 'bet', 'mmm', 'npp',
       'hfq'],
      dtype='object') Index(['sec', 'men', 'med', 'sum', 'bet', 'mmm', 'npp', 'hfq', 'htp', 'hhh',
       'aei'],
      dtype='object')
#### MERGE 68 merge_data Dataframe shape: (297840, 14) #### time: 40
#### #### SPLIT TRAIN TEST #### ####
#### CLASSES: [0 1 2 3] TOTAL 4
#### SPLIT train_test_split and CUDA: ??? cuda:0 #### time: 34
#### MODELS - TOTAL 3 ####
#### EPOCHS 1 ####
#### TRAINING MODELS ####
#### TRAINING MODEL CNN_LSTM ####
#### TRAINED MODEL CNN_LSTM model training time: 6.846 total training time: 6.858 ####
#### TRAINING MODEL LSTM_CNN ####
#### TRAINED MODEL LSTM_CNN model training time: 7.999 total training time: 14.857 ####
#### TRAINING MODEL ParallelCNNLSTMModel ####
#### TRAINED MODEL ParallelCNNLSTMModel model training time: 7.928 total training time: 22.785 ####
#### TRAINING TOTAL TIME: 22.774 ####
Accuracy of the CNN_LSTM model on the test set: 92.665525 %
Accuracy of the LSTM_CNN model on the test set: 86.242613 %
Accuracy of the ParallelCNNLSTMModel model on the test set: 93.394104 %
#### TESTING TOTAL TIME: 3.721 ####
#### TIME #### TERMINO #### 38080.228 ####
#### FINITO #### TERMINO #### NO-VA-MAS ####
#### TIMES #### modelling TOTAL TOTAL ==>> 38080.228
#### #### READING DATA FILES #### ####
502 #### COMBI [reg, sid, ban, sec, men, med, sum, max, aci, bet, mmm, npp, hfq, htp, hhh] METRICS ####
('Plantation', '/home/vargas/repos/forests-sounds-vargas/out/data/extraction/Plantation/2_00_PSA0010-2010_dict_y_split_7_2512283_1736694580.pkl')
(297840, 15) Index(['reg', 'sid', 'ban', 'sec', 'men', 'med', 'sum', 'max', 'aci', 'bet',
       'mmm'],
      dtype='object') Index(['men', 'med', 'sum', 'max', 'aci', 'bet', 'mmm', 'npp', 'hfq', 'htp',
       'hhh'],
      dtype='object')
#### MERGE 68 merge_data Dataframe shape: (297840, 15) #### time: 39
#### #### SPLIT TRAIN TEST #### ####
#### CLASSES: [0 1 2 3] TOTAL 4
#### SPLIT train_test_split and CUDA: ??? cuda:0 #### time: 35
#### MODELS - TOTAL 3 ####
#### EPOCHS 1 ####
#### TRAINING MODELS ####
#### TRAINING MODEL CNN_LSTM ####
#### TRAINED MODEL CNN_LSTM model training time: 6.695 total training time: 6.707 ####
#### TRAINING MODEL LSTM_CNN ####
#### TRAINED MODEL LSTM_CNN model training time: 8.132 total training time: 14.838 ####
#### TRAINING MODEL ParallelCNNLSTMModel ####
#### TRAINED MODEL ParallelCNNLSTMModel model training time: 8.156 total training time: 22.994 ####
#### TRAINING TOTAL TIME: 22.983 ####
Accuracy of the CNN_LSTM model on the test set: 86.541432 %
Accuracy of the LSTM_CNN model on the test set: 86.769742 %
Accuracy of the ParallelCNNLSTMModel model on the test set: 88.070776 %
#### TESTING TOTAL TIME: 3.605 ####
#### TIME #### TERMINO #### 38154.47 ####
#### FINITO #### TERMINO #### NO-VA-MAS ####
#### TIMES #### modelling TOTAL TOTAL ==>> 38154.47
#### #### READING DATA FILES #### ####
503 #### COMBI [reg, sid, ban, sec, men, med, sum, max, aci, bet, mmm, npp, hfq, htp, aei] METRICS ####
('Plantation', '/home/vargas/repos/forests-sounds-vargas/out/data/extraction/Plantation/2_00_PSA0010-2010_dict_y_split_7_2512283_1736694580.pkl')
(297840, 15) Index(['reg', 'sid', 'ban', 'sec', 'men', 'med', 'sum', 'max', 'aci', 'bet',
       'mmm'],
      dtype='object') Index(['men', 'med', 'sum', 'max', 'aci', 'bet', 'mmm', 'npp', 'hfq', 'htp',
       'aei'],
      dtype='object')
#### MERGE 68 merge_data Dataframe shape: (297840, 15) #### time: 39
#### #### SPLIT TRAIN TEST #### ####
#### CLASSES: [0 1 2 3] TOTAL 4
#### SPLIT train_test_split and CUDA: ??? cuda:0 #### time: 35
#### MODELS - TOTAL 3 ####
#### EPOCHS 1 ####
#### TRAINING MODELS ####
#### TRAINING MODEL CNN_LSTM ####
#### TRAINED MODEL CNN_LSTM model training time: 6.889 total training time: 6.901 ####
#### TRAINING MODEL LSTM_CNN ####
#### TRAINED MODEL LSTM_CNN model training time: 8.112 total training time: 15.013 ####
#### TRAINING MODEL ParallelCNNLSTMModel ####
#### TRAINED MODEL ParallelCNNLSTMModel model training time: 8.024 total training time: 23.037 ####
#### TRAINING TOTAL TIME: 23.025 ####
Accuracy of the CNN_LSTM model on the test set: 84.795528 %
Accuracy of the LSTM_CNN model on the test set: 77.283105 %
Accuracy of the ParallelCNNLSTMModel model on the test set: 86.383629 %
#### TESTING TOTAL TIME: 3.734 ####
#### TIME #### TERMINO #### 38229.257 ####
#### FINITO #### TERMINO #### NO-VA-MAS ####
#### TIMES #### modelling TOTAL TOTAL ==>> 38229.257
#### #### READING DATA FILES #### ####
504 #### COMBI [reg, sid, ban, sec, men, med, sum, max, aci, bet, mmm, npp, hfq, hhh, aei] METRICS ####
('Plantation', '/home/vargas/repos/forests-sounds-vargas/out/data/extraction/Plantation/2_00_PSA0010-2010_dict_y_split_7_2512283_1736694580.pkl')
(297840, 15) Index(['reg', 'sid', 'ban', 'sec', 'men', 'med', 'sum', 'max', 'aci', 'bet',
       'mmm'],
      dtype='object') Index(['men', 'med', 'sum', 'max', 'aci', 'bet', 'mmm', 'npp', 'hfq', 'hhh',
       'aei'],
      dtype='object')
#### MERGE 68 merge_data Dataframe shape: (297840, 15) #### time: 40
#### #### SPLIT TRAIN TEST #### ####
#### CLASSES: [0 1 2 3] TOTAL 4
#### SPLIT train_test_split and CUDA: ??? cuda:0 #### time: 35
#### MODELS - TOTAL 3 ####
#### EPOCHS 1 ####
#### TRAINING MODELS ####
#### TRAINING MODEL CNN_LSTM ####
#### TRAINED MODEL CNN_LSTM model training time: 6.717 total training time: 6.729 ####
#### TRAINING MODEL LSTM_CNN ####
#### TRAINED MODEL LSTM_CNN model training time: 8.158 total training time: 14.886 ####
#### TRAINING MODEL ParallelCNNLSTMModel ####
#### TRAINED MODEL ParallelCNNLSTMModel model training time: 8.164 total training time: 23.05 ####
#### TRAINING TOTAL TIME: 23.039 ####
Accuracy of the CNN_LSTM model on the test set: 85.401558 %
Accuracy of the LSTM_CNN model on the test set: 83.801706 %
Accuracy of the ParallelCNNLSTMModel model on the test set: 87.951585 %
#### TESTING TOTAL TIME: 3.583 ####
#### TIME #### TERMINO #### 38304.29 ####
#### FINITO #### TERMINO #### NO-VA-MAS ####
#### TIMES #### modelling TOTAL TOTAL ==>> 38304.29
#### #### READING DATA FILES #### ####
505 #### COMBI [reg, sid, ban, sec, men, med, sum, max, aci, bet, mmm, npp, htp, hhh, aei] METRICS ####
('Plantation', '/home/vargas/repos/forests-sounds-vargas/out/data/extraction/Plantation/2_00_PSA0010-2010_dict_y_split_7_2512283_1736694580.pkl')
(297840, 15) Index(['reg', 'sid', 'ban', 'sec', 'men', 'med', 'sum', 'max', 'aci', 'bet',
       'mmm'],
      dtype='object') Index(['men', 'med', 'sum', 'max', 'aci', 'bet', 'mmm', 'npp', 'htp', 'hhh',
       'aei'],
      dtype='object')
#### MERGE 68 merge_data Dataframe shape: (297840, 15) #### time: 39
#### #### SPLIT TRAIN TEST #### ####
#### CLASSES: [0 1 2 3] TOTAL 4
#### SPLIT train_test_split and CUDA: ??? cuda:0 #### time: 35
#### MODELS - TOTAL 3 ####
#### EPOCHS 1 ####
#### TRAINING MODELS ####
#### TRAINING MODEL CNN_LSTM ####
#### TRAINED MODEL CNN_LSTM model training time: 6.867 total training time: 6.879 ####
#### TRAINING MODEL LSTM_CNN ####
#### TRAINED MODEL LSTM_CNN model training time: 7.975 total training time: 14.853 ####
#### TRAINING MODEL ParallelCNNLSTMModel ####
#### TRAINED MODEL ParallelCNNLSTMModel model training time: 8.129 total training time: 22.982 ####
#### TRAINING TOTAL TIME: 22.971 ####
Accuracy of the CNN_LSTM model on the test set: 76.17177 %
Accuracy of the LSTM_CNN model on the test set: 84.315404 %
Accuracy of the ParallelCNNLSTMModel model on the test set: 89.912369 %
#### TESTING TOTAL TIME: 3.743 ####
#### TIME #### TERMINO #### 38379.39 ####
#### FINITO #### TERMINO #### NO-VA-MAS ####
#### TIMES #### modelling TOTAL TOTAL ==>> 38379.39
#### #### READING DATA FILES #### ####
506 #### COMBI [reg, sid, ban, sec, men, med, sum, max, aci, bet, mmm, hfq, htp, hhh, aei] METRICS ####
('Plantation', '/home/vargas/repos/forests-sounds-vargas/out/data/extraction/Plantation/2_00_PSA0010-2010_dict_y_split_7_2512283_1736694580.pkl')
(297840, 15) Index(['reg', 'sid', 'ban', 'sec', 'men', 'med', 'sum', 'max', 'aci', 'bet',
       'mmm'],
      dtype='object') Index(['men', 'med', 'sum', 'max', 'aci', 'bet', 'mmm', 'hfq', 'htp', 'hhh',
       'aei'],
      dtype='object')
#### MERGE 68 merge_data Dataframe shape: (297840, 15) #### time: 39
#### #### SPLIT TRAIN TEST #### ####
#### CLASSES: [0 1 2 3] TOTAL 4
#### SPLIT train_test_split and CUDA: ??? cuda:0 #### time: 35
#### MODELS - TOTAL 3 ####
#### EPOCHS 1 ####
#### TRAINING MODELS ####
#### TRAINING MODEL CNN_LSTM ####
#### TRAINED MODEL CNN_LSTM model training time: 6.703 total training time: 6.714 ####
#### TRAINING MODEL LSTM_CNN ####
#### TRAINED MODEL LSTM_CNN model training time: 8.129 total training time: 14.843 ####
#### TRAINING MODEL ParallelCNNLSTMModel ####
#### TRAINED MODEL ParallelCNNLSTMModel model training time: 7.969 total training time: 22.812 ####
#### TRAINING TOTAL TIME: 22.801 ####
Accuracy of the CNN_LSTM model on the test set: 74.687752 %
Accuracy of the LSTM_CNN model on the test set: 72.268668 %
Accuracy of the ParallelCNNLSTMModel model on the test set: 76.099584 %
#### TESTING TOTAL TIME: 3.732 ####
#### TIME #### TERMINO #### 38453.634 ####
#### FINITO #### TERMINO #### NO-VA-MAS ####
#### TIMES #### modelling TOTAL TOTAL ==>> 38453.634
#### #### READING DATA FILES #### ####
507 #### COMBI [reg, sid, ban, sec, men, med, sum, max, aci, bet, npp, hfq, htp, hhh, aei] METRICS ####
('Plantation', '/home/vargas/repos/forests-sounds-vargas/out/data/extraction/Plantation/2_00_PSA0010-2010_dict_y_split_7_2512283_1736694580.pkl')
(297840, 15) Index(['reg', 'sid', 'ban', 'sec', 'men', 'med', 'sum', 'max', 'aci', 'bet',
       'npp'],
      dtype='object') Index(['men', 'med', 'sum', 'max', 'aci', 'bet', 'npp', 'hfq', 'htp', 'hhh',
       'aei'],
      dtype='object')
#### MERGE 68 merge_data Dataframe shape: (297840, 15) #### time: 39
#### #### SPLIT TRAIN TEST #### ####
#### CLASSES: [0 1 2 3] TOTAL 4
#### SPLIT train_test_split and CUDA: ??? cuda:0 #### time: 35
#### MODELS - TOTAL 3 ####
#### EPOCHS 1 ####
#### TRAINING MODELS ####
#### TRAINING MODEL CNN_LSTM ####
#### TRAINED MODEL CNN_LSTM model training time: 6.856 total training time: 6.867 ####
#### TRAINING MODEL LSTM_CNN ####
#### TRAINED MODEL LSTM_CNN model training time: 7.954 total training time: 14.821 ####
#### TRAINING MODEL ParallelCNNLSTMModel ####
#### TRAINED MODEL ParallelCNNLSTMModel model training time: 8.134 total training time: 22.955 ####
#### TRAINING TOTAL TIME: 22.944 ####
Accuracy of the CNN_LSTM model on the test set: 85.211859 %
Accuracy of the LSTM_CNN model on the test set: 84.664585 %
Accuracy of the ParallelCNNLSTMModel model on the test set: 90.019809 %
#### TESTING TOTAL TIME: 3.591 ####
#### TIME #### TERMINO #### 38527.988 ####
#### FINITO #### TERMINO #### NO-VA-MAS ####
#### TIMES #### modelling TOTAL TOTAL ==>> 38527.988
#### #### READING DATA FILES #### ####
508 #### COMBI [reg, sid, ban, sec, men, med, sum, max, aci, mmm, npp, hfq, htp, hhh, aei] METRICS ####
('Plantation', '/home/vargas/repos/forests-sounds-vargas/out/data/extraction/Plantation/2_00_PSA0010-2010_dict_y_split_7_2512283_1736694580.pkl')
(297840, 15) Index(['reg', 'sid', 'ban', 'sec', 'men', 'med', 'sum', 'max', 'aci', 'mmm',
       'npp'],
      dtype='object') Index(['men', 'med', 'sum', 'max', 'aci', 'mmm', 'npp', 'hfq', 'htp', 'hhh',
       'aei'],
      dtype='object')
#### MERGE 68 merge_data Dataframe shape: (297840, 15) #### time: 39
#### #### SPLIT TRAIN TEST #### ####
#### CLASSES: [0 1 2 3] TOTAL 4
#### SPLIT train_test_split and CUDA: ??? cuda:0 #### time: 35
#### MODELS - TOTAL 3 ####
#### EPOCHS 1 ####
#### TRAINING MODELS ####
#### TRAINING MODEL CNN_LSTM ####
#### TRAINED MODEL CNN_LSTM model training time: 6.865 total training time: 6.876 ####
#### TRAINING MODEL LSTM_CNN ####
#### TRAINED MODEL LSTM_CNN model training time: 8.121 total training time: 14.997 ####
#### TRAINING MODEL ParallelCNNLSTMModel ####
#### TRAINED MODEL ParallelCNNLSTMModel model training time: 7.986 total training time: 22.982 ####
#### TRAINING TOTAL TIME: 22.971 ####
Accuracy of the CNN_LSTM model on the test set: 83.452525 %
Accuracy of the LSTM_CNN model on the test set: 81.295326 %
Accuracy of the ParallelCNNLSTMModel model on the test set: 88.896723 %
#### TESTING TOTAL TIME: 3.735 ####
#### TIME #### TERMINO #### 38602.732 ####
#### FINITO #### TERMINO #### NO-VA-MAS ####
#### TIMES #### modelling TOTAL TOTAL ==>> 38602.732
#### #### READING DATA FILES #### ####
509 #### COMBI [reg, sid, ban, sec, men, med, sum, max, bet, mmm, npp, hfq, htp, hhh, aei] METRICS ####
('Plantation', '/home/vargas/repos/forests-sounds-vargas/out/data/extraction/Plantation/2_00_PSA0010-2010_dict_y_split_7_2512283_1736694580.pkl')
(297840, 15) Index(['reg', 'sid', 'ban', 'sec', 'men', 'med', 'sum', 'max', 'bet', 'mmm',
       'npp'],
      dtype='object') Index(['men', 'med', 'sum', 'max', 'bet', 'mmm', 'npp', 'hfq', 'htp', 'hhh',
       'aei'],
      dtype='object')
#### MERGE 68 merge_data Dataframe shape: (297840, 15) #### time: 40
#### #### SPLIT TRAIN TEST #### ####
#### CLASSES: [0 1 2 3] TOTAL 4
#### SPLIT train_test_split and CUDA: ??? cuda:0 #### time: 34
#### MODELS - TOTAL 3 ####
#### EPOCHS 1 ####
#### TRAINING MODELS ####
#### TRAINING MODEL CNN_LSTM ####
#### TRAINED MODEL CNN_LSTM model training time: 6.858 total training time: 6.87 ####
#### TRAINING MODEL LSTM_CNN ####
#### TRAINED MODEL LSTM_CNN model training time: 7.97 total training time: 14.84 ####
#### TRAINING MODEL ParallelCNNLSTMModel ####
#### TRAINED MODEL ParallelCNNLSTMModel model training time: 8.136 total training time: 22.975 ####
#### TRAINING TOTAL TIME: 22.964 ####
Accuracy of the CNN_LSTM model on the test set: 91.968842 %
Accuracy of the LSTM_CNN model on the test set: 85.488853 %
Accuracy of the ParallelCNNLSTMModel model on the test set: 93.570373 %
#### TESTING TOTAL TIME: 3.602 ####
#### TIME #### TERMINO #### 38677.769 ####
#### FINITO #### TERMINO #### NO-VA-MAS ####
#### TIMES #### modelling TOTAL TOTAL ==>> 38677.769
#### #### READING DATA FILES #### ####
510 #### COMBI [reg, sid, ban, sec, men, med, sum, aci, bet, mmm, npp, hfq, htp, hhh, aei] METRICS ####
('Plantation', '/home/vargas/repos/forests-sounds-vargas/out/data/extraction/Plantation/2_00_PSA0010-2010_dict_y_split_7_2512283_1736694580.pkl')
(297840, 15) Index(['reg', 'sid', 'ban', 'sec', 'men', 'med', 'sum', 'aci', 'bet', 'mmm',
       'npp'],
      dtype='object') Index(['men', 'med', 'sum', 'aci', 'bet', 'mmm', 'npp', 'hfq', 'htp', 'hhh',
       'aei'],
      dtype='object')
#### MERGE 68 merge_data Dataframe shape: (297840, 15) #### time: 39
#### #### SPLIT TRAIN TEST #### ####
#### CLASSES: [0 1 2 3] TOTAL 4
#### SPLIT train_test_split and CUDA: ??? cuda:0 #### time: 35
#### MODELS - TOTAL 3 ####
#### EPOCHS 1 ####
#### TRAINING MODELS ####
#### TRAINING MODEL CNN_LSTM ####
#### TRAINED MODEL CNN_LSTM model training time: 6.862 total training time: 6.874 ####
#### TRAINING MODEL LSTM_CNN ####
#### TRAINED MODEL LSTM_CNN model training time: 8.116 total training time: 14.989 ####
#### TRAINING MODEL ParallelCNNLSTMModel ####
#### TRAINED MODEL ParallelCNNLSTMModel model training time: 7.981 total training time: 22.97 ####
#### TRAINING TOTAL TIME: 22.959 ####
Accuracy of the CNN_LSTM model on the test set: 83.484421 %
Accuracy of the LSTM_CNN model on the test set: 84.76531 %
Accuracy of the ParallelCNNLSTMModel model on the test set: 89.131749 %
#### TESTING TOTAL TIME: 3.727 ####
#### TIME #### TERMINO #### 38752.54 ####
#### FINITO #### TERMINO #### NO-VA-MAS ####
#### TIMES #### modelling TOTAL TOTAL ==>> 38752.54
#### #### READING DATA FILES #### ####
511 #### COMBI [reg, sid, ban, sec, men, med, sum, max, aci, bet, mmm, npp, hfq, htp, hhh, aei] METRICS ####
('Plantation', '/home/vargas/repos/forests-sounds-vargas/out/data/extraction/Plantation/2_00_PSA0010-2010_dict_y_split_7_2512283_1736694580.pkl')
(297840, 16) Index(['reg', 'sid', 'ban', 'sec', 'men', 'med', 'sum', 'max', 'aci', 'bet',
       'mmm'],
      dtype='object') Index(['med', 'sum', 'max', 'aci', 'bet', 'mmm', 'npp', 'hfq', 'htp', 'hhh',
       'aei'],
      dtype='object')
#### MERGE 68 merge_data Dataframe shape: (297840, 16) #### time: 40
#### #### SPLIT TRAIN TEST #### ####
#### CLASSES: [0 1 2 3] TOTAL 4
#### SPLIT train_test_split and CUDA: ??? cuda:0 #### time: 35
#### MODELS - TOTAL 3 ####
#### EPOCHS 1 ####
#### TRAINING MODELS ####
#### TRAINING MODEL CNN_LSTM ####
#### TRAINED MODEL CNN_LSTM model training time: 6.715 total training time: 6.726 ####
#### TRAINING MODEL LSTM_CNN ####
#### TRAINED MODEL LSTM_CNN model training time: 8.189 total training time: 14.916 ####
#### TRAINING MODEL ParallelCNNLSTMModel ####
#### TRAINED MODEL ParallelCNNLSTMModel model training time: 8.199 total training time: 23.115 ####
#### TRAINING TOTAL TIME: 23.104 ####
Accuracy of the CNN_LSTM model on the test set: 85.720521 %
Accuracy of the LSTM_CNN model on the test set: 82.727303 %
Accuracy of the ParallelCNNLSTMModel model on the test set: 86.660623 %
#### TESTING TOTAL TIME: 3.622 ####
#### TIME #### TERMINO #### 38828.436 ####
#### FINITO #### TERMINO #### NO-VA-MAS ####
#### TIMES #### modelling TOTAL TOTAL ==>> 38828.436
0 #### TIMES #### Modelling #### PARTIAL FILE ==>> 38828.385 seconds
SE ME CUIDA MIJO, AHÍ LE DEJO PA` QUE NO TRASNOCHE TANTO ;)
#### TIMES #### Modelling TOTAL TOTAL ==>> 38828.387115716934
#### #### NO DA MAS #### TERMINO #### FINITO #### ####
#### #### 
 TOTAL_TIME: 38828.441 
 TOTAL_JOBS: 39 
 JOB_ID: 2606264 
 #### ####
#### SLEEPING TIME: 38828.441 seconds ####
All gürkel parcero, aller!
