/home/vargas/repos/forests-sounds-vargas/venvs/tpy310f_k/lib/python3.10/site-packages/tslearn/bases/bases.py:15: UserWarning: h5py not installed, hdf5 features will not be supported.
Install h5py to use hdf5 features: http://docs.h5py.org/
  warn(h5py_msg)
PATH /home/vargas/repos/forests-sounds-vargas
/home/vargas/repos/forests-sounds-vargas/out/data /home/vargas/repos/forests-sounds-vargas/out/ 57
#### #### HOI FOREST #### ####
ALWAYS PROBLEMS [Errno 2] No such file or directory: '/home/vargas/repos/forests-sounds-vargas/out/00_processed_data_in_2024-11.csv'
#### MERGE 57 merge_data Dataframe shape: (17100, 60004) #### time: 435
#### SPLIT train_test_split and CUDA: ??? cuda:0 #### time: 34
#### CLASSES: [0 1 2 3] TOTAL 4
#### MODELS {0: [CNN_LSTM(
  (cnn): Sequential(
    (0): Conv1d(1, 64, kernel_size=(3,), stride=(1,), padding=(1,))
    (1): ReLU()
    (2): MaxPool1d(kernel_size=2, stride=2, padding=0, dilation=1, ceil_mode=False)
    (3): Conv1d(64, 128, kernel_size=(3,), stride=(1,), padding=(1,))
    (4): ReLU()
    (5): MaxPool1d(kernel_size=2, stride=2, padding=0, dilation=1, ceil_mode=False)
  )
  (lstm): LSTM(128, 128, num_layers=2, batch_first=True)
  (fc): Linear(in_features=128, out_features=4, bias=True)
)], 1: [CNN_LSTM(
  (cnn): Sequential(
    (0): Conv1d(1, 64, kernel_size=(3,), stride=(1,), padding=(1,))
    (1): ReLU()
    (2): MaxPool1d(kernel_size=2, stride=2, padding=0, dilation=1, ceil_mode=False)
    (3): Conv1d(64, 128, kernel_size=(3,), stride=(1,), padding=(1,))
    (4): ReLU()
    (5): MaxPool1d(kernel_size=2, stride=2, padding=0, dilation=1, ceil_mode=False)
  )
  (lstm): LSTM(128, 128, num_layers=2, batch_first=True)
  (fc): Linear(in_features=128, out_features=4, bias=True)
), LSTM_CNN(
  (lstm): LSTM(1, 128, num_layers=2, batch_first=True)
  (cnn): Sequential(
    (0): Conv1d(128, 64, kernel_size=(3,), stride=(1,), padding=(1,))
    (1): ReLU()
    (2): MaxPool1d(kernel_size=2, stride=2, padding=0, dilation=1, ceil_mode=False)
    (3): Conv1d(64, 128, kernel_size=(3,), stride=(1,), padding=(1,))
    (4): ReLU()
    (5): MaxPool1d(kernel_size=2, stride=2, padding=0, dilation=1, ceil_mode=False)
    (6): Flatten(start_dim=1, end_dim=-1)
    (7): LazyLinear(in_features=0, out_features=256, bias=True)
    (8): ReLU()
    (9): Linear(in_features=256, out_features=4, bias=True)
  )
)], 2: [CNN_LSTM(
  (cnn): Sequential(
    (0): Conv1d(1, 64, kernel_size=(3,), stride=(1,), padding=(1,))
    (1): ReLU()
    (2): MaxPool1d(kernel_size=2, stride=2, padding=0, dilation=1, ceil_mode=False)
    (3): Conv1d(64, 128, kernel_size=(3,), stride=(1,), padding=(1,))
    (4): ReLU()
    (5): MaxPool1d(kernel_size=2, stride=2, padding=0, dilation=1, ceil_mode=False)
  )
  (lstm): LSTM(128, 128, num_layers=2, batch_first=True)
  (fc): Linear(in_features=128, out_features=4, bias=True)
), LSTM_CNN(
  (lstm): LSTM(1, 128, num_layers=2, batch_first=True)
  (cnn): Sequential(
    (0): Conv1d(128, 64, kernel_size=(3,), stride=(1,), padding=(1,))
    (1): ReLU()
    (2): MaxPool1d(kernel_size=2, stride=2, padding=0, dilation=1, ceil_mode=False)
    (3): Conv1d(64, 128, kernel_size=(3,), stride=(1,), padding=(1,))
    (4): ReLU()
    (5): MaxPool1d(kernel_size=2, stride=2, padding=0, dilation=1, ceil_mode=False)
    (6): Flatten(start_dim=1, end_dim=-1)
    (7): LazyLinear(in_features=0, out_features=256, bias=True)
    (8): ReLU()
    (9): Linear(in_features=256, out_features=4, bias=True)
  )
), ParallelCNNLSTMModel(
  (cnn): Sequential(
    (0): Conv1d(1, 64, kernel_size=(3,), stride=(1,), padding=(1,))
    (1): ReLU()
    (2): MaxPool1d(kernel_size=2, stride=2, padding=0, dilation=1, ceil_mode=False)
    (3): Conv1d(64, 128, kernel_size=(3,), stride=(1,), padding=(1,))
    (4): ReLU()
    (5): MaxPool1d(kernel_size=2, stride=2, padding=0, dilation=1, ceil_mode=False)
    (6): Flatten(start_dim=1, end_dim=-1)
    (7): LazyLinear(in_features=0, out_features=128, bias=True)
    (8): ReLU()
  )
  (lstm): LSTM(1, 128, num_layers=2, batch_first=True)
  (fc_lstm): Linear(in_features=128, out_features=128, bias=True)
  (fc): Linear(in_features=256, out_features=4, bias=True)
)]} ####
#### MODELS - TOTAL 1 ####
#### EPOCHS 91 ####
#### TRAINING MODEL CNN_LSTM ####
Epoch [1/91] Step [10/214] Loss: 1.1295 Time: 5.052
Epoch [1/91] Step [20/214] Loss: 1.1552 Time: 7.872
Epoch [1/91] Step [30/214] Loss: 1.2016 Time: 10.683
Epoch [1/91] Step [40/214] Loss: 1.1663 Time: 13.494
Epoch [1/91] Step [50/214] Loss: 1.2768 Time: 16.312
Epoch [1/91] Step [60/214] Loss: 1.2554 Time: 19.126
Epoch [1/91] Step [70/214] Loss: 1.1836 Time: 21.942
Epoch [1/91] Step [80/214] Loss: 1.1566 Time: 24.765
Epoch [1/91] Step [90/214] Loss: 1.2896 Time: 27.581
Epoch [1/91] Step [100/214] Loss: 1.1540 Time: 30.401
Epoch [1/91] Step [110/214] Loss: 1.1948 Time: 33.212
Epoch [1/91] Step [120/214] Loss: 1.1933 Time: 36.026
Epoch [1/91] Step [130/214] Loss: 1.2498 Time: 38.844
Epoch [1/91] Step [140/214] Loss: 1.3091 Time: 41.656
Epoch [1/91] Step [150/214] Loss: 1.2440 Time: 44.458
Epoch [1/91] Step [160/214] Loss: 1.2227 Time: 47.278
Epoch [1/91] Step [170/214] Loss: 1.2125 Time: 50.085
Epoch [1/91] Step [180/214] Loss: 1.1150 Time: 52.89
Epoch [1/91] Step [190/214] Loss: 1.2340 Time: 55.713
Epoch [1/91] Step [200/214] Loss: 1.3870 Time: 58.528
Epoch [1/91] Step [210/214] Loss: 1.1962 Time: 61.337
Epoch [2/91] Step [10/214] Loss: 1.2035 Time: 65.238
Epoch [2/91] Step [20/214] Loss: 1.2551 Time: 68.034
Epoch [2/91] Step [30/214] Loss: 1.2100 Time: 70.837
Epoch [2/91] Step [40/214] Loss: 1.3143 Time: 73.638
Epoch [2/91] Step [50/214] Loss: 1.2900 Time: 76.439
Epoch [2/91] Step [60/214] Loss: 1.1850 Time: 79.236
Epoch [2/91] Step [70/214] Loss: 1.2565 Time: 82.044
Epoch [2/91] Step [80/214] Loss: 1.2450 Time: 84.854
Epoch [2/91] Step [90/214] Loss: 1.1979 Time: 87.655
Epoch [2/91] Step [100/214] Loss: 1.2373 Time: 90.456
Epoch [2/91] Step [110/214] Loss: 1.1714 Time: 93.257
Epoch [2/91] Step [120/214] Loss: 1.1357 Time: 96.057
Epoch [2/91] Step [130/214] Loss: 1.1152 Time: 98.862
Epoch [2/91] Step [140/214] Loss: 1.1497 Time: 101.656
Epoch [2/91] Step [150/214] Loss: 1.2723 Time: 104.452
Epoch [2/91] Step [160/214] Loss: 1.1562 Time: 107.257
Epoch [2/91] Step [170/214] Loss: 1.2374 Time: 110.052
Epoch [2/91] Step [180/214] Loss: 1.2402 Time: 112.849
Epoch [2/91] Step [190/214] Loss: 1.1456 Time: 115.646
Epoch [2/91] Step [200/214] Loss: 1.3039 Time: 118.451
Epoch [2/91] Step [210/214] Loss: 1.0847 Time: 121.257
Epoch [3/91] Step [10/214] Loss: 1.2287 Time: 125.148
Epoch [3/91] Step [20/214] Loss: 1.1977 Time: 127.939
Epoch [3/91] Step [30/214] Loss: 1.2084 Time: 130.738
Epoch [3/91] Step [40/214] Loss: 1.2687 Time: 133.535
Epoch [3/91] Step [50/214] Loss: 1.2238 Time: 136.328
Epoch [3/91] Step [60/214] Loss: 1.1772 Time: 139.117
Epoch [3/91] Step [70/214] Loss: 1.2225 Time: 141.915
Epoch [3/91] Step [80/214] Loss: 1.2503 Time: 144.719
Epoch [3/91] Step [90/214] Loss: 1.1598 Time: 147.519
Epoch [3/91] Step [100/214] Loss: 1.2830 Time: 150.319
Epoch [3/91] Step [110/214] Loss: 1.2145 Time: 153.113
Epoch [3/91] Step [120/214] Loss: 1.2035 Time: 155.912
Epoch [3/91] Step [130/214] Loss: 1.2331 Time: 158.715
Epoch [3/91] Step [140/214] Loss: 1.1194 Time: 161.517
Epoch [3/91] Step [150/214] Loss: 1.1446 Time: 164.317
Epoch [3/91] Step [160/214] Loss: 1.1845 Time: 167.119
Epoch [3/91] Step [170/214] Loss: 1.1991 Time: 169.93
Epoch [3/91] Step [180/214] Loss: 1.2511 Time: 172.731
Epoch [3/91] Step [190/214] Loss: 1.3450 Time: 175.525
Epoch [3/91] Step [200/214] Loss: 1.2011 Time: 178.33
Epoch [3/91] Step [210/214] Loss: 1.1592 Time: 181.145
Epoch [4/91] Step [10/214] Loss: 1.1147 Time: 185.033
Epoch [4/91] Step [20/214] Loss: 1.1299 Time: 187.83
Epoch [4/91] Step [30/214] Loss: 1.2495 Time: 190.63
Epoch [4/91] Step [40/214] Loss: 1.2436 Time: 193.433
Epoch [4/91] Step [50/214] Loss: 1.2200 Time: 196.236
Epoch [4/91] Step [60/214] Loss: 1.1969 Time: 199.03
Epoch [4/91] Step [70/214] Loss: 1.1467 Time: 201.83
Epoch [4/91] Step [80/214] Loss: 1.1972 Time: 204.635
Epoch [4/91] Step [90/214] Loss: 1.1838 Time: 207.428
Epoch [4/91] Step [100/214] Loss: 1.2318 Time: 210.222
Epoch [4/91] Step [110/214] Loss: 1.1596 Time: 213.018
Epoch [4/91] Step [120/214] Loss: 1.3094 Time: 215.828
Epoch [4/91] Step [130/214] Loss: 1.1349 Time: 218.628
Epoch [4/91] Step [140/214] Loss: 1.1698 Time: 221.424
Epoch [4/91] Step [150/214] Loss: 1.1728 Time: 224.23
Epoch [4/91] Step [160/214] Loss: 1.2149 Time: 227.036
Epoch [4/91] Step [170/214] Loss: 1.1862 Time: 229.834
Epoch [4/91] Step [180/214] Loss: 1.1639 Time: 232.636
Epoch [4/91] Step [190/214] Loss: 1.1308 Time: 235.439
Epoch [4/91] Step [200/214] Loss: 1.2186 Time: 238.241
Epoch [4/91] Step [210/214] Loss: 1.1772 Time: 241.042
Epoch [5/91] Step [10/214] Loss: 1.1728 Time: 244.931
Epoch [5/91] Step [20/214] Loss: 1.1572 Time: 247.737
Epoch [5/91] Step [30/214] Loss: 1.2569 Time: 250.542
Epoch [5/91] Step [40/214] Loss: 1.1343 Time: 253.345
Epoch [5/91] Step [50/214] Loss: 1.1989 Time: 256.15
Epoch [5/91] Step [60/214] Loss: 1.2165 Time: 258.955
Epoch [5/91] Step [70/214] Loss: 1.1739 Time: 261.757
Epoch [5/91] Step [80/214] Loss: 1.1983 Time: 264.565
Epoch [5/91] Step [90/214] Loss: 1.2270 Time: 267.373
Epoch [5/91] Step [100/214] Loss: 1.2551 Time: 270.184
Epoch [5/91] Step [110/214] Loss: 1.2374 Time: 272.979
Epoch [5/91] Step [120/214] Loss: 1.1706 Time: 275.783
Epoch [5/91] Step [130/214] Loss: 1.3426 Time: 278.581
Epoch [5/91] Step [140/214] Loss: 1.2318 Time: 281.38
Epoch [5/91] Step [150/214] Loss: 1.2227 Time: 284.185
Epoch [5/91] Step [160/214] Loss: 1.1631 Time: 286.987
Epoch [5/91] Step [170/214] Loss: 1.2229 Time: 289.787
Epoch [5/91] Step [180/214] Loss: 1.2165 Time: 292.587
Epoch [5/91] Step [190/214] Loss: 1.2253 Time: 295.391
Epoch [5/91] Step [200/214] Loss: 1.1580 Time: 298.191
Epoch [5/91] Step [210/214] Loss: 1.2181 Time: 300.994
Epoch [6/91] Step [10/214] Loss: 1.1429 Time: 304.889
Epoch [6/91] Step [20/214] Loss: 1.2929 Time: 307.691
Epoch [6/91] Step [30/214] Loss: 1.1887 Time: 310.489
Epoch [6/91] Step [40/214] Loss: 1.1270 Time: 313.293
Epoch [6/91] Step [50/214] Loss: 1.1950 Time: 316.097
Epoch [6/91] Step [60/214] Loss: 1.1100 Time: 318.909
Epoch [6/91] Step [70/214] Loss: 1.1358 Time: 321.72
Epoch [6/91] Step [80/214] Loss: 1.2385 Time: 324.535
Epoch [6/91] Step [90/214] Loss: 1.2188 Time: 327.339
Epoch [6/91] Step [100/214] Loss: 1.2244 Time: 330.141
Epoch [6/91] Step [110/214] Loss: 1.1678 Time: 332.945
Epoch [6/91] Step [120/214] Loss: 1.1856 Time: 335.744
Epoch [6/91] Step [130/214] Loss: 1.2941 Time: 338.542
Epoch [6/91] Step [140/214] Loss: 1.1685 Time: 341.344
Epoch [6/91] Step [150/214] Loss: 1.2318 Time: 344.14
Epoch [6/91] Step [160/214] Loss: 1.2792 Time: 346.944
Epoch [6/91] Step [170/214] Loss: 1.2724 Time: 349.751
Epoch [6/91] Step [180/214] Loss: 1.1791 Time: 352.561
Epoch [6/91] Step [190/214] Loss: 1.2214 Time: 355.381
Epoch [6/91] Step [200/214] Loss: 1.1932 Time: 358.177
Epoch [6/91] Step [210/214] Loss: 1.1538 Time: 360.975
Epoch [7/91] Step [10/214] Loss: 1.1500 Time: 364.866
Epoch [7/91] Step [20/214] Loss: 1.1438 Time: 367.671
Epoch [7/91] Step [30/214] Loss: 1.2093 Time: 370.477
Epoch [7/91] Step [40/214] Loss: 1.0898 Time: 373.274
Epoch [7/91] Step [50/214] Loss: 1.1820 Time: 376.075
Epoch [7/91] Step [60/214] Loss: 1.2369 Time: 378.88
Epoch [7/91] Step [70/214] Loss: 1.1356 Time: 381.688
Epoch [7/91] Step [80/214] Loss: 1.1895 Time: 384.49
Epoch [7/91] Step [90/214] Loss: 1.2738 Time: 387.298
Epoch [7/91] Step [100/214] Loss: 1.1777 Time: 390.097
Epoch [7/91] Step [110/214] Loss: 1.1905 Time: 392.896
Epoch [7/91] Step [120/214] Loss: 1.2313 Time: 395.7
Epoch [7/91] Step [130/214] Loss: 1.1749 Time: 398.496
Epoch [7/91] Step [140/214] Loss: 1.2416 Time: 401.299
Epoch [7/91] Step [150/214] Loss: 1.1472 Time: 404.098
Epoch [7/91] Step [160/214] Loss: 1.1940 Time: 406.902
Epoch [7/91] Step [170/214] Loss: 1.1654 Time: 409.708
Epoch [7/91] Step [180/214] Loss: 1.1890 Time: 412.519
Epoch [7/91] Step [190/214] Loss: 1.3340 Time: 415.331
Epoch [7/91] Step [200/214] Loss: 1.2001 Time: 418.137
Epoch [7/91] Step [210/214] Loss: 1.2134 Time: 420.939
Epoch [8/91] Step [10/214] Loss: 1.1294 Time: 424.836
Epoch [8/91] Step [20/214] Loss: 1.1422 Time: 427.652
Epoch [8/91] Step [30/214] Loss: 1.2481 Time: 430.457
Epoch [8/91] Step [40/214] Loss: 1.1824 Time: 433.255
Epoch [8/91] Step [50/214] Loss: 1.2618 Time: 436.061
Epoch [8/91] Step [60/214] Loss: 1.0927 Time: 438.863
Epoch [8/91] Step [70/214] Loss: 1.1825 Time: 441.663
Epoch [8/91] Step [80/214] Loss: 1.1626 Time: 444.465
Epoch [8/91] Step [90/214] Loss: 1.2446 Time: 447.267
Epoch [8/91] Step [100/214] Loss: 1.2125 Time: 450.073
Epoch [8/91] Step [110/214] Loss: 1.2776 Time: 452.87
Epoch [8/91] Step [120/214] Loss: 1.2740 Time: 455.671
Epoch [8/91] Step [130/214] Loss: 1.1545 Time: 458.469
Epoch [8/91] Step [140/214] Loss: 1.0949 Time: 461.268
Epoch [8/91] Step [150/214] Loss: 1.1966 Time: 464.07
Epoch [8/91] Step [160/214] Loss: 1.1398 Time: 466.87
Epoch [8/91] Step [170/214] Loss: 1.1613 Time: 469.67
Epoch [8/91] Step [180/214] Loss: 1.2417 Time: 472.479
Epoch [8/91] Step [190/214] Loss: 1.2341 Time: 475.288
Epoch [8/91] Step [200/214] Loss: 1.3108 Time: 478.082
Epoch [8/91] Step [210/214] Loss: 1.2591 Time: 480.887
Epoch [9/91] Step [10/214] Loss: 1.2756 Time: 484.776
Epoch [9/91] Step [20/214] Loss: 1.1380 Time: 487.57
Epoch [9/91] Step [30/214] Loss: 1.1446 Time: 490.369
Epoch [9/91] Step [40/214] Loss: 1.2233 Time: 493.164
Epoch [9/91] Step [50/214] Loss: 1.1271 Time: 495.966
Epoch [9/91] Step [60/214] Loss: 1.2036 Time: 498.771
Epoch [9/91] Step [70/214] Loss: 1.2507 Time: 501.572
Epoch [9/91] Step [80/214] Loss: 1.2552 Time: 504.371
Epoch [9/91] Step [90/214] Loss: 1.1825 Time: 507.172
Epoch [9/91] Step [100/214] Loss: 1.2282 Time: 509.979
Epoch [9/91] Step [110/214] Loss: 1.2437 Time: 512.777
Epoch [9/91] Step [120/214] Loss: 1.2522 Time: 515.575
Epoch [9/91] Step [130/214] Loss: 1.1170 Time: 518.376
Epoch [9/91] Step [140/214] Loss: 1.0626 Time: 521.184
Epoch [9/91] Step [150/214] Loss: 1.1165 Time: 523.987
Epoch [9/91] Step [160/214] Loss: 1.1662 Time: 526.784
Epoch [9/91] Step [170/214] Loss: 1.1211 Time: 529.585
Epoch [9/91] Step [180/214] Loss: 1.1877 Time: 532.382
Epoch [9/91] Step [190/214] Loss: 1.2211 Time: 535.187
Epoch [9/91] Step [200/214] Loss: 1.1733 Time: 537.986
Epoch [9/91] Step [210/214] Loss: 1.1936 Time: 540.784
Epoch [10/91] Step [10/214] Loss: 1.1865 Time: 544.685
Epoch [10/91] Step [20/214] Loss: 1.1895 Time: 547.49
Epoch [10/91] Step [30/214] Loss: 1.2559 Time: 550.299
Epoch [10/91] Step [40/214] Loss: 1.1421 Time: 553.096
Epoch [10/91] Step [50/214] Loss: 1.1653 Time: 555.894
Epoch [10/91] Step [60/214] Loss: 1.1259 Time: 558.689
Epoch [10/91] Step [70/214] Loss: 1.1496 Time: 561.492
Epoch [10/91] Step [80/214] Loss: 1.1152 Time: 564.313
Epoch [10/91] Step [90/214] Loss: 1.1804 Time: 567.111
Epoch [10/91] Step [100/214] Loss: 1.2221 Time: 569.911
Epoch [10/91] Step [110/214] Loss: 1.1853 Time: 572.713
Epoch [10/91] Step [120/214] Loss: 1.3082 Time: 575.516
Epoch [10/91] Step [130/214] Loss: 1.1866 Time: 578.305
Epoch [10/91] Step [140/214] Loss: 1.0890 Time: 581.108
Epoch [10/91] Step [150/214] Loss: 1.3276 Time: 583.903
Epoch [10/91] Step [160/214] Loss: 1.1631 Time: 586.697
Epoch [10/91] Step [170/214] Loss: 1.1447 Time: 589.498
Epoch [10/91] Step [180/214] Loss: 1.2147 Time: 592.3
Epoch [10/91] Step [190/214] Loss: 1.3624 Time: 595.107
Epoch [10/91] Step [200/214] Loss: 1.2067 Time: 597.904
Epoch [10/91] Step [210/214] Loss: 1.1871 Time: 600.707
Epoch [11/91] Step [10/214] Loss: 1.1842 Time: 604.594
Epoch [11/91] Step [20/214] Loss: 1.0916 Time: 607.391
Epoch [11/91] Step [30/214] Loss: 1.1235 Time: 610.193
Epoch [11/91] Step [40/214] Loss: 1.2611 Time: 612.993
Epoch [11/91] Step [50/214] Loss: 1.2471 Time: 615.79
Epoch [11/91] Step [60/214] Loss: 1.2406 Time: 618.595
Epoch [11/91] Step [70/214] Loss: 1.1911 Time: 621.401
Epoch [11/91] Step [80/214] Loss: 1.1414 Time: 624.202
Epoch [11/91] Step [90/214] Loss: 1.1751 Time: 627.007
Epoch [11/91] Step [100/214] Loss: 1.2118 Time: 629.809
Epoch [11/91] Step [110/214] Loss: 1.2858 Time: 632.615
Epoch [11/91] Step [120/214] Loss: 1.2351 Time: 635.42
Epoch [11/91] Step [130/214] Loss: 1.1014 Time: 638.23
Epoch [11/91] Step [140/214] Loss: 1.1718 Time: 641.028
Epoch [11/91] Step [150/214] Loss: 1.1003 Time: 643.836
Epoch [11/91] Step [160/214] Loss: 1.1391 Time: 646.637
Epoch [11/91] Step [170/214] Loss: 1.0650 Time: 649.44
Epoch [11/91] Step [180/214] Loss: 1.2630 Time: 652.252
Epoch [11/91] Step [190/214] Loss: 1.1702 Time: 655.06
Epoch [11/91] Step [200/214] Loss: 1.2424 Time: 657.858
Epoch [11/91] Step [210/214] Loss: 1.1421 Time: 660.651
Epoch [12/91] Step [10/214] Loss: 1.3038 Time: 664.539
Epoch [12/91] Step [20/214] Loss: 1.0880 Time: 667.346
Epoch [12/91] Step [30/214] Loss: 1.2801 Time: 670.148
Epoch [12/91] Step [40/214] Loss: 1.1879 Time: 672.959
Epoch [12/91] Step [50/214] Loss: 1.1928 Time: 675.76
Epoch [12/91] Step [60/214] Loss: 1.2026 Time: 678.564
Epoch [12/91] Step [70/214] Loss: 1.1627 Time: 681.366
Epoch [12/91] Step [80/214] Loss: 1.1720 Time: 684.172
Epoch [12/91] Step [90/214] Loss: 1.1321 Time: 686.981
Epoch [12/91] Step [100/214] Loss: 1.1344 Time: 689.776
Epoch [12/91] Step [110/214] Loss: 1.1444 Time: 692.575
Epoch [12/91] Step [120/214] Loss: 1.2125 Time: 695.367
Epoch [12/91] Step [130/214] Loss: 1.2110 Time: 698.167
Epoch [12/91] Step [140/214] Loss: 1.1974 Time: 700.971
Epoch [12/91] Step [150/214] Loss: 1.1458 Time: 703.77
Epoch [12/91] Step [160/214] Loss: 1.2162 Time: 706.57
Epoch [12/91] Step [170/214] Loss: 1.1986 Time: 709.367
Epoch [12/91] Step [180/214] Loss: 1.1965 Time: 712.166
Epoch [12/91] Step [190/214] Loss: 1.2126 Time: 714.971
Epoch [12/91] Step [200/214] Loss: 1.2450 Time: 717.763
Epoch [12/91] Step [210/214] Loss: 1.1400 Time: 720.561
Epoch [13/91] Step [10/214] Loss: 1.1538 Time: 724.444
Epoch [13/91] Step [20/214] Loss: 1.1877 Time: 727.239
Epoch [13/91] Step [30/214] Loss: 1.1833 Time: 730.035
Epoch [13/91] Step [40/214] Loss: 1.2403 Time: 732.834
Epoch [13/91] Step [50/214] Loss: 1.1185 Time: 735.634
Epoch [13/91] Step [60/214] Loss: 1.1298 Time: 738.437
Epoch [13/91] Step [70/214] Loss: 1.1188 Time: 741.236
Epoch [13/91] Step [80/214] Loss: 1.3288 Time: 744.039
Epoch [13/91] Step [90/214] Loss: 1.2625 Time: 746.838
Epoch [13/91] Step [100/214] Loss: 1.1778 Time: 749.635
Epoch [13/91] Step [110/214] Loss: 1.1103 Time: 752.437
Epoch [13/91] Step [120/214] Loss: 1.1933 Time: 755.232
Epoch [13/91] Step [130/214] Loss: 1.2261 Time: 758.03
Epoch [13/91] Step [140/214] Loss: 1.1440 Time: 760.832
Epoch [13/91] Step [150/214] Loss: 1.2560 Time: 763.631
Epoch [13/91] Step [160/214] Loss: 1.1757 Time: 766.434
Epoch [13/91] Step [170/214] Loss: 1.1518 Time: 769.232
Epoch [13/91] Step [180/214] Loss: 1.1270 Time: 772.032
Epoch [13/91] Step [190/214] Loss: 1.2477 Time: 774.837
Epoch [13/91] Step [200/214] Loss: 1.1976 Time: 777.64
Epoch [13/91] Step [210/214] Loss: 1.1575 Time: 780.442
Epoch [14/91] Step [10/214] Loss: 1.1137 Time: 784.33
Epoch [14/91] Step [20/214] Loss: 1.2136 Time: 787.134
Epoch [14/91] Step [30/214] Loss: 1.3227 Time: 789.937
Epoch [14/91] Step [40/214] Loss: 1.2162 Time: 792.738
Epoch [14/91] Step [50/214] Loss: 1.1534 Time: 795.538
Epoch [14/91] Step [60/214] Loss: 1.2092 Time: 798.337
Epoch [14/91] Step [70/214] Loss: 1.2156 Time: 801.133
Epoch [14/91] Step [80/214] Loss: 1.3025 Time: 803.945
Epoch [14/91] Step [90/214] Loss: 1.2701 Time: 806.745
Epoch [14/91] Step [100/214] Loss: 1.1744 Time: 809.549
Epoch [14/91] Step [110/214] Loss: 1.1522 Time: 812.355
Epoch [14/91] Step [120/214] Loss: 1.2149 Time: 815.163
Epoch [14/91] Step [130/214] Loss: 1.1424 Time: 817.96
Epoch [14/91] Step [140/214] Loss: 1.1618 Time: 820.756
Epoch [14/91] Step [150/214] Loss: 1.2618 Time: 823.556
Epoch [14/91] Step [160/214] Loss: 1.3469 Time: 826.354
Epoch [14/91] Step [170/214] Loss: 1.1313 Time: 829.15
Epoch [14/91] Step [180/214] Loss: 1.2716 Time: 831.954
Epoch [14/91] Step [190/214] Loss: 1.2617 Time: 834.759
Epoch [14/91] Step [200/214] Loss: 1.1529 Time: 837.561
Epoch [14/91] Step [210/214] Loss: 1.1405 Time: 840.37
Epoch [15/91] Step [10/214] Loss: 1.2569 Time: 844.258
Epoch [15/91] Step [20/214] Loss: 1.1988 Time: 847.062
Epoch [15/91] Step [30/214] Loss: 1.1427 Time: 849.861
Epoch [15/91] Step [40/214] Loss: 1.2307 Time: 852.661
Epoch [15/91] Step [50/214] Loss: 1.2480 Time: 855.463
Epoch [15/91] Step [60/214] Loss: 1.1513 Time: 858.264
Epoch [15/91] Step [70/214] Loss: 1.1371 Time: 861.065
Epoch [15/91] Step [80/214] Loss: 1.2486 Time: 863.861
Epoch [15/91] Step [90/214] Loss: 1.1370 Time: 866.668
Epoch [15/91] Step [100/214] Loss: 1.2123 Time: 869.469
Epoch [15/91] Step [110/214] Loss: 1.1263 Time: 872.27
Epoch [15/91] Step [120/214] Loss: 1.2003 Time: 875.071
Epoch [15/91] Step [130/214] Loss: 1.2609 Time: 877.87
Epoch [15/91] Step [140/214] Loss: 1.1930 Time: 880.675
Epoch [15/91] Step [150/214] Loss: 1.1916 Time: 883.482
Epoch [15/91] Step [160/214] Loss: 1.1641 Time: 886.284
Epoch [15/91] Step [170/214] Loss: 1.2565 Time: 889.087
Epoch [15/91] Step [180/214] Loss: 1.2596 Time: 891.885
Epoch [15/91] Step [190/214] Loss: 1.1568 Time: 894.691
Epoch [15/91] Step [200/214] Loss: 1.2322 Time: 897.492
Epoch [15/91] Step [210/214] Loss: 1.2004 Time: 900.29
Epoch [16/91] Step [10/214] Loss: 1.1506 Time: 904.178
Epoch [16/91] Step [20/214] Loss: 1.1280 Time: 906.977
Epoch [16/91] Step [30/214] Loss: 1.1825 Time: 909.776
Epoch [16/91] Step [40/214] Loss: 1.1541 Time: 912.579
Epoch [16/91] Step [50/214] Loss: 1.0882 Time: 915.376
Epoch [16/91] Step [60/214] Loss: 1.1656 Time: 918.177
Epoch [16/91] Step [70/214] Loss: 1.1882 Time: 920.978
Epoch [16/91] Step [80/214] Loss: 1.1385 Time: 923.778
Epoch [16/91] Step [90/214] Loss: 1.2540 Time: 926.575
Epoch [16/91] Step [100/214] Loss: 1.2144 Time: 929.374
Epoch [16/91] Step [110/214] Loss: 1.1681 Time: 932.17
Epoch [16/91] Step [120/214] Loss: 1.3321 Time: 934.965
Epoch [16/91] Step [130/214] Loss: 1.1693 Time: 937.761
Epoch [16/91] Step [140/214] Loss: 1.1272 Time: 940.562
Epoch [16/91] Step [150/214] Loss: 1.1811 Time: 943.358
Epoch [16/91] Step [160/214] Loss: 1.2086 Time: 946.169
Epoch [16/91] Step [170/214] Loss: 1.2130 Time: 948.964
Epoch [16/91] Step [180/214] Loss: 1.2447 Time: 951.772
Epoch [16/91] Step [190/214] Loss: 1.2400 Time: 954.589
Epoch [16/91] Step [200/214] Loss: 1.1581 Time: 957.392
Epoch [16/91] Step [210/214] Loss: 1.1600 Time: 960.187
Epoch [17/91] Step [10/214] Loss: 1.1483 Time: 964.076
Epoch [17/91] Step [20/214] Loss: 1.1992 Time: 966.881
Epoch [17/91] Step [30/214] Loss: 1.2644 Time: 969.678
Epoch [17/91] Step [40/214] Loss: 1.2299 Time: 972.477
Epoch [17/91] Step [50/214] Loss: 1.3350 Time: 975.278
Epoch [17/91] Step [60/214] Loss: 1.2250 Time: 978.082
Epoch [17/91] Step [70/214] Loss: 1.3181 Time: 980.88
Epoch [17/91] Step [80/214] Loss: 1.2005 Time: 983.689
Epoch [17/91] Step [90/214] Loss: 1.2593 Time: 986.483
Epoch [17/91] Step [100/214] Loss: 1.2753 Time: 989.285
Epoch [17/91] Step [110/214] Loss: 1.1622 Time: 992.086
Epoch [17/91] Step [120/214] Loss: 1.2365 Time: 994.886
Epoch [17/91] Step [130/214] Loss: 1.1617 Time: 997.683
Epoch [17/91] Step [140/214] Loss: 1.1924 Time: 1000.493
Epoch [17/91] Step [150/214] Loss: 1.1795 Time: 1003.299
Epoch [17/91] Step [160/214] Loss: 1.1851 Time: 1006.102
Epoch [17/91] Step [170/214] Loss: 1.2598 Time: 1008.899
Epoch [17/91] Step [180/214] Loss: 1.1867 Time: 1011.699
Epoch [17/91] Step [190/214] Loss: 1.2095 Time: 1014.512
Epoch [17/91] Step [200/214] Loss: 1.2355 Time: 1017.316
Epoch [17/91] Step [210/214] Loss: 1.2753 Time: 1020.118
Epoch [18/91] Step [10/214] Loss: 1.2548 Time: 1023.994
Epoch [18/91] Step [20/214] Loss: 1.2131 Time: 1026.795
Epoch [18/91] Step [30/214] Loss: 1.1641 Time: 1029.601
Epoch [18/91] Step [40/214] Loss: 1.0957 Time: 1032.403
Epoch [18/91] Step [50/214] Loss: 1.0815 Time: 1035.206
Epoch [18/91] Step [60/214] Loss: 1.1885 Time: 1038.01
Epoch [18/91] Step [70/214] Loss: 1.2359 Time: 1040.813
Epoch [18/91] Step [80/214] Loss: 1.1993 Time: 1043.621
Epoch [18/91] Step [90/214] Loss: 1.2753 Time: 1046.419
Epoch [18/91] Step [100/214] Loss: 1.1761 Time: 1049.217
Epoch [18/91] Step [110/214] Loss: 1.1218 Time: 1052.015
Epoch [18/91] Step [120/214] Loss: 1.1809 Time: 1054.818
Epoch [18/91] Step [130/214] Loss: 1.2216 Time: 1057.626
Epoch [18/91] Step [140/214] Loss: 1.2028 Time: 1060.424
Epoch [18/91] Step [150/214] Loss: 1.1849 Time: 1063.222
Epoch [18/91] Step [160/214] Loss: 1.2252 Time: 1066.029
Epoch [18/91] Step [170/214] Loss: 1.1628 Time: 1068.832
Epoch [18/91] Step [180/214] Loss: 1.2578 Time: 1071.635
Epoch [18/91] Step [190/214] Loss: 1.3296 Time: 1074.447
Epoch [18/91] Step [200/214] Loss: 1.2401 Time: 1077.25
Epoch [18/91] Step [210/214] Loss: 1.2006 Time: 1080.051
Epoch [19/91] Step [10/214] Loss: 1.1911 Time: 1083.94
Epoch [19/91] Step [20/214] Loss: 1.2072 Time: 1086.74
Epoch [19/91] Step [30/214] Loss: 1.1497 Time: 1089.543
Epoch [19/91] Step [40/214] Loss: 1.2327 Time: 1092.346
Epoch [19/91] Step [50/214] Loss: 1.1776 Time: 1095.148
Epoch [19/91] Step [60/214] Loss: 1.2727 Time: 1097.948
Epoch [19/91] Step [70/214] Loss: 1.2276 Time: 1100.751
Epoch [19/91] Step [80/214] Loss: 1.2420 Time: 1103.55
Epoch [19/91] Step [90/214] Loss: 1.1967 Time: 1106.352
Epoch [19/91] Step [100/214] Loss: 1.1544 Time: 1109.153
Epoch [19/91] Step [110/214] Loss: 1.2512 Time: 1111.953
Epoch [19/91] Step [120/214] Loss: 1.1762 Time: 1114.752
Epoch [19/91] Step [130/214] Loss: 1.1936 Time: 1117.553
Epoch [19/91] Step [140/214] Loss: 1.1631 Time: 1120.348
Epoch [19/91] Step [150/214] Loss: 1.1574 Time: 1123.147
Epoch [19/91] Step [160/214] Loss: 1.2041 Time: 1125.947
Epoch [19/91] Step [170/214] Loss: 1.2768 Time: 1128.744
Epoch [19/91] Step [180/214] Loss: 1.1849 Time: 1131.54
Epoch [19/91] Step [190/214] Loss: 1.1843 Time: 1134.346
Epoch [19/91] Step [200/214] Loss: 1.1668 Time: 1137.149
Epoch [19/91] Step [210/214] Loss: 1.2239 Time: 1139.956
Epoch [20/91] Step [10/214] Loss: 1.1504 Time: 1143.841
Epoch [20/91] Step [20/214] Loss: 1.1178 Time: 1146.64
Epoch [20/91] Step [30/214] Loss: 1.3340 Time: 1149.437
Epoch [20/91] Step [40/214] Loss: 1.1277 Time: 1152.238
Epoch [20/91] Step [50/214] Loss: 1.2350 Time: 1155.041
Epoch [20/91] Step [60/214] Loss: 1.1723 Time: 1157.844
Epoch [20/91] Step [70/214] Loss: 1.2220 Time: 1160.64
Epoch [20/91] Step [80/214] Loss: 1.1170 Time: 1163.454
Epoch [20/91] Step [90/214] Loss: 1.2110 Time: 1166.257
Epoch [20/91] Step [100/214] Loss: 1.2555 Time: 1169.058
Epoch [20/91] Step [110/214] Loss: 1.2126 Time: 1171.859
Epoch [20/91] Step [120/214] Loss: 1.2210 Time: 1174.666
Epoch [20/91] Step [130/214] Loss: 1.1661 Time: 1177.471
Epoch [20/91] Step [140/214] Loss: 1.1303 Time: 1180.281
Epoch [20/91] Step [150/214] Loss: 1.1204 Time: 1183.075
Epoch [20/91] Step [160/214] Loss: 1.1785 Time: 1185.877
Epoch [20/91] Step [170/214] Loss: 1.1875 Time: 1188.676
Epoch [20/91] Step [180/214] Loss: 1.2472 Time: 1191.48
Epoch [20/91] Step [190/214] Loss: 1.1943 Time: 1194.296
Epoch [20/91] Step [200/214] Loss: 1.1820 Time: 1197.095
Epoch [20/91] Step [210/214] Loss: 1.1737 Time: 1199.893
Epoch [21/91] Step [10/214] Loss: 1.1539 Time: 1203.772
Epoch [21/91] Step [20/214] Loss: 1.1569 Time: 1206.572
Epoch [21/91] Step [30/214] Loss: 1.2122 Time: 1209.369
Epoch [21/91] Step [40/214] Loss: 1.1129 Time: 1212.161
Epoch [21/91] Step [50/214] Loss: 1.0883 Time: 1214.96
Epoch [21/91] Step [60/214] Loss: 1.1915 Time: 1217.758
Epoch [21/91] Step [70/214] Loss: 1.2084 Time: 1220.554
Epoch [21/91] Step [80/214] Loss: 1.1318 Time: 1223.348
Epoch [21/91] Step [90/214] Loss: 1.1107 Time: 1226.155
Epoch [21/91] Step [100/214] Loss: 1.0711 Time: 1228.956
Epoch [21/91] Step [110/214] Loss: 1.0780 Time: 1231.757
Epoch [21/91] Step [120/214] Loss: 1.3419 Time: 1234.56
Epoch [21/91] Step [130/214] Loss: 1.1216 Time: 1237.354
Epoch [21/91] Step [140/214] Loss: 1.1529 Time: 1240.155
Epoch [21/91] Step [150/214] Loss: 1.0950 Time: 1242.959
Epoch [21/91] Step [160/214] Loss: 1.2064 Time: 1245.764
Epoch [21/91] Step [170/214] Loss: 1.2140 Time: 1248.571
Epoch [21/91] Step [180/214] Loss: 1.1351 Time: 1251.371
Epoch [21/91] Step [190/214] Loss: 1.2317 Time: 1254.18
Epoch [21/91] Step [200/214] Loss: 1.1501 Time: 1256.976
Epoch [21/91] Step [210/214] Loss: 1.2137 Time: 1259.782
Epoch [22/91] Step [10/214] Loss: 1.1775 Time: 1263.665
Epoch [22/91] Step [20/214] Loss: 1.1420 Time: 1266.469
Epoch [22/91] Step [30/214] Loss: 1.2458 Time: 1269.265
Epoch [22/91] Step [40/214] Loss: 1.1849 Time: 1272.068
Epoch [22/91] Step [50/214] Loss: 1.1122 Time: 1274.868
Epoch [22/91] Step [60/214] Loss: 1.2077 Time: 1277.673
Epoch [22/91] Step [70/214] Loss: 1.2893 Time: 1280.476
Epoch [22/91] Step [80/214] Loss: 1.2355 Time: 1283.275
Epoch [22/91] Step [90/214] Loss: 1.1162 Time: 1286.083
Epoch [22/91] Step [100/214] Loss: 1.2041 Time: 1288.884
Epoch [22/91] Step [110/214] Loss: 1.2591 Time: 1291.686
Epoch [22/91] Step [120/214] Loss: 1.1859 Time: 1294.489
Epoch [22/91] Step [130/214] Loss: 1.1942 Time: 1297.285
Epoch [22/91] Step [140/214] Loss: 1.1687 Time: 1300.096
Epoch [22/91] Step [150/214] Loss: 1.2547 Time: 1302.904
Epoch [22/91] Step [160/214] Loss: 1.1785 Time: 1305.707
Epoch [22/91] Step [170/214] Loss: 1.2232 Time: 1308.508
Epoch [22/91] Step [180/214] Loss: 1.2020 Time: 1311.314
Epoch [22/91] Step [190/214] Loss: 1.2535 Time: 1314.119
Epoch [22/91] Step [200/214] Loss: 1.1645 Time: 1316.919
Epoch [22/91] Step [210/214] Loss: 1.1640 Time: 1319.724
Epoch [23/91] Step [10/214] Loss: 1.1844 Time: 1323.609
Epoch [23/91] Step [20/214] Loss: 1.1037 Time: 1326.409
Epoch [23/91] Step [30/214] Loss: 1.2664 Time: 1329.211
Epoch [23/91] Step [40/214] Loss: 1.1540 Time: 1332.013
Epoch [23/91] Step [50/214] Loss: 1.1801 Time: 1334.809
Epoch [23/91] Step [60/214] Loss: 1.2630 Time: 1337.608
Epoch [23/91] Step [70/214] Loss: 1.0975 Time: 1340.407
Epoch [23/91] Step [80/214] Loss: 1.1919 Time: 1343.206
Epoch [23/91] Step [90/214] Loss: 1.0993 Time: 1346.007
Epoch [23/91] Step [100/214] Loss: 1.1655 Time: 1348.808
Epoch [23/91] Step [110/214] Loss: 1.0774 Time: 1351.604
Epoch [23/91] Step [120/214] Loss: 1.2790 Time: 1354.408
Epoch [23/91] Step [130/214] Loss: 1.2304 Time: 1357.208
Epoch [23/91] Step [140/214] Loss: 1.2784 Time: 1360.005
Epoch [23/91] Step [150/214] Loss: 1.2529 Time: 1362.805
Epoch [23/91] Step [160/214] Loss: 1.1917 Time: 1365.595
Epoch [23/91] Step [170/214] Loss: 1.2376 Time: 1368.393
Epoch [23/91] Step [180/214] Loss: 1.2263 Time: 1371.186
Epoch [23/91] Step [190/214] Loss: 1.1269 Time: 1373.99
Epoch [23/91] Step [200/214] Loss: 1.2213 Time: 1376.791
Epoch [23/91] Step [210/214] Loss: 1.1337 Time: 1379.589
Epoch [24/91] Step [10/214] Loss: 1.0882 Time: 1383.476
Epoch [24/91] Step [20/214] Loss: 1.1915 Time: 1386.283
Epoch [24/91] Step [30/214] Loss: 1.1383 Time: 1389.09
Epoch [24/91] Step [40/214] Loss: 1.3937 Time: 1391.89
Epoch [24/91] Step [50/214] Loss: 1.2266 Time: 1394.687
Epoch [24/91] Step [60/214] Loss: 1.2184 Time: 1397.485
Epoch [24/91] Step [70/214] Loss: 1.2722 Time: 1400.282
Epoch [24/91] Step [80/214] Loss: 1.2217 Time: 1403.086
Epoch [24/91] Step [90/214] Loss: 1.2081 Time: 1405.891
Epoch [24/91] Step [100/214] Loss: 1.1738 Time: 1408.693
Epoch [24/91] Step [110/214] Loss: 1.1514 Time: 1411.49
Epoch [24/91] Step [120/214] Loss: 1.2384 Time: 1414.287
Epoch [24/91] Step [130/214] Loss: 1.1833 Time: 1417.093
Epoch [24/91] Step [140/214] Loss: 1.1677 Time: 1419.889
Epoch [24/91] Step [150/214] Loss: 1.1951 Time: 1422.689
Epoch [24/91] Step [160/214] Loss: 1.2117 Time: 1425.49
Epoch [24/91] Step [170/214] Loss: 1.1625 Time: 1428.297
Epoch [24/91] Step [180/214] Loss: 1.1763 Time: 1431.095
Epoch [24/91] Step [190/214] Loss: 1.2843 Time: 1433.907
Epoch [24/91] Step [200/214] Loss: 1.2021 Time: 1436.705
Epoch [24/91] Step [210/214] Loss: 1.1097 Time: 1439.508
Epoch [25/91] Step [10/214] Loss: 1.2689 Time: 1443.392
Epoch [25/91] Step [20/214] Loss: 1.2408 Time: 1446.195
Epoch [25/91] Step [30/214] Loss: 1.1341 Time: 1448.994
Epoch [25/91] Step [40/214] Loss: 1.0918 Time: 1451.796
Epoch [25/91] Step [50/214] Loss: 1.1051 Time: 1454.598
Epoch [25/91] Step [60/214] Loss: 1.1131 Time: 1457.396
Epoch [25/91] Step [70/214] Loss: 1.2077 Time: 1460.194
Epoch [25/91] Step [80/214] Loss: 1.1589 Time: 1462.999
Epoch [25/91] Step [90/214] Loss: 1.2210 Time: 1465.808
Epoch [25/91] Step [100/214] Loss: 1.2214 Time: 1468.61
Epoch [25/91] Step [110/214] Loss: 1.1804 Time: 1471.415
Epoch [25/91] Step [120/214] Loss: 1.2061 Time: 1474.219
Epoch [25/91] Step [130/214] Loss: 1.1779 Time: 1477.024
Epoch [25/91] Step [140/214] Loss: 1.1354 Time: 1479.828
Epoch [25/91] Step [150/214] Loss: 1.1755 Time: 1482.623
Epoch [25/91] Step [160/214] Loss: 1.3023 Time: 1485.424
Epoch [25/91] Step [170/214] Loss: 1.2484 Time: 1488.226
Epoch [25/91] Step [180/214] Loss: 1.1329 Time: 1491.029
Epoch [25/91] Step [190/214] Loss: 1.1530 Time: 1493.829
Epoch [25/91] Step [200/214] Loss: 1.1642 Time: 1496.631
Epoch [25/91] Step [210/214] Loss: 1.2316 Time: 1499.432
Epoch [26/91] Step [10/214] Loss: 1.2431 Time: 1503.316
Epoch [26/91] Step [20/214] Loss: 1.2258 Time: 1506.12
Epoch [26/91] Step [30/214] Loss: 1.0679 Time: 1508.928
Epoch [26/91] Step [40/214] Loss: 1.2076 Time: 1511.731
Epoch [26/91] Step [50/214] Loss: 1.1260 Time: 1514.53
Epoch [26/91] Step [60/214] Loss: 1.1603 Time: 1517.337
Epoch [26/91] Step [70/214] Loss: 1.1958 Time: 1520.142
Epoch [26/91] Step [80/214] Loss: 1.1062 Time: 1522.95
Epoch [26/91] Step [90/214] Loss: 1.2092 Time: 1525.758
Epoch [26/91] Step [100/214] Loss: 1.1480 Time: 1528.561
Epoch [26/91] Step [110/214] Loss: 1.0874 Time: 1531.362
Epoch [26/91] Step [120/214] Loss: 1.2220 Time: 1534.163
Epoch [26/91] Step [130/214] Loss: 1.2687 Time: 1536.974
Epoch [26/91] Step [140/214] Loss: 1.2068 Time: 1539.775
Epoch [26/91] Step [150/214] Loss: 1.1318 Time: 1542.572
Epoch [26/91] Step [160/214] Loss: 1.1829 Time: 1545.378
Epoch [26/91] Step [170/214] Loss: 1.2094 Time: 1548.18
Epoch [26/91] Step [180/214] Loss: 1.1127 Time: 1550.988
Epoch [26/91] Step [190/214] Loss: 1.1048 Time: 1553.786
Epoch [26/91] Step [200/214] Loss: 1.1621 Time: 1556.582
Epoch [26/91] Step [210/214] Loss: 1.2227 Time: 1559.38
Epoch [27/91] Step [10/214] Loss: 1.2282 Time: 1563.266
Epoch [27/91] Step [20/214] Loss: 1.2813 Time: 1566.064
Epoch [27/91] Step [30/214] Loss: 1.1689 Time: 1568.856
Epoch [27/91] Step [40/214] Loss: 1.2656 Time: 1571.656
Epoch [27/91] Step [50/214] Loss: 1.2594 Time: 1574.456
Epoch [27/91] Step [60/214] Loss: 1.2025 Time: 1577.252
Epoch [27/91] Step [70/214] Loss: 1.1626 Time: 1580.056
Epoch [27/91] Step [80/214] Loss: 1.1908 Time: 1582.863
Epoch [27/91] Step [90/214] Loss: 1.2380 Time: 1585.668
Epoch [27/91] Step [100/214] Loss: 1.2144 Time: 1588.471
Epoch [27/91] Step [110/214] Loss: 1.2535 Time: 1591.273
Epoch [27/91] Step [120/214] Loss: 1.3108 Time: 1594.069
Epoch [27/91] Step [130/214] Loss: 1.1545 Time: 1596.867
Epoch [27/91] Step [140/214] Loss: 1.1317 Time: 1599.666
Epoch [27/91] Step [150/214] Loss: 1.2178 Time: 1602.473
Epoch [27/91] Step [160/214] Loss: 1.2159 Time: 1605.275
Epoch [27/91] Step [170/214] Loss: 1.1744 Time: 1608.078
Epoch [27/91] Step [180/214] Loss: 1.2480 Time: 1610.879
Epoch [27/91] Step [190/214] Loss: 1.1813 Time: 1613.691
Epoch [27/91] Step [200/214] Loss: 1.2182 Time: 1616.489
Epoch [27/91] Step [210/214] Loss: 1.1778 Time: 1619.284
Epoch [28/91] Step [10/214] Loss: 1.1509 Time: 1623.175
Epoch [28/91] Step [20/214] Loss: 1.1075 Time: 1625.976
Epoch [28/91] Step [30/214] Loss: 1.1539 Time: 1628.78
Epoch [28/91] Step [40/214] Loss: 1.1714 Time: 1631.575
Epoch [28/91] Step [50/214] Loss: 1.1880 Time: 1634.378
Epoch [28/91] Step [60/214] Loss: 1.1396 Time: 1637.181
Epoch [28/91] Step [70/214] Loss: 1.0768 Time: 1639.976
Epoch [28/91] Step [80/214] Loss: 1.2079 Time: 1642.778
Epoch [28/91] Step [90/214] Loss: 1.1426 Time: 1645.586
Epoch [28/91] Step [100/214] Loss: 1.3761 Time: 1648.382
Epoch [28/91] Step [110/214] Loss: 1.1952 Time: 1651.183
Epoch [28/91] Step [120/214] Loss: 1.1701 Time: 1653.982
Epoch [28/91] Step [130/214] Loss: 1.2045 Time: 1656.785
Epoch [28/91] Step [140/214] Loss: 1.3450 Time: 1659.586
Epoch [28/91] Step [150/214] Loss: 1.2707 Time: 1662.386
Epoch [28/91] Step [160/214] Loss: 1.2087 Time: 1665.19
Epoch [28/91] Step [170/214] Loss: 1.1976 Time: 1667.989
Epoch [28/91] Step [180/214] Loss: 1.2253 Time: 1670.786
Epoch [28/91] Step [190/214] Loss: 1.1973 Time: 1673.596
Epoch [28/91] Step [200/214] Loss: 1.1762 Time: 1676.4
Epoch [28/91] Step [210/214] Loss: 1.1308 Time: 1679.195
Epoch [29/91] Step [10/214] Loss: 1.2523 Time: 1683.08
Epoch [29/91] Step [20/214] Loss: 1.1415 Time: 1685.887
Epoch [29/91] Step [30/214] Loss: 1.2458 Time: 1688.689
Epoch [29/91] Step [40/214] Loss: 1.1663 Time: 1691.491
Epoch [29/91] Step [50/214] Loss: 1.1920 Time: 1694.299
Epoch [29/91] Step [60/214] Loss: 1.2095 Time: 1697.104
Epoch [29/91] Step [70/214] Loss: 1.1096 Time: 1699.906
Epoch [29/91] Step [80/214] Loss: 1.1575 Time: 1702.706
Epoch [29/91] Step [90/214] Loss: 1.1607 Time: 1705.498
Epoch [29/91] Step [100/214] Loss: 1.3650 Time: 1708.303
Epoch [29/91] Step [110/214] Loss: 1.1881 Time: 1711.105
Epoch [29/91] Step [120/214] Loss: 1.2672 Time: 1713.905
Epoch [29/91] Step [130/214] Loss: 1.1444 Time: 1716.706
Epoch [29/91] Step [140/214] Loss: 1.1678 Time: 1719.505
Epoch [29/91] Step [150/214] Loss: 1.1843 Time: 1722.311
Epoch [29/91] Step [160/214] Loss: 1.1166 Time: 1725.113
Epoch [29/91] Step [170/214] Loss: 1.1248 Time: 1727.917
Epoch [29/91] Step [180/214] Loss: 1.2842 Time: 1730.72
Epoch [29/91] Step [190/214] Loss: 1.0573 Time: 1733.528
Epoch [29/91] Step [200/214] Loss: 1.2543 Time: 1736.324
Epoch [29/91] Step [210/214] Loss: 1.2708 Time: 1739.119
Epoch [30/91] Step [10/214] Loss: 1.1938 Time: 1743.0
Epoch [30/91] Step [20/214] Loss: 1.2291 Time: 1745.803
Epoch [30/91] Step [30/214] Loss: 1.0769 Time: 1748.602
Epoch [30/91] Step [40/214] Loss: 1.2851 Time: 1751.397
Epoch [30/91] Step [50/214] Loss: 1.1900 Time: 1754.193
Epoch [30/91] Step [60/214] Loss: 1.0621 Time: 1756.991
Epoch [30/91] Step [70/214] Loss: 1.2008 Time: 1759.787
Epoch [30/91] Step [80/214] Loss: 1.2021 Time: 1762.582
Epoch [30/91] Step [90/214] Loss: 1.2531 Time: 1765.391
Epoch [30/91] Step [100/214] Loss: 1.2539 Time: 1768.192
Epoch [30/91] Step [110/214] Loss: 1.2088 Time: 1770.995
Epoch [30/91] Step [120/214] Loss: 1.2576 Time: 1773.796
Epoch [30/91] Step [130/214] Loss: 1.2525 Time: 1776.6
Epoch [30/91] Step [140/214] Loss: 1.1590 Time: 1779.402
Epoch [30/91] Step [150/214] Loss: 1.2133 Time: 1782.209
Epoch [30/91] Step [160/214] Loss: 1.2162 Time: 1785.008
Epoch [30/91] Step [170/214] Loss: 1.2533 Time: 1787.805
Epoch [30/91] Step [180/214] Loss: 1.3598 Time: 1790.606
Epoch [30/91] Step [190/214] Loss: 1.1743 Time: 1793.405
Epoch [30/91] Step [200/214] Loss: 1.1788 Time: 1796.207
Epoch [30/91] Step [210/214] Loss: 1.1135 Time: 1799.008
Epoch [31/91] Step [10/214] Loss: 1.2302 Time: 1802.903
Epoch [31/91] Step [20/214] Loss: 1.1903 Time: 1805.705
Epoch [31/91] Step [30/214] Loss: 1.2225 Time: 1808.5
Epoch [31/91] Step [40/214] Loss: 1.2216 Time: 1811.3
Epoch [31/91] Step [50/214] Loss: 1.1079 Time: 1814.102
Epoch [31/91] Step [60/214] Loss: 1.2221 Time: 1816.899
Epoch [31/91] Step [70/214] Loss: 1.1250 Time: 1819.696
Epoch [31/91] Step [80/214] Loss: 1.1705 Time: 1822.499
Epoch [31/91] Step [90/214] Loss: 1.1348 Time: 1825.295
Epoch [31/91] Step [100/214] Loss: 1.2579 Time: 1828.095
Epoch [31/91] Step [110/214] Loss: 1.1982 Time: 1830.892
Epoch [31/91] Step [120/214] Loss: 1.2588 Time: 1833.694
Epoch [31/91] Step [130/214] Loss: 1.1664 Time: 1836.497
Epoch [31/91] Step [140/214] Loss: 1.2276 Time: 1839.291
Epoch [31/91] Step [150/214] Loss: 1.1585 Time: 1842.095
Epoch [31/91] Step [160/214] Loss: 1.1240 Time: 1844.894
Epoch [31/91] Step [170/214] Loss: 1.1990 Time: 1847.699
Epoch [31/91] Step [180/214] Loss: 1.1842 Time: 1850.497
Epoch [31/91] Step [190/214] Loss: 1.1488 Time: 1853.296
Epoch [31/91] Step [200/214] Loss: 1.3092 Time: 1856.101
Epoch [31/91] Step [210/214] Loss: 1.1445 Time: 1858.908
Epoch [32/91] Step [10/214] Loss: 1.1341 Time: 1862.793
Epoch [32/91] Step [20/214] Loss: 1.1780 Time: 1865.589
Epoch [32/91] Step [30/214] Loss: 1.1539 Time: 1868.395
Epoch [32/91] Step [40/214] Loss: 1.1330 Time: 1871.201
Epoch [32/91] Step [50/214] Loss: 1.2435 Time: 1873.999
Epoch [32/91] Step [60/214] Loss: 1.2526 Time: 1876.792
Epoch [32/91] Step [70/214] Loss: 1.1178 Time: 1879.587
Epoch [32/91] Step [80/214] Loss: 1.1477 Time: 1882.381
Epoch [32/91] Step [90/214] Loss: 1.1388 Time: 1885.186
Epoch [32/91] Step [100/214] Loss: 1.2185 Time: 1887.985
Epoch [32/91] Step [110/214] Loss: 1.2743 Time: 1890.785
Epoch [32/91] Step [120/214] Loss: 1.3480 Time: 1893.588
Epoch [32/91] Step [130/214] Loss: 1.2360 Time: 1896.395
Epoch [32/91] Step [140/214] Loss: 1.1996 Time: 1899.189
Epoch [32/91] Step [150/214] Loss: 1.2697 Time: 1901.989
Epoch [32/91] Step [160/214] Loss: 1.2664 Time: 1904.79
Epoch [32/91] Step [170/214] Loss: 1.1693 Time: 1907.593
Epoch [32/91] Step [180/214] Loss: 1.1658 Time: 1910.401
Epoch [32/91] Step [190/214] Loss: 1.2534 Time: 1913.199
Epoch [32/91] Step [200/214] Loss: 1.1934 Time: 1916.008
Epoch [32/91] Step [210/214] Loss: 1.0879 Time: 1918.81
Epoch [33/91] Step [10/214] Loss: 1.3563 Time: 1922.696
Epoch [33/91] Step [20/214] Loss: 1.1536 Time: 1925.499
Epoch [33/91] Step [30/214] Loss: 1.1363 Time: 1928.299
Epoch [33/91] Step [40/214] Loss: 1.2092 Time: 1931.099
Epoch [33/91] Step [50/214] Loss: 1.1454 Time: 1933.899
Epoch [33/91] Step [60/214] Loss: 1.1154 Time: 1936.704
Epoch [33/91] Step [70/214] Loss: 1.2347 Time: 1939.511
Epoch [33/91] Step [80/214] Loss: 1.1693 Time: 1942.309
Epoch [33/91] Step [90/214] Loss: 1.0595 Time: 1945.122
Epoch [33/91] Step [100/214] Loss: 1.3499 Time: 1947.922
Epoch [33/91] Step [110/214] Loss: 1.2344 Time: 1950.727
Epoch [33/91] Step [120/214] Loss: 1.1836 Time: 1953.532
Epoch [33/91] Step [130/214] Loss: 1.1130 Time: 1956.333
Epoch [33/91] Step [140/214] Loss: 1.1306 Time: 1959.141
Epoch [33/91] Step [150/214] Loss: 1.2318 Time: 1961.942
Epoch [33/91] Step [160/214] Loss: 1.1434 Time: 1964.743
Epoch [33/91] Step [170/214] Loss: 1.2670 Time: 1967.55
Epoch [33/91] Step [180/214] Loss: 1.1355 Time: 1970.355
Epoch [33/91] Step [190/214] Loss: 1.2387 Time: 1973.156
Epoch [33/91] Step [200/214] Loss: 1.3009 Time: 1975.975
Epoch [33/91] Step [210/214] Loss: 1.2686 Time: 1978.78
Epoch [34/91] Step [10/214] Loss: 1.1927 Time: 1982.667
Epoch [34/91] Step [20/214] Loss: 1.2758 Time: 1985.464
Epoch [34/91] Step [30/214] Loss: 1.2201 Time: 1988.266
Epoch [34/91] Step [40/214] Loss: 1.1394 Time: 1991.067
Epoch [34/91] Step [50/214] Loss: 1.0864 Time: 1993.868
Epoch [34/91] Step [60/214] Loss: 1.0889 Time: 1996.666
Epoch [34/91] Step [70/214] Loss: 1.0902 Time: 1999.466
Epoch [34/91] Step [80/214] Loss: 1.2309 Time: 2002.266
Epoch [34/91] Step [90/214] Loss: 1.1513 Time: 2005.075
Epoch [34/91] Step [100/214] Loss: 1.1772 Time: 2007.877
Epoch [34/91] Step [110/214] Loss: 1.3082 Time: 2010.676
Epoch [34/91] Step [120/214] Loss: 1.3358 Time: 2013.477
Epoch [34/91] Step [130/214] Loss: 1.2085 Time: 2016.277
Epoch [34/91] Step [140/214] Loss: 1.1309 Time: 2019.075
Epoch [34/91] Step [150/214] Loss: 1.1017 Time: 2021.874
Epoch [34/91] Step [160/214] Loss: 1.1834 Time: 2024.675
Epoch [34/91] Step [170/214] Loss: 1.1509 Time: 2027.473
Epoch [34/91] Step [180/214] Loss: 1.1750 Time: 2030.272
Epoch [34/91] Step [190/214] Loss: 1.1871 Time: 2033.069
Epoch [34/91] Step [200/214] Loss: 1.1574 Time: 2035.88
Epoch [34/91] Step [210/214] Loss: 1.1630 Time: 2038.682
Epoch [35/91] Step [10/214] Loss: 1.1575 Time: 2042.56
Epoch [35/91] Step [20/214] Loss: 1.0995 Time: 2045.361
Epoch [35/91] Step [30/214] Loss: 1.2330 Time: 2048.158
Epoch [35/91] Step [40/214] Loss: 1.2400 Time: 2050.959
Epoch [35/91] Step [50/214] Loss: 1.2889 Time: 2053.76
Epoch [35/91] Step [60/214] Loss: 1.1756 Time: 2056.559
Epoch [35/91] Step [70/214] Loss: 1.2850 Time: 2059.361
Epoch [35/91] Step [80/214] Loss: 1.2465 Time: 2062.169
Epoch [35/91] Step [90/214] Loss: 1.1825 Time: 2064.978
Epoch [35/91] Step [100/214] Loss: 1.3386 Time: 2067.785
Epoch [35/91] Step [110/214] Loss: 1.2558 Time: 2070.588
Epoch [35/91] Step [120/214] Loss: 1.2362 Time: 2073.388
Epoch [35/91] Step [130/214] Loss: 1.1773 Time: 2076.188
Epoch [35/91] Step [140/214] Loss: 1.1463 Time: 2078.994
Epoch [35/91] Step [150/214] Loss: 1.1814 Time: 2081.791
Epoch [35/91] Step [160/214] Loss: 1.1786 Time: 2084.601
Epoch [35/91] Step [170/214] Loss: 1.1305 Time: 2087.401
Epoch [35/91] Step [180/214] Loss: 1.2816 Time: 2090.196
Epoch [35/91] Step [190/214] Loss: 1.2300 Time: 2092.997
Epoch [35/91] Step [200/214] Loss: 1.1682 Time: 2095.799
Epoch [35/91] Step [210/214] Loss: 1.3677 Time: 2098.597
Epoch [36/91] Step [10/214] Loss: 1.1685 Time: 2102.481
Epoch [36/91] Step [20/214] Loss: 1.1743 Time: 2105.288
Epoch [36/91] Step [30/214] Loss: 1.1786 Time: 2108.089
Epoch [36/91] Step [40/214] Loss: 1.2067 Time: 2110.884
Epoch [36/91] Step [50/214] Loss: 1.1417 Time: 2113.682
Epoch [36/91] Step [60/214] Loss: 1.2183 Time: 2116.483
Epoch [36/91] Step [70/214] Loss: 1.2738 Time: 2119.29
Epoch [36/91] Step [80/214] Loss: 1.0994 Time: 2122.094
Epoch [36/91] Step [90/214] Loss: 1.1125 Time: 2124.906
Epoch [36/91] Step [100/214] Loss: 1.2305 Time: 2127.71
Epoch [36/91] Step [110/214] Loss: 1.2026 Time: 2130.506
Epoch [36/91] Step [120/214] Loss: 1.1933 Time: 2133.301
Epoch [36/91] Step [130/214] Loss: 1.1694 Time: 2136.102
Epoch [36/91] Step [140/214] Loss: 1.0743 Time: 2138.908
Epoch [36/91] Step [150/214] Loss: 1.1058 Time: 2141.719
Epoch [36/91] Step [160/214] Loss: 1.0729 Time: 2144.523
Epoch [36/91] Step [170/214] Loss: 1.2168 Time: 2147.326
Epoch [36/91] Step [180/214] Loss: 1.2385 Time: 2150.127
Epoch [36/91] Step [190/214] Loss: 1.1941 Time: 2152.923
Epoch [36/91] Step [200/214] Loss: 1.1924 Time: 2155.726
Epoch [36/91] Step [210/214] Loss: 1.2096 Time: 2158.534
Epoch [37/91] Step [10/214] Loss: 1.1824 Time: 2162.414
Epoch [37/91] Step [20/214] Loss: 1.2232 Time: 2165.214
Epoch [37/91] Step [30/214] Loss: 1.1912 Time: 2168.018
Epoch [37/91] Step [40/214] Loss: 1.1458 Time: 2170.825
Epoch [37/91] Step [50/214] Loss: 1.2526 Time: 2173.63
Epoch [37/91] Step [60/214] Loss: 1.3276 Time: 2176.432
Epoch [37/91] Step [70/214] Loss: 1.2804 Time: 2179.241
Epoch [37/91] Step [80/214] Loss: 1.1079 Time: 2182.043
Epoch [37/91] Step [90/214] Loss: 1.2628 Time: 2184.853
Epoch [37/91] Step [100/214] Loss: 1.1533 Time: 2187.655
Epoch [37/91] Step [110/214] Loss: 1.1627 Time: 2190.459
Epoch [37/91] Step [120/214] Loss: 1.2230 Time: 2193.266
Epoch [37/91] Step [130/214] Loss: 1.1451 Time: 2196.072
Epoch [37/91] Step [140/214] Loss: 1.2076 Time: 2198.877
Epoch [37/91] Step [150/214] Loss: 1.1559 Time: 2201.681
Epoch [37/91] Step [160/214] Loss: 1.2800 Time: 2204.481
Epoch [37/91] Step [170/214] Loss: 1.1538 Time: 2207.277
Epoch [37/91] Step [180/214] Loss: 1.2227 Time: 2210.074
Epoch [37/91] Step [190/214] Loss: 1.1809 Time: 2212.877
Epoch [37/91] Step [200/214] Loss: 1.0831 Time: 2215.687
Epoch [37/91] Step [210/214] Loss: 1.2896 Time: 2218.487
Epoch [38/91] Step [10/214] Loss: 1.1408 Time: 2222.37
Epoch [38/91] Step [20/214] Loss: 1.1735 Time: 2225.176
Epoch [38/91] Step [30/214] Loss: 1.1935 Time: 2227.978
Epoch [38/91] Step [40/214] Loss: 1.1750 Time: 2230.779
Epoch [38/91] Step [50/214] Loss: 1.1612 Time: 2233.58
Epoch [38/91] Step [60/214] Loss: 1.1283 Time: 2236.386
Epoch [38/91] Step [70/214] Loss: 1.2341 Time: 2239.189
Epoch [38/91] Step [80/214] Loss: 1.1160 Time: 2241.987
Epoch [38/91] Step [90/214] Loss: 1.2419 Time: 2244.799
Epoch [38/91] Step [100/214] Loss: 1.2437 Time: 2247.598
Epoch [38/91] Step [110/214] Loss: 1.1530 Time: 2250.4
Epoch [38/91] Step [120/214] Loss: 1.2575 Time: 2253.199
Epoch [38/91] Step [130/214] Loss: 1.2384 Time: 2256.001
Epoch [38/91] Step [140/214] Loss: 1.1588 Time: 2258.8
Epoch [38/91] Step [150/214] Loss: 1.1273 Time: 2261.602
Epoch [38/91] Step [160/214] Loss: 1.1536 Time: 2264.407
Epoch [38/91] Step [170/214] Loss: 1.2389 Time: 2267.207
Epoch [38/91] Step [180/214] Loss: 1.1609 Time: 2270.011
Epoch [38/91] Step [190/214] Loss: 1.1662 Time: 2272.814
Epoch [38/91] Step [200/214] Loss: 1.1233 Time: 2275.623
Epoch [38/91] Step [210/214] Loss: 1.0919 Time: 2278.426
Epoch [39/91] Step [10/214] Loss: 1.0697 Time: 2282.312
Epoch [39/91] Step [20/214] Loss: 1.2661 Time: 2285.115
Epoch [39/91] Step [30/214] Loss: 1.1758 Time: 2287.92
Epoch [39/91] Step [40/214] Loss: 1.0730 Time: 2290.72
Epoch [39/91] Step [50/214] Loss: 1.2427 Time: 2293.52
Epoch [39/91] Step [60/214] Loss: 1.2630 Time: 2296.321
Epoch [39/91] Step [70/214] Loss: 1.1450 Time: 2299.124
Epoch [39/91] Step [80/214] Loss: 1.1964 Time: 2301.931
Epoch [39/91] Step [90/214] Loss: 1.2314 Time: 2304.735
Epoch [39/91] Step [100/214] Loss: 1.2569 Time: 2307.542
Epoch [39/91] Step [110/214] Loss: 1.2368 Time: 2310.342
Epoch [39/91] Step [120/214] Loss: 1.2198 Time: 2313.138
Epoch [39/91] Step [130/214] Loss: 1.1716 Time: 2315.941
Epoch [39/91] Step [140/214] Loss: 1.1934 Time: 2318.751
Epoch [39/91] Step [150/214] Loss: 1.1118 Time: 2321.548
Epoch [39/91] Step [160/214] Loss: 1.0916 Time: 2324.35
Epoch [39/91] Step [170/214] Loss: 1.1830 Time: 2327.152
Epoch [39/91] Step [180/214] Loss: 1.1508 Time: 2329.948
Epoch [39/91] Step [190/214] Loss: 1.1478 Time: 2332.747
Epoch [39/91] Step [200/214] Loss: 1.1468 Time: 2335.56
Epoch [39/91] Step [210/214] Loss: 1.3495 Time: 2338.357
Epoch [40/91] Step [10/214] Loss: 1.1577 Time: 2342.242
Epoch [40/91] Step [20/214] Loss: 1.2396 Time: 2345.046
Epoch [40/91] Step [30/214] Loss: 1.1795 Time: 2347.85
Epoch [40/91] Step [40/214] Loss: 1.2559 Time: 2350.649
Epoch [40/91] Step [50/214] Loss: 1.1226 Time: 2353.449
Epoch [40/91] Step [60/214] Loss: 1.1327 Time: 2356.255
Epoch [40/91] Step [70/214] Loss: 1.2272 Time: 2359.058
Epoch [40/91] Step [80/214] Loss: 1.1564 Time: 2361.869
Epoch [40/91] Step [90/214] Loss: 1.2266 Time: 2364.67
Epoch [40/91] Step [100/214] Loss: 1.2395 Time: 2367.47
Epoch [40/91] Step [110/214] Loss: 1.2263 Time: 2370.272
Epoch [40/91] Step [120/214] Loss: 1.3266 Time: 2373.075
Epoch [40/91] Step [130/214] Loss: 1.3041 Time: 2375.877
Epoch [40/91] Step [140/214] Loss: 1.1481 Time: 2378.679
Epoch [40/91] Step [150/214] Loss: 1.2131 Time: 2381.483
Epoch [40/91] Step [160/214] Loss: 1.1482 Time: 2384.284
Epoch [40/91] Step [170/214] Loss: 1.2052 Time: 2387.091
Epoch [40/91] Step [180/214] Loss: 1.0770 Time: 2389.888
Epoch [40/91] Step [190/214] Loss: 1.1608 Time: 2392.688
Epoch [40/91] Step [200/214] Loss: 1.1761 Time: 2395.499
Epoch [40/91] Step [210/214] Loss: 1.1534 Time: 2398.296
Epoch [41/91] Step [10/214] Loss: 1.2258 Time: 2402.181
Epoch [41/91] Step [20/214] Loss: 1.2096 Time: 2404.984
Epoch [41/91] Step [30/214] Loss: 1.1627 Time: 2407.79
Epoch [41/91] Step [40/214] Loss: 1.1540 Time: 2410.6
Epoch [41/91] Step [50/214] Loss: 1.1946 Time: 2413.403
Epoch [41/91] Step [60/214] Loss: 1.1933 Time: 2416.207
Epoch [41/91] Step [70/214] Loss: 1.1490 Time: 2419.009
Epoch [41/91] Step [80/214] Loss: 1.1098 Time: 2421.809
Epoch [41/91] Step [90/214] Loss: 1.1787 Time: 2424.618
Epoch [41/91] Step [100/214] Loss: 1.1994 Time: 2427.429
Epoch [41/91] Step [110/214] Loss: 1.1117 Time: 2430.23
Epoch [41/91] Step [120/214] Loss: 1.2822 Time: 2433.026
Epoch [41/91] Step [130/214] Loss: 1.1322 Time: 2435.831
Epoch [41/91] Step [140/214] Loss: 1.2250 Time: 2438.628
Epoch [41/91] Step [150/214] Loss: 1.3207 Time: 2441.427
Epoch [41/91] Step [160/214] Loss: 1.1992 Time: 2444.228
Epoch [41/91] Step [170/214] Loss: 1.2254 Time: 2447.033
Epoch [41/91] Step [180/214] Loss: 1.1259 Time: 2449.834
Epoch [41/91] Step [190/214] Loss: 1.1422 Time: 2452.632
Epoch [41/91] Step [200/214] Loss: 1.1845 Time: 2455.44
Epoch [41/91] Step [210/214] Loss: 1.1682 Time: 2458.242
Epoch [42/91] Step [10/214] Loss: 1.1424 Time: 2462.127
Epoch [42/91] Step [20/214] Loss: 1.2327 Time: 2464.933
Epoch [42/91] Step [30/214] Loss: 1.1782 Time: 2467.73
Epoch [42/91] Step [40/214] Loss: 1.1287 Time: 2470.537
Epoch [42/91] Step [50/214] Loss: 1.1034 Time: 2473.341
Epoch [42/91] Step [60/214] Loss: 1.3257 Time: 2476.148
Epoch [42/91] Step [70/214] Loss: 1.1418 Time: 2478.952
Epoch [42/91] Step [80/214] Loss: 1.2377 Time: 2481.763
Epoch [42/91] Step [90/214] Loss: 1.1781 Time: 2484.573
Epoch [42/91] Step [100/214] Loss: 1.1720 Time: 2487.376
Epoch [42/91] Step [110/214] Loss: 1.1914 Time: 2490.18
Epoch [42/91] Step [120/214] Loss: 1.2079 Time: 2492.98
Epoch [42/91] Step [130/214] Loss: 1.2736 Time: 2495.781
Epoch [42/91] Step [140/214] Loss: 1.1294 Time: 2498.576
Epoch [42/91] Step [150/214] Loss: 1.1773 Time: 2501.371
Epoch [42/91] Step [160/214] Loss: 1.1045 Time: 2504.178
Epoch [42/91] Step [170/214] Loss: 1.1644 Time: 2506.978
Epoch [42/91] Step [180/214] Loss: 1.2764 Time: 2509.784
Epoch [42/91] Step [190/214] Loss: 1.2618 Time: 2512.586
Epoch [42/91] Step [200/214] Loss: 1.1735 Time: 2515.393
Epoch [42/91] Step [210/214] Loss: 1.1535 Time: 2518.192
Epoch [43/91] Step [10/214] Loss: 1.1783 Time: 2522.08
Epoch [43/91] Step [20/214] Loss: 1.1680 Time: 2524.878
Epoch [43/91] Step [30/214] Loss: 1.1351 Time: 2527.683
Epoch [43/91] Step [40/214] Loss: 1.2558 Time: 2530.488
Epoch [43/91] Step [50/214] Loss: 1.1829 Time: 2533.287
Epoch [43/91] Step [60/214] Loss: 1.1599 Time: 2536.091
Epoch [43/91] Step [70/214] Loss: 1.2598 Time: 2538.898
Epoch [43/91] Step [80/214] Loss: 1.1906 Time: 2541.7
Epoch [43/91] Step [90/214] Loss: 1.2280 Time: 2544.515
Epoch [43/91] Step [100/214] Loss: 1.1062 Time: 2547.317
Epoch [43/91] Step [110/214] Loss: 1.1643 Time: 2550.12
Epoch [43/91] Step [120/214] Loss: 1.2228 Time: 2552.927
Epoch [43/91] Step [130/214] Loss: 1.2232 Time: 2555.728
Epoch [43/91] Step [140/214] Loss: 1.1584 Time: 2558.534
Epoch [43/91] Step [150/214] Loss: 1.2096 Time: 2561.337
Epoch [43/91] Step [160/214] Loss: 1.3265 Time: 2564.138
Epoch [43/91] Step [170/214] Loss: 1.2269 Time: 2566.939
Epoch [43/91] Step [180/214] Loss: 1.1742 Time: 2569.738
Epoch [43/91] Step [190/214] Loss: 1.2260 Time: 2572.549
Epoch [43/91] Step [200/214] Loss: 1.2658 Time: 2575.363
Epoch [43/91] Step [210/214] Loss: 1.1863 Time: 2578.161
Epoch [44/91] Step [10/214] Loss: 1.1444 Time: 2582.051
Epoch [44/91] Step [20/214] Loss: 1.1278 Time: 2584.857
Epoch [44/91] Step [30/214] Loss: 1.2458 Time: 2587.652
Epoch [44/91] Step [40/214] Loss: 1.2979 Time: 2590.451
Epoch [44/91] Step [50/214] Loss: 1.1937 Time: 2593.261
Epoch [44/91] Step [60/214] Loss: 1.2588 Time: 2596.06
Epoch [44/91] Step [70/214] Loss: 1.1602 Time: 2598.862
Epoch [44/91] Step [80/214] Loss: 1.1428 Time: 2601.669
Epoch [44/91] Step [90/214] Loss: 1.1245 Time: 2604.48
Epoch [44/91] Step [100/214] Loss: 1.1873 Time: 2607.288
Epoch [44/91] Step [110/214] Loss: 1.2536 Time: 2610.088
Epoch [44/91] Step [120/214] Loss: 1.2155 Time: 2612.89
Epoch [44/91] Step [130/214] Loss: 1.2442 Time: 2615.694
Epoch [44/91] Step [140/214] Loss: 1.2160 Time: 2618.507
Epoch [44/91] Step [150/214] Loss: 1.2086 Time: 2621.308
Epoch [44/91] Step [160/214] Loss: 1.1518 Time: 2624.105
Epoch [44/91] Step [170/214] Loss: 1.1624 Time: 2626.917
Epoch [44/91] Step [180/214] Loss: 1.1976 Time: 2629.721
Epoch [44/91] Step [190/214] Loss: 1.2505 Time: 2632.526
Epoch [44/91] Step [200/214] Loss: 1.2105 Time: 2635.331
Epoch [44/91] Step [210/214] Loss: 1.1162 Time: 2638.138
Epoch [45/91] Step [10/214] Loss: 1.1193 Time: 2642.017
Epoch [45/91] Step [20/214] Loss: 1.2588 Time: 2644.821
Epoch [45/91] Step [30/214] Loss: 1.2308 Time: 2647.619
Epoch [45/91] Step [40/214] Loss: 1.2295 Time: 2650.419
Epoch [45/91] Step [50/214] Loss: 1.1294 Time: 2653.223
Epoch [45/91] Step [60/214] Loss: 1.1158 Time: 2656.026
Epoch [45/91] Step [70/214] Loss: 1.1963 Time: 2658.822
Epoch [45/91] Step [80/214] Loss: 1.2474 Time: 2661.629
Epoch [45/91] Step [90/214] Loss: 1.1810 Time: 2664.44
Epoch [45/91] Step [100/214] Loss: 1.1723 Time: 2667.238
Epoch [45/91] Step [110/214] Loss: 1.2195 Time: 2670.038
Epoch [45/91] Step [120/214] Loss: 1.1604 Time: 2672.838
Epoch [45/91] Step [130/214] Loss: 1.2018 Time: 2675.641
Epoch [45/91] Step [140/214] Loss: 1.1803 Time: 2678.442
Epoch [45/91] Step [150/214] Loss: 1.1913 Time: 2681.249
Epoch [45/91] Step [160/214] Loss: 1.2834 Time: 2684.045
Epoch [45/91] Step [170/214] Loss: 1.2514 Time: 2686.85
Epoch [45/91] Step [180/214] Loss: 1.1162 Time: 2689.66
Epoch [45/91] Step [190/214] Loss: 1.2142 Time: 2692.465
Epoch [45/91] Step [200/214] Loss: 1.1967 Time: 2695.277
Epoch [45/91] Step [210/214] Loss: 1.1817 Time: 2698.084
Epoch [46/91] Step [10/214] Loss: 1.2137 Time: 2701.972
Epoch [46/91] Step [20/214] Loss: 1.1731 Time: 2704.774
Epoch [46/91] Step [30/214] Loss: 1.1854 Time: 2707.578
Epoch [46/91] Step [40/214] Loss: 1.1422 Time: 2710.38
Epoch [46/91] Step [50/214] Loss: 1.2336 Time: 2713.185
Epoch [46/91] Step [60/214] Loss: 1.1845 Time: 2715.984
Epoch [46/91] Step [70/214] Loss: 1.1623 Time: 2718.787
Epoch [46/91] Step [80/214] Loss: 1.1816 Time: 2721.59
Epoch [46/91] Step [90/214] Loss: 1.1695 Time: 2724.393
Epoch [46/91] Step [100/214] Loss: 1.2048 Time: 2727.192
Epoch [46/91] Step [110/214] Loss: 1.2495 Time: 2729.994
Epoch [46/91] Step [120/214] Loss: 1.2022 Time: 2732.796
Epoch [46/91] Step [130/214] Loss: 1.1992 Time: 2735.599
Epoch [46/91] Step [140/214] Loss: 1.0985 Time: 2738.399
Epoch [46/91] Step [150/214] Loss: 1.1925 Time: 2741.207
Epoch [46/91] Step [160/214] Loss: 1.1512 Time: 2744.004
Epoch [46/91] Step [170/214] Loss: 1.1165 Time: 2746.811
Epoch [46/91] Step [180/214] Loss: 1.2197 Time: 2749.609
Epoch [46/91] Step [190/214] Loss: 1.1964 Time: 2752.412
Epoch [46/91] Step [200/214] Loss: 1.1395 Time: 2755.225
Epoch [46/91] Step [210/214] Loss: 1.1691 Time: 2758.031
Epoch [47/91] Step [10/214] Loss: 1.2878 Time: 2761.919
Epoch [47/91] Step [20/214] Loss: 1.2779 Time: 2764.717
Epoch [47/91] Step [30/214] Loss: 1.2846 Time: 2767.517
Epoch [47/91] Step [40/214] Loss: 1.0910 Time: 2770.327
Epoch [47/91] Step [50/214] Loss: 1.2066 Time: 2773.128
Epoch [47/91] Step [60/214] Loss: 1.2773 Time: 2775.934
Epoch [47/91] Step [70/214] Loss: 1.0921 Time: 2778.732
Epoch [47/91] Step [80/214] Loss: 1.1728 Time: 2781.537
Epoch [47/91] Step [90/214] Loss: 1.2579 Time: 2784.349
Epoch [47/91] Step [100/214] Loss: 1.1166 Time: 2787.158
Epoch [47/91] Step [110/214] Loss: 1.1629 Time: 2789.966
Epoch [47/91] Step [120/214] Loss: 1.1470 Time: 2792.769
Epoch [47/91] Step [130/214] Loss: 1.2349 Time: 2795.572
Epoch [47/91] Step [140/214] Loss: 1.2624 Time: 2798.37
Epoch [47/91] Step [150/214] Loss: 1.1983 Time: 2801.182
Epoch [47/91] Step [160/214] Loss: 1.1692 Time: 2803.983
Epoch [47/91] Step [170/214] Loss: 1.2171 Time: 2806.79
Epoch [47/91] Step [180/214] Loss: 1.2841 Time: 2809.591
Epoch [47/91] Step [190/214] Loss: 1.2093 Time: 2812.393
Epoch [47/91] Step [200/214] Loss: 1.2296 Time: 2815.199
Epoch [47/91] Step [210/214] Loss: 1.2244 Time: 2818.004
Epoch [48/91] Step [10/214] Loss: 1.2093 Time: 2821.886
Epoch [48/91] Step [20/214] Loss: 1.1325 Time: 2824.688
Epoch [48/91] Step [30/214] Loss: 1.3065 Time: 2827.497
Epoch [48/91] Step [40/214] Loss: 1.1185 Time: 2830.292
Epoch [48/91] Step [50/214] Loss: 1.0948 Time: 2833.097
Epoch [48/91] Step [60/214] Loss: 1.1621 Time: 2835.898
Epoch [48/91] Step [70/214] Loss: 1.1395 Time: 2838.702
Epoch [48/91] Step [80/214] Loss: 1.2310 Time: 2841.505
Epoch [48/91] Step [90/214] Loss: 1.2173 Time: 2844.314
Epoch [48/91] Step [100/214] Loss: 1.2204 Time: 2847.116
Epoch [48/91] Step [110/214] Loss: 1.2319 Time: 2849.918
Epoch [48/91] Step [120/214] Loss: 1.2381 Time: 2852.725
Epoch [48/91] Step [130/214] Loss: 1.1488 Time: 2855.526
Epoch [48/91] Step [140/214] Loss: 1.2744 Time: 2858.329
Epoch [48/91] Step [150/214] Loss: 1.1109 Time: 2861.126
Epoch [48/91] Step [160/214] Loss: 1.1971 Time: 2863.924
Epoch [48/91] Step [170/214] Loss: 1.1941 Time: 2866.73
Epoch [48/91] Step [180/214] Loss: 1.2504 Time: 2869.524
Epoch [48/91] Step [190/214] Loss: 1.2446 Time: 2872.32
Epoch [48/91] Step [200/214] Loss: 1.1150 Time: 2875.127
Epoch [48/91] Step [210/214] Loss: 1.2272 Time: 2877.93
Epoch [49/91] Step [10/214] Loss: 1.1493 Time: 2881.816
Epoch [49/91] Step [20/214] Loss: 1.1806 Time: 2884.622
Epoch [49/91] Step [30/214] Loss: 1.2105 Time: 2887.427
Epoch [49/91] Step [40/214] Loss: 1.1138 Time: 2890.228
Epoch [49/91] Step [50/214] Loss: 1.2103 Time: 2893.034
Epoch [49/91] Step [60/214] Loss: 1.1780 Time: 2895.843
Epoch [49/91] Step [70/214] Loss: 1.1715 Time: 2898.649
Epoch [49/91] Step [80/214] Loss: 1.2667 Time: 2901.458
Epoch [49/91] Step [90/214] Loss: 1.1673 Time: 2904.269
Epoch [49/91] Step [100/214] Loss: 1.2287 Time: 2907.075
Epoch [49/91] Step [110/214] Loss: 1.2155 Time: 2909.871
Epoch [49/91] Step [120/214] Loss: 1.2283 Time: 2912.684
Epoch [49/91] Step [130/214] Loss: 1.2392 Time: 2915.492
Epoch [49/91] Step [140/214] Loss: 1.1121 Time: 2918.299
Epoch [49/91] Step [150/214] Loss: 1.2025 Time: 2921.102
Epoch [49/91] Step [160/214] Loss: 1.1131 Time: 2923.906
Epoch [49/91] Step [170/214] Loss: 1.1813 Time: 2926.713
Epoch [49/91] Step [180/214] Loss: 1.2078 Time: 2929.513
Epoch [49/91] Step [190/214] Loss: 1.0944 Time: 2932.316
Epoch [49/91] Step [200/214] Loss: 1.2113 Time: 2935.12
Epoch [49/91] Step [210/214] Loss: 1.2412 Time: 2937.92
Epoch [50/91] Step [10/214] Loss: 1.2043 Time: 2941.808
Epoch [50/91] Step [20/214] Loss: 1.1264 Time: 2944.614
Epoch [50/91] Step [30/214] Loss: 1.1882 Time: 2947.416
Epoch [50/91] Step [40/214] Loss: 1.1168 Time: 2950.218
Epoch [50/91] Step [50/214] Loss: 1.2141 Time: 2953.021
Epoch [50/91] Step [60/214] Loss: 1.1660 Time: 2955.822
Epoch [50/91] Step [70/214] Loss: 1.3234 Time: 2958.628
Epoch [50/91] Step [80/214] Loss: 1.2644 Time: 2961.429
Epoch [50/91] Step [90/214] Loss: 1.1740 Time: 2964.243
Epoch [50/91] Step [100/214] Loss: 1.2369 Time: 2967.043
Epoch [50/91] Step [110/214] Loss: 1.1444 Time: 2969.841
Epoch [50/91] Step [120/214] Loss: 1.1390 Time: 2972.643
Epoch [50/91] Step [130/214] Loss: 1.2564 Time: 2975.444
Epoch [50/91] Step [140/214] Loss: 1.2515 Time: 2978.253
Epoch [50/91] Step [150/214] Loss: 1.2379 Time: 2981.061
Epoch [50/91] Step [160/214] Loss: 1.2165 Time: 2983.87
Epoch [50/91] Step [170/214] Loss: 1.1490 Time: 2986.68
Epoch [50/91] Step [180/214] Loss: 1.2376 Time: 2989.488
Epoch [50/91] Step [190/214] Loss: 1.2147 Time: 2992.294
Epoch [50/91] Step [200/214] Loss: 1.1368 Time: 2995.11
Epoch [50/91] Step [210/214] Loss: 1.1714 Time: 2997.915
Epoch [51/91] Step [10/214] Loss: 1.2172 Time: 3001.803
Epoch [51/91] Step [20/214] Loss: 1.1654 Time: 3004.604
Epoch [51/91] Step [30/214] Loss: 1.2510 Time: 3007.417
Epoch [51/91] Step [40/214] Loss: 1.4146 Time: 3010.22
Epoch [51/91] Step [50/214] Loss: 1.2331 Time: 3013.024
Epoch [51/91] Step [60/214] Loss: 1.1795 Time: 3015.83
Epoch [51/91] Step [70/214] Loss: 1.1451 Time: 3018.639
Epoch [51/91] Step [80/214] Loss: 1.1718 Time: 3021.438
Epoch [51/91] Step [90/214] Loss: 1.1880 Time: 3024.256
Epoch [51/91] Step [100/214] Loss: 1.1930 Time: 3027.058
Epoch [51/91] Step [110/214] Loss: 1.2653 Time: 3029.863
Epoch [51/91] Step [120/214] Loss: 1.1680 Time: 3032.662
Epoch [51/91] Step [130/214] Loss: 1.2511 Time: 3035.466
Epoch [51/91] Step [140/214] Loss: 1.1586 Time: 3038.273
Epoch [51/91] Step [150/214] Loss: 1.1647 Time: 3041.079
Epoch [51/91] Step [160/214] Loss: 1.1926 Time: 3043.888
Epoch [51/91] Step [170/214] Loss: 1.2219 Time: 3046.695
Epoch [51/91] Step [180/214] Loss: 1.1732 Time: 3049.498
Epoch [51/91] Step [190/214] Loss: 1.2798 Time: 3052.304
Epoch [51/91] Step [200/214] Loss: 1.1903 Time: 3055.116
Epoch [51/91] Step [210/214] Loss: 1.1993 Time: 3057.921
Epoch [52/91] Step [10/214] Loss: 1.1158 Time: 3061.806
Epoch [52/91] Step [20/214] Loss: 1.0910 Time: 3064.617
Epoch [52/91] Step [30/214] Loss: 1.1907 Time: 3067.423
Epoch [52/91] Step [40/214] Loss: 1.1741 Time: 3070.227
Epoch [52/91] Step [50/214] Loss: 1.2920 Time: 3073.03
Epoch [52/91] Step [60/214] Loss: 1.2132 Time: 3075.831
Epoch [52/91] Step [70/214] Loss: 1.2106 Time: 3078.637
Epoch [52/91] Step [80/214] Loss: 1.1075 Time: 3081.452
Epoch [52/91] Step [90/214] Loss: 1.2064 Time: 3084.265
Epoch [52/91] Step [100/214] Loss: 1.1132 Time: 3087.076
Epoch [52/91] Step [110/214] Loss: 1.2824 Time: 3089.885
Epoch [52/91] Step [120/214] Loss: 1.2158 Time: 3092.688
Epoch [52/91] Step [130/214] Loss: 1.1869 Time: 3095.5
Epoch [52/91] Step [140/214] Loss: 1.1892 Time: 3098.307
Epoch [52/91] Step [150/214] Loss: 1.1680 Time: 3101.117
Epoch [52/91] Step [160/214] Loss: 1.1695 Time: 3103.924
Epoch [52/91] Step [170/214] Loss: 1.1277 Time: 3106.726
Epoch [52/91] Step [180/214] Loss: 1.1709 Time: 3109.532
Epoch [52/91] Step [190/214] Loss: 1.1122 Time: 3112.337
Epoch [52/91] Step [200/214] Loss: 1.1331 Time: 3115.155
Epoch [52/91] Step [210/214] Loss: 1.0541 Time: 3117.965
Epoch [53/91] Step [10/214] Loss: 1.2319 Time: 3121.86
Epoch [53/91] Step [20/214] Loss: 1.1876 Time: 3124.665
Epoch [53/91] Step [30/214] Loss: 1.2928 Time: 3127.471
Epoch [53/91] Step [40/214] Loss: 1.2502 Time: 3130.287
Epoch [53/91] Step [50/214] Loss: 1.1594 Time: 3133.09
Epoch [53/91] Step [60/214] Loss: 1.0875 Time: 3135.901
Epoch [53/91] Step [70/214] Loss: 1.1428 Time: 3138.709
Epoch [53/91] Step [80/214] Loss: 1.1285 Time: 3141.522
Epoch [53/91] Step [90/214] Loss: 1.2481 Time: 3144.33
Epoch [53/91] Step [100/214] Loss: 1.1303 Time: 3147.133
Epoch [53/91] Step [110/214] Loss: 1.2079 Time: 3149.946
Epoch [53/91] Step [120/214] Loss: 1.1241 Time: 3152.753
Epoch [53/91] Step [130/214] Loss: 1.2351 Time: 3155.558
Epoch [53/91] Step [140/214] Loss: 1.1879 Time: 3158.367
Epoch [53/91] Step [150/214] Loss: 1.2142 Time: 3161.177
Epoch [53/91] Step [160/214] Loss: 1.1932 Time: 3163.983
Epoch [53/91] Step [170/214] Loss: 1.1913 Time: 3166.788
Epoch [53/91] Step [180/214] Loss: 1.1691 Time: 3169.594
Epoch [53/91] Step [190/214] Loss: 1.1820 Time: 3172.397
Epoch [53/91] Step [200/214] Loss: 1.1915 Time: 3175.207
Epoch [53/91] Step [210/214] Loss: 1.2262 Time: 3178.013
Epoch [54/91] Step [10/214] Loss: 1.1967 Time: 3181.914
Epoch [54/91] Step [20/214] Loss: 1.2332 Time: 3184.723
Epoch [54/91] Step [30/214] Loss: 1.1888 Time: 3187.535
Epoch [54/91] Step [40/214] Loss: 1.2383 Time: 3190.348
Epoch [54/91] Step [50/214] Loss: 1.1985 Time: 3193.145
Epoch [54/91] Step [60/214] Loss: 1.3073 Time: 3195.957
Epoch [54/91] Step [70/214] Loss: 1.2346 Time: 3198.766
Epoch [54/91] Step [80/214] Loss: 1.2158 Time: 3201.57
Epoch [54/91] Step [90/214] Loss: 1.2470 Time: 3204.377
Epoch [54/91] Step [100/214] Loss: 1.2181 Time: 3207.18
Epoch [54/91] Step [110/214] Loss: 1.2494 Time: 3209.982
Epoch [54/91] Step [120/214] Loss: 1.3953 Time: 3212.787
Epoch [54/91] Step [130/214] Loss: 1.2347 Time: 3215.593
Epoch [54/91] Step [140/214] Loss: 1.1465 Time: 3218.395
Epoch [54/91] Step [150/214] Loss: 1.2580 Time: 3221.212
Epoch [54/91] Step [160/214] Loss: 1.2433 Time: 3224.013
Epoch [54/91] Step [170/214] Loss: 1.2000 Time: 3226.819
Epoch [54/91] Step [180/214] Loss: 1.2604 Time: 3229.628
Epoch [54/91] Step [190/214] Loss: 1.1507 Time: 3232.439
Epoch [54/91] Step [200/214] Loss: 1.1175 Time: 3235.242
Epoch [54/91] Step [210/214] Loss: 1.1306 Time: 3238.045
Epoch [55/91] Step [10/214] Loss: 1.1946 Time: 3241.934
Epoch [55/91] Step [20/214] Loss: 1.1893 Time: 3244.738
Epoch [55/91] Step [30/214] Loss: 1.1668 Time: 3247.548
Epoch [55/91] Step [40/214] Loss: 1.2392 Time: 3250.352
Epoch [55/91] Step [50/214] Loss: 1.2333 Time: 3253.162
Epoch [55/91] Step [60/214] Loss: 1.1319 Time: 3255.963
Epoch [55/91] Step [70/214] Loss: 1.1094 Time: 3258.774
Epoch [55/91] Step [80/214] Loss: 1.1275 Time: 3261.579
Epoch [55/91] Step [90/214] Loss: 1.1194 Time: 3264.388
Epoch [55/91] Step [100/214] Loss: 1.1841 Time: 3267.195
Epoch [55/91] Step [110/214] Loss: 1.3110 Time: 3270.001
Epoch [55/91] Step [120/214] Loss: 1.1171 Time: 3272.799
Epoch [55/91] Step [130/214] Loss: 1.2367 Time: 3275.603
Epoch [55/91] Step [140/214] Loss: 1.3897 Time: 3278.411
Epoch [55/91] Step [150/214] Loss: 1.1948 Time: 3281.215
Epoch [55/91] Step [160/214] Loss: 1.1297 Time: 3284.013
Epoch [55/91] Step [170/214] Loss: 1.1486 Time: 3286.822
Epoch [55/91] Step [180/214] Loss: 1.1903 Time: 3289.629
Epoch [55/91] Step [190/214] Loss: 1.1064 Time: 3292.435
Epoch [55/91] Step [200/214] Loss: 1.1176 Time: 3295.247
Epoch [55/91] Step [210/214] Loss: 1.2391 Time: 3298.052
Epoch [56/91] Step [10/214] Loss: 1.1613 Time: 3301.946
Epoch [56/91] Step [20/214] Loss: 1.1493 Time: 3304.758
Epoch [56/91] Step [30/214] Loss: 1.2143 Time: 3307.566
Epoch [56/91] Step [40/214] Loss: 1.2415 Time: 3310.376
Epoch [56/91] Step [50/214] Loss: 1.1318 Time: 3313.184
Epoch [56/91] Step [60/214] Loss: 1.2291 Time: 3315.994
Epoch [56/91] Step [70/214] Loss: 1.2036 Time: 3318.798
Epoch [56/91] Step [80/214] Loss: 1.2008 Time: 3321.604
Epoch [56/91] Step [90/214] Loss: 1.2023 Time: 3324.415
Epoch [56/91] Step [100/214] Loss: 1.1610 Time: 3327.226
Epoch [56/91] Step [110/214] Loss: 1.1832 Time: 3330.033
Epoch [56/91] Step [120/214] Loss: 1.1209 Time: 3332.837
Epoch [56/91] Step [130/214] Loss: 1.1510 Time: 3335.644
Epoch [56/91] Step [140/214] Loss: 1.1857 Time: 3338.45
Epoch [56/91] Step [150/214] Loss: 1.2628 Time: 3341.254
Epoch [56/91] Step [160/214] Loss: 1.2478 Time: 3344.058
Epoch [56/91] Step [170/214] Loss: 1.0719 Time: 3346.864
Epoch [56/91] Step [180/214] Loss: 1.1640 Time: 3349.673
Epoch [56/91] Step [190/214] Loss: 1.2053 Time: 3352.476
Epoch [56/91] Step [200/214] Loss: 1.2135 Time: 3355.288
Epoch [56/91] Step [210/214] Loss: 1.1504 Time: 3358.097
Epoch [57/91] Step [10/214] Loss: 1.1151 Time: 3361.991
Epoch [57/91] Step [20/214] Loss: 1.1310 Time: 3364.799
Epoch [57/91] Step [30/214] Loss: 1.1507 Time: 3367.606
Epoch [57/91] Step [40/214] Loss: 1.2125 Time: 3370.412
Epoch [57/91] Step [50/214] Loss: 1.0811 Time: 3373.215
Epoch [57/91] Step [60/214] Loss: 1.1284 Time: 3376.017
Epoch [57/91] Step [70/214] Loss: 1.1711 Time: 3378.819
Epoch [57/91] Step [80/214] Loss: 1.1342 Time: 3381.625
Epoch [57/91] Step [90/214] Loss: 1.3049 Time: 3384.442
Epoch [57/91] Step [100/214] Loss: 1.2643 Time: 3387.252
Epoch [57/91] Step [110/214] Loss: 1.1673 Time: 3390.058
Epoch [57/91] Step [120/214] Loss: 1.3058 Time: 3392.869
Epoch [57/91] Step [130/214] Loss: 1.2434 Time: 3395.681
Epoch [57/91] Step [140/214] Loss: 1.1643 Time: 3398.485
Epoch [57/91] Step [150/214] Loss: 1.1754 Time: 3401.293
Epoch [57/91] Step [160/214] Loss: 1.2449 Time: 3404.104
Epoch [57/91] Step [170/214] Loss: 1.1753 Time: 3406.909
Epoch [57/91] Step [180/214] Loss: 1.1152 Time: 3409.71
Epoch [57/91] Step [190/214] Loss: 1.2094 Time: 3412.519
Epoch [57/91] Step [200/214] Loss: 1.1581 Time: 3415.33
Epoch [57/91] Step [210/214] Loss: 1.0646 Time: 3418.134
Epoch [58/91] Step [10/214] Loss: 1.1345 Time: 3422.022
Epoch [58/91] Step [20/214] Loss: 1.1025 Time: 3424.835
Epoch [58/91] Step [30/214] Loss: 1.1269 Time: 3427.644
Epoch [58/91] Step [40/214] Loss: 1.2076 Time: 3430.449
Epoch [58/91] Step [50/214] Loss: 1.2161 Time: 3433.262
Epoch [58/91] Step [60/214] Loss: 1.2620 Time: 3436.068
Epoch [58/91] Step [70/214] Loss: 1.1945 Time: 3438.874
Epoch [58/91] Step [80/214] Loss: 1.1267 Time: 3441.674
Epoch [58/91] Step [90/214] Loss: 1.2814 Time: 3444.489
Epoch [58/91] Step [100/214] Loss: 1.3557 Time: 3447.295
Epoch [58/91] Step [110/214] Loss: 1.0875 Time: 3450.107
Epoch [58/91] Step [120/214] Loss: 1.1625 Time: 3452.916
Epoch [58/91] Step [130/214] Loss: 1.1227 Time: 3455.729
Epoch [58/91] Step [140/214] Loss: 1.1799 Time: 3458.533
Epoch [58/91] Step [150/214] Loss: 1.2391 Time: 3461.341
Epoch [58/91] Step [160/214] Loss: 1.0475 Time: 3464.139
Epoch [58/91] Step [170/214] Loss: 1.1731 Time: 3466.941
Epoch [58/91] Step [180/214] Loss: 1.2682 Time: 3469.743
Epoch [58/91] Step [190/214] Loss: 1.1851 Time: 3472.556
Epoch [58/91] Step [200/214] Loss: 1.1925 Time: 3475.374
Epoch [58/91] Step [210/214] Loss: 1.1629 Time: 3478.179
Epoch [59/91] Step [10/214] Loss: 1.1232 Time: 3482.071
Epoch [59/91] Step [20/214] Loss: 1.2233 Time: 3484.875
Epoch [59/91] Step [30/214] Loss: 1.2897 Time: 3487.684
Epoch [59/91] Step [40/214] Loss: 1.1856 Time: 3490.497
Epoch [59/91] Step [50/214] Loss: 1.2700 Time: 3493.304
Epoch [59/91] Step [60/214] Loss: 1.2025 Time: 3496.105
Epoch [59/91] Step [70/214] Loss: 1.1915 Time: 3498.911
Epoch [59/91] Step [80/214] Loss: 1.1277 Time: 3501.722
Epoch [59/91] Step [90/214] Loss: 1.2677 Time: 3504.535
Epoch [59/91] Step [100/214] Loss: 1.2650 Time: 3507.34
Epoch [59/91] Step [110/214] Loss: 1.1507 Time: 3510.15
Epoch [59/91] Step [120/214] Loss: 1.1725 Time: 3512.957
Epoch [59/91] Step [130/214] Loss: 1.1771 Time: 3515.756
Epoch [59/91] Step [140/214] Loss: 1.1526 Time: 3518.564
Epoch [59/91] Step [150/214] Loss: 1.1608 Time: 3521.371
Epoch [59/91] Step [160/214] Loss: 1.1970 Time: 3524.179
Epoch [59/91] Step [170/214] Loss: 1.1305 Time: 3526.985
Epoch [59/91] Step [180/214] Loss: 1.2024 Time: 3529.791
Epoch [59/91] Step [190/214] Loss: 1.1824 Time: 3532.596
Epoch [59/91] Step [200/214] Loss: 1.2010 Time: 3535.401
Epoch [59/91] Step [210/214] Loss: 1.2141 Time: 3538.206
Epoch [60/91] Step [10/214] Loss: 1.3353 Time: 3542.099
Epoch [60/91] Step [20/214] Loss: 1.2227 Time: 3544.902
Epoch [60/91] Step [30/214] Loss: 1.1950 Time: 3547.705
Epoch [60/91] Step [40/214] Loss: 1.1040 Time: 3550.515
Epoch [60/91] Step [50/214] Loss: 1.1851 Time: 3553.319
Epoch [60/91] Step [60/214] Loss: 1.1467 Time: 3556.126
Epoch [60/91] Step [70/214] Loss: 1.1095 Time: 3558.934
Epoch [60/91] Step [80/214] Loss: 1.1357 Time: 3561.741
Epoch [60/91] Step [90/214] Loss: 1.1728 Time: 3564.554
Epoch [60/91] Step [100/214] Loss: 1.1410 Time: 3567.362
Epoch [60/91] Step [110/214] Loss: 1.1946 Time: 3570.165
Epoch [60/91] Step [120/214] Loss: 1.1886 Time: 3572.97
Epoch [60/91] Step [130/214] Loss: 1.1196 Time: 3575.779
Epoch [60/91] Step [140/214] Loss: 1.0945 Time: 3578.589
Epoch [60/91] Step [150/214] Loss: 1.3091 Time: 3581.396
Epoch [60/91] Step [160/214] Loss: 1.3057 Time: 3584.202
Epoch [60/91] Step [170/214] Loss: 1.1349 Time: 3587.004
Epoch [60/91] Step [180/214] Loss: 1.1540 Time: 3589.812
Epoch [60/91] Step [190/214] Loss: 1.2092 Time: 3592.612
Epoch [60/91] Step [200/214] Loss: 1.2767 Time: 3595.423
Epoch [60/91] Step [210/214] Loss: 1.2937 Time: 3598.236
Epoch [61/91] Step [10/214] Loss: 1.2643 Time: 3602.124
Epoch [61/91] Step [20/214] Loss: 1.2122 Time: 3604.936
Epoch [61/91] Step [30/214] Loss: 1.1953 Time: 3607.741
Epoch [61/91] Step [40/214] Loss: 1.1743 Time: 3610.548
Epoch [61/91] Step [50/214] Loss: 1.0676 Time: 3613.352
Epoch [61/91] Step [60/214] Loss: 1.2714 Time: 3616.158
Epoch [61/91] Step [70/214] Loss: 1.1724 Time: 3618.968
Epoch [61/91] Step [80/214] Loss: 1.1751 Time: 3621.771
Epoch [61/91] Step [90/214] Loss: 1.1675 Time: 3624.592
Epoch [61/91] Step [100/214] Loss: 1.2592 Time: 3627.399
Epoch [61/91] Step [110/214] Loss: 1.2968 Time: 3630.199
Epoch [61/91] Step [120/214] Loss: 1.2040 Time: 3633.01
Epoch [61/91] Step [130/214] Loss: 1.2854 Time: 3635.819
Epoch [61/91] Step [140/214] Loss: 1.2051 Time: 3638.621
Epoch [61/91] Step [150/214] Loss: 1.2002 Time: 3641.421
Epoch [61/91] Step [160/214] Loss: 1.2352 Time: 3644.227
Epoch [61/91] Step [170/214] Loss: 1.1473 Time: 3647.032
Epoch [61/91] Step [180/214] Loss: 1.1585 Time: 3649.836
Epoch [61/91] Step [190/214] Loss: 1.2059 Time: 3652.643
Epoch [61/91] Step [200/214] Loss: 1.2730 Time: 3655.449
Epoch [61/91] Step [210/214] Loss: 1.1622 Time: 3658.254
Epoch [62/91] Step [10/214] Loss: 1.1775 Time: 3662.146
Epoch [62/91] Step [20/214] Loss: 1.1281 Time: 3664.945
Epoch [62/91] Step [30/214] Loss: 1.1025 Time: 3667.755
Epoch [62/91] Step [40/214] Loss: 1.2027 Time: 3670.554
Epoch [62/91] Step [50/214] Loss: 1.2110 Time: 3673.352
Epoch [62/91] Step [60/214] Loss: 1.2518 Time: 3676.156
Epoch [62/91] Step [70/214] Loss: 1.1239 Time: 3678.96
Epoch [62/91] Step [80/214] Loss: 1.2533 Time: 3681.761
Epoch [62/91] Step [90/214] Loss: 1.1787 Time: 3684.565
Epoch [62/91] Step [100/214] Loss: 1.1393 Time: 3687.364
Epoch [62/91] Step [110/214] Loss: 1.2323 Time: 3690.166
Epoch [62/91] Step [120/214] Loss: 1.2371 Time: 3692.974
Epoch [62/91] Step [130/214] Loss: 1.2093 Time: 3695.773
Epoch [62/91] Step [140/214] Loss: 1.1995 Time: 3698.577
Epoch [62/91] Step [150/214] Loss: 1.2552 Time: 3701.386
Epoch [62/91] Step [160/214] Loss: 1.2994 Time: 3704.187
Epoch [62/91] Step [170/214] Loss: 1.1633 Time: 3706.991
Epoch [62/91] Step [180/214] Loss: 1.2094 Time: 3709.8
Epoch [62/91] Step [190/214] Loss: 1.2021 Time: 3712.596
Epoch [62/91] Step [200/214] Loss: 1.0902 Time: 3715.402
Epoch [62/91] Step [210/214] Loss: 1.1359 Time: 3718.202
Epoch [63/91] Step [10/214] Loss: 1.1261 Time: 3722.096
Epoch [63/91] Step [20/214] Loss: 1.3159 Time: 3724.899
Epoch [63/91] Step [30/214] Loss: 1.2129 Time: 3727.7
Epoch [63/91] Step [40/214] Loss: 1.1752 Time: 3730.508
Epoch [63/91] Step [50/214] Loss: 1.1367 Time: 3733.312
Epoch [63/91] Step [60/214] Loss: 1.2334 Time: 3736.118
Epoch [63/91] Step [70/214] Loss: 1.2265 Time: 3738.926
Epoch [63/91] Step [80/214] Loss: 1.2838 Time: 3741.735
Epoch [63/91] Step [90/214] Loss: 1.2082 Time: 3744.541
Epoch [63/91] Step [100/214] Loss: 1.1388 Time: 3747.347
Epoch [63/91] Step [110/214] Loss: 1.1871 Time: 3750.15
Epoch [63/91] Step [120/214] Loss: 1.2521 Time: 3752.96
Epoch [63/91] Step [130/214] Loss: 1.0743 Time: 3755.767
Epoch [63/91] Step [140/214] Loss: 1.2354 Time: 3758.57
Epoch [63/91] Step [150/214] Loss: 1.2160 Time: 3761.377
Epoch [63/91] Step [160/214] Loss: 1.2566 Time: 3764.182
Epoch [63/91] Step [170/214] Loss: 1.1812 Time: 3766.987
Epoch [63/91] Step [180/214] Loss: 1.2038 Time: 3769.797
Epoch [63/91] Step [190/214] Loss: 1.1322 Time: 3772.604
Epoch [63/91] Step [200/214] Loss: 1.2006 Time: 3775.418
Epoch [63/91] Step [210/214] Loss: 1.2085 Time: 3778.225
Epoch [64/91] Step [10/214] Loss: 1.1585 Time: 3782.12
Epoch [64/91] Step [20/214] Loss: 1.1068 Time: 3784.928
Epoch [64/91] Step [30/214] Loss: 1.1514 Time: 3787.738
Epoch [64/91] Step [40/214] Loss: 1.1871 Time: 3790.547
Epoch [64/91] Step [50/214] Loss: 1.2550 Time: 3793.36
Epoch [64/91] Step [60/214] Loss: 1.1188 Time: 3796.169
Epoch [64/91] Step [70/214] Loss: 1.1745 Time: 3798.974
Epoch [64/91] Step [80/214] Loss: 1.1015 Time: 3801.781
Epoch [64/91] Step [90/214] Loss: 1.2669 Time: 3804.591
Epoch [64/91] Step [100/214] Loss: 1.1621 Time: 3807.395
Epoch [64/91] Step [110/214] Loss: 1.1922 Time: 3810.21
Epoch [64/91] Step [120/214] Loss: 1.1183 Time: 3813.02
Epoch [64/91] Step [130/214] Loss: 1.1443 Time: 3815.826
Epoch [64/91] Step [140/214] Loss: 1.1879 Time: 3818.636
Epoch [64/91] Step [150/214] Loss: 1.1436 Time: 3821.438
Epoch [64/91] Step [160/214] Loss: 1.2143 Time: 3824.239
Epoch [64/91] Step [170/214] Loss: 1.0896 Time: 3827.046
Epoch [64/91] Step [180/214] Loss: 1.1094 Time: 3829.851
Epoch [64/91] Step [190/214] Loss: 1.1617 Time: 3832.656
Epoch [64/91] Step [200/214] Loss: 1.1256 Time: 3835.477
Epoch [64/91] Step [210/214] Loss: 1.1802 Time: 3838.281
Epoch [65/91] Step [10/214] Loss: 1.2088 Time: 3842.168
Epoch [65/91] Step [20/214] Loss: 1.1773 Time: 3844.975
Epoch [65/91] Step [30/214] Loss: 1.2136 Time: 3847.786
Epoch [65/91] Step [40/214] Loss: 1.2530 Time: 3850.595
Epoch [65/91] Step [50/214] Loss: 1.2222 Time: 3853.404
Epoch [65/91] Step [60/214] Loss: 1.1558 Time: 3856.21
Epoch [65/91] Step [70/214] Loss: 1.0445 Time: 3859.021
Epoch [65/91] Step [80/214] Loss: 1.0469 Time: 3861.831
Epoch [65/91] Step [90/214] Loss: 1.1445 Time: 3864.65
Epoch [65/91] Step [100/214] Loss: 1.1149 Time: 3867.458
Epoch [65/91] Step [110/214] Loss: 1.2226 Time: 3870.263
Epoch [65/91] Step [120/214] Loss: 1.1089 Time: 3873.071
Epoch [65/91] Step [130/214] Loss: 1.2290 Time: 3875.879
Epoch [65/91] Step [140/214] Loss: 1.1170 Time: 3878.683
Epoch [65/91] Step [150/214] Loss: 1.1971 Time: 3881.485
Epoch [65/91] Step [160/214] Loss: 1.1677 Time: 3884.293
Epoch [65/91] Step [170/214] Loss: 1.2545 Time: 3887.099
Epoch [65/91] Step [180/214] Loss: 1.1743 Time: 3889.907
Epoch [65/91] Step [190/214] Loss: 1.1077 Time: 3892.712
Epoch [65/91] Step [200/214] Loss: 1.2714 Time: 3895.527
Epoch [65/91] Step [210/214] Loss: 1.1508 Time: 3898.34
Epoch [66/91] Step [10/214] Loss: 1.0992 Time: 3902.232
Epoch [66/91] Step [20/214] Loss: 1.1919 Time: 3905.045
Epoch [66/91] Step [30/214] Loss: 1.1616 Time: 3907.848
Epoch [66/91] Step [40/214] Loss: 1.2430 Time: 3910.655
Epoch [66/91] Step [50/214] Loss: 1.1256 Time: 3913.462
Epoch [66/91] Step [60/214] Loss: 1.1819 Time: 3916.266
Epoch [66/91] Step [70/214] Loss: 1.2235 Time: 3919.073
Epoch [66/91] Step [80/214] Loss: 1.2420 Time: 3921.883
Epoch [66/91] Step [90/214] Loss: 1.3243 Time: 3924.693
Epoch [66/91] Step [100/214] Loss: 1.1760 Time: 3927.5
Epoch [66/91] Step [110/214] Loss: 1.1834 Time: 3930.311
Epoch [66/91] Step [120/214] Loss: 1.2279 Time: 3933.125
Epoch [66/91] Step [130/214] Loss: 1.2344 Time: 3935.935
Epoch [66/91] Step [140/214] Loss: 1.2429 Time: 3938.747
Epoch [66/91] Step [150/214] Loss: 1.1905 Time: 3941.553
Epoch [66/91] Step [160/214] Loss: 1.1223 Time: 3944.361
Epoch [66/91] Step [170/214] Loss: 1.1871 Time: 3947.166
Epoch [66/91] Step [180/214] Loss: 1.1006 Time: 3949.971
Epoch [66/91] Step [190/214] Loss: 1.2241 Time: 3952.78
Epoch [66/91] Step [200/214] Loss: 1.1836 Time: 3955.586
Epoch [66/91] Step [210/214] Loss: 1.1740 Time: 3958.39
Epoch [67/91] Step [10/214] Loss: 1.1516 Time: 3962.284
Epoch [67/91] Step [20/214] Loss: 1.1289 Time: 3965.097
Epoch [67/91] Step [30/214] Loss: 1.1952 Time: 3967.899
Epoch [67/91] Step [40/214] Loss: 1.2459 Time: 3970.703
Epoch [67/91] Step [50/214] Loss: 1.1367 Time: 3973.515
Epoch [67/91] Step [60/214] Loss: 1.1554 Time: 3976.319
Epoch [67/91] Step [70/214] Loss: 1.2064 Time: 3979.133
Epoch [67/91] Step [80/214] Loss: 1.2315 Time: 3981.939
Epoch [67/91] Step [90/214] Loss: 1.1717 Time: 3984.747
Epoch [67/91] Step [100/214] Loss: 1.2370 Time: 3987.556
Epoch [67/91] Step [110/214] Loss: 1.1261 Time: 3990.366
Epoch [67/91] Step [120/214] Loss: 1.1766 Time: 3993.169
Epoch [67/91] Step [130/214] Loss: 1.1324 Time: 3995.981
Epoch [67/91] Step [140/214] Loss: 1.2491 Time: 3998.787
Epoch [67/91] Step [150/214] Loss: 1.1962 Time: 4001.592
Epoch [67/91] Step [160/214] Loss: 1.2411 Time: 4004.4
Epoch [67/91] Step [170/214] Loss: 1.1280 Time: 4007.211
Epoch [67/91] Step [180/214] Loss: 1.2864 Time: 4010.028
Epoch [67/91] Step [190/214] Loss: 1.1396 Time: 4012.829
Epoch [67/91] Step [200/214] Loss: 1.1700 Time: 4015.644
Epoch [67/91] Step [210/214] Loss: 1.2425 Time: 4018.451
Epoch [68/91] Step [10/214] Loss: 1.3299 Time: 4022.331
Epoch [68/91] Step [20/214] Loss: 1.1265 Time: 4025.133
Epoch [68/91] Step [30/214] Loss: 1.0864 Time: 4027.934
Epoch [68/91] Step [40/214] Loss: 1.2053 Time: 4030.741
Epoch [68/91] Step [50/214] Loss: 1.1406 Time: 4033.549
Epoch [68/91] Step [60/214] Loss: 1.2530 Time: 4036.36
Epoch [68/91] Step [70/214] Loss: 1.2389 Time: 4039.172
Epoch [68/91] Step [80/214] Loss: 1.3299 Time: 4041.98
Epoch [68/91] Step [90/214] Loss: 1.1707 Time: 4044.794
Epoch [68/91] Step [100/214] Loss: 1.3269 Time: 4047.599
Epoch [68/91] Step [110/214] Loss: 1.2746 Time: 4050.399
Epoch [68/91] Step [120/214] Loss: 1.1362 Time: 4053.203
Epoch [68/91] Step [130/214] Loss: 1.2880 Time: 4056.006
Epoch [68/91] Step [140/214] Loss: 1.1447 Time: 4058.814
Epoch [68/91] Step [150/214] Loss: 1.3239 Time: 4061.62
Epoch [68/91] Step [160/214] Loss: 1.1727 Time: 4064.422
Epoch [68/91] Step [170/214] Loss: 1.2678 Time: 4067.232
Epoch [68/91] Step [180/214] Loss: 1.2168 Time: 4070.039
Epoch [68/91] Step [190/214] Loss: 1.2248 Time: 4072.841
Epoch [68/91] Step [200/214] Loss: 1.2380 Time: 4075.655
Epoch [68/91] Step [210/214] Loss: 1.2486 Time: 4078.462
Epoch [69/91] Step [10/214] Loss: 1.1377 Time: 4082.352
Epoch [69/91] Step [20/214] Loss: 1.2631 Time: 4085.162
Epoch [69/91] Step [30/214] Loss: 1.1705 Time: 4087.968
Epoch [69/91] Step [40/214] Loss: 1.1975 Time: 4090.773
Epoch [69/91] Step [50/214] Loss: 1.1315 Time: 4093.576
Epoch [69/91] Step [60/214] Loss: 1.2345 Time: 4096.385
Epoch [69/91] Step [70/214] Loss: 1.3018 Time: 4099.196
Epoch [69/91] Step [80/214] Loss: 1.1968 Time: 4102.004
Epoch [69/91] Step [90/214] Loss: 1.1806 Time: 4104.813
Epoch [69/91] Step [100/214] Loss: 1.0924 Time: 4107.617
Epoch [69/91] Step [110/214] Loss: 1.1874 Time: 4110.423
Epoch [69/91] Step [120/214] Loss: 1.0968 Time: 4113.225
Epoch [69/91] Step [130/214] Loss: 1.1385 Time: 4116.031
Epoch [69/91] Step [140/214] Loss: 1.1923 Time: 4118.835
Epoch [69/91] Step [150/214] Loss: 1.1722 Time: 4121.64
Epoch [69/91] Step [160/214] Loss: 1.2904 Time: 4124.447
Epoch [69/91] Step [170/214] Loss: 1.2078 Time: 4127.253
Epoch [69/91] Step [180/214] Loss: 1.1267 Time: 4130.059
Epoch [69/91] Step [190/214] Loss: 1.1785 Time: 4132.866
Epoch [69/91] Step [200/214] Loss: 1.0757 Time: 4135.678
Epoch [69/91] Step [210/214] Loss: 1.0812 Time: 4138.485
Epoch [70/91] Step [10/214] Loss: 1.2075 Time: 4142.371
Epoch [70/91] Step [20/214] Loss: 1.0744 Time: 4145.177
Epoch [70/91] Step [30/214] Loss: 1.1387 Time: 4147.986
Epoch [70/91] Step [40/214] Loss: 1.3050 Time: 4150.796
Epoch [70/91] Step [50/214] Loss: 1.0846 Time: 4153.603
Epoch [70/91] Step [60/214] Loss: 1.1744 Time: 4156.408
Epoch [70/91] Step [70/214] Loss: 1.1586 Time: 4159.213
Epoch [70/91] Step [80/214] Loss: 1.1175 Time: 4162.02
Epoch [70/91] Step [90/214] Loss: 1.2145 Time: 4164.837
Epoch [70/91] Step [100/214] Loss: 1.2091 Time: 4167.646
Epoch [70/91] Step [110/214] Loss: 1.1651 Time: 4170.444
Epoch [70/91] Step [120/214] Loss: 1.2822 Time: 4173.247
Epoch [70/91] Step [130/214] Loss: 1.1853 Time: 4176.051
Epoch [70/91] Step [140/214] Loss: 1.2541 Time: 4178.862
Epoch [70/91] Step [150/214] Loss: 1.0937 Time: 4181.668
Epoch [70/91] Step [160/214] Loss: 1.1953 Time: 4184.475
Epoch [70/91] Step [170/214] Loss: 1.1869 Time: 4187.28
Epoch [70/91] Step [180/214] Loss: 1.2084 Time: 4190.091
Epoch [70/91] Step [190/214] Loss: 1.1651 Time: 4192.896
Epoch [70/91] Step [200/214] Loss: 1.1968 Time: 4195.711
Epoch [70/91] Step [210/214] Loss: 1.1127 Time: 4198.519
Epoch [71/91] Step [10/214] Loss: 1.2306 Time: 4202.406
Epoch [71/91] Step [20/214] Loss: 1.1533 Time: 4205.213
Epoch [71/91] Step [30/214] Loss: 1.1899 Time: 4208.017
Epoch [71/91] Step [40/214] Loss: 1.2085 Time: 4210.817
Epoch [71/91] Step [50/214] Loss: 1.1557 Time: 4213.619
Epoch [71/91] Step [60/214] Loss: 1.1941 Time: 4216.428
Epoch [71/91] Step [70/214] Loss: 1.2120 Time: 4219.235
Epoch [71/91] Step [80/214] Loss: 1.1744 Time: 4222.048
Epoch [71/91] Step [90/214] Loss: 1.2767 Time: 4224.864
Epoch [71/91] Step [100/214] Loss: 1.1571 Time: 4227.677
Epoch [71/91] Step [110/214] Loss: 1.1650 Time: 4230.476
Epoch [71/91] Step [120/214] Loss: 1.2004 Time: 4233.284
Epoch [71/91] Step [130/214] Loss: 1.2333 Time: 4236.092
Epoch [71/91] Step [140/214] Loss: 1.1163 Time: 4238.898
Epoch [71/91] Step [150/214] Loss: 1.1270 Time: 4241.698
Epoch [71/91] Step [160/214] Loss: 1.2390 Time: 4244.505
Epoch [71/91] Step [170/214] Loss: 1.1748 Time: 4247.312
Epoch [71/91] Step [180/214] Loss: 1.1478 Time: 4250.121
Epoch [71/91] Step [190/214] Loss: 1.2092 Time: 4252.932
Epoch [71/91] Step [200/214] Loss: 1.2099 Time: 4255.74
Epoch [71/91] Step [210/214] Loss: 1.1413 Time: 4258.544
Epoch [72/91] Step [10/214] Loss: 1.1765 Time: 4262.432
Epoch [72/91] Step [20/214] Loss: 1.2117 Time: 4265.234
Epoch [72/91] Step [30/214] Loss: 1.2505 Time: 4268.04
Epoch [72/91] Step [40/214] Loss: 1.1561 Time: 4270.842
Epoch [72/91] Step [50/214] Loss: 1.2223 Time: 4273.646
Epoch [72/91] Step [60/214] Loss: 1.2192 Time: 4276.455
Epoch [72/91] Step [70/214] Loss: 1.1376 Time: 4279.26
Epoch [72/91] Step [80/214] Loss: 1.2659 Time: 4282.068
Epoch [72/91] Step [90/214] Loss: 1.2247 Time: 4284.875
Epoch [72/91] Step [100/214] Loss: 1.1256 Time: 4287.677
Epoch [72/91] Step [110/214] Loss: 1.0929 Time: 4290.482
Epoch [72/91] Step [120/214] Loss: 1.2572 Time: 4293.29
Epoch [72/91] Step [130/214] Loss: 1.2161 Time: 4296.098
Epoch [72/91] Step [140/214] Loss: 1.2681 Time: 4298.901
Epoch [72/91] Step [150/214] Loss: 1.2461 Time: 4301.707
Epoch [72/91] Step [160/214] Loss: 1.2478 Time: 4304.51
Epoch [72/91] Step [170/214] Loss: 1.2360 Time: 4307.314
Epoch [72/91] Step [180/214] Loss: 1.0742 Time: 4310.122
Epoch [72/91] Step [190/214] Loss: 1.1825 Time: 4312.926
Epoch [72/91] Step [200/214] Loss: 1.2200 Time: 4315.735
Epoch [72/91] Step [210/214] Loss: 1.2860 Time: 4318.536
Epoch [73/91] Step [10/214] Loss: 1.1256 Time: 4322.426
Epoch [73/91] Step [20/214] Loss: 1.1931 Time: 4325.232
Epoch [73/91] Step [30/214] Loss: 1.1628 Time: 4328.039
Epoch [73/91] Step [40/214] Loss: 1.1954 Time: 4330.846
Epoch [73/91] Step [50/214] Loss: 1.1646 Time: 4333.647
Epoch [73/91] Step [60/214] Loss: 1.1342 Time: 4336.455
Epoch [73/91] Step [70/214] Loss: 1.1985 Time: 4339.265
Epoch [73/91] Step [80/214] Loss: 1.1410 Time: 4342.074
Epoch [73/91] Step [90/214] Loss: 1.2440 Time: 4344.885
Epoch [73/91] Step [100/214] Loss: 1.1799 Time: 4347.7
Epoch [73/91] Step [110/214] Loss: 1.1908 Time: 4350.506
Epoch [73/91] Step [120/214] Loss: 1.2612 Time: 4353.312
Epoch [73/91] Step [130/214] Loss: 1.1979 Time: 4356.114
Epoch [73/91] Step [140/214] Loss: 1.2097 Time: 4358.923
Epoch [73/91] Step [150/214] Loss: 1.2014 Time: 4361.727
Epoch [73/91] Step [160/214] Loss: 1.1850 Time: 4364.536
Epoch [73/91] Step [170/214] Loss: 1.2200 Time: 4367.343
Epoch [73/91] Step [180/214] Loss: 1.2204 Time: 4370.15
Epoch [73/91] Step [190/214] Loss: 1.1642 Time: 4372.955
Epoch [73/91] Step [200/214] Loss: 1.1434 Time: 4375.767
Epoch [73/91] Step [210/214] Loss: 1.1495 Time: 4378.574
Epoch [74/91] Step [10/214] Loss: 1.1481 Time: 4382.466
Epoch [74/91] Step [20/214] Loss: 1.2996 Time: 4385.276
Epoch [74/91] Step [30/214] Loss: 1.0729 Time: 4388.081
Epoch [74/91] Step [40/214] Loss: 1.1616 Time: 4390.89
Epoch [74/91] Step [50/214] Loss: 1.3071 Time: 4393.697
Epoch [74/91] Step [60/214] Loss: 1.1536 Time: 4396.501
Epoch [74/91] Step [70/214] Loss: 1.2085 Time: 4399.306
Epoch [74/91] Step [80/214] Loss: 1.2010 Time: 4402.114
Epoch [74/91] Step [90/214] Loss: 1.1449 Time: 4404.923
Epoch [74/91] Step [100/214] Loss: 1.2146 Time: 4407.735
Epoch [74/91] Step [110/214] Loss: 1.0955 Time: 4410.543
Epoch [74/91] Step [120/214] Loss: 1.1843 Time: 4413.358
Epoch [74/91] Step [130/214] Loss: 1.2477 Time: 4416.163
Epoch [74/91] Step [140/214] Loss: 1.2768 Time: 4418.968
Epoch [74/91] Step [150/214] Loss: 1.2915 Time: 4421.772
Epoch [74/91] Step [160/214] Loss: 1.1513 Time: 4424.578
Epoch [74/91] Step [170/214] Loss: 1.2067 Time: 4427.381
Epoch [74/91] Step [180/214] Loss: 1.1707 Time: 4430.188
Epoch [74/91] Step [190/214] Loss: 1.1483 Time: 4432.989
Epoch [74/91] Step [200/214] Loss: 1.2298 Time: 4435.792
Epoch [74/91] Step [210/214] Loss: 1.1958 Time: 4438.596
Epoch [75/91] Step [10/214] Loss: 1.1508 Time: 4442.492
Epoch [75/91] Step [20/214] Loss: 1.1730 Time: 4445.297
Epoch [75/91] Step [30/214] Loss: 1.1713 Time: 4448.095
Epoch [75/91] Step [40/214] Loss: 1.1246 Time: 4450.892
Epoch [75/91] Step [50/214] Loss: 1.1538 Time: 4453.693
Epoch [75/91] Step [60/214] Loss: 1.2322 Time: 4456.497
Epoch [75/91] Step [70/214] Loss: 1.1649 Time: 4459.304
Epoch [75/91] Step [80/214] Loss: 1.1626 Time: 4462.112
Epoch [75/91] Step [90/214] Loss: 1.3653 Time: 4464.917
Epoch [75/91] Step [100/214] Loss: 1.2371 Time: 4467.723
Epoch [75/91] Step [110/214] Loss: 1.2217 Time: 4470.526
Epoch [75/91] Step [120/214] Loss: 1.1836 Time: 4473.333
Epoch [75/91] Step [130/214] Loss: 1.2004 Time: 4476.14
Epoch [75/91] Step [140/214] Loss: 1.2010 Time: 4478.945
Epoch [75/91] Step [150/214] Loss: 1.1963 Time: 4481.754
Epoch [75/91] Step [160/214] Loss: 1.2067 Time: 4484.561
Epoch [75/91] Step [170/214] Loss: 1.1818 Time: 4487.365
Epoch [75/91] Step [180/214] Loss: 1.1392 Time: 4490.17
Epoch [75/91] Step [190/214] Loss: 1.2590 Time: 4492.972
Epoch [75/91] Step [200/214] Loss: 1.1690 Time: 4495.783
Epoch [75/91] Step [210/214] Loss: 1.0628 Time: 4498.589
Epoch [76/91] Step [10/214] Loss: 1.1368 Time: 4502.479
Epoch [76/91] Step [20/214] Loss: 1.1738 Time: 4505.282
Epoch [76/91] Step [30/214] Loss: 1.2358 Time: 4508.091
Epoch [76/91] Step [40/214] Loss: 1.1536 Time: 4510.902
Epoch [76/91] Step [50/214] Loss: 1.1946 Time: 4513.713
Epoch [76/91] Step [60/214] Loss: 1.1585 Time: 4516.514
Epoch [76/91] Step [70/214] Loss: 1.1524 Time: 4519.316
Epoch [76/91] Step [80/214] Loss: 1.1324 Time: 4522.116
Epoch [76/91] Step [90/214] Loss: 1.0322 Time: 4524.923
Epoch [76/91] Step [100/214] Loss: 1.2005 Time: 4527.733
Epoch [76/91] Step [110/214] Loss: 1.2314 Time: 4530.537
Epoch [76/91] Step [120/214] Loss: 1.1579 Time: 4533.344
Epoch [76/91] Step [130/214] Loss: 1.1987 Time: 4536.14
Epoch [76/91] Step [140/214] Loss: 1.1439 Time: 4538.951
Epoch [76/91] Step [150/214] Loss: 1.1669 Time: 4541.765
Epoch [76/91] Step [160/214] Loss: 1.1572 Time: 4544.568
Epoch [76/91] Step [170/214] Loss: 1.4448 Time: 4547.376
Epoch [76/91] Step [180/214] Loss: 1.1453 Time: 4550.181
Epoch [76/91] Step [190/214] Loss: 1.1246 Time: 4552.988
Epoch [76/91] Step [200/214] Loss: 1.2313 Time: 4555.8
Epoch [76/91] Step [210/214] Loss: 1.2974 Time: 4558.607
Epoch [77/91] Step [10/214] Loss: 1.1505 Time: 4562.501
Epoch [77/91] Step [20/214] Loss: 1.1902 Time: 4565.308
Epoch [77/91] Step [30/214] Loss: 1.1939 Time: 4568.109
Epoch [77/91] Step [40/214] Loss: 1.1771 Time: 4570.919
Epoch [77/91] Step [50/214] Loss: 1.0935 Time: 4573.726
Epoch [77/91] Step [60/214] Loss: 1.1623 Time: 4576.538
Epoch [77/91] Step [70/214] Loss: 1.2231 Time: 4579.349
Epoch [77/91] Step [80/214] Loss: 1.2214 Time: 4582.15
Epoch [77/91] Step [90/214] Loss: 1.0939 Time: 4584.956
Epoch [77/91] Step [100/214] Loss: 1.1017 Time: 4587.768
Epoch [77/91] Step [110/214] Loss: 1.0680 Time: 4590.572
Epoch [77/91] Step [120/214] Loss: 1.1060 Time: 4593.376
Epoch [77/91] Step [130/214] Loss: 1.0784 Time: 4596.185
Epoch [77/91] Step [140/214] Loss: 1.3119 Time: 4598.987
Epoch [77/91] Step [150/214] Loss: 1.1827 Time: 4601.794
Epoch [77/91] Step [160/214] Loss: 1.2600 Time: 4604.599
Epoch [77/91] Step [170/214] Loss: 1.1937 Time: 4607.406
Epoch [77/91] Step [180/214] Loss: 1.1760 Time: 4610.215
Epoch [77/91] Step [190/214] Loss: 1.1828 Time: 4613.027
Epoch [77/91] Step [200/214] Loss: 1.3204 Time: 4615.825
Epoch [77/91] Step [210/214] Loss: 1.2205 Time: 4618.637
Epoch [78/91] Step [10/214] Loss: 1.2407 Time: 4622.518
Epoch [78/91] Step [20/214] Loss: 1.1723 Time: 4625.325
Epoch [78/91] Step [30/214] Loss: 1.1561 Time: 4628.13
Epoch [78/91] Step [40/214] Loss: 1.1413 Time: 4630.932
Epoch [78/91] Step [50/214] Loss: 1.2781 Time: 4633.74
Epoch [78/91] Step [60/214] Loss: 1.0875 Time: 4636.547
Epoch [78/91] Step [70/214] Loss: 1.2535 Time: 4639.353
Epoch [78/91] Step [80/214] Loss: 1.2261 Time: 4642.163
Epoch [78/91] Step [90/214] Loss: 1.2268 Time: 4644.975
Epoch [78/91] Step [100/214] Loss: 1.2282 Time: 4647.783
Epoch [78/91] Step [110/214] Loss: 1.1707 Time: 4650.585
Epoch [78/91] Step [120/214] Loss: 1.2023 Time: 4653.392
Epoch [78/91] Step [130/214] Loss: 1.2449 Time: 4656.199
Epoch [78/91] Step [140/214] Loss: 1.2026 Time: 4659.007
Epoch [78/91] Step [150/214] Loss: 1.3168 Time: 4661.815
Epoch [78/91] Step [160/214] Loss: 1.1290 Time: 4664.624
Epoch [78/91] Step [170/214] Loss: 1.1443 Time: 4667.429
Epoch [78/91] Step [180/214] Loss: 1.2401 Time: 4670.234
Epoch [78/91] Step [190/214] Loss: 1.2031 Time: 4673.044
Epoch [78/91] Step [200/214] Loss: 1.2063 Time: 4675.861
Epoch [78/91] Step [210/214] Loss: 1.1939 Time: 4678.669
Epoch [79/91] Step [10/214] Loss: 1.1952 Time: 4682.558
Epoch [79/91] Step [20/214] Loss: 1.1483 Time: 4685.368
Epoch [79/91] Step [30/214] Loss: 1.1572 Time: 4688.171
Epoch [79/91] Step [40/214] Loss: 1.2695 Time: 4690.973
Epoch [79/91] Step [50/214] Loss: 1.1928 Time: 4693.775
Epoch [79/91] Step [60/214] Loss: 1.1425 Time: 4696.58
Epoch [79/91] Step [70/214] Loss: 1.2050 Time: 4699.385
Epoch [79/91] Step [80/214] Loss: 1.1031 Time: 4702.19
Epoch [79/91] Step [90/214] Loss: 1.1402 Time: 4705.0
Epoch [79/91] Step [100/214] Loss: 1.2304 Time: 4707.813
Epoch [79/91] Step [110/214] Loss: 1.1632 Time: 4710.614
Epoch [79/91] Step [120/214] Loss: 1.2045 Time: 4713.424
Epoch [79/91] Step [130/214] Loss: 1.1904 Time: 4716.236
Epoch [79/91] Step [140/214] Loss: 1.2595 Time: 4719.04
Epoch [79/91] Step [150/214] Loss: 1.1916 Time: 4721.848
Epoch [79/91] Step [160/214] Loss: 1.1477 Time: 4724.648
Epoch [79/91] Step [170/214] Loss: 1.2308 Time: 4727.459
Epoch [79/91] Step [180/214] Loss: 1.2307 Time: 4730.264
Epoch [79/91] Step [190/214] Loss: 1.0544 Time: 4733.07
Epoch [79/91] Step [200/214] Loss: 1.1210 Time: 4735.886
Epoch [79/91] Step [210/214] Loss: 1.2711 Time: 4738.693
Epoch [80/91] Step [10/214] Loss: 1.1913 Time: 4742.589
Epoch [80/91] Step [20/214] Loss: 1.1303 Time: 4745.396
Epoch [80/91] Step [30/214] Loss: 1.2034 Time: 4748.199
Epoch [80/91] Step [40/214] Loss: 1.1172 Time: 4751.002
Epoch [80/91] Step [50/214] Loss: 1.0957 Time: 4753.808
Epoch [80/91] Step [60/214] Loss: 1.1224 Time: 4756.616
Epoch [80/91] Step [70/214] Loss: 1.2954 Time: 4759.426
Epoch [80/91] Step [80/214] Loss: 1.0886 Time: 4762.234
Epoch [80/91] Step [90/214] Loss: 1.1037 Time: 4765.043
Epoch [80/91] Step [100/214] Loss: 1.1159 Time: 4767.852
Epoch [80/91] Step [110/214] Loss: 1.2591 Time: 4770.667
Epoch [80/91] Step [120/214] Loss: 1.1913 Time: 4773.477
Epoch [80/91] Step [130/214] Loss: 1.1210 Time: 4776.282
Epoch [80/91] Step [140/214] Loss: 1.2472 Time: 4779.084
Epoch [80/91] Step [150/214] Loss: 1.1546 Time: 4781.893
Epoch [80/91] Step [160/214] Loss: 1.1555 Time: 4784.701
Epoch [80/91] Step [170/214] Loss: 1.1827 Time: 4787.506
Epoch [80/91] Step [180/214] Loss: 1.1275 Time: 4790.313
Epoch [80/91] Step [190/214] Loss: 1.1511 Time: 4793.114
Epoch [80/91] Step [200/214] Loss: 1.1503 Time: 4795.936
Epoch [80/91] Step [210/214] Loss: 1.0962 Time: 4798.751
Epoch [81/91] Step [10/214] Loss: 1.0706 Time: 4802.642
Epoch [81/91] Step [20/214] Loss: 1.1633 Time: 4805.443
Epoch [81/91] Step [30/214] Loss: 1.1538 Time: 4808.244
Epoch [81/91] Step [40/214] Loss: 1.1905 Time: 4811.049
Epoch [81/91] Step [50/214] Loss: 1.2395 Time: 4813.857
Epoch [81/91] Step [60/214] Loss: 1.1288 Time: 4816.662
Epoch [81/91] Step [70/214] Loss: 1.1495 Time: 4819.468
Epoch [81/91] Step [80/214] Loss: 1.2195 Time: 4822.273
Epoch [81/91] Step [90/214] Loss: 1.2749 Time: 4825.087
Epoch [81/91] Step [100/214] Loss: 1.0640 Time: 4827.898
Epoch [81/91] Step [110/214] Loss: 1.1630 Time: 4830.707
Epoch [81/91] Step [120/214] Loss: 1.1394 Time: 4833.514
Epoch [81/91] Step [130/214] Loss: 1.1910 Time: 4836.314
Epoch [81/91] Step [140/214] Loss: 1.1369 Time: 4839.116
Epoch [81/91] Step [150/214] Loss: 1.2490 Time: 4841.922
Epoch [81/91] Step [160/214] Loss: 1.2010 Time: 4844.734
Epoch [81/91] Step [170/214] Loss: 1.1416 Time: 4847.541
Epoch [81/91] Step [180/214] Loss: 1.2277 Time: 4850.342
Epoch [81/91] Step [190/214] Loss: 1.1802 Time: 4853.144
Epoch [81/91] Step [200/214] Loss: 1.1559 Time: 4855.957
Epoch [81/91] Step [210/214] Loss: 1.1775 Time: 4858.761
Epoch [82/91] Step [10/214] Loss: 1.2612 Time: 4862.648
Epoch [82/91] Step [20/214] Loss: 1.1534 Time: 4865.449
Epoch [82/91] Step [30/214] Loss: 1.0924 Time: 4868.255
Epoch [82/91] Step [40/214] Loss: 1.1878 Time: 4871.056
Epoch [82/91] Step [50/214] Loss: 1.1679 Time: 4873.864
Epoch [82/91] Step [60/214] Loss: 1.1070 Time: 4876.672
Epoch [82/91] Step [70/214] Loss: 1.1993 Time: 4879.477
Epoch [82/91] Step [80/214] Loss: 1.1829 Time: 4882.28
Epoch [82/91] Step [90/214] Loss: 1.1109 Time: 4885.097
Epoch [82/91] Step [100/214] Loss: 1.2790 Time: 4887.9
Epoch [82/91] Step [110/214] Loss: 1.2393 Time: 4890.707
Epoch [82/91] Step [120/214] Loss: 1.1566 Time: 4893.516
Epoch [82/91] Step [130/214] Loss: 1.2877 Time: 4896.321
Epoch [82/91] Step [140/214] Loss: 1.1459 Time: 4899.129
Epoch [82/91] Step [150/214] Loss: 1.2358 Time: 4901.929
Epoch [82/91] Step [160/214] Loss: 1.2158 Time: 4904.731
Epoch [82/91] Step [170/214] Loss: 1.1395 Time: 4907.538
Epoch [82/91] Step [180/214] Loss: 1.1621 Time: 4910.336
Epoch [82/91] Step [190/214] Loss: 1.2525 Time: 4913.143
Epoch [82/91] Step [200/214] Loss: 1.1968 Time: 4915.957
Epoch [82/91] Step [210/214] Loss: 1.2589 Time: 4918.762
Epoch [83/91] Step [10/214] Loss: 1.2812 Time: 4922.65
Epoch [83/91] Step [20/214] Loss: 1.2621 Time: 4925.459
Epoch [83/91] Step [30/214] Loss: 1.2034 Time: 4928.264
Epoch [83/91] Step [40/214] Loss: 1.1629 Time: 4931.062
Epoch [83/91] Step [50/214] Loss: 1.2246 Time: 4933.864
Epoch [83/91] Step [60/214] Loss: 1.1697 Time: 4936.667
Epoch [83/91] Step [70/214] Loss: 1.2576 Time: 4939.47
Epoch [83/91] Step [80/214] Loss: 1.3326 Time: 4942.272
Epoch [83/91] Step [90/214] Loss: 1.2039 Time: 4945.088
Epoch [83/91] Step [100/214] Loss: 1.1012 Time: 4947.891
Epoch [83/91] Step [110/214] Loss: 1.1366 Time: 4950.693
Epoch [83/91] Step [120/214] Loss: 1.1162 Time: 4953.494
Epoch [83/91] Step [130/214] Loss: 1.1298 Time: 4956.294
Epoch [83/91] Step [140/214] Loss: 1.3397 Time: 4959.099
Epoch [83/91] Step [150/214] Loss: 1.1754 Time: 4961.902
Epoch [83/91] Step [160/214] Loss: 1.2654 Time: 4964.704
Epoch [83/91] Step [170/214] Loss: 1.1746 Time: 4967.507
Epoch [83/91] Step [180/214] Loss: 1.2084 Time: 4970.311
Epoch [83/91] Step [190/214] Loss: 1.1636 Time: 4973.121
Epoch [83/91] Step [200/214] Loss: 1.1254 Time: 4975.938
Epoch [83/91] Step [210/214] Loss: 1.1430 Time: 4978.744
Epoch [84/91] Step [10/214] Loss: 1.3162 Time: 4982.633
Epoch [84/91] Step [20/214] Loss: 1.1444 Time: 4985.438
Epoch [84/91] Step [30/214] Loss: 1.2149 Time: 4988.244
Epoch [84/91] Step [40/214] Loss: 1.2154 Time: 4991.042
Epoch [84/91] Step [50/214] Loss: 1.1253 Time: 4993.855
Epoch [84/91] Step [60/214] Loss: 1.1351 Time: 4996.663
Epoch [84/91] Step [70/214] Loss: 1.0969 Time: 4999.468
Epoch [84/91] Step [80/214] Loss: 1.0898 Time: 5002.276
Epoch [84/91] Step [90/214] Loss: 1.1961 Time: 5005.091
Epoch [84/91] Step [100/214] Loss: 1.2274 Time: 5007.892
Epoch [84/91] Step [110/214] Loss: 1.1541 Time: 5010.702
Epoch [84/91] Step [120/214] Loss: 1.2729 Time: 5013.506
Epoch [84/91] Step [130/214] Loss: 1.2582 Time: 5016.306
Epoch [84/91] Step [140/214] Loss: 1.1586 Time: 5019.109
Epoch [84/91] Step [150/214] Loss: 1.1810 Time: 5021.905
Epoch [84/91] Step [160/214] Loss: 1.2076 Time: 5024.715
Epoch [84/91] Step [170/214] Loss: 1.1455 Time: 5027.515
Epoch [84/91] Step [180/214] Loss: 1.0965 Time: 5030.315
Epoch [84/91] Step [190/214] Loss: 1.0914 Time: 5033.122
Epoch [84/91] Step [200/214] Loss: 1.0996 Time: 5035.932
Epoch [84/91] Step [210/214] Loss: 1.1878 Time: 5038.731
Epoch [85/91] Step [10/214] Loss: 1.1365 Time: 5042.617
Epoch [85/91] Step [20/214] Loss: 1.1991 Time: 5045.427
Epoch [85/91] Step [30/214] Loss: 1.1672 Time: 5048.226
Epoch [85/91] Step [40/214] Loss: 1.2246 Time: 5051.03
Epoch [85/91] Step [50/214] Loss: 1.2326 Time: 5053.826
Epoch [85/91] Step [60/214] Loss: 1.0611 Time: 5056.628
Epoch [85/91] Step [70/214] Loss: 1.1861 Time: 5059.428
Epoch [85/91] Step [80/214] Loss: 1.1340 Time: 5062.23
Epoch [85/91] Step [90/214] Loss: 1.2776 Time: 5065.039
Epoch [85/91] Step [100/214] Loss: 1.2140 Time: 5067.845
Epoch [85/91] Step [110/214] Loss: 1.1469 Time: 5070.657
Epoch [85/91] Step [120/214] Loss: 1.1508 Time: 5073.465
Epoch [85/91] Step [130/214] Loss: 1.2054 Time: 5076.274
Epoch [85/91] Step [140/214] Loss: 1.2495 Time: 5079.085
Epoch [85/91] Step [150/214] Loss: 1.1784 Time: 5081.894
Epoch [85/91] Step [160/214] Loss: 1.1243 Time: 5084.701
Epoch [85/91] Step [170/214] Loss: 1.1401 Time: 5087.502
Epoch [85/91] Step [180/214] Loss: 1.2765 Time: 5090.305
Epoch [85/91] Step [190/214] Loss: 1.1440 Time: 5093.107
Epoch [85/91] Step [200/214] Loss: 1.1974 Time: 5095.922
Epoch [85/91] Step [210/214] Loss: 1.1235 Time: 5098.728
Epoch [86/91] Step [10/214] Loss: 1.1493 Time: 5102.623
Epoch [86/91] Step [20/214] Loss: 1.2213 Time: 5105.422
Epoch [86/91] Step [30/214] Loss: 1.1553 Time: 5108.225
Epoch [86/91] Step [40/214] Loss: 1.2375 Time: 5111.03
Epoch [86/91] Step [50/214] Loss: 1.1778 Time: 5113.833
Epoch [86/91] Step [60/214] Loss: 1.1995 Time: 5116.639
Epoch [86/91] Step [70/214] Loss: 1.2032 Time: 5119.444
Epoch [86/91] Step [80/214] Loss: 1.2734 Time: 5122.244
Epoch [86/91] Step [90/214] Loss: 1.2142 Time: 5125.048
Epoch [86/91] Step [100/214] Loss: 1.2304 Time: 5127.849
Epoch [86/91] Step [110/214] Loss: 1.1006 Time: 5130.651
Epoch [86/91] Step [120/214] Loss: 1.2229 Time: 5133.45
Epoch [86/91] Step [130/214] Loss: 1.2109 Time: 5136.249
Epoch [86/91] Step [140/214] Loss: 1.1252 Time: 5139.052
Epoch [86/91] Step [150/214] Loss: 1.1805 Time: 5141.857
Epoch [86/91] Step [160/214] Loss: 1.2339 Time: 5144.656
Epoch [86/91] Step [170/214] Loss: 1.3770 Time: 5147.464
Epoch [86/91] Step [180/214] Loss: 1.2170 Time: 5150.265
Epoch [86/91] Step [190/214] Loss: 1.2859 Time: 5153.073
Epoch [86/91] Step [200/214] Loss: 1.2293 Time: 5155.882
Epoch [86/91] Step [210/214] Loss: 1.2110 Time: 5158.682
Epoch [87/91] Step [10/214] Loss: 1.1946 Time: 5162.565
Epoch [87/91] Step [20/214] Loss: 1.1879 Time: 5165.369
Epoch [87/91] Step [30/214] Loss: 1.2016 Time: 5168.179
Epoch [87/91] Step [40/214] Loss: 1.2024 Time: 5170.981
Epoch [87/91] Step [50/214] Loss: 1.1528 Time: 5173.787
Epoch [87/91] Step [60/214] Loss: 1.2946 Time: 5176.59
Epoch [87/91] Step [70/214] Loss: 1.1073 Time: 5179.387
Epoch [87/91] Step [80/214] Loss: 1.1439 Time: 5182.192
Epoch [87/91] Step [90/214] Loss: 1.2204 Time: 5184.998
Epoch [87/91] Step [100/214] Loss: 1.0917 Time: 5187.807
Epoch [87/91] Step [110/214] Loss: 1.1351 Time: 5190.605
Epoch [87/91] Step [120/214] Loss: 1.2872 Time: 5193.409
Epoch [87/91] Step [130/214] Loss: 1.1427 Time: 5196.205
Epoch [87/91] Step [140/214] Loss: 1.1698 Time: 5199.014
Epoch [87/91] Step [150/214] Loss: 1.2806 Time: 5201.817
Epoch [87/91] Step [160/214] Loss: 1.1924 Time: 5204.623
Epoch [87/91] Step [170/214] Loss: 1.2011 Time: 5207.427
Epoch [87/91] Step [180/214] Loss: 1.2074 Time: 5210.232
Epoch [87/91] Step [190/214] Loss: 1.2742 Time: 5213.037
Epoch [87/91] Step [200/214] Loss: 1.1682 Time: 5215.854
Epoch [87/91] Step [210/214] Loss: 1.1576 Time: 5218.663
Epoch [88/91] Step [10/214] Loss: 1.1927 Time: 5222.557
Epoch [88/91] Step [20/214] Loss: 1.2178 Time: 5225.36
Epoch [88/91] Step [30/214] Loss: 1.1973 Time: 5228.166
Epoch [88/91] Step [40/214] Loss: 1.2117 Time: 5230.973
Epoch [88/91] Step [50/214] Loss: 1.1343 Time: 5233.78
Epoch [88/91] Step [60/214] Loss: 1.2100 Time: 5236.588
Epoch [88/91] Step [70/214] Loss: 1.2132 Time: 5239.392
Epoch [88/91] Step [80/214] Loss: 1.2659 Time: 5242.201
Epoch [88/91] Step [90/214] Loss: 1.2445 Time: 5245.01
Epoch [88/91] Step [100/214] Loss: 1.1910 Time: 5247.816
Epoch [88/91] Step [110/214] Loss: 1.2400 Time: 5250.622
Epoch [88/91] Step [120/214] Loss: 1.2855 Time: 5253.422
Epoch [88/91] Step [130/214] Loss: 1.1250 Time: 5256.228
Epoch [88/91] Step [140/214] Loss: 1.1580 Time: 5259.036
Epoch [88/91] Step [150/214] Loss: 1.1748 Time: 5261.842
Epoch [88/91] Step [160/214] Loss: 1.1380 Time: 5264.644
Epoch [88/91] Step [170/214] Loss: 1.1427 Time: 5267.445
Epoch [88/91] Step [180/214] Loss: 1.1245 Time: 5270.252
Epoch [88/91] Step [190/214] Loss: 1.2020 Time: 5273.053
Epoch [88/91] Step [200/214] Loss: 1.1641 Time: 5275.855
Epoch [88/91] Step [210/214] Loss: 1.2050 Time: 5278.663
Epoch [89/91] Step [10/214] Loss: 1.2388 Time: 5282.555
Epoch [89/91] Step [20/214] Loss: 1.1747 Time: 5285.353
Epoch [89/91] Step [30/214] Loss: 1.1520 Time: 5288.163
Epoch [89/91] Step [40/214] Loss: 1.1327 Time: 5290.962
Epoch [89/91] Step [50/214] Loss: 1.3075 Time: 5293.775
Epoch [89/91] Step [60/214] Loss: 1.1073 Time: 5296.58
Epoch [89/91] Step [70/214] Loss: 1.2307 Time: 5299.384
Epoch [89/91] Step [80/214] Loss: 1.1315 Time: 5302.183
Epoch [89/91] Step [90/214] Loss: 1.1089 Time: 5304.987
Epoch [89/91] Step [100/214] Loss: 1.2024 Time: 5307.788
Epoch [89/91] Step [110/214] Loss: 1.1836 Time: 5310.589
Epoch [89/91] Step [120/214] Loss: 1.1653 Time: 5313.394
Epoch [89/91] Step [130/214] Loss: 1.2798 Time: 5316.197
Epoch [89/91] Step [140/214] Loss: 1.1843 Time: 5318.993
Epoch [89/91] Step [150/214] Loss: 1.2272 Time: 5321.795
Epoch [89/91] Step [160/214] Loss: 1.2039 Time: 5324.595
Epoch [89/91] Step [170/214] Loss: 1.1714 Time: 5327.399
Epoch [89/91] Step [180/214] Loss: 1.2422 Time: 5330.205
Epoch [89/91] Step [190/214] Loss: 1.2528 Time: 5333.012
Epoch [89/91] Step [200/214] Loss: 1.0939 Time: 5335.821
Epoch [89/91] Step [210/214] Loss: 1.2778 Time: 5338.629
Epoch [90/91] Step [10/214] Loss: 1.2916 Time: 5342.522
Epoch [90/91] Step [20/214] Loss: 1.2355 Time: 5345.329
Epoch [90/91] Step [30/214] Loss: 1.2197 Time: 5348.134
Epoch [90/91] Step [40/214] Loss: 1.0764 Time: 5350.946
Epoch [90/91] Step [50/214] Loss: 1.2074 Time: 5353.754
Epoch [90/91] Step [60/214] Loss: 1.0719 Time: 5356.556
Epoch [90/91] Step [70/214] Loss: 1.1322 Time: 5359.356
Epoch [90/91] Step [80/214] Loss: 1.2384 Time: 5362.16
Epoch [90/91] Step [90/214] Loss: 1.1896 Time: 5364.968
Epoch [90/91] Step [100/214] Loss: 1.3014 Time: 5367.77
Epoch [90/91] Step [110/214] Loss: 1.2402 Time: 5370.578
Epoch [90/91] Step [120/214] Loss: 1.2483 Time: 5373.383
Epoch [90/91] Step [130/214] Loss: 1.2442 Time: 5376.186
Epoch [90/91] Step [140/214] Loss: 1.1770 Time: 5378.995
Epoch [90/91] Step [150/214] Loss: 1.2008 Time: 5381.798
Epoch [90/91] Step [160/214] Loss: 1.2298 Time: 5384.604
Epoch [90/91] Step [170/214] Loss: 1.1828 Time: 5387.405
Epoch [90/91] Step [180/214] Loss: 1.1275 Time: 5390.209
Epoch [90/91] Step [190/214] Loss: 1.2484 Time: 5393.017
Epoch [90/91] Step [200/214] Loss: 1.2049 Time: 5395.82
Epoch [90/91] Step [210/214] Loss: 1.2376 Time: 5398.624
Epoch [91/91] Step [10/214] Loss: 1.1755 Time: 5402.52
Epoch [91/91] Step [20/214] Loss: 1.1344 Time: 5405.328
Epoch [91/91] Step [30/214] Loss: 1.2992 Time: 5408.132
Epoch [91/91] Step [40/214] Loss: 1.1796 Time: 5410.936
Epoch [91/91] Step [50/214] Loss: 1.1852 Time: 5413.743
Epoch [91/91] Step [60/214] Loss: 1.2236 Time: 5416.554
Epoch [91/91] Step [70/214] Loss: 1.1715 Time: 5419.354
Epoch [91/91] Step [80/214] Loss: 1.2256 Time: 5422.161
Epoch [91/91] Step [90/214] Loss: 1.0846 Time: 5424.968
Epoch [91/91] Step [100/214] Loss: 1.2208 Time: 5427.785
Epoch [91/91] Step [110/214] Loss: 1.1811 Time: 5430.589
Epoch [91/91] Step [120/214] Loss: 1.2234 Time: 5433.392
Epoch [91/91] Step [130/214] Loss: 1.1697 Time: 5436.2
Epoch [91/91] Step [140/214] Loss: 1.1910 Time: 5439.003
Epoch [91/91] Step [150/214] Loss: 1.1752 Time: 5441.811
Epoch [91/91] Step [160/214] Loss: 1.1769 Time: 5444.614
Epoch [91/91] Step [170/214] Loss: 1.0889 Time: 5447.418
Epoch [91/91] Step [180/214] Loss: 1.2164 Time: 5450.224
Epoch [91/91] Step [190/214] Loss: 1.1193 Time: 5453.022
Epoch [91/91] Step [200/214] Loss: 1.1761 Time: 5455.826
Epoch [91/91] Step [210/214] Loss: 1.2433 Time: 5458.627
#### TRAINED MODEL CNN_LSTM training time: 5459.713 total time: 5459.943 ####
#### TRAINING TOTAL TIME: 5459.713 ####
Accuracy of the CNN_LSTM model on the test set: 40.03 %
#### TIME #### TERMINO #### 5935.318 ####
#### FINITO #### TERMINO #### NO-VA-MAS ####
#### #### NO DA MAS #### TERMINO #### FINITO #### ####
#### #### 
 TOTAL_TIME: 5465.261 
 TOTAL_JOBS: 1 
 JOB_ID: 194493 
 #### ####
#### SLEEPING TIME: 5465.261 seconds ####
All guert parcero, aller!
