MODEL;EPOCHS;FN;FP;TN;TP;Precision;Recall;F1;AC;INDICES;NUM_INDICES
Simple_CNN;11;2539;2539;176165;57029;95.738;95.738;95.738;95.738;[reg, sid, ban, sec, men, med, sum, max, bet, htp, aei];11
Simple_CNN;11;2665;2665;176039;56903;95.526;95.526;95.526;95.526;[reg, sid, ban, sec, men, med, sum, bet, mmm, htp, aei];11
Simple_CNN;11;2762;2762;175942;56806;95.363;95.363;95.363;95.363;[reg, sid, ban, sec, men, med, sum, max, bet, mmm, htp, hhh];12
Simple_CNN;11;2837;2837;175867;56731;95.237;95.237;95.237;95.237;[reg, sid, ban, sec, men, med, sum, mmm, hfq, htp, aei];11
Simple_CNN;11;2841;2841;175863;56727;95.231;95.231;95.231;95.231;[reg, sid, ban, sec, men, med, sum, bet, htp, aei];10
Simple_CNN;11;2898;2898;175806;56670;95.135;95.135;95.135;95.135;[reg, sid, ban, sec, men, med, sum, max, bet, htp, hhh];11
Simple_CNN;11;2908;2908;175796;56660;95.118;95.118;95.118;95.118;[reg, sid, ban, sec, men, med, sum, bet, mmm, hfq, htp];11
Simple_CNN;11;2963;2963;175741;56605;95.026;95.026;95.026;95.026;[reg, sid, ban, sec, men, med, sum, max, mmm, htp, aei];11
Simple_CNN;11;3021;3021;175683;56547;94.928;94.928;94.928;94.928;[reg, sid, ban, sec, men, med, sum, bet, hfq, htp, aei];11
Simple_CNN;11;3069;3069;175635;56499;94.848;94.848;94.848;94.848;[reg, sid, ban, sec, men, med, sum, max, bet, mmm, htp, aei];12
Simple_CNN;11;3208;3208;175496;56360;94.615;94.615;94.615;94.615;[reg, sid, ban, sec, men, med, sum, bet, hfq, htp, hhh];11
Simple_CNN;11;3285;3285;175419;56283;94.485;94.485;94.485;94.485;[reg, sid, ban, sec, men, med, sum, bet, mmm, htp];10
Simple_CNN;11;3308;3308;175396;56260;94.447;94.447;94.447;94.447;[reg, sid, ban, sec, men, med, sum, max, bet, npp, hfq, hhh];12
Simple_CNN;11;3338;3338;175366;56230;94.396;94.396;94.396;94.396;[reg, sid, ban, sec, men, med, sum, bet, npp, hfq, htp];11
Simple_CNN;11;3344;3344;175360;56224;94.386;94.386;94.386;94.386;[reg, sid, ban, sec, men, med, sum, max, bet, mmm, npp];11
Simple_CNN;11;3352;3352;175352;56216;94.373;94.373;94.373;94.373;[reg, sid, ban, sec, men, med, sum, bet, htp, hhh];10
Simple_CNN;11;3362;3362;175342;56206;94.356;94.356;94.356;94.356;[reg, sid, ban, sec, men, med, sum, max, bet, npp, htp];11
Simple_CNN;11;3363;3363;175341;56205;94.354;94.354;94.354;94.354;[reg, sid, ban, sec, men, med, sum, bet, npp, htp, hhh];11
Simple_CNN;11;3378;3378;175326;56190;94.329;94.329;94.329;94.329;[reg, sid, ban, sec, men, med, sum, max, bet, npp, htp, aei];12
Simple_CNN;11;3390;3390;175314;56178;94.309;94.309;94.309;94.309;[reg, sid, ban, sec, men, med, sum, bet, mmm, npp, htp];11
Simple_CNN;11;3399;3399;175305;56169;94.294;94.294;94.294;94.294;[reg, sid, ban, sec, men, med, sum, max, bet, mmm, npp, htp];12
Simple_LSTM;11;3403;3403;175301;56165;94.287;94.287;94.287;94.287;[reg, sid, ban, sec, men, med, sum, bet, mmm, npp, aei];11
Simple_CNN;11;3406;3406;175298;56162;94.282;94.282;94.282;94.282;[reg, sid, ban, sec, men, med, sum, bet, npp, htp];10
Simple_CNN;11;3416;3416;175288;56152;94.265;94.265;94.265;94.265;[reg, sid, ban, sec, men, med, sum, bet, mmm, npp, aei];11
Simple_CNN;11;3442;3442;175262;56126;94.222;94.222;94.222;94.222;[reg, sid, ban, sec, men, med, sum, max, bet, npp];10
Simple_CNN;11;3445;3445;175259;56123;94.217;94.217;94.217;94.217;[reg, sid, ban, sec, men, med, sum, bet, mmm, npp];10
Simple_CNN;11;3445;3445;175259;56123;94.217;94.217;94.217;94.217;[reg, sid, ban, sec, men, med, sum, max, bet, npp, htp, hhh];12
Simple_CNN;11;3457;3457;175247;56111;94.197;94.197;94.197;94.197;[reg, sid, ban, sec, men, med, sum, mmm, htp, aei];10
Simple_CNN;11;3465;3465;175239;56103;94.183;94.183;94.183;94.183;[reg, sid, ban, sec, men, med, sum, max, bet, mmm, npp, hhh];12
Simple_CNN;11;3475;3475;175229;56093;94.166;94.166;94.166;94.166;[reg, sid, ban, sec, men, med, sum, bet, npp, hhh];10
Simple_LSTM;11;3477;3477;175227;56091;94.163;94.163;94.163;94.163;[reg, sid, ban, sec, men, med, sum, bet, mmm, npp];10
Simple_LSTM;11;3493;3493;175211;56075;94.136;94.136;94.136;94.136;[reg, sid, ban, sec, men, med, sum, max, bet, npp, aei];11
Simple_CNN;11;3493;3493;175211;56075;94.136;94.136;94.136;94.136;[reg, sid, ban, sec, men, med, sum, bet, npp];9
Simple_CNN;11;3494;3494;175210;56074;94.134;94.134;94.134;94.134;[reg, sid, ban, sec, men, med, sum, bet, npp, htp, aei];11
Simple_CNN;11;3507;3507;175197;56061;94.113;94.113;94.113;94.113;[reg, sid, ban, sec, men, med, sum, bet, npp, hfq];10
Simple_CNN;11;3507;3507;175197;56061;94.113;94.113;94.113;94.113;[reg, sid, ban, sec, men, med, sum, max, bet, npp, hfq, htp];12
Simple_CNN;11;3521;3521;175183;56047;94.089;94.089;94.089;94.089;[reg, sid, ban, sec, men, med, sum, bet, npp, aei];10
Simple_CNN;11;3526;3526;175178;56042;94.081;94.081;94.081;94.081;[reg, sid, ban, sec, men, med, sum, max, bet, npp, aei];11
Simple_LSTM;11;3529;3529;175175;56039;94.076;94.076;94.076;94.076;[reg, sid, ban, sec, men, med, sum, bet, npp, aei];10
Simple_CNN;11;3530;3530;175174;56038;94.074;94.074;94.074;94.074;[reg, sid, ban, sec, men, med, sum, bet, npp, hhh, aei];11
Simple_CNN;11;3531;3531;175173;56037;94.072;94.072;94.072;94.072;[reg, sid, ban, sec, men, med, sum, max, bet, npp, hfq, aei];12
Simple_LSTM;11;3534;3534;175170;56034;94.067;94.067;94.067;94.067;[reg, sid, ban, sec, men, med, sum, bet, mmm, npp, hhh];11
Simple_CNN;11;3538;3538;175166;56030;94.061;94.061;94.061;94.061;[reg, sid, ban, sec, men, med, sum, max, bet, npp, hfq];11
Simple_CNN;11;3538;3538;175166;56030;94.061;94.061;94.061;94.061;[reg, sid, ban, sec, men, med, sum, max, bet, htp];10
Simple_LSTM;11;3540;3540;175164;56028;94.057;94.057;94.057;94.057;[reg, sid, ban, sec, men, med, sum, max, bet, npp, hfq];11
Simple_LSTM;11;3557;3557;175147;56011;94.029;94.029;94.029;94.029;[reg, sid, ban, sec, men, med, sum, max, bet, mmm, npp, htp];12
Simple_LSTM;11;3560;3560;175144;56008;94.024;94.024;94.024;94.024;[reg, sid, ban, sec, men, med, sum, max, bet, npp, htp];11
Simple_CNN;11;3561;3561;175143;56007;94.022;94.022;94.022;94.022;[reg, sid, ban, sec, men, med, sum, max, bet, mmm, npp, hfq];12
Simple_LSTM;11;3563;3563;175141;56005;94.019;94.019;94.019;94.019;[reg, sid, ban, sec, men, med, sum, max, bet, mmm, npp];11
Simple_CNN;11;3577;3577;175127;55991;93.995;93.995;93.995;93.995;[reg, sid, ban, sec, men, med, sum, htp, hhh, aei];10
Simple_LSTM;11;3590;3590;175114;55978;93.973;93.973;93.973;93.973;[reg, sid, ban, sec, men, med, sum, bet, npp, hfq, hhh];11
Simple_CNN;11;3598;3598;175106;55970;93.96;93.96;93.96;93.96;[reg, sid, ban, sec, men, med, sum, htp, aei];9
Simple_LSTM;11;3604;3604;175100;55964;93.95;93.95;93.95;93.95;[reg, sid, ban, sec, men, med, sum, max, bet, mmm, npp, aei];12
Simple_CNN;11;3606;3606;175098;55962;93.946;93.946;93.946;93.946;[reg, sid, ban, sec, men, med, sum, mmm, htp];9
Simple_LSTM;11;3610;3610;175094;55958;93.94;93.94;93.94;93.94;[reg, sid, ban, sec, men, med, sum, bet, npp, hhh, aei];11
Simple_LSTM;11;3612;3612;175092;55956;93.936;93.936;93.936;93.936;[reg, sid, ban, sec, men, med, sum, bet, mmm, npp, hfq];11
Simple_LSTM;11;3616;3616;175088;55952;93.93;93.93;93.93;93.93;[reg, sid, ban, sec, men, med, sum, max, bet, npp, hhh];11
Simple_LSTM;11;3620;3620;175084;55948;93.923;93.923;93.923;93.923;[reg, sid, ban, sec, men, med, sum, bet, npp, hfq, htp];11
Simple_LSTM;11;3622;3622;175082;55946;93.92;93.92;93.92;93.92;[reg, sid, ban, sec, men, med, sum, bet, npp];9
Simple_LSTM;11;3622;3622;175082;55946;93.92;93.92;93.92;93.92;[reg, sid, ban, sec, men, med, sum, bet, npp, hhh];10
Simple_CNN;11;3624;3624;175080;55944;93.916;93.916;93.916;93.916;[reg, sid, ban, sec, men, med, sum, bet, npp, hfq, hhh];11
Simple_LSTM;11;3634;3634;175070;55934;93.899;93.899;93.899;93.899;[reg, sid, ban, sec, men, med, sum, max, bet, npp, hfq, hhh];12
Simple_CNN;11;3649;3649;175055;55919;93.874;93.874;93.874;93.874;[reg, sid, ban, sec, men, med, sum, max, bet, mmm, npp, aei];12
Simple_LSTM;11;3657;3657;175047;55911;93.861;93.861;93.861;93.861;[reg, sid, ban, sec, men, med, sum, bet, mmm, npp, htp];11
Simple_CNN;11;3658;3658;175046;55910;93.859;93.859;93.859;93.859;[reg, sid, ban, sec, men, med, sum, bet, npp, hfq, aei];11
Simple_CNN;11;3667;3667;175037;55901;93.844;93.844;93.844;93.844;[reg, sid, ban, sec, men, med, sum, bet, mmm, npp, hhh];11
Simple_LSTM;11;3672;3672;175032;55896;93.836;93.836;93.836;93.836;[reg, sid, ban, sec, men, med, sum, bet, npp, htp];10
Simple_LSTM;11;3679;3679;175025;55889;93.824;93.824;93.824;93.824;[reg, sid, ban, sec, men, med, sum, bet, npp, htp, aei];11
Simple_CNN;11;3681;3681;175023;55887;93.821;93.821;93.821;93.821;[reg, sid, ban, sec, men, med, sum, bet, mmm, npp, hfq];11
Simple_CNN;11;3696;3696;175008;55872;93.795;93.795;93.795;93.795;[reg, sid, ban, sec, men, med, sum, max, hfq, htp, aei];11
Simple_LSTM;11;3713;3713;174991;55855;93.767;93.767;93.767;93.767;[reg, sid, ban, sec, men, med, sum, max, bet, mmm, npp, hfq];12
Simple_LSTM;11;3738;3738;174966;55830;93.725;93.725;93.725;93.725;[reg, sid, ban, sec, men, med, sum, bet, npp, hfq];10
Simple_CNN;11;3749;3749;174955;55819;93.706;93.706;93.706;93.706;[reg, sid, ban, sec, men, med, sum, hfq, htp, aei];10
Simple_LSTM;11;3758;3758;174946;55810;93.691;93.691;93.691;93.691;[reg, sid, ban, sec, men, med, sum, max, bet, npp, hfq, aei];12
Simple_LSTM;11;3785;3785;174919;55783;93.646;93.646;93.646;93.646;[reg, sid, ban, sec, men, med, sum, max, bet, npp, htp, aei];12
Simple_CNN;11;3800;3800;174904;55768;93.621;93.621;93.621;93.621;[reg, sid, ban, sec, men, med, sum, bet, htp, hhh, aei];11
Simple_LSTM;11;3819;3819;174885;55749;93.589;93.589;93.589;93.589;[reg, sid, ban, sec, men, med, sum, bet, npp, hfq, aei];11
Simple_CNN;11;3845;3845;174859;55723;93.545;93.545;93.545;93.545;[reg, sid, ban, sec, men, med, sum, mmm, htp, hhh, aei];11
Simple_CNN;11;3872;3872;174832;55696;93.5;93.5;93.5;93.5;[reg, sid, ban, sec, men, med, sum, bet, mmm, htp, hhh];11
Simple_LSTM;11;3889;3889;174815;55679;93.471;93.471;93.471;93.471;[reg, sid, ban, sec, men, med, sum, max, bet, npp];10
Simple_CNN;11;3949;3949;174755;55619;93.371;93.371;93.371;93.371;[reg, sid, ban, sec, men, med, sum, max, bet, hfq, htp];11
Simple_LSTM;11;4006;4006;174698;55562;93.275;93.275;93.275;93.275;[reg, sid, ban, sec, men, med, sum, max, bet, npp, htp, hhh];12
Simple_CNN;11;4017;4017;174687;55551;93.256;93.256;93.256;93.256;[reg, sid, ban, sec, men, med, sum, max, bet, mmm, hfq, htp];12
Simple_LSTM;11;4019;4019;174685;55549;93.253;93.253;93.253;93.253;[reg, sid, ban, sec, men, med, sum, bet, npp, htp, hhh];11
Simple_CNN;11;4023;4023;174681;55545;93.246;93.246;93.246;93.246;[reg, sid, ban, sec, men, med, sum, htp, hhh];9
Simple_CNN;11;4100;4100;174604;55468;93.117;93.117;93.117;93.117;[reg, sid, ban, sec, men, med, sum, max, htp, hhh];10
Simple_CNN;11;4113;4113;174591;55455;93.095;93.095;93.095;93.095;[reg, sid, ban, sec, men, med, sum, hfq, htp, hhh, aei];11
Simple_CNN;11;4115;4115;174589;55453;93.092;93.092;93.092;93.092;[reg, sid, ban, sec, men, med, sum, max, hfq, htp, hhh];11
Simple_LSTM;11;4231;4231;174473;55337;92.897;92.897;92.897;92.897;[reg, sid, ban, sec, men, med, sum, max, bet, mmm, npp, hhh];12
Simple_CNN;11;4248;4248;174456;55320;92.869;92.869;92.869;92.869;[reg, sid, ban, sec, men, med, sum, bet, hfq, htp];10
Simple_CNN;11;4286;4286;174418;55282;92.805;92.805;92.805;92.805;[reg, sid, ban, sec, men, med, sum, max, mmm, hfq, htp];11
Simple_CNN;11;4336;4336;174368;55232;92.721;92.721;92.721;92.721;[reg, sid, ban, sec, men, med, sum, bet, mmm, hhh, aei];11
Simple_LSTM;11;4379;4379;174325;55189;92.649;92.649;92.649;92.649;[reg, sid, ban, sec, men, med, sum, max, bet, npp, hfq, htp];12
Simple_CNN;11;4469;4469;174235;55099;92.498;92.498;92.498;92.498;[reg, sid, ban, sec, men, med, sum, aci, bet, npp, aei];11
Simple_CNN;11;4487;4487;174217;55081;92.467;92.467;92.467;92.467;[reg, sid, ban, sec, men, med, sum, max, aci, bet, mmm, npp];12
Simple_CNN;11;4662;4662;174042;54906;92.174;92.174;92.174;92.174;[reg, sid, ban, sec, men, med, sum, npp, hfq, htp, hhh];11
Simple_CNN;11;4667;4667;174037;54901;92.165;92.165;92.165;92.165;[reg, sid, ban, sec, men, med, sum, max, mmm, htp, hhh];11
Simple_CNN;11;4673;4673;174031;54895;92.155;92.155;92.155;92.155;[reg, sid, ban, sec, men, med, sum, mmm, npp, hfq, hhh];11
Simple_CNN;11;4681;4681;174023;54887;92.142;92.142;92.142;92.142;[reg, sid, ban, sec, men, med, sum, max, npp, htp, hhh];11
Simple_CNN;11;4689;4689;174015;54879;92.128;92.128;92.128;92.128;[reg, sid, ban, sec, men, med, sum, mmm, npp, htp, hhh];11
Simple_CNN;11;4697;4697;174007;54871;92.115;92.115;92.115;92.115;[reg, sid, ban, sec, men, med, sum, max, htp, hhh, aei];11
Simple_LSTM;11;4742;4742;173962;54826;92.039;92.039;92.039;92.039;[reg, sid, ban, sec, men, med, sum, npp, hfq, hhh, aei];11
Simple_CNN;11;4748;4748;173956;54820;92.029;92.029;92.029;92.029;[reg, sid, ban, sec, men, med, sum, max, npp, htp];10
Simple_CNN;11;4753;4753;173951;54815;92.021;92.021;92.021;92.021;[reg, sid, ban, sec, men, med, sum, mmm, npp, hfq, htp];11
Simple_CNN;11;4753;4753;173951;54815;92.021;92.021;92.021;92.021;[reg, sid, ban, sec, men, med, sum, mmm, npp, htp];10
Simple_CNN;11;4762;4762;173942;54806;92.006;92.006;92.006;92.006;[reg, sid, ban, sec, men, med, sum, npp, hfq, htp];10
Simple_CNN;11;4773;4773;173931;54795;91.987;91.987;91.987;91.987;[reg, sid, ban, sec, men, med, sum, max, npp, hhh, aei];11
Simple_CNN;11;4774;4774;173930;54794;91.986;91.986;91.986;91.986;[reg, sid, ban, sec, men, med, sum, mmm, npp, hfq, aei];11
Simple_CNN;11;4801;4801;173903;54767;91.94;91.94;91.94;91.94;[reg, sid, ban, sec, men, med, sum, mmm, htp, hhh];10
Simple_CNN;11;4812;4812;173892;54756;91.922;91.922;91.922;91.922;[reg, sid, ban, sec, men, med, sum, npp, htp, hhh, aei];11
Simple_CNN;11;4829;4829;173875;54739;91.893;91.893;91.893;91.893;[reg, sid, ban, sec, men, med, sum, max, npp, htp, aei];11
Simple_LSTM;11;4830;4830;173874;54738;91.892;91.892;91.892;91.892;[reg, sid, ban, sec, men, med, sum, mmm, npp, hfq, hhh];11
Simple_CNN;11;4832;4832;173872;54736;91.888;91.888;91.888;91.888;[reg, sid, ban, sec, men, med, sum, npp, hfq, htp, aei];11
Simple_CNN;11;4835;4835;173869;54733;91.883;91.883;91.883;91.883;[reg, sid, ban, sec, men, med, sum, max, bet, hhh, aei];11
Simple_CNN;11;4868;4868;173836;54700;91.828;91.828;91.828;91.828;[reg, sid, ban, sec, men, med, sum, npp, htp];9
Simple_CNN;11;4873;4873;173831;54695;91.819;91.819;91.819;91.819;[reg, sid, ban, sec, men, med, sum, max, npp, hfq, aei];11
Simple_CNN;11;4874;4874;173830;54694;91.818;91.818;91.818;91.818;[reg, sid, ban, sec, men, med, sum, max, mmm, npp, hfq];11
Simple_CNN;11;4874;4874;173830;54694;91.818;91.818;91.818;91.818;[reg, sid, ban, sec, men, med, sum, max, mmm, npp, htp];11
Simple_CNN;11;4874;4874;173830;54694;91.818;91.818;91.818;91.818;[reg, sid, ban, sec, men, med, sum, npp, hhh, aei];10
Simple_CNN;11;4875;4875;173829;54693;91.816;91.816;91.816;91.816;[reg, sid, ban, sec, men, med, sum, max, bet, npp, hhh];11
Simple_LSTM;11;4886;4886;173818;54682;91.798;91.798;91.798;91.798;[reg, sid, ban, sec, men, med, sum, mmm, npp, hfq, aei];11
Simple_CNN;11;4895;4895;173809;54673;91.783;91.783;91.783;91.783;[reg, sid, ban, sec, men, med, sum, mmm, npp, aei];10
Simple_LSTM;11;4898;4898;173806;54670;91.777;91.777;91.777;91.777;[reg, sid, ban, sec, men, med, sum, mmm, npp, hfq, htp];11
Simple_CNN;11;4901;4901;173803;54667;91.772;91.772;91.772;91.772;[reg, sid, ban, sec, men, med, sum, max, htp, aei];10
Simple_LSTM;11;4902;4902;173802;54666;91.771;91.771;91.771;91.771;[reg, sid, ban, sec, men, med, sum, npp, hfq, htp];10
Simple_LSTM;11;4903;4903;173801;54665;91.769;91.769;91.769;91.769;[reg, sid, ban, sec, men, med, sum, mmm, npp];9
Simple_LSTM;11;4905;4905;173799;54663;91.766;91.766;91.766;91.766;[reg, sid, ban, sec, men, med, sum, mmm, npp, htp];10
Simple_CNN;11;4915;4915;173789;54653;91.749;91.749;91.749;91.749;[reg, sid, ban, sec, men, med, sum, npp, hfq];9
Simple_CNN;11;4925;4925;173779;54643;91.732;91.732;91.732;91.732;[reg, sid, ban, sec, men, med, sum, max, bet, mmm, hfq, aei];12
Simple_LSTM;11;4927;4927;173777;54641;91.729;91.729;91.729;91.729;[reg, sid, ban, sec, men, med, sum, max, npp, aei];10
Simple_CNN;11;4933;4933;173771;54635;91.719;91.719;91.719;91.719;[reg, sid, ban, sec, men, med, sum, max, npp, hfq, htp];11
Simple_LSTM;11;4937;4937;173767;54631;91.712;91.712;91.712;91.712;[reg, sid, ban, sec, men, med, sum, npp, htp, hhh, aei];11
Simple_CNN;11;4956;4956;173748;54612;91.68;91.68;91.68;91.68;[reg, sid, ban, sec, men, med, sum, npp, htp, aei];10
Simple_LSTM;11;4973;4973;173731;54595;91.652;91.652;91.652;91.652;[reg, sid, ban, sec, men, med, sum, max, npp, hfq];10
Simple_CNN;11;4974;4974;173730;54594;91.65;91.65;91.65;91.65;[reg, sid, ban, sec, men, med, sum, max, npp, hfq];10
Simple_CNN;11;4974;4974;173730;54594;91.65;91.65;91.65;91.65;[reg, sid, ban, sec, men, med, sum, mmm, npp, hhh];10
Simple_LSTM;11;4975;4975;173729;54593;91.648;91.648;91.648;91.648;[reg, sid, ban, sec, men, med, sum, mmm, npp, htp, aei];11
Simple_CNN;11;4980;4980;173724;54588;91.64;91.64;91.64;91.64;[reg, sid, ban, sec, men, med, sum, bet, hhh, aei];10
Simple_LSTM;11;4981;4981;173723;54587;91.638;91.638;91.638;91.638;[reg, sid, ban, sec, men, med, sum, max, mmm, npp, hfq];11
Simple_LSTM;11;4985;4985;173719;54583;91.631;91.631;91.631;91.631;[reg, sid, ban, sec, men, med, sum, mmm, npp, hhh];10
Simple_LSTM;11;4986;4986;173718;54582;91.63;91.63;91.63;91.63;[reg, sid, ban, sec, men, med, sum, npp, hfq, hhh];10
Simple_CNN;11;4992;4992;173712;54576;91.62;91.62;91.62;91.62;[reg, sid, ban, sec, men, med, sum, max, hfq, htp];10
Simple_LSTM;11;4993;4993;173711;54575;91.618;91.618;91.618;91.618;[reg, sid, ban, sec, men, med, sum, npp, hhh, aei];10
Simple_CNN;11;4994;4994;173710;54574;91.616;91.616;91.616;91.616;[reg, sid, ban, sec, men, med, sum, max, npp];9
Simple_CNN;11;4999;4999;173705;54569;91.608;91.608;91.608;91.608;[reg, sid, ban, sec, men, med, sum, max, npp, hfq, hhh];11
Simple_LSTM;11;5008;5008;173696;54560;91.593;91.593;91.593;91.593;[reg, sid, ban, sec, men, med, sum, npp, htp, hhh];10
Simple_LSTM;11;5015;5015;173689;54553;91.581;91.581;91.581;91.581;[reg, sid, ban, sec, men, med, sum, npp, hfq];9
Simple_LSTM;11;5032;5032;173672;54536;91.553;91.553;91.553;91.553;[reg, sid, ban, sec, men, med, sum, npp];8
Simple_CNN;11;5045;5045;173659;54523;91.531;91.531;91.531;91.531;[reg, sid, ban, sec, men, med, sum, max, npp, aei];10
Simple_CNN;11;5047;5047;173657;54521;91.527;91.527;91.527;91.527;[reg, sid, ban, sec, men, med, sum, max, mmm, npp, hhh];11
Simple_LSTM;11;5050;5050;173654;54518;91.522;91.522;91.522;91.522;[reg, sid, ban, sec, men, med, sum, max, mmm, npp, aei];11
Simple_CNN;11;5056;5056;173648;54512;91.512;91.512;91.512;91.512;[reg, sid, ban, sec, men, med, sum, bet, mmm, hfq, aei];11
Simple_LSTM;11;5060;5060;173644;54508;91.506;91.506;91.506;91.506;[reg, sid, ban, sec, men, med, sum, mmm, npp, hfq];10
Simple_LSTM;11;5073;5073;173631;54495;91.484;91.484;91.484;91.484;[reg, sid, ban, sec, men, med, sum, mmm, npp, hhh, aei];11
Simple_LSTM;11;5073;5073;173631;54495;91.484;91.484;91.484;91.484;[reg, sid, ban, sec, men, med, sum, max, npp];9
Simple_LSTM;11;5083;5083;173621;54485;91.467;91.467;91.467;91.467;[reg, sid, ban, sec, men, med, sum, npp, aei];9
Simple_CNN;11;5086;5086;173618;54482;91.462;91.462;91.462;91.462;[reg, sid, ban, sec, men, med, sum, max, mmm, npp, aei];11
Simple_LSTM;11;5100;5100;173604;54468;91.438;91.438;91.438;91.438;[reg, sid, ban, sec, men, med, sum, max, mmm, npp, hhh];11
Simple_LSTM;11;5111;5111;173593;54457;91.42;91.42;91.42;91.42;[reg, sid, ban, sec, men, med, sum, max, npp, hfq, aei];11
Simple_LSTM;11;5114;5114;173590;54454;91.415;91.415;91.415;91.415;[reg, sid, ban, sec, men, med, sum, max, npp, hfq, hhh];11
Simple_CNN;11;5126;5126;173578;54442;91.395;91.395;91.395;91.395;[reg, sid, ban, sec, men, med, sum, bet, htp];9
Simple_LSTM;11;5132;5132;173572;54436;91.385;91.385;91.385;91.385;[reg, sid, ban, sec, men, med, sum, max, npp, hhh];10
Simple_CNN;11;5146;5146;173558;54422;91.361;91.361;91.361;91.361;[reg, sid, ban, sec, men, med, sum, npp];8
Simple_LSTM;11;5151;5151;173553;54417;91.353;91.353;91.353;91.353;[reg, sid, ban, sec, men, med, sum, max, npp, hhh, aei];11
Simple_CNN;11;5152;5152;173552;54416;91.351;91.351;91.351;91.351;[reg, sid, ban, sec, men, med, sum, mmm, npp, hhh, aei];11
Simple_CNN;11;5173;5173;173531;54395;91.316;91.316;91.316;91.316;[reg, sid, ban, sec, men, med, sum, npp, hhh];9
Simple_CNN;11;5178;5178;173526;54390;91.307;91.307;91.307;91.307;[reg, sid, ban, sec, men, med, sum, aci, bet, npp];10
Simple_CNN;11;5178;5178;173526;54390;91.307;91.307;91.307;91.307;[reg, sid, ban, sec, men, med, sum, bet, hfq, aei];10
Simple_CNN;11;5178;5178;173526;54390;91.307;91.307;91.307;91.307;[reg, sid, ban, sec, men, med, sum, npp, hfq, hhh, aei];11
Simple_LSTM;11;5188;5188;173516;54380;91.291;91.291;91.291;91.291;[reg, sid, ban, sec, men, med, sum, npp, hhh];9
Simple_LSTM;11;5216;5216;173488;54352;91.244;91.244;91.244;91.244;[reg, sid, ban, sec, men, med, sum, mmm, npp, aei];10
Simple_LSTM;11;5227;5227;173477;54341;91.225;91.225;91.225;91.225;[reg, sid, ban, sec, men, med, sum, max, mmm, npp];10
Simple_LSTM;11;5233;5233;173471;54335;91.215;91.215;91.215;91.215;[reg, sid, ban, sec, men, med, sum, npp, hfq, htp, aei];11
Simple_LSTM;11;5236;5236;173468;54332;91.21;91.21;91.21;91.21;[reg, sid, ban, sec, men, med, sum, max, mmm, npp, htp];11
Simple_CNN;11;5245;5245;173459;54323;91.195;91.195;91.195;91.195;[reg, sid, ban, sec, men, med, sum, max, bet, mmm, htp];11
Simple_CNN;11;5266;5266;173438;54302;91.16;91.16;91.16;91.16;[reg, sid, ban, sec, men, med, sum, mmm, npp];9
Simple_CNN;11;5270;5270;173434;54298;91.153;91.153;91.153;91.153;[reg, sid, ban, sec, men, med, sum, mmm, hfq, htp, hhh];11
Simple_CNN;11;5289;5289;173415;54279;91.121;91.121;91.121;91.121;[reg, sid, ban, sec, men, med, sum, npp, hfq, hhh];10
Simple_LSTM;11;5291;5291;173413;54277;91.118;91.118;91.118;91.118;[reg, sid, ban, sec, men, med, sum, max, npp, htp, aei];11
Simple_CNN;11;5314;5314;173390;54254;91.079;91.079;91.079;91.079;[reg, sid, ban, sec, men, med, sum, npp, hfq, aei];10
Simple_LSTM;11;5315;5315;173389;54253;91.077;91.077;91.077;91.077;[reg, sid, ban, sec, men, med, sum, npp, htp, aei];10
Simple_LSTM;11;5344;5344;173360;54224;91.029;91.029;91.029;91.029;[reg, sid, ban, sec, men, med, sum, npp, hfq, aei];10
Simple_CNN;11;5345;5345;173359;54223;91.027;91.027;91.027;91.027;[reg, sid, ban, sec, men, med, sum, max, mmm, npp];10
Simple_CNN;11;5358;5358;173346;54210;91.005;91.005;91.005;91.005;[reg, sid, ban, sec, men, med, sum, max, aci, bet, npp, hhh];12
Simple_CNN;11;5393;5393;173311;54175;90.946;90.946;90.946;90.946;[reg, sid, ban, sec, men, med, sum, mmm, npp, htp, aei];11
Simple_CNN;11;5425;5425;173279;54143;90.893;90.893;90.893;90.893;[reg, sid, ban, sec, men, med, sum, mmm, npp, hfq];10
Simple_CNN;11;5432;5432;173272;54136;90.881;90.881;90.881;90.881;[reg, sid, ban, sec, men, med, sum, bet, hfq, hhh, aei];11
Simple_CNN;11;5438;5438;173266;54130;90.871;90.871;90.871;90.871;[reg, sid, ban, sec, men, med, sum, max, aci, bet, npp, hfq];12
Simple_LSTM;11;5477;5477;173227;54091;90.805;90.805;90.805;90.805;[reg, sid, ban, sec, men, med, sum, aci, bet, npp, hfq];11
Simple_LSTM;11;5481;5481;173223;54087;90.799;90.799;90.799;90.799;[reg, sid, ban, sec, men, med, sum, max, npp, hfq, htp];11
Simple_CNN;11;5490;5490;173214;54078;90.784;90.784;90.784;90.784;[reg, sid, ban, sec, men, med, sum, npp, aei];9
Simple_CNN;11;5507;5507;173197;54061;90.755;90.755;90.755;90.755;[reg, sid, ban, sec, men, med, sum, max, npp, hhh];10
Simple_CNN;11;5528;5528;173176;54040;90.72;90.72;90.72;90.72;[reg, sid, ban, sec, men, med, sum, aci, bet, npp, hhh];11
Simple_CNN;11;5575;5575;173129;53993;90.641;90.641;90.641;90.641;[reg, sid, ban, sec, men, med, sum, max, mmm, hhh, aei];11
Simple_LSTM;11;5591;5591;173113;53977;90.614;90.614;90.614;90.614;[reg, sid, ban, sec, men, med, sum, npp, hfq, htp, hhh];11
Simple_CNN;11;5598;5598;173106;53970;90.602;90.602;90.602;90.602;[reg, sid, ban, sec, men, med, sum, max, bet, mmm, hhh, aei];12
Simple_CNN;11;5626;5626;173078;53942;90.555;90.555;90.555;90.555;[reg, sid, ban, sec, men, med, sum, max, bet, hfq, aei];11
Simple_CNN;11;5629;5629;173075;53939;90.55;90.55;90.55;90.55;[reg, sid, ban, sec, men, med, sum, aci, bet, npp, hfq];11
Simple_CNN;11;5637;5637;173067;53931;90.537;90.537;90.537;90.537;[reg, sid, ban, sec, men, med, sum, max, aci, npp, hfq, hhh];12
Simple_CNN;11;5658;5658;173046;53910;90.502;90.502;90.502;90.502;[reg, sid, ban, sec, men, med, sum, max, aci, bet, npp, aei];12
Simple_CNN;11;5677;5677;173027;53891;90.47;90.47;90.47;90.47;[reg, sid, ban, sec, men, med, sum, max, bet, mmm, hfq, hhh];12
Simple_CNN;11;5693;5693;173011;53875;90.443;90.443;90.443;90.443;[reg, sid, ban, sec, men, med, sum, npp, htp, hhh];10
Simple_CNN;11;5698;5698;173006;53870;90.434;90.434;90.434;90.434;[reg, sid, ban, sec, men, med, sum, hfq, htp];9
Simple_CNN;11;5700;5700;173004;53868;90.431;90.431;90.431;90.431;[reg, sid, ban, sec, men, med, sum, aci, npp, hfq, aei];11
Simple_LSTM;11;5719;5719;172985;53849;90.399;90.399;90.399;90.399;[reg, sid, ban, sec, men, med, sum, mmm, npp, htp, hhh];11
Simple_LSTM;11;5745;5745;172959;53823;90.356;90.356;90.356;90.356;[reg, sid, ban, sec, men, med, sum, max, aci, bet, npp];11
Simple_CNN;11;5755;5755;172949;53813;90.339;90.339;90.339;90.339;[reg, sid, ban, sec, men, med, sum, max, bet, hfq];10
Simple_LSTM;11;5765;5765;172939;53803;90.322;90.322;90.322;90.322;[reg, sid, ban, sec, men, med, sum, aci, bet, npp, htp];11
Simple_CNN;11;5781;5781;172923;53787;90.295;90.295;90.295;90.295;[reg, sid, ban, sec, men, med, sum, max, bet, hfq, hhh];11
Simple_CNN;11;5784;5784;172920;53784;90.29;90.29;90.29;90.29;[reg, sid, ban, sec, men, med, sum, hhh, aei];9
Simple_CNN;11;5829;5829;172875;53739;90.215;90.215;90.215;90.215;[reg, sid, ban, sec, men, med, sum, max, bet, mmm, hhh];11
Simple_CNN;11;5850;5850;172854;53718;90.179;90.179;90.179;90.179;[reg, sid, ban, sec, men, med, sum, max, aci, mmm, npp];11
Simple_LSTM;11;5878;5878;172826;53690;90.132;90.132;90.132;90.132;[reg, sid, ban, sec, men, med, sum, max, npp, htp, hhh];11
Simple_CNN;11;5904;5904;172800;53664;90.089;90.089;90.089;90.089;[reg, sid, ban, sec, men, med, sum, aci, npp, hfq, hhh];11
Simple_LSTM;11;5924;5924;172780;53644;90.055;90.055;90.055;90.055;[reg, sid, ban, sec, men, med, sum, aci, mmm, npp, aei];11
Simple_CNN;11;5944;5944;172760;53624;90.021;90.021;90.021;90.021;[reg, sid, ban, sec, men, med, sum, max, aci, npp, hhh, aei];12
Simple_LSTM;11;5950;5950;172754;53618;90.011;90.011;90.011;90.011;[reg, sid, ban, sec, men, med, sum, bet, hfq, htp, hhh];11
Simple_LSTM;11;5951;5951;172753;53617;90.01;90.01;90.01;90.01;[reg, sid, ban, sec, men, med, sum, max, npp, htp];10
Simple_LSTM;11;5981;5981;172723;53587;89.959;89.959;89.959;89.959;[reg, sid, ban, sec, men, med, sum, max, mmm, htp, aei];11
Simple_CNN;11;5997;5997;172707;53571;89.933;89.933;89.933;89.933;[reg, sid, ban, sec, men, med, sum, max, aci, bet, npp, htp];12
Simple_CNN;11;6012;6012;172692;53556;89.907;89.907;89.907;89.907;[reg, sid, ban, sec, men, med, sum, bet, hhh];9
Simple_CNN;11;6017;6017;172687;53551;89.899;89.899;89.899;89.899;[reg, sid, ban, sec, men, med, sum, aci, npp, htp, hhh];11
Simple_LSTM;11;6037;6037;172667;53531;89.865;89.865;89.865;89.865;[reg, sid, ban, sec, men, med, sum, max, aci, bet, npp, aei];12
Simple_LSTM;11;6038;6038;172666;53530;89.864;89.864;89.864;89.864;[reg, sid, ban, sec, men, med, sum, aci, npp, hfq, hhh];11
Simple_CNN;11;6051;6051;172653;53517;89.842;89.842;89.842;89.842;[reg, sid, ban, sec, men, med, sum, bet, mmm, hfq, hhh];11
Simple_CNN;11;6054;6054;172650;53514;89.837;89.837;89.837;89.837;[reg, sid, ban, sec, men, med, sum, hfq, aei];9
Simple_LSTM;11;6055;6055;172649;53513;89.835;89.835;89.835;89.835;[reg, sid, ban, sec, men, med, sum, aci, bet, npp, hhh];11
Simple_CNN;11;6119;6119;172585;53449;89.728;89.728;89.728;89.728;[reg, sid, ban, sec, men, med, sum, aci, bet, mmm, npp];11
Simple_LSTM;11;6156;6156;172548;53412;89.666;89.666;89.666;89.666;[reg, sid, ban, sec, men, med, sum, max, bet, htp, aei];11
Simple_CNN;11;6181;6181;172523;53387;89.624;89.624;89.624;89.624;[reg, sid, ban, sec, men, med, sum, aci, bet, npp, htp];11
Simple_CNN;11;6192;6192;172512;53376;89.605;89.605;89.605;89.605;[reg, sid, ban, sec, men, med, sum, max, bet, hhh];10
Simple_CNN;11;6208;6208;172496;53360;89.578;89.578;89.578;89.578;[reg, sid, ban, sec, men, med, sum, mmm, hfq, hhh, aei];11
Simple_LSTM;11;6209;6209;172495;53359;89.577;89.577;89.577;89.577;[reg, sid, ban, sec, men, med, sum, max, aci, npp, hfq];11
Simple_LSTM;11;6231;6231;172473;53337;89.54;89.54;89.54;89.54;[reg, sid, ban, sec, men, med, sum, bet, htp, hhh];10
Simple_LSTM;11;6276;6276;172428;53292;89.464;89.464;89.464;89.464;[reg, sid, ban, sec, men, med, sum, aci, mmm, npp, hhh];11
Simple_CNN;11;6281;6281;172423;53287;89.456;89.456;89.456;89.456;[reg, sid, ban, sec, men, med, sum, aci, npp, hhh];10
Simple_CNN;11;6282;6282;172422;53286;89.454;89.454;89.454;89.454;[reg, sid, ban, sec, men, med, sum, max, aci, mmm, npp, aei];12
Simple_CNN;11;6351;6351;172353;53217;89.338;89.338;89.338;89.338;[reg, sid, ban, sec, men, med, sum, aci, mmm, npp, aei];11
Simple_LSTM;11;6352;6352;172352;53216;89.337;89.337;89.337;89.337;[reg, sid, ban, sec, men, med, sum, aci, bet, npp];10
Simple_CNN;11;6365;6365;172339;53203;89.315;89.315;89.315;89.315;[reg, sid, ban, sec, men, med, sum, max, aci, npp, hfq, aei];12
Simple_CNN;11;6386;6386;172318;53182;89.279;89.279;89.279;89.279;[reg, sid, ban, sec, men, med, sum, max, htp];9
Simple_LSTM;11;6396;6396;172308;53172;89.263;89.263;89.263;89.263;[reg, sid, ban, sec, men, med, sum, npp, htp];9
Simple_LSTM;11;6424;6424;172280;53144;89.216;89.216;89.216;89.216;[reg, sid, ban, sec, men, med, sum, aci, npp, aei];10
Simple_LSTM;11;6425;6425;172279;53143;89.214;89.214;89.214;89.214;[reg, sid, ban, sec, men, med, sum, max, aci, bet, npp, hfq];12
Simple_LSTM;11;6435;6435;172269;53133;89.197;89.197;89.197;89.197;[reg, sid, ban, sec, men, med, sum, bet, hfq, htp];10
Simple_LSTM;11;6439;6439;172265;53129;89.191;89.191;89.191;89.191;[reg, sid, ban, sec, men, med, sum, max, aci, npp, hhh];11
Simple_LSTM;11;6442;6442;172262;53126;89.185;89.185;89.185;89.185;[reg, sid, ban, sec, men, med, sum, max, aci, mmm, npp, hhh];12
Simple_CNN;11;6490;6490;172214;53078;89.105;89.105;89.105;89.105;[reg, sid, ban, sec, men, med, sum, aci, npp, hhh, aei];11
Simple_CNN;11;6494;6494;172210;53074;89.098;89.098;89.098;89.098;[reg, sid, ban, sec, men, med, sum, aci, mmm, npp];10
Simple_LSTM;11;6502;6502;172202;53066;89.085;89.085;89.085;89.085;[reg, sid, ban, sec, men, med, sum, max, aci, mmm, npp];11
Simple_CNN;11;6540;6540;172164;53028;89.021;89.021;89.021;89.021;[reg, sid, ban, sec, men, med, sum, bet, mmm, hhh];10
Simple_LSTM;11;6582;6582;172122;52986;88.95;88.95;88.95;88.95;[reg, sid, ban, sec, men, med, sum, max, aci, bet, npp, htp];12
Simple_CNN;11;6612;6612;172092;52956;88.9;88.9;88.9;88.9;[reg, sid, ban, sec, men, med, sum, aci, mmm, npp, hfq];11
Simple_CNN;11;6612;6612;172092;52956;88.9;88.9;88.9;88.9;[reg, sid, ban, sec, men, med, sum, mmm, hhh, aei];10
Simple_CNN;11;6624;6624;172080;52944;88.88;88.88;88.88;88.88;[reg, sid, ban, sec, men, med, sum, aci, npp, htp];10
Simple_CNN;11;6625;6625;172079;52943;88.878;88.878;88.878;88.878;[reg, sid, ban, sec, men, med, sum, bet, hfq, hhh];10
Simple_LSTM;11;6683;6683;172021;52885;88.781;88.781;88.781;88.781;[reg, sid, ban, sec, men, med, sum, aci, bet, npp, aei];11
Simple_CNN;11;6710;6710;171994;52858;88.736;88.736;88.736;88.736;[reg, sid, ban, sec, men, med, sum, max, aci, npp, htp, hhh];12
Simple_LSTM;11;6713;6713;171991;52855;88.731;88.731;88.731;88.731;[reg, sid, ban, sec, men, med, sum, bet, hfq, htp, aei];11
Simple_CNN;11;6718;6718;171986;52850;88.722;88.722;88.722;88.722;[reg, sid, ban, sec, men, med, sum, max, mmm, htp];10
Simple_LSTM;11;6726;6726;171978;52842;88.709;88.709;88.709;88.709;[reg, sid, ban, sec, men, med, sum, aci, mmm, npp];10
Simple_CNN;11;6736;6736;171968;52832;88.692;88.692;88.692;88.692;[reg, sid, ban, sec, men, med, sum, max, aci, npp, hfq];11
Simple_CNN;11;6789;6789;171915;52779;88.603;88.603;88.603;88.603;[reg, sid, ban, sec, men, med, sum, max, hhh, aei];10
Simple_LSTM;11;6802;6802;171902;52766;88.581;88.581;88.581;88.581;[reg, sid, ban, sec, men, med, sum, bet, htp, aei];10
Simple_LSTM;11;6838;6838;171866;52730;88.521;88.521;88.521;88.521;[reg, sid, ban, sec, men, med, sum, aci, npp, hhh, aei];11
Simple_CNN;11;6839;6839;171865;52729;88.519;88.519;88.519;88.519;[reg, sid, ban, sec, men, med, sum, max, aci, mmm, npp, htp];12
Simple_LSTM;11;6885;6885;171819;52683;88.442;88.442;88.442;88.442;[reg, sid, ban, sec, men, med, sum, aci, npp, htp, aei];11
Simple_CNN;11;6932;6932;171772;52636;88.363;88.363;88.363;88.363;[reg, sid, ban, sec, men, med, sum, max, aci, npp, hhh];11
Simple_CNN;11;6945;6945;171759;52623;88.341;88.341;88.341;88.341;[reg, sid, ban, sec, men, med, sum, max, bet, mmm, hfq];11
Simple_LSTM;11;6972;6972;171732;52596;88.296;88.296;88.296;88.296;[reg, sid, ban, sec, men, med, sum, max, aci, npp, htp, hhh];12
Simple_CNN;11;6973;6973;171731;52595;88.294;88.294;88.294;88.294;[reg, sid, ban, sec, men, med, sum, max, hfq, aei];10
Simple_LSTM;11;7024;7024;171680;52544;88.208;88.208;88.208;88.208;[reg, sid, ban, sec, men, med, sum, bet, htp, hhh, aei];11
Simple_CNN;11;7031;7031;171673;52537;88.197;88.197;88.197;88.197;[reg, sid, ban, sec, men, med, sum, mmm, hfq, aei];10
Simple_LSTM;11;7036;7036;171668;52532;88.188;88.188;88.188;88.188;[reg, sid, ban, sec, men, med, sum, max, aci, mmm, npp, aei];12
Simple_LSTM;11;7044;7044;171660;52524;88.175;88.175;88.175;88.175;[reg, sid, ban, sec, men, med, sum, max, aci, bet, mmm, npp];12
Simple_CNN;11;7057;7057;171647;52511;88.153;88.153;88.153;88.153;[reg, sid, ban, sec, men, med, sum, max, mmm, hfq, aei];11
Simple_CNN;11;7081;7081;171623;52487;88.113;88.113;88.113;88.113;[reg, sid, ban, sec, men, med, sum, max, aci, npp, hfq, htp];12
Simple_LSTM;11;7081;7081;171623;52487;88.113;88.113;88.113;88.113;[reg, sid, ban, sec, men, med, sum, max, aci, npp, aei];11
Simple_CNN;11;7135;7135;171569;52433;88.022;88.022;88.022;88.022;[reg, sid, ban, sec, men, med, sum, max, aci, npp, aei];11
Simple_LSTM;11;7158;7158;171546;52410;87.983;87.983;87.983;87.983;[reg, sid, ban, sec, men, med, sum, aci, npp, htp];10
Simple_CNN;11;7176;7176;171528;52392;87.953;87.953;87.953;87.953;[reg, sid, ban, sec, men, med, sum, max, aci, npp, htp];11
Simple_LSTM;11;7201;7201;171503;52367;87.911;87.911;87.911;87.911;[reg, sid, ban, sec, men, med, sum, max, aci, npp, hhh, aei];12
Simple_LSTM;11;7204;7204;171500;52364;87.906;87.906;87.906;87.906;[reg, sid, ban, sec, men, med, sum, max, aci, bet, npp, hhh];12
Simple_LSTM;11;7248;7248;171456;52320;87.832;87.832;87.832;87.832;[reg, sid, ban, sec, men, med, sum, max, aci, mmm, npp, htp];12
Simple_CNN;11;7255;7255;171449;52313;87.821;87.821;87.821;87.821;[reg, sid, ban, sec, men, med, sum, mmm, hfq, htp];10
Simple_CNN;11;7329;7329;171375;52239;87.696;87.696;87.696;87.696;[reg, sid, ban, sec, men, med, sum, max, aci, mmm, npp, hfq];12
Simple_LSTM;11;7337;7337;171367;52231;87.683;87.683;87.683;87.683;[reg, sid, ban, sec, men, med, sum, aci, npp, htp, hhh];11
Simple_CNN;11;7339;7339;171365;52229;87.68;87.68;87.68;87.68;[reg, sid, ban, sec, men, med, sum, max, aci, mmm, npp, hhh];12
Simple_CNN;11;7344;7344;171360;52224;87.671;87.671;87.671;87.671;[reg, sid, ban, sec, men, med, sum, bet, hfq];9
Simple_LSTM;11;7371;7371;171333;52197;87.626;87.626;87.626;87.626;[reg, sid, ban, sec, men, med, sum, aci, mmm, npp, htp];11
Simple_LSTM;11;7396;7396;171308;52172;87.584;87.584;87.584;87.584;[reg, sid, ban, sec, men, med, sum, max, bet, mmm, htp, hhh];12
Simple_CNN;11;7396;7396;171308;52172;87.584;87.584;87.584;87.584;[reg, sid, ban, sec, men, med, sum, aci, npp, hfq];10
Simple_CNN;11;7448;7448;171256;52120;87.497;87.497;87.497;87.497;[reg, sid, ban, sec, men, med, sum, hfq, htp, hhh];10
Simple_CNN;11;7478;7478;171226;52090;87.446;87.446;87.446;87.446;[reg, sid, ban, sec, men, med, sum, aci, npp, hfq, htp];11
Simple_CNN;11;7505;7505;171199;52063;87.401;87.401;87.401;87.401;[reg, sid, ban, sec, men, med, sum, max, aci, npp];10
Simple_LSTM;11;7548;7548;171156;52020;87.329;87.329;87.329;87.329;[reg, sid, ban, sec, men, med, sum, max, aci, npp];10
Simple_CNN;11;7592;7592;171112;51976;87.255;87.255;87.255;87.255;[reg, sid, ban, sec, men, med, sum, aci, mmm, npp, hhh];11
Simple_LSTM;11;7689;7689;171015;51879;87.092;87.092;87.092;87.092;[reg, sid, ban, sec, men, med, sum, aci, npp];9
Simple_CNN;11;7708;7708;170996;51860;87.06;87.06;87.06;87.06;[reg, sid, ban, sec, men, med, sum, max, aci, bet, npp];11
Simple_LSTM;11;7716;7716;170988;51852;87.047;87.047;87.047;87.047;[reg, sid, ban, sec, men, med, sum, max, bet, hhh, aei];11
Simple_LSTM;11;7831;7831;170873;51737;86.854;86.854;86.854;86.854;[reg, sid, ban, sec, men, med, sum, aci, bet, mmm, npp];11
Simple_CNN;11;7841;7841;170863;51727;86.837;86.837;86.837;86.837;[reg, sid, ban, sec, men, med, sum, aci, npp, aei];10
Simple_CNN;11;7945;7945;170759;51623;86.662;86.662;86.662;86.662;[reg, sid, ban, sec, men, med, sum, bet, mmm, hfq];10
Simple_LSTM;11;7987;7987;170717;51581;86.592;86.592;86.592;86.592;[reg, sid, ban, sec, men, med, sum, max, bet, mmm, hfq, htp];12
Simple_CNN;11;7998;7998;170706;51570;86.573;86.573;86.573;86.573;[reg, sid, ban, sec, men, med, sum, mmm, aei];9
Simple_LSTM;11;8031;8031;170673;51537;86.518;86.518;86.518;86.518;[reg, sid, ban, sec, men, med, sum, max, bet, htp];10
Simple_LSTM;11;8113;8113;170591;51455;86.38;86.38;86.38;86.38;[reg, sid, ban, sec, men, med, sum, aci, npp, hfq];10
Simple_CNN;11;8152;8152;170552;51416;86.315;86.315;86.315;86.315;[reg, sid, ban, sec, men, med, sum, max, hfq, hhh, aei];11
Simple_LSTM;11;8155;8155;170549;51413;86.31;86.31;86.31;86.31;[reg, sid, ban, sec, men, med, sum, max, bet, htp, hhh];11
Simple_CNN;11;8190;8190;170514;51378;86.251;86.251;86.251;86.251;[reg, sid, ban, sec, men, med, sum, hfq, hhh, aei];10
Simple_CNN;11;8287;8287;170417;51281;86.088;86.088;86.088;86.088;[reg, sid, ban, sec, men, med, sum, aci, mmm, npp, htp];11
Simple_CNN;11;8316;8316;170388;51252;86.039;86.039;86.039;86.039;[reg, sid, ban, sec, men, med, sum, aci, npp];9
Simple_LSTM;11;8331;8331;170373;51237;86.014;86.014;86.014;86.014;[reg, sid, ban, sec, men, med, sum, max, aci, mmm, npp, hfq];12
Simple_LSTM;11;8407;8407;170297;51161;85.887;85.887;85.887;85.887;[reg, sid, ban, sec, men, med, sum, bet, hfq, hhh];10
Simple_CNN;11;8411;8411;170293;51157;85.88;85.88;85.88;85.88;[reg, sid, ban, sec, men, med, sum, htp];8
Simple_CNN;11;8441;8441;170263;51127;85.83;85.83;85.83;85.83;[reg, sid, ban, sec, men, med, sum, max, aci, npp, htp, aei];12
Simple_LSTM;11;8500;8500;170204;51068;85.731;85.731;85.731;85.731;[reg, sid, ban, sec, men, med, sum, bet, hfq, hhh, aei];11
Simple_LSTM;11;8508;8508;170196;51060;85.717;85.717;85.717;85.717;[reg, sid, ban, sec, men, med, sum, bet, mmm, htp, aei];11
Simple_LSTM;11;8562;8562;170142;51006;85.627;85.627;85.627;85.627;[reg, sid, ban, sec, men, med, sum, max, bet, hfq, hhh];11
Simple_LSTM;11;8563;8563;170141;51005;85.625;85.625;85.625;85.625;[reg, sid, ban, sec, men, med, sum, max, aci, npp, hfq, aei];12
Simple_CNN;11;8621;8621;170083;50947;85.527;85.527;85.527;85.527;[reg, sid, ban, sec, men, med, sum, aci, npp, htp, aei];11
Simple_LSTM;11;8680;8680;170024;50888;85.428;85.428;85.428;85.428;[reg, sid, ban, sec, men, med, sum, bet, htp];9
Simple_CNN;11;8791;8791;169913;50777;85.242;85.242;85.242;85.242;[reg, sid, ban, sec, men, med, sum, max, mmm, aei];10
Simple_LSTM;11;8992;8992;169712;50576;84.905;84.905;84.905;84.905;[reg, sid, ban, sec, men, med, sum, max, bet, hfq];10
Simple_CNN;11;9048;9048;169656;50520;84.811;84.811;84.811;84.811;[reg, sid, ban, sec, men, med, sum, max, bet, mmm, aei];11
Simple_CNN;11;9113;9113;169591;50455;84.702;84.702;84.702;84.702;[reg, sid, ban, sec, men, med, sum, max, hfq, hhh];10
Simple_CNN;11;9118;9118;169586;50450;84.693;84.693;84.693;84.693;[reg, sid, ban, sec, men, med, sum, max, mmm, hhh];10
Simple_LSTM;11;9184;9184;169520;50384;84.582;84.582;84.582;84.582;[reg, sid, ban, sec, men, med, sum, max, bet, hfq, aei];11
Simple_LSTM;11;9294;9294;169410;50274;84.398;84.398;84.398;84.398;[reg, sid, ban, sec, men, med, sum, max, aci, npp, hfq, hhh];12
Simple_CNN;11;9304;9304;169400;50264;84.381;84.381;84.381;84.381;[reg, sid, ban, sec, men, med, sum, hfq, hhh];9
Simple_LSTM;11;9324;9324;169380;50244;84.347;84.347;84.347;84.347;[reg, sid, ban, sec, men, med, sum, aci, npp, hfq, aei];11
Simple_CNN;11;9476;9476;169228;50092;84.092;84.092;84.092;84.092;[reg, sid, ban, sec, men, med, sum, max, mmm, hfq];10
Simple_CNN;11;9610;9610;169094;49958;83.867;83.867;83.867;83.867;[reg, sid, ban, sec, men, med, sum, mmm, hfq];9
Simple_LSTM;11;9621;9621;169083;49947;83.849;83.849;83.849;83.849;[reg, sid, ban, sec, men, med, sum, max, bet, mmm, htp];11
Simple_CNN;11;9709;9709;168995;49859;83.701;83.701;83.701;83.701;[reg, sid, ban, sec, men, med, sum, max, mmm, hfq, hhh];11
Simple_LSTM;11;9793;9793;168911;49775;83.56;83.56;83.56;83.56;[reg, sid, ban, sec, men, med, sum, max, bet, hfq, htp];11
Simple_LSTM;11;9815;9815;168889;49753;83.523;83.523;83.523;83.523;[reg, sid, ban, sec, men, med, sum, max, aci, npp, hfq, htp];12
Simple_CNN;11;9824;9824;168880;49744;83.508;83.508;83.508;83.508;[reg, sid, ban, sec, men, med, sum, mmm, hhh];9
Simple_CNN;11;9894;9894;168810;49674;83.39;83.39;83.39;83.39;[reg, sid, ban, sec, men, med, sum, bet, aei];9
Simple_CNN;11;9900;9900;168804;49668;83.38;83.38;83.38;83.38;[reg, sid, ban, sec, men, med, sum, max, hfq];9
Simple_CNN;11;9979;9979;168725;49589;83.248;83.248;83.248;83.248;[reg, sid, ban, sec, men, med, sum, max, hhh];9
Simple_CNN;11;10037;10037;168667;49531;83.15;83.15;83.15;83.15;[reg, sid, ban, sec, men, med, sum, mmm, hfq, hhh];10
Simple_LSTM;11;10089;10089;168615;49479;83.063;83.063;83.063;83.063;[reg, sid, ban, sec, men, med, sum, bet, hfq, aei];10
Simple_LSTM;11;10242;10242;168462;49326;82.806;82.806;82.806;82.806;[reg, sid, ban, sec, men, med, sum, max, bet, mmm, hfq, hhh];12
Simple_LSTM;11;10300;10300;168404;49268;82.709;82.709;82.709;82.709;[reg, sid, ban, sec, men, med, sum, max, bet, mmm, hfq];11
Simple_LSTM;11;10335;10335;168369;49233;82.65;82.65;82.65;82.65;[reg, sid, ban, sec, men, med, sum, bet, mmm, htp];10
Simple_CNN;11;10384;10384;168320;49184;82.568;82.568;82.568;82.568;[reg, sid, ban, sec, men, med, sum, max, bet, aei];10
Simple_CNN;11;10389;10389;168315;49179;82.559;82.559;82.559;82.559;[reg, sid, ban, sec, men, med, sum, max, aei];9
Simple_LSTM;11;10410;10410;168294;49158;82.524;82.524;82.524;82.524;[reg, sid, ban, sec, men, med, sum, bet, mmm, htp, hhh];11
Simple_LSTM;11;10539;10539;168165;49029;82.308;82.308;82.308;82.308;[reg, sid, ban, sec, men, med, sum, max, bet, mmm, htp, aei];12
Simple_LSTM;11;10609;10609;168095;48959;82.19;82.19;82.19;82.19;[reg, sid, ban, sec, men, med, sum, bet, hfq];9
Simple_LSTM;11;10615;10615;168089;48953;82.18;82.18;82.18;82.18;[reg, sid, ban, sec, men, med, sum, bet, hhh, aei];10
Simple_LSTM;11;10663;10663;168041;48905;82.099;82.099;82.099;82.099;[reg, sid, ban, sec, men, med, sum, bet, hhh];9
Simple_LSTM;11;10762;10762;167942;48806;81.933;81.933;81.933;81.933;[reg, sid, ban, sec, men, med, sum, aci, npp, hhh];10
Simple_CNN;11;10765;10765;167939;48803;81.928;81.928;81.928;81.928;[reg, sid, ban, sec, men, med, sum, max, aci, bet, hhh, aei];12
Simple_CNN;11;10781;10781;167923;48787;81.901;81.901;81.901;81.901;[reg, sid, ban, sec, men, med, sum, aci, bet, hfq, htp];11
Simple_LSTM;11;10802;10802;167902;48766;81.866;81.866;81.866;81.866;[reg, sid, ban, sec, men, med, sum, max, bet, mmm];10
Simple_CNN;11;10828;10828;167876;48740;81.822;81.822;81.822;81.822;[reg, sid, ban, sec, men, med, sum, max, bet];9
Simple_LSTM;11;10843;10843;167861;48725;81.797;81.797;81.797;81.797;[reg, sid, ban, sec, men, med, sum, max, bet, mmm, hhh];11
Simple_LSTM;11;10858;10858;167846;48710;81.772;81.772;81.772;81.772;[reg, sid, ban, sec, men, med, sum, max, aci, npp, htp, aei];12
Simple_LSTM;11;10909;10909;167795;48659;81.686;81.686;81.686;81.686;[reg, sid, ban, sec, men, med, sum, max, bet, mmm, hhh, aei];12
Simple_LSTM;11;10935;10935;167769;48633;81.643;81.643;81.643;81.643;[reg, sid, ban, sec, men, med, sum, bet, mmm, hfq];10
Simple_CNN;11;10959;10959;167745;48609;81.603;81.603;81.603;81.603;[reg, sid, ban, sec, men, med, sum, bet, mmm, aei];10
Simple_LSTM;11;10998;10998;167706;48570;81.537;81.537;81.537;81.537;[reg, sid, ban, sec, men, med, sum, max, bet, hhh];10
Simple_LSTM;11;11051;11051;167653;48517;81.448;81.448;81.448;81.448;[reg, sid, ban, sec, men, med, sum, max, bet, mmm, aei];11
Simple_LSTM;11;11055;11055;167649;48513;81.441;81.441;81.441;81.441;[reg, sid, ban, sec, men, med, sum, bet, mmm, hhh, aei];11
Simple_LSTM;11;11074;11074;167630;48494;81.409;81.409;81.409;81.409;[reg, sid, ban, sec, men, med, sum, max, bet, mmm, hfq, aei];12
Simple_LSTM;11;11095;11095;167609;48473;81.374;81.374;81.374;81.374;[reg, sid, ban, sec, men, med, sum, bet, mmm, hfq, htp];11
Simple_LSTM;11;11099;11099;167605;48469;81.368;81.368;81.368;81.368;[reg, sid, ban, sec, men, med, sum, max, bet, aei];10
Simple_CNN;11;11123;11123;167581;48445;81.327;81.327;81.327;81.327;[reg, sid, ban, sec, men, med, sum, bet, mmm];9
Simple_CNN;11;11203;11203;167501;48365;81.193;81.193;81.193;81.193;[reg, sid, ban, sec, men, med, sum, max, bet, mmm];10
Simple_CNN;11;11227;11227;167477;48341;81.153;81.153;81.153;81.153;[reg, sid, ban, sec, men, med, sum, max, aci, bet, htp, hhh];12
Simple_LSTM;11;11231;11231;167473;48337;81.146;81.146;81.146;81.146;[reg, sid, ban, sec, men, med, sum, bet, mmm, hfq, hhh];11
Simple_LSTM;11;11247;11247;167457;48321;81.119;81.119;81.119;81.119;[reg, sid, ban, sec, men, med, sum, bet, mmm, hhh];10
Simple_LSTM;11;11255;11255;167449;48313;81.106;81.106;81.106;81.106;[reg, sid, ban, sec, men, med, sum, bet, mmm, hfq, aei];11
Simple_CNN;11;11285;11285;167419;48283;81.055;81.055;81.055;81.055;[reg, sid, ban, sec, men, med, sum, bet];8
Simple_CNN;11;11370;11370;167334;48198;80.913;80.913;80.913;80.913;[reg, sid, ban, sec, men, med, sum, max, aci, bet, htp];11
Simple_CNN;11;11375;11375;167329;48193;80.904;80.904;80.904;80.904;[reg, sid, ban, sec, men, med, sum, aci, bet, htp, aei];11
Simple_CNN;11;11411;11411;167293;48157;80.844;80.844;80.844;80.844;[reg, sid, ban, sec, men, med, sum, aci, bet, mmm, hfq];11
Simple_CNN;11;11412;11412;167292;48156;80.842;80.842;80.842;80.842;[reg, sid, ban, sec, men, med, sum, max, aci, bet, htp, aei];12
Simple_LSTM;11;11464;11464;167240;48104;80.755;80.755;80.755;80.755;[reg, sid, ban, sec, men, med, sum, bet, mmm];9
Simple_LSTM;11;11543;11543;167161;48025;80.622;80.622;80.622;80.622;[reg, sid, ban, sec, men, med, sum, bet, aei];9
Simple_CNN;11;11558;11558;167146;48010;80.597;80.597;80.597;80.597;[reg, sid, ban, sec, men, med, sum, max, aci, bet, mmm, htp];12
Simple_CNN;11;11568;11568;167136;48000;80.58;80.58;80.58;80.58;[reg, sid, ban, sec, men, med, sum, max, aci, bet, mmm, hhh];12
Simple_LSTM;11;11619;11619;167085;47949;80.495;80.495;80.495;80.495;[reg, sid, ban, sec, men, med, sum, aci, mmm, npp, hfq];11
Simple_CNN;11;11710;11710;166994;47858;80.342;80.342;80.342;80.342;[reg, sid, ban, sec, men, med, sum, aci, bet, hfq];10
Simple_CNN;11;11744;11744;166960;47824;80.285;80.285;80.285;80.285;[reg, sid, ban, sec, men, med, sum, max, aci, htp, aei];11
Simple_CNN;11;11758;11758;166946;47810;80.261;80.261;80.261;80.261;[reg, sid, ban, sec, men, med, sum, max, aci, bet, hfq];11
Simple_LSTM;11;11766;11766;166938;47802;80.248;80.248;80.248;80.248;[reg, sid, ban, sec, men, med, sum, bet];8
Simple_LSTM;11;11814;11814;166890;47754;80.167;80.167;80.167;80.167;[reg, sid, ban, sec, men, med, sum, max, aci, npp, htp];11
Simple_LSTM;11;11814;11814;166890;47754;80.167;80.167;80.167;80.167;[reg, sid, ban, sec, men, med, sum, bet, mmm, aei];10
Simple_CNN;11;11858;11858;166846;47710;80.093;80.093;80.093;80.093;[reg, sid, ban, sec, men, med, sum, max, aci, bet];10
Simple_CNN;11;11888;11888;166816;47680;80.043;80.043;80.043;80.043;[reg, sid, ban, sec, men, med, sum, max, aci, bet, hfq, hhh];12
Simple_CNN;11;11905;11905;166799;47663;80.014;80.014;80.014;80.014;[reg, sid, ban, sec, men, med, sum, max, aci, bet, hhh];11
Simple_CNN;11;11909;11909;166795;47659;80.008;80.008;80.008;80.008;[reg, sid, ban, sec, men, med, sum, aci, bet, htp, hhh];11
Simple_CNN;11;12030;12030;166674;47538;79.805;79.805;79.805;79.805;[reg, sid, ban, sec, men, med, sum, max, aci, bet, mmm, aei];12
Simple_CNN;11;12045;12045;166659;47523;79.779;79.779;79.779;79.779;[reg, sid, ban, sec, men, med, sum, max, aci, bet, mmm, hfq];12
Simple_LSTM;11;12047;12047;166657;47521;79.776;79.776;79.776;79.776;[reg, sid, ban, sec, men, med, sum, max, bet];9
Simple_CNN;11;12048;12048;166656;47520;79.774;79.774;79.774;79.774;[reg, sid, ban, sec, men, med, sum, max, aci, htp, hhh, aei];12
Simple_CNN;11;12135;12135;166569;47433;79.628;79.628;79.628;79.628;[reg, sid, ban, sec, men, med, sum, max, aci, bet, mmm];11
Simple_CNN;11;12166;12166;166538;47402;79.576;79.576;79.576;79.576;[reg, sid, ban, sec, men, med, sum, max, aci, bet, hfq, aei];12
Simple_CNN;11;12205;12205;166499;47363;79.511;79.511;79.511;79.511;[reg, sid, ban, sec, men, med, sum, aci, bet, hfq, hhh];11
Simple_CNN;11;12262;12262;166442;47306;79.415;79.415;79.415;79.415;[reg, sid, ban, sec, men, med, sum, aci, bet, hhh, aei];11
Simple_CNN;11;12412;12412;166292;47156;79.163;79.163;79.163;79.163;[reg, sid, ban, sec, men, med, sum, aci, mmm, htp, hhh];11
Simple_CNN;11;12418;12418;166286;47150;79.153;79.153;79.153;79.153;[reg, sid, ban, sec, men, med, sum, max, aci, bet, hfq, htp];12
Simple_CNN;11;12424;12424;166280;47144;79.143;79.143;79.143;79.143;[reg, sid, ban, sec, men, med, sum, max, aci, htp, hhh];11
Simple_CNN;11;12449;12449;166255;47119;79.101;79.101;79.101;79.101;[reg, sid, ban, sec, men, med, sum, aci, bet, mmm, htp];11
Simple_CNN;11;12481;12481;166223;47087;79.047;79.047;79.047;79.047;[reg, sid, ban, sec, men, med, sum, aci, bet, mmm, aei];11
Simple_CNN;11;12562;12562;166142;47006;78.911;78.911;78.911;78.911;[reg, sid, ban, sec, men, med, sum, aci, bet];9
Simple_CNN;11;12574;12574;166130;46994;78.891;78.891;78.891;78.891;[reg, sid, ban, sec, men, med, sum, aci, bet, hfq, aei];11
Simple_CNN;11;12641;12641;166063;46927;78.779;78.779;78.779;78.779;[reg, sid, ban, sec, men, med, sum, max, aci, bet, aei];11
Simple_CNN;11;12656;12656;166048;46912;78.754;78.754;78.754;78.754;[reg, sid, ban, sec, men, med, sum, max, aci, hfq, htp, hhh];12
Simple_CNN;11;12675;12675;166029;46893;78.722;78.722;78.722;78.722;[reg, sid, ban, sec, men, med, sum, aci, bet, hhh];10
Simple_CNN;11;12704;12704;166000;46864;78.673;78.673;78.673;78.673;[reg, sid, ban, sec, men, med, sum, aci, bet, mmm, hhh];11
Simple_CNN;11;12713;12713;165991;46855;78.658;78.658;78.658;78.658;[reg, sid, ban, sec, men, med, sum, aci, bet, htp];10
Simple_CNN;11;12786;12786;165918;46782;78.535;78.535;78.535;78.535;[reg, sid, ban, sec, men, med, sum, hfq];8
Simple_LSTM;11;12797;12797;165907;46771;78.517;78.517;78.517;78.517;[reg, sid, ban, sec, men, med, sum, max, aci, bet, hhh];11
Simple_CNN;11;12832;12832;165872;46736;78.458;78.458;78.458;78.458;[reg, sid, ban, sec, men, med, sum, aci, mmm, htp, aei];11
Simple_CNN;11;12864;12864;165840;46704;78.405;78.405;78.405;78.405;[reg, sid, ban, sec, men, med, sum, aci, bet, aei];10
Simple_LSTM;11;12954;12954;165750;46614;78.253;78.253;78.253;78.253;[reg, sid, ban, sec, men, med, sum, aci, bet, hfq, hhh];11
Simple_CNN;11;13070;13070;165634;46498;78.059;78.059;78.059;78.059;[reg, sid, ban, sec, men, med, sum, hhh];8
Simple_LSTM;11;13134;13134;165570;46434;77.951;77.951;77.951;77.951;[reg, sid, ban, sec, men, med, sum, max, aci, bet, hfq];11
Simple_LSTM;11;13171;13171;165533;46397;77.889;77.889;77.889;77.889;[reg, sid, ban, sec, men, med, sum, aci, npp, hfq, htp];11
Simple_LSTM;11;13230;13230;165474;46338;77.79;77.79;77.79;77.79;[reg, sid, ban, sec, men, med, sum, max, aci, bet];10
Simple_LSTM;11;13276;13276;165428;46292;77.713;77.713;77.713;77.713;[reg, sid, ban, sec, men, med, sum, max, aci, bet, mmm, hhh];12
Simple_CNN;11;13355;13355;165349;46213;77.58;77.58;77.58;77.58;[reg, sid, ban, sec, men, med, sum, aci, bet, mmm];10
Simple_LSTM;11;13375;13375;165329;46193;77.547;77.547;77.547;77.547;[reg, sid, ban, sec, men, med, sum, max, aci, bet, mmm, aei];12
Simple_CNN;11;13388;13388;165316;46180;77.525;77.525;77.525;77.525;[reg, sid, ban, sec, men, med, sum, aci, htp, hhh];10
Simple_CNN;11;13413;13413;165291;46155;77.483;77.483;77.483;77.483;[reg, sid, ban, sec, men, med, sum, aci, htp, hhh, aei];11
Simple_CNN;11;13453;13453;165251;46115;77.416;77.416;77.416;77.416;[reg, sid, ban, sec, men, med, sum, max, aci, hfq, hhh];11
Simple_LSTM;11;13476;13476;165228;46092;77.377;77.377;77.377;77.377;[reg, sid, ban, sec, men, med, sum, aci, bet, aei];10
Simple_CNN;11;13514;13514;165190;46054;77.313;77.313;77.313;77.313;[reg, sid, ban, sec, men, med, sum, max, aci, hfq, htp];11
Simple_CNN;11;13635;13635;165069;45933;77.11;77.11;77.11;77.11;[reg, sid, ban, sec, men, med, sum, max, aci, hfq, htp, aei];12
Simple_LSTM;11;13705;13705;164999;45863;76.993;76.993;76.993;76.993;[reg, sid, ban, sec, men, med, sum, aci, bet, mmm, hfq];11
Simple_CNN;11;13730;13730;164974;45838;76.951;76.951;76.951;76.951;[reg, sid, ban, sec, men, med, sum, aci, hfq, hhh, aei];11
Simple_LSTM;11;13754;13754;164950;45814;76.91;76.91;76.91;76.91;[reg, sid, ban, sec, men, med, sum, aci, bet, hhh];10
Simple_LSTM;11;13757;13757;164947;45811;76.905;76.905;76.905;76.905;[reg, sid, ban, sec, men, med, sum, aci, bet, mmm, aei];11
Simple_LSTM;11;13811;13811;164893;45757;76.815;76.815;76.815;76.815;[reg, sid, ban, sec, men, med, sum, max, aci, bet, htp];11
Simple_LSTM;11;13892;13892;164812;45676;76.679;76.679;76.679;76.679;[reg, sid, ban, sec, men, med, sum, aci, bet];9
Simple_LSTM;11;13982;13982;164722;45586;76.528;76.528;76.528;76.528;[reg, sid, ban, sec, men, med, sum, aci, bet, hhh, aei];11
Simple_LSTM;11;14049;14049;164655;45519;76.415;76.415;76.415;76.415;[reg, sid, ban, sec, men, med, sum, aci, bet, hfq, htp];11
Simple_LSTM;11;14054;14054;164650;45514;76.407;76.407;76.407;76.407;[reg, sid, ban, sec, men, med, sum, max, aci, bet, mmm, hfq];12
Simple_LSTM;11;14058;14058;164646;45510;76.4;76.4;76.4;76.4;[reg, sid, ban, sec, men, med, sum, max, aci, bet, aei];11
Simple_LSTM;11;14067;14067;164637;45501;76.385;76.385;76.385;76.385;[reg, sid, ban, sec, men, med, sum, aci, bet, htp];10
Simple_LSTM;11;14117;14117;164587;45451;76.301;76.301;76.301;76.301;[reg, sid, ban, sec, men, med, sum, aci, bet, hfq, aei];11
Simple_CNN;11;14349;14349;164355;45219;75.912;75.912;75.912;75.912;[reg, sid, ban, sec, men, med, sum, max, aci, mmm, hhh, aei];12
Simple_LSTM;11;14439;14439;164265;45129;75.76;75.76;75.76;75.76;[reg, sid, ban, sec, men, med, sum, max, aci, bet, hfq, hhh];12
Simple_CNN;11;14484;14484;164220;45084;75.685;75.685;75.685;75.685;[reg, sid, ban, sec, men, med, sum, max, aci, mmm, hfq, aei];12
Simple_LSTM;11;14494;14494;164210;45074;75.668;75.668;75.668;75.668;[reg, sid, ban, sec, men, med, sum, aci, bet, htp, hhh];11
Simple_LSTM;11;14559;14559;164145;45009;75.559;75.559;75.559;75.559;[reg, sid, ban, sec, men, med, sum, aci, bet, htp, aei];11
Simple_LSTM;11;14576;14576;164128;44992;75.53;75.53;75.53;75.53;[reg, sid, ban, sec, men, med, sum, max, aci, bet, mmm, htp];12
Simple_CNN;11;14633;14633;164071;44935;75.435;75.435;75.435;75.435;[reg, sid, ban, sec, men, med, sum, max, aci, hfq, hhh, aei];12
Simple_CNN;11;14743;14743;163961;44825;75.25;75.25;75.25;75.25;[reg, sid, ban, sec, men, med, sum, aei];8
Simple_CNN;11;14772;14772;163932;44796;75.201;75.201;75.201;75.201;[reg, sid, ban, sec, men, med, sum, max, aci, mmm, hfq];11
Simple_LSTM;11;14795;14795;163909;44773;75.163;75.163;75.163;75.163;[reg, sid, ban, sec, men, med, sum, aci, bet, mmm, hhh];11
Simple_CNN;11;14926;14926;163778;44642;74.943;74.943;74.943;74.943;[reg, sid, ban, sec, men, med, sum, aci, hfq, htp, aei];11
Simple_LSTM;11;15003;15003;163701;44565;74.814;74.814;74.814;74.814;[reg, sid, ban, sec, men, med, sum, mmm, hfq, htp];10
Simple_LSTM;11;15003;15003;163701;44565;74.814;74.814;74.814;74.814;[reg, sid, ban, sec, men, med, sum, max, aci, bet, htp, aei];12
Simple_LSTM;11;15059;15059;163645;44509;74.72;74.72;74.72;74.72;[reg, sid, ban, sec, men, med, sum, max, aci, bet, htp, hhh];12
Simple_LSTM;11;15065;15065;163639;44503;74.71;74.71;74.71;74.71;[reg, sid, ban, sec, men, med, sum, aci, bet, hfq];10
Simple_LSTM;11;15109;15109;163595;44459;74.636;74.636;74.636;74.636;[reg, sid, ban, sec, men, med, sum, aci, bet, mmm, htp];11
Simple_LSTM;11;15157;15157;163547;44411;74.555;74.555;74.555;74.555;[reg, sid, ban, sec, men, med, sum, aci, bet, mmm];10
Simple_CNN;11;15183;15183;163521;44385;74.511;74.511;74.511;74.511;[reg, sid, ban, sec, men, med, sum, max, aci, mmm, htp];11
Simple_LSTM;11;15189;15189;163515;44379;74.501;74.501;74.501;74.501;[reg, sid, ban, sec, men, med, sum, max, aci, bet, hfq, htp];12
Simple_CNN;11;15247;15247;163457;44321;74.404;74.404;74.404;74.404;[reg, sid, ban, sec, men, med, sum, max, aci, hfq, aei];11
Simple_CNN;11;15318;15318;163386;44250;74.285;74.285;74.285;74.285;[reg, sid, ban, sec, men, med, sum, max, aci, hhh, aei];11
Simple_LSTM;11;15358;15358;163346;44210;74.218;74.218;74.218;74.218;[reg, sid, ban, sec, men, med, sum, max, aci, bet, hfq, aei];12
Simple_LSTM;11;15410;15410;163294;44158;74.13;74.13;74.13;74.13;[reg, sid, ban, sec, men, med, sum, max, aci, bet, hhh, aei];12
Simple_CNN;11;15517;15517;163187;44051;73.951;73.951;73.951;73.951;[reg, sid, ban, sec, men, med, sum, aci, hfq, htp, hhh];11
Simple_CNN;11;15586;15586;163118;43982;73.835;73.835;73.835;73.835;[reg, sid, ban, sec, men, med, sum, max, aci, mmm, htp, aei];12
Simple_CNN;11;15671;15671;163033;43897;73.692;73.692;73.692;73.692;[reg, sid, ban, sec, men, med, sum, aci, htp, aei];10
Simple_CNN;11;15674;15674;163030;43894;73.687;73.687;73.687;73.687;[reg, sid, ban, sec, men, med, sum, aci, hfq, hhh];10
Simple_CNN;11;15722;15722;162982;43846;73.607;73.607;73.607;73.607;[reg, sid, ban, sec, men, med, sum, aci, mmm, hfq, hhh];11
Simple_CNN;11;15890;15890;162814;43678;73.325;73.325;73.325;73.325;[reg, sid, ban, sec, men, med, sum, max, aci, mmm, htp, hhh];12
Simple_CNN;11;15933;15933;162771;43635;73.252;73.252;73.252;73.252;[reg, sid, ban, sec, men, med, sum, max, aci, mmm, hfq, hhh];12
Simple_CNN;11;16046;16046;162658;43522;73.063;73.063;73.063;73.063;[reg, sid, ban, sec, men, med, sum, aci, mmm, hfq, htp];11
Simple_CNN;11;16102;16102;162602;43466;72.969;72.969;72.969;72.969;[reg, sid, ban, sec, men, med, sum, aci, hhh, aei];10
Simple_CNN;11;16145;16145;162559;43423;72.897;72.897;72.897;72.897;[reg, sid, ban, sec, men, med, sum, max, aci, hhh];10
Simple_CNN;11;16175;16175;162529;43393;72.846;72.846;72.846;72.846;[reg, sid, ban, sec, men, med, sum, max, aci];9
Simple_CNN;11;16235;16235;162469;43333;72.745;72.745;72.745;72.745;[reg, sid, ban, sec, men, med, sum, max, aci, htp];10
Simple_CNN;11;16280;16280;162424;43288;72.67;72.67;72.67;72.67;[reg, sid, ban, sec, men, med, sum, max, aci, mmm, aei];11
Simple_CNN;11;16426;16426;162278;43142;72.425;72.425;72.425;72.425;[reg, sid, ban, sec, men, med, sum, aci, hfq, aei];10
Simple_CNN;11;16452;16452;162252;43116;72.381;72.381;72.381;72.381;[reg, sid, ban, sec, men, med, sum, aci, mmm, hfq, aei];11
Simple_CNN;11;16488;16488;162216;43080;72.321;72.321;72.321;72.321;[reg, sid, ban, sec, men, med, sum, max, aci, mmm, hfq, htp];12
Simple_CNN;11;16492;16492;162212;43076;72.314;72.314;72.314;72.314;[reg, sid, ban, sec, men, med, sum, aci, hhh];9
Simple_CNN;11;16516;16516;162188;43052;72.274;72.274;72.274;72.274;[reg, sid, ban, sec, men, med, sum, aci, mmm, hfq];10
Simple_CNN;11;16526;16526;162178;43042;72.257;72.257;72.257;72.257;[reg, sid, ban, sec, men, med, sum, aci, mmm, htp];10
Simple_CNN;11;16541;16541;162163;43027;72.232;72.232;72.232;72.232;[reg, sid, ban, sec, men, med, sum, max, aci, aei];10
Simple_CNN;11;16744;16744;161960;42824;71.891;71.891;71.891;71.891;[reg, sid, ban, sec, men, med, sum, max, aci, mmm, hhh];11
Simple_CNN;11;16771;16771;161933;42797;71.846;71.846;71.846;71.846;[reg, sid, ban, sec, men, med, sum, aci, htp];9
Simple_CNN;11;16792;16792;161912;42776;71.81;71.81;71.81;71.81;[reg, sid, ban, sec, men, med, sum, max, aci, hfq];10
Simple_CNN;11;16830;16830;161874;42738;71.747;71.747;71.747;71.747;[reg, sid, ban, sec, men, med, sum, aci, mmm];9
Simple_CNN;11;16892;16892;161812;42676;71.642;71.642;71.642;71.642;[reg, sid, ban, sec, men, med, sum, max, mmm];9
Simple_CNN;11;16984;16984;161720;42584;71.488;71.488;71.488;71.488;[reg, sid, ban, sec, men, med, sum, aci, aei];9
Simple_CNN;11;17024;17024;161680;42544;71.421;71.421;71.421;71.421;[reg, sid, ban, sec, men, med, sum, aci, mmm, hhh, aei];11
Simple_LSTM;11;17080;17080;161624;42488;71.327;71.327;71.327;71.327;[reg, sid, ban, sec, men, med, sum, max, aci, hhh];10
Simple_CNN;11;17325;17325;161379;42243;70.916;70.916;70.916;70.916;[reg, sid, ban, sec, men, med, sum, aci, hfq, htp];10
Simple_CNN;11;17397;17397;161307;42171;70.795;70.795;70.795;70.795;[reg, sid, ban, sec, men, med, sum, max];8
Simple_CNN;11;17446;17446;161258;42122;70.712;70.712;70.712;70.712;[reg, sid, ban, sec, men, med, sum, aci, hfq];9
Simple_LSTM;11;17517;17517;161187;42051;70.593;70.593;70.593;70.593;[reg, sid, ban, sec, men, med, sum, max, aci];9
Simple_CNN;11;17535;17535;161169;42033;70.563;70.563;70.563;70.563;[reg, sid, ban, sec, men, med, sum, aci, mmm, aei];10
Simple_LSTM;11;17729;17729;160975;41839;70.237;70.237;70.237;70.237;[reg, sid, ban, sec, men, med, sum, max, aci, htp];10
Simple_LSTM;11;17743;17743;160961;41825;70.214;70.214;70.214;70.214;[reg, sid, ban, sec, men, med, sum, aci, htp, aei];10
Simple_CNN;11;17782;17782;160922;41786;70.148;70.148;70.148;70.148;[reg, sid, ban, sec, men, med, sum, max, aci, mmm];10
Simple_LSTM;11;17864;17864;160840;41704;70.011;70.011;70.011;70.011;[reg, sid, ban, sec, men, med, sum, max, aci, bet, mmm];11
Simple_CNN;11;17915;17915;160789;41653;69.925;69.925;69.925;69.925;[reg, sid, ban, sec, men, med, sum, mmm];8
Simple_CNN;11;18058;18058;160646;41510;69.685;69.685;69.685;69.685;[reg, sid, ban, sec, men, med, sum, aci];8
Simple_LSTM;11;18192;18192;160512;41376;69.46;69.46;69.46;69.46;[reg, sid, ban, sec, men, med, sum, hfq];8
Simple_LSTM;11;18194;18194;160510;41374;69.457;69.457;69.457;69.457;[reg, sid, ban, sec, men, med, sum, max, htp, hhh];10
Simple_LSTM;11;18205;18205;160499;41363;69.438;69.438;69.438;69.438;[reg, sid, ban, sec, men, med, sum, hfq, htp];9
Simple_LSTM;11;18213;18213;160491;41355;69.425;69.425;69.425;69.425;[reg, sid, ban, sec, men, med, sum, aci, htp];9
Simple_LSTM;11;18231;18231;160473;41337;69.395;69.395;69.395;69.395;[reg, sid, ban, sec, men, med, sum, htp, aei];9
Simple_LSTM;11;18234;18234;160470;41334;69.39;69.39;69.39;69.39;[reg, sid, ban, sec, men, med, sum, htp, hhh, aei];10
Simple_LSTM;11;18243;18243;160461;41325;69.374;69.374;69.374;69.374;[reg, sid, ban, sec, men, med, sum, mmm, htp, hhh];10
Simple_LSTM;11;18246;18246;160458;41322;69.369;69.369;69.369;69.369;[reg, sid, ban, sec, men, med, sum, hfq, htp, hhh, aei];11
Simple_LSTM;11;18250;18250;160454;41318;69.363;69.363;69.363;69.363;[reg, sid, ban, sec, men, med, sum, htp];8
Simple_LSTM;11;18257;18257;160447;41311;69.351;69.351;69.351;69.351;[reg, sid, ban, sec, men, med, sum, mmm, aei];9
Simple_LSTM;11;18260;18260;160444;41308;69.346;69.346;69.346;69.346;[reg, sid, ban, sec, men, med, sum, max, mmm, hfq, hhh];11
Simple_LSTM;11;18268;18268;160436;41300;69.333;69.333;69.333;69.333;[reg, sid, ban, sec, men, med, sum, max, mmm, hfq];10
Simple_LSTM;11;18274;18274;160430;41294;69.322;69.322;69.322;69.322;[reg, sid, ban, sec, men, med, sum, max, hfq, htp, aei];11
Simple_LSTM;11;18293;18293;160411;41275;69.291;69.291;69.291;69.291;[reg, sid, ban, sec, men, med, sum, max, hhh, aei];10
Simple_CNN;11;18298;18298;160406;41270;69.282;69.282;69.282;69.282;[reg, sid, ban, sec, men, med, sum, aci, mmm, hhh];10
Simple_LSTM;11;18300;18300;160404;41268;69.279;69.279;69.279;69.279;[reg, sid, ban, sec, men, med, sum, hfq, htp, hhh];10
Simple_LSTM;11;18310;18310;160394;41258;69.262;69.262;69.262;69.262;[reg, sid, ban, sec, men, med, sum, aei];8
Simple_LSTM;11;18310;18310;160394;41258;69.262;69.262;69.262;69.262;[reg, sid, ban, sec, men, med, sum, hfq, hhh, aei];10
Simple_LSTM;11;18342;18342;160362;41226;69.208;69.208;69.208;69.208;[reg, sid, ban, sec, men, med, sum, mmm, hhh];9
Simple_LSTM;11;18344;18344;160360;41224;69.205;69.205;69.205;69.205;[reg, sid, ban, sec, men, med, sum, max];8
Simple_LSTM;11;18350;18350;160354;41218;69.195;69.195;69.195;69.195;[reg, sid, ban, sec, men, med, sum, max, mmm, aei];10
Simple_LSTM;11;18353;18353;160351;41215;69.19;69.19;69.19;69.19;[reg, sid, ban, sec, men, med, sum, hfq, aei];9
Simple_LSTM;11;18367;18367;160337;41201;69.166;69.166;69.166;69.166;[reg, sid, ban, sec, men, med, sum, max, mmm, hhh];10
Simple_LSTM;11;18367;18367;160337;41201;69.166;69.166;69.166;69.166;[reg, sid, ban, sec, men, med, sum, max, aei];9
Simple_LSTM;11;18372;18372;160332;41196;69.158;69.158;69.158;69.158;[reg, sid, ban, sec, men, med, sum, max, htp];9
Simple_LSTM;11;18374;18374;160330;41194;69.155;69.155;69.155;69.155;[reg, sid, ban, sec, men, med, sum, mmm, hfq, aei];10
Simple_LSTM;11;18379;18379;160325;41189;69.146;69.146;69.146;69.146;[reg, sid, ban, sec, men, med, sum, mmm, hfq];9
Simple_LSTM;11;18382;18382;160322;41186;69.141;69.141;69.141;69.141;[reg, sid, ban, sec, men, med, sum, mmm, hhh, aei];10
Simple_LSTM;11;18393;18393;160311;41175;69.123;69.123;69.123;69.123;[reg, sid, ban, sec, men, med, sum, mmm, hfq, htp, aei];11
Simple_LSTM;11;18410;18410;160294;41158;69.094;69.094;69.094;69.094;[reg, sid, ban, sec, men, med, sum, max, aci, mmm, hfq, htp];12
Simple_LSTM;11;18422;18422;160282;41146;69.074;69.074;69.074;69.074;[reg, sid, ban, sec, men, med, sum, max, hfq, htp, hhh];11
Simple_LSTM;11;18425;18425;160279;41143;69.069;69.069;69.069;69.069;[reg, sid, ban, sec, men, med, sum, mmm];8
Simple_LSTM;11;18429;18429;160275;41139;69.062;69.062;69.062;69.062;[reg, sid, ban, sec, men, med, sum, aci];8
Simple_LSTM;11;18433;18433;160271;41135;69.056;69.056;69.056;69.056;[reg, sid, ban, sec, men, med, sum, mmm, htp, aei];10
Simple_LSTM;11;18446;18446;160258;41122;69.034;69.034;69.034;69.034;[reg, sid, ban, sec, men, med, sum, max, htp, aei];10
Simple_LSTM;11;18452;18452;160252;41116;69.024;69.024;69.024;69.024;[reg, sid, ban, sec, men, med, sum, mmm, hfq, htp, hhh];11
Simple_LSTM;11;18453;18453;160251;41115;69.022;69.022;69.022;69.022;[reg, sid, ban, sec, men, med, sum, hhh, aei];9
Simple_LSTM;11;18462;18462;160242;41106;69.007;69.007;69.007;69.007;[reg, sid, ban, sec, men, med, sum, mmm, hfq, hhh, aei];11
Simple_LSTM;11;18471;18471;160233;41097;68.992;68.992;68.992;68.992;[reg, sid, ban, sec, men, med, sum, max, mmm, hfq, htp];11
Simple_LSTM;11;18471;18471;160233;41097;68.992;68.992;68.992;68.992;[reg, sid, ban, sec, men, med, sum, mmm, htp];9
Simple_LSTM;11;18483;18483;160221;41085;68.972;68.972;68.972;68.972;[reg, sid, ban, sec, men, med, sum, max, mmm, hhh, aei];11
Simple_LSTM;11;18503;18503;160201;41065;68.938;68.938;68.938;68.938;[reg, sid, ban, sec, men, med, sum, htp, hhh];9
Simple_LSTM;11;18511;18511;160193;41057;68.925;68.925;68.925;68.925;[reg, sid, ban, sec, men, med, sum, max, mmm, htp, hhh];11
Simple_LSTM;11;18531;18531;160173;41037;68.891;68.891;68.891;68.891;[reg, sid, ban, sec, men, med, sum, mmm, htp, hhh, aei];11
Simple_LSTM;11;18542;18542;160162;41026;68.873;68.873;68.873;68.873;[reg, sid, ban, sec, men, med, sum, mmm, hfq, hhh];10
Simple_LSTM;11;18559;18559;160145;41009;68.844;68.844;68.844;68.844;[reg, sid, ban, sec, men, med, sum, max, mmm, htp];10
Simple_LSTM;11;18562;18562;160142;41006;68.839;68.839;68.839;68.839;[reg, sid, ban, sec, men, med, sum, max, hfq, htp];10
Simple_LSTM;11;18583;18583;160121;40985;68.804;68.804;68.804;68.804;[reg, sid, ban, sec, men, med, sum, max, aci, mmm, htp, aei];12
Simple_LSTM;11;18585;18585;160119;40983;68.8;68.8;68.8;68.8;[reg, sid, ban, sec, men, med, sum, max, mmm, hfq, aei];11
Simple_LSTM;11;18604;18604;160100;40964;68.768;68.768;68.768;68.768;[reg, sid, ban, sec, men, med, sum, max, hhh];9
Simple_LSTM;11;18617;18617;160087;40951;68.747;68.747;68.747;68.747;[reg, sid, ban, sec, men, med, sum, max, mmm];9
Simple_LSTM;11;18649;18649;160055;40919;68.693;68.693;68.693;68.693;[reg, sid, ban, sec, men, med, sum, max, hfq, hhh];10
Simple_LSTM;11;18722;18722;159982;40846;68.57;68.57;68.57;68.57;[reg, sid, ban, sec, men, med, sum, aci, hfq, hhh, aei];11
Simple_LSTM;11;18723;18723;159981;40845;68.569;68.569;68.569;68.569;[reg, sid, ban, sec, men, med, sum, hhh];8
Simple_LSTM;11;18742;18742;159962;40826;68.537;68.537;68.537;68.537;[reg, sid, ban, sec, men, med, sum, max, aci, hfq];10
Simple_LSTM;11;18773;18773;159931;40795;68.485;68.485;68.485;68.485;[reg, sid, ban, sec, men, med, sum, aci, mmm];9
Simple_LSTM;11;18790;18790;159914;40778;68.456;68.456;68.456;68.456;[reg, sid, ban, sec, men, med, sum, aci, hfq, htp];10
Simple_LSTM;11;18837;18837;159867;40731;68.377;68.377;68.377;68.377;[reg, sid, ban, sec, men, med, sum, hfq, htp, aei];10
Simple_LSTM;11;18870;18870;159834;40698;68.322;68.322;68.322;68.322;[reg, sid, ban, sec, men, med, sum, max, aci, aei];10
Simple_LSTM;11;18936;18936;159768;40632;68.211;68.211;68.211;68.211;[reg, sid, ban, sec, men, med, sum, max, htp, hhh, aei];11
Simple_LSTM;11;18941;18941;159763;40627;68.203;68.203;68.203;68.203;[reg, sid, ban, sec, men, med, sum, max, hfq, aei];10
Simple_LSTM;11;19032;19032;159672;40536;68.05;68.05;68.05;68.05;[reg, sid, ban, sec, men, med, sum, max, hfq];9
Simple_LSTM;11;19042;19042;159662;40526;68.033;68.033;68.033;68.033;[reg, sid, ban, sec, men, med, sum, aci, hhh, aei];10
Simple_LSTM;11;19120;19120;159584;40448;67.902;67.902;67.902;67.902;[reg, sid, ban, sec, men, med, sum, max, hfq, hhh, aei];11
Simple_LSTM;11;19292;19292;159412;40276;67.613;67.613;67.613;67.613;[reg, sid, ban, sec, men, med, sum, hfq, hhh];9
Simple_LSTM;11;19343;19343;159361;40225;67.528;67.528;67.528;67.528;[reg, sid, ban, sec, men, med, sum, aci, mmm, hfq, hhh];11
Simple_LSTM;11;19497;19497;159207;40071;67.269;67.269;67.269;67.269;[reg, sid, ban, sec, men, med, sum, max, aci, htp, hhh];11
Simple_LSTM;11;19554;19554;159150;40014;67.174;67.174;67.174;67.174;[reg, sid, ban, sec, men, med, sum, max, aci, mmm, htp];11
Simple_LSTM;11;19658;19658;159046;39910;66.999;66.999;66.999;66.999;[reg, sid, ban, sec, men, med, sum, max, aci, mmm, hfq];11
Simple_LSTM;11;19692;19692;159012;39876;66.942;66.942;66.942;66.942;[reg, sid, ban, sec, men, med, sum, aci, hhh];9
Simple_LSTM;11;19753;19753;158951;39815;66.84;66.84;66.84;66.84;[reg, sid, ban, sec, men, med, sum, max, aci, htp, hhh, aei];12
Simple_LSTM;11;19847;19847;158857;39721;66.682;66.682;66.682;66.682;[reg, sid, ban, sec, men, med, sum, aci, htp, hhh];10
Simple_LSTM;11;19861;19861;158843;39707;66.658;66.658;66.658;66.658;[reg, sid, ban, sec, men, med, sum, aci, htp, hhh, aei];11
Simple_LSTM;11;19925;19925;158779;39643;66.551;66.551;66.551;66.551;[reg, sid, ban, sec, men, med, sum, max, aci, mmm, hfq, hhh];12
Simple_LSTM;11;20050;20050;158654;39518;66.341;66.341;66.341;66.341;[reg, sid, ban, sec, men, med, sum, aci, hfq];9
Simple_LSTM;11;20083;20083;158621;39485;66.286;66.286;66.286;66.286;[reg, sid, ban, sec, men, med, sum, max, aci, mmm];10
Simple_LSTM;11;20186;20186;158518;39382;66.113;66.113;66.113;66.113;[reg, sid, ban, sec, men, med, sum, aci, mmm, hfq];10
Simple_LSTM;11;20532;20532;158172;39036;65.532;65.532;65.532;65.532;[reg, sid, ban, sec, men, med, sum, max, aci, htp, aei];11
Simple_LSTM;11;20566;20566;158138;39002;65.475;65.475;65.475;65.475;[reg, sid, ban, sec, men, med, sum, max, aci, mmm, aei];11
Simple_LSTM;11;20581;20581;158123;38987;65.45;65.45;65.45;65.45;[reg, sid, ban, sec, men, med, sum, aci, mmm, hhh];10
Simple_LSTM;11;20660;20660;158044;38908;65.317;65.317;65.317;65.317;[reg, sid, ban, sec, men, med, sum, max, aci, hfq, htp];11
Simple_LSTM;11;20670;20670;158034;38898;65.3;65.3;65.3;65.3;[reg, sid, ban, sec, men, med, sum, aci, aei];9
Simple_LSTM;11;20691;20691;158013;38877;65.265;65.265;65.265;65.265;[reg, sid, ban, sec, men, med, sum, max, aci, mmm, hhh, aei];12
Simple_LSTM;11;20695;20695;158009;38873;65.258;65.258;65.258;65.258;[reg, sid, ban, sec, men, med, sum, aci, mmm, htp, aei];11
Simple_LSTM;11;20717;20717;157987;38851;65.221;65.221;65.221;65.221;[reg, sid, ban, sec, men, med, sum, max, aci, mmm, hfq, aei];12
Simple_LSTM;11;20763;20763;157941;38805;65.144;65.144;65.144;65.144;[reg, sid, ban, sec, men, med, sum, aci, hfq, hhh];10
Simple_LSTM;11;20891;20891;157813;38677;64.929;64.929;64.929;64.929;[reg, sid, ban, sec, men, med, sum, aci, mmm, htp];10
Simple_LSTM;11;21062;21062;157642;38506;64.642;64.642;64.642;64.642;[reg, sid, ban, sec, men, med, sum, aci, mmm, hfq, htp];11
Simple_LSTM;11;21081;21081;157623;38487;64.61;64.61;64.61;64.61;[reg, sid, ban, sec, men, med, sum, max, aci, hhh, aei];11
Simple_LSTM;11;21153;21153;157551;38415;64.489;64.489;64.489;64.489;[reg, sid, ban, sec, men, med, sum, max, aci, hfq, aei];11
Simple_LSTM;11;21251;21251;157453;38317;64.325;64.325;64.325;64.325;[reg, sid, ban, sec, men, med, sum, aci, hfq, htp, hhh];11
Simple_LSTM;11;21429;21429;157275;38139;64.026;64.026;64.026;64.026;[reg, sid, ban, sec, men, med, sum, max, aci, mmm, hhh];11
Simple_LSTM;11;21522;21522;157182;38046;63.87;63.87;63.87;63.87;[reg, sid, ban, sec, men, med, sum, max, aci, hfq, htp, hhh];12
Simple_LSTM;11;21572;21572;157132;37996;63.786;63.786;63.786;63.786;[reg, sid, ban, sec, men, med, sum, aci, hfq, aei];10
Simple_LSTM;11;21655;21655;157049;37913;63.647;63.647;63.647;63.647;[reg, sid, ban, sec, men, med, sum, aci, mmm, aei];10
Simple_LSTM;11;21683;21683;157021;37885;63.6;63.6;63.6;63.6;[reg, sid, ban, sec, men, med, sum, max, aci, mmm, htp, hhh];12
Simple_LSTM;11;21821;21821;156883;37747;63.368;63.368;63.368;63.368;[reg, sid, ban, sec, men, med, sum, max, aci, hfq, hhh, aei];12
Simple_LSTM;11;21865;21865;156839;37703;63.294;63.294;63.294;63.294;[reg, sid, ban, sec, men, med, sum, aci, mmm, htp, hhh];11
Simple_LSTM;11;22548;22548;156156;37020;62.147;62.147;62.147;62.147;[reg, sid, ban, sec, men, med, sum, max, aci, hfq, htp, aei];12
Simple_LSTM;11;22681;22681;156023;36887;61.924;61.924;61.924;61.924;[reg, sid, ban, sec, men, med, sum, max, aci, hfq, hhh];11
Simple_LSTM;11;23066;23066;155638;36502;61.278;61.278;61.278;61.278;[reg, sid, ban, sec, men, med, sum, aci, mmm, hhh, aei];11
Simple_LSTM;11;23249;23249;155455;36319;60.971;60.971;60.971;60.971;[reg, sid, ban, sec, men, med, sum, aci, mmm, hfq, aei];11
Simple_LSTM;11;23549;23549;155155;36019;60.467;60.467;60.467;60.467;[reg, sid, ban, sec, men, med, sum, aci, hfq, htp, aei];11
Simple_SVM;11;35334;35334;143370;24234;40.683;40.683;40.683;40.683;[reg, sid, ban, sec, men, med, sum, hfq];8
Simple_SVM;11;35374;35374;143330;24194;40.616;40.616;40.616;40.616;[reg, sid, ban, sec, men, med, sum, hfq, htp];9
Simple_SVM;11;35589;35589;143115;23979;40.255;40.255;40.255;40.255;[reg, sid, ban, sec, men, med, sum, max, aei];9
Simple_SVM;11;35602;35602;143102;23966;40.233;40.233;40.233;40.233;[reg, sid, ban, sec, men, med, sum, mmm, htp];9
Simple_SVM;11;35608;35608;143096;23960;40.223;40.223;40.223;40.223;[reg, sid, ban, sec, men, med, sum, mmm, aei];9
Simple_SVM;11;35678;35678;143026;23890;40.105;40.105;40.105;40.105;[reg, sid, ban, sec, men, med, sum, mmm, hfq];9
Simple_SVM;11;35767;35767;142937;23801;39.956;39.956;39.956;39.956;[reg, sid, ban, sec, men, med, sum, max, mmm, htp, aei];11
Simple_SVM;11;35772;35772;142932;23796;39.948;39.948;39.948;39.948;[reg, sid, ban, sec, men, med, sum, max, hhh];9
Simple_SVM;11;35795;35795;142909;23773;39.909;39.909;39.909;39.909;[reg, sid, ban, sec, men, med, sum, mmm, hhh, aei];10
Simple_SVM;11;35808;35808;142896;23760;39.887;39.887;39.887;39.887;[reg, sid, ban, sec, men, med, sum, htp, aei];9
Simple_SVM;11;35833;35833;142871;23735;39.845;39.845;39.845;39.845;[reg, sid, ban, sec, men, med, sum, hhh];8
Simple_SVM;11;35891;35891;142813;23677;39.748;39.748;39.748;39.748;[reg, sid, ban, sec, men, med, sum, max, mmm];9
Simple_SVM;11;35913;35913;142791;23655;39.711;39.711;39.711;39.711;[reg, sid, ban, sec, men, med, sum, aei];8
Simple_SVM;11;35946;35946;142758;23622;39.656;39.656;39.656;39.656;[reg, sid, ban, sec, men, med, sum, hhh, aei];9
Simple_SVM;11;35984;35984;142720;23584;39.592;39.592;39.592;39.592;[reg, sid, ban, sec, men, med, sum, hfq, aei];9
Simple_SVM;11;36101;36101;142603;23467;39.395;39.395;39.395;39.395;[reg, sid, ban, sec, men, med, sum, hfq, hhh];9
Simple_SVM;11;36181;36181;142523;23387;39.261;39.261;39.261;39.261;[reg, sid, ban, sec, men, med, sum, htp];8
Simple_SVM;11;36196;36196;142508;23372;39.236;39.236;39.236;39.236;[reg, sid, ban, sec, men, med, sum, mmm, hfq, hhh, aei];11
Simple_SVM;11;36234;36234;142470;23334;39.172;39.172;39.172;39.172;[reg, sid, ban, sec, men, med, sum, hfq, hhh, aei];10
Simple_SVM;11;36303;36303;142401;23265;39.056;39.056;39.056;39.056;[reg, sid, ban, sec, men, med, sum, mmm, htp, aei];10
Simple_SVM;11;36308;36308;142396;23260;39.048;39.048;39.048;39.048;[reg, sid, ban, sec, men, med, sum, max, mmm, htp, hhh];11
Simple_SVM;11;36345;36345;142359;23223;38.986;38.986;38.986;38.986;[reg, sid, ban, sec, men, med, sum, max, hfq, htp];10
Simple_SVM;11;36352;36352;142352;23216;38.974;38.974;38.974;38.974;[reg, sid, ban, sec, men, med, sum, max, mmm, aei];10
Simple_SVM;11;36368;36368;142336;23200;38.947;38.947;38.947;38.947;[reg, sid, ban, sec, men, med, sum, max, htp];9
Simple_SVM;11;36371;36371;142333;23197;38.942;38.942;38.942;38.942;[reg, sid, ban, sec, men, med, sum, max, hhh, aei];10
Simple_SVM;11;36386;36386;142318;23182;38.917;38.917;38.917;38.917;[reg, sid, ban, sec, men, med, sum, max, htp, hhh];10
Simple_SVM;11;36410;36410;142294;23158;38.877;38.877;38.877;38.877;[reg, sid, ban, sec, men, med, sum, max];8
Simple_SVM;11;36418;36418;142286;23150;38.863;38.863;38.863;38.863;[reg, sid, ban, sec, men, med, sum, max, htp, aei];10
Simple_SVM;11;36430;36430;142274;23138;38.843;38.843;38.843;38.843;[reg, sid, ban, sec, men, med, sum, max, mmm, hhh];10
Simple_SVM;11;36501;36501;142203;23067;38.724;38.724;38.724;38.724;[reg, sid, ban, sec, men, med, sum, mmm, hhh];9
Simple_SVM;11;36511;36511;142193;23057;38.707;38.707;38.707;38.707;[reg, sid, ban, sec, men, med, sum, mmm];8
Simple_SVM;11;36521;36521;142183;23047;38.69;38.69;38.69;38.69;[reg, sid, ban, sec, men, med, sum, max, mmm, hfq];10
Simple_SVM;11;36522;36522;142182;23046;38.689;38.689;38.689;38.689;[reg, sid, ban, sec, men, med, sum, max, mmm, hfq, htp];11
Simple_SVM;11;36542;36542;142162;23026;38.655;38.655;38.655;38.655;[reg, sid, ban, sec, men, med, sum, max, hfq, hhh];10
Simple_SVM;11;36569;36569;142135;22999;38.61;38.61;38.61;38.61;[reg, sid, ban, sec, men, med, sum, max, hfq];9
Simple_SVM;11;36573;36573;142131;22995;38.603;38.603;38.603;38.603;[reg, sid, ban, sec, men, med, sum, hfq, htp, hhh];10
Simple_SVM;11;36575;36575;142129;22993;38.6;38.6;38.6;38.6;[reg, sid, ban, sec, men, med, sum, hfq, htp, hhh, aei];11
Simple_SVM;11;36634;36634;142070;22934;38.501;38.501;38.501;38.501;[reg, sid, ban, sec, men, med, sum, max, hfq, htp, aei];11
Simple_SVM;11;36652;36652;142052;22916;38.47;38.47;38.47;38.47;[reg, sid, ban, sec, men, med, sum, mmm, hfq, aei];10
Simple_SVM;11;36683;36683;142021;22885;38.418;38.418;38.418;38.418;[reg, sid, ban, sec, men, med, sum, mmm, htp, hhh, aei];11
Simple_SVM;11;36748;36748;141956;22820;38.309;38.309;38.309;38.309;[reg, sid, ban, sec, men, med, sum, hfq, htp, aei];10
Simple_SVM;11;36754;36754;141950;22814;38.299;38.299;38.299;38.299;[reg, sid, ban, sec, men, med, sum, htp, hhh, aei];10
Simple_SVM;11;36766;36766;141938;22802;38.279;38.279;38.279;38.279;[reg, sid, ban, sec, men, med, sum, mmm, hfq, htp, aei];11
Simple_SVM;11;36807;36807;141897;22761;38.21;38.21;38.21;38.21;[reg, sid, ban, sec, men, med, sum, max, mmm, hfq, aei];11
Simple_SVM;11;36821;36821;141883;22747;38.187;38.187;38.187;38.187;[reg, sid, ban, sec, men, med, sum, htp, hhh];9
Simple_SVM;11;36861;36861;141843;22707;38.119;38.119;38.119;38.119;[reg, sid, ban, sec, men, med, sum, max, mmm, hhh, aei];11
Simple_SVM;11;36875;36875;141829;22693;38.096;38.096;38.096;38.096;[reg, sid, ban, sec, men, med, sum, max, hfq, hhh, aei];11
Simple_SVM;11;36888;36888;141816;22680;38.074;38.074;38.074;38.074;[reg, sid, ban, sec, men, med, sum, mmm, hfq, hhh];10
Simple_SVM;11;36903;36903;141801;22665;38.049;38.049;38.049;38.049;[reg, sid, ban, sec, men, med, sum, max, mmm, hfq, hhh];11
Simple_SVM;11;36938;36938;141766;22630;37.99;37.99;37.99;37.99;[reg, sid, ban, sec, men, med, sum, mmm, htp, hhh];10
Simple_SVM;11;36940;36940;141764;22628;37.987;37.987;37.987;37.987;[reg, sid, ban, sec, men, med, sum, max, hfq, htp, hhh];11
Simple_SVM;11;36940;36940;141764;22628;37.987;37.987;37.987;37.987;[reg, sid, ban, sec, men, med, sum, mmm, hfq, htp, hhh];11
Simple_SVM;11;37003;37003;141701;22565;37.881;37.881;37.881;37.881;[reg, sid, ban, sec, men, med, sum, max, mmm, htp];10
Simple_SVM;11;37013;37013;141691;22555;37.864;37.864;37.864;37.864;[reg, sid, ban, sec, men, med, sum, mmm, hfq, htp];10
Simple_SVM;11;37065;37065;141639;22503;37.777;37.777;37.777;37.777;[reg, sid, ban, sec, men, med, sum, max, hfq, aei];10
Simple_SVM;11;37268;37268;141436;22300;37.436;37.436;37.436;37.436;[reg, sid, ban, sec, men, med, sum, max, htp, hhh, aei];11
Simple_SVM;11;37457;37457;141247;22111;37.119;37.119;37.119;37.119;[reg, sid, ban, sec, men, med, sum, mmm, npp];9
Simple_SVM;11;37488;37488;141216;22080;37.067;37.067;37.067;37.067;[reg, sid, ban, sec, men, med, sum, npp, hfq];9
Simple_SVM;11;37514;37514;141190;22054;37.023;37.023;37.023;37.023;[reg, sid, ban, sec, men, med, sum, npp];8
Simple_SVM;11;37530;37530;141174;22038;36.996;36.996;36.996;36.996;[reg, sid, ban, sec, men, med, sum, max, npp, hfq];10
Simple_SVM;11;37536;37536;141168;22032;36.986;36.986;36.986;36.986;[reg, sid, ban, sec, men, med, sum, max, npp];9
Simple_SVM;11;37549;37549;141155;22019;36.964;36.964;36.964;36.964;[reg, sid, ban, sec, men, med, sum, npp, hhh];9
Simple_SVM;11;37552;37552;141152;22016;36.959;36.959;36.959;36.959;[reg, sid, ban, sec, men, med, sum, max, mmm, npp, aei];11
Simple_SVM;11;37558;37558;141146;22010;36.949;36.949;36.949;36.949;[reg, sid, ban, sec, men, med, sum, mmm, npp, hfq, aei];11
Simple_SVM;11;37563;37563;141141;22005;36.941;36.941;36.941;36.941;[reg, sid, ban, sec, men, med, sum, npp, htp];9
Simple_SVM;11;37565;37565;141139;22003;36.938;36.938;36.938;36.938;[reg, sid, ban, sec, men, med, sum, max, mmm, npp];10
Simple_SVM;11;37566;37566;141138;22002;36.936;36.936;36.936;36.936;[reg, sid, ban, sec, men, med, sum, max, npp, hfq, aei];11
Simple_SVM;11;37567;37567;141137;22001;36.934;36.934;36.934;36.934;[reg, sid, ban, sec, men, med, sum, npp, aei];9
Simple_SVM;11;37570;37570;141134;21998;36.929;36.929;36.929;36.929;[reg, sid, ban, sec, men, med, sum, npp, hfq, aei];10
Simple_SVM;11;37573;37573;141131;21995;36.924;36.924;36.924;36.924;[reg, sid, ban, sec, men, med, sum, mmm, npp, hhh];10
Simple_SVM;11;37574;37574;141130;21994;36.923;36.923;36.923;36.923;[reg, sid, ban, sec, men, med, sum, npp, htp, hhh];10
Simple_SVM;11;37578;37578;141126;21990;36.916;36.916;36.916;36.916;[reg, sid, ban, sec, men, med, sum, npp, hfq, hhh];10
Simple_SVM;11;37580;37580;141124;21988;36.912;36.912;36.912;36.912;[reg, sid, ban, sec, men, med, sum, npp, hhh, aei];10
Simple_SVM;11;37580;37580;141124;21988;36.912;36.912;36.912;36.912;[reg, sid, ban, sec, men, med, sum, max, npp, htp, hhh];11
Simple_SVM;11;37583;37583;141121;21985;36.907;36.907;36.907;36.907;[reg, sid, ban, sec, men, med, sum, mmm, npp, aei];10
Simple_SVM;11;37584;37584;141120;21984;36.906;36.906;36.906;36.906;[reg, sid, ban, sec, men, med, sum, max, mmm, npp, hhh];11
Simple_SVM;11;37586;37586;141118;21982;36.902;36.902;36.902;36.902;[reg, sid, ban, sec, men, med, sum, max, npp, aei];10
Simple_SVM;11;37586;37586;141118;21982;36.902;36.902;36.902;36.902;[reg, sid, ban, sec, men, med, sum, max, npp, hhh];10
Simple_SVM;11;37588;37588;141116;21980;36.899;36.899;36.899;36.899;[reg, sid, ban, sec, men, med, sum, npp, hfq, htp];10
Simple_SVM;11;37589;37589;141115;21979;36.897;36.897;36.897;36.897;[reg, sid, ban, sec, men, med, sum, mmm, npp, htp, aei];11
Simple_SVM;11;37590;37590;141114;21978;36.896;36.896;36.896;36.896;[reg, sid, ban, sec, men, med, sum, mmm, npp, hfq];10
Simple_SVM;11;37595;37595;141109;21973;36.887;36.887;36.887;36.887;[reg, sid, ban, sec, men, med, sum, max, npp, htp];10
Simple_SVM;11;37597;37597;141107;21971;36.884;36.884;36.884;36.884;[reg, sid, ban, sec, men, med, sum, npp, htp, aei];10
Simple_SVM;11;37598;37598;141106;21970;36.882;36.882;36.882;36.882;[reg, sid, ban, sec, men, med, sum, mmm, npp, htp];10
Simple_SVM;11;37604;37604;141100;21964;36.872;36.872;36.872;36.872;[reg, sid, ban, sec, men, med, sum, mmm, npp, hhh, aei];11
Simple_SVM;11;37607;37607;141097;21961;36.867;36.867;36.867;36.867;[reg, sid, ban, sec, men, med, sum, max, mmm, npp, htp];11
Simple_SVM;11;37608;37608;141096;21960;36.865;36.865;36.865;36.865;[reg, sid, ban, sec, men, med, sum, mmm, npp, hfq, hhh];11
Simple_SVM;11;37610;37610;141094;21958;36.862;36.862;36.862;36.862;[reg, sid, ban, sec, men, med, sum, max, mmm, npp, hfq];11
Simple_SVM;11;37613;37613;141091;21955;36.857;36.857;36.857;36.857;[reg, sid, ban, sec, men, med, sum, mmm, npp, htp, hhh];11
Simple_SVM;11;37618;37618;141086;21950;36.849;36.849;36.849;36.849;[reg, sid, ban, sec, men, med, sum, mmm, npp, hfq, htp];11
Simple_SVM;11;37627;37627;141077;21941;36.834;36.834;36.834;36.834;[reg, sid, ban, sec, men, med, sum, max, npp, hhh, aei];11
Simple_SVM;11;37631;37631;141073;21937;36.827;36.827;36.827;36.827;[reg, sid, ban, sec, men, med, sum, npp, hfq, htp, aei];11
Simple_SVM;11;37640;37640;141064;21928;36.812;36.812;36.812;36.812;[reg, sid, ban, sec, men, med, sum, npp, htp, hhh, aei];11
Simple_SVM;11;37643;37643;141061;21925;36.807;36.807;36.807;36.807;[reg, sid, ban, sec, men, med, sum, npp, hfq, htp, hhh];11
Simple_SVM;11;37646;37646;141058;21922;36.802;36.802;36.802;36.802;[reg, sid, ban, sec, men, med, sum, npp, hfq, hhh, aei];11
Simple_SVM;11;37648;37648;141056;21920;36.798;36.798;36.798;36.798;[reg, sid, ban, sec, men, med, sum, max, npp, hfq, hhh];11
Simple_SVM;11;37657;37657;141047;21911;36.783;36.783;36.783;36.783;[reg, sid, ban, sec, men, med, sum, max, npp, htp, aei];11
Simple_SVM;11;37665;37665;141039;21903;36.77;36.77;36.77;36.77;[reg, sid, ban, sec, men, med, sum, max, npp, hfq, htp];11
Simple_SVM;11;37888;37888;140816;21680;36.395;36.395;36.395;36.395;[reg, sid, ban, sec, men, med, sum, bet, npp];9
Simple_SVM;11;37889;37889;140815;21679;36.394;36.394;36.394;36.394;[reg, sid, ban, sec, men, med, sum, bet, mmm, npp];10
Simple_SVM;11;37894;37894;140810;21674;36.385;36.385;36.385;36.385;[reg, sid, ban, sec, men, med, sum, max, bet, mmm, npp];11
Simple_SVM;11;37900;37900;140804;21668;36.375;36.375;36.375;36.375;[reg, sid, ban, sec, men, med, sum, bet, npp, hhh];10
Simple_SVM;11;37911;37911;140793;21657;36.357;36.357;36.357;36.357;[reg, sid, ban, sec, men, med, sum, bet, npp, htp, hhh];11
Simple_SVM;11;37919;37919;140785;21649;36.343;36.343;36.343;36.343;[reg, sid, ban, sec, men, med, sum, bet, npp, aei];10
Simple_SVM;11;37924;37924;140780;21644;36.335;36.335;36.335;36.335;[reg, sid, ban, sec, men, med, sum, max, bet, npp];10
Simple_SVM;11;37927;37927;140777;21641;36.33;36.33;36.33;36.33;[reg, sid, ban, sec, men, med, sum, bet, mmm, npp, htp];11
Simple_SVM;11;37927;37927;140777;21641;36.33;36.33;36.33;36.33;[reg, sid, ban, sec, men, med, sum, bet, mmm, npp, hfq];11
Simple_SVM;11;37927;37927;140777;21641;36.33;36.33;36.33;36.33;[reg, sid, ban, sec, men, med, sum, bet, npp, hfq, htp];11
Simple_SVM;11;37932;37932;140772;21636;36.322;36.322;36.322;36.322;[reg, sid, ban, sec, men, med, sum, max, bet, mmm, npp, hhh];12
Simple_SVM;11;37933;37933;140771;21635;36.32;36.32;36.32;36.32;[reg, sid, ban, sec, men, med, sum, max, bet, npp, htp];11
Simple_SVM;11;37935;37935;140769;21633;36.316;36.316;36.316;36.316;[reg, sid, ban, sec, men, med, sum, bet, npp, htp];10
Simple_SVM;11;37939;37939;140765;21629;36.31;36.31;36.31;36.31;[reg, sid, ban, sec, men, med, sum, bet, npp, hhh, aei];11
Simple_SVM;11;37944;37944;140760;21624;36.301;36.301;36.301;36.301;[reg, sid, ban, sec, men, med, sum, max, bet, npp, htp, hhh];12
Simple_SVM;11;37946;37946;140758;21622;36.298;36.298;36.298;36.298;[reg, sid, ban, sec, men, med, sum, bet, npp, hfq];10
Simple_SVM;11;37949;37949;140755;21619;36.293;36.293;36.293;36.293;[reg, sid, ban, sec, men, med, sum, max, bet, npp, hfq];11
Simple_SVM;11;37950;37950;140754;21618;36.291;36.291;36.291;36.291;[reg, sid, ban, sec, men, med, sum, max, bet, npp, htp, aei];12
Simple_SVM;11;37953;37953;140751;21615;36.286;36.286;36.286;36.286;[reg, sid, ban, sec, men, med, sum, max, bet, npp, aei];11
Simple_SVM;11;37956;37956;140748;21612;36.281;36.281;36.281;36.281;[reg, sid, ban, sec, men, med, sum, bet, mmm, npp, hhh];11
Simple_SVM;11;37956;37956;140748;21612;36.281;36.281;36.281;36.281;[reg, sid, ban, sec, men, med, sum, bet, mmm, npp, aei];11
Simple_SVM;11;37970;37970;140734;21598;36.258;36.258;36.258;36.258;[reg, sid, ban, sec, men, med, sum, bet, npp, htp, aei];11
Simple_SVM;11;37975;37975;140729;21593;36.249;36.249;36.249;36.249;[reg, sid, ban, sec, men, med, sum, bet, npp, hfq, hhh];11
Simple_SVM;11;37976;37976;140728;21592;36.248;36.248;36.248;36.248;[reg, sid, ban, sec, men, med, sum, max, bet, mmm, npp, hfq];12
Simple_SVM;11;37979;37979;140725;21589;36.243;36.243;36.243;36.243;[reg, sid, ban, sec, men, med, sum, bet, npp, hfq, aei];11
Simple_SVM;11;37984;37984;140720;21584;36.234;36.234;36.234;36.234;[reg, sid, ban, sec, men, med, sum, max, bet, npp, hhh];11
Simple_SVM;11;37989;37989;140715;21579;36.226;36.226;36.226;36.226;[reg, sid, ban, sec, men, med, sum, max, bet, npp, hfq, aei];12
Simple_SVM;11;37992;37992;140712;21576;36.221;36.221;36.221;36.221;[reg, sid, ban, sec, men, med, sum, max, bet, mmm, npp, htp];12
Simple_SVM;11;38010;38010;140694;21558;36.191;36.191;36.191;36.191;[reg, sid, ban, sec, men, med, sum, max, bet, npp, hfq, htp];12
Simple_SVM;11;38020;38020;140684;21548;36.174;36.174;36.174;36.174;[reg, sid, ban, sec, men, med, sum, max, bet, mmm, npp, aei];12
Simple_SVM;11;38043;38043;140661;21525;36.135;36.135;36.135;36.135;[reg, sid, ban, sec, men, med, sum, max, bet, npp, hfq, hhh];12
Simple_SVM;11;38119;38119;140585;21449;36.008;36.008;36.008;36.008;[reg, sid, ban, sec, men, med, sum, max, bet, htp, hhh];11
Simple_SVM;11;38189;38189;140515;21379;35.89;35.89;35.89;35.89;[reg, sid, ban, sec, men, med, sum, max, bet, mmm];10
Simple_SVM;11;38236;38236;140468;21332;35.811;35.811;35.811;35.811;[reg, sid, ban, sec, men, med, sum, bet, htp, hhh, aei];11
Simple_SVM;11;38304;38304;140400;21264;35.697;35.697;35.697;35.697;[reg, sid, ban, sec, men, med, sum, max, bet, hfq, aei];11
Simple_SVM;11;38354;38354;140350;21214;35.613;35.613;35.613;35.613;[reg, sid, ban, sec, men, med, sum, bet, hfq, aei];10
Simple_SVM;11;38406;38406;140298;21162;35.526;35.526;35.526;35.526;[reg, sid, ban, sec, men, med, sum, max, bet, mmm, hhh];11
Simple_SVM;11;38410;38410;140294;21158;35.519;35.519;35.519;35.519;[reg, sid, ban, sec, men, med, sum, bet, mmm, aei];10
Simple_SVM;11;38416;38416;140288;21152;35.509;35.509;35.509;35.509;[reg, sid, ban, sec, men, med, sum, bet, hhh, aei];10
Simple_SVM;11;38416;38416;140288;21152;35.509;35.509;35.509;35.509;[reg, sid, ban, sec, men, med, sum, max, bet, mmm, htp];11
Simple_SVM;11;38417;38417;140287;21151;35.507;35.507;35.507;35.507;[reg, sid, ban, sec, men, med, sum, bet, mmm, hfq, aei];11
Simple_SVM;11;38423;38423;140281;21145;35.497;35.497;35.497;35.497;[reg, sid, ban, sec, men, med, sum, bet, mmm, hfq, htp];11
Simple_SVM;11;38426;38426;140278;21142;35.492;35.492;35.492;35.492;[reg, sid, ban, sec, men, med, sum, bet, hfq];9
Simple_SVM;11;38427;38427;140277;21141;35.491;35.491;35.491;35.491;[reg, sid, ban, sec, men, med, sum, max, bet, aei];10
Simple_SVM;11;38433;38433;140271;21135;35.48;35.48;35.48;35.48;[reg, sid, ban, sec, men, med, sum, bet, hfq, htp, hhh];11
Simple_SVM;11;38434;38434;140270;21134;35.479;35.479;35.479;35.479;[reg, sid, ban, sec, men, med, sum, max, bet, mmm, hfq, aei];12
Simple_SVM;11;38461;38461;140243;21107;35.433;35.433;35.433;35.433;[reg, sid, ban, sec, men, med, sum, bet, htp];9
Simple_SVM;11;38469;38469;140235;21099;35.42;35.42;35.42;35.42;[reg, sid, ban, sec, men, med, sum, max, bet, mmm, htp, hhh];12
Simple_SVM;11;38470;38470;140234;21098;35.418;35.418;35.418;35.418;[reg, sid, ban, sec, men, med, sum, bet, hhh];9
Simple_SVM;11;38474;38474;140230;21094;35.412;35.412;35.412;35.412;[reg, sid, ban, sec, men, med, sum, max, bet, htp];10
Simple_SVM;11;38480;38480;140224;21088;35.402;35.402;35.402;35.402;[reg, sid, ban, sec, men, med, sum, max, bet, mmm, hfq, htp];12
Simple_SVM;11;38482;38482;140222;21086;35.398;35.398;35.398;35.398;[reg, sid, ban, sec, men, med, sum, max, bet, hfq, hhh];11
Simple_SVM;11;38484;38484;140220;21084;35.395;35.395;35.395;35.395;[reg, sid, ban, sec, men, med, sum, bet, mmm, hfq];10
Simple_SVM;11;38492;38492;140212;21076;35.381;35.381;35.381;35.381;[reg, sid, ban, sec, men, med, sum, bet, aei];9
Simple_SVM;11;38507;38507;140197;21061;35.356;35.356;35.356;35.356;[reg, sid, ban, sec, men, med, sum, bet, hfq, htp, aei];11
Simple_SVM;11;38508;38508;140196;21060;35.355;35.355;35.355;35.355;[reg, sid, ban, sec, men, med, sum, bet, mmm, hfq, hhh];11
Simple_SVM;11;38518;38518;140186;21050;35.338;35.338;35.338;35.338;[reg, sid, ban, sec, men, med, sum, bet, hfq, hhh, aei];11
Simple_SVM;11;38536;38536;140168;21032;35.308;35.308;35.308;35.308;[reg, sid, ban, sec, men, med, sum, bet, mmm];9
Simple_SVM;11;38539;38539;140165;21029;35.303;35.303;35.303;35.303;[reg, sid, ban, sec, men, med, sum, bet, mmm, htp];10
Simple_SVM;11;38541;38541;140163;21027;35.299;35.299;35.299;35.299;[reg, sid, ban, sec, men, med, sum, max, bet, hhh, aei];11
Simple_SVM;11;38554;38554;140150;21014;35.277;35.277;35.277;35.277;[reg, sid, ban, sec, men, med, sum, bet, mmm, hhh];10
Simple_SVM;11;38564;38564;140140;21004;35.261;35.261;35.261;35.261;[reg, sid, ban, sec, men, med, sum, max, bet, mmm, hfq];11
Simple_SVM;11;38565;38565;140139;21003;35.259;35.259;35.259;35.259;[reg, sid, ban, sec, men, med, sum, bet, hfq, htp];10
Simple_SVM;11;38567;38567;140137;21001;35.256;35.256;35.256;35.256;[reg, sid, ban, sec, men, med, sum, bet, htp, hhh];10
Simple_SVM;11;38569;38569;140135;20999;35.252;35.252;35.252;35.252;[reg, sid, ban, sec, men, med, sum, max, bet, mmm, hhh, aei];12
Simple_SVM;11;38579;38579;140125;20989;35.235;35.235;35.235;35.235;[reg, sid, ban, sec, men, med, sum, max, bet, mmm, htp, aei];12
Simple_SVM;11;38587;38587;140117;20981;35.222;35.222;35.222;35.222;[reg, sid, ban, sec, men, med, sum, bet, htp, aei];10
Simple_SVM;11;38599;38599;140105;20969;35.202;35.202;35.202;35.202;[reg, sid, ban, sec, men, med, sum, max, bet, hhh];10
Simple_SVM;11;38605;38605;140099;20963;35.192;35.192;35.192;35.192;[reg, sid, ban, sec, men, med, sum, max, bet, mmm, aei];11
Simple_SVM;11;38621;38621;140083;20947;35.165;35.165;35.165;35.165;[reg, sid, ban, sec, men, med, sum, bet, mmm, hhh, aei];11
Simple_SVM;11;38629;38629;140075;20939;35.151;35.151;35.151;35.151;[reg, sid, ban, sec, men, med, sum, max, bet, mmm, hfq, hhh];12
Simple_SVM;11;38636;38636;140068;20932;35.14;35.14;35.14;35.14;[reg, sid, ban, sec, men, med, sum, max, bet, htp, aei];11
Simple_SVM;11;38637;38637;140067;20931;35.138;35.138;35.138;35.138;[reg, sid, ban, sec, men, med, sum, max, bet, hfq, htp];11
Simple_SVM;11;38666;38666;140038;20902;35.089;35.089;35.089;35.089;[reg, sid, ban, sec, men, med, sum, max, bet];9
Simple_SVM;11;38666;38666;140038;20902;35.089;35.089;35.089;35.089;[reg, sid, ban, sec, men, med, sum, bet, hfq, hhh];10
Simple_SVM;11;38666;38666;140038;20902;35.089;35.089;35.089;35.089;[reg, sid, ban, sec, men, med, sum, max, bet, hfq];10
Simple_SVM;11;38678;38678;140026;20890;35.069;35.069;35.069;35.069;[reg, sid, ban, sec, men, med, sum, bet, mmm, htp, hhh];11
Simple_SVM;11;38714;38714;139990;20854;35.009;35.009;35.009;35.009;[reg, sid, ban, sec, men, med, sum, bet, mmm, htp, aei];11
Simple_SVM;11;38796;38796;139908;20772;34.871;34.871;34.871;34.871;[reg, sid, ban, sec, men, med, sum, bet];8
Simple_SVM;11;39145;39145;139559;20423;34.285;34.285;34.285;34.285;[reg, sid, ban, sec, men, med, sum, aci, bet, mmm, hfq];11
Simple_SVM;11;39167;39167;139537;20401;34.248;34.248;34.248;34.248;[reg, sid, ban, sec, men, med, sum, max, aci, bet, htp, aei];12
Simple_SVM;11;39178;39178;139526;20390;34.23;34.23;34.23;34.23;[reg, sid, ban, sec, men, med, sum, aci, bet, htp];10
Simple_SVM;11;39210;39210;139494;20358;34.176;34.176;34.176;34.176;[reg, sid, ban, sec, men, med, sum, aci, bet, hhh];10
Simple_SVM;11;39210;39210;139494;20358;34.176;34.176;34.176;34.176;[reg, sid, ban, sec, men, med, sum, aci, bet];9
Simple_SVM;11;39220;39220;139484;20348;34.159;34.159;34.159;34.159;[reg, sid, ban, sec, men, med, sum, aci, bet, aei];10
Simple_SVM;11;39251;39251;139453;20317;34.107;34.107;34.107;34.107;[reg, sid, ban, sec, men, med, sum, aci, bet, hhh, aei];11
Simple_SVM;11;39251;39251;139453;20317;34.107;34.107;34.107;34.107;[reg, sid, ban, sec, men, med, sum, aci, bet, hfq, hhh];11
Simple_SVM;11;39268;39268;139436;20300;34.079;34.079;34.079;34.079;[reg, sid, ban, sec, men, med, sum, max, aci, bet, hhh];11
Simple_SVM;11;39286;39286;139418;20282;34.048;34.048;34.048;34.048;[reg, sid, ban, sec, men, med, sum, aci, bet, mmm];10
Simple_SVM;11;39289;39289;139415;20279;34.043;34.043;34.043;34.043;[reg, sid, ban, sec, men, med, sum, max, aci, bet, hfq];11
Simple_SVM;11;39290;39290;139414;20278;34.042;34.042;34.042;34.042;[reg, sid, ban, sec, men, med, sum, max, aci, bet, hfq, hhh];12
Simple_SVM;11;39290;39290;139414;20278;34.042;34.042;34.042;34.042;[reg, sid, ban, sec, men, med, sum, max, aci, bet, mmm, aei];12
Simple_SVM;11;39388;39388;139316;20180;33.877;33.877;33.877;33.877;[reg, sid, ban, sec, men, med, sum, aci];8
Simple_SVM;11;39394;39394;139310;20174;33.867;33.867;33.867;33.867;[reg, sid, ban, sec, men, med, sum, max, aci, bet, hhh, aei];12
Simple_SVM;11;39395;39395;139309;20173;33.865;33.865;33.865;33.865;[reg, sid, ban, sec, men, med, sum, aci, bet, mmm, htp];11
Simple_SVM;11;39485;39485;139219;20083;33.714;33.714;33.714;33.714;[reg, sid, ban, sec, men, med, sum, aci, hhh, aei];10
Simple_SVM;11;39490;39490;139214;20078;33.706;33.706;33.706;33.706;[reg, sid, ban, sec, men, med, sum, aci, htp, hhh, aei];11
Simple_SVM;11;39494;39494;139210;20074;33.699;33.699;33.699;33.699;[reg, sid, ban, sec, men, med, sum, max, aci, hfq, htp, hhh];12
Simple_SVM;11;39502;39502;139202;20066;33.686;33.686;33.686;33.686;[reg, sid, ban, sec, men, med, sum, aci, mmm, aei];10
Simple_SVM;11;39507;39507;139197;20061;33.677;33.677;33.677;33.677;[reg, sid, ban, sec, men, med, sum, aci, hfq];9
Simple_SVM;11;39523;39523;139181;20045;33.651;33.651;33.651;33.651;[reg, sid, ban, sec, men, med, sum, max, aci, bet, mmm, npp];12
Simple_SVM;11;39525;39525;139179;20043;33.647;33.647;33.647;33.647;[reg, sid, ban, sec, men, med, sum, aci, bet, hfq];10
Simple_SVM;11;39543;39543;139161;20025;33.617;33.617;33.617;33.617;[reg, sid, ban, sec, men, med, sum, aci, mmm, hhh];10
Simple_SVM;11;39553;39553;139151;20015;33.6;33.6;33.6;33.6;[reg, sid, ban, sec, men, med, sum, max, aci, bet, npp];11
Simple_SVM;11;39595;39595;139109;19973;33.53;33.53;33.53;33.53;[reg, sid, ban, sec, men, med, sum, max, aci, bet, npp, htp];12
Simple_SVM;11;39621;39621;139083;19947;33.486;33.486;33.486;33.486;[reg, sid, ban, sec, men, med, sum, max, aci, mmm, npp, htp];12
Simple_SVM;11;39622;39622;139082;19946;33.484;33.484;33.484;33.484;[reg, sid, ban, sec, men, med, sum, aci, htp, aei];10
Simple_SVM;11;39635;39635;139069;19933;33.463;33.463;33.463;33.463;[reg, sid, ban, sec, men, med, sum, max, aci, bet, npp, hfq];12
Simple_SVM;11;39648;39648;139056;19920;33.441;33.441;33.441;33.441;[reg, sid, ban, sec, men, med, sum, max, aci, bet, npp, aei];12
Simple_SVM;11;39654;39654;139050;19914;33.431;33.431;33.431;33.431;[reg, sid, ban, sec, men, med, sum, aci, bet, npp];10
Simple_SVM;11;39664;39664;139040;19904;33.414;33.414;33.414;33.414;[reg, sid, ban, sec, men, med, sum, aci, bet, npp, aei];11
Simple_SVM;11;39703;39703;139001;19865;33.348;33.348;33.348;33.348;[reg, sid, ban, sec, men, med, sum, max, aci, bet];10
Simple_SVM;11;39717;39717;138987;19851;33.325;33.325;33.325;33.325;[reg, sid, ban, sec, men, med, sum, max, aci, bet, aei];11
Simple_SVM;11;39728;39728;138976;19840;33.306;33.306;33.306;33.306;[reg, sid, ban, sec, men, med, sum, aci, bet, mmm, npp];11
Simple_SVM;11;39730;39730;138974;19838;33.303;33.303;33.303;33.303;[reg, sid, ban, sec, men, med, sum, aci, npp, hfq];10
Simple_SVM;11;39739;39739;138965;19829;33.288;33.288;33.288;33.288;[reg, sid, ban, sec, men, med, sum, aci, npp, aei];10
Simple_SVM;11;39741;39741;138963;19827;33.285;33.285;33.285;33.285;[reg, sid, ban, sec, men, med, sum, aci, bet, npp, hhh];11
Simple_SVM;11;39750;39750;138954;19818;33.27;33.27;33.27;33.27;[reg, sid, ban, sec, men, med, sum, max, aci, mmm, npp, hfq];12
Simple_SVM;11;39756;39756;138948;19812;33.259;33.259;33.259;33.259;[reg, sid, ban, sec, men, med, sum, aci, mmm, npp];10
Simple_SVM;11;39759;39759;138945;19809;33.254;33.254;33.254;33.254;[reg, sid, ban, sec, men, med, sum, aci, bet, npp, hfq];11
Simple_SVM;11;39764;39764;138940;19804;33.246;33.246;33.246;33.246;[reg, sid, ban, sec, men, med, sum, max, aci, npp, htp, hhh];12
Simple_SVM;11;39776;39776;138928;19792;33.226;33.226;33.226;33.226;[reg, sid, ban, sec, men, med, sum, max, aci, bet, npp, hhh];12
Simple_SVM;11;39786;39786;138918;19782;33.209;33.209;33.209;33.209;[reg, sid, ban, sec, men, med, sum, max, aci, npp, htp, aei];12
Simple_SVM;11;39801;39801;138903;19767;33.184;33.184;33.184;33.184;[reg, sid, ban, sec, men, med, sum, max, aci];9
Simple_SVM;11;39803;39803;138901;19765;33.181;33.181;33.181;33.181;[reg, sid, ban, sec, men, med, sum, max, aci, npp, hhh, aei];12
Simple_SVM;11;39803;39803;138901;19765;33.181;33.181;33.181;33.181;[reg, sid, ban, sec, men, med, sum, aci, hfq, aei];10
Simple_SVM;11;39807;39807;138897;19761;33.174;33.174;33.174;33.174;[reg, sid, ban, sec, men, med, sum, max, aci, hfq, hhh];11
Simple_SVM;11;39809;39809;138895;19759;33.17;33.17;33.17;33.17;[reg, sid, ban, sec, men, med, sum, max, aci, mmm, htp, aei];12
Simple_SVM;11;39814;39814;138890;19754;33.162;33.162;33.162;33.162;[reg, sid, ban, sec, men, med, sum, max, aci, npp, hfq, htp];12
Simple_SVM;11;39815;39815;138889;19753;33.16;33.16;33.16;33.16;[reg, sid, ban, sec, men, med, sum, max, aci, hfq, hhh, aei];12
Simple_SVM;11;39817;39817;138887;19751;33.157;33.157;33.157;33.157;[reg, sid, ban, sec, men, med, sum, max, aci, npp, hfq];11
Simple_SVM;11;39818;39818;138886;19750;33.155;33.155;33.155;33.155;[reg, sid, ban, sec, men, med, sum, aci, bet, mmm, aei];11
Simple_SVM;11;39821;39821;138883;19747;33.15;33.15;33.15;33.15;[reg, sid, ban, sec, men, med, sum, max, aci, bet, mmm, hfq];12
Simple_SVM;11;39833;39833;138871;19735;33.13;33.13;33.13;33.13;[reg, sid, ban, sec, men, med, sum, max, aci, mmm, hfq, hhh];12
Simple_SVM;11;39843;39843;138861;19725;33.113;33.113;33.113;33.113;[reg, sid, ban, sec, men, med, sum, aci, npp, htp];10
Simple_SVM;11;39844;39844;138860;19724;33.112;33.112;33.112;33.112;[reg, sid, ban, sec, men, med, sum, max, aci, hfq, aei];11
Simple_SVM;11;39863;39863;138841;19705;33.08;33.08;33.08;33.08;[reg, sid, ban, sec, men, med, sum, aci, mmm, npp, htp];11
Simple_SVM;11;39865;39865;138839;19703;33.076;33.076;33.076;33.076;[reg, sid, ban, sec, men, med, sum, aci, mmm, npp, hfq];11
Simple_SVM;11;39866;39866;138838;19702;33.075;33.075;33.075;33.075;[reg, sid, ban, sec, men, med, sum, aci, npp, htp, aei];11
Simple_SVM;11;39866;39866;138838;19702;33.075;33.075;33.075;33.075;[reg, sid, ban, sec, men, med, sum, aci, npp, hfq, hhh];11
Simple_SVM;11;39877;39877;138827;19691;33.056;33.056;33.056;33.056;[reg, sid, ban, sec, men, med, sum, max, aci, npp, hfq, aei];12
Simple_SVM;11;39881;39881;138823;19687;33.05;33.05;33.05;33.05;[reg, sid, ban, sec, men, med, sum, aci, mmm, npp, aei];11
Simple_SVM;11;39898;39898;138806;19670;33.021;33.021;33.021;33.021;[reg, sid, ban, sec, men, med, sum, aci, mmm];9
Simple_SVM;11;39899;39899;138805;19669;33.019;33.019;33.019;33.019;[reg, sid, ban, sec, men, med, sum, max, aci, mmm];10
Simple_SVM;11;39910;39910;138794;19658;33.001;33.001;33.001;33.001;[reg, sid, ban, sec, men, med, sum, max, aci, npp, htp];11
Simple_SVM;11;39922;39922;138782;19646;32.981;32.981;32.981;32.981;[reg, sid, ban, sec, men, med, sum, aci, npp];9
Simple_SVM;11;39944;39944;138760;19624;32.944;32.944;32.944;32.944;[reg, sid, ban, sec, men, med, sum, max, aci, mmm, hhh];11
Simple_SVM;11;39950;39950;138754;19618;32.934;32.934;32.934;32.934;[reg, sid, ban, sec, men, med, sum, aci, htp];9
Simple_SVM;11;39952;39952;138752;19616;32.93;32.93;32.93;32.93;[reg, sid, ban, sec, men, med, sum, max, aci, hfq, htp];11
Simple_SVM;11;39963;39963;138741;19605;32.912;32.912;32.912;32.912;[reg, sid, ban, sec, men, med, sum, max, aci, mmm, htp, hhh];12
Simple_SVM;11;39972;39972;138732;19596;32.897;32.897;32.897;32.897;[reg, sid, ban, sec, men, med, sum, max, aci, aei];10
Simple_SVM;11;39995;39995;138709;19573;32.858;32.858;32.858;32.858;[reg, sid, ban, sec, men, med, sum, aci, mmm, npp, hhh];11
Simple_SVM;11;40039;40039;138665;19529;32.784;32.784;32.784;32.784;[reg, sid, ban, sec, men, med, sum, aci, npp, hhh, aei];11
Simple_SVM;11;40048;40048;138656;19520;32.769;32.769;32.769;32.769;[reg, sid, ban, sec, men, med, sum, max, aci, mmm, npp];11
Simple_SVM;11;40048;40048;138656;19520;32.769;32.769;32.769;32.769;[reg, sid, ban, sec, men, med, sum, aci, npp, hfq, htp];11
Simple_SVM;11;40137;40137;138567;19431;32.62;32.62;32.62;32.62;[reg, sid, ban, sec, men, med, sum, max, aci, mmm, htp];11
Simple_SVM;11;40140;40140;138564;19428;32.615;32.615;32.615;32.615;[reg, sid, ban, sec, men, med, sum, max, aci, bet, hfq, htp];12
Simple_SVM;11;40157;40157;138547;19411;32.586;32.586;32.586;32.586;[reg, sid, ban, sec, men, med, sum, aci, hfq, hhh, aei];11
Simple_SVM;11;40182;40182;138522;19386;32.544;32.544;32.544;32.544;[reg, sid, ban, sec, men, med, sum, max, aci, bet, mmm, hhh];12
Simple_SVM;11;40185;40185;138519;19383;32.539;32.539;32.539;32.539;[reg, sid, ban, sec, men, med, sum, max, aci, bet, mmm, htp];12
Simple_SVM;11;40213;40213;138491;19355;32.492;32.492;32.492;32.492;[reg, sid, ban, sec, men, med, sum, aci, hfq, hhh];10
Simple_SVM;11;40220;40220;138484;19348;32.481;32.481;32.481;32.481;[reg, sid, ban, sec, men, med, sum, aci, bet, hfq, aei];11
Simple_SVM;11;40264;40264;138440;19304;32.407;32.407;32.407;32.407;[reg, sid, ban, sec, men, med, sum, max, aci, bet, htp, hhh];12
Simple_SVM;11;40274;40274;138430;19294;32.39;32.39;32.39;32.39;[reg, sid, ban, sec, men, med, sum, aci, bet, npp, htp];11
Simple_SVM;11;40291;40291;138413;19277;32.361;32.361;32.361;32.361;[reg, sid, ban, sec, men, med, sum, max, aci, hfq, htp, aei];12
Simple_SVM;11;40295;40295;138409;19273;32.355;32.355;32.355;32.355;[reg, sid, ban, sec, men, med, sum, aci, mmm, hfq, aei];11
Simple_SVM;11;40296;40296;138408;19272;32.353;32.353;32.353;32.353;[reg, sid, ban, sec, men, med, sum, aci, hfq, htp, hhh];11
Simple_SVM;11;40296;40296;138408;19272;32.353;32.353;32.353;32.353;[reg, sid, ban, sec, men, med, sum, max, aci, bet, htp];11
Simple_SVM;11;40296;40296;138408;19272;32.353;32.353;32.353;32.353;[reg, sid, ban, sec, men, med, sum, aci, htp, hhh];10
Simple_SVM;11;40296;40296;138408;19272;32.353;32.353;32.353;32.353;[reg, sid, ban, sec, men, med, sum, max, aci, mmm, aei];11
Simple_SVM;11;40296;40296;138408;19272;32.353;32.353;32.353;32.353;[reg, sid, ban, sec, men, med, sum, aci, aei];9
Simple_SVM;11;40296;40296;138408;19272;32.353;32.353;32.353;32.353;[reg, sid, ban, sec, men, med, sum, max, aci, npp, hfq, hhh];12
Simple_SVM;11;40296;40296;138408;19272;32.353;32.353;32.353;32.353;[reg, sid, ban, sec, men, med, sum, aci, bet, htp, aei];11
Simple_SVM;11;40296;40296;138408;19272;32.353;32.353;32.353;32.353;[reg, sid, ban, sec, men, med, sum, max, aci, bet, mmm];11
Simple_SVM;11;40296;40296;138408;19272;32.353;32.353;32.353;32.353;[reg, sid, ban, sec, men, med, sum, max, aci, mmm, npp, aei];12
Simple_SVM;11;40296;40296;138408;19272;32.353;32.353;32.353;32.353;[reg, sid, ban, sec, men, med, sum, aci, bet, hfq, htp];11
Simple_SVM;11;40296;40296;138408;19272;32.353;32.353;32.353;32.353;[reg, sid, ban, sec, men, med, sum, aci, npp, hfq, aei];11
Simple_SVM;11;40296;40296;138408;19272;32.353;32.353;32.353;32.353;[reg, sid, ban, sec, men, med, sum, aci, hhh];9
Simple_SVM;11;40296;40296;138408;19272;32.353;32.353;32.353;32.353;[reg, sid, ban, sec, men, med, sum, aci, hfq, htp];10
Simple_SVM;11;40296;40296;138408;19272;32.353;32.353;32.353;32.353;[reg, sid, ban, sec, men, med, sum, aci, mmm, htp, aei];11
Simple_SVM;11;40296;40296;138408;19272;32.353;32.353;32.353;32.353;[reg, sid, ban, sec, men, med, sum, max, aci, hhh, aei];11
Simple_SVM;11;40296;40296;138408;19272;32.353;32.353;32.353;32.353;[reg, sid, ban, sec, men, med, sum, max, aci, htp, aei];11
Simple_SVM;11;40296;40296;138408;19272;32.353;32.353;32.353;32.353;[reg, sid, ban, sec, men, med, sum, aci, mmm, hhh, aei];11
Simple_SVM;11;40296;40296;138408;19272;32.353;32.353;32.353;32.353;[reg, sid, ban, sec, men, med, sum, max, aci, mmm, hfq, htp];12
Simple_SVM;11;40296;40296;138408;19272;32.353;32.353;32.353;32.353;[reg, sid, ban, sec, men, med, sum, max, aci, mmm, hfq, aei];12
Simple_SVM;11;40296;40296;138408;19272;32.353;32.353;32.353;32.353;[reg, sid, ban, sec, men, med, sum, max, aci, npp];10
Simple_SVM;11;40296;40296;138408;19272;32.353;32.353;32.353;32.353;[reg, sid, ban, sec, men, med, sum, max, aci, mmm, npp, hhh];12
Simple_SVM;11;40296;40296;138408;19272;32.353;32.353;32.353;32.353;[reg, sid, ban, sec, men, med, sum, max, aci, hhh];10
Simple_SVM;11;40296;40296;138408;19272;32.353;32.353;32.353;32.353;[reg, sid, ban, sec, men, med, sum, aci, hfq, htp, aei];11
Simple_SVM;11;40296;40296;138408;19272;32.353;32.353;32.353;32.353;[reg, sid, ban, sec, men, med, sum, aci, npp, hhh];10
Simple_SVM;11;40296;40296;138408;19272;32.353;32.353;32.353;32.353;[reg, sid, ban, sec, men, med, sum, aci, bet, mmm, hhh];11
Simple_SVM;11;40296;40296;138408;19272;32.353;32.353;32.353;32.353;[reg, sid, ban, sec, men, med, sum, max, aci, npp, hhh];11
Simple_SVM;11;40296;40296;138408;19272;32.353;32.353;32.353;32.353;[reg, sid, ban, sec, men, med, sum, aci, mmm, hfq, hhh];11
Simple_SVM;11;40296;40296;138408;19272;32.353;32.353;32.353;32.353;[reg, sid, ban, sec, men, med, sum, max, aci, hfq];10
Simple_SVM;11;40296;40296;138408;19272;32.353;32.353;32.353;32.353;[reg, sid, ban, sec, men, med, sum, max, aci, npp, aei];11
Simple_SVM;11;40296;40296;138408;19272;32.353;32.353;32.353;32.353;[reg, sid, ban, sec, men, med, sum, aci, mmm, htp];10
Simple_SVM;11;40296;40296;138408;19272;32.353;32.353;32.353;32.353;[reg, sid, ban, sec, men, med, sum, max, aci, htp, hhh];11
Simple_SVM;11;40296;40296;138408;19272;32.353;32.353;32.353;32.353;[reg, sid, ban, sec, men, med, sum, aci, mmm, htp, hhh];11
Simple_SVM;11;40296;40296;138408;19272;32.353;32.353;32.353;32.353;[reg, sid, ban, sec, men, med, sum, aci, npp, htp, hhh];11
Simple_SVM;11;40296;40296;138408;19272;32.353;32.353;32.353;32.353;[reg, sid, ban, sec, men, med, sum, aci, mmm, hfq, htp];11
Simple_SVM;11;40296;40296;138408;19272;32.353;32.353;32.353;32.353;[reg, sid, ban, sec, men, med, sum, max, aci, bet, hfq, aei];12
Simple_SVM;11;40296;40296;138408;19272;32.353;32.353;32.353;32.353;[reg, sid, ban, sec, men, med, sum, max, aci, htp, hhh, aei];12
Simple_SVM;11;40298;40298;138406;19270;32.35;32.35;32.35;32.35;[reg, sid, ban, sec, men, med, sum, aci, mmm, hfq];10
Simple_SVM;11;40346;40346;138358;19222;32.269;32.269;32.269;32.269;[reg, sid, ban, sec, men, med, sum, aci, bet, htp, hhh];11
Simple_SVM;11;41172;41172;137532;18396;30.882;30.882;30.882;30.882;[reg, sid, ban, sec, men, med, sum, max, aci, htp];10
Simple_SVM;11;41364;41364;137340;18204;30.56;30.56;30.56;30.56;[reg, sid, ban, sec, men, med, sum, max, aci, mmm, hfq];11
Simple_SVM;11;41367;41367;137337;18201;30.555;30.555;30.555;30.555;[reg, sid, ban, sec, men, med, sum, max, aci, mmm, hhh, aei];12
