AC;EPOCHS;FN;FP;TN;TP;NUM_METRICS;METRICS
96.464545;11.0;2106.0;2106.0;176598.0;57462.0;12.0;[reg, sid, ban, sec, men, med, sum, max, bet, htp, hhh, aei]
96.331923;11.0;2185.0;2185.0;176519.0;57383.0;9.0;[reg, sid, ban, sec, men, med, sum, max, htp]
96.058286;11.0;2348.0;2348.0;176356.0;57220.0;11.0;[reg, sid, ban, sec, men, med, sum, max, mmm, hfq, htp]
96.001209;11.0;2382.0;2382.0;176322.0;57186.0;12.0;[reg, sid, ban, sec, men, med, sum, max, mmm, hfq, htp, aei]
95.766183;11.0;2522.0;2522.0;176182.0;57046.0;12.0;[reg, sid, ban, sec, men, med, sum, bet, mmm, hfq, htp, aei]
95.722536;11.0;2548.0;2548.0;176156.0;57020.0;11.0;[reg, sid, ban, sec, men, med, sum, bet, mmm, htp, hhh]
95.710784;11.0;2555.0;2555.0;176149.0;57013.0;11.0;[reg, sid, ban, sec, men, med, sum, max, bet, htp, aei]
95.670494;11.0;2579.0;2579.0;176125.0;56989.0;10.0;[reg, sid, ban, sec, men, med, sum, bet, hfq, htp]
95.630204;11.0;2603.0;2603.0;176101.0;56965.0;11.0;[reg, sid, ban, sec, men, med, sum, max, bet, mmm, htp]
95.603344;11.0;2619.0;2619.0;176085.0;56949.0;10.0;[reg, sid, ban, sec, men, med, sum, bet, mmm, htp]
95.529479;11.0;2663.0;2663.0;176041.0;56905.0;12.0;[reg, sid, ban, sec, men, med, sum, max, bet, mmm, htp, hhh]
95.519406;11.0;2669.0;2669.0;176035.0;56899.0;10.0;[reg, sid, ban, sec, men, med, sum, mmm, htp, hhh]
95.50094;11.0;2680.0;2680.0;176024.0;56888.0;12.0;[reg, sid, ban, sec, men, med, sum, max, bet, mmm, hfq, htp]
95.448899;11.0;2711.0;2711.0;175993.0;56857.0;12.0;[reg, sid, ban, sec, men, med, sum, max, bet, htp, hhh, aei]
95.43379;11.0;2720.0;2720.0;175984.0;56848.0;9.0;[reg, sid, ban, sec, men, med, sum, hfq, htp]
95.3935;11.0;2744.0;2744.0;175960.0;56824.0;12.0;[reg, sid, ban, sec, men, med, sum, max, bet, mmm, htp, aei]
95.309562;11.0;2794.0;2794.0;175910.0;56774.0;9.0;[reg, sid, ban, sec, men, med, sum, mmm, htp]
95.292775;11.0;2804.0;2804.0;175900.0;56764.0;10.0;[reg, sid, ban, sec, men, med, sum, max, hfq, htp]
95.287738;11.0;2807.0;2807.0;175897.0;56761.0;10.0;[reg, sid, ban, sec, men, med, sum, hfq, htp, hhh]
95.282702;11.0;2810.0;2810.0;175894.0;56758.0;8.0;[reg, sid, ban, sec, men, med, sum, htp]
95.257521;11.0;2825.0;2825.0;175879.0;56743.0;11.0;[reg, sid, ban, sec, men, med, sum, max, hfq, htp, hhh]
95.195407;11.0;2862.0;2862.0;175842.0;56706.0;11.0;[reg, sid, ban, sec, men, med, sum, hfq, htp, hhh, aei]
95.176941;11.0;2873.0;2873.0;175831.0;56695.0;11.0;[reg, sid, ban, sec, men, med, sum, mmm, hfq, htp, aei]
95.163511;11.0;2881.0;2881.0;175823.0;56687.0;13.0;[reg, sid, ban, sec, men, med, sum, max, bet, mmm, hfq, htp, hhh]
95.150081;11.0;2889.0;2889.0;175815.0;56679.0;10.0;[reg, sid, ban, sec, men, med, sum, max, mmm, htp]
95.119863;11.0;2907.0;2907.0;175797.0;56661.0;11.0;[reg, sid, ban, sec, men, med, sum, mmm, hfq, htp, hhh]
95.099718;11.0;2919.0;2919.0;175785.0;56649.0;12.0;[reg, sid, ban, sec, men, med, sum, bet, mmm, hfq, htp, hhh]
95.05607;11.0;2945.0;2945.0;175759.0;56623.0;12.0;[reg, sid, ban, sec, men, med, sum, bet, mmm, htp, hhh, aei]
95.039283;11.0;2955.0;2955.0;175749.0;56613.0;9.0;[reg, sid, ban, sec, men, med, sum, mmm, htp]
95.017459;11.0;2968.0;2968.0;175736.0;56600.0;10.0;[reg, sid, ban, sec, men, med, sum, hfq, htp, aei]
94.945273;11.0;3011.0;3011.0;175693.0;56557.0;10.0;[reg, sid, ban, sec, men, med, sum, bet, htp, hhh]
94.938558;11.0;3015.0;3015.0;175689.0;56553.0;10.0;[reg, sid, ban, sec, men, med, sum, bet, hfq, htp]
94.925128;11.0;3023.0;3023.0;175681.0;56545.0;10.0;[reg, sid, ban, sec, men, med, sum, bet, htp, hhh]
94.92177;11.0;3025.0;3025.0;175679.0;56543.0;12.0;[reg, sid, ban, sec, men, med, sum, bet, hfq, htp, hhh, aei]
94.891553;11.0;3043.0;3043.0;175661.0;56525.0;11.0;[reg, sid, ban, sec, men, med, sum, bet, mmm, htp, aei]
94.883159;11.0;3048.0;3048.0;175656.0;56520.0;11.0;[reg, sid, ban, sec, men, med, sum, max, bet, hfq, htp]
94.879801;11.0;3050.0;3050.0;175654.0;56518.0;11.0;[reg, sid, ban, sec, men, med, sum, max, bet, htp, aei]
94.849584;11.0;3068.0;3068.0;175636.0;56500.0;12.0;[reg, sid, ban, sec, men, med, sum, max, mmm, htp, hhh, aei]
94.797542;11.0;3099.0;3099.0;175605.0;56469.0;13.0;[reg, sid, ban, sec, men, med, sum, max, bet, mmm, hfq, htp, aei]
94.779076;11.0;3110.0;3110.0;175594.0;56458.0;10.0;[reg, sid, ban, sec, men, med, sum, hfq, htp, aei]
94.772361;11.0;3114.0;3114.0;175590.0;56454.0;13.0;[reg, sid, ban, sec, men, med, sum, max, bet, mmm, hfq, htp, hhh]
94.755573;11.0;3124.0;3124.0;175580.0;56444.0;11.0;[reg, sid, ban, sec, men, med, sum, max, bet, htp, hhh]
94.740465;11.0;3133.0;3133.0;175571.0;56435.0;10.0;[reg, sid, ban, sec, men, med, sum, max, bet, htp]
94.738786;11.0;3134.0;3134.0;175570.0;56434.0;13.0;[reg, sid, ban, sec, men, med, sum, max, bet, mmm, npp, hhh, aei]
94.721998;11.0;3144.0;3144.0;175560.0;56424.0;11.0;[reg, sid, ban, sec, men, med, sum, bet, hfq, htp, aei]
94.70689;11.0;3153.0;3153.0;175551.0;56415.0;11.0;[reg, sid, ban, sec, men, med, sum, bet, mmm, htp, hhh]
94.681708;11.0;3168.0;3168.0;175536.0;56400.0;12.0;[reg, sid, ban, sec, men, med, sum, max, bet, mmm, htp, aei]
94.661563;11.0;3180.0;3180.0;175524.0;56388.0;9.0;[reg, sid, ban, sec, men, med, sum, bet, htp]
94.654848;11.0;3184.0;3184.0;175520.0;56384.0;11.0;[reg, sid, ban, sec, men, med, sum, bet, hfq, htp, hhh]
94.651491;11.0;3186.0;3186.0;175518.0;56382.0;10.0;[reg, sid, ban, sec, men, med, sum, mmm, htp, aei]
94.649812;11.0;3187.0;3187.0;175517.0;56381.0;11.0;[reg, sid, ban, sec, men, med, sum, max, mmm, htp, hhh]
94.622952;11.0;3203.0;3203.0;175501.0;56365.0;10.0;[reg, sid, ban, sec, men, med, sum, max, htp, hhh]
94.612879;11.0;3209.0;3209.0;175495.0;56359.0;11.0;[reg, sid, ban, sec, men, med, sum, max, mmm, htp, hhh]
94.572589;11.0;3233.0;3233.0;175471.0;56335.0;13.0;[reg, sid, ban, sec, men, med, sum, max, bet, mmm, npp, hfq, htp]
94.565874;11.0;3237.0;3237.0;175467.0;56331.0;9.0;[reg, sid, ban, sec, men, med, sum, htp, hhh]
94.550766;11.0;3246.0;3246.0;175458.0;56322.0;11.0;[reg, sid, ban, sec, men, med, sum, max, bet, npp, hfq]
94.539014;11.0;3253.0;3253.0;175451.0;56315.0;11.0;[reg, sid, ban, sec, men, med, sum, bet, mmm, hfq, htp]
94.510475;11.0;3270.0;3270.0;175434.0;56298.0;10.0;[reg, sid, ban, sec, men, med, sum, bet, htp, aei]
94.502082;11.0;3275.0;3275.0;175429.0;56293.0;11.0;[reg, sid, ban, sec, men, med, sum, bet, mmm, npp, hhh]
94.488652;11.0;3283.0;3283.0;175421.0;56285.0;12.0;[reg, sid, ban, sec, men, med, sum, max, bet, mmm, npp, hhh]
94.478579;11.0;3289.0;3289.0;175415.0;56279.0;12.0;[reg, sid, ban, sec, men, med, sum, bet, npp, htp, hhh, aei]
94.466828;11.0;3296.0;3296.0;175408.0;56272.0;12.0;[reg, sid, ban, sec, men, med, sum, max, bet, mmm, npp, aei]
94.456755;11.0;3302.0;3302.0;175402.0;56266.0;11.0;[reg, sid, ban, sec, men, med, sum, bet, hfq, htp, aei]
94.451719;11.0;3305.0;3305.0;175399.0;56263.0;11.0;[reg, sid, ban, sec, men, med, sum, max, bet, npp, hhh]
94.438289;11.0;3313.0;3313.0;175391.0;56255.0;12.0;[reg, sid, ban, sec, men, med, sum, max, bet, mmm, hfq, htp]
94.433253;11.0;3316.0;3316.0;175388.0;56252.0;13.0;[reg, sid, ban, sec, men, med, sum, max, bet, mmm, npp, htp, aei]
94.42318;11.0;3322.0;3322.0;175382.0;56246.0;12.0;[reg, sid, ban, sec, men, med, sum, bet, mmm, npp, hfq, aei]
94.411429;11.0;3329.0;3329.0;175375.0;56239.0;12.0;[reg, sid, ban, sec, men, med, sum, bet, npp, hfq, htp, aei]
94.40975;11.0;3330.0;3330.0;175374.0;56238.0;11.0;[reg, sid, ban, sec, men, med, sum, max, bet, mmm, htp]
94.401356;11.0;3335.0;3335.0;175369.0;56233.0;11.0;[reg, sid, ban, sec, men, med, sum, max, mmm, htp, aei]
94.386248;11.0;3344.0;3344.0;175360.0;56224.0;12.0;[reg, sid, ban, sec, men, med, sum, max, mmm, htp, hhh, aei]
94.38289;11.0;3346.0;3346.0;175358.0;56222.0;12.0;[reg, sid, ban, sec, men, med, sum, max, bet, npp, hfq, hhh]
94.379533;11.0;3348.0;3348.0;175356.0;56220.0;12.0;[reg, sid, ban, sec, men, med, sum, bet, npp, hfq, htp, hhh]
94.377854;11.0;3349.0;3349.0;175355.0;56219.0;10.0;[reg, sid, ban, sec, men, med, sum, max, htp, aei]
94.361066;11.0;3359.0;3359.0;175345.0;56209.0;11.0;[reg, sid, ban, sec, men, med, sum, max, bet, npp, hfq]
94.349315;11.0;3366.0;3366.0;175338.0;56202.0;10.0;[reg, sid, ban, sec, men, med, sum, mmm, hfq, htp]
94.345958;11.0;3368.0;3368.0;175336.0;56200.0;10.0;[reg, sid, ban, sec, men, med, sum, bet, mmm, npp]
94.344279;11.0;3369.0;3369.0;175335.0;56199.0;11.0;[reg, sid, ban, sec, men, med, sum, max, bet, npp, hfq]
94.334206;11.0;3375.0;3375.0;175329.0;56193.0;10.0;[reg, sid, ban, sec, men, med, sum, bet, htp, aei]
94.322455;11.0;3382.0;3382.0;175322.0;56186.0;12.0;[reg, sid, ban, sec, men, med, sum, bet, mmm, npp, htp, aei]
94.309025;11.0;3390.0;3390.0;175314.0;56178.0;10.0;[reg, sid, ban, sec, men, med, sum, max, bet, npp]
94.305667;11.0;3392.0;3392.0;175312.0;56176.0;13.0;[reg, sid, ban, sec, men, med, sum, max, bet, mmm, npp, hfq, hhh]
94.30231;11.0;3394.0;3394.0;175310.0;56174.0;10.0;[reg, sid, ban, sec, men, med, sum, bet, npp, hfq]
94.30231;11.0;3394.0;3394.0;175310.0;56174.0;11.0;[reg, sid, ban, sec, men, med, sum, max, bet, mmm, npp]
94.277129;11.0;3409.0;3409.0;175295.0;56159.0;11.0;[reg, sid, ban, sec, men, med, sum, bet, npp, htp, aei]
94.270414;11.0;3413.0;3413.0;175291.0;56155.0;11.0;[reg, sid, ban, sec, men, med, sum, bet, npp, hfq, hhh]
94.258662;11.0;3420.0;3420.0;175284.0;56148.0;10.0;[reg, sid, ban, sec, men, med, sum, bet, npp, hhh]
94.256984;11.0;3421.0;3421.0;175283.0;56147.0;11.0;[reg, sid, ban, sec, men, med, sum, bet, npp, hhh, aei]
94.253626;11.0;3423.0;3423.0;175281.0;56145.0;12.0;[reg, sid, ban, sec, men, med, sum, bet, npp, hfq, htp, aei]
94.251947;11.0;3424.0;3424.0;175280.0;56144.0;11.0;[reg, sid, ban, sec, men, med, sum, max, bet, npp, aei]
94.250269;11.0;3425.0;3425.0;175279.0;56143.0;13.0;[reg, sid, ban, sec, men, med, sum, max, bet, mmm, npp, hfq, htp]
94.24859;11.0;3426.0;3426.0;175278.0;56142.0;12.0;[reg, sid, ban, sec, men, med, sum, max, bet, mmm, npp, htp]
94.240196;11.0;3431.0;3431.0;175273.0;56137.0;11.0;[reg, sid, ban, sec, men, med, sum, max, bet, npp, htp]
94.236839;11.0;3433.0;3433.0;175271.0;56135.0;11.0;[reg, sid, ban, sec, men, med, sum, max, bet, npp, htp]
94.225087;11.0;3440.0;3440.0;175264.0;56128.0;11.0;[reg, sid, ban, sec, men, med, sum, max, bet, htp, hhh]
94.216694;11.0;3445.0;3445.0;175259.0;56123.0;11.0;[reg, sid, ban, sec, men, med, sum, max, hfq, htp, aei]
94.215015;11.0;3446.0;3446.0;175258.0;56122.0;12.0;[reg, sid, ban, sec, men, med, sum, bet, mmm, npp, hfq, aei]
94.211657;11.0;3448.0;3448.0;175256.0;56120.0;11.0;[reg, sid, ban, sec, men, med, sum, mmm, hfq, htp, aei]
94.2083;11.0;3450.0;3450.0;175254.0;56118.0;11.0;[reg, sid, ban, sec, men, med, sum, bet, mmm, npp, aei]
94.206621;11.0;3451.0;3451.0;175253.0;56117.0;11.0;[reg, sid, ban, sec, men, med, sum, bet, npp, hfq, aei]
94.199906;11.0;3455.0;3455.0;175249.0;56113.0;10.0;[reg, sid, ban, sec, men, med, sum, max, bet, npp]
94.196548;11.0;3457.0;3457.0;175247.0;56111.0;12.0;[reg, sid, ban, sec, men, med, sum, bet, mmm, npp, hfq, hhh]
94.19487;11.0;3458.0;3458.0;175246.0;56110.0;10.0;[reg, sid, ban, sec, men, med, sum, bet, npp, htp]
94.193191;11.0;3459.0;3459.0;175245.0;56109.0;12.0;[reg, sid, ban, sec, men, med, sum, max, bet, npp, hhh, aei]
94.191512;11.0;3460.0;3460.0;175244.0;56108.0;11.0;[reg, sid, ban, sec, men, med, sum, bet, npp, hfq, aei]
94.191512;11.0;3460.0;3460.0;175244.0;56108.0;11.0;[reg, sid, ban, sec, men, med, sum, max, bet, mmm, npp]
94.186476;11.0;3463.0;3463.0;175241.0;56105.0;13.0;[reg, sid, ban, sec, men, med, sum, max, bet, mmm, npp, hhh, aei]
94.184797;11.0;3464.0;3464.0;175240.0;56104.0;11.0;[reg, sid, ban, sec, men, med, sum, mmm, htp, hhh, aei]
94.176403;11.0;3469.0;3469.0;175235.0;56099.0;12.0;[reg, sid, ban, sec, men, med, sum, bet, mmm, npp, htp, hhh]
94.171367;11.0;3472.0;3472.0;175232.0;56096.0;11.0;[reg, sid, ban, sec, men, med, sum, bet, npp, hfq, htp]
94.171367;11.0;3472.0;3472.0;175232.0;56096.0;9.0;[reg, sid, ban, sec, men, med, sum, hfq, htp]
94.169688;11.0;3473.0;3473.0;175231.0;56095.0;12.0;[reg, sid, ban, sec, men, med, sum, bet, mmm, npp, htp, hhh]
94.166331;11.0;3475.0;3475.0;175229.0;56093.0;12.0;[reg, sid, ban, sec, men, med, sum, bet, npp, htp, hhh, aei]
94.161295;11.0;3478.0;3478.0;175226.0;56090.0;9.0;[reg, sid, ban, sec, men, med, sum, bet, npp]
94.161295;11.0;3478.0;3478.0;175226.0;56090.0;11.0;[reg, sid, ban, sec, men, med, sum, bet, mmm, npp, aei]
94.159616;11.0;3479.0;3479.0;175225.0;56089.0;11.0;[reg, sid, ban, sec, men, med, sum, bet, npp, hfq, hhh]
94.156258;11.0;3481.0;3481.0;175223.0;56087.0;12.0;[reg, sid, ban, sec, men, med, sum, max, bet, npp, hfq, aei]
94.15458;11.0;3482.0;3482.0;175222.0;56086.0;12.0;[reg, sid, ban, sec, men, med, sum, bet, mmm, npp, htp, aei]
94.149543;11.0;3485.0;3485.0;175219.0;56083.0;12.0;[reg, sid, ban, sec, men, med, sum, max, bet, npp, hfq, hhh]
94.149543;11.0;3485.0;3485.0;175219.0;56083.0;12.0;[reg, sid, ban, sec, men, med, sum, max, bet, mmm, hfq, htp]
94.136113;11.0;3493.0;3493.0;175211.0;56075.0;12.0;[reg, sid, ban, sec, men, med, sum, max, bet, mmm, npp, hhh]
94.134435;11.0;3494.0;3494.0;175210.0;56074.0;12.0;[reg, sid, ban, sec, men, med, sum, max, bet, npp, htp, hhh]
94.129398;11.0;3497.0;3497.0;175207.0;56071.0;10.0;[reg, sid, ban, sec, men, med, sum, bet, mmm, npp]
94.129398;11.0;3497.0;3497.0;175207.0;56071.0;12.0;[reg, sid, ban, sec, men, med, sum, bet, mmm, npp, htp, hhh]
94.11429;11.0;3506.0;3506.0;175198.0;56062.0;12.0;[reg, sid, ban, sec, men, med, sum, bet, mmm, hfq, htp, aei]
94.112611;11.0;3507.0;3507.0;175197.0;56061.0;12.0;[reg, sid, ban, sec, men, med, sum, max, bet, npp, hhh, aei]
94.107575;11.0;3510.0;3510.0;175194.0;56058.0;10.0;[reg, sid, ban, sec, men, med, sum, bet, npp, hfq]
94.099181;11.0;3515.0;3515.0;175189.0;56053.0;12.0;[reg, sid, ban, sec, men, med, sum, bet, npp, hfq, hhh, aei]
94.094145;11.0;3518.0;3518.0;175186.0;56050.0;11.0;[reg, sid, ban, sec, men, med, sum, bet, mmm, npp, hfq]
94.084072;11.0;3524.0;3524.0;175180.0;56044.0;12.0;[reg, sid, ban, sec, men, med, sum, bet, mmm, npp, hfq, htp]
94.079036;11.0;3527.0;3527.0;175177.0;56041.0;10.0;[reg, sid, ban, sec, men, med, sum, bet, npp, hhh]
94.077357;11.0;3528.0;3528.0;175176.0;56040.0;12.0;[reg, sid, ban, sec, men, med, sum, max, bet, mmm, npp, aei]
94.077357;11.0;3528.0;3528.0;175176.0;56040.0;13.0;[reg, sid, ban, sec, men, med, sum, max, bet, mmm, npp, hfq, hhh]
94.073999;11.0;3530.0;3530.0;175174.0;56038.0;12.0;[reg, sid, ban, sec, men, med, sum, bet, mmm, npp, hhh, aei]
94.067284;11.0;3534.0;3534.0;175170.0;56034.0;12.0;[reg, sid, ban, sec, men, med, sum, max, bet, hfq, htp, hhh]
94.063927;11.0;3536.0;3536.0;175168.0;56032.0;10.0;[reg, sid, ban, sec, men, med, sum, bet, npp, aei]
94.058891;11.0;3539.0;3539.0;175165.0;56029.0;10.0;[reg, sid, ban, sec, men, med, sum, bet, mmm, npp]
94.050497;11.0;3544.0;3544.0;175160.0;56024.0;12.0;[reg, sid, ban, sec, men, med, sum, bet, mmm, hfq, htp, hhh]
94.048818;11.0;3545.0;3545.0;175159.0;56023.0;10.0;[reg, sid, ban, sec, men, med, sum, bet, npp, aei]
94.047139;11.0;3546.0;3546.0;175158.0;56022.0;13.0;[reg, sid, ban, sec, men, med, sum, max, bet, mmm, hfq, htp, aei]
94.033709;11.0;3554.0;3554.0;175150.0;56014.0;12.0;[reg, sid, ban, sec, men, med, sum, bet, mmm, htp, hhh, aei]
94.033709;11.0;3554.0;3554.0;175150.0;56014.0;9.0;[reg, sid, ban, sec, men, med, sum, htp, aei]
94.032031;11.0;3555.0;3555.0;175149.0;56013.0;13.0;[reg, sid, ban, sec, men, med, sum, max, bet, mmm, npp, htp, aei]
94.028673;11.0;3557.0;3557.0;175147.0;56011.0;12.0;[reg, sid, ban, sec, men, med, sum, max, bet, npp, htp, hhh]
94.026994;11.0;3558.0;3558.0;175146.0;56010.0;11.0;[reg, sid, ban, sec, men, med, sum, bet, npp, htp, hhh]
94.025316;11.0;3559.0;3559.0;175145.0;56009.0;12.0;[reg, sid, ban, sec, men, med, sum, max, bet, hfq, htp, aei]
94.023637;11.0;3560.0;3560.0;175144.0;56008.0;11.0;[reg, sid, ban, sec, men, med, sum, bet, npp, hfq, hhh]
94.016922;11.0;3564.0;3564.0;175140.0;56004.0;12.0;[reg, sid, ban, sec, men, med, sum, max, bet, mmm, npp, htp]
94.008528;11.0;3569.0;3569.0;175135.0;55999.0;13.0;[reg, sid, ban, sec, men, med, sum, max, bet, mmm, npp, htp, hhh]
94.006849;11.0;3570.0;3570.0;175134.0;55998.0;11.0;[reg, sid, ban, sec, men, med, sum, bet, mmm, npp, hhh]
94.003492;11.0;3572.0;3572.0;175132.0;55996.0;10.0;[reg, sid, ban, sec, men, med, sum, bet, npp, htp]
93.990062;11.0;3580.0;3580.0;175124.0;55988.0;11.0;[reg, sid, ban, sec, men, med, sum, bet, mmm, npp, htp]
93.979989;11.0;3586.0;3586.0;175118.0;55982.0;11.0;[reg, sid, ban, sec, men, med, sum, bet, npp, htp, hhh]
93.978311;11.0;3587.0;3587.0;175117.0;55981.0;11.0;[reg, sid, ban, sec, men, med, sum, max, htp, hhh, aei]
93.974953;11.0;3589.0;3589.0;175115.0;55979.0;9.0;[reg, sid, ban, sec, men, med, sum, bet, npp]
93.961523;11.0;3597.0;3597.0;175107.0;55971.0;9.0;[reg, sid, ban, sec, men, med, sum, hfq, htp]
93.961523;11.0;3597.0;3597.0;175107.0;55971.0;12.0;[reg, sid, ban, sec, men, med, sum, max, bet, npp, hhh, aei]
93.958165;11.0;3599.0;3599.0;175105.0;55969.0;11.0;[reg, sid, ban, sec, men, med, sum, bet, mmm, htp, hhh]
93.958165;11.0;3599.0;3599.0;175105.0;55969.0;11.0;[reg, sid, ban, sec, men, med, sum, bet, npp, hfq, htp]
93.958165;11.0;3599.0;3599.0;175105.0;55969.0;12.0;[reg, sid, ban, sec, men, med, sum, max, bet, hfq, htp, hhh]
93.946414;11.0;3606.0;3606.0;175098.0;55962.0;11.0;[reg, sid, ban, sec, men, med, sum, bet, mmm, npp, hfq]
93.93802;11.0;3611.0;3611.0;175093.0;55957.0;13.0;[reg, sid, ban, sec, men, med, sum, max, bet, mmm, npp, hfq, aei]
93.93802;11.0;3611.0;3611.0;175093.0;55957.0;12.0;[reg, sid, ban, sec, men, med, sum, max, bet, npp, hfq, htp]
93.922912;11.0;3620.0;3620.0;175084.0;55948.0;12.0;[reg, sid, ban, sec, men, med, sum, max, bet, npp, htp, aei]
93.919554;11.0;3622.0;3622.0;175082.0;55946.0;12.0;[reg, sid, ban, sec, men, med, sum, bet, hfq, htp, hhh, aei]
93.919554;11.0;3622.0;3622.0;175082.0;55946.0;11.0;[reg, sid, ban, sec, men, med, sum, bet, mmm, hfq, htp]
93.912839;11.0;3626.0;3626.0;175078.0;55942.0;11.0;[reg, sid, ban, sec, men, med, sum, bet, npp, hhh, aei]
93.909482;11.0;3628.0;3628.0;175076.0;55940.0;13.0;[reg, sid, ban, sec, men, med, sum, max, bet, mmm, npp, hfq, htp]
93.906124;11.0;3630.0;3630.0;175074.0;55938.0;10.0;[reg, sid, ban, sec, men, med, sum, max, htp, aei]
93.901088;11.0;3633.0;3633.0;175071.0;55935.0;11.0;[reg, sid, ban, sec, men, med, sum, max, bet, mmm, htp]
93.899409;11.0;3634.0;3634.0;175070.0;55934.0;10.0;[reg, sid, ban, sec, men, med, sum, htp, hhh, aei]
93.89773;11.0;3635.0;3635.0;175069.0;55933.0;12.0;[reg, sid, ban, sec, men, med, sum, max, bet, npp, htp, aei]
93.894373;11.0;3637.0;3637.0;175067.0;55931.0;9.0;[reg, sid, ban, sec, men, med, sum, bet, npp]
93.892694;11.0;3638.0;3638.0;175066.0;55930.0;11.0;[reg, sid, ban, sec, men, med, sum, hfq, htp, hhh, aei]
93.887658;11.0;3641.0;3641.0;175063.0;55927.0;12.0;[reg, sid, ban, sec, men, med, sum, bet, npp, hfq, hhh, aei]
93.87087;11.0;3651.0;3651.0;175053.0;55917.0;11.0;[reg, sid, ban, sec, men, med, sum, bet, mmm, npp, htp]
93.864155;11.0;3655.0;3655.0;175049.0;55913.0;12.0;[reg, sid, ban, sec, men, med, sum, bet, npp, hfq, htp, hhh]
93.855761;11.0;3660.0;3660.0;175044.0;55908.0;12.0;[reg, sid, ban, sec, men, med, sum, max, bet, mmm, npp, aei]
93.849046;11.0;3664.0;3664.0;175040.0;55904.0;12.0;[reg, sid, ban, sec, men, med, sum, max, bet, mmm, htp, hhh]
93.838974;11.0;3670.0;3670.0;175034.0;55898.0;10.0;[reg, sid, ban, sec, men, med, sum, bet, npp, aei]
93.835616;11.0;3672.0;3672.0;175032.0;55896.0;13.0;[reg, sid, ban, sec, men, med, sum, max, bet, mmm, npp, htp, hhh]
93.83058;11.0;3675.0;3675.0;175029.0;55893.0;9.0;[reg, sid, ban, sec, men, med, sum, htp, hhh]
93.823865;11.0;3679.0;3679.0;175025.0;55889.0;11.0;[reg, sid, ban, sec, men, med, sum, bet, mmm, npp, hfq]
93.820508;11.0;3681.0;3681.0;175023.0;55887.0;11.0;[reg, sid, ban, sec, men, med, sum, bet, htp, hhh, aei]
93.797005;11.0;3695.0;3695.0;175009.0;55873.0;11.0;[reg, sid, ban, sec, men, med, sum, bet, npp, hfq, htp]
93.793648;11.0;3697.0;3697.0;175007.0;55871.0;12.0;[reg, sid, ban, sec, men, med, sum, max, bet, npp, hfq, htp]
93.788611;11.0;3700.0;3700.0;175004.0;55868.0;10.0;[reg, sid, ban, sec, men, med, sum, max, mmm, htp]
93.770145;11.0;3711.0;3711.0;174993.0;55857.0;11.0;[reg, sid, ban, sec, men, med, sum, max, bet, npp, aei]
93.75;11.0;3723.0;3723.0;174981.0;55845.0;12.0;[reg, sid, ban, sec, men, med, sum, bet, mmm, npp, hfq, htp]
93.733212;11.0;3733.0;3733.0;174971.0;55835.0;12.0;[reg, sid, ban, sec, men, med, sum, max, bet, mmm, npp, hfq]
93.729855;11.0;3735.0;3735.0;174969.0;55833.0;12.0;[reg, sid, ban, sec, men, med, sum, max, bet, mmm, npp, hhh]
93.724819;11.0;3738.0;3738.0;174966.0;55830.0;12.0;[reg, sid, ban, sec, men, med, sum, max, bet, mmm, npp, htp]
93.716425;11.0;3743.0;3743.0;174961.0;55825.0;11.0;[reg, sid, ban, sec, men, med, sum, bet, mmm, npp, aei]
93.708031;11.0;3748.0;3748.0;174956.0;55820.0;11.0;[reg, sid, ban, sec, men, med, sum, bet, npp, hhh, aei]
93.68285;11.0;3763.0;3763.0;174941.0;55805.0;11.0;[reg, sid, ban, sec, men, med, sum, mmm, htp, hhh, aei]
93.674456;11.0;3768.0;3768.0;174936.0;55800.0;11.0;[reg, sid, ban, sec, men, med, sum, bet, npp, htp, aei]
93.667741;11.0;3772.0;3772.0;174932.0;55796.0;12.0;[reg, sid, ban, sec, men, med, sum, bet, npp, hfq, htp, hhh]
93.666062;11.0;3773.0;3773.0;174931.0;55795.0;11.0;[reg, sid, ban, sec, men, med, sum, bet, npp, hfq, aei]
93.637524;11.0;3790.0;3790.0;174914.0;55778.0;11.0;[reg, sid, ban, sec, men, med, sum, max, bet, npp, aei]
93.630808;11.0;3794.0;3794.0;174910.0;55774.0;12.0;[reg, sid, ban, sec, men, med, sum, bet, npp, hfq, htp, aei]
93.62913;11.0;3795.0;3795.0;174909.0;55773.0;13.0;[reg, sid, ban, sec, men, med, sum, max, bet, mmm, npp, hhh, aei]
93.590518;11.0;3818.0;3818.0;174886.0;55750.0;12.0;[reg, sid, ban, sec, men, med, sum, bet, mmm, npp, htp, aei]
93.580446;11.0;3824.0;3824.0;174880.0;55744.0;11.0;[reg, sid, ban, sec, men, med, sum, bet, mmm, npp, htp]
93.567016;11.0;3832.0;3832.0;174872.0;55736.0;12.0;[reg, sid, ban, sec, men, med, sum, bet, mmm, hfq, htp, hhh]
93.558622;11.0;3837.0;3837.0;174867.0;55731.0;12.0;[reg, sid, ban, sec, men, med, sum, max, bet, npp, htp, hhh]
93.546871;11.0;3844.0;3844.0;174860.0;55724.0;10.0;[reg, sid, ban, sec, men, med, sum, bet, npp, hfq]
93.545192;11.0;3845.0;3845.0;174859.0;55723.0;11.0;[reg, sid, ban, sec, men, med, sum, bet, npp, htp, aei]
93.540156;11.0;3848.0;3848.0;174856.0;55720.0;11.0;[reg, sid, ban, sec, men, med, sum, bet, mmm, htp, aei]
93.536798;11.0;3850.0;3850.0;174854.0;55718.0;13.0;[reg, sid, ban, sec, men, med, sum, max, bet, mmm, npp, htp, aei]
93.503223;11.0;3870.0;3870.0;174834.0;55698.0;10.0;[reg, sid, ban, sec, men, med, sum, max, bet, htp]
93.503223;11.0;3870.0;3870.0;174834.0;55698.0;12.0;[reg, sid, ban, sec, men, med, sum, max, bet, npp, hfq, hhh]
93.493151;11.0;3876.0;3876.0;174828.0;55692.0;13.0;[reg, sid, ban, sec, men, med, sum, max, bet, mmm, npp, hfq, aei]
93.489793;11.0;3878.0;3878.0;174826.0;55690.0;11.0;[reg, sid, ban, sec, men, med, sum, max, bet, npp, hhh]
93.464612;11.0;3893.0;3893.0;174811.0;55675.0;11.0;[reg, sid, ban, sec, men, med, sum, bet, npp, htp, hhh]
93.461254;11.0;3895.0;3895.0;174809.0;55673.0;12.0;[reg, sid, ban, sec, men, med, sum, bet, mmm, npp, hfq, htp]
93.424322;11.0;3917.0;3917.0;174787.0;55651.0;12.0;[reg, sid, ban, sec, men, med, sum, mmm, hfq, htp, hhh, aei]
93.420964;11.0;3919.0;3919.0;174785.0;55649.0;11.0;[reg, sid, ban, sec, men, med, sum, max, bet, npp, hhh]
93.368923;11.0;3950.0;3950.0;174754.0;55618.0;12.0;[reg, sid, ban, sec, men, med, sum, max, mmm, hfq, htp, hhh]
93.367244;11.0;3951.0;3951.0;174753.0;55617.0;12.0;[reg, sid, ban, sec, men, med, sum, max, bet, hfq, htp, hhh]
93.353814;11.0;3959.0;3959.0;174745.0;55609.0;12.0;[reg, sid, ban, sec, men, med, sum, max, bet, mmm, npp, hfq]
93.347099;11.0;3963.0;3963.0;174741.0;55605.0;10.0;[reg, sid, ban, sec, men, med, sum, bet, npp, htp]
93.347099;11.0;3963.0;3963.0;174741.0;55605.0;12.0;[reg, sid, ban, sec, men, med, sum, bet, npp, htp, hhh, aei]
93.321918;11.0;3978.0;3978.0;174726.0;55590.0;12.0;[reg, sid, ban, sec, men, med, sum, bet, mmm, npp, hfq, aei]
93.300094;11.0;3991.0;3991.0;174713.0;55577.0;12.0;[reg, sid, ban, sec, men, med, sum, max, bet, npp, hfq, aei]
93.300094;11.0;3991.0;3991.0;174713.0;55577.0;12.0;[reg, sid, ban, sec, men, med, sum, bet, npp, hfq, hhh, aei]
93.296737;11.0;3993.0;3993.0;174711.0;55575.0;13.0;[reg, sid, ban, sec, men, med, sum, max, bet, mmm, npp, hfq, aei]
93.27827;11.0;4004.0;4004.0;174700.0;55564.0;12.0;[reg, sid, ban, sec, men, med, sum, max, mmm, htp, hhh, aei]
93.268198;11.0;4010.0;4010.0;174694.0;55558.0;9.0;[reg, sid, ban, sec, men, med, sum, htp, aei]
93.253089;11.0;4019.0;4019.0;174685.0;55549.0;10.0;[reg, sid, ban, sec, men, med, sum, bet, htp, hhh]
93.23798;11.0;4028.0;4028.0;174676.0;55540.0;13.0;[reg, sid, ban, sec, men, med, sum, max, bet, mmm, npp, hfq, hhh]
93.229586;11.0;4033.0;4033.0;174671.0;55535.0;11.0;[reg, sid, ban, sec, men, med, sum, max, mmm, hhh, aei]
93.216156;11.0;4041.0;4041.0;174663.0;55527.0;11.0;[reg, sid, ban, sec, men, med, sum, bet, mmm, npp, hhh]
93.177545;11.0;4064.0;4064.0;174640.0;55504.0;12.0;[reg, sid, ban, sec, men, med, sum, max, bet, npp, htp, aei]
93.145649;11.0;4083.0;4083.0;174621.0;55485.0;9.0;[reg, sid, ban, sec, men, med, sum, max, htp]
93.140612;11.0;4086.0;4086.0;174618.0;55482.0;12.0;[reg, sid, ban, sec, men, med, sum, max, mmm, hfq, htp, hhh]
93.100322;11.0;4110.0;4110.0;174594.0;55458.0;12.0;[reg, sid, ban, sec, men, med, sum, max, bet, hfq, htp, aei]
93.098644;11.0;4111.0;4111.0;174593.0;55457.0;12.0;[reg, sid, ban, sec, men, med, sum, max, mmm, hfq, hhh, aei]
93.095286;11.0;4113.0;4113.0;174591.0;55455.0;11.0;[reg, sid, ban, sec, men, med, sum, max, bet, mmm, npp]
93.070105;11.0;4128.0;4128.0;174576.0;55440.0;10.0;[reg, sid, ban, sec, men, med, sum, bet, mmm, htp]
93.053317;11.0;4138.0;4138.0;174566.0;55430.0;11.0;[reg, sid, ban, sec, men, med, sum, max, hfq, htp, aei]
93.039887;11.0;4146.0;4146.0;174558.0;55422.0;11.0;[reg, sid, ban, sec, men, med, sum, mmm, htp, hhh, aei]
93.006312;11.0;4166.0;4166.0;174538.0;55402.0;11.0;[reg, sid, ban, sec, men, med, sum, bet, htp, hhh, aei]
92.972737;11.0;4186.0;4186.0;174518.0;55382.0;12.0;[reg, sid, ban, sec, men, med, sum, bet, mmm, npp, hhh, aei]
92.902229;11.0;4228.0;4228.0;174476.0;55340.0;12.0;[reg, sid, ban, sec, men, med, sum, bet, mmm, npp, hfq, hhh]
92.880406;11.0;4241.0;4241.0;174463.0;55327.0;12.0;[reg, sid, ban, sec, men, med, sum, max, bet, htp, hhh, aei]
92.878727;11.0;4242.0;4242.0;174462.0;55326.0;12.0;[reg, sid, ban, sec, men, med, sum, bet, mmm, npp, hhh, aei]
92.868654;11.0;4248.0;4248.0;174456.0;55320.0;12.0;[reg, sid, ban, sec, men, med, sum, max, mmm, hfq, htp, aei]
92.860261;11.0;4253.0;4253.0;174451.0;55315.0;13.0;[reg, sid, ban, sec, men, med, sum, max, bet, mmm, npp, htp, hhh]
92.848509;11.0;4260.0;4260.0;174444.0;55308.0;12.0;[reg, sid, ban, sec, men, med, sum, mmm, hfq, htp, hhh, aei]
92.799825;11.0;4289.0;4289.0;174415.0;55279.0;9.0;[reg, sid, ban, sec, men, med, sum, bet, htp]
92.72596;11.0;4333.0;4333.0;174371.0;55235.0;12.0;[reg, sid, ban, sec, men, med, sum, max, bet, mmm, npp, hfq]
92.630271;11.0;4390.0;4390.0;174314.0;55178.0;10.0;[reg, sid, ban, sec, men, med, sum, mmm, htp, hhh]
92.630271;11.0;4390.0;4390.0;174314.0;55178.0;11.0;[reg, sid, ban, sec, men, med, sum, max, bet, htp, aei]
92.625235;11.0;4393.0;4393.0;174311.0;55175.0;11.0;[reg, sid, ban, sec, men, med, sum, bet, hfq, htp, hhh]
92.541297;11.0;4443.0;4443.0;174261.0;55125.0;11.0;[reg, sid, ban, sec, men, med, sum, max, bet, npp, htp]
92.539619;11.0;4444.0;4444.0;174260.0;55124.0;13.0;[reg, sid, ban, sec, men, med, sum, max, bet, mmm, hfq, htp, aei]
92.455681;11.0;4494.0;4494.0;174210.0;55074.0;10.0;[reg, sid, ban, sec, men, med, sum, bet, htp, aei]
92.435536;11.0;4506.0;4506.0;174198.0;55062.0;11.0;[reg, sid, ban, sec, men, med, sum, bet, mmm, htp, aei]
92.396925;11.0;4529.0;4529.0;174175.0;55039.0;12.0;[reg, sid, ban, sec, men, med, sum, max, bet, npp, hfq, htp]
92.324738;11.0;4572.0;4572.0;174132.0;54996.0;13.0;[reg, sid, ban, sec, men, med, sum, max, aci, bet, npp, hhh, aei]
92.323059;11.0;4573.0;4573.0;174131.0;54995.0;12.0;[reg, sid, ban, sec, men, med, sum, bet, mmm, npp, hfq, hhh]
92.284448;11.0;4596.0;4596.0;174108.0;54972.0;13.0;[reg, sid, ban, sec, men, med, sum, max, aci, bet, npp, hhh, aei]
92.234085;11.0;4626.0;4626.0;174078.0;54942.0;10.0;[reg, sid, ban, sec, men, med, sum, bet, mmm, htp]
92.207225;11.0;4642.0;4642.0;174062.0;54926.0;11.0;[reg, sid, ban, sec, men, med, sum, max, hfq, hhh, aei]
92.192117;11.0;4651.0;4651.0;174053.0;54917.0;13.0;[reg, sid, ban, sec, men, med, sum, max, aci, bet, npp, hfq, hhh]
92.182044;11.0;4657.0;4657.0;174047.0;54911.0;13.0;[reg, sid, ban, sec, men, med, sum, max, aci, bet, mmm, npp, hfq]
92.155184;11.0;4673.0;4673.0;174031.0;54895.0;12.0;[reg, sid, ban, sec, men, med, sum, bet, mmm, hfq, htp, aei]
92.113215;11.0;4698.0;4698.0;174006.0;54870.0;11.0;[reg, sid, ban, sec, men, med, sum, bet, htp, hhh, aei]
92.103143;11.0;4704.0;4704.0;174000.0;54864.0;9.0;[reg, sid, ban, sec, men, med, sum, mmm, htp]
92.071246;11.0;4723.0;4723.0;173981.0;54845.0;12.0;[reg, sid, ban, sec, men, med, sum, aci, bet, npp, hhh, aei]
92.059495;11.0;4730.0;4730.0;173974.0;54838.0;9.0;[reg, sid, ban, sec, men, med, sum, npp, hfq]
92.054459;11.0;4733.0;4733.0;173971.0;54835.0;10.0;[reg, sid, ban, sec, men, med, sum, npp, hfq, hhh]
92.051101;11.0;4735.0;4735.0;173969.0;54833.0;10.0;[reg, sid, ban, sec, men, med, sum, max, npp, htp]
92.044386;11.0;4739.0;4739.0;173965.0;54829.0;10.0;[reg, sid, ban, sec, men, med, sum, bet, npp, hhh]
92.042707;11.0;4740.0;4740.0;173964.0;54828.0;9.0;[reg, sid, ban, sec, men, med, sum, mmm, npp]
92.035992;11.0;4744.0;4744.0;173960.0;54824.0;10.0;[reg, sid, ban, sec, men, med, sum, npp, hfq, htp]
92.030956;11.0;4747.0;4747.0;173957.0;54821.0;13.0;[reg, sid, ban, sec, men, med, sum, max, aci, bet, mmm, npp, hhh]
92.024241;11.0;4751.0;4751.0;173953.0;54817.0;12.0;[reg, sid, ban, sec, men, med, sum, aci, bet, npp, hfq, hhh]
92.020884;11.0;4753.0;4753.0;173951.0;54815.0;11.0;[reg, sid, ban, sec, men, med, sum, max, npp, hfq, hhh]
92.020884;11.0;4753.0;4753.0;173951.0;54815.0;11.0;[reg, sid, ban, sec, men, med, sum, bet, hfq, htp, hhh]
92.01249;11.0;4758.0;4758.0;173946.0;54810.0;13.0;[reg, sid, ban, sec, men, med, sum, max, aci, bet, mmm, npp, htp]
92.000739;11.0;4765.0;4765.0;173939.0;54803.0;11.0;[reg, sid, ban, sec, men, med, sum, npp, hfq, htp, hhh]
91.990666;11.0;4771.0;4771.0;173933.0;54797.0;12.0;[reg, sid, ban, sec, men, med, sum, bet, mmm, hfq, hhh, aei]
91.98563;11.0;4774.0;4774.0;173930.0;54794.0;11.0;[reg, sid, ban, sec, men, med, sum, max, npp, htp, aei]
91.983951;11.0;4775.0;4775.0;173929.0;54793.0;11.0;[reg, sid, ban, sec, men, med, sum, mmm, npp, htp, hhh]
91.975557;11.0;4780.0;4780.0;173924.0;54788.0;11.0;[reg, sid, ban, sec, men, med, sum, max, npp, htp, hhh]
91.973879;11.0;4781.0;4781.0;173923.0;54787.0;9.0;[reg, sid, ban, sec, men, med, sum, npp, aei]
91.968842;11.0;4784.0;4784.0;173920.0;54784.0;12.0;[reg, sid, ban, sec, men, med, sum, max, mmm, npp, hfq, hhh]
91.968842;11.0;4784.0;4784.0;173920.0;54784.0;12.0;[reg, sid, ban, sec, men, med, sum, max, mmm, npp, htp, aei]
91.962127;11.0;4788.0;4788.0;173916.0;54780.0;9.0;[reg, sid, ban, sec, men, med, sum, npp, hfq]
91.95877;11.0;4790.0;4790.0;173914.0;54778.0;10.0;[reg, sid, ban, sec, men, med, sum, mmm, npp, hfq]
91.95877;11.0;4790.0;4790.0;173914.0;54778.0;10.0;[reg, sid, ban, sec, men, med, sum, mmm, npp, hfq]
91.957091;11.0;4791.0;4791.0;173913.0;54777.0;12.0;[reg, sid, ban, sec, men, med, sum, mmm, npp, hfq, htp, aei]
91.947019;11.0;4797.0;4797.0;173907.0;54771.0;12.0;[reg, sid, ban, sec, men, med, sum, aci, bet, mmm, npp, hhh]
91.936946;11.0;4803.0;4803.0;173901.0;54765.0;10.0;[reg, sid, ban, sec, men, med, sum, mmm, hhh, aei]
91.93191;11.0;4806.0;4806.0;173898.0;54762.0;11.0;[reg, sid, ban, sec, men, med, sum, npp, htp, hhh, aei]
91.920158;11.0;4813.0;4813.0;173891.0;54755.0;12.0;[reg, sid, ban, sec, men, med, sum, max, mmm, npp, hfq, htp]
91.920158;11.0;4813.0;4813.0;173891.0;54755.0;11.0;[reg, sid, ban, sec, men, med, sum, mmm, npp, htp, hhh]
91.910086;11.0;4819.0;4819.0;173885.0;54749.0;10.0;[reg, sid, ban, sec, men, med, sum, max, npp, hfq]
91.901692;11.0;4824.0;4824.0;173880.0;54744.0;12.0;[reg, sid, ban, sec, men, med, sum, max, bet, mmm, hfq, aei]
91.896656;11.0;4827.0;4827.0;173877.0;54741.0;12.0;[reg, sid, ban, sec, men, med, sum, max, npp, htp, hhh, aei]
91.894977;11.0;4828.0;4828.0;173876.0;54740.0;10.0;[reg, sid, ban, sec, men, med, sum, mmm, npp, hfq]
91.888262;11.0;4832.0;4832.0;173872.0;54736.0;11.0;[reg, sid, ban, sec, men, med, sum, max, mmm, npp, htp]
91.876511;11.0;4839.0;4839.0;173865.0;54729.0;10.0;[reg, sid, ban, sec, men, med, sum, max, npp, hhh]
91.871475;11.0;4842.0;4842.0;173862.0;54726.0;12.0;[reg, sid, ban, sec, men, med, sum, max, mmm, npp, hfq, aei]
91.861402;11.0;4848.0;4848.0;173856.0;54720.0;11.0;[reg, sid, ban, sec, men, med, sum, max, mmm, npp, aei]
91.847972;11.0;4856.0;4856.0;173848.0;54712.0;11.0;[reg, sid, ban, sec, men, med, sum, max, aci, bet, npp]
91.827827;11.0;4868.0;4868.0;173836.0;54700.0;10.0;[reg, sid, ban, sec, men, med, sum, max, npp, htp]
91.827827;11.0;4868.0;4868.0;173836.0;54700.0;10.0;[reg, sid, ban, sec, men, med, sum, bet, hfq, htp]
91.826148;11.0;4869.0;4869.0;173835.0;54699.0;12.0;[reg, sid, ban, sec, men, med, sum, max, mmm, npp, hhh, aei]
91.82447;11.0;4870.0;4870.0;173834.0;54698.0;12.0;[reg, sid, ban, sec, men, med, sum, bet, hfq, htp, hhh, aei]
91.822791;11.0;4871.0;4871.0;173833.0;54697.0;12.0;[reg, sid, ban, sec, men, med, sum, max, hfq, htp, hhh, aei]
91.822791;11.0;4871.0;4871.0;173833.0;54697.0;10.0;[reg, sid, ban, sec, men, med, sum, max, bet, npp]
91.819433;11.0;4873.0;4873.0;173831.0;54695.0;13.0;[reg, sid, ban, sec, men, med, sum, max, aci, bet, mmm, npp, aei]
91.819433;11.0;4873.0;4873.0;173831.0;54695.0;11.0;[reg, sid, ban, sec, men, med, sum, npp, hfq, htp, hhh]
91.816076;11.0;4875.0;4875.0;173829.0;54693.0;12.0;[reg, sid, ban, sec, men, med, sum, max, bet, mmm, htp, aei]
91.816076;11.0;4875.0;4875.0;173829.0;54693.0;11.0;[reg, sid, ban, sec, men, med, sum, max, npp, htp, hhh]
91.812718;11.0;4877.0;4877.0;173827.0;54691.0;11.0;[reg, sid, ban, sec, men, med, sum, mmm, npp, htp, aei]
91.802646;11.0;4883.0;4883.0;173821.0;54685.0;11.0;[reg, sid, ban, sec, men, med, sum, mmm, npp, hhh, aei]
91.799288;11.0;4885.0;4885.0;173819.0;54683.0;10.0;[reg, sid, ban, sec, men, med, sum, mmm, npp, hhh]
91.789216;11.0;4891.0;4891.0;173813.0;54677.0;11.0;[reg, sid, ban, sec, men, med, sum, mmm, npp, hfq, hhh]
91.785858;11.0;4893.0;4893.0;173811.0;54675.0;12.0;[reg, sid, ban, sec, men, med, sum, mmm, npp, htp, hhh, aei]
91.780822;11.0;4896.0;4896.0;173808.0;54672.0;8.0;[reg, sid, ban, sec, men, med, sum, npp]
91.758998;11.0;4909.0;4909.0;173795.0;54659.0;11.0;[reg, sid, ban, sec, men, med, sum, aci, bet, npp, hhh]
91.757319;11.0;4910.0;4910.0;173794.0;54658.0;12.0;[reg, sid, ban, sec, men, med, sum, max, aci, bet, npp, htp]
91.752283;11.0;4913.0;4913.0;173791.0;54655.0;9.0;[reg, sid, ban, sec, men, med, sum, npp, hhh]
91.748926;11.0;4915.0;4915.0;173789.0;54653.0;10.0;[reg, sid, ban, sec, men, med, sum, npp, htp, aei]
91.733817;11.0;4924.0;4924.0;173780.0;54644.0;10.0;[reg, sid, ban, sec, men, med, sum, max, npp, hhh]
91.732138;11.0;4925.0;4925.0;173779.0;54643.0;11.0;[reg, sid, ban, sec, men, med, sum, max, bet, hfq, htp]
91.723744;11.0;4930.0;4930.0;173774.0;54638.0;13.0;[reg, sid, ban, sec, men, med, sum, max, aci, bet, npp, hfq, htp]
91.722066;11.0;4931.0;4931.0;173773.0;54637.0;11.0;[reg, sid, ban, sec, men, med, sum, aci, bet, npp, hfq]
91.711993;11.0;4937.0;4937.0;173767.0;54631.0;10.0;[reg, sid, ban, sec, men, med, sum, mmm, npp, htp]
91.698563;11.0;4945.0;4945.0;173759.0;54623.0;12.0;[reg, sid, ban, sec, men, med, sum, max, mmm, npp, hfq, aei]
91.698563;11.0;4945.0;4945.0;173759.0;54623.0;11.0;[reg, sid, ban, sec, men, med, sum, max, mmm, npp, htp]
91.696884;11.0;4946.0;4946.0;173758.0;54622.0;10.0;[reg, sid, ban, sec, men, med, sum, mmm, npp, hhh]
91.696884;11.0;4946.0;4946.0;173758.0;54622.0;10.0;[reg, sid, ban, sec, men, med, sum, max, npp, htp]
91.693527;11.0;4948.0;4948.0;173756.0;54620.0;12.0;[reg, sid, ban, sec, men, med, sum, max, npp, hfq, htp, aei]
91.693527;11.0;4948.0;4948.0;173756.0;54620.0;12.0;[reg, sid, ban, sec, men, med, sum, mmm, npp, hfq, htp, hhh]
91.693527;11.0;4948.0;4948.0;173756.0;54620.0;10.0;[reg, sid, ban, sec, men, med, sum, npp, hfq, aei]
91.68849;11.0;4951.0;4951.0;173753.0;54617.0;10.0;[reg, sid, ban, sec, men, med, sum, npp, hfq, htp]
91.686812;11.0;4952.0;4952.0;173752.0;54616.0;8.0;[reg, sid, ban, sec, men, med, sum, npp]
91.683454;11.0;4954.0;4954.0;173750.0;54614.0;11.0;[reg, sid, ban, sec, men, med, sum, mmm, npp, hfq, hhh]
91.678418;11.0;4957.0;4957.0;173747.0;54611.0;12.0;[reg, sid, ban, sec, men, med, sum, aci, bet, mmm, npp, hhh]
91.676739;11.0;4958.0;4958.0;173746.0;54610.0;12.0;[reg, sid, ban, sec, men, med, sum, mmm, npp, htp, hhh, aei]
91.671703;11.0;4961.0;4961.0;173743.0;54607.0;11.0;[reg, sid, ban, sec, men, med, sum, mmm, npp, htp, hhh]
91.666667;11.0;4964.0;4964.0;173740.0;54604.0;10.0;[reg, sid, ban, sec, men, med, sum, max, npp, aei]
91.659952;11.0;4968.0;4968.0;173736.0;54600.0;9.0;[reg, sid, ban, sec, men, med, sum, mmm, npp]
91.654915;11.0;4971.0;4971.0;173733.0;54597.0;12.0;[reg, sid, ban, sec, men, med, sum, aci, bet, mmm, npp, aei]
91.6482;11.0;4975.0;4975.0;173729.0;54593.0;12.0;[reg, sid, ban, sec, men, med, sum, npp, hfq, htp, hhh, aei]
91.646522;11.0;4976.0;4976.0;173728.0;54592.0;12.0;[reg, sid, ban, sec, men, med, sum, npp, hfq, htp, hhh, aei]
91.644843;11.0;4977.0;4977.0;173727.0;54591.0;10.0;[reg, sid, ban, sec, men, med, sum, mmm, npp, aei]
91.638128;11.0;4981.0;4981.0;173723.0;54587.0;12.0;[reg, sid, ban, sec, men, med, sum, max, bet, hfq, htp, aei]
91.638128;11.0;4981.0;4981.0;173723.0;54587.0;10.0;[reg, sid, ban, sec, men, med, sum, npp, htp, hhh]
91.636449;11.0;4982.0;4982.0;173722.0;54586.0;11.0;[reg, sid, ban, sec, men, med, sum, max, npp, htp, hhh]
91.628055;11.0;4987.0;4987.0;173717.0;54581.0;11.0;[reg, sid, ban, sec, men, med, sum, npp, hfq, hhh, aei]
91.62134;11.0;4991.0;4991.0;173713.0;54577.0;11.0;[reg, sid, ban, sec, men, med, sum, max, hfq, htp, hhh]
91.616304;11.0;4994.0;4994.0;173710.0;54574.0;12.0;[reg, sid, ban, sec, men, med, sum, max, npp, htp, hhh, aei]
91.616304;11.0;4994.0;4994.0;173710.0;54574.0;12.0;[reg, sid, ban, sec, men, med, sum, max, mmm, npp, htp, aei]
91.614625;11.0;4995.0;4995.0;173709.0;54573.0;11.0;[reg, sid, ban, sec, men, med, sum, max, mmm, npp, htp]
91.604553;11.0;5001.0;5001.0;173703.0;54567.0;11.0;[reg, sid, ban, sec, men, med, sum, max, npp, htp, aei]
91.591123;11.0;5009.0;5009.0;173695.0;54559.0;9.0;[reg, sid, ban, sec, men, med, sum, npp, htp]
91.584408;11.0;5013.0;5013.0;173691.0;54555.0;11.0;[reg, sid, ban, sec, men, med, sum, max, mmm, npp, hhh]
91.570978;11.0;5021.0;5021.0;173683.0;54547.0;11.0;[reg, sid, ban, sec, men, med, sum, npp, hfq, htp, aei]
91.569299;11.0;5022.0;5022.0;173682.0;54546.0;11.0;[reg, sid, ban, sec, men, med, sum, mmm, hfq, hhh, aei]
91.56762;11.0;5023.0;5023.0;173681.0;54545.0;10.0;[reg, sid, ban, sec, men, med, sum, npp, hfq, htp]
91.562584;11.0;5026.0;5026.0;173678.0;54542.0;12.0;[reg, sid, ban, sec, men, med, sum, max, npp, hfq, htp, hhh]
91.55419;11.0;5031.0;5031.0;173673.0;54537.0;10.0;[reg, sid, ban, sec, men, med, sum, mmm, htp, aei]
91.545796;11.0;5036.0;5036.0;173668.0;54532.0;12.0;[reg, sid, ban, sec, men, med, sum, max, mmm, npp, hfq, htp]
91.537403;11.0;5041.0;5041.0;173663.0;54527.0;12.0;[reg, sid, ban, sec, men, med, sum, max, bet, mmm, hhh, aei]
91.52733;11.0;5047.0;5047.0;173657.0;54521.0;12.0;[reg, sid, ban, sec, men, med, sum, max, aci, bet, npp, hfq]
91.507185;11.0;5059.0;5059.0;173645.0;54509.0;12.0;[reg, sid, ban, sec, men, med, sum, max, mmm, npp, htp, hhh]
91.507185;11.0;5059.0;5059.0;173645.0;54509.0;11.0;[reg, sid, ban, sec, men, med, sum, npp, htp, hhh, aei]
91.502149;11.0;5062.0;5062.0;173642.0;54506.0;10.0;[reg, sid, ban, sec, men, med, sum, mmm, npp, aei]
91.50047;11.0;5063.0;5063.0;173641.0;54505.0;11.0;[reg, sid, ban, sec, men, med, sum, mmm, hfq, htp, hhh]
91.498791;11.0;5064.0;5064.0;173640.0;54504.0;12.0;[reg, sid, ban, sec, men, med, sum, aci, bet, npp, hhh, aei]
91.488719;11.0;5070.0;5070.0;173634.0;54498.0;12.0;[reg, sid, ban, sec, men, med, sum, mmm, npp, hfq, htp, aei]
91.488719;11.0;5070.0;5070.0;173634.0;54498.0;12.0;[reg, sid, ban, sec, men, med, sum, max, npp, hfq, htp, aei]
91.485361;11.0;5072.0;5072.0;173632.0;54496.0;11.0;[reg, sid, ban, sec, men, med, sum, mmm, npp, hhh, aei]
91.483683;11.0;5073.0;5073.0;173631.0;54495.0;12.0;[reg, sid, ban, sec, men, med, sum, mmm, npp, hfq, htp, aei]
91.475289;11.0;5078.0;5078.0;173626.0;54490.0;12.0;[reg, sid, ban, sec, men, med, sum, max, npp, hfq, htp, hhh]
91.471931;11.0;5080.0;5080.0;173624.0;54488.0;12.0;[reg, sid, ban, sec, men, med, sum, max, mmm, npp, hfq, aei]
91.463537;11.0;5085.0;5085.0;173619.0;54483.0;11.0;[reg, sid, ban, sec, men, med, sum, max, npp, hhh, aei]
91.461859;11.0;5086.0;5086.0;173618.0;54482.0;11.0;[reg, sid, ban, sec, men, med, sum, mmm, npp, htp, aei]
91.46018;11.0;5087.0;5087.0;173617.0;54481.0;11.0;[reg, sid, ban, sec, men, med, sum, bet, mmm, hfq, aei]
91.46018;11.0;5087.0;5087.0;173617.0;54481.0;12.0;[reg, sid, ban, sec, men, med, sum, max, npp, hfq, htp, hhh]
91.453465;11.0;5091.0;5091.0;173613.0;54477.0;12.0;[reg, sid, ban, sec, men, med, sum, max, mmm, npp, hfq, hhh]
91.450107;11.0;5093.0;5093.0;173611.0;54475.0;11.0;[reg, sid, ban, sec, men, med, sum, max, mmm, hfq, aei]
91.429962;11.0;5105.0;5105.0;173599.0;54463.0;12.0;[reg, sid, ban, sec, men, med, sum, max, mmm, npp, hhh, aei]
91.428284;11.0;5106.0;5106.0;173598.0;54462.0;12.0;[reg, sid, ban, sec, men, med, sum, max, bet, mmm, hhh, aei]
91.424926;11.0;5108.0;5108.0;173596.0;54460.0;11.0;[reg, sid, ban, sec, men, med, sum, max, mmm, npp, hfq]
91.423247;11.0;5109.0;5109.0;173595.0;54459.0;9.0;[reg, sid, ban, sec, men, med, sum, npp, hhh]
91.413175;11.0;5115.0;5115.0;173589.0;54453.0;12.0;[reg, sid, ban, sec, men, med, sum, max, bet, hfq, hhh, aei]
91.408139;11.0;5118.0;5118.0;173586.0;54450.0;12.0;[reg, sid, ban, sec, men, med, sum, max, mmm, npp, htp, hhh]
91.401424;11.0;5122.0;5122.0;173582.0;54446.0;12.0;[reg, sid, ban, sec, men, med, sum, mmm, npp, hfq, hhh, aei]
91.398066;11.0;5124.0;5124.0;173580.0;54444.0;13.0;[reg, sid, ban, sec, men, med, sum, max, aci, bet, npp, hfq, hhh]
91.396387;11.0;5125.0;5125.0;173579.0;54443.0;9.0;[reg, sid, ban, sec, men, med, sum, npp, aei]
91.396387;11.0;5125.0;5125.0;173579.0;54443.0;10.0;[reg, sid, ban, sec, men, med, sum, mmm, npp, htp]
91.381279;11.0;5134.0;5134.0;173570.0;54434.0;12.0;[reg, sid, ban, sec, men, med, sum, mmm, npp, htp, hhh, aei]
91.3796;11.0;5135.0;5135.0;173569.0;54433.0;10.0;[reg, sid, ban, sec, men, med, sum, max, npp, aei]
91.376242;11.0;5137.0;5137.0;173567.0;54431.0;10.0;[reg, sid, ban, sec, men, med, sum, npp, hfq, hhh]
91.372885;11.0;5139.0;5139.0;173565.0;54429.0;10.0;[reg, sid, ban, sec, men, med, sum, npp, htp, aei]
91.369527;11.0;5141.0;5141.0;173563.0;54427.0;11.0;[reg, sid, ban, sec, men, med, sum, max, mmm, npp, aei]
91.367849;11.0;5142.0;5142.0;173562.0;54426.0;10.0;[reg, sid, ban, sec, men, med, sum, npp, hfq, aei]
91.359455;11.0;5147.0;5147.0;173557.0;54421.0;9.0;[reg, sid, ban, sec, men, med, sum, max, npp]
91.357776;11.0;5148.0;5148.0;173556.0;54420.0;11.0;[reg, sid, ban, sec, men, med, sum, max, npp, hfq, aei]
91.35274;11.0;5151.0;5151.0;173553.0;54417.0;12.0;[reg, sid, ban, sec, men, med, sum, mmm, npp, hfq, htp, hhh]
91.349382;11.0;5153.0;5153.0;173551.0;54415.0;12.0;[reg, sid, ban, sec, men, med, sum, max, npp, hfq, hhh, aei]
91.334273;11.0;5162.0;5162.0;173542.0;54406.0;10.0;[reg, sid, ban, sec, men, med, sum, max, hfq, aei]
91.330916;11.0;5164.0;5164.0;173540.0;54404.0;12.0;[reg, sid, ban, sec, men, med, sum, max, npp, htp, hhh, aei]
91.330916;11.0;5164.0;5164.0;173540.0;54404.0;11.0;[reg, sid, ban, sec, men, med, sum, bet, mmm, hhh, aei]
91.32588;11.0;5167.0;5167.0;173537.0;54401.0;12.0;[reg, sid, ban, sec, men, med, sum, bet, mmm, hfq, hhh, aei]
91.32588;11.0;5167.0;5167.0;173537.0;54401.0;12.0;[reg, sid, ban, sec, men, med, sum, max, npp, hfq, hhh, aei]
91.32588;11.0;5167.0;5167.0;173537.0;54401.0;11.0;[reg, sid, ban, sec, men, med, sum, aci, bet, npp, aei]
91.322522;11.0;5169.0;5169.0;173535.0;54399.0;11.0;[reg, sid, ban, sec, men, med, sum, mmm, npp, hfq, htp]
91.307413;11.0;5178.0;5178.0;173526.0;54390.0;11.0;[reg, sid, ban, sec, men, med, sum, npp, hfq, htp, aei]
91.300698;11.0;5182.0;5182.0;173522.0;54386.0;12.0;[reg, sid, ban, sec, men, med, sum, max, aci, bet, npp, aei]
91.29902;11.0;5183.0;5183.0;173521.0;54385.0;10.0;[reg, sid, ban, sec, men, med, sum, max, npp, hfq]
91.295662;11.0;5185.0;5185.0;173519.0;54383.0;9.0;[reg, sid, ban, sec, men, med, sum, npp, htp]
91.295662;11.0;5185.0;5185.0;173519.0;54383.0;11.0;[reg, sid, ban, sec, men, med, sum, npp, htp, hhh, aei]
91.293983;11.0;5186.0;5186.0;173518.0;54382.0;11.0;[reg, sid, ban, sec, men, med, sum, aci, bet, npp, aei]
91.290626;11.0;5188.0;5188.0;173516.0;54380.0;12.0;[reg, sid, ban, sec, men, med, sum, mmm, npp, hfq, hhh, aei]
91.278875;11.0;5195.0;5195.0;173509.0;54373.0;11.0;[reg, sid, ban, sec, men, med, sum, max, mmm, npp, aei]
91.25873;11.0;5207.0;5207.0;173497.0;54361.0;11.0;[reg, sid, ban, sec, men, med, sum, npp, hfq, htp, hhh]
91.25873;11.0;5207.0;5207.0;173497.0;54361.0;9.0;[reg, sid, ban, sec, men, med, sum, npp, hfq]
91.255372;11.0;5209.0;5209.0;173495.0;54359.0;11.0;[reg, sid, ban, sec, men, med, sum, max, npp, hfq, htp]
91.241942;11.0;5217.0;5217.0;173487.0;54351.0;10.0;[reg, sid, ban, sec, men, med, sum, max, npp, aei]
91.241942;11.0;5217.0;5217.0;173487.0;54351.0;11.0;[reg, sid, ban, sec, men, med, sum, max, npp, hhh, aei]
91.230191;11.0;5224.0;5224.0;173480.0;54344.0;11.0;[reg, sid, ban, sec, men, med, sum, aci, bet, npp, htp]
91.225154;11.0;5227.0;5227.0;173477.0;54341.0;12.0;[reg, sid, ban, sec, men, med, sum, max, mmm, npp, hhh, aei]
91.218439;11.0;5231.0;5231.0;173473.0;54337.0;13.0;[reg, sid, ban, sec, men, med, sum, max, aci, bet, npp, hfq, aei]
91.208367;11.0;5237.0;5237.0;173467.0;54331.0;12.0;[reg, sid, ban, sec, men, med, sum, max, aci, bet, npp, aei]
91.205009;11.0;5239.0;5239.0;173465.0;54329.0;11.0;[reg, sid, ban, sec, men, med, sum, max, mmm, npp, hhh]
91.201652;11.0;5241.0;5241.0;173463.0;54327.0;12.0;[reg, sid, ban, sec, men, med, sum, mmm, npp, hfq, hhh, aei]
91.191579;11.0;5247.0;5247.0;173457.0;54321.0;11.0;[reg, sid, ban, sec, men, med, sum, max, bet, mmm, hfq]
91.188222;11.0;5249.0;5249.0;173455.0;54319.0;10.0;[reg, sid, ban, sec, men, med, sum, npp, hfq, aei]
91.186543;11.0;5250.0;5250.0;173454.0;54318.0;12.0;[reg, sid, ban, sec, men, med, sum, max, mmm, npp, htp, hhh]
91.184864;11.0;5251.0;5251.0;173453.0;54317.0;10.0;[reg, sid, ban, sec, men, med, sum, npp, htp, hhh]
91.179828;11.0;5254.0;5254.0;173450.0;54314.0;13.0;[reg, sid, ban, sec, men, med, sum, max, aci, bet, npp, hfq, hhh]
91.171434;11.0;5259.0;5259.0;173445.0;54309.0;12.0;[reg, sid, ban, sec, men, med, sum, max, mmm, npp, htp, aei]
91.168077;11.0;5261.0;5261.0;173443.0;54307.0;10.0;[reg, sid, ban, sec, men, med, sum, npp, hhh, aei]
91.151289;11.0;5271.0;5271.0;173433.0;54297.0;11.0;[reg, sid, ban, sec, men, med, sum, mmm, npp, hfq, hhh]
91.139538;11.0;5278.0;5278.0;173426.0;54290.0;13.0;[reg, sid, ban, sec, men, med, sum, max, aci, bet, mmm, npp, aei]
91.13618;11.0;5280.0;5280.0;173424.0;54288.0;11.0;[reg, sid, ban, sec, men, med, sum, mmm, npp, hfq, htp]
91.131144;11.0;5283.0;5283.0;173421.0;54285.0;11.0;[reg, sid, ban, sec, men, med, sum, max, npp, hfq, hhh]
91.129465;11.0;5284.0;5284.0;173420.0;54284.0;10.0;[reg, sid, ban, sec, men, med, sum, max, mmm, npp]
91.119393;11.0;5290.0;5290.0;173414.0;54278.0;11.0;[reg, sid, ban, sec, men, med, sum, mmm, npp, htp, aei]
91.102605;11.0;5300.0;5300.0;173404.0;54268.0;13.0;[reg, sid, ban, sec, men, med, sum, max, aci, bet, mmm, npp, hfq]
91.08246;11.0;5312.0;5312.0;173392.0;54256.0;10.0;[reg, sid, ban, sec, men, med, sum, max, npp, hhh]
91.080782;11.0;5313.0;5313.0;173391.0;54255.0;10.0;[reg, sid, ban, sec, men, med, sum, aci, bet, npp]
91.075745;11.0;5316.0;5316.0;173388.0;54252.0;11.0;[reg, sid, ban, sec, men, med, sum, max, bet, hfq, aei]
91.070709;11.0;5319.0;5319.0;173385.0;54249.0;12.0;[reg, sid, ban, sec, men, med, sum, mmm, npp, hfq, htp, hhh]
91.06903;11.0;5320.0;5320.0;173384.0;54248.0;10.0;[reg, sid, ban, sec, men, med, sum, npp, hfq, hhh]
91.065673;11.0;5322.0;5322.0;173382.0;54246.0;10.0;[reg, sid, ban, sec, men, med, sum, mmm, hfq, aei]
91.048885;11.0;5332.0;5332.0;173372.0;54236.0;12.0;[reg, sid, ban, sec, men, med, sum, max, mmm, hfq, htp, aei]
91.04217;11.0;5336.0;5336.0;173368.0;54232.0;8.0;[reg, sid, ban, sec, men, med, sum, npp]
91.032098;11.0;5342.0;5342.0;173362.0;54226.0;12.0;[reg, sid, ban, sec, men, med, sum, max, bet, mmm, hfq, hhh]
91.02874;11.0;5344.0;5344.0;173360.0;54224.0;9.0;[reg, sid, ban, sec, men, med, sum, mmm, npp]
91.020346;11.0;5349.0;5349.0;173355.0;54219.0;12.0;[reg, sid, ban, sec, men, med, sum, aci, bet, mmm, npp, hfq]
91.008595;11.0;5356.0;5356.0;173348.0;54212.0;9.0;[reg, sid, ban, sec, men, med, sum, npp, htp]
91.006916;11.0;5357.0;5357.0;173347.0;54211.0;11.0;[reg, sid, ban, sec, men, med, sum, max, npp, hfq, hhh]
91.005238;11.0;5358.0;5358.0;173346.0;54210.0;10.0;[reg, sid, ban, sec, men, med, sum, bet, hfq, aei]
91.00188;11.0;5360.0;5360.0;173344.0;54208.0;11.0;[reg, sid, ban, sec, men, med, sum, aci, bet, mmm, npp]
90.990129;11.0;5367.0;5367.0;173337.0;54201.0;11.0;[reg, sid, ban, sec, men, med, sum, mmm, npp, hfq, aei]
90.981735;11.0;5372.0;5372.0;173332.0;54196.0;11.0;[reg, sid, ban, sec, men, med, sum, npp, hfq, hhh, aei]
90.97502;11.0;5376.0;5376.0;173328.0;54192.0;12.0;[reg, sid, ban, sec, men, med, sum, max, mmm, npp, hfq, htp]
90.969984;11.0;5379.0;5379.0;173325.0;54189.0;12.0;[reg, sid, ban, sec, men, med, sum, max, bet, mmm, htp, hhh]
90.966626;11.0;5381.0;5381.0;173323.0;54187.0;10.0;[reg, sid, ban, sec, men, med, sum, max, htp, aei]
90.951518;11.0;5390.0;5390.0;173314.0;54178.0;11.0;[reg, sid, ban, sec, men, med, sum, bet, mmm, hfq, hhh]
90.933051;11.0;5401.0;5401.0;173303.0;54167.0;13.0;[reg, sid, ban, sec, men, med, sum, max, aci, bet, npp, htp, hhh]
90.929694;11.0;5403.0;5403.0;173301.0;54165.0;10.0;[reg, sid, ban, sec, men, med, sum, npp, htp, aei]
90.929694;11.0;5403.0;5403.0;173301.0;54165.0;13.0;[reg, sid, ban, sec, men, med, sum, max, bet, mmm, hfq, htp, hhh]
90.917943;11.0;5410.0;5410.0;173294.0;54158.0;11.0;[reg, sid, ban, sec, men, med, sum, mmm, npp, hfq, htp]
90.909549;11.0;5415.0;5415.0;173289.0;54153.0;11.0;[reg, sid, ban, sec, men, med, sum, npp, hfq, htp, aei]
90.902834;11.0;5419.0;5419.0;173285.0;54149.0;13.0;[reg, sid, ban, sec, men, med, sum, max, aci, bet, mmm, npp, hhh]
90.899476;11.0;5421.0;5421.0;173283.0;54147.0;10.0;[reg, sid, ban, sec, men, med, sum, mmm, npp, aei]
90.897797;11.0;5422.0;5422.0;173282.0;54146.0;11.0;[reg, sid, ban, sec, men, med, sum, bet, mmm, hfq, aei]
90.896119;11.0;5423.0;5423.0;173281.0;54145.0;11.0;[reg, sid, ban, sec, men, med, sum, max, mmm, npp, hhh]
90.896119;11.0;5423.0;5423.0;173281.0;54145.0;9.0;[reg, sid, ban, sec, men, med, sum, npp, hhh]
90.892761;11.0;5425.0;5425.0;173279.0;54143.0;10.0;[reg, sid, ban, sec, men, med, sum, mmm, npp, hhh]
90.872616;11.0;5437.0;5437.0;173267.0;54131.0;11.0;[reg, sid, ban, sec, men, med, sum, mmm, npp, hfq, aei]
90.870937;11.0;5438.0;5438.0;173266.0;54130.0;10.0;[reg, sid, ban, sec, men, med, sum, mmm, npp, htp]
90.869259;11.0;5439.0;5439.0;173265.0;54129.0;11.0;[reg, sid, ban, sec, men, med, sum, max, npp, hfq, htp]
90.86758;11.0;5440.0;5440.0;173264.0;54128.0;11.0;[reg, sid, ban, sec, men, med, sum, max, npp, hhh, aei]
90.860865;11.0;5444.0;5444.0;173260.0;54124.0;10.0;[reg, sid, ban, sec, men, med, sum, hfq, htp, aei]
90.855829;11.0;5447.0;5447.0;173257.0;54121.0;10.0;[reg, sid, ban, sec, men, med, sum, aci, bet, npp]
90.849114;11.0;5451.0;5451.0;173253.0;54117.0;12.0;[reg, sid, ban, sec, men, med, sum, aci, bet, npp, hfq, htp]
90.828969;11.0;5463.0;5463.0;173241.0;54105.0;13.0;[reg, sid, ban, sec, men, med, sum, max, aci, bet, npp, hfq, aei]
90.822254;11.0;5467.0;5467.0;173237.0;54101.0;10.0;[reg, sid, ban, sec, men, med, sum, max, npp, hfq]
90.817217;11.0;5470.0;5470.0;173234.0;54098.0;12.0;[reg, sid, ban, sec, men, med, sum, max, aci, bet, npp, hfq]
90.781963;11.0;5491.0;5491.0;173213.0;54077.0;12.0;[reg, sid, ban, sec, men, med, sum, max, aci, bet, mmm, npp]
90.771891;11.0;5497.0;5497.0;173207.0;54071.0;11.0;[reg, sid, ban, sec, men, med, sum, max, mmm, npp, hfq]
90.766855;11.0;5500.0;5500.0;173204.0;54068.0;10.0;[reg, sid, ban, sec, men, med, sum, npp, htp, hhh]
90.766855;11.0;5500.0;5500.0;173204.0;54068.0;11.0;[reg, sid, ban, sec, men, med, sum, bet, mmm, hhh, aei]
90.765176;11.0;5501.0;5501.0;173203.0;54067.0;11.0;[reg, sid, ban, sec, men, med, sum, mmm, npp, hhh, aei]
90.721528;11.0;5527.0;5527.0;173177.0;54041.0;13.0;[reg, sid, ban, sec, men, med, sum, max, aci, npp, hfq, htp, aei]
90.71985;11.0;5528.0;5528.0;173176.0;54040.0;11.0;[reg, sid, ban, sec, men, med, sum, aci, bet, npp, hfq]
90.70642;11.0;5536.0;5536.0;173168.0;54032.0;12.0;[reg, sid, ban, sec, men, med, sum, aci, bet, npp, htp, hhh]
90.671166;11.0;5557.0;5557.0;173147.0;54011.0;12.0;[reg, sid, ban, sec, men, med, sum, npp, hfq, htp, hhh, aei]
90.667808;11.0;5559.0;5559.0;173145.0;54009.0;12.0;[reg, sid, ban, sec, men, med, sum, max, npp, hfq, htp, aei]
90.659414;11.0;5564.0;5564.0;173140.0;54004.0;12.0;[reg, sid, ban, sec, men, med, sum, max, bet, hfq, hhh, aei]
90.639269;11.0;5576.0;5576.0;173128.0;53992.0;11.0;[reg, sid, ban, sec, men, med, sum, max, npp, hfq, aei]
90.635912;11.0;5578.0;5578.0;173126.0;53990.0;12.0;[reg, sid, ban, sec, men, med, sum, aci, bet, npp, hfq, hhh]
90.630876;11.0;5581.0;5581.0;173123.0;53987.0;13.0;[reg, sid, ban, sec, men, med, sum, max, aci, bet, mmm, npp, htp]
90.604016;11.0;5597.0;5597.0;173107.0;53971.0;13.0;[reg, sid, ban, sec, men, med, sum, max, aci, mmm, npp, htp, hhh]
90.604016;11.0;5597.0;5597.0;173107.0;53971.0;10.0;[reg, sid, ban, sec, men, med, sum, max, mmm, npp]
90.593943;11.0;5603.0;5603.0;173101.0;53965.0;13.0;[reg, sid, ban, sec, men, med, sum, max, aci, mmm, npp, htp, hhh]
90.592264;11.0;5604.0;5604.0;173100.0;53964.0;12.0;[reg, sid, ban, sec, men, med, sum, aci, bet, mmm, npp, htp]
90.535187;11.0;5638.0;5638.0;173066.0;53930.0;10.0;[reg, sid, ban, sec, men, med, sum, mmm, hfq, htp]
90.51672;11.0;5649.0;5649.0;173055.0;53919.0;10.0;[reg, sid, ban, sec, men, med, sum, htp, hhh, aei]
90.511684;11.0;5652.0;5652.0;173052.0;53916.0;11.0;[reg, sid, ban, sec, men, med, sum, max, bet, hfq, hhh]
90.511684;11.0;5652.0;5652.0;173052.0;53916.0;11.0;[reg, sid, ban, sec, men, med, sum, max, npp, hfq, htp]
90.499933;11.0;5659.0;5659.0;173045.0;53909.0;11.0;[reg, sid, ban, sec, men, med, sum, max, npp, hfq, aei]
90.493218;11.0;5663.0;5663.0;173041.0;53905.0;12.0;[reg, sid, ban, sec, men, med, sum, max, aci, bet, npp, hhh]
90.484824;11.0;5668.0;5668.0;173036.0;53900.0;11.0;[reg, sid, ban, sec, men, med, sum, npp, hfq, hhh, aei]
90.446213;11.0;5691.0;5691.0;173013.0;53877.0;12.0;[reg, sid, ban, sec, men, med, sum, aci, bet, mmm, npp, hfq]
90.437819;11.0;5696.0;5696.0;173008.0;53872.0;12.0;[reg, sid, ban, sec, men, med, sum, aci, mmm, npp, htp, aei]
90.429425;11.0;5701.0;5701.0;173003.0;53867.0;11.0;[reg, sid, ban, sec, men, med, sum, max, bet, hhh, aei]
90.419353;11.0;5707.0;5707.0;172997.0;53861.0;11.0;[reg, sid, ban, sec, men, med, sum, aci, npp, hfq, aei]
90.410959;11.0;5712.0;5712.0;172992.0;53856.0;12.0;[reg, sid, ban, sec, men, med, sum, max, aci, bet, mmm, npp]
90.405923;11.0;5715.0;5715.0;172989.0;53853.0;12.0;[reg, sid, ban, sec, men, med, sum, max, npp, hfq, hhh, aei]
90.380741;11.0;5730.0;5730.0;172974.0;53838.0;11.0;[reg, sid, ban, sec, men, med, sum, max, mmm, hfq, aei]
90.379063;11.0;5731.0;5731.0;172973.0;53837.0;13.0;[reg, sid, ban, sec, men, med, sum, max, aci, bet, npp, hfq, htp]
90.375705;11.0;5733.0;5733.0;172971.0;53835.0;12.0;[reg, sid, ban, sec, men, med, sum, max, bet, mmm, hfq, hhh]
90.36899;11.0;5737.0;5737.0;172967.0;53831.0;13.0;[reg, sid, ban, sec, men, med, sum, max, aci, npp, htp, hhh, aei]
90.352203;11.0;5747.0;5747.0;172957.0;53821.0;12.0;[reg, sid, ban, sec, men, med, sum, aci, bet, mmm, npp, hhh]
90.337094;11.0;5756.0;5756.0;172948.0;53812.0;11.0;[reg, sid, ban, sec, men, med, sum, max, npp, htp, aei]
90.335415;11.0;5757.0;5757.0;172947.0;53811.0;10.0;[reg, sid, ban, sec, men, med, sum, bet, mmm, hhh]
90.333736;11.0;5758.0;5758.0;172946.0;53810.0;12.0;[reg, sid, ban, sec, men, med, sum, max, bet, mmm, hfq, aei]
90.333736;11.0;5758.0;5758.0;172946.0;53810.0;11.0;[reg, sid, ban, sec, men, med, sum, max, htp, hhh, aei]
90.316949;11.0;5768.0;5768.0;172936.0;53800.0;11.0;[reg, sid, ban, sec, men, med, sum, max, bet, hhh, aei]
90.298482;11.0;5779.0;5779.0;172925.0;53789.0;10.0;[reg, sid, ban, sec, men, med, sum, bet, mmm, hfq]
90.285052;11.0;5787.0;5787.0;172917.0;53781.0;10.0;[reg, sid, ban, sec, men, med, sum, npp, hhh, aei]
90.280016;11.0;5790.0;5790.0;172914.0;53778.0;9.0;[reg, sid, ban, sec, men, med, sum, npp, aei]
90.278337;11.0;5791.0;5791.0;172913.0;53777.0;12.0;[reg, sid, ban, sec, men, med, sum, max, aci, bet, npp, htp]
90.271622;11.0;5795.0;5795.0;172909.0;53773.0;10.0;[reg, sid, ban, sec, men, med, sum, max, bet, hhh]
90.268265;11.0;5797.0;5797.0;172907.0;53771.0;11.0;[reg, sid, ban, sec, men, med, sum, aci, npp, htp, hhh]
90.249799;11.0;5808.0;5808.0;172896.0;53760.0;10.0;[reg, sid, ban, sec, men, med, sum, max, aci, npp]
90.224617;11.0;5823.0;5823.0;172881.0;53745.0;11.0;[reg, sid, ban, sec, men, med, sum, max, aci, npp, hfq]
90.206151;11.0;5834.0;5834.0;172870.0;53734.0;11.0;[reg, sid, ban, sec, men, med, sum, aci, bet, npp, hfq]
90.191042;11.0;5843.0;5843.0;172861.0;53725.0;9.0;[reg, sid, ban, sec, men, med, sum, bet, hhh]
90.187685;11.0;5845.0;5845.0;172859.0;53723.0;12.0;[reg, sid, ban, sec, men, med, sum, max, mmm, npp, hfq, hhh]
90.174255;11.0;5853.0;5853.0;172851.0;53715.0;11.0;[reg, sid, ban, sec, men, med, sum, aci, bet, npp, hhh]
90.155788;11.0;5864.0;5864.0;172840.0;53704.0;10.0;[reg, sid, ban, sec, men, med, sum, max, htp, hhh]
90.135643;11.0;5876.0;5876.0;172828.0;53692.0;11.0;[reg, sid, ban, sec, men, med, sum, aci, npp, htp, hhh]
90.133965;11.0;5877.0;5877.0;172827.0;53691.0;11.0;[reg, sid, ban, sec, men, med, sum, aci, mmm, npp, aei]
90.123892;11.0;5883.0;5883.0;172821.0;53685.0;12.0;[reg, sid, ban, sec, men, med, sum, aci, mmm, npp, htp, aei]
90.081923;11.0;5908.0;5908.0;172796.0;53660.0;10.0;[reg, sid, ban, sec, men, med, sum, bet, hhh, aei]
90.055063;11.0;5924.0;5924.0;172780.0;53644.0;11.0;[reg, sid, ban, sec, men, med, sum, aci, bet, mmm, npp]
90.055063;11.0;5924.0;5924.0;172780.0;53644.0;13.0;[reg, sid, ban, sec, men, med, sum, max, aci, bet, npp, hfq, htp]
90.044991;11.0;5930.0;5930.0;172774.0;53638.0;12.0;[reg, sid, ban, sec, men, med, sum, max, bet, mmm, hfq, aei]
90.039954;11.0;5933.0;5933.0;172771.0;53635.0;10.0;[reg, sid, ban, sec, men, med, sum, max, bet, hfq]
90.031561;11.0;5938.0;5938.0;172766.0;53630.0;12.0;[reg, sid, ban, sec, men, med, sum, aci, bet, mmm, npp, htp]
90.024846;11.0;5942.0;5942.0;172762.0;53626.0;13.0;[reg, sid, ban, sec, men, med, sum, max, aci, bet, mmm, npp, aei]
90.024846;11.0;5942.0;5942.0;172762.0;53626.0;11.0;[reg, sid, ban, sec, men, med, sum, mmm, npp, hfq, aei]
90.019809;11.0;5945.0;5945.0;172759.0;53623.0;10.0;[reg, sid, ban, sec, men, med, sum, aci, npp, htp]
90.009737;11.0;5951.0;5951.0;172753.0;53617.0;11.0;[reg, sid, ban, sec, men, med, sum, bet, hfq, htp, aei]
89.961053;11.0;5980.0;5980.0;172724.0;53588.0;9.0;[reg, sid, ban, sec, men, med, sum, bet, hfq]
89.959374;11.0;5981.0;5981.0;172723.0;53587.0;10.0;[reg, sid, ban, sec, men, med, sum, bet, hhh, aei]
89.954338;11.0;5984.0;5984.0;172720.0;53584.0;12.0;[reg, sid, ban, sec, men, med, sum, max, aci, bet, npp, htp]
89.935872;11.0;5995.0;5995.0;172709.0;53573.0;10.0;[reg, sid, ban, sec, men, med, sum, bet, hfq, hhh]
89.909012;11.0;6011.0;6011.0;172693.0;53557.0;11.0;[reg, sid, ban, sec, men, med, sum, max, aci, npp, hhh]
89.895582;11.0;6019.0;6019.0;172685.0;53549.0;12.0;[reg, sid, ban, sec, men, med, sum, max, bet, npp, hfq, aei]
89.893903;11.0;6020.0;6020.0;172684.0;53548.0;12.0;[reg, sid, ban, sec, men, med, sum, max, aci, npp, htp, aei]
89.880473;11.0;6028.0;6028.0;172676.0;53540.0;12.0;[reg, sid, ban, sec, men, med, sum, aci, bet, npp, hfq, htp]
89.880473;11.0;6028.0;6028.0;172676.0;53540.0;12.0;[reg, sid, ban, sec, men, med, sum, aci, npp, hfq, hhh, aei]
89.878794;11.0;6029.0;6029.0;172675.0;53539.0;12.0;[reg, sid, ban, sec, men, med, sum, max, bet, mmm, hfq, hhh]
89.8704;11.0;6034.0;6034.0;172670.0;53534.0;11.0;[reg, sid, ban, sec, men, med, sum, max, aci, bet, npp]
89.863685;11.0;6038.0;6038.0;172666.0;53530.0;12.0;[reg, sid, ban, sec, men, med, sum, max, aci, bet, mmm, npp]
89.855291;11.0;6043.0;6043.0;172661.0;53525.0;9.0;[reg, sid, ban, sec, men, med, sum, max, npp]
89.853613;11.0;6044.0;6044.0;172660.0;53524.0;9.0;[reg, sid, ban, sec, men, med, sum, max, npp]
89.848576;11.0;6047.0;6047.0;172657.0;53521.0;11.0;[reg, sid, ban, sec, men, med, sum, aci, bet, npp, htp]
89.831789;11.0;6057.0;6057.0;172647.0;53511.0;9.0;[reg, sid, ban, sec, men, med, sum, aci, npp]
89.831789;11.0;6057.0;6057.0;172647.0;53511.0;10.0;[reg, sid, ban, sec, men, med, sum, mmm, hfq, aei]
89.778069;11.0;6089.0;6089.0;172615.0;53479.0;11.0;[reg, sid, ban, sec, men, med, sum, bet, mmm, hfq, hhh]
89.752887;11.0;6104.0;6104.0;172600.0;53464.0;12.0;[reg, sid, ban, sec, men, med, sum, max, aci, npp, htp, hhh]
89.7361;11.0;6114.0;6114.0;172590.0;53454.0;13.0;[reg, sid, ban, sec, men, med, sum, max, aci, bet, npp, hfq, aei]
89.712597;11.0;6128.0;6128.0;172576.0;53440.0;9.0;[reg, sid, ban, sec, men, med, sum, hfq, aei]
89.702525;11.0;6134.0;6134.0;172570.0;53434.0;12.0;[reg, sid, ban, sec, men, med, sum, max, aci, mmm, npp, htp]
89.690774;11.0;6141.0;6141.0;172563.0;53427.0;11.0;[reg, sid, ban, sec, men, med, sum, max, aci, npp, hfq]
89.690774;11.0;6141.0;6141.0;172563.0;53427.0;11.0;[reg, sid, ban, sec, men, med, sum, aci, bet, npp, hhh]
89.657198;11.0;6161.0;6161.0;172543.0;53407.0;13.0;[reg, sid, ban, sec, men, med, sum, max, aci, bet, mmm, npp, hhh]
89.653841;11.0;6163.0;6163.0;172541.0;53405.0;12.0;[reg, sid, ban, sec, men, med, sum, aci, mmm, npp, hfq, htp]
89.638732;11.0;6172.0;6172.0;172532.0;53396.0;12.0;[reg, sid, ban, sec, men, med, sum, aci, bet, npp, htp, aei]
89.626981;11.0;6179.0;6179.0;172525.0;53389.0;12.0;[reg, sid, ban, sec, men, med, sum, aci, mmm, npp, hfq, htp]
89.626981;11.0;6179.0;6179.0;172525.0;53389.0;11.0;[reg, sid, ban, sec, men, med, sum, aci, npp, htp, aei]
89.623623;11.0;6181.0;6181.0;172523.0;53387.0;11.0;[reg, sid, ban, sec, men, med, sum, bet, hfq, hhh, aei]
89.620266;11.0;6183.0;6183.0;172521.0;53385.0;13.0;[reg, sid, ban, sec, men, med, sum, max, aci, npp, hfq, hhh, aei]
89.618587;11.0;6184.0;6184.0;172520.0;53384.0;13.0;[reg, sid, ban, sec, men, med, sum, max, aci, mmm, npp, htp, hhh]
89.603478;11.0;6193.0;6193.0;172511.0;53375.0;13.0;[reg, sid, ban, sec, men, med, sum, max, aci, bet, mmm, npp, hfq]
89.600121;11.0;6195.0;6195.0;172509.0;53373.0;12.0;[reg, sid, ban, sec, men, med, sum, max, aci, npp, hfq, htp]
89.598442;11.0;6196.0;6196.0;172508.0;53372.0;11.0;[reg, sid, ban, sec, men, med, sum, max, bet, hfq, hhh]
89.593406;11.0;6199.0;6199.0;172505.0;53369.0;11.0;[reg, sid, ban, sec, men, med, sum, max, aci, mmm, npp]
89.578297;11.0;6208.0;6208.0;172496.0;53360.0;11.0;[reg, sid, ban, sec, men, med, sum, max, bet, mmm, hhh]
89.576618;11.0;6209.0;6209.0;172495.0;53359.0;10.0;[reg, sid, ban, sec, men, med, sum, bet, hfq, hhh]
89.568225;11.0;6214.0;6214.0;172490.0;53354.0;12.0;[reg, sid, ban, sec, men, med, sum, max, aci, mmm, npp, aei]
89.502753;11.0;6253.0;6253.0;172451.0;53315.0;12.0;[reg, sid, ban, sec, men, med, sum, max, aci, npp, hfq, hhh]
89.485966;11.0;6263.0;6263.0;172441.0;53305.0;12.0;[reg, sid, ban, sec, men, med, sum, aci, bet, npp, htp, hhh]
89.480929;11.0;6266.0;6266.0;172438.0;53302.0;9.0;[reg, sid, ban, sec, men, med, sum, bet, hhh]
89.477572;11.0;6268.0;6268.0;172436.0;53300.0;12.0;[reg, sid, ban, sec, men, med, sum, aci, npp, htp, hhh, aei]
89.465821;11.0;6275.0;6275.0;172429.0;53293.0;11.0;[reg, sid, ban, sec, men, med, sum, aci, mmm, npp, hhh]
89.432246;11.0;6295.0;6295.0;172409.0;53273.0;12.0;[reg, sid, ban, sec, men, med, sum, max, aci, npp, hfq, aei]
89.39867;11.0;6315.0;6315.0;172389.0;53253.0;12.0;[reg, sid, ban, sec, men, med, sum, aci, bet, npp, hfq, aei]
89.386919;11.0;6322.0;6322.0;172382.0;53246.0;11.0;[reg, sid, ban, sec, men, med, sum, aci, mmm, npp, hhh]
89.365095;11.0;6335.0;6335.0;172369.0;53233.0;10.0;[reg, sid, ban, sec, men, med, sum, aci, npp, aei]
89.353344;11.0;6342.0;6342.0;172362.0;53226.0;13.0;[reg, sid, ban, sec, men, med, sum, max, aci, mmm, npp, htp, aei]
89.351665;11.0;6343.0;6343.0;172361.0;53225.0;11.0;[reg, sid, ban, sec, men, med, sum, aci, mmm, npp, hfq]
89.34495;11.0;6347.0;6347.0;172357.0;53221.0;11.0;[reg, sid, ban, sec, men, med, sum, max, bet, hfq, aei]
89.31809;11.0;6363.0;6363.0;172341.0;53205.0;12.0;[reg, sid, ban, sec, men, med, sum, aci, npp, hfq, htp, aei]
89.314733;11.0;6365.0;6365.0;172339.0;53203.0;12.0;[reg, sid, ban, sec, men, med, sum, aci, npp, hfq, htp, aei]
89.311375;11.0;6367.0;6367.0;172337.0;53201.0;13.0;[reg, sid, ban, sec, men, med, sum, max, aci, npp, hfq, htp, aei]
89.308018;11.0;6369.0;6369.0;172335.0;53199.0;10.0;[reg, sid, ban, sec, men, med, sum, bet, mmm, hfq]
89.274443;11.0;6389.0;6389.0;172315.0;53179.0;11.0;[reg, sid, ban, sec, men, med, sum, mmm, hfq, hhh, aei]
89.272764;11.0;6390.0;6390.0;172314.0;53178.0;12.0;[reg, sid, ban, sec, men, med, sum, aci, bet, mmm, npp, aei]
89.261013;11.0;6397.0;6397.0;172307.0;53171.0;12.0;[reg, sid, ban, sec, men, med, sum, max, aci, mmm, npp, hhh]
89.239189;11.0;6410.0;6410.0;172294.0;53158.0;10.0;[reg, sid, ban, sec, men, med, sum, max, hhh, aei]
89.235831;11.0;6412.0;6412.0;172292.0;53156.0;12.0;[reg, sid, ban, sec, men, med, sum, aci, bet, npp, hfq, hhh]
89.234153;11.0;6413.0;6413.0;172291.0;53155.0;13.0;[reg, sid, ban, sec, men, med, sum, max, aci, mmm, npp, htp, aei]
89.227438;11.0;6417.0;6417.0;172287.0;53151.0;11.0;[reg, sid, ban, sec, men, med, sum, aci, npp, hfq, hhh]
89.22408;11.0;6419.0;6419.0;172285.0;53149.0;12.0;[reg, sid, ban, sec, men, med, sum, aci, bet, npp, htp, aei]
89.222401;11.0;6420.0;6420.0;172284.0;53148.0;12.0;[reg, sid, ban, sec, men, med, sum, aci, bet, mmm, npp, htp]
89.214008;11.0;6425.0;6425.0;172279.0;53143.0;13.0;[reg, sid, ban, sec, men, med, sum, max, aci, mmm, npp, hfq, hhh]
89.192184;11.0;6438.0;6438.0;172266.0;53130.0;12.0;[reg, sid, ban, sec, men, med, sum, aci, npp, hfq, htp, aei]
89.161966;11.0;6456.0;6456.0;172248.0;53112.0;13.0;[reg, sid, ban, sec, men, med, sum, max, aci, npp, htp, hhh, aei]
89.160287;11.0;6457.0;6457.0;172247.0;53111.0;12.0;[reg, sid, ban, sec, men, med, sum, aci, mmm, npp, hfq, hhh]
89.148536;11.0;6464.0;6464.0;172240.0;53104.0;12.0;[reg, sid, ban, sec, men, med, sum, aci, mmm, npp, hfq, hhh]
89.146857;11.0;6465.0;6465.0;172239.0;53103.0;11.0;[reg, sid, ban, sec, men, med, sum, max, aci, npp, htp]
89.146857;11.0;6465.0;6465.0;172239.0;53103.0;12.0;[reg, sid, ban, sec, men, med, sum, max, aci, bet, npp, hhh]
89.145179;11.0;6466.0;6466.0;172238.0;53102.0;10.0;[reg, sid, ban, sec, men, med, sum, bet, mmm, hhh]
89.125034;11.0;6478.0;6478.0;172226.0;53090.0;11.0;[reg, sid, ban, sec, men, med, sum, aci, mmm, npp, htp]
89.123355;11.0;6479.0;6479.0;172225.0;53089.0;12.0;[reg, sid, ban, sec, men, med, sum, max, aci, npp, hhh, aei]
89.118319;11.0;6482.0;6482.0;172222.0;53086.0;12.0;[reg, sid, ban, sec, men, med, sum, max, aci, npp, hfq, hhh]
89.111604;11.0;6486.0;6486.0;172218.0;53082.0;10.0;[reg, sid, ban, sec, men, med, sum, bet, hfq, aei]
89.10321;11.0;6491.0;6491.0;172213.0;53077.0;13.0;[reg, sid, ban, sec, men, med, sum, max, aci, mmm, npp, hfq, htp]
89.10321;11.0;6491.0;6491.0;172213.0;53077.0;10.0;[reg, sid, ban, sec, men, med, sum, max, mmm, npp]
89.10321;11.0;6491.0;6491.0;172213.0;53077.0;12.0;[reg, sid, ban, sec, men, med, sum, aci, mmm, npp, hhh, aei]
89.098174;11.0;6494.0;6494.0;172210.0;53074.0;11.0;[reg, sid, ban, sec, men, med, sum, max, aci, npp, aei]
89.088101;11.0;6500.0;6500.0;172204.0;53068.0;12.0;[reg, sid, ban, sec, men, med, sum, aci, bet, npp, hfq, aei]
89.088101;11.0;6500.0;6500.0;172204.0;53068.0;13.0;[reg, sid, ban, sec, men, med, sum, max, aci, bet, npp, htp, aei]
89.074671;11.0;6508.0;6508.0;172196.0;53060.0;12.0;[reg, sid, ban, sec, men, med, sum, max, hfq, htp, hhh, aei]
89.066277;11.0;6513.0;6513.0;172191.0;53055.0;12.0;[reg, sid, ban, sec, men, med, sum, aci, bet, mmm, npp, hfq]
89.061241;11.0;6516.0;6516.0;172188.0;53052.0;11.0;[reg, sid, ban, sec, men, med, sum, aci, npp, hfq, htp]
89.04949;11.0;6523.0;6523.0;172181.0;53045.0;11.0;[reg, sid, ban, sec, men, med, sum, bet, mmm, hfq, hhh]
89.047811;11.0;6524.0;6524.0;172180.0;53044.0;12.0;[reg, sid, ban, sec, men, med, sum, max, aci, bet, npp, aei]
89.034381;11.0;6532.0;6532.0;172172.0;53036.0;9.0;[reg, sid, ban, sec, men, med, sum, aci, npp]
88.987376;11.0;6560.0;6560.0;172144.0;53008.0;13.0;[reg, sid, ban, sec, men, med, sum, max, aci, mmm, npp, hfq, htp]
88.984018;11.0;6562.0;6562.0;172142.0;53006.0;12.0;[reg, sid, ban, sec, men, med, sum, max, aci, bet, npp, hhh]
88.980661;11.0;6564.0;6564.0;172140.0;53004.0;12.0;[reg, sid, ban, sec, men, med, sum, aci, bet, npp, htp, aei]
88.975624;11.0;6567.0;6567.0;172137.0;53001.0;11.0;[reg, sid, ban, sec, men, med, sum, aci, mmm, npp, aei]
88.960516;11.0;6576.0;6576.0;172128.0;52992.0;11.0;[reg, sid, ban, sec, men, med, sum, max, bet, hfq, aei]
88.952122;11.0;6581.0;6581.0;172123.0;52987.0;12.0;[reg, sid, ban, sec, men, med, sum, aci, mmm, npp, hfq, aei]
88.933656;11.0;6592.0;6592.0;172112.0;52976.0;12.0;[reg, sid, ban, sec, men, med, sum, aci, bet, npp, hhh, aei]
88.918547;11.0;6601.0;6601.0;172103.0;52967.0;11.0;[reg, sid, ban, sec, men, med, sum, aci, bet, npp, htp]
88.910153;11.0;6606.0;6606.0;172098.0;52962.0;11.0;[reg, sid, ban, sec, men, med, sum, max, mmm, hhh, aei]
88.888329;11.0;6619.0;6619.0;172085.0;52949.0;12.0;[reg, sid, ban, sec, men, med, sum, aci, npp, hfq, htp, hhh]
88.876578;11.0;6626.0;6626.0;172078.0;52942.0;11.0;[reg, sid, ban, sec, men, med, sum, max, bet, mmm, hfq]
88.844682;11.0;6645.0;6645.0;172059.0;52923.0;9.0;[reg, sid, ban, sec, men, med, sum, bet, hhh]
88.843003;11.0;6646.0;6646.0;172058.0;52922.0;12.0;[reg, sid, ban, sec, men, med, sum, max, aci, mmm, npp, htp]
88.843003;11.0;6646.0;6646.0;172058.0;52922.0;10.0;[reg, sid, ban, sec, men, med, sum, max, hhh, aei]
88.83293;11.0;6652.0;6652.0;172052.0;52916.0;9.0;[reg, sid, ban, sec, men, med, sum, bet, hfq]
88.80607;11.0;6668.0;6668.0;172036.0;52900.0;12.0;[reg, sid, ban, sec, men, med, sum, max, aci, mmm, npp, aei]
88.804392;11.0;6669.0;6669.0;172035.0;52899.0;10.0;[reg, sid, ban, sec, men, med, sum, max, aci, npp]
88.794319;11.0;6675.0;6675.0;172029.0;52893.0;11.0;[reg, sid, ban, sec, men, med, sum, aci, mmm, npp, htp]
88.760744;11.0;6695.0;6695.0;172009.0;52873.0;10.0;[reg, sid, ban, sec, men, med, sum, bet, mmm, hhh]
88.755708;11.0;6698.0;6698.0;172006.0;52870.0;10.0;[reg, sid, ban, sec, men, med, sum, aci, npp, aei]
88.755708;11.0;6698.0;6698.0;172006.0;52870.0;13.0;[reg, sid, ban, sec, men, med, sum, max, aci, bet, npp, htp, hhh]
88.732205;11.0;6712.0;6712.0;171992.0;52856.0;12.0;[reg, sid, ban, sec, men, med, sum, max, aci, npp, htp, hhh]
88.695273;11.0;6734.0;6734.0;171970.0;52834.0;10.0;[reg, sid, ban, sec, men, med, sum, mmm, hhh, aei]
88.676806;11.0;6745.0;6745.0;171959.0;52823.0;12.0;[reg, sid, ban, sec, men, med, sum, max, aci, npp, hfq, htp]
88.628122;11.0;6774.0;6774.0;171930.0;52794.0;12.0;[reg, sid, ban, sec, men, med, sum, max, aci, mmm, npp, hfq]
88.61805;11.0;6780.0;6780.0;171924.0;52788.0;12.0;[reg, sid, ban, sec, men, med, sum, max, aci, npp, hfq, aei]
88.616371;11.0;6781.0;6781.0;171923.0;52787.0;10.0;[reg, sid, ban, sec, men, med, sum, hfq, hhh, aei]
88.611335;11.0;6784.0;6784.0;171920.0;52784.0;11.0;[reg, sid, ban, sec, men, med, sum, aci, mmm, npp, hhh]
88.592869;11.0;6795.0;6795.0;171909.0;52773.0;13.0;[reg, sid, ban, sec, men, med, sum, max, aci, mmm, npp, hhh, aei]
88.589511;11.0;6797.0;6797.0;171907.0;52771.0;12.0;[reg, sid, ban, sec, men, med, sum, aci, mmm, npp, hfq, aei]
88.582796;11.0;6801.0;6801.0;171903.0;52767.0;12.0;[reg, sid, ban, sec, men, med, sum, aci, bet, npp, htp, hhh]
88.581117;11.0;6802.0;6802.0;171902.0;52766.0;12.0;[reg, sid, ban, sec, men, med, sum, aci, mmm, npp, htp, hhh]
88.576081;11.0;6805.0;6805.0;171899.0;52763.0;12.0;[reg, sid, ban, sec, men, med, sum, max, aci, mmm, npp, htp]
88.574402;11.0;6806.0;6806.0;171898.0;52762.0;11.0;[reg, sid, ban, sec, men, med, sum, max, mmm, npp, hfq]
88.567687;11.0;6810.0;6810.0;171894.0;52758.0;11.0;[reg, sid, ban, sec, men, med, sum, aci, mmm, npp, aei]
88.566009;11.0;6811.0;6811.0;171893.0;52757.0;8.0;[reg, sid, ban, sec, men, med, sum, htp]
88.557615;11.0;6816.0;6816.0;171888.0;52752.0;10.0;[reg, sid, ban, sec, men, med, sum, aci, bet, npp]
88.555936;11.0;6817.0;6817.0;171887.0;52751.0;9.0;[reg, sid, ban, sec, men, med, sum, bet, htp]
88.555936;11.0;6817.0;6817.0;171887.0;52751.0;10.0;[reg, sid, ban, sec, men, med, sum, max, hfq, htp]
88.554257;11.0;6818.0;6818.0;171886.0;52750.0;11.0;[reg, sid, ban, sec, men, med, sum, aci, mmm, npp, htp]
88.549221;11.0;6821.0;6821.0;171883.0;52747.0;11.0;[reg, sid, ban, sec, men, med, sum, max, aci, mmm, npp]
88.53747;11.0;6828.0;6828.0;171876.0;52740.0;9.0;[reg, sid, ban, sec, men, med, sum, hfq, aei]
88.519003;11.0;6839.0;6839.0;171865.0;52729.0;11.0;[reg, sid, ban, sec, men, med, sum, aci, mmm, npp, hfq]
88.513967;11.0;6842.0;6842.0;171862.0;52726.0;13.0;[reg, sid, ban, sec, men, med, sum, max, aci, mmm, npp, htp, aei]
88.51061;11.0;6844.0;6844.0;171860.0;52724.0;13.0;[reg, sid, ban, sec, men, med, sum, max, aci, bet, npp, htp, aei]
88.49718;11.0;6852.0;6852.0;171852.0;52716.0;12.0;[reg, sid, ban, sec, men, med, sum, bet, mmm, htp, hhh, aei]
88.490465;11.0;6856.0;6856.0;171848.0;52712.0;10.0;[reg, sid, ban, sec, men, med, sum, aci, npp, htp]
88.482071;11.0;6861.0;6861.0;171843.0;52707.0;12.0;[reg, sid, ban, sec, men, med, sum, max, aci, npp, hfq, aei]
88.471998;11.0;6867.0;6867.0;171837.0;52701.0;11.0;[reg, sid, ban, sec, men, med, sum, max, aci, npp, hhh]
88.471998;11.0;6867.0;6867.0;171837.0;52701.0;12.0;[reg, sid, ban, sec, men, med, sum, max, aci, bet, npp, hfq]
88.463605;11.0;6872.0;6872.0;171832.0;52696.0;12.0;[reg, sid, ban, sec, men, med, sum, aci, npp, hfq, htp, hhh]
88.460247;11.0;6874.0;6874.0;171830.0;52694.0;11.0;[reg, sid, ban, sec, men, med, sum, max, mmm, hfq, htp]
88.45689;11.0;6876.0;6876.0;171828.0;52692.0;11.0;[reg, sid, ban, sec, men, med, sum, bet, hfq, hhh, aei]
88.423315;11.0;6896.0;6896.0;171808.0;52672.0;13.0;[reg, sid, ban, sec, men, med, sum, max, aci, npp, htp, hhh, aei]
88.396454;11.0;6912.0;6912.0;171792.0;52656.0;11.0;[reg, sid, ban, sec, men, med, sum, aci, npp, htp, aei]
88.376309;11.0;6924.0;6924.0;171780.0;52644.0;10.0;[reg, sid, ban, sec, men, med, sum, aci, npp, hhh]
88.346092;11.0;6942.0;6942.0;171762.0;52626.0;13.0;[reg, sid, ban, sec, men, med, sum, max, aci, npp, hfq, hhh, aei]
88.312517;11.0;6962.0;6962.0;171742.0;52606.0;11.0;[reg, sid, ban, sec, men, med, sum, aci, npp, hhh, aei]
88.304123;11.0;6967.0;6967.0;171737.0;52601.0;12.0;[reg, sid, ban, sec, men, med, sum, max, aci, npp, hhh, aei]
88.302444;11.0;6968.0;6968.0;171736.0;52600.0;11.0;[reg, sid, ban, sec, men, med, sum, max, aci, npp, aei]
88.282299;11.0;6980.0;6980.0;171724.0;52588.0;13.0;[reg, sid, ban, sec, men, med, sum, max, aci, bet, npp, htp, aei]
88.255439;11.0;6996.0;6996.0;171708.0;52572.0;11.0;[reg, sid, ban, sec, men, med, sum, max, aci, npp, hhh]
88.236973;11.0;7007.0;7007.0;171697.0;52561.0;13.0;[reg, sid, ban, sec, men, med, sum, max, aci, mmm, npp, hhh, aei]
88.220185;11.0;7017.0;7017.0;171687.0;52551.0;13.0;[reg, sid, ban, sec, men, med, sum, max, aci, npp, hfq, htp, aei]
88.205077;11.0;7026.0;7026.0;171678.0;52542.0;12.0;[reg, sid, ban, sec, men, med, sum, max, aci, npp, htp, aei]
88.181574;11.0;7040.0;7040.0;171664.0;52528.0;10.0;[reg, sid, ban, sec, men, med, sum, bet, mmm, hfq]
88.171501;11.0;7046.0;7046.0;171658.0;52522.0;13.0;[reg, sid, ban, sec, men, med, sum, max, aci, npp, hfq, htp, hhh]
88.169823;11.0;7047.0;7047.0;171657.0;52521.0;12.0;[reg, sid, ban, sec, men, med, sum, aci, npp, hfq, htp, hhh]
88.164786;11.0;7050.0;7050.0;171654.0;52518.0;12.0;[reg, sid, ban, sec, men, med, sum, max, aci, mmm, npp, hhh]
88.142963;11.0;7063.0;7063.0;171641.0;52505.0;11.0;[reg, sid, ban, sec, men, med, sum, bet, mmm, hhh, aei]
88.121139;11.0;7076.0;7076.0;171628.0;52492.0;13.0;[reg, sid, ban, sec, men, med, sum, max, aci, npp, hfq, htp, hhh]
88.117781;11.0;7078.0;7078.0;171626.0;52490.0;10.0;[reg, sid, ban, sec, men, med, sum, npp, hhh, aei]
88.099315;11.0;7089.0;7089.0;171615.0;52479.0;11.0;[reg, sid, ban, sec, men, med, sum, aci, npp, hfq, hhh]
88.095958;11.0;7091.0;7091.0;171613.0;52477.0;11.0;[reg, sid, ban, sec, men, med, sum, aci, npp, hfq, aei]
88.082528;11.0;7099.0;7099.0;171605.0;52469.0;12.0;[reg, sid, ban, sec, men, med, sum, aci, mmm, npp, hhh, aei]
88.07917;11.0;7101.0;7101.0;171603.0;52467.0;11.0;[reg, sid, ban, sec, men, med, sum, max, aci, npp, aei]
88.050631;11.0;7118.0;7118.0;171586.0;52450.0;12.0;[reg, sid, ban, sec, men, med, sum, aci, bet, npp, hfq, htp]
88.045595;11.0;7121.0;7121.0;171583.0;52447.0;12.0;[reg, sid, ban, sec, men, med, sum, max, aci, npp, hfq, htp]
88.040559;11.0;7124.0;7124.0;171580.0;52444.0;11.0;[reg, sid, ban, sec, men, med, sum, max, aci, bet, npp]
88.03888;11.0;7125.0;7125.0;171579.0;52443.0;13.0;[reg, sid, ban, sec, men, med, sum, max, aci, bet, npp, htp, hhh]
87.991875;11.0;7153.0;7153.0;171551.0;52415.0;12.0;[reg, sid, ban, sec, men, med, sum, max, aci, mmm, npp, hfq]
87.97173;11.0;7165.0;7165.0;171539.0;52403.0;12.0;[reg, sid, ban, sec, men, med, sum, aci, mmm, npp, hfq, hhh]
87.946548;11.0;7180.0;7180.0;171524.0;52388.0;11.0;[reg, sid, ban, sec, men, med, sum, aci, npp, htp, aei]
87.897865;11.0;7209.0;7209.0;171495.0;52359.0;13.0;[reg, sid, ban, sec, men, med, sum, max, aci, bet, npp, hhh, aei]
87.897865;11.0;7209.0;7209.0;171495.0;52359.0;12.0;[reg, sid, ban, sec, men, med, sum, aci, npp, hfq, hhh, aei]
87.798818;11.0;7268.0;7268.0;171436.0;52300.0;10.0;[reg, sid, ban, sec, men, med, sum, aci, npp, htp]
87.787067;11.0;7275.0;7275.0;171429.0;52293.0;12.0;[reg, sid, ban, sec, men, med, sum, aci, npp, hfq, hhh, aei]
87.711523;11.0;7320.0;7320.0;171384.0;52248.0;13.0;[reg, sid, ban, sec, men, med, sum, max, aci, mmm, npp, hfq, aei]
87.703129;11.0;7325.0;7325.0;171379.0;52243.0;10.0;[reg, sid, ban, sec, men, med, sum, aci, npp, aei]
87.654445;11.0;7354.0;7354.0;171350.0;52214.0;11.0;[reg, sid, ban, sec, men, med, sum, bet, mmm, hfq, aei]
87.649409;11.0;7357.0;7357.0;171347.0;52211.0;10.0;[reg, sid, ban, sec, men, med, sum, bet, hfq, hhh]
87.62087;11.0;7374.0;7374.0;171330.0;52194.0;11.0;[reg, sid, ban, sec, men, med, sum, aci, npp, hhh, aei]
87.583938;11.0;7396.0;7396.0;171308.0;52172.0;12.0;[reg, sid, ban, sec, men, med, sum, max, mmm, hfq, hhh, aei]
87.577223;11.0;7400.0;7400.0;171304.0;52168.0;12.0;[reg, sid, ban, sec, men, med, sum, max, bet, hfq, hhh, aei]
87.560435;11.0;7410.0;7410.0;171294.0;52158.0;10.0;[reg, sid, ban, sec, men, med, sum, aci, npp, hfq]
87.533575;11.0;7426.0;7426.0;171278.0;52142.0;9.0;[reg, sid, ban, sec, men, med, sum, hhh, aei]
87.469782;11.0;7464.0;7464.0;171240.0;52104.0;10.0;[reg, sid, ban, sec, men, med, sum, max, aci, npp]
87.454674;11.0;7473.0;7473.0;171231.0;52095.0;11.0;[reg, sid, ban, sec, men, med, sum, max, aci, npp, hfq]
87.43285;11.0;7486.0;7486.0;171218.0;52082.0;10.0;[reg, sid, ban, sec, men, med, sum, hfq, hhh, aei]
87.367378;11.0;7525.0;7525.0;171179.0;52043.0;12.0;[reg, sid, ban, sec, men, med, sum, aci, mmm, npp, htp, hhh]
87.353948;11.0;7533.0;7533.0;171171.0;52035.0;12.0;[reg, sid, ban, sec, men, med, sum, max, aci, mmm, npp, hhh]
87.328767;11.0;7548.0;7548.0;171156.0;52020.0;9.0;[reg, sid, ban, sec, men, med, sum, htp, hhh]
87.276726;11.0;7579.0;7579.0;171125.0;51989.0;12.0;[reg, sid, ban, sec, men, med, sum, aci, mmm, npp, hfq, aei]
87.259938;11.0;7589.0;7589.0;171115.0;51979.0;10.0;[reg, sid, ban, sec, men, med, sum, htp, hhh, aei]
87.244829;11.0;7598.0;7598.0;171106.0;51970.0;10.0;[reg, sid, ban, sec, men, med, sum, aci, npp, hfq]
87.241472;11.0;7600.0;7600.0;171104.0;51968.0;11.0;[reg, sid, ban, sec, men, med, sum, aci, npp, hfq, aei]
87.229721;11.0;7607.0;7607.0;171097.0;51961.0;12.0;[reg, sid, ban, sec, men, med, sum, max, aci, npp, hhh, aei]
87.228042;11.0;7608.0;7608.0;171096.0;51960.0;13.0;[reg, sid, ban, sec, men, med, sum, max, aci, mmm, npp, hfq, aei]
87.189431;11.0;7631.0;7631.0;171073.0;51937.0;13.0;[reg, sid, ban, sec, men, med, sum, max, aci, bet, mmm, npp, htp]
87.134032;11.0;7664.0;7664.0;171040.0;51904.0;11.0;[reg, sid, ban, sec, men, med, sum, aci, npp, hfq, htp]
87.120602;11.0;7672.0;7672.0;171032.0;51896.0;12.0;[reg, sid, ban, sec, men, med, sum, aci, mmm, npp, htp, hhh]
87.083669;11.0;7694.0;7694.0;171010.0;51874.0;11.0;[reg, sid, ban, sec, men, med, sum, aci, bet, npp, aei]
87.076954;11.0;7698.0;7698.0;171006.0;51870.0;10.0;[reg, sid, ban, sec, men, med, sum, aci, npp, hfq]
87.066882;11.0;7704.0;7704.0;171000.0;51864.0;11.0;[reg, sid, ban, sec, men, med, sum, max, aci, mmm, npp]
87.063524;11.0;7706.0;7706.0;170998.0;51862.0;13.0;[reg, sid, ban, sec, men, med, sum, max, aci, mmm, npp, hhh, aei]
87.045058;11.0;7717.0;7717.0;170987.0;51851.0;13.0;[reg, sid, ban, sec, men, med, sum, max, aci, mmm, npp, hfq, htp]
86.984623;11.0;7753.0;7753.0;170951.0;51815.0;9.0;[reg, sid, ban, sec, men, med, sum, mmm, aei]
86.969514;11.0;7762.0;7762.0;170942.0;51806.0;12.0;[reg, sid, ban, sec, men, med, sum, max, aci, mmm, npp, aei]
86.912436;11.0;7796.0;7796.0;170908.0;51772.0;12.0;[reg, sid, ban, sec, men, med, sum, bet, mmm, hfq, hhh, aei]
86.904042;11.0;7801.0;7801.0;170903.0;51767.0;12.0;[reg, sid, ban, sec, men, med, sum, max, aci, mmm, npp, hfq]
86.865431;11.0;7824.0;7824.0;170880.0;51744.0;10.0;[reg, sid, ban, sec, men, med, sum, hfq, htp, hhh]
86.781493;11.0;7874.0;7874.0;170830.0;51694.0;11.0;[reg, sid, ban, sec, men, med, sum, aci, bet, mmm, npp]
86.774778;11.0;7878.0;7878.0;170826.0;51690.0;10.0;[reg, sid, ban, sec, men, med, sum, aci, mmm, npp]
86.724416;11.0;7908.0;7908.0;170796.0;51660.0;12.0;[reg, sid, ban, sec, men, med, sum, aci, mmm, npp, htp, aei]
86.630406;11.0;7964.0;7964.0;170740.0;51604.0;13.0;[reg, sid, ban, sec, men, med, sum, max, aci, npp, hfq, hhh, aei]
86.623691;11.0;7968.0;7968.0;170736.0;51600.0;13.0;[reg, sid, ban, sec, men, med, sum, max, aci, npp, hfq, htp, hhh]
86.622012;11.0;7969.0;7969.0;170735.0;51599.0;11.0;[reg, sid, ban, sec, men, med, sum, max, aci, npp, htp]
86.606903;11.0;7978.0;7978.0;170726.0;51590.0;10.0;[reg, sid, ban, sec, men, med, sum, max, hfq, aei]
86.499463;11.0;8042.0;8042.0;170662.0;51526.0;12.0;[reg, sid, ban, sec, men, med, sum, aci, npp, htp, hhh, aei]
86.444064;11.0;8075.0;8075.0;170629.0;51493.0;10.0;[reg, sid, ban, sec, men, med, sum, max, mmm, aei]
86.418883;11.0;8090.0;8090.0;170614.0;51478.0;12.0;[reg, sid, ban, sec, men, med, sum, aci, bet, mmm, npp, aei]
86.415525;11.0;8092.0;8092.0;170612.0;51476.0;13.0;[reg, sid, ban, sec, men, med, sum, max, aci, mmm, npp, hfq, hhh]
86.390344;11.0;8107.0;8107.0;170597.0;51461.0;10.0;[reg, sid, ban, sec, men, med, sum, aci, mmm, npp]
86.356769;11.0;8127.0;8127.0;170577.0;51441.0;12.0;[reg, sid, ban, sec, men, med, sum, aci, bet, npp, hfq, aei]
86.311442;11.0;8154.0;8154.0;170550.0;51414.0;10.0;[reg, sid, ban, sec, men, med, sum, bet, hhh, aei]
86.271152;11.0;8178.0;8178.0;170526.0;51390.0;9.0;[reg, sid, ban, sec, men, med, sum, htp, aei]
86.230862;11.0;8202.0;8202.0;170502.0;51366.0;12.0;[reg, sid, ban, sec, men, med, sum, aci, mmm, npp, hhh, aei]
86.202323;11.0;8219.0;8219.0;170485.0;51349.0;11.0;[reg, sid, ban, sec, men, med, sum, max, bet, hfq, htp]
86.162033;11.0;8243.0;8243.0;170461.0;51325.0;11.0;[reg, sid, ban, sec, men, med, sum, aci, npp, hfq, htp]
86.131816;11.0;8261.0;8261.0;170443.0;51307.0;11.0;[reg, sid, ban, sec, men, med, sum, aci, npp, hfq, hhh]
86.012624;11.0;8332.0;8332.0;170372.0;51236.0;12.0;[reg, sid, ban, sec, men, med, sum, max, aci, npp, htp, aei]
86.000873;11.0;8339.0;8339.0;170365.0;51229.0;11.0;[reg, sid, ban, sec, men, med, sum, aci, mmm, npp, hfq]
85.997515;11.0;8341.0;8341.0;170363.0;51227.0;11.0;[reg, sid, ban, sec, men, med, sum, aci, npp, htp, hhh]
85.930365;11.0;8381.0;8381.0;170323.0;51187.0;12.0;[reg, sid, ban, sec, men, med, sum, max, aci, npp, hfq, hhh]
85.916935;11.0;8389.0;8389.0;170315.0;51179.0;10.0;[reg, sid, ban, sec, men, med, sum, aci, npp, hhh]
85.844749;11.0;8432.0;8432.0;170272.0;51136.0;11.0;[reg, sid, ban, sec, men, med, sum, max, aci, npp, htp]
85.799423;11.0;8459.0;8459.0;170245.0;51109.0;13.0;[reg, sid, ban, sec, men, med, sum, max, aci, bet, hfq, htp, aei]
85.757454;11.0;8484.0;8484.0;170220.0;51084.0;9.0;[reg, sid, ban, sec, men, med, sum, hhh, aei]
85.562718;11.0;8600.0;8600.0;170104.0;50968.0;10.0;[reg, sid, ban, sec, men, med, sum, aci, npp, hhh]
85.532501;11.0;8618.0;8618.0;170086.0;50950.0;9.0;[reg, sid, ban, sec, men, med, sum, mmm, aei]
85.507319;11.0;8633.0;8633.0;170071.0;50935.0;12.0;[reg, sid, ban, sec, men, med, sum, max, bet, mmm, hhh, aei]
85.381413;11.0;8708.0;8708.0;169996.0;50860.0;13.0;[reg, sid, ban, sec, men, med, sum, max, aci, bet, mmm, htp, aei]
85.367983;11.0;8716.0;8716.0;169988.0;50852.0;13.0;[reg, sid, ban, sec, men, med, sum, max, aci, mmm, npp, hfq, hhh]
85.327693;11.0;8740.0;8740.0;169964.0;50828.0;8.0;[reg, sid, ban, sec, men, med, sum, aei]
85.127921;11.0;8859.0;8859.0;169845.0;50709.0;9.0;[reg, sid, ban, sec, men, med, sum, bet, hfq]
85.101061;11.0;8875.0;8875.0;169829.0;50693.0;11.0;[reg, sid, ban, sec, men, med, sum, aci, npp, hhh, aei]
85.025517;11.0;8920.0;8920.0;169784.0;50648.0;9.0;[reg, sid, ban, sec, men, med, sum, aci, npp]
85.015445;11.0;8926.0;8926.0;169778.0;50642.0;10.0;[reg, sid, ban, sec, men, med, sum, max, mmm, aei]
84.983548;11.0;8945.0;8945.0;169759.0;50623.0;10.0;[reg, sid, ban, sec, men, med, sum, max, mmm, hhh]
84.933186;11.0;8975.0;8975.0;169729.0;50593.0;11.0;[reg, sid, ban, sec, men, med, sum, max, mmm, htp, aei]
84.866035;11.0;9015.0;9015.0;169689.0;50553.0;12.0;[reg, sid, ban, sec, men, med, sum, max, hfq, htp, hhh, aei]
84.813994;11.0;9046.0;9046.0;169658.0;50522.0;13.0;[reg, sid, ban, sec, men, med, sum, max, aci, bet, mmm, htp, hhh]
84.735093;11.0;9093.0;9093.0;169611.0;50475.0;10.0;[reg, sid, ban, sec, men, med, sum, max, hfq, aei]
84.659549;11.0;9138.0;9138.0;169566.0;50430.0;10.0;[reg, sid, ban, sec, men, med, sum, max, hfq, hhh]
84.528606;11.0;9216.0;9216.0;169488.0;50352.0;9.0;[reg, sid, ban, sec, men, med, sum, max, hhh]
84.49671;11.0;9235.0;9235.0;169469.0;50333.0;9.0;[reg, sid, ban, sec, men, med, sum, bet, aei]
84.453062;11.0;9261.0;9261.0;169443.0;50307.0;13.0;[reg, sid, ban, sec, men, med, sum, max, aci, bet, mmm, hfq, htp]
84.448026;11.0;9264.0;9264.0;169440.0;50304.0;10.0;[reg, sid, ban, sec, men, med, sum, mmm, hfq, hhh]
84.44299;11.0;9267.0;9267.0;169437.0;50301.0;12.0;[reg, sid, ban, sec, men, med, sum, aci, npp, htp, hhh, aei]
84.441311;11.0;9268.0;9268.0;169436.0;50300.0;9.0;[reg, sid, ban, sec, men, med, sum, max, hhh]
84.399342;11.0;9293.0;9293.0;169411.0;50275.0;11.0;[reg, sid, ban, sec, men, med, sum, max, mmm, hfq, hhh]
84.343943;11.0;9326.0;9326.0;169378.0;50242.0;8.0;[reg, sid, ban, sec, men, med, sum, hfq]
84.312047;11.0;9345.0;9345.0;169359.0;50223.0;9.0;[reg, sid, ban, sec, men, med, sum, max, hfq]
84.310368;11.0;9346.0;9346.0;169358.0;50222.0;10.0;[reg, sid, ban, sec, men, med, sum, max, mmm, hfq]
84.23986;11.0;9388.0;9388.0;169316.0;50180.0;11.0;[reg, sid, ban, sec, men, med, sum, max, mmm, hfq, hhh]
84.182783;11.0;9422.0;9422.0;169282.0;50146.0;13.0;[reg, sid, ban, sec, men, med, sum, max, aci, mmm, htp, hhh, aei]
84.179425;11.0;9424.0;9424.0;169280.0;50144.0;10.0;[reg, sid, ban, sec, men, med, sum, aci, mmm, npp]
84.174389;11.0;9427.0;9427.0;169277.0;50141.0;13.0;[reg, sid, ban, sec, men, med, sum, max, aci, bet, hfq, htp, aei]
84.13242;11.0;9452.0;9452.0;169252.0;50116.0;9.0;[reg, sid, ban, sec, men, med, sum, max, aei]
84.063591;11.0;9493.0;9493.0;169211.0;50075.0;11.0;[reg, sid, ban, sec, men, med, sum, aci, bet, htp, hhh]
84.045125;11.0;9504.0;9504.0;169200.0;50064.0;12.0;[reg, sid, ban, sec, men, med, sum, max, aci, bet, mmm, htp]
83.97126;11.0;9548.0;9548.0;169156.0;50020.0;10.0;[reg, sid, ban, sec, men, med, sum, max, bet, hfq]
83.885643;11.0;9599.0;9599.0;169105.0;49969.0;9.0;[reg, sid, ban, sec, men, med, sum, mmm, hhh]
83.852068;11.0;9619.0;9619.0;169085.0;49949.0;10.0;[reg, sid, ban, sec, men, med, sum, max, bet, hfq]
83.794991;11.0;9653.0;9653.0;169051.0;49915.0;9.0;[reg, sid, ban, sec, men, med, sum, hfq, hhh]
83.774846;11.0;9665.0;9665.0;169039.0;49903.0;12.0;[reg, sid, ban, sec, men, med, sum, max, aci, npp, htp, hhh]
83.774846;11.0;9665.0;9665.0;169039.0;49903.0;9.0;[reg, sid, ban, sec, men, med, sum, mmm, hfq]
83.581789;11.0;9780.0;9780.0;168924.0;49788.0;9.0;[reg, sid, ban, sec, men, med, sum, hfq, hhh]
83.568359;11.0;9788.0;9788.0;168916.0;49780.0;9.0;[reg, sid, ban, sec, men, med, sum, max, hfq]
83.549893;11.0;9799.0;9799.0;168905.0;49769.0;8.0;[reg, sid, ban, sec, men, med, sum, hfq]
83.465955;11.0;9849.0;9849.0;168855.0;49719.0;13.0;[reg, sid, ban, sec, men, med, sum, max, aci, bet, hfq, htp, hhh]
83.440774;11.0;9864.0;9864.0;168840.0;49704.0;13.0;[reg, sid, ban, sec, men, med, sum, max, aci, mmm, npp, hfq, aei]
83.413914;11.0;9880.0;9880.0;168824.0;49688.0;9.0;[reg, sid, ban, sec, men, med, sum, mmm, hhh]
83.323261;11.0;9934.0;9934.0;168770.0;49634.0;10.0;[reg, sid, ban, sec, men, med, sum, max, hfq, hhh]
83.314867;11.0;9939.0;9939.0;168765.0;49629.0;10.0;[reg, sid, ban, sec, men, med, sum, bet, hfq, aei]
83.301437;11.0;9947.0;9947.0;168757.0;49621.0;10.0;[reg, sid, ban, sec, men, med, sum, max, mmm, hfq]
83.296401;11.0;9950.0;9950.0;168754.0;49618.0;10.0;[reg, sid, ban, sec, men, med, sum, mmm, hfq, hhh]
83.249396;11.0;9978.0;9978.0;168726.0;49590.0;12.0;[reg, sid, ban, sec, men, med, sum, max, aci, bet, htp, hhh]
83.202391;11.0;10006.0;10006.0;168698.0;49562.0;11.0;[reg, sid, ban, sec, men, med, sum, max, hfq, hhh, aei]
83.059696;11.0;10091.0;10091.0;168613.0;49477.0;13.0;[reg, sid, ban, sec, men, med, sum, max, aci, bet, hfq, htp, aei]
82.854889;11.0;10213.0;10213.0;168491.0;49355.0;8.0;[reg, sid, ban, sec, men, med, sum, hhh]
82.851531;11.0;10215.0;10215.0;168489.0;49353.0;13.0;[reg, sid, ban, sec, men, med, sum, max, aci, mmm, hfq, htp, hhh]
82.806205;11.0;10242.0;10242.0;168462.0;49326.0;13.0;[reg, sid, ban, sec, men, med, sum, max, aci, bet, mmm, hfq, aei]
82.730661;11.0;10287.0;10287.0;168417.0;49281.0;12.0;[reg, sid, ban, sec, men, med, sum, aci, bet, hfq, htp, hhh]
82.675262;11.0;10320.0;10320.0;168384.0;49248.0;12.0;[reg, sid, ban, sec, men, med, sum, aci, bet, hfq, htp, hhh]
82.665189;11.0;10326.0;10326.0;168378.0;49242.0;13.0;[reg, sid, ban, sec, men, med, sum, max, aci, bet, hfq, htp, hhh]
82.598039;11.0;10366.0;10366.0;168338.0;49202.0;13.0;[reg, sid, ban, sec, men, med, sum, max, aci, bet, htp, hhh, aei]
82.567822;11.0;10384.0;10384.0;168320.0;49184.0;12.0;[reg, sid, ban, sec, men, med, sum, max, aci, bet, htp, aei]
82.55607;11.0;10391.0;10391.0;168313.0;49177.0;13.0;[reg, sid, ban, sec, men, med, sum, max, aci, bet, hfq, htp, hhh]
82.545998;11.0;10397.0;10397.0;168307.0;49171.0;12.0;[reg, sid, ban, sec, men, med, sum, aci, bet, mmm, hfq, htp]
82.50235;11.0;10423.0;10423.0;168281.0;49145.0;8.0;[reg, sid, ban, sec, men, med, sum, hhh]
82.500672;11.0;10424.0;10424.0;168280.0;49144.0;12.0;[reg, sid, ban, sec, men, med, sum, aci, bet, hfq, htp, aei]
82.391553;11.0;10489.0;10489.0;168215.0;49079.0;10.0;[reg, sid, ban, sec, men, med, sum, mmm, hfq, aei]
82.359656;11.0;10508.0;10508.0;168196.0;49060.0;11.0;[reg, sid, ban, sec, men, med, sum, max, bet, mmm, aei]
82.305936;11.0;10540.0;10540.0;168164.0;49028.0;9.0;[reg, sid, ban, sec, men, med, sum, mmm, hfq]
82.215283;11.0;10594.0;10594.0;168110.0;48974.0;9.0;[reg, sid, ban, sec, men, med, sum, aci, htp]
82.131346;11.0;10644.0;10644.0;168060.0;48924.0;11.0;[reg, sid, ban, sec, men, med, sum, max, bet, mmm, hfq]
82.127988;11.0;10646.0;10646.0;168058.0;48922.0;13.0;[reg, sid, ban, sec, men, med, sum, max, aci, bet, htp, hhh, aei]
82.122952;11.0;10649.0;10649.0;168055.0;48919.0;13.0;[reg, sid, ban, sec, men, med, sum, max, aci, bet, hfq, hhh, aei]
82.00376;11.0;10720.0;10720.0;167984.0;48848.0;9.0;[reg, sid, ban, sec, men, med, sum, hfq, hhh]
81.993688;11.0;10726.0;10726.0;167978.0;48842.0;10.0;[reg, sid, ban, sec, men, med, sum, max, bet, aei]
81.986973;11.0;10730.0;10730.0;167974.0;48838.0;11.0;[reg, sid, ban, sec, men, med, sum, max, bet, mmm, hhh]
81.960113;11.0;10746.0;10746.0;167958.0;48822.0;9.0;[reg, sid, ban, sec, men, med, sum, max, bet]
81.958434;11.0;10747.0;10747.0;167957.0;48821.0;13.0;[reg, sid, ban, sec, men, med, sum, max, aci, bet, mmm, hhh, aei]
81.90975;11.0;10776.0;10776.0;167928.0;48792.0;11.0;[reg, sid, ban, sec, men, med, sum, aci, bet, hfq, htp]
81.864424;11.0;10803.0;10803.0;167901.0;48765.0;11.0;[reg, sid, ban, sec, men, med, sum, max, bet, mmm, aei]
81.862745;11.0;10804.0;10804.0;167900.0;48764.0;9.0;[reg, sid, ban, sec, men, med, sum, bet, mmm]
81.844279;11.0;10815.0;10815.0;167889.0;48753.0;13.0;[reg, sid, ban, sec, men, med, sum, max, aci, bet, mmm, hfq, htp]
81.844279;11.0;10815.0;10815.0;167889.0;48753.0;10.0;[reg, sid, ban, sec, men, med, sum, max, mmm, hhh]
81.835885;11.0;10820.0;10820.0;167884.0;48748.0;13.0;[reg, sid, ban, sec, men, med, sum, max, aci, bet, mmm, htp, aei]
81.797274;11.0;10843.0;10843.0;167861.0;48725.0;13.0;[reg, sid, ban, sec, men, med, sum, max, aci, mmm, hfq, htp, aei]
81.684797;11.0;10910.0;10910.0;167794.0;48658.0;9.0;[reg, sid, ban, sec, men, med, sum, bet, aei]
81.666331;11.0;10921.0;10921.0;167783.0;48647.0;11.0;[reg, sid, ban, sec, men, med, sum, aci, bet, mmm, htp]
81.599181;11.0;10961.0;10961.0;167743.0;48607.0;12.0;[reg, sid, ban, sec, men, med, sum, aci, bet, mmm, hfq, aei]
81.582393;11.0;10971.0;10971.0;167733.0;48597.0;13.0;[reg, sid, ban, sec, men, med, sum, max, aci, bet, htp, hhh, aei]
81.568963;11.0;10979.0;10979.0;167725.0;48589.0;11.0;[reg, sid, ban, sec, men, med, sum, max, bet, mmm, hhh]
81.526994;11.0;11004.0;11004.0;167700.0;48564.0;9.0;[reg, sid, ban, sec, men, med, sum, max, bet]
81.505171;11.0;11017.0;11017.0;167687.0;48551.0;11.0;[reg, sid, ban, sec, men, med, sum, max, mmm, hfq, hhh]
81.498456;11.0;11021.0;11021.0;167683.0;48547.0;9.0;[reg, sid, ban, sec, men, med, sum, bet, mmm]
81.498456;11.0;11021.0;11021.0;167683.0;48547.0;12.0;[reg, sid, ban, sec, men, med, sum, aci, bet, hfq, htp, hhh]
81.488383;11.0;11027.0;11027.0;167677.0;48541.0;11.0;[reg, sid, ban, sec, men, med, sum, aci, bet, hhh, aei]
81.375907;11.0;11094.0;11094.0;167610.0;48474.0;10.0;[reg, sid, ban, sec, men, med, sum, max, bet, aei]
81.34401;11.0;11113.0;11113.0;167591.0;48455.0;10.0;[reg, sid, ban, sec, men, med, sum, bet, mmm, aei]
81.323865;11.0;11125.0;11125.0;167579.0;48443.0;10.0;[reg, sid, ban, sec, men, med, sum, max, bet, hhh]
81.308756;11.0;11134.0;11134.0;167570.0;48434.0;13.0;[reg, sid, ban, sec, men, med, sum, max, aci, bet, hfq, hhh, aei]
81.29029;11.0;11145.0;11145.0;167559.0;48423.0;12.0;[reg, sid, ban, sec, men, med, sum, aci, bet, htp, hhh, aei]
81.281896;11.0;11150.0;11150.0;167554.0;48418.0;10.0;[reg, sid, ban, sec, men, med, sum, max, bet, aei]
81.228176;11.0;11182.0;11182.0;167522.0;48386.0;8.0;[reg, sid, ban, sec, men, med, sum, bet]
81.216425;11.0;11189.0;11189.0;167515.0;48379.0;10.0;[reg, sid, ban, sec, men, med, sum, max, bet, mmm]
81.192922;11.0;11203.0;11203.0;167501.0;48365.0;10.0;[reg, sid, ban, sec, men, med, sum, max, bet, hhh]
81.157669;11.0;11224.0;11224.0;167480.0;48344.0;10.0;[reg, sid, ban, sec, men, med, sum, max, bet, htp]
81.134166;11.0;11238.0;11238.0;167466.0;48330.0;10.0;[reg, sid, ban, sec, men, med, sum, aci, mmm, htp]
81.130808;11.0;11240.0;11240.0;167464.0;48328.0;10.0;[reg, sid, ban, sec, men, med, sum, bet, mmm, aei]
81.124093;11.0;11244.0;11244.0;167460.0;48324.0;9.0;[reg, sid, ban, sec, men, med, sum, max, bet]
81.107306;11.0;11254.0;11254.0;167450.0;48314.0;11.0;[reg, sid, ban, sec, men, med, sum, bet, hfq, hhh, aei]
81.10227;11.0;11257.0;11257.0;167447.0;48311.0;13.0;[reg, sid, ban, sec, men, med, sum, max, aci, bet, mmm, hhh, aei]
81.006581;11.0;11314.0;11314.0;167390.0;48254.0;10.0;[reg, sid, ban, sec, men, med, sum, max, bet, mmm]
80.988114;11.0;11325.0;11325.0;167379.0;48243.0;11.0;[reg, sid, ban, sec, men, med, sum, aci, bet, htp, aei]
80.973006;11.0;11334.0;11334.0;167370.0;48234.0;11.0;[reg, sid, ban, sec, men, med, sum, max, bet, hhh, aei]
80.969648;11.0;11336.0;11336.0;167368.0;48232.0;13.0;[reg, sid, ban, sec, men, med, sum, max, aci, bet, mmm, hfq, aei]
80.951182;11.0;11347.0;11347.0;167357.0;48221.0;12.0;[reg, sid, ban, sec, men, med, sum, aci, bet, hfq, htp, aei]
80.85885;11.0;11402.0;11402.0;167302.0;48166.0;11.0;[reg, sid, ban, sec, men, med, sum, max, bet, hfq, hhh]
80.826954;11.0;11421.0;11421.0;167283.0;48147.0;12.0;[reg, sid, ban, sec, men, med, sum, aci, mmm, hfq, htp, hhh]
80.796737;11.0;11439.0;11439.0;167265.0;48129.0;13.0;[reg, sid, ban, sec, men, med, sum, max, aci, bet, mmm, hfq, hhh]
80.774913;11.0;11452.0;11452.0;167252.0;48116.0;11.0;[reg, sid, ban, sec, men, med, sum, aci, bet, htp, hhh]
80.689296;11.0;11503.0;11503.0;167201.0;48065.0;11.0;[reg, sid, ban, sec, men, med, sum, aci, hfq, htp, hhh]
80.674187;11.0;11512.0;11512.0;167192.0;48056.0;13.0;[reg, sid, ban, sec, men, med, sum, max, aci, bet, hfq, hhh, aei]
80.665794;11.0;11517.0;11517.0;167187.0;48051.0;11.0;[reg, sid, ban, sec, men, med, sum, max, aci, bet, htp]
80.654042;11.0;11524.0;11524.0;167180.0;48044.0;12.0;[reg, sid, ban, sec, men, med, sum, aci, mmm, htp, hhh, aei]
80.649006;11.0;11527.0;11527.0;167177.0;48041.0;11.0;[reg, sid, ban, sec, men, med, sum, aci, bet, htp, hhh]
80.635576;11.0;11535.0;11535.0;167169.0;48033.0;9.0;[reg, sid, ban, sec, men, med, sum, bet, mmm]
80.612074;11.0;11549.0;11549.0;167155.0;48019.0;13.0;[reg, sid, ban, sec, men, med, sum, max, aci, bet, mmm, hfq, aei]
80.605359;11.0;11553.0;11553.0;167151.0;48015.0;12.0;[reg, sid, ban, sec, men, med, sum, aci, bet, mmm, hfq, htp]
80.586892;11.0;11564.0;11564.0;167140.0;48004.0;12.0;[reg, sid, ban, sec, men, med, sum, max, aci, bet, mmm, hfq]
80.580177;11.0;11568.0;11568.0;167136.0;48000.0;13.0;[reg, sid, ban, sec, men, med, sum, max, aci, bet, mmm, hfq, hhh]
80.533172;11.0;11596.0;11596.0;167108.0;47972.0;12.0;[reg, sid, ban, sec, men, med, sum, max, aci, bet, hfq, hhh]
80.531493;11.0;11597.0;11597.0;167107.0;47971.0;11.0;[reg, sid, ban, sec, men, med, sum, max, bet, htp, hhh]
80.499597;11.0;11616.0;11616.0;167088.0;47952.0;8.0;[reg, sid, ban, sec, men, med, sum, bet]
80.491203;11.0;11621.0;11621.0;167083.0;47947.0;10.0;[reg, sid, ban, sec, men, med, sum, bet, mmm, aei]
80.484488;11.0;11625.0;11625.0;167079.0;47943.0;10.0;[reg, sid, ban, sec, men, med, sum, max, bet, mmm]
80.477773;11.0;11629.0;11629.0;167075.0;47939.0;9.0;[reg, sid, ban, sec, men, med, sum, bet, aei]
80.459307;11.0;11640.0;11640.0;167064.0;47928.0;12.0;[reg, sid, ban, sec, men, med, sum, max, aci, bet, hfq, hhh]
80.450913;11.0;11645.0;11645.0;167059.0;47923.0;12.0;[reg, sid, ban, sec, men, med, sum, aci, bet, htp, hhh, aei]
80.430768;11.0;11657.0;11657.0;167047.0;47911.0;13.0;[reg, sid, ban, sec, men, med, sum, max, aci, bet, mmm, htp, aei]
80.427411;11.0;11659.0;11659.0;167045.0;47909.0;12.0;[reg, sid, ban, sec, men, med, sum, max, aci, bet, htp, hhh]
80.388799;11.0;11682.0;11682.0;167022.0;47886.0;11.0;[reg, sid, ban, sec, men, med, sum, max, aci, bet, htp]
80.363618;11.0;11697.0;11697.0;167007.0;47871.0;12.0;[reg, sid, ban, sec, men, med, sum, max, aci, bet, mmm, hhh]
80.351867;11.0;11704.0;11704.0;167000.0;47864.0;13.0;[reg, sid, ban, sec, men, med, sum, max, aci, hfq, htp, hhh, aei]
80.350188;11.0;11705.0;11705.0;166999.0;47863.0;12.0;[reg, sid, ban, sec, men, med, sum, max, aci, bet, mmm, aei]
80.321649;11.0;11722.0;11722.0;166982.0;47846.0;12.0;[reg, sid, ban, sec, men, med, sum, max, aci, bet, hfq, aei]
80.298147;11.0;11736.0;11736.0;166968.0;47832.0;11.0;[reg, sid, ban, sec, men, med, sum, aci, mmm, htp, aei]
80.283038;11.0;11745.0;11745.0;166959.0;47823.0;10.0;[reg, sid, ban, sec, men, med, sum, aci, htp, aei]
80.278002;11.0;11748.0;11748.0;166956.0;47820.0;11.0;[reg, sid, ban, sec, men, med, sum, max, aci, bet, aei]
80.25282;11.0;11763.0;11763.0;166941.0;47805.0;13.0;[reg, sid, ban, sec, men, med, sum, max, aci, bet, mmm, hhh, aei]
80.241069;11.0;11770.0;11770.0;166934.0;47798.0;12.0;[reg, sid, ban, sec, men, med, sum, aci, mmm, npp, hfq, htp]
80.227639;11.0;11778.0;11778.0;166926.0;47790.0;13.0;[reg, sid, ban, sec, men, med, sum, max, aci, bet, mmm, hfq, htp]
80.209173;11.0;11789.0;11789.0;166915.0;47779.0;13.0;[reg, sid, ban, sec, men, med, sum, max, aci, mmm, hfq, htp, aei]
80.190706;11.0;11800.0;11800.0;166904.0;47768.0;8.0;[reg, sid, ban, sec, men, med, sum, bet]
80.103411;11.0;11852.0;11852.0;166852.0;47716.0;11.0;[reg, sid, ban, sec, men, med, sum, max, aci, bet, htp]
80.096696;11.0;11856.0;11856.0;166848.0;47712.0;12.0;[reg, sid, ban, sec, men, med, sum, max, aci, bet, htp, aei]
80.056406;11.0;11880.0;11880.0;166824.0;47688.0;12.0;[reg, sid, ban, sec, men, med, sum, aci, bet, mmm, hfq, aei]
80.054727;11.0;11881.0;11881.0;166823.0;47687.0;12.0;[reg, sid, ban, sec, men, med, sum, max, aci, bet, hfq, aei]
80.042976;11.0;11888.0;11888.0;166816.0;47680.0;11.0;[reg, sid, ban, sec, men, med, sum, aci, bet, mmm, aei]
80.03794;11.0;11891.0;11891.0;166813.0;47677.0;12.0;[reg, sid, ban, sec, men, med, sum, max, aci, bet, htp, aei]
80.03794;11.0;11891.0;11891.0;166813.0;47677.0;12.0;[reg, sid, ban, sec, men, med, sum, max, aci, mmm, htp, hhh]
80.034582;11.0;11893.0;11893.0;166811.0;47675.0;12.0;[reg, sid, ban, sec, men, med, sum, aci, bet, mmm, htp, aei]
80.014437;11.0;11905.0;11905.0;166799.0;47663.0;12.0;[reg, sid, ban, sec, men, med, sum, aci, bet, hfq, hhh, aei]
80.012759;11.0;11906.0;11906.0;166798.0;47662.0;12.0;[reg, sid, ban, sec, men, med, sum, max, aci, bet, hhh, aei]
79.982541;11.0;11924.0;11924.0;166780.0;47644.0;13.0;[reg, sid, ban, sec, men, med, sum, max, aci, bet, mmm, htp, hhh]
79.975826;11.0;11928.0;11928.0;166776.0;47640.0;12.0;[reg, sid, ban, sec, men, med, sum, max, aci, bet, hhh, aei]
79.967432;11.0;11933.0;11933.0;166771.0;47635.0;12.0;[reg, sid, ban, sec, men, med, sum, max, aci, bet, hfq, htp]
79.962396;11.0;11936.0;11936.0;166768.0;47632.0;11.0;[reg, sid, ban, sec, men, med, sum, max, bet, mmm, aei]
79.945608;11.0;11946.0;11946.0;166758.0;47622.0;12.0;[reg, sid, ban, sec, men, med, sum, max, aci, bet, htp, hhh]
79.940572;11.0;11949.0;11949.0;166755.0;47619.0;11.0;[reg, sid, ban, sec, men, med, sum, max, aci, bet, hhh]
79.920427;11.0;11961.0;11961.0;166743.0;47607.0;10.0;[reg, sid, ban, sec, men, med, sum, aci, bet, hhh]
79.908676;11.0;11968.0;11968.0;166736.0;47600.0;12.0;[reg, sid, ban, sec, men, med, sum, max, aci, bet, hfq, aei]
79.888531;11.0;11980.0;11980.0;166724.0;47588.0;12.0;[reg, sid, ban, sec, men, med, sum, max, aci, bet, hfq, htp]
79.851598;11.0;12002.0;12002.0;166702.0;47566.0;10.0;[reg, sid, ban, sec, men, med, sum, aci, bet, mmm]
79.851598;11.0;12002.0;12002.0;166702.0;47566.0;11.0;[reg, sid, ban, sec, men, med, sum, aci, bet, hfq, hhh]
79.829774;11.0;12015.0;12015.0;166689.0;47553.0;12.0;[reg, sid, ban, sec, men, med, sum, aci, bet, hfq, hhh, aei]
79.819702;11.0;12021.0;12021.0;166683.0;47547.0;12.0;[reg, sid, ban, sec, men, med, sum, max, aci, bet, hfq, htp]
79.769339;11.0;12051.0;12051.0;166653.0;47517.0;13.0;[reg, sid, ban, sec, men, med, sum, max, aci, hfq, htp, hhh, aei]
79.769339;11.0;12051.0;12051.0;166653.0;47517.0;11.0;[reg, sid, ban, sec, men, med, sum, aci, bet, hfq, hhh]
79.759267;11.0;12057.0;12057.0;166647.0;47511.0;13.0;[reg, sid, ban, sec, men, med, sum, max, aci, bet, mmm, htp, hhh]
79.737443;11.0;12070.0;12070.0;166634.0;47498.0;12.0;[reg, sid, ban, sec, men, med, sum, max, aci, bet, hhh, aei]
79.703868;11.0;12090.0;12090.0;166614.0;47478.0;10.0;[reg, sid, ban, sec, men, med, sum, aci, bet, aei]
79.680365;11.0;12104.0;12104.0;166600.0;47464.0;12.0;[reg, sid, ban, sec, men, med, sum, max, aci, bet, hfq, hhh]
79.680365;11.0;12104.0;12104.0;166600.0;47464.0;10.0;[reg, sid, ban, sec, men, med, sum, aci, bet, hhh]
79.671972;11.0;12109.0;12109.0;166595.0;47459.0;12.0;[reg, sid, ban, sec, men, med, sum, max, aci, htp, hhh, aei]
79.641754;11.0;12127.0;12127.0;166577.0;47441.0;11.0;[reg, sid, ban, sec, men, med, sum, aci, bet, hfq, aei]
79.636718;11.0;12130.0;12130.0;166574.0;47438.0;11.0;[reg, sid, ban, sec, men, med, sum, max, aci, bet, hfq]
79.631681;11.0;12133.0;12133.0;166571.0;47435.0;12.0;[reg, sid, ban, sec, men, med, sum, aci, bet, mmm, hhh, aei]
79.623288;11.0;12138.0;12138.0;166566.0;47430.0;12.0;[reg, sid, ban, sec, men, med, sum, aci, bet, mmm, hfq, hhh]
79.611536;11.0;12145.0;12145.0;166559.0;47423.0;11.0;[reg, sid, ban, sec, men, med, sum, max, aci, bet, hfq]
79.6065;11.0;12148.0;12148.0;166556.0;47420.0;11.0;[reg, sid, ban, sec, men, med, sum, max, aci, bet, mmm]
79.604821;11.0;12149.0;12149.0;166555.0;47419.0;12.0;[reg, sid, ban, sec, men, med, sum, max, aci, bet, mmm, aei]
79.576283;11.0;12166.0;12166.0;166538.0;47402.0;11.0;[reg, sid, ban, sec, men, med, sum, aci, bet, hfq, aei]
79.567889;11.0;12171.0;12171.0;166533.0;47397.0;12.0;[reg, sid, ban, sec, men, med, sum, max, aci, bet, mmm, htp]
79.524241;11.0;12197.0;12197.0;166507.0;47371.0;12.0;[reg, sid, ban, sec, men, med, sum, max, aci, bet, mmm, htp]
79.507454;11.0;12207.0;12207.0;166497.0;47361.0;9.0;[reg, sid, ban, sec, men, med, sum, aci, bet]
79.497381;11.0;12213.0;12213.0;166491.0;47355.0;11.0;[reg, sid, ban, sec, men, med, sum, aci, bet, mmm, aei]
79.497381;11.0;12213.0;12213.0;166491.0;47355.0;12.0;[reg, sid, ban, sec, men, med, sum, aci, bet, mmm, htp, hhh]
79.490666;11.0;12217.0;12217.0;166487.0;47351.0;10.0;[reg, sid, ban, sec, men, med, sum, aci, bet, aei]
79.48563;11.0;12220.0;12220.0;166484.0;47348.0;11.0;[reg, sid, ban, sec, men, med, sum, aci, bet, hfq, hhh]
79.435267;11.0;12250.0;12250.0;166454.0;47318.0;11.0;[reg, sid, ban, sec, men, med, sum, aci, bet, htp, aei]
79.423516;11.0;12257.0;12257.0;166447.0;47311.0;11.0;[reg, sid, ban, sec, men, med, sum, aci, bet, hfq, htp]
79.394977;11.0;12274.0;12274.0;166430.0;47294.0;11.0;[reg, sid, ban, sec, men, med, sum, max, aci, bet, mmm]
79.368117;11.0;12290.0;12290.0;166414.0;47278.0;10.0;[reg, sid, ban, sec, men, med, sum, aci, bet, hhh]
79.346293;11.0;12303.0;12303.0;166401.0;47265.0;11.0;[reg, sid, ban, sec, men, med, sum, max, aci, bet, hhh]
79.342936;11.0;12305.0;12305.0;166399.0;47263.0;12.0;[reg, sid, ban, sec, men, med, sum, aci, bet, htp, hhh, aei]
79.334542;11.0;12310.0;12310.0;166394.0;47258.0;11.0;[reg, sid, ban, sec, men, med, sum, aci, bet, hfq, htp]
79.312718;11.0;12323.0;12323.0;166381.0;47245.0;12.0;[reg, sid, ban, sec, men, med, sum, max, aci, hfq, htp, hhh]
79.297609;11.0;12332.0;12332.0;166372.0;47236.0;11.0;[reg, sid, ban, sec, men, med, sum, max, aci, bet, hhh]
79.282501;11.0;12341.0;12341.0;166363.0;47227.0;12.0;[reg, sid, ban, sec, men, med, sum, max, aci, bet, mmm, hhh]
79.232138;11.0;12371.0;12371.0;166333.0;47197.0;12.0;[reg, sid, ban, sec, men, med, sum, aci, bet, mmm, hfq, aei]
79.223744;11.0;12376.0;12376.0;166328.0;47192.0;12.0;[reg, sid, ban, sec, men, med, sum, aci, bet, mmm, htp, hhh]
79.20192;11.0;12389.0;12389.0;166315.0;47179.0;10.0;[reg, sid, ban, sec, men, med, sum, aci, bet, htp]
79.190169;11.0;12396.0;12396.0;166308.0;47172.0;10.0;[reg, sid, ban, sec, men, med, sum, aci, bet, hfq]
79.153237;11.0;12418.0;12418.0;166286.0;47150.0;12.0;[reg, sid, ban, sec, men, med, sum, max, aci, bet, mmm, hfq]
79.143164;11.0;12424.0;12424.0;166280.0;47144.0;12.0;[reg, sid, ban, sec, men, med, sum, aci, bet, hfq, htp, aei]
79.117983;11.0;12439.0;12439.0;166265.0;47129.0;11.0;[reg, sid, ban, sec, men, med, sum, aci, bet, mmm, htp]
79.101195;11.0;12449.0;12449.0;166255.0;47119.0;10.0;[reg, sid, ban, sec, men, med, sum, aci, bet, htp]
79.086086;11.0;12458.0;12458.0;166246.0;47110.0;11.0;[reg, sid, ban, sec, men, med, sum, aci, bet, mmm, hfq]
79.076014;11.0;12464.0;12464.0;166240.0;47104.0;12.0;[reg, sid, ban, sec, men, med, sum, max, aci, mmm, htp, aei]
79.069299;11.0;12468.0;12468.0;166236.0;47100.0;11.0;[reg, sid, ban, sec, men, med, sum, max, aci, htp, aei]
79.042439;11.0;12484.0;12484.0;166220.0;47084.0;12.0;[reg, sid, ban, sec, men, med, sum, max, aci, hfq, htp, aei]
79.030688;11.0;12491.0;12491.0;166213.0;47077.0;12.0;[reg, sid, ban, sec, men, med, sum, aci, bet, mmm, hfq, hhh]
78.965216;11.0;12530.0;12530.0;166174.0;47038.0;11.0;[reg, sid, ban, sec, men, med, sum, aci, bet, mmm, hfq]
78.963537;11.0;12531.0;12531.0;166173.0;47037.0;12.0;[reg, sid, ban, sec, men, med, sum, aci, bet, mmm, htp, aei]
78.94675;11.0;12541.0;12541.0;166163.0;47027.0;11.0;[reg, sid, ban, sec, men, med, sum, max, aci, bet, aei]
78.931641;11.0;12550.0;12550.0;166154.0;47018.0;11.0;[reg, sid, ban, sec, men, med, sum, aci, bet, htp, aei]
78.859455;11.0;12593.0;12593.0;166111.0;46975.0;11.0;[reg, sid, ban, sec, men, med, sum, aci, bet, hfq, aei]
78.854418;11.0;12596.0;12596.0;166108.0;46972.0;9.0;[reg, sid, ban, sec, men, med, sum, aci, bet]
78.851061;11.0;12598.0;12598.0;166106.0;46970.0;11.0;[reg, sid, ban, sec, men, med, sum, max, aci, bet, aei]
78.847703;11.0;12600.0;12600.0;166104.0;46968.0;12.0;[reg, sid, ban, sec, men, med, sum, aci, bet, mmm, htp, aei]
78.830916;11.0;12610.0;12610.0;166094.0;46958.0;12.0;[reg, sid, ban, sec, men, med, sum, aci, bet, mmm, hhh, aei]
78.793983;11.0;12632.0;12632.0;166072.0;46936.0;12.0;[reg, sid, ban, sec, men, med, sum, aci, bet, mmm, htp, hhh]
78.762087;11.0;12651.0;12651.0;166053.0;46917.0;10.0;[reg, sid, ban, sec, men, med, sum, aci, bet, aei]
78.757051;11.0;12654.0;12654.0;166050.0;46914.0;11.0;[reg, sid, ban, sec, men, med, sum, bet, mmm, hfq, htp]
78.699973;11.0;12688.0;12688.0;166016.0;46880.0;11.0;[reg, sid, ban, sec, men, med, sum, aci, bet, mmm, hhh]
78.683186;11.0;12698.0;12698.0;166006.0;46870.0;11.0;[reg, sid, ban, sec, men, med, sum, aci, bet, mmm, hhh]
78.678149;11.0;12701.0;12701.0;166003.0;46867.0;11.0;[reg, sid, ban, sec, men, med, sum, max, aci, bet, mmm]
78.658004;11.0;12713.0;12713.0;165991.0;46855.0;11.0;[reg, sid, ban, sec, men, med, sum, aci, bet, mmm, htp]
78.610999;11.0;12741.0;12741.0;165963.0;46827.0;11.0;[reg, sid, ban, sec, men, med, sum, max, aci, htp, aei]
78.60932;11.0;12742.0;12742.0;165962.0;46826.0;12.0;[reg, sid, ban, sec, men, med, sum, max, aci, htp, hhh, aei]
78.602605;11.0;12746.0;12746.0;165958.0;46822.0;12.0;[reg, sid, ban, sec, men, med, sum, aci, hfq, htp, hhh, aei]
78.557279;11.0;12773.0;12773.0;165931.0;46795.0;12.0;[reg, sid, ban, sec, men, med, sum, max, aci, bet, mmm, hfq]
78.550564;11.0;12777.0;12777.0;165927.0;46791.0;11.0;[reg, sid, ban, sec, men, med, sum, max, aci, bet, hfq]
78.545528;11.0;12780.0;12780.0;165924.0;46788.0;13.0;[reg, sid, ban, sec, men, med, sum, max, aci, bet, mmm, hfq, hhh]
78.498523;11.0;12808.0;12808.0;165896.0;46760.0;12.0;[reg, sid, ban, sec, men, med, sum, max, aci, mmm, hfq, aei]
78.481735;11.0;12818.0;12818.0;165886.0;46750.0;10.0;[reg, sid, ban, sec, men, med, sum, max, aci, bet]
78.443124;11.0;12841.0;12841.0;165863.0;46727.0;8.0;[reg, sid, ban, sec, men, med, sum, hfq]
78.441445;11.0;12842.0;12842.0;165862.0;46726.0;9.0;[reg, sid, ban, sec, men, med, sum, aci, bet]
78.4213;11.0;12854.0;12854.0;165850.0;46714.0;10.0;[reg, sid, ban, sec, men, med, sum, aci, bet, hfq]
78.382689;11.0;12877.0;12877.0;165827.0;46691.0;10.0;[reg, sid, ban, sec, men, med, sum, aci, bet, mmm]
78.369259;11.0;12885.0;12885.0;165819.0;46683.0;10.0;[reg, sid, ban, sec, men, med, sum, aci, hfq, htp]
78.342399;11.0;12901.0;12901.0;165803.0;46667.0;11.0;[reg, sid, ban, sec, men, med, sum, aci, bet, hhh, aei]
78.297072;11.0;12928.0;12928.0;165776.0;46640.0;12.0;[reg, sid, ban, sec, men, med, sum, max, aci, bet, mmm, hhh]
78.283642;11.0;12936.0;12936.0;165768.0;46632.0;12.0;[reg, sid, ban, sec, men, med, sum, aci, hfq, htp, hhh, aei]
78.208098;11.0;12981.0;12981.0;165723.0;46587.0;12.0;[reg, sid, ban, sec, men, med, sum, aci, bet, mmm, hhh, aei]
78.198026;11.0;12987.0;12987.0;165717.0;46581.0;11.0;[reg, sid, ban, sec, men, med, sum, max, aci, hfq, htp]
78.176202;11.0;13000.0;13000.0;165704.0;46568.0;13.0;[reg, sid, ban, sec, men, med, sum, max, aci, mmm, htp, hhh, aei]
78.145984;11.0;13018.0;13018.0;165686.0;46550.0;12.0;[reg, sid, ban, sec, men, med, sum, max, aci, bet, mmm, aei]
78.100658;11.0;13045.0;13045.0;165659.0;46523.0;10.0;[reg, sid, ban, sec, men, med, sum, aci, bet, mmm]
78.062047;11.0;13068.0;13068.0;165636.0;46500.0;11.0;[reg, sid, ban, sec, men, med, sum, aci, bet, mmm, hfq]
78.04358;11.0;13079.0;13079.0;165625.0;46489.0;10.0;[reg, sid, ban, sec, men, med, sum, aci, bet, htp]
78.040223;11.0;13081.0;13081.0;165623.0;46487.0;11.0;[reg, sid, ban, sec, men, med, sum, max, aci, htp, hhh]
78.008327;11.0;13100.0;13100.0;165604.0;46468.0;9.0;[reg, sid, ban, sec, men, med, sum, max, aei]
77.983145;11.0;13115.0;13115.0;165589.0;46453.0;10.0;[reg, sid, ban, sec, men, med, sum, max, aci, bet]
77.897529;11.0;13166.0;13166.0;165538.0;46402.0;13.0;[reg, sid, ban, sec, men, med, sum, max, aci, mmm, hfq, htp, aei]
77.89585;11.0;13167.0;13167.0;165537.0;46401.0;10.0;[reg, sid, ban, sec, men, med, sum, max, aci, bet]
77.887456;11.0;13172.0;13172.0;165532.0;46396.0;13.0;[reg, sid, ban, sec, men, med, sum, max, aci, mmm, hfq, hhh, aei]
77.85556;11.0;13191.0;13191.0;165513.0;46377.0;12.0;[reg, sid, ban, sec, men, med, sum, max, aci, hfq, htp, aei]
77.808555;11.0;13219.0;13219.0;165485.0;46349.0;11.0;[reg, sid, ban, sec, men, med, sum, aci, bet, hhh, aei]
77.73469;11.0;13263.0;13263.0;165441.0;46305.0;11.0;[reg, sid, ban, sec, men, med, sum, aci, bet, mmm, aei]
77.714545;11.0;13275.0;13275.0;165429.0;46293.0;13.0;[reg, sid, ban, sec, men, med, sum, max, aci, mmm, hfq, hhh, aei]
77.702793;11.0;13282.0;13282.0;165422.0;46286.0;12.0;[reg, sid, ban, sec, men, med, sum, aci, mmm, htp, hhh, aei]
77.699436;11.0;13284.0;13284.0;165420.0;46284.0;11.0;[reg, sid, ban, sec, men, med, sum, max, aci, hfq, htp]
77.645716;11.0;13316.0;13316.0;165388.0;46252.0;11.0;[reg, sid, ban, sec, men, med, sum, aci, bet, mmm, hhh]
77.61382;11.0;13335.0;13335.0;165369.0;46233.0;11.0;[reg, sid, ban, sec, men, med, sum, aci, hfq, htp, hhh]
77.568493;11.0;13362.0;13362.0;165342.0;46206.0;11.0;[reg, sid, ban, sec, men, med, sum, aci, htp, hhh, aei]
77.471125;11.0;13420.0;13420.0;165284.0;46148.0;11.0;[reg, sid, ban, sec, men, med, sum, max, aci, htp, hhh]
77.43755;11.0;13440.0;13440.0;165264.0;46128.0;12.0;[reg, sid, ban, sec, men, med, sum, aci, mmm, hfq, htp, hhh]
77.367043;11.0;13482.0;13482.0;165222.0;46086.0;10.0;[reg, sid, ban, sec, men, med, sum, aci, bet, hfq]
77.336825;11.0;13500.0;13500.0;165204.0;46068.0;12.0;[reg, sid, ban, sec, men, med, sum, aci, bet, mmm, hfq, htp]
77.311644;11.0;13515.0;13515.0;165189.0;46053.0;11.0;[reg, sid, ban, sec, men, med, sum, aci, mmm, htp, aei]
77.288141;11.0;13529.0;13529.0;165175.0;46039.0;10.0;[reg, sid, ban, sec, men, med, sum, aci, htp, hhh]
77.158877;11.0;13606.0;13606.0;165098.0;45962.0;10.0;[reg, sid, ban, sec, men, med, sum, aci, hfq, htp]
77.038007;11.0;13678.0;13678.0;165026.0;45890.0;11.0;[reg, sid, ban, sec, men, med, sum, aci, htp, hhh, aei]
76.873489;11.0;13776.0;13776.0;164928.0;45792.0;12.0;[reg, sid, ban, sec, men, med, sum, max, aci, hfq, hhh, aei]
76.861738;11.0;13783.0;13783.0;164921.0;45785.0;12.0;[reg, sid, ban, sec, men, med, sum, aci, hfq, htp, hhh, aei]
76.809696;11.0;13814.0;13814.0;164890.0;45754.0;11.0;[reg, sid, ban, sec, men, med, sum, aci, hfq, hhh, aei]
76.7778;11.0;13833.0;13833.0;164871.0;45735.0;11.0;[reg, sid, ban, sec, men, med, sum, aci, mmm, hhh, aei]
76.695541;11.0;13882.0;13882.0;164822.0;45686.0;11.0;[reg, sid, ban, sec, men, med, sum, aci, hfq, htp, aei]
76.6435;11.0;13913.0;13913.0;164791.0;45655.0;12.0;[reg, sid, ban, sec, men, med, sum, max, aci, mmm, hfq, htp]
76.636785;11.0;13917.0;13917.0;164787.0;45651.0;11.0;[reg, sid, ban, sec, men, med, sum, max, aci, hfq, hhh]
76.625034;11.0;13924.0;13924.0;164780.0;45644.0;12.0;[reg, sid, ban, sec, men, med, sum, aci, mmm, hfq, htp, aei]
76.611604;11.0;13932.0;13932.0;164772.0;45636.0;12.0;[reg, sid, ban, sec, men, med, sum, aci, bet, hfq, hhh, aei]
76.485697;11.0;14007.0;14007.0;164697.0;45561.0;10.0;[reg, sid, ban, sec, men, med, sum, aci, hfq, htp]
76.48234;11.0;14009.0;14009.0;164695.0;45559.0;11.0;[reg, sid, ban, sec, men, med, sum, max, aci, hhh, aei]
76.458837;11.0;14023.0;14023.0;164681.0;45545.0;11.0;[reg, sid, ban, sec, men, med, sum, aci, hfq, htp, hhh]
76.452122;11.0;14027.0;14027.0;164677.0;45541.0;9.0;[reg, sid, ban, sec, men, med, sum, max, hfq]
76.274174;11.0;14133.0;14133.0;164571.0;45435.0;11.0;[reg, sid, ban, sec, men, med, sum, aci, mmm, hfq, htp]
76.26578;11.0;14138.0;14138.0;164566.0;45430.0;13.0;[reg, sid, ban, sec, men, med, sum, max, aci, mmm, hfq, htp, hhh]
76.175128;11.0;14192.0;14192.0;164512.0;45376.0;10.0;[reg, sid, ban, sec, men, med, sum, aci, htp, hhh]
76.17177;11.0;14194.0;14194.0;164510.0;45374.0;11.0;[reg, sid, ban, sec, men, med, sum, aci, hfq, htp, aei]
76.11805;11.0;14226.0;14226.0;164478.0;45342.0;12.0;[reg, sid, ban, sec, men, med, sum, max, aci, hfq, hhh, aei]
76.013967;11.0;14288.0;14288.0;164416.0;45280.0;12.0;[reg, sid, ban, sec, men, med, sum, max, aci, hfq, htp, hhh]
76.008931;11.0;14291.0;14291.0;164413.0;45277.0;12.0;[reg, sid, ban, sec, men, med, sum, max, aci, mmm, hfq, hhh]
75.802444;11.0;14414.0;14414.0;164290.0;45154.0;10.0;[reg, sid, ban, sec, men, med, sum, aci, mmm, hhh]
75.678216;11.0;14488.0;14488.0;164216.0;45080.0;11.0;[reg, sid, ban, sec, men, med, sum, aci, mmm, hfq, hhh]
75.5926;11.0;14539.0;14539.0;164165.0;45029.0;11.0;[reg, sid, ban, sec, men, med, sum, aci, mmm, htp, hhh]
75.381077;11.0;14665.0;14665.0;164039.0;44903.0;11.0;[reg, sid, ban, sec, men, med, sum, max, aci, hfq, aei]
75.265243;11.0;14734.0;14734.0;163970.0;44834.0;11.0;[reg, sid, ban, sec, men, med, sum, max, aci, mmm, htp]
75.219917;11.0;14761.0;14761.0;163943.0;44807.0;12.0;[reg, sid, ban, sec, men, med, sum, aci, mmm, hfq, hhh, aei]
75.184663;11.0;14782.0;14782.0;163922.0;44786.0;11.0;[reg, sid, ban, sec, men, med, sum, max, aci, hfq, aei]
75.082259;11.0;14843.0;14843.0;163861.0;44725.0;12.0;[reg, sid, ban, sec, men, med, sum, aci, mmm, hfq, hhh, aei]
75.08058;11.0;14844.0;14844.0;163860.0;44724.0;9.0;[reg, sid, ban, sec, men, med, sum, mmm, aei]
74.98657;11.0;14900.0;14900.0;163804.0;44668.0;10.0;[reg, sid, ban, sec, men, med, sum, aci, mmm, hfq]
74.963067;11.0;14914.0;14914.0;163790.0;44654.0;11.0;[reg, sid, ban, sec, men, med, sum, aci, mmm, htp, hhh]
74.890881;11.0;14957.0;14957.0;163747.0;44611.0;11.0;[reg, sid, ban, sec, men, med, sum, max, aci, hfq, hhh]
74.766653;11.0;15031.0;15031.0;163673.0;44537.0;13.0;[reg, sid, ban, sec, men, med, sum, max, aci, mmm, htp, hhh, aei]
74.739793;11.0;15047.0;15047.0;163657.0;44521.0;10.0;[reg, sid, ban, sec, men, med, sum, aci, hfq, hhh]
74.733078;11.0;15051.0;15051.0;163653.0;44517.0;11.0;[reg, sid, ban, sec, men, med, sum, aci, hfq, hhh, aei]
74.602135;11.0;15129.0;15129.0;163575.0;44439.0;9.0;[reg, sid, ban, sec, men, med, sum, aci, htp]
74.548415;11.0;15161.0;15161.0;163543.0;44407.0;11.0;[reg, sid, ban, sec, men, med, sum, aci, hfq, htp, aei]
74.52827;11.0;15173.0;15173.0;163531.0;44395.0;11.0;[reg, sid, ban, sec, men, med, sum, max, aci, hhh, aei]
74.368789;11.0;15268.0;15268.0;163436.0;44300.0;9.0;[reg, sid, ban, sec, men, med, sum, aci, hhh]
74.35368;11.0;15277.0;15277.0;163427.0;44291.0;12.0;[reg, sid, ban, sec, men, med, sum, max, aci, mmm, hhh, aei]
74.320105;11.0;15297.0;15297.0;163407.0;44271.0;11.0;[reg, sid, ban, sec, men, med, sum, max, hfq, hhh, aei]
74.31339;11.0;15301.0;15301.0;163403.0;44267.0;12.0;[reg, sid, ban, sec, men, med, sum, max, aci, mmm, htp, hhh]
74.303317;11.0;15307.0;15307.0;163397.0;44261.0;10.0;[reg, sid, ban, sec, men, med, sum, aci, mmm, hfq]
74.249597;11.0;15339.0;15339.0;163365.0;44229.0;12.0;[reg, sid, ban, sec, men, med, sum, aci, bet, mmm, hfq, hhh]
74.148872;11.0;15399.0;15399.0;163305.0;44169.0;10.0;[reg, sid, ban, sec, men, med, sum, aci, hfq, aei]
74.110261;11.0;15422.0;15422.0;163282.0;44146.0;12.0;[reg, sid, ban, sec, men, med, sum, aci, mmm, hfq, htp, aei]
74.009535;11.0;15482.0;15482.0;163222.0;44086.0;10.0;[reg, sid, ban, sec, men, med, sum, max, aci, htp]
73.957494;11.0;15513.0;15513.0;163191.0;44055.0;10.0;[reg, sid, ban, sec, men, med, sum, max, aci, mmm]
73.950779;11.0;15517.0;15517.0;163187.0;44051.0;11.0;[reg, sid, ban, sec, men, med, sum, aci, hfq, hhh, aei]
73.866841;11.0;15567.0;15567.0;163137.0;44001.0;10.0;[reg, sid, ban, sec, men, med, sum, max, aci, hfq]
73.851732;11.0;15576.0;15576.0;163128.0;43992.0;12.0;[reg, sid, ban, sec, men, med, sum, max, aci, mmm, hfq, hhh]
73.781225;11.0;15618.0;15618.0;163086.0;43950.0;11.0;[reg, sid, ban, sec, men, med, sum, max, aci, mmm, htp]
73.766116;11.0;15627.0;15627.0;163077.0;43941.0;13.0;[reg, sid, ban, sec, men, med, sum, max, aci, mmm, hfq, hhh, aei]
73.76108;11.0;15630.0;15630.0;163074.0;43938.0;11.0;[reg, sid, ban, sec, men, med, sum, aci, htp, hhh, aei]
73.72079;11.0;15654.0;15654.0;163050.0;43914.0;12.0;[reg, sid, ban, sec, men, med, sum, max, aci, mmm, htp, hhh]
73.66707;11.0;15686.0;15686.0;163018.0;43882.0;12.0;[reg, sid, ban, sec, men, med, sum, max, aci, hfq, hhh, aei]
73.626779;11.0;15710.0;15710.0;162994.0;43858.0;12.0;[reg, sid, ban, sec, men, med, sum, max, aci, mmm, hfq, aei]
73.609992;11.0;15720.0;15720.0;162984.0;43848.0;12.0;[reg, sid, ban, sec, men, med, sum, aci, mmm, hfq, htp, hhh]
73.584811;11.0;15735.0;15735.0;162969.0;43833.0;10.0;[reg, sid, ban, sec, men, med, sum, max, aci, htp]
73.557951;11.0;15751.0;15751.0;162953.0;43817.0;11.0;[reg, sid, ban, sec, men, med, sum, max, aci, hfq, hhh]
73.502552;11.0;15784.0;15784.0;162920.0;43784.0;9.0;[reg, sid, ban, sec, men, med, sum, max, aci]
73.460583;11.0;15809.0;15809.0;162895.0;43759.0;11.0;[reg, sid, ban, sec, men, med, sum, max, aci, hfq, aei]
73.361536;11.0;15868.0;15868.0;162836.0;43700.0;11.0;[reg, sid, ban, sec, men, med, sum, max, aci, mmm, hfq]
73.34307;11.0;15879.0;15879.0;162825.0;43689.0;10.0;[reg, sid, ban, sec, men, med, sum, aci, hhh, aei]
73.296065;11.0;15907.0;15907.0;162797.0;43661.0;10.0;[reg, sid, ban, sec, men, med, sum, aci, htp, hhh]
73.274241;11.0;15920.0;15920.0;162784.0;43648.0;10.0;[reg, sid, ban, sec, men, med, sum, max, aci, aei]
73.153371;11.0;15992.0;15992.0;162712.0;43576.0;12.0;[reg, sid, ban, sec, men, med, sum, max, aci, htp, hhh, aei]
73.153371;11.0;15992.0;15992.0;162712.0;43576.0;11.0;[reg, sid, ban, sec, men, med, sum, max, aci, mmm, aei]
73.119796;11.0;16012.0;16012.0;162692.0;43556.0;10.0;[reg, sid, ban, sec, men, med, sum, aci, htp, aei]
73.089578;11.0;16030.0;16030.0;162674.0;43538.0;9.0;[reg, sid, ban, sec, men, med, sum, hfq, aei]
73.0879;11.0;16031.0;16031.0;162673.0;43537.0;11.0;[reg, sid, ban, sec, men, med, sum, max, aci, hfq, htp]
73.015713;11.0;16074.0;16074.0;162630.0;43494.0;11.0;[reg, sid, ban, sec, men, med, sum, max, aci, mmm, hfq]
72.980459;11.0;16095.0;16095.0;162609.0;43473.0;11.0;[reg, sid, ban, sec, men, med, sum, max, aci, htp, hhh]
72.940169;11.0;16119.0;16119.0;162585.0;43449.0;10.0;[reg, sid, ban, sec, men, med, sum, max, aci, hhh]
72.846159;11.0;16175.0;16175.0;162529.0;43393.0;11.0;[reg, sid, ban, sec, men, med, sum, max, aci, hhh, aei]
72.837765;11.0;16180.0;16180.0;162524.0;43388.0;12.0;[reg, sid, ban, sec, men, med, sum, aci, mmm, hfq, htp, aei]
72.810905;11.0;16196.0;16196.0;162508.0;43372.0;10.0;[reg, sid, ban, sec, men, med, sum, max, aci, hfq]
72.75047;11.0;16232.0;16232.0;162472.0;43336.0;11.0;[reg, sid, ban, sec, men, med, sum, max, aci, mmm, aei]
72.738719;11.0;16239.0;16239.0;162465.0;43329.0;12.0;[reg, sid, ban, sec, men, med, sum, max, aci, mmm, hfq, aei]
72.732004;11.0;16243.0;16243.0;162461.0;43325.0;11.0;[reg, sid, ban, sec, men, med, sum, aci, mmm, hhh, aei]
72.708501;11.0;16257.0;16257.0;162447.0;43311.0;11.0;[reg, sid, ban, sec, men, med, sum, aci, mmm, hfq, hhh]
72.632957;11.0;16302.0;16302.0;162402.0;43266.0;10.0;[reg, sid, ban, sec, men, med, sum, max, aci, mmm]
72.632957;11.0;16302.0;16302.0;162402.0;43266.0;11.0;[reg, sid, ban, sec, men, med, sum, aci, mmm, hfq, htp]
72.6296;11.0;16304.0;16304.0;162400.0;43264.0;11.0;[reg, sid, ban, sec, men, med, sum, aci, mmm, hfq, htp]
72.569165;11.0;16340.0;16340.0;162364.0;43228.0;10.0;[reg, sid, ban, sec, men, med, sum, aci, mmm, hfq]
72.542305;11.0;16356.0;16356.0;162348.0;43212.0;9.0;[reg, sid, ban, sec, men, med, sum, aci, aei]
72.53559;11.0;16360.0;16360.0;162344.0;43208.0;12.0;[reg, sid, ban, sec, men, med, sum, max, aci, mmm, htp, aei]
72.523838;11.0;16367.0;16367.0;162337.0;43201.0;10.0;[reg, sid, ban, sec, men, med, sum, max, aci, aei]
72.515445;11.0;16372.0;16372.0;162332.0;43196.0;12.0;[reg, sid, ban, sec, men, med, sum, max, aci, mmm, hfq, htp]
72.491942;11.0;16386.0;16386.0;162318.0;43182.0;13.0;[reg, sid, ban, sec, men, med, sum, max, aci, hfq, htp, hhh, aei]
72.434864;11.0;16420.0;16420.0;162284.0;43148.0;9.0;[reg, sid, ban, sec, men, med, sum, aci, hfq]
72.367714;11.0;16460.0;16460.0;162244.0;43108.0;9.0;[reg, sid, ban, sec, men, med, sum, max, aci]
72.364357;11.0;16462.0;16462.0;162242.0;43106.0;11.0;[reg, sid, ban, sec, men, med, sum, aci, mmm, hfq, aei]
72.320709;11.0;16488.0;16488.0;162216.0;43080.0;9.0;[reg, sid, ban, sec, men, med, sum, aci, hfq]
72.261953;11.0;16523.0;16523.0;162181.0;43045.0;12.0;[reg, sid, ban, sec, men, med, sum, max, aci, mmm, hhh, aei]
72.260274;11.0;16524.0;16524.0;162180.0;43044.0;9.0;[reg, sid, ban, sec, men, med, sum, aci, hhh]
72.258595;11.0;16525.0;16525.0;162179.0;43043.0;11.0;[reg, sid, ban, sec, men, med, sum, max, aci, mmm, hhh]
72.250201;11.0;16530.0;16530.0;162174.0;43038.0;13.0;[reg, sid, ban, sec, men, med, sum, max, aci, mmm, hfq, htp, hhh]
72.231735;11.0;16541.0;16541.0;162163.0;43027.0;10.0;[reg, sid, ban, sec, men, med, sum, max, aci, hhh]
72.213269;11.0;16552.0;16552.0;162152.0;43016.0;9.0;[reg, sid, ban, sec, men, med, sum, aci, aei]
72.109186;11.0;16614.0;16614.0;162090.0;42954.0;12.0;[reg, sid, ban, sec, men, med, sum, max, aci, mmm, hfq, htp]
72.09072;11.0;16625.0;16625.0;162079.0;42943.0;11.0;[reg, sid, ban, sec, men, med, sum, max, aci, mmm, hhh]
72.042036;11.0;16654.0;16654.0;162050.0;42914.0;11.0;[reg, sid, ban, sec, men, med, sum, max, aci, mmm, htp]
71.973207;11.0;16695.0;16695.0;162009.0;42873.0;12.0;[reg, sid, ban, sec, men, med, sum, max, aci, mmm, htp, aei]
71.916129;11.0;16729.0;16729.0;161975.0;42839.0;12.0;[reg, sid, ban, sec, men, med, sum, aci, mmm, htp, hhh, aei]
71.892627;11.0;16743.0;16743.0;161961.0;42825.0;12.0;[reg, sid, ban, sec, men, med, sum, max, aci, mmm, hhh, aei]
71.832192;11.0;16779.0;16779.0;161925.0;42789.0;11.0;[reg, sid, ban, sec, men, med, sum, aci, mmm, htp, hhh]
71.791902;11.0;16803.0;16803.0;161901.0;42765.0;9.0;[reg, sid, ban, sec, men, med, sum, max, mmm]
71.768399;11.0;16817.0;16817.0;161887.0;42751.0;10.0;[reg, sid, ban, sec, men, med, sum, aci, hhh, aei]
71.741539;11.0;16833.0;16833.0;161871.0;42735.0;12.0;[reg, sid, ban, sec, men, med, sum, max, aci, hfq, htp, aei]
71.676068;11.0;16872.0;16872.0;161832.0;42696.0;9.0;[reg, sid, ban, sec, men, med, sum, aci, mmm]
71.655923;11.0;16884.0;16884.0;161820.0;42684.0;11.0;[reg, sid, ban, sec, men, med, sum, aci, mmm, hfq, aei]
71.615633;11.0;16908.0;16908.0;161796.0;42660.0;11.0;[reg, sid, ban, sec, men, med, sum, aci, mmm, hfq, aei]
71.615633;11.0;16908.0;16908.0;161796.0;42660.0;8.0;[reg, sid, ban, sec, men, med, sum, aei]
71.588772;11.0;16924.0;16924.0;161780.0;42644.0;10.0;[reg, sid, ban, sec, men, med, sum, max, aci, hhh]
71.571985;11.0;16934.0;16934.0;161770.0;42634.0;12.0;[reg, sid, ban, sec, men, med, sum, max, aci, hfq, htp, hhh]
71.563591;11.0;16939.0;16939.0;161765.0;42629.0;9.0;[reg, sid, ban, sec, men, med, sum, aci, aei]
71.528337;11.0;16960.0;16960.0;161744.0;42608.0;10.0;[reg, sid, ban, sec, men, med, sum, aci, hfq, aei]
71.51155;11.0;16970.0;16970.0;161734.0;42598.0;10.0;[reg, sid, ban, sec, men, med, sum, aci, mmm, htp]
71.51155;11.0;16970.0;16970.0;161734.0;42598.0;10.0;[reg, sid, ban, sec, men, med, sum, aci, mmm, aei]
71.488047;11.0;16984.0;16984.0;161720.0;42584.0;10.0;[reg, sid, ban, sec, men, med, sum, max, aci, htp]
71.479654;11.0;16989.0;16989.0;161715.0;42579.0;8.0;[reg, sid, ban, sec, men, med, sum, max]
71.467902;11.0;16996.0;16996.0;161708.0;42572.0;10.0;[reg, sid, ban, sec, men, med, sum, aci, hfq, hhh]
71.385643;11.0;17045.0;17045.0;161659.0;42523.0;8.0;[reg, sid, ban, sec, men, med, sum, hhh]
71.383965;11.0;17046.0;17046.0;161658.0;42522.0;9.0;[reg, sid, ban, sec, men, med, sum, max, mmm]
71.358783;11.0;17061.0;17061.0;161643.0;42507.0;11.0;[reg, sid, ban, sec, men, med, sum, max, aci, mmm, aei]
71.247985;11.0;17127.0;17127.0;161577.0;42441.0;10.0;[reg, sid, ban, sec, men, med, sum, aci, mmm, htp]
71.189229;11.0;17162.0;17162.0;161542.0;42406.0;10.0;[reg, sid, ban, sec, men, med, sum, aci, hfq, aei]
71.185872;11.0;17164.0;17164.0;161540.0;42404.0;11.0;[reg, sid, ban, sec, men, med, sum, max, htp, hhh, aei]
71.152297;11.0;17184.0;17184.0;161520.0;42384.0;10.0;[reg, sid, ban, sec, men, med, sum, aci, mmm, hhh]
71.122079;11.0;17202.0;17202.0;161502.0;42366.0;12.0;[reg, sid, ban, sec, men, med, sum, aci, mmm, hfq, hhh, aei]
71.068359;11.0;17234.0;17234.0;161470.0;42334.0;8.0;[reg, sid, ban, sec, men, med, sum, aci]
70.977706;11.0;17288.0;17288.0;161416.0;42280.0;10.0;[reg, sid, ban, sec, men, med, sum, aci, mmm, aei]
70.910556;11.0;17328.0;17328.0;161376.0;42240.0;12.0;[reg, sid, ban, sec, men, med, sum, max, aci, mmm, hfq, hhh]
70.90552;11.0;17331.0;17331.0;161373.0;42237.0;11.0;[reg, sid, ban, sec, men, med, sum, max, aci, mmm, hfq]
70.86523;11.0;17355.0;17355.0;161349.0;42213.0;8.0;[reg, sid, ban, sec, men, med, sum, max]
70.640277;11.0;17489.0;17489.0;161215.0;42079.0;9.0;[reg, sid, ban, sec, men, med, sum, max, aci]
70.522764;11.0;17559.0;17559.0;161145.0;42009.0;11.0;[reg, sid, ban, sec, men, med, sum, max, aci, mmm, hhh]
70.445541;11.0;17605.0;17605.0;161099.0;41963.0;10.0;[reg, sid, ban, sec, men, med, sum, aci, mmm, aei]
70.443862;11.0;17606.0;17606.0;161098.0;41962.0;10.0;[reg, sid, ban, sec, men, med, sum, aci, htp, aei]
70.432111;11.0;17613.0;17613.0;161091.0;41955.0;11.0;[reg, sid, ban, sec, men, med, sum, max, aci, htp, aei]
70.391821;11.0;17637.0;17637.0;161067.0;41931.0;9.0;[reg, sid, ban, sec, men, med, sum, aci, hhh]
70.376712;11.0;17646.0;17646.0;161058.0;41922.0;9.0;[reg, sid, ban, sec, men, med, sum, aci, mmm]
70.33978;11.0;17668.0;17668.0;161036.0;41900.0;8.0;[reg, sid, ban, sec, men, med, sum, aci]
70.304526;11.0;17689.0;17689.0;161015.0;41879.0;8.0;[reg, sid, ban, sec, men, med, sum, mmm]
70.277666;11.0;17705.0;17705.0;160999.0;41863.0;10.0;[reg, sid, ban, sec, men, med, sum, aci, hfq, hhh]
70.260878;11.0;17715.0;17715.0;160989.0;41853.0;9.0;[reg, sid, ban, sec, men, med, sum, aci, mmm]
70.151759;11.0;17780.0;17780.0;160924.0;41788.0;10.0;[reg, sid, ban, sec, men, med, sum, max, aci, aei]
70.140008;11.0;17787.0;17787.0;160917.0;41781.0;8.0;[reg, sid, ban, sec, men, med, sum, aci]
70.022495;11.0;17857.0;17857.0;160847.0;41711.0;10.0;[reg, sid, ban, sec, men, med, sum, max, aci, hfq]
70.009065;11.0;17865.0;17865.0;160839.0;41703.0;8.0;[reg, sid, ban, sec, men, med, sum, mmm]
69.953666;11.0;17898.0;17898.0;160806.0;41670.0;10.0;[reg, sid, ban, sec, men, med, sum, aci, hhh, aei]
69.940236;11.0;17906.0;17906.0;160798.0;41662.0;11.0;[reg, sid, ban, sec, men, med, sum, aci, mmm, hhh, aei]
69.794185;11.0;17993.0;17993.0;160711.0;41575.0;11.0;[reg, sid, ban, sec, men, med, sum, aci, mmm, hfq, hhh]
69.77404;11.0;18005.0;18005.0;160699.0;41563.0;10.0;[reg, sid, ban, sec, men, med, sum, max, mmm, aei]
69.730392;11.0;18031.0;18031.0;160673.0;41537.0;8.0;[reg, sid, ban, sec, men, med, sum, mmm]
69.644776;11.0;18082.0;18082.0;160622.0;41486.0;10.0;[reg, sid, ban, sec, men, med, sum, mmm, hfq, htp]
69.547408;11.0;18140.0;18140.0;160564.0;41428.0;11.0;[reg, sid, ban, sec, men, med, sum, max, mmm, htp, aei]
69.51719;11.0;18158.0;18158.0;160546.0;41410.0;10.0;[reg, sid, ban, sec, men, med, sum, max, mmm, hfq]
69.391284;11.0;18233.0;18233.0;160471.0;41335.0;11.0;[reg, sid, ban, sec, men, med, sum, mmm, hfq, htp, hhh]
69.352673;11.0;18256.0;18256.0;160448.0;41312.0;9.0;[reg, sid, ban, sec, men, med, sum, max, aei]
69.3426;11.0;18262.0;18262.0;160442.0;41306.0;11.0;[reg, sid, ban, sec, men, med, sum, max, mmm, hfq, htp]
69.324134;11.0;18273.0;18273.0;160431.0;41295.0;11.0;[reg, sid, ban, sec, men, med, sum, max, mmm, hhh, aei]
69.303989;11.0;18285.0;18285.0;160419.0;41283.0;10.0;[reg, sid, ban, sec, men, med, sum, hfq, htp, hhh]
69.258662;11.0;18312.0;18312.0;160392.0;41256.0;12.0;[reg, sid, ban, sec, men, med, sum, max, mmm, hfq, hhh, aei]
69.246911;11.0;18319.0;18319.0;160385.0;41249.0;11.0;[reg, sid, ban, sec, men, med, sum, max, hfq, htp, aei]
69.245232;11.0;18320.0;18320.0;160384.0;41248.0;10.0;[reg, sid, ban, sec, men, med, sum, max, hfq, hhh]
69.23516;11.0;18326.0;18326.0;160378.0;41242.0;11.0;[reg, sid, ban, sec, men, med, sum, max, mmm, htp, hhh]
69.220051;11.0;18335.0;18335.0;160369.0;41233.0;10.0;[reg, sid, ban, sec, men, med, sum, mmm, htp, hhh]
69.203263;11.0;18345.0;18345.0;160359.0;41223.0;8.0;[reg, sid, ban, sec, men, med, sum, aei]
69.151222;11.0;18376.0;18376.0;160328.0;41192.0;9.0;[reg, sid, ban, sec, men, med, sum, mmm, hhh]
69.151222;11.0;18376.0;18376.0;160328.0;41192.0;12.0;[reg, sid, ban, sec, men, med, sum, mmm, hfq, htp, hhh, aei]
69.142828;11.0;18381.0;18381.0;160323.0;41187.0;12.0;[reg, sid, ban, sec, men, med, sum, max, mmm, hfq, htp, hhh]
69.119326;11.0;18395.0;18395.0;160309.0;41173.0;10.0;[reg, sid, ban, sec, men, med, sum, aci, mmm, hhh]
69.119326;11.0;18395.0;18395.0;160309.0;41173.0;9.0;[reg, sid, ban, sec, men, med, sum, mmm, hfq]
69.070642;11.0;18424.0;18424.0;160280.0;41144.0;9.0;[reg, sid, ban, sec, men, med, sum, max, hhh]
69.065606;11.0;18427.0;18427.0;160277.0;41141.0;11.0;[reg, sid, ban, sec, men, med, sum, hfq, htp, hhh, aei]
69.062248;11.0;18429.0;18429.0;160275.0;41139.0;8.0;[reg, sid, ban, sec, men, med, sum, htp]
69.057212;11.0;18432.0;18432.0;160272.0;41136.0;9.0;[reg, sid, ban, sec, men, med, sum, hhh, aei]
69.052176;11.0;18435.0;18435.0;160269.0;41133.0;10.0;[reg, sid, ban, sec, men, med, sum, hfq, hhh, aei]
69.003492;11.0;18464.0;18464.0;160240.0;41104.0;10.0;[reg, sid, ban, sec, men, med, sum, max, mmm, htp]
68.929627;11.0;18508.0;18508.0;160196.0;41060.0;10.0;[reg, sid, ban, sec, men, med, sum, mmm, hhh, aei]
68.926269;11.0;18510.0;18510.0;160194.0;41058.0;10.0;[reg, sid, ban, sec, men, med, sum, mmm, htp, aei]
68.917875;11.0;18515.0;18515.0;160189.0;41053.0;10.0;[reg, sid, ban, sec, men, med, sum, max, hfq, htp]
68.899409;11.0;18526.0;18526.0;160178.0;41042.0;10.0;[reg, sid, ban, sec, men, med, sum, max, mmm, hhh]
68.855761;11.0;18552.0;18552.0;160152.0;41016.0;10.0;[reg, sid, ban, sec, men, med, sum, max, hhh, aei]
68.850725;11.0;18555.0;18555.0;160149.0;41013.0;9.0;[reg, sid, ban, sec, men, med, sum, max, mmm]
68.833938;11.0;18565.0;18565.0;160139.0;41003.0;8.0;[reg, sid, ban, sec, men, med, sum, max]
68.80372;11.0;18583.0;18583.0;160121.0;40985.0;11.0;[reg, sid, ban, sec, men, med, sum, mmm, hfq, htp, aei]
68.79029;11.0;18591.0;18591.0;160113.0;40977.0;9.0;[reg, sid, ban, sec, men, med, sum, aci, hfq]
68.751679;11.0;18614.0;18614.0;160090.0;40954.0;11.0;[reg, sid, ban, sec, men, med, sum, mmm, hfq, hhh, aei]
68.744964;11.0;18618.0;18618.0;160086.0;40950.0;11.0;[reg, sid, ban, sec, men, med, sum, max, hfq, htp, hhh]
68.694601;11.0;18648.0;18648.0;160056.0;40920.0;10.0;[reg, sid, ban, sec, men, med, sum, mmm, hfq, hhh]
68.640881;11.0;18680.0;18680.0;160024.0;40888.0;10.0;[reg, sid, ban, sec, men, med, sum, max, htp, hhh]
68.506581;11.0;18760.0;18760.0;159944.0;40808.0;9.0;[reg, sid, ban, sec, men, med, sum, max, htp]
68.484757;11.0;18773.0;18773.0;159931.0;40795.0;11.0;[reg, sid, ban, sec, men, med, sum, max, mmm, hfq, aei]
68.454539;11.0;18791.0;18791.0;159913.0;40777.0;9.0;[reg, sid, ban, sec, men, med, sum, aci, htp]
68.384032;11.0;18833.0;18833.0;159871.0;40735.0;11.0;[reg, sid, ban, sec, men, med, sum, aci, mmm, htp, aei]
68.321918;11.0;18870.0;18870.0;159834.0;40698.0;10.0;[reg, sid, ban, sec, men, med, sum, max, aci, mmm]
