MODEL;AC;EPOCHS;FN;FP;TN;TP;NUM_METRICS;Precision;Recall;F1;INDICES
LSTM_CNN;97.552377;11.0;1458.0;1458.0;177246.0;58110.0;13.0;97.552;97.552;97.552;[reg, sid, ban, sec, men, med, sum, max, mmm, hfq, htp, hhh, aei]
ParallelCNNLSTMModel;96.914451;11.0;1838.0;1838.0;176866.0;57730.0;13.0;96.914;96.914;96.914;[reg, sid, ban, sec, men, med, sum, max, mmm, hfq, htp, hhh, aei]
LSTM_CNN;96.536731;11.0;2063.0;2063.0;176641.0;57505.0;13.0;96.537;96.537;96.537;[reg, sid, ban, sec, men, med, sum, bet, mmm, hfq, htp, hhh, aei]
CNN_LSTM;96.464545;11.0;2106.0;2106.0;176598.0;57462.0;12.0;96.465;96.465;96.465;[reg, sid, ban, sec, men, med, sum, max, bet, htp, hhh, aei]
ParallelCNNLSTMModel;96.331923;11.0;2185.0;2185.0;176519.0;57383.0;9.0;96.332;96.332;96.332;[reg, sid, ban, sec, men, med, sum, max, htp]
CNN_LSTM;96.130473;11.0;2305.0;2305.0;176399.0;57263.0;13.0;96.13;96.13;96.13;[reg, sid, ban, sec, men, med, sum, bet, mmm, hfq, htp, hhh, aei]
ParallelCNNLSTMModel;96.058286;11.0;2348.0;2348.0;176356.0;57220.0;11.0;96.058;96.058;96.058;[reg, sid, ban, sec, men, med, sum, max, mmm, hfq, htp]
ParallelCNNLSTMModel;96.001209;11.0;2382.0;2382.0;176322.0;57186.0;12.0;96.001;96.001;96.001;[reg, sid, ban, sec, men, med, sum, max, mmm, hfq, htp, aei]
CNN_LSTM;95.766183;11.0;2522.0;2522.0;176182.0;57046.0;12.0;95.766;95.766;95.766;[reg, sid, ban, sec, men, med, sum, bet, mmm, hfq, htp, aei]
ParallelCNNLSTMModel;95.722536;11.0;2548.0;2548.0;176156.0;57020.0;11.0;95.723;95.723;95.723;[reg, sid, ban, sec, men, med, sum, bet, mmm, htp, hhh]
ParallelCNNLSTMModel;95.710784;11.0;2555.0;2555.0;176149.0;57013.0;11.0;95.711;95.711;95.711;[reg, sid, ban, sec, men, med, sum, max, bet, htp, aei]
LSTM_CNN;95.670494;11.0;2579.0;2579.0;176125.0;56989.0;10.0;95.67;95.67;95.67;[reg, sid, ban, sec, men, med, sum, bet, hfq, htp]
ParallelCNNLSTMModel;95.630204;11.0;2603.0;2603.0;176101.0;56965.0;11.0;95.63;95.63;95.63;[reg, sid, ban, sec, men, med, sum, max, bet, mmm, htp]
LSTM_CNN;95.603344;11.0;2619.0;2619.0;176085.0;56949.0;10.0;95.603;95.603;95.603;[reg, sid, ban, sec, men, med, sum, bet, mmm, htp]
LSTM_CNN;95.59495;11.0;2624.0;2624.0;176080.0;56944.0;13.0;95.595;95.595;95.595;[reg, sid, ban, sec, men, med, sum, max, bet, mmm, htp, hhh, aei]
ParallelCNNLSTMModel;95.529479;11.0;2663.0;2663.0;176041.0;56905.0;12.0;95.529;95.529;95.529;[reg, sid, ban, sec, men, med, sum, max, bet, mmm, htp, hhh]
ParallelCNNLSTMModel;95.519406;11.0;2669.0;2669.0;176035.0;56899.0;10.0;95.519;95.519;95.519;[reg, sid, ban, sec, men, med, sum, mmm, htp, hhh]
CNN_LSTM;95.51437;11.0;2672.0;2672.0;176032.0;56896.0;14.0;95.514;95.514;95.514;[reg, sid, ban, sec, men, med, sum, max, bet, mmm, hfq, htp, hhh, aei]
LSTM_CNN;95.50094;11.0;2680.0;2680.0;176024.0;56888.0;12.0;95.501;95.501;95.501;[reg, sid, ban, sec, men, med, sum, max, bet, mmm, hfq, htp]
ParallelCNNLSTMModel;95.448899;11.0;2711.0;2711.0;175993.0;56857.0;12.0;95.449;95.449;95.449;[reg, sid, ban, sec, men, med, sum, max, bet, htp, hhh, aei]
ParallelCNNLSTMModel;95.43379;11.0;2720.0;2720.0;175984.0;56848.0;9.0;95.434;95.434;95.434;[reg, sid, ban, sec, men, med, sum, hfq, htp]
ParallelCNNLSTMModel;95.3935;11.0;2744.0;2744.0;175960.0;56824.0;12.0;95.393;95.393;95.393;[reg, sid, ban, sec, men, med, sum, max, bet, mmm, htp, aei]
ParallelCNNLSTMModel;95.309562;11.0;2794.0;2794.0;175910.0;56774.0;9.0;95.31;95.31;95.31;[reg, sid, ban, sec, men, med, sum, mmm, htp]
ParallelCNNLSTMModel;95.292775;11.0;2804.0;2804.0;175900.0;56764.0;10.0;95.293;95.293;95.293;[reg, sid, ban, sec, men, med, sum, max, hfq, htp]
ParallelCNNLSTMModel;95.287738;11.0;2807.0;2807.0;175897.0;56761.0;10.0;95.288;95.288;95.288;[reg, sid, ban, sec, men, med, sum, hfq, htp, hhh]
ParallelCNNLSTMModel;95.282702;11.0;2810.0;2810.0;175894.0;56758.0;8.0;95.283;95.283;95.283;[reg, sid, ban, sec, men, med, sum, htp]
ParallelCNNLSTMModel;95.257521;11.0;2825.0;2825.0;175879.0;56743.0;11.0;95.258;95.258;95.258;[reg, sid, ban, sec, men, med, sum, max, hfq, htp, hhh]
ParallelCNNLSTMModel;95.195407;11.0;2862.0;2862.0;175842.0;56706.0;11.0;95.195;95.195;95.195;[reg, sid, ban, sec, men, med, sum, hfq, htp, hhh, aei]
CNN_LSTM;95.176941;11.0;2873.0;2873.0;175831.0;56695.0;11.0;95.177;95.177;95.177;[reg, sid, ban, sec, men, med, sum, mmm, hfq, htp, aei]
ParallelCNNLSTMModel;95.163511;11.0;2881.0;2881.0;175823.0;56687.0;13.0;95.164;95.164;95.164;[reg, sid, ban, sec, men, med, sum, max, bet, mmm, hfq, htp, hhh]
ParallelCNNLSTMModel;95.150081;11.0;2889.0;2889.0;175815.0;56679.0;10.0;95.15;95.15;95.15;[reg, sid, ban, sec, men, med, sum, max, mmm, htp]
ParallelCNNLSTMModel;95.119863;11.0;2907.0;2907.0;175797.0;56661.0;11.0;95.12;95.12;95.12;[reg, sid, ban, sec, men, med, sum, mmm, hfq, htp, hhh]
ParallelCNNLSTMModel;95.099718;11.0;2919.0;2919.0;175785.0;56649.0;12.0;95.1;95.1;95.1;[reg, sid, ban, sec, men, med, sum, bet, mmm, hfq, htp, hhh]
LSTM_CNN;95.05607;11.0;2945.0;2945.0;175759.0;56623.0;12.0;95.056;95.056;95.056;[reg, sid, ban, sec, men, med, sum, bet, mmm, htp, hhh, aei]
LSTM_CNN;95.039283;11.0;2955.0;2955.0;175749.0;56613.0;9.0;95.039;95.039;95.039;[reg, sid, ban, sec, men, med, sum, mmm, htp]
ParallelCNNLSTMModel;95.017459;11.0;2968.0;2968.0;175736.0;56600.0;10.0;95.017;95.017;95.017;[reg, sid, ban, sec, men, med, sum, hfq, htp, aei]
ParallelCNNLSTMModel;94.945273;11.0;3011.0;3011.0;175693.0;56557.0;10.0;94.945;94.945;94.945;[reg, sid, ban, sec, men, med, sum, bet, htp, hhh]
ParallelCNNLSTMModel;94.938558;11.0;3015.0;3015.0;175689.0;56553.0;10.0;94.939;94.939;94.939;[reg, sid, ban, sec, men, med, sum, bet, hfq, htp]
CNN_LSTM;94.925128;11.0;3023.0;3023.0;175681.0;56545.0;10.0;94.925;94.925;94.925;[reg, sid, ban, sec, men, med, sum, bet, htp, hhh]
LSTM_CNN;94.92177;11.0;3025.0;3025.0;175679.0;56543.0;12.0;94.922;94.922;94.922;[reg, sid, ban, sec, men, med, sum, bet, hfq, htp, hhh, aei]
CNN_LSTM;94.891553;11.0;3043.0;3043.0;175661.0;56525.0;11.0;94.892;94.892;94.892;[reg, sid, ban, sec, men, med, sum, bet, mmm, htp, aei]
ParallelCNNLSTMModel;94.883159;11.0;3048.0;3048.0;175656.0;56520.0;11.0;94.883;94.883;94.883;[reg, sid, ban, sec, men, med, sum, max, bet, hfq, htp]
CNN_LSTM;94.879801;11.0;3050.0;3050.0;175654.0;56518.0;11.0;94.88;94.88;94.88;[reg, sid, ban, sec, men, med, sum, max, bet, htp, aei]
LSTM_CNN;94.849584;11.0;3068.0;3068.0;175636.0;56500.0;12.0;94.85;94.85;94.85;[reg, sid, ban, sec, men, med, sum, max, mmm, htp, hhh, aei]
ParallelCNNLSTMModel;94.797542;11.0;3099.0;3099.0;175605.0;56469.0;13.0;94.798;94.798;94.798;[reg, sid, ban, sec, men, med, sum, max, bet, mmm, hfq, htp, aei]
LSTM_CNN;94.779076;11.0;3110.0;3110.0;175594.0;56458.0;10.0;94.779;94.779;94.779;[reg, sid, ban, sec, men, med, sum, hfq, htp, aei]
CNN_LSTM;94.772361;11.0;3114.0;3114.0;175590.0;56454.0;13.0;94.772;94.772;94.772;[reg, sid, ban, sec, men, med, sum, max, bet, mmm, hfq, htp, hhh]
CNN_LSTM;94.755573;11.0;3124.0;3124.0;175580.0;56444.0;11.0;94.756;94.756;94.756;[reg, sid, ban, sec, men, med, sum, max, bet, htp, hhh]
ParallelCNNLSTMModel;94.740465;11.0;3133.0;3133.0;175571.0;56435.0;10.0;94.74;94.74;94.74;[reg, sid, ban, sec, men, med, sum, max, bet, htp]
CNN_LSTM;94.738786;11.0;3134.0;3134.0;175570.0;56434.0;13.0;94.739;94.739;94.739;[reg, sid, ban, sec, men, med, sum, max, bet, mmm, npp, hhh, aei]
ParallelCNNLSTMModel;94.721998;11.0;3144.0;3144.0;175560.0;56424.0;11.0;94.722;94.722;94.722;[reg, sid, ban, sec, men, med, sum, bet, hfq, htp, aei]
CNN_LSTM;94.70689;11.0;3153.0;3153.0;175551.0;56415.0;11.0;94.707;94.707;94.707;[reg, sid, ban, sec, men, med, sum, bet, mmm, htp, hhh]
LSTM_CNN;94.681708;11.0;3168.0;3168.0;175536.0;56400.0;12.0;94.682;94.682;94.682;[reg, sid, ban, sec, men, med, sum, max, bet, mmm, htp, aei]
CNN_LSTM;94.661563;11.0;3180.0;3180.0;175524.0;56388.0;9.0;94.662;94.662;94.662;[reg, sid, ban, sec, men, med, sum, bet, htp]
ParallelCNNLSTMModel;94.654848;11.0;3184.0;3184.0;175520.0;56384.0;11.0;94.655;94.655;94.655;[reg, sid, ban, sec, men, med, sum, bet, hfq, htp, hhh]
CNN_LSTM;94.651491;11.0;3186.0;3186.0;175518.0;56382.0;10.0;94.651;94.651;94.651;[reg, sid, ban, sec, men, med, sum, mmm, htp, aei]
CNN_LSTM;94.649812;11.0;3187.0;3187.0;175517.0;56381.0;11.0;94.65;94.65;94.65;[reg, sid, ban, sec, men, med, sum, max, mmm, htp, hhh]
ParallelCNNLSTMModel;94.622952;11.0;3203.0;3203.0;175501.0;56365.0;10.0;94.623;94.623;94.623;[reg, sid, ban, sec, men, med, sum, max, htp, hhh]
ParallelCNNLSTMModel;94.612879;11.0;3209.0;3209.0;175495.0;56359.0;11.0;94.613;94.613;94.613;[reg, sid, ban, sec, men, med, sum, max, mmm, htp, hhh]
ParallelCNNLSTMModel;94.572589;11.0;3233.0;3233.0;175471.0;56335.0;13.0;94.573;94.573;94.573;[reg, sid, ban, sec, men, med, sum, max, bet, mmm, npp, hfq, htp]
ParallelCNNLSTMModel;94.565874;11.0;3237.0;3237.0;175467.0;56331.0;9.0;94.566;94.566;94.566;[reg, sid, ban, sec, men, med, sum, htp, hhh]
CNN_LSTM;94.550766;11.0;3246.0;3246.0;175458.0;56322.0;11.0;94.551;94.551;94.551;[reg, sid, ban, sec, men, med, sum, max, bet, npp, hfq]
CNN_LSTM;94.539014;11.0;3253.0;3253.0;175451.0;56315.0;11.0;94.539;94.539;94.539;[reg, sid, ban, sec, men, med, sum, bet, mmm, hfq, htp]
ParallelCNNLSTMModel;94.532299;11.0;3257.0;3257.0;175447.0;56311.0;13.0;94.532;94.532;94.532;[reg, sid, ban, sec, men, med, sum, bet, mmm, hfq, htp, hhh, aei]
CNN_LSTM;94.527263;11.0;3260.0;3260.0;175444.0;56308.0;13.0;94.527;94.527;94.527;[reg, sid, ban, sec, men, med, sum, bet, mmm, npp, hfq, htp, hhh]
CNN_LSTM;94.510475;11.0;3270.0;3270.0;175434.0;56298.0;10.0;94.51;94.51;94.51;[reg, sid, ban, sec, men, med, sum, bet, htp, aei]
CNN_LSTM;94.502082;11.0;3275.0;3275.0;175429.0;56293.0;11.0;94.502;94.502;94.502;[reg, sid, ban, sec, men, med, sum, bet, mmm, npp, hhh]
CNN_LSTM;94.488652;11.0;3283.0;3283.0;175421.0;56285.0;12.0;94.489;94.489;94.489;[reg, sid, ban, sec, men, med, sum, max, bet, mmm, npp, hhh]
CNN_LSTM;94.480258;11.0;3288.0;3288.0;175416.0;56280.0;13.0;94.48;94.48;94.48;[reg, sid, ban, sec, men, med, sum, bet, mmm, npp, hfq, htp, aei]
CNN_LSTM;94.478579;11.0;3289.0;3289.0;175415.0;56279.0;12.0;94.479;94.479;94.479;[reg, sid, ban, sec, men, med, sum, bet, npp, htp, hhh, aei]
LSTM_CNN;94.466828;11.0;3296.0;3296.0;175408.0;56272.0;12.0;94.467;94.467;94.467;[reg, sid, ban, sec, men, med, sum, max, bet, mmm, npp, aei]
ParallelCNNLSTMModel;94.456755;11.0;3302.0;3302.0;175402.0;56266.0;13.0;94.457;94.457;94.457;[reg, sid, ban, sec, men, med, sum, max, bet, npp, hfq, htp, aei]
LSTM_CNN;94.456755;11.0;3302.0;3302.0;175402.0;56266.0;11.0;94.457;94.457;94.457;[reg, sid, ban, sec, men, med, sum, bet, hfq, htp, aei]
ParallelCNNLSTMModel;94.451719;11.0;3305.0;3305.0;175399.0;56263.0;11.0;94.452;94.452;94.452;[reg, sid, ban, sec, men, med, sum, max, bet, npp, hhh]
CNN_LSTM;94.438289;11.0;3313.0;3313.0;175391.0;56255.0;12.0;94.438;94.438;94.438;[reg, sid, ban, sec, men, med, sum, max, bet, mmm, hfq, htp]
CNN_LSTM;94.433253;11.0;3316.0;3316.0;175388.0;56252.0;13.0;94.433;94.433;94.433;[reg, sid, ban, sec, men, med, sum, max, bet, mmm, npp, htp, aei]
CNN_LSTM;94.431574;11.0;3317.0;3317.0;175387.0;56251.0;14.0;94.432;94.432;94.432;[reg, sid, ban, sec, men, med, sum, max, bet, mmm, npp, hfq, htp, hhh]
CNN_LSTM;94.42318;11.0;3322.0;3322.0;175382.0;56246.0;12.0;94.423;94.423;94.423;[reg, sid, ban, sec, men, med, sum, bet, mmm, npp, hfq, aei]
CNN_LSTM;94.418144;11.0;3325.0;3325.0;175379.0;56243.0;14.0;94.418;94.418;94.418;[reg, sid, ban, sec, men, med, sum, max, bet, mmm, npp, htp, hhh, aei]
CNN_LSTM;94.411429;11.0;3329.0;3329.0;175375.0;56239.0;12.0;94.411;94.411;94.411;[reg, sid, ban, sec, men, med, sum, bet, npp, hfq, htp, aei]
LSTM_CNN;94.40975;11.0;3330.0;3330.0;175374.0;56238.0;11.0;94.41;94.41;94.41;[reg, sid, ban, sec, men, med, sum, max, bet, mmm, htp]
LSTM_CNN;94.408071;11.0;3331.0;3331.0;175373.0;56237.0;13.0;94.408;94.408;94.408;[reg, sid, ban, sec, men, med, sum, bet, mmm, npp, hfq, hhh, aei]
ParallelCNNLSTMModel;94.401356;11.0;3335.0;3335.0;175369.0;56233.0;11.0;94.401;94.401;94.401;[reg, sid, ban, sec, men, med, sum, max, mmm, htp, aei]
ParallelCNNLSTMModel;94.386248;11.0;3344.0;3344.0;175360.0;56224.0;12.0;94.386;94.386;94.386;[reg, sid, ban, sec, men, med, sum, max, mmm, htp, hhh, aei]
CNN_LSTM;94.38289;11.0;3346.0;3346.0;175358.0;56222.0;14.0;94.383;94.383;94.383;[reg, sid, ban, sec, men, med, sum, max, bet, npp, hfq, htp, hhh, aei]
CNN_LSTM;94.38289;11.0;3346.0;3346.0;175358.0;56222.0;12.0;94.383;94.383;94.383;[reg, sid, ban, sec, men, med, sum, max, bet, npp, hfq, hhh]
ParallelCNNLSTMModel;94.381211;11.0;3347.0;3347.0;175357.0;56221.0;14.0;94.381;94.381;94.381;[reg, sid, ban, sec, men, med, sum, max, bet, mmm, hfq, htp, hhh, aei]
LSTM_CNN;94.379533;11.0;3348.0;3348.0;175356.0;56220.0;12.0;94.38;94.38;94.38;[reg, sid, ban, sec, men, med, sum, bet, npp, hfq, htp, hhh]
ParallelCNNLSTMModel;94.377854;11.0;3349.0;3349.0;175355.0;56219.0;10.0;94.378;94.378;94.378;[reg, sid, ban, sec, men, med, sum, max, htp, aei]
ParallelCNNLSTMModel;94.367781;11.0;3355.0;3355.0;175349.0;56213.0;14.0;94.368;94.368;94.368;[reg, sid, ban, sec, men, med, sum, max, bet, mmm, npp, htp, hhh, aei]
CNN_LSTM;94.366103;11.0;3356.0;3356.0;175348.0;56212.0;13.0;94.366;94.366;94.366;[reg, sid, ban, sec, men, med, sum, bet, mmm, npp, hfq, hhh, aei]
ParallelCNNLSTMModel;94.361066;11.0;3359.0;3359.0;175345.0;56209.0;11.0;94.361;94.361;94.361;[reg, sid, ban, sec, men, med, sum, max, bet, npp, hfq]
CNN_LSTM;94.357709;11.0;3361.0;3361.0;175343.0;56207.0;14.0;94.358;94.358;94.358;[reg, sid, ban, sec, men, med, sum, bet, mmm, npp, hfq, htp, hhh, aei]
ParallelCNNLSTMModel;94.357709;11.0;3361.0;3361.0;175343.0;56207.0;13.0;94.358;94.358;94.358;[reg, sid, ban, sec, men, med, sum, max, bet, npp, hfq, hhh, aei]
ParallelCNNLSTMModel;94.349315;11.0;3366.0;3366.0;175338.0;56202.0;10.0;94.349;94.349;94.349;[reg, sid, ban, sec, men, med, sum, mmm, hfq, htp]
CNN_LSTM;94.345958;11.0;3368.0;3368.0;175336.0;56200.0;10.0;94.346;94.346;94.346;[reg, sid, ban, sec, men, med, sum, bet, mmm, npp]
CNN_LSTM;94.344279;11.0;3369.0;3369.0;175335.0;56199.0;13.0;94.344;94.344;94.344;[reg, sid, ban, sec, men, med, sum, max, bet, npp, htp, hhh, aei]
LSTM_CNN;94.344279;11.0;3369.0;3369.0;175335.0;56199.0;11.0;94.344;94.344;94.344;[reg, sid, ban, sec, men, med, sum, max, bet, npp, hfq]
ParallelCNNLSTMModel;94.334206;11.0;3375.0;3375.0;175329.0;56193.0;10.0;94.334;94.334;94.334;[reg, sid, ban, sec, men, med, sum, bet, htp, aei]
ParallelCNNLSTMModel;94.325813;11.0;3380.0;3380.0;175324.0;56188.0;14.0;94.326;94.326;94.326;[reg, sid, ban, sec, men, med, sum, max, bet, mmm, npp, hfq, htp, aei]
ParallelCNNLSTMModel;94.322455;11.0;3382.0;3382.0;175322.0;56186.0;12.0;94.322;94.322;94.322;[reg, sid, ban, sec, men, med, sum, bet, mmm, npp, htp, aei]
ParallelCNNLSTMModel;94.309025;11.0;3390.0;3390.0;175314.0;56178.0;10.0;94.309;94.309;94.309;[reg, sid, ban, sec, men, med, sum, max, bet, npp]
ParallelCNNLSTMModel;94.309025;11.0;3390.0;3390.0;175314.0;56178.0;14.0;94.309;94.309;94.309;[reg, sid, ban, sec, men, med, sum, max, bet, npp, hfq, htp, hhh, aei]
ParallelCNNLSTMModel;94.305667;11.0;3392.0;3392.0;175312.0;56176.0;13.0;94.306;94.306;94.306;[reg, sid, ban, sec, men, med, sum, max, bet, mmm, npp, hfq, hhh]
ParallelCNNLSTMModel;94.30231;11.0;3394.0;3394.0;175310.0;56174.0;11.0;94.302;94.302;94.302;[reg, sid, ban, sec, men, med, sum, max, bet, mmm, npp]
ParallelCNNLSTMModel;94.30231;11.0;3394.0;3394.0;175310.0;56174.0;10.0;94.302;94.302;94.302;[reg, sid, ban, sec, men, med, sum, bet, npp, hfq]
CNN_LSTM;94.277129;11.0;3409.0;3409.0;175295.0;56159.0;11.0;94.277;94.277;94.277;[reg, sid, ban, sec, men, med, sum, bet, npp, htp, aei]
CNN_LSTM;94.270414;11.0;3413.0;3413.0;175291.0;56155.0;11.0;94.27;94.27;94.27;[reg, sid, ban, sec, men, med, sum, bet, npp, hfq, hhh]
ParallelCNNLSTMModel;94.26202;11.0;3418.0;3418.0;175286.0;56150.0;13.0;94.262;94.262;94.262;[reg, sid, ban, sec, men, med, sum, bet, mmm, npp, hfq, htp, aei]
ParallelCNNLSTMModel;94.258662;11.0;3420.0;3420.0;175284.0;56148.0;10.0;94.259;94.259;94.259;[reg, sid, ban, sec, men, med, sum, bet, npp, hhh]
ParallelCNNLSTMModel;94.256984;11.0;3421.0;3421.0;175283.0;56147.0;11.0;94.257;94.257;94.257;[reg, sid, ban, sec, men, med, sum, bet, npp, hhh, aei]
ParallelCNNLSTMModel;94.253626;11.0;3423.0;3423.0;175281.0;56145.0;12.0;94.254;94.254;94.254;[reg, sid, ban, sec, men, med, sum, bet, npp, hfq, htp, aei]
CNN_LSTM;94.253626;11.0;3423.0;3423.0;175281.0;56145.0;13.0;94.254;94.254;94.254;[reg, sid, ban, sec, men, med, sum, bet, mmm, npp, htp, hhh, aei]
ParallelCNNLSTMModel;94.251947;11.0;3424.0;3424.0;175280.0;56144.0;11.0;94.252;94.252;94.252;[reg, sid, ban, sec, men, med, sum, max, bet, npp, aei]
CNN_LSTM;94.250269;11.0;3425.0;3425.0;175279.0;56143.0;13.0;94.25;94.25;94.25;[reg, sid, ban, sec, men, med, sum, max, bet, mmm, npp, hfq, htp]
ParallelCNNLSTMModel;94.24859;11.0;3426.0;3426.0;175278.0;56142.0;12.0;94.249;94.249;94.249;[reg, sid, ban, sec, men, med, sum, max, bet, mmm, npp, htp]
ParallelCNNLSTMModel;94.240196;11.0;3431.0;3431.0;175273.0;56137.0;11.0;94.24;94.24;94.24;[reg, sid, ban, sec, men, med, sum, max, bet, npp, htp]
ParallelCNNLSTMModel;94.240196;11.0;3431.0;3431.0;175273.0;56137.0;13.0;94.24;94.24;94.24;[reg, sid, ban, sec, men, med, sum, bet, mmm, npp, hfq, hhh, aei]
CNN_LSTM;94.236839;11.0;3433.0;3433.0;175271.0;56135.0;11.0;94.237;94.237;94.237;[reg, sid, ban, sec, men, med, sum, max, bet, npp, htp]
CNN_LSTM;94.233481;11.0;3435.0;3435.0;175269.0;56133.0;13.0;94.233;94.233;94.233;[reg, sid, ban, sec, men, med, sum, max, bet, npp, hfq, htp, aei]
ParallelCNNLSTMModel;94.225087;11.0;3440.0;3440.0;175264.0;56128.0;14.0;94.225;94.225;94.225;[reg, sid, ban, sec, men, med, sum, max, bet, mmm, npp, hfq, hhh, aei]
ParallelCNNLSTMModel;94.225087;11.0;3440.0;3440.0;175264.0;56128.0;11.0;94.225;94.225;94.225;[reg, sid, ban, sec, men, med, sum, max, bet, htp, hhh]
ParallelCNNLSTMModel;94.216694;11.0;3445.0;3445.0;175259.0;56123.0;11.0;94.217;94.217;94.217;[reg, sid, ban, sec, men, med, sum, max, hfq, htp, aei]
ParallelCNNLSTMModel;94.215015;11.0;3446.0;3446.0;175258.0;56122.0;12.0;94.215;94.215;94.215;[reg, sid, ban, sec, men, med, sum, bet, mmm, npp, hfq, aei]
ParallelCNNLSTMModel;94.211657;11.0;3448.0;3448.0;175256.0;56120.0;11.0;94.212;94.212;94.212;[reg, sid, ban, sec, men, med, sum, mmm, hfq, htp, aei]
ParallelCNNLSTMModel;94.209979;11.0;3449.0;3449.0;175255.0;56119.0;13.0;94.21;94.21;94.21;[reg, sid, ban, sec, men, med, sum, bet, mmm, npp, htp, hhh, aei]
CNN_LSTM;94.2083;11.0;3450.0;3450.0;175254.0;56118.0;11.0;94.208;94.208;94.208;[reg, sid, ban, sec, men, med, sum, bet, mmm, npp, aei]
CNN_LSTM;94.206621;11.0;3451.0;3451.0;175253.0;56117.0;11.0;94.207;94.207;94.207;[reg, sid, ban, sec, men, med, sum, bet, npp, hfq, aei]
LSTM_CNN;94.201585;11.0;3454.0;3454.0;175250.0;56114.0;13.0;94.202;94.202;94.202;[reg, sid, ban, sec, men, med, sum, max, bet, npp, htp, hhh, aei]
LSTM_CNN;94.199906;11.0;3455.0;3455.0;175249.0;56113.0;10.0;94.2;94.2;94.2;[reg, sid, ban, sec, men, med, sum, max, bet, npp]
ParallelCNNLSTMModel;94.196548;11.0;3457.0;3457.0;175247.0;56111.0;12.0;94.197;94.197;94.197;[reg, sid, ban, sec, men, med, sum, bet, mmm, npp, hfq, hhh]
ParallelCNNLSTMModel;94.19487;11.0;3458.0;3458.0;175246.0;56110.0;10.0;94.195;94.195;94.195;[reg, sid, ban, sec, men, med, sum, bet, npp, htp]
ParallelCNNLSTMModel;94.193191;11.0;3459.0;3459.0;175245.0;56109.0;12.0;94.193;94.193;94.193;[reg, sid, ban, sec, men, med, sum, max, bet, npp, hhh, aei]
ParallelCNNLSTMModel;94.191512;11.0;3460.0;3460.0;175244.0;56108.0;11.0;94.192;94.192;94.192;[reg, sid, ban, sec, men, med, sum, bet, npp, hfq, aei]
CNN_LSTM;94.191512;11.0;3460.0;3460.0;175244.0;56108.0;11.0;94.192;94.192;94.192;[reg, sid, ban, sec, men, med, sum, max, bet, mmm, npp]
LSTM_CNN;94.186476;11.0;3463.0;3463.0;175241.0;56105.0;13.0;94.186;94.186;94.186;[reg, sid, ban, sec, men, med, sum, max, bet, mmm, npp, hhh, aei]
ParallelCNNLSTMModel;94.184797;11.0;3464.0;3464.0;175240.0;56104.0;11.0;94.185;94.185;94.185;[reg, sid, ban, sec, men, med, sum, mmm, htp, hhh, aei]
CNN_LSTM;94.176403;11.0;3469.0;3469.0;175235.0;56099.0;12.0;94.176;94.176;94.176;[reg, sid, ban, sec, men, med, sum, bet, mmm, npp, htp, hhh]
ParallelCNNLSTMModel;94.171367;11.0;3472.0;3472.0;175232.0;56096.0;11.0;94.171;94.171;94.171;[reg, sid, ban, sec, men, med, sum, bet, npp, hfq, htp]
LSTM_CNN;94.171367;11.0;3472.0;3472.0;175232.0;56096.0;9.0;94.171;94.171;94.171;[reg, sid, ban, sec, men, med, sum, hfq, htp]
LSTM_CNN;94.169688;11.0;3473.0;3473.0;175231.0;56095.0;12.0;94.17;94.17;94.17;[reg, sid, ban, sec, men, med, sum, bet, mmm, npp, htp, hhh]
ParallelCNNLSTMModel;94.166331;11.0;3475.0;3475.0;175229.0;56093.0;12.0;94.166;94.166;94.166;[reg, sid, ban, sec, men, med, sum, bet, npp, htp, hhh, aei]
CNN_LSTM;94.161295;11.0;3478.0;3478.0;175226.0;56090.0;9.0;94.161;94.161;94.161;[reg, sid, ban, sec, men, med, sum, bet, npp]
LSTM_CNN;94.161295;11.0;3478.0;3478.0;175226.0;56090.0;11.0;94.161;94.161;94.161;[reg, sid, ban, sec, men, med, sum, bet, mmm, npp, aei]
LSTM_CNN;94.159616;11.0;3479.0;3479.0;175225.0;56089.0;11.0;94.16;94.16;94.16;[reg, sid, ban, sec, men, med, sum, bet, npp, hfq, hhh]
ParallelCNNLSTMModel;94.156258;11.0;3481.0;3481.0;175223.0;56087.0;12.0;94.156;94.156;94.156;[reg, sid, ban, sec, men, med, sum, max, bet, npp, hfq, aei]
LSTM_CNN;94.15458;11.0;3482.0;3482.0;175222.0;56086.0;12.0;94.155;94.155;94.155;[reg, sid, ban, sec, men, med, sum, bet, mmm, npp, htp, aei]
ParallelCNNLSTMModel;94.149543;11.0;3485.0;3485.0;175219.0;56083.0;13.0;94.15;94.15;94.15;[reg, sid, ban, sec, men, med, sum, max, bet, npp, hfq, htp, hhh]
LSTM_CNN;94.149543;11.0;3485.0;3485.0;175219.0;56083.0;12.0;94.15;94.15;94.15;[reg, sid, ban, sec, men, med, sum, max, bet, npp, hfq, hhh]
ParallelCNNLSTMModel;94.149543;11.0;3485.0;3485.0;175219.0;56083.0;12.0;94.15;94.15;94.15;[reg, sid, ban, sec, men, med, sum, max, bet, mmm, hfq, htp]
ParallelCNNLSTMModel;94.147865;11.0;3486.0;3486.0;175218.0;56082.0;15.0;94.148;94.148;94.148;[reg, sid, ban, sec, men, med, sum, max, bet, mmm, npp, hfq, htp, hhh, aei]
ParallelCNNLSTMModel;94.144507;11.0;3488.0;3488.0;175216.0;56080.0;14.0;94.145;94.145;94.145;[reg, sid, ban, sec, men, med, sum, max, bet, mmm, npp, hfq, htp, hhh]
ParallelCNNLSTMModel;94.144507;11.0;3488.0;3488.0;175216.0;56080.0;13.0;94.145;94.145;94.145;[reg, sid, ban, sec, men, med, sum, max, bet, mmm, htp, hhh, aei]
LSTM_CNN;94.142828;11.0;3489.0;3489.0;175215.0;56079.0;14.0;94.143;94.143;94.143;[reg, sid, ban, sec, men, med, sum, max, bet, npp, hfq, htp, hhh, aei]
ParallelCNNLSTMModel;94.136113;11.0;3493.0;3493.0;175211.0;56075.0;12.0;94.136;94.136;94.136;[reg, sid, ban, sec, men, med, sum, max, bet, mmm, npp, hhh]
CNN_LSTM;94.136113;11.0;3493.0;3493.0;175211.0;56075.0;13.0;94.136;94.136;94.136;[reg, sid, ban, sec, men, med, sum, bet, npp, hfq, htp, hhh, aei]
ParallelCNNLSTMModel;94.134435;11.0;3494.0;3494.0;175210.0;56074.0;13.0;94.134;94.134;94.134;[reg, sid, ban, sec, men, med, sum, bet, npp, hfq, htp, hhh, aei]
ParallelCNNLSTMModel;94.134435;11.0;3494.0;3494.0;175210.0;56074.0;12.0;94.134;94.134;94.134;[reg, sid, ban, sec, men, med, sum, max, bet, npp, htp, hhh]
ParallelCNNLSTMModel;94.129398;11.0;3497.0;3497.0;175207.0;56071.0;12.0;94.129;94.129;94.129;[reg, sid, ban, sec, men, med, sum, bet, mmm, npp, htp, hhh]
ParallelCNNLSTMModel;94.129398;11.0;3497.0;3497.0;175207.0;56071.0;10.0;94.129;94.129;94.129;[reg, sid, ban, sec, men, med, sum, bet, mmm, npp]
ParallelCNNLSTMModel;94.11429;11.0;3506.0;3506.0;175198.0;56062.0;12.0;94.114;94.114;94.114;[reg, sid, ban, sec, men, med, sum, bet, mmm, hfq, htp, aei]
CNN_LSTM;94.112611;11.0;3507.0;3507.0;175197.0;56061.0;12.0;94.113;94.113;94.113;[reg, sid, ban, sec, men, med, sum, max, bet, npp, hhh, aei]
CNN_LSTM;94.107575;11.0;3510.0;3510.0;175194.0;56058.0;10.0;94.108;94.108;94.108;[reg, sid, ban, sec, men, med, sum, bet, npp, hfq]
ParallelCNNLSTMModel;94.099181;11.0;3515.0;3515.0;175189.0;56053.0;12.0;94.099;94.099;94.099;[reg, sid, ban, sec, men, med, sum, bet, npp, hfq, hhh, aei]
ParallelCNNLSTMModel;94.094145;11.0;3518.0;3518.0;175186.0;56050.0;11.0;94.094;94.094;94.094;[reg, sid, ban, sec, men, med, sum, bet, mmm, npp, hfq]
ParallelCNNLSTMModel;94.089108;11.0;3521.0;3521.0;175183.0;56047.0;13.0;94.089;94.089;94.089;[reg, sid, ban, sec, men, med, sum, bet, mmm, npp, hfq, htp, hhh]
ParallelCNNLSTMModel;94.084072;11.0;3524.0;3524.0;175180.0;56044.0;12.0;94.084;94.084;94.084;[reg, sid, ban, sec, men, med, sum, bet, mmm, npp, hfq, htp]
LSTM_CNN;94.079036;11.0;3527.0;3527.0;175177.0;56041.0;10.0;94.079;94.079;94.079;[reg, sid, ban, sec, men, med, sum, bet, npp, hhh]
CNN_LSTM;94.077357;11.0;3528.0;3528.0;175176.0;56040.0;12.0;94.077;94.077;94.077;[reg, sid, ban, sec, men, med, sum, max, bet, mmm, npp, aei]
CNN_LSTM;94.077357;11.0;3528.0;3528.0;175176.0;56040.0;13.0;94.077;94.077;94.077;[reg, sid, ban, sec, men, med, sum, max, bet, mmm, npp, hfq, hhh]
CNN_LSTM;94.073999;11.0;3530.0;3530.0;175174.0;56038.0;12.0;94.074;94.074;94.074;[reg, sid, ban, sec, men, med, sum, bet, mmm, npp, hhh, aei]
LSTM_CNN;94.067284;11.0;3534.0;3534.0;175170.0;56034.0;12.0;94.067;94.067;94.067;[reg, sid, ban, sec, men, med, sum, max, bet, hfq, htp, hhh]
ParallelCNNLSTMModel;94.063927;11.0;3536.0;3536.0;175168.0;56032.0;10.0;94.064;94.064;94.064;[reg, sid, ban, sec, men, med, sum, bet, npp, aei]
LSTM_CNN;94.058891;11.0;3539.0;3539.0;175165.0;56029.0;10.0;94.059;94.059;94.059;[reg, sid, ban, sec, men, med, sum, bet, mmm, npp]
CNN_LSTM;94.050497;11.0;3544.0;3544.0;175160.0;56024.0;12.0;94.05;94.05;94.05;[reg, sid, ban, sec, men, med, sum, bet, mmm, hfq, htp, hhh]
CNN_LSTM;94.048818;11.0;3545.0;3545.0;175159.0;56023.0;10.0;94.049;94.049;94.049;[reg, sid, ban, sec, men, med, sum, bet, npp, aei]
LSTM_CNN;94.047139;11.0;3546.0;3546.0;175158.0;56022.0;13.0;94.047;94.047;94.047;[reg, sid, ban, sec, men, med, sum, max, bet, mmm, hfq, htp, aei]
LSTM_CNN;94.035388;11.0;3553.0;3553.0;175151.0;56015.0;14.0;94.035;94.035;94.035;[reg, sid, ban, sec, men, med, sum, bet, mmm, npp, hfq, htp, hhh, aei]
ParallelCNNLSTMModel;94.033709;11.0;3554.0;3554.0;175150.0;56014.0;12.0;94.034;94.034;94.034;[reg, sid, ban, sec, men, med, sum, bet, mmm, htp, hhh, aei]
ParallelCNNLSTMModel;94.033709;11.0;3554.0;3554.0;175150.0;56014.0;9.0;94.034;94.034;94.034;[reg, sid, ban, sec, men, med, sum, htp, aei]
LSTM_CNN;94.032031;11.0;3555.0;3555.0;175149.0;56013.0;13.0;94.032;94.032;94.032;[reg, sid, ban, sec, men, med, sum, max, bet, mmm, npp, htp, aei]
ParallelCNNLSTMModel;94.032031;11.0;3555.0;3555.0;175149.0;56013.0;13.0;94.032;94.032;94.032;[reg, sid, ban, sec, men, med, sum, max, bet, npp, htp, hhh, aei]
CNN_LSTM;94.028673;11.0;3557.0;3557.0;175147.0;56011.0;12.0;94.029;94.029;94.029;[reg, sid, ban, sec, men, med, sum, max, bet, npp, htp, hhh]
ParallelCNNLSTMModel;94.026994;11.0;3558.0;3558.0;175146.0;56010.0;11.0;94.027;94.027;94.027;[reg, sid, ban, sec, men, med, sum, bet, npp, htp, hhh]
ParallelCNNLSTMModel;94.025316;11.0;3559.0;3559.0;175145.0;56009.0;12.0;94.025;94.025;94.025;[reg, sid, ban, sec, men, med, sum, max, bet, hfq, htp, aei]
ParallelCNNLSTMModel;94.023637;11.0;3560.0;3560.0;175144.0;56008.0;11.0;94.024;94.024;94.024;[reg, sid, ban, sec, men, med, sum, bet, npp, hfq, hhh]
CNN_LSTM;94.016922;11.0;3564.0;3564.0;175140.0;56004.0;12.0;94.017;94.017;94.017;[reg, sid, ban, sec, men, med, sum, max, bet, mmm, npp, htp]
LSTM_CNN;94.008528;11.0;3569.0;3569.0;175135.0;55999.0;13.0;94.009;94.009;94.009;[reg, sid, ban, sec, men, med, sum, max, bet, mmm, npp, htp, hhh]
ParallelCNNLSTMModel;94.006849;11.0;3570.0;3570.0;175134.0;55998.0;11.0;94.007;94.007;94.007;[reg, sid, ban, sec, men, med, sum, bet, mmm, npp, hhh]
CNN_LSTM;94.003492;11.0;3572.0;3572.0;175132.0;55996.0;10.0;94.003;94.003;94.003;[reg, sid, ban, sec, men, med, sum, bet, npp, htp]
LSTM_CNN;93.996777;11.0;3576.0;3576.0;175128.0;55992.0;14.0;93.997;93.997;93.997;[reg, sid, ban, sec, men, med, sum, max, bet, mmm, npp, htp, hhh, aei]
LSTM_CNN;93.990062;11.0;3580.0;3580.0;175124.0;55988.0;11.0;93.99;93.99;93.99;[reg, sid, ban, sec, men, med, sum, bet, mmm, npp, htp]
LSTM_CNN;93.979989;11.0;3586.0;3586.0;175118.0;55982.0;11.0;93.98;93.98;93.98;[reg, sid, ban, sec, men, med, sum, bet, npp, htp, hhh]
ParallelCNNLSTMModel;93.978311;11.0;3587.0;3587.0;175117.0;55981.0;11.0;93.978;93.978;93.978;[reg, sid, ban, sec, men, med, sum, max, htp, hhh, aei]
ParallelCNNLSTMModel;93.974953;11.0;3589.0;3589.0;175115.0;55979.0;9.0;93.975;93.975;93.975;[reg, sid, ban, sec, men, med, sum, bet, npp]
CNN_LSTM;93.961523;11.0;3597.0;3597.0;175107.0;55971.0;9.0;93.962;93.962;93.962;[reg, sid, ban, sec, men, med, sum, hfq, htp]
LSTM_CNN;93.961523;11.0;3597.0;3597.0;175107.0;55971.0;12.0;93.962;93.962;93.962;[reg, sid, ban, sec, men, med, sum, max, bet, npp, hhh, aei]
CNN_LSTM;93.958165;11.0;3599.0;3599.0;175105.0;55969.0;12.0;93.958;93.958;93.958;[reg, sid, ban, sec, men, med, sum, max, bet, hfq, htp, hhh]
LSTM_CNN;93.958165;11.0;3599.0;3599.0;175105.0;55969.0;11.0;93.958;93.958;93.958;[reg, sid, ban, sec, men, med, sum, bet, npp, hfq, htp]
LSTM_CNN;93.958165;11.0;3599.0;3599.0;175105.0;55969.0;11.0;93.958;93.958;93.958;[reg, sid, ban, sec, men, med, sum, bet, mmm, htp, hhh]
CNN_LSTM;93.946414;11.0;3606.0;3606.0;175098.0;55962.0;11.0;93.946;93.946;93.946;[reg, sid, ban, sec, men, med, sum, bet, mmm, npp, hfq]
CNN_LSTM;93.93802;11.0;3611.0;3611.0;175093.0;55957.0;12.0;93.938;93.938;93.938;[reg, sid, ban, sec, men, med, sum, max, bet, npp, hfq, htp]
ParallelCNNLSTMModel;93.93802;11.0;3611.0;3611.0;175093.0;55957.0;13.0;93.938;93.938;93.938;[reg, sid, ban, sec, men, med, sum, max, bet, mmm, npp, hfq, aei]
ParallelCNNLSTMModel;93.922912;11.0;3620.0;3620.0;175084.0;55948.0;12.0;93.923;93.923;93.923;[reg, sid, ban, sec, men, med, sum, max, bet, npp, htp, aei]
ParallelCNNLSTMModel;93.919554;11.0;3622.0;3622.0;175082.0;55946.0;11.0;93.92;93.92;93.92;[reg, sid, ban, sec, men, med, sum, bet, mmm, hfq, htp]
ParallelCNNLSTMModel;93.919554;11.0;3622.0;3622.0;175082.0;55946.0;12.0;93.92;93.92;93.92;[reg, sid, ban, sec, men, med, sum, bet, hfq, htp, hhh, aei]
LSTM_CNN;93.912839;11.0;3626.0;3626.0;175078.0;55942.0;11.0;93.913;93.913;93.913;[reg, sid, ban, sec, men, med, sum, bet, npp, hhh, aei]
LSTM_CNN;93.909482;11.0;3628.0;3628.0;175076.0;55940.0;13.0;93.909;93.909;93.909;[reg, sid, ban, sec, men, med, sum, max, bet, mmm, npp, hfq, htp]
CNN_LSTM;93.906124;11.0;3630.0;3630.0;175074.0;55938.0;10.0;93.906;93.906;93.906;[reg, sid, ban, sec, men, med, sum, max, htp, aei]
CNN_LSTM;93.901088;11.0;3633.0;3633.0;175071.0;55935.0;11.0;93.901;93.901;93.901;[reg, sid, ban, sec, men, med, sum, max, bet, mmm, htp]
LSTM_CNN;93.899409;11.0;3634.0;3634.0;175070.0;55934.0;13.0;93.899;93.899;93.899;[reg, sid, ban, sec, men, med, sum, bet, mmm, npp, htp, hhh, aei]
CNN_LSTM;93.899409;11.0;3634.0;3634.0;175070.0;55934.0;10.0;93.899;93.899;93.899;[reg, sid, ban, sec, men, med, sum, htp, hhh, aei]
LSTM_CNN;93.89773;11.0;3635.0;3635.0;175069.0;55933.0;12.0;93.898;93.898;93.898;[reg, sid, ban, sec, men, med, sum, max, bet, npp, htp, aei]
LSTM_CNN;93.894373;11.0;3637.0;3637.0;175067.0;55931.0;9.0;93.894;93.894;93.894;[reg, sid, ban, sec, men, med, sum, bet, npp]
CNN_LSTM;93.892694;11.0;3638.0;3638.0;175066.0;55930.0;11.0;93.893;93.893;93.893;[reg, sid, ban, sec, men, med, sum, hfq, htp, hhh, aei]
CNN_LSTM;93.887658;11.0;3641.0;3641.0;175063.0;55927.0;12.0;93.888;93.888;93.888;[reg, sid, ban, sec, men, med, sum, bet, npp, hfq, hhh, aei]
CNN_LSTM;93.87087;11.0;3651.0;3651.0;175053.0;55917.0;11.0;93.871;93.871;93.871;[reg, sid, ban, sec, men, med, sum, bet, mmm, npp, htp]
CNN_LSTM;93.864155;11.0;3655.0;3655.0;175049.0;55913.0;12.0;93.864;93.864;93.864;[reg, sid, ban, sec, men, med, sum, bet, npp, hfq, htp, hhh]
ParallelCNNLSTMModel;93.855761;11.0;3660.0;3660.0;175044.0;55908.0;12.0;93.856;93.856;93.856;[reg, sid, ban, sec, men, med, sum, max, bet, mmm, npp, aei]
LSTM_CNN;93.849046;11.0;3664.0;3664.0;175040.0;55904.0;12.0;93.849;93.849;93.849;[reg, sid, ban, sec, men, med, sum, max, bet, mmm, htp, hhh]
LSTM_CNN;93.838974;11.0;3670.0;3670.0;175034.0;55898.0;10.0;93.839;93.839;93.839;[reg, sid, ban, sec, men, med, sum, bet, npp, aei]
ParallelCNNLSTMModel;93.835616;11.0;3672.0;3672.0;175032.0;55896.0;13.0;93.836;93.836;93.836;[reg, sid, ban, sec, men, med, sum, max, bet, mmm, npp, htp, hhh]
LSTM_CNN;93.833938;11.0;3673.0;3673.0;175031.0;55895.0;15.0;93.834;93.834;93.834;[reg, sid, ban, sec, men, med, sum, max, bet, mmm, npp, hfq, htp, hhh, aei]
LSTM_CNN;93.83058;11.0;3675.0;3675.0;175029.0;55893.0;9.0;93.831;93.831;93.831;[reg, sid, ban, sec, men, med, sum, htp, hhh]
LSTM_CNN;93.823865;11.0;3679.0;3679.0;175025.0;55889.0;11.0;93.824;93.824;93.824;[reg, sid, ban, sec, men, med, sum, bet, mmm, npp, hfq]
ParallelCNNLSTMModel;93.820508;11.0;3681.0;3681.0;175023.0;55887.0;11.0;93.821;93.821;93.821;[reg, sid, ban, sec, men, med, sum, bet, htp, hhh, aei]
CNN_LSTM;93.797005;11.0;3695.0;3695.0;175009.0;55873.0;11.0;93.797;93.797;93.797;[reg, sid, ban, sec, men, med, sum, bet, npp, hfq, htp]
ParallelCNNLSTMModel;93.793648;11.0;3697.0;3697.0;175007.0;55871.0;12.0;93.794;93.794;93.794;[reg, sid, ban, sec, men, med, sum, max, bet, npp, hfq, htp]
CNN_LSTM;93.788611;11.0;3700.0;3700.0;175004.0;55868.0;10.0;93.789;93.789;93.789;[reg, sid, ban, sec, men, med, sum, max, mmm, htp]
CNN_LSTM;93.770145;11.0;3711.0;3711.0;174993.0;55857.0;11.0;93.77;93.77;93.77;[reg, sid, ban, sec, men, med, sum, max, bet, npp, aei]
CNN_LSTM;93.75;11.0;3723.0;3723.0;174981.0;55845.0;12.0;93.75;93.75;93.75;[reg, sid, ban, sec, men, med, sum, bet, mmm, npp, hfq, htp]
ParallelCNNLSTMModel;93.733212;11.0;3733.0;3733.0;174971.0;55835.0;12.0;93.733;93.733;93.733;[reg, sid, ban, sec, men, med, sum, max, bet, mmm, npp, hfq]
CNN_LSTM;93.733212;11.0;3733.0;3733.0;174971.0;55835.0;13.0;93.733;93.733;93.733;[reg, sid, ban, sec, men, med, sum, max, bet, npp, hfq, htp, hhh]
LSTM_CNN;93.729855;11.0;3735.0;3735.0;174969.0;55833.0;12.0;93.73;93.73;93.73;[reg, sid, ban, sec, men, med, sum, max, bet, mmm, npp, hhh]
LSTM_CNN;93.724819;11.0;3738.0;3738.0;174966.0;55830.0;12.0;93.725;93.725;93.725;[reg, sid, ban, sec, men, med, sum, max, bet, mmm, npp, htp]
ParallelCNNLSTMModel;93.716425;11.0;3743.0;3743.0;174961.0;55825.0;11.0;93.716;93.716;93.716;[reg, sid, ban, sec, men, med, sum, bet, mmm, npp, aei]
CNN_LSTM;93.708031;11.0;3748.0;3748.0;174956.0;55820.0;11.0;93.708;93.708;93.708;[reg, sid, ban, sec, men, med, sum, bet, npp, hhh, aei]
LSTM_CNN;93.699637;11.0;3753.0;3753.0;174951.0;55815.0;14.0;93.7;93.7;93.7;[reg, sid, ban, sec, men, med, sum, max, bet, mmm, npp, hfq, hhh, aei]
LSTM_CNN;93.68285;11.0;3763.0;3763.0;174941.0;55805.0;11.0;93.683;93.683;93.683;[reg, sid, ban, sec, men, med, sum, mmm, htp, hhh, aei]
ParallelCNNLSTMModel;93.674456;11.0;3768.0;3768.0;174936.0;55800.0;11.0;93.674;93.674;93.674;[reg, sid, ban, sec, men, med, sum, bet, npp, htp, aei]
ParallelCNNLSTMModel;93.667741;11.0;3772.0;3772.0;174932.0;55796.0;12.0;93.668;93.668;93.668;[reg, sid, ban, sec, men, med, sum, bet, npp, hfq, htp, hhh]
LSTM_CNN;93.666062;11.0;3773.0;3773.0;174931.0;55795.0;11.0;93.666;93.666;93.666;[reg, sid, ban, sec, men, med, sum, bet, npp, hfq, aei]
ParallelCNNLSTMModel;93.654311;11.0;3780.0;3780.0;174924.0;55788.0;14.0;93.654;93.654;93.654;[reg, sid, ban, sec, men, med, sum, bet, mmm, npp, hfq, htp, hhh, aei]
LSTM_CNN;93.637524;11.0;3790.0;3790.0;174914.0;55778.0;11.0;93.638;93.638;93.638;[reg, sid, ban, sec, men, med, sum, max, bet, npp, aei]
LSTM_CNN;93.630808;11.0;3794.0;3794.0;174910.0;55774.0;12.0;93.631;93.631;93.631;[reg, sid, ban, sec, men, med, sum, bet, npp, hfq, htp, aei]
ParallelCNNLSTMModel;93.62913;11.0;3795.0;3795.0;174909.0;55773.0;13.0;93.629;93.629;93.629;[reg, sid, ban, sec, men, med, sum, max, bet, mmm, npp, hhh, aei]
CNN_LSTM;93.590518;11.0;3818.0;3818.0;174886.0;55750.0;12.0;93.591;93.591;93.591;[reg, sid, ban, sec, men, med, sum, bet, mmm, npp, htp, aei]
ParallelCNNLSTMModel;93.580446;11.0;3824.0;3824.0;174880.0;55744.0;11.0;93.58;93.58;93.58;[reg, sid, ban, sec, men, med, sum, bet, mmm, npp, htp]
LSTM_CNN;93.567016;11.0;3832.0;3832.0;174872.0;55736.0;12.0;93.567;93.567;93.567;[reg, sid, ban, sec, men, med, sum, bet, mmm, hfq, htp, hhh]
LSTM_CNN;93.558622;11.0;3837.0;3837.0;174867.0;55731.0;12.0;93.559;93.559;93.559;[reg, sid, ban, sec, men, med, sum, max, bet, npp, htp, hhh]
LSTM_CNN;93.546871;11.0;3844.0;3844.0;174860.0;55724.0;10.0;93.547;93.547;93.547;[reg, sid, ban, sec, men, med, sum, bet, npp, hfq]
LSTM_CNN;93.545192;11.0;3845.0;3845.0;174859.0;55723.0;11.0;93.545;93.545;93.545;[reg, sid, ban, sec, men, med, sum, bet, npp, htp, aei]
LSTM_CNN;93.540156;11.0;3848.0;3848.0;174856.0;55720.0;11.0;93.54;93.54;93.54;[reg, sid, ban, sec, men, med, sum, bet, mmm, htp, aei]
ParallelCNNLSTMModel;93.536798;11.0;3850.0;3850.0;174854.0;55718.0;13.0;93.537;93.537;93.537;[reg, sid, ban, sec, men, med, sum, max, bet, mmm, npp, htp, aei]
CNN_LSTM;93.525047;11.0;3857.0;3857.0;174847.0;55711.0;15.0;93.525;93.525;93.525;[reg, sid, ban, sec, men, med, sum, max, bet, mmm, npp, hfq, htp, hhh, aei]
ParallelCNNLSTMModel;93.503223;11.0;3870.0;3870.0;174834.0;55698.0;12.0;93.503;93.503;93.503;[reg, sid, ban, sec, men, med, sum, max, bet, npp, hfq, hhh]
CNN_LSTM;93.503223;11.0;3870.0;3870.0;174834.0;55698.0;10.0;93.503;93.503;93.503;[reg, sid, ban, sec, men, med, sum, max, bet, htp]
CNN_LSTM;93.493151;11.0;3876.0;3876.0;174828.0;55692.0;13.0;93.493;93.493;93.493;[reg, sid, ban, sec, men, med, sum, max, bet, mmm, npp, hfq, aei]
LSTM_CNN;93.489793;11.0;3878.0;3878.0;174826.0;55690.0;11.0;93.49;93.49;93.49;[reg, sid, ban, sec, men, med, sum, max, bet, npp, hhh]
CNN_LSTM;93.464612;11.0;3893.0;3893.0;174811.0;55675.0;11.0;93.465;93.465;93.465;[reg, sid, ban, sec, men, med, sum, bet, npp, htp, hhh]
LSTM_CNN;93.461254;11.0;3895.0;3895.0;174809.0;55673.0;12.0;93.461;93.461;93.461;[reg, sid, ban, sec, men, med, sum, bet, mmm, npp, hfq, htp]
LSTM_CNN;93.454539;11.0;3899.0;3899.0;174805.0;55669.0;13.0;93.455;93.455;93.455;[reg, sid, ban, sec, men, med, sum, bet, mmm, npp, hfq, htp, aei]
ParallelCNNLSTMModel;93.424322;11.0;3917.0;3917.0;174787.0;55651.0;12.0;93.424;93.424;93.424;[reg, sid, ban, sec, men, med, sum, mmm, hfq, htp, hhh, aei]
CNN_LSTM;93.420964;11.0;3919.0;3919.0;174785.0;55649.0;11.0;93.421;93.421;93.421;[reg, sid, ban, sec, men, med, sum, max, bet, npp, hhh]
ParallelCNNLSTMModel;93.412571;11.0;3924.0;3924.0;174780.0;55644.0;13.0;93.413;93.413;93.413;[reg, sid, ban, sec, men, med, sum, max, bet, hfq, htp, hhh, aei]
LSTM_CNN;93.378995;11.0;3944.0;3944.0;174760.0;55624.0;14.0;93.379;93.379;93.379;[reg, sid, ban, sec, men, med, sum, max, bet, mmm, npp, hfq, htp, aei]
CNN_LSTM;93.368923;11.0;3950.0;3950.0;174754.0;55618.0;12.0;93.369;93.369;93.369;[reg, sid, ban, sec, men, med, sum, max, mmm, hfq, htp, hhh]
ParallelCNNLSTMModel;93.367244;11.0;3951.0;3951.0;174753.0;55617.0;12.0;93.367;93.367;93.367;[reg, sid, ban, sec, men, med, sum, max, bet, hfq, htp, hhh]
LSTM_CNN;93.360529;11.0;3955.0;3955.0;174749.0;55613.0;13.0;93.361;93.361;93.361;[reg, sid, ban, sec, men, med, sum, bet, mmm, npp, hfq, htp, hhh]
CNN_LSTM;93.353814;11.0;3959.0;3959.0;174745.0;55609.0;12.0;93.354;93.354;93.354;[reg, sid, ban, sec, men, med, sum, max, bet, mmm, npp, hfq]
LSTM_CNN;93.347099;11.0;3963.0;3963.0;174741.0;55605.0;12.0;93.347;93.347;93.347;[reg, sid, ban, sec, men, med, sum, bet, npp, htp, hhh, aei]
LSTM_CNN;93.347099;11.0;3963.0;3963.0;174741.0;55605.0;10.0;93.347;93.347;93.347;[reg, sid, ban, sec, men, med, sum, bet, npp, htp]
LSTM_CNN;93.321918;11.0;3978.0;3978.0;174726.0;55590.0;12.0;93.322;93.322;93.322;[reg, sid, ban, sec, men, med, sum, bet, mmm, npp, hfq, aei]
LSTM_CNN;93.300094;11.0;3991.0;3991.0;174713.0;55577.0;12.0;93.3;93.3;93.3;[reg, sid, ban, sec, men, med, sum, max, bet, npp, hfq, aei]
LSTM_CNN;93.300094;11.0;3991.0;3991.0;174713.0;55577.0;12.0;93.3;93.3;93.3;[reg, sid, ban, sec, men, med, sum, bet, npp, hfq, hhh, aei]
LSTM_CNN;93.296737;11.0;3993.0;3993.0;174711.0;55575.0;13.0;93.297;93.297;93.297;[reg, sid, ban, sec, men, med, sum, max, bet, mmm, npp, hfq, aei]
CNN_LSTM;93.27827;11.0;4004.0;4004.0;174700.0;55564.0;12.0;93.278;93.278;93.278;[reg, sid, ban, sec, men, med, sum, max, mmm, htp, hhh, aei]
CNN_LSTM;93.268198;11.0;4010.0;4010.0;174694.0;55558.0;9.0;93.268;93.268;93.268;[reg, sid, ban, sec, men, med, sum, htp, aei]
LSTM_CNN;93.253089;11.0;4019.0;4019.0;174685.0;55549.0;10.0;93.253;93.253;93.253;[reg, sid, ban, sec, men, med, sum, bet, htp, hhh]
LSTM_CNN;93.23798;11.0;4028.0;4028.0;174676.0;55540.0;13.0;93.238;93.238;93.238;[reg, sid, ban, sec, men, med, sum, max, bet, mmm, npp, hfq, hhh]
CNN_LSTM;93.231265;11.0;4032.0;4032.0;174672.0;55536.0;13.0;93.231;93.231;93.231;[reg, sid, ban, sec, men, med, sum, max, bet, npp, hfq, hhh, aei]
ParallelCNNLSTMModel;93.229586;11.0;4033.0;4033.0;174671.0;55535.0;11.0;93.23;93.23;93.23;[reg, sid, ban, sec, men, med, sum, max, mmm, hhh, aei]
LSTM_CNN;93.216156;11.0;4041.0;4041.0;174663.0;55527.0;11.0;93.216;93.216;93.216;[reg, sid, ban, sec, men, med, sum, bet, mmm, npp, hhh]
LSTM_CNN;93.196011;11.0;4053.0;4053.0;174651.0;55515.0;14.0;93.196;93.196;93.196;[reg, sid, ban, sec, men, med, sum, max, bet, mmm, hfq, htp, hhh, aei]
CNN_LSTM;93.192654;11.0;4055.0;4055.0;174649.0;55513.0;14.0;93.193;93.193;93.193;[reg, sid, ban, sec, men, med, sum, max, bet, mmm, npp, hfq, htp, aei]
CNN_LSTM;93.18426;11.0;4060.0;4060.0;174644.0;55508.0;13.0;93.184;93.184;93.184;[reg, sid, ban, sec, men, med, sum, max, bet, mmm, htp, hhh, aei]
CNN_LSTM;93.177545;11.0;4064.0;4064.0;174640.0;55504.0;12.0;93.178;93.178;93.178;[reg, sid, ban, sec, men, med, sum, max, bet, npp, htp, aei]
CNN_LSTM;93.145649;11.0;4083.0;4083.0;174621.0;55485.0;9.0;93.146;93.146;93.146;[reg, sid, ban, sec, men, med, sum, max, htp]
ParallelCNNLSTMModel;93.140612;11.0;4086.0;4086.0;174618.0;55482.0;12.0;93.141;93.141;93.141;[reg, sid, ban, sec, men, med, sum, max, mmm, hfq, htp, hhh]
LSTM_CNN;93.100322;11.0;4110.0;4110.0;174594.0;55458.0;12.0;93.1;93.1;93.1;[reg, sid, ban, sec, men, med, sum, max, bet, hfq, htp, aei]
ParallelCNNLSTMModel;93.098644;11.0;4111.0;4111.0;174593.0;55457.0;12.0;93.099;93.099;93.099;[reg, sid, ban, sec, men, med, sum, max, mmm, hfq, hhh, aei]
LSTM_CNN;93.095286;11.0;4113.0;4113.0;174591.0;55455.0;11.0;93.095;93.095;93.095;[reg, sid, ban, sec, men, med, sum, max, bet, mmm, npp]
ParallelCNNLSTMModel;93.070105;11.0;4128.0;4128.0;174576.0;55440.0;10.0;93.07;93.07;93.07;[reg, sid, ban, sec, men, med, sum, bet, mmm, htp]
CNN_LSTM;93.053317;11.0;4138.0;4138.0;174566.0;55430.0;11.0;93.053;93.053;93.053;[reg, sid, ban, sec, men, med, sum, max, hfq, htp, aei]
LSTM_CNN;93.041566;11.0;4145.0;4145.0;174559.0;55423.0;14.0;93.042;93.042;93.042;[reg, sid, ban, sec, men, med, sum, max, bet, mmm, npp, hfq, htp, hhh]
CNN_LSTM;93.039887;11.0;4146.0;4146.0;174558.0;55422.0;11.0;93.04;93.04;93.04;[reg, sid, ban, sec, men, med, sum, mmm, htp, hhh, aei]
ParallelCNNLSTMModel;93.03653;11.0;4148.0;4148.0;174556.0;55420.0;13.0;93.037;93.037;93.037;[reg, sid, ban, sec, men, med, sum, aci, bet, npp, hfq, htp, hhh]
CNN_LSTM;93.006312;11.0;4166.0;4166.0;174538.0;55402.0;11.0;93.006;93.006;93.006;[reg, sid, ban, sec, men, med, sum, bet, htp, hhh, aei]
ParallelCNNLSTMModel;92.972737;11.0;4186.0;4186.0;174518.0;55382.0;12.0;92.973;92.973;92.973;[reg, sid, ban, sec, men, med, sum, bet, mmm, npp, hhh, aei]
CNN_LSTM;92.902229;11.0;4228.0;4228.0;174476.0;55340.0;12.0;92.902;92.902;92.902;[reg, sid, ban, sec, men, med, sum, bet, mmm, npp, hfq, hhh]
ParallelCNNLSTMModel;92.882084;11.0;4240.0;4240.0;174464.0;55328.0;14.0;92.882;92.882;92.882;[reg, sid, ban, sec, men, med, sum, aci, bet, mmm, npp, hfq, htp, aei]
LSTM_CNN;92.880406;11.0;4241.0;4241.0;174463.0;55327.0;12.0;92.88;92.88;92.88;[reg, sid, ban, sec, men, med, sum, max, bet, htp, hhh, aei]
LSTM_CNN;92.878727;11.0;4242.0;4242.0;174462.0;55326.0;12.0;92.879;92.879;92.879;[reg, sid, ban, sec, men, med, sum, bet, mmm, npp, hhh, aei]
LSTM_CNN;92.868654;11.0;4248.0;4248.0;174456.0;55320.0;12.0;92.869;92.869;92.869;[reg, sid, ban, sec, men, med, sum, max, mmm, hfq, htp, aei]
ParallelCNNLSTMModel;92.865297;11.0;4250.0;4250.0;174454.0;55318.0;13.0;92.865;92.865;92.865;[reg, sid, ban, sec, men, med, sum, max, bet, mmm, hfq, hhh, aei]
CNN_LSTM;92.860261;11.0;4253.0;4253.0;174451.0;55315.0;13.0;92.86;92.86;92.86;[reg, sid, ban, sec, men, med, sum, max, bet, mmm, npp, htp, hhh]
CNN_LSTM;92.848509;11.0;4260.0;4260.0;174444.0;55308.0;12.0;92.849;92.849;92.849;[reg, sid, ban, sec, men, med, sum, mmm, hfq, htp, hhh, aei]
ParallelCNNLSTMModel;92.816613;11.0;4279.0;4279.0;174425.0;55289.0;14.0;92.817;92.817;92.817;[reg, sid, ban, sec, men, med, sum, aci, bet, mmm, npp, hfq, hhh, aei]
ParallelCNNLSTMModel;92.799825;11.0;4289.0;4289.0;174415.0;55279.0;9.0;92.8;92.8;92.8;[reg, sid, ban, sec, men, med, sum, bet, htp]
LSTM_CNN;92.72596;11.0;4333.0;4333.0;174371.0;55235.0;12.0;92.726;92.726;92.726;[reg, sid, ban, sec, men, med, sum, max, bet, mmm, npp, hfq]
CNN_LSTM;92.635308;11.0;4387.0;4387.0;174317.0;55181.0;14.0;92.635;92.635;92.635;[reg, sid, ban, sec, men, med, sum, max, bet, mmm, npp, hfq, hhh, aei]
LSTM_CNN;92.630271;11.0;4390.0;4390.0;174314.0;55178.0;11.0;92.63;92.63;92.63;[reg, sid, ban, sec, men, med, sum, max, bet, htp, aei]
CNN_LSTM;92.630271;11.0;4390.0;4390.0;174314.0;55178.0;10.0;92.63;92.63;92.63;[reg, sid, ban, sec, men, med, sum, mmm, htp, hhh]
LSTM_CNN;92.625235;11.0;4393.0;4393.0;174311.0;55175.0;11.0;92.625;92.625;92.625;[reg, sid, ban, sec, men, med, sum, bet, hfq, htp, hhh]
ParallelCNNLSTMModel;92.589981;11.0;4414.0;4414.0;174290.0;55154.0;13.0;92.59;92.59;92.59;[reg, sid, ban, sec, men, med, sum, aci, bet, mmm, npp, htp, aei]
LSTM_CNN;92.586624;11.0;4416.0;4416.0;174288.0;55152.0;13.0;92.587;92.587;92.587;[reg, sid, ban, sec, men, med, sum, max, bet, npp, hfq, htp, hhh]
LSTM_CNN;92.541297;11.0;4443.0;4443.0;174261.0;55125.0;11.0;92.541;92.541;92.541;[reg, sid, ban, sec, men, med, sum, max, bet, npp, htp]
CNN_LSTM;92.539619;11.0;4444.0;4444.0;174260.0;55124.0;13.0;92.54;92.54;92.54;[reg, sid, ban, sec, men, med, sum, max, bet, mmm, hfq, htp, aei]
LSTM_CNN;92.522831;11.0;4454.0;4454.0;174250.0;55114.0;13.0;92.523;92.523;92.523;[reg, sid, ban, sec, men, med, sum, max, bet, npp, hfq, hhh, aei]
LSTM_CNN;92.455681;11.0;4494.0;4494.0;174210.0;55074.0;10.0;92.456;92.456;92.456;[reg, sid, ban, sec, men, med, sum, bet, htp, aei]
ParallelCNNLSTMModel;92.435536;11.0;4506.0;4506.0;174198.0;55062.0;11.0;92.436;92.436;92.436;[reg, sid, ban, sec, men, med, sum, bet, mmm, htp, aei]
LSTM_CNN;92.396925;11.0;4529.0;4529.0;174175.0;55039.0;12.0;92.397;92.397;92.397;[reg, sid, ban, sec, men, med, sum, max, bet, npp, hfq, htp]
CNN_LSTM;92.370064;11.0;4545.0;4545.0;174159.0;55023.0;14.0;92.37;92.37;92.37;[reg, sid, ban, sec, men, med, sum, max, aci, bet, mmm, npp, hhh, aei]
CNN_LSTM;92.339847;11.0;4563.0;4563.0;174141.0;55005.0;14.0;92.34;92.34;92.34;[reg, sid, ban, sec, men, med, sum, aci, bet, mmm, npp, htp, hhh, aei]
ParallelCNNLSTMModel;92.324738;11.0;4572.0;4572.0;174132.0;54996.0;13.0;92.325;92.325;92.325;[reg, sid, ban, sec, men, med, sum, max, aci, bet, npp, hhh, aei]
CNN_LSTM;92.324738;11.0;4572.0;4572.0;174132.0;54996.0;14.0;92.325;92.325;92.325;[reg, sid, ban, sec, men, med, sum, max, aci, bet, mmm, npp, hfq, aei]
LSTM_CNN;92.323059;11.0;4573.0;4573.0;174131.0;54995.0;12.0;92.323;92.323;92.323;[reg, sid, ban, sec, men, med, sum, bet, mmm, npp, hfq, hhh]
CNN_LSTM;92.284448;11.0;4596.0;4596.0;174108.0;54972.0;13.0;92.284;92.284;92.284;[reg, sid, ban, sec, men, med, sum, max, aci, bet, npp, hhh, aei]
ParallelCNNLSTMModel;92.276054;11.0;4601.0;4601.0;174103.0;54967.0;15.0;92.276;92.276;92.276;[reg, sid, ban, sec, men, med, sum, max, aci, bet, mmm, npp, hfq, htp, aei]
CNN_LSTM;92.234085;11.0;4626.0;4626.0;174078.0;54942.0;10.0;92.234;92.234;92.234;[reg, sid, ban, sec, men, med, sum, bet, mmm, htp]
ParallelCNNLSTMModel;92.230728;11.0;4628.0;4628.0;174076.0;54940.0;14.0;92.231;92.231;92.231;[reg, sid, ban, sec, men, med, sum, max, aci, bet, npp, hfq, htp, aei]
ParallelCNNLSTMModel;92.207225;11.0;4642.0;4642.0;174062.0;54926.0;11.0;92.207;92.207;92.207;[reg, sid, ban, sec, men, med, sum, max, hfq, hhh, aei]
ParallelCNNLSTMModel;92.192117;11.0;4651.0;4651.0;174053.0;54917.0;13.0;92.192;92.192;92.192;[reg, sid, ban, sec, men, med, sum, max, aci, bet, npp, hfq, hhh]
ParallelCNNLSTMModel;92.182044;11.0;4657.0;4657.0;174047.0;54911.0;13.0;92.182;92.182;92.182;[reg, sid, ban, sec, men, med, sum, max, aci, bet, mmm, npp, hfq]
LSTM_CNN;92.155184;11.0;4673.0;4673.0;174031.0;54895.0;12.0;92.155;92.155;92.155;[reg, sid, ban, sec, men, med, sum, bet, mmm, hfq, htp, aei]
ParallelCNNLSTMModel;92.143433;11.0;4680.0;4680.0;174024.0;54888.0;13.0;92.143;92.143;92.143;[reg, sid, ban, sec, men, med, sum, aci, bet, npp, hfq, hhh, aei]
ParallelCNNLSTMModel;92.114894;11.0;4697.0;4697.0;174007.0;54871.0;13.0;92.115;92.115;92.115;[reg, sid, ban, sec, men, med, sum, mmm, npp, hfq, htp, hhh, aei]
LSTM_CNN;92.113215;11.0;4698.0;4698.0;174006.0;54870.0;11.0;92.113;92.113;92.113;[reg, sid, ban, sec, men, med, sum, bet, htp, hhh, aei]
ParallelCNNLSTMModel;92.104821;11.0;4703.0;4703.0;174001.0;54865.0;14.0;92.105;92.105;92.105;[reg, sid, ban, sec, men, med, sum, max, aci, bet, mmm, npp, htp, hhh]
CNN_LSTM;92.103143;11.0;4704.0;4704.0;174000.0;54864.0;9.0;92.103;92.103;92.103;[reg, sid, ban, sec, men, med, sum, mmm, htp]
ParallelCNNLSTMModel;92.071246;11.0;4723.0;4723.0;173981.0;54845.0;12.0;92.071;92.071;92.071;[reg, sid, ban, sec, men, med, sum, aci, bet, npp, hhh, aei]
CNN_LSTM;92.059495;11.0;4730.0;4730.0;173974.0;54838.0;9.0;92.059;92.059;92.059;[reg, sid, ban, sec, men, med, sum, npp, hfq]
ParallelCNNLSTMModel;92.056138;11.0;4732.0;4732.0;173972.0;54836.0;13.0;92.056;92.056;92.056;[reg, sid, ban, sec, men, med, sum, max, npp, hfq, htp, hhh, aei]
CNN_LSTM;92.054459;11.0;4733.0;4733.0;173971.0;54835.0;10.0;92.054;92.054;92.054;[reg, sid, ban, sec, men, med, sum, npp, hfq, hhh]
CNN_LSTM;92.051101;11.0;4735.0;4735.0;173969.0;54833.0;10.0;92.051;92.051;92.051;[reg, sid, ban, sec, men, med, sum, max, npp, htp]
LSTM_CNN;92.049423;11.0;4736.0;4736.0;173968.0;54832.0;13.0;92.049;92.049;92.049;[reg, sid, ban, sec, men, med, sum, max, bet, npp, hfq, htp, aei]
CNN_LSTM;92.044386;11.0;4739.0;4739.0;173965.0;54829.0;10.0;92.044;92.044;92.044;[reg, sid, ban, sec, men, med, sum, bet, npp, hhh]
CNN_LSTM;92.042707;11.0;4740.0;4740.0;173964.0;54828.0;9.0;92.043;92.043;92.043;[reg, sid, ban, sec, men, med, sum, mmm, npp]
CNN_LSTM;92.035992;11.0;4744.0;4744.0;173960.0;54824.0;10.0;92.036;92.036;92.036;[reg, sid, ban, sec, men, med, sum, npp, hfq, htp]
ParallelCNNLSTMModel;92.030956;11.0;4747.0;4747.0;173957.0;54821.0;13.0;92.031;92.031;92.031;[reg, sid, ban, sec, men, med, sum, max, aci, bet, mmm, npp, hhh]
ParallelCNNLSTMModel;92.024241;11.0;4751.0;4751.0;173953.0;54817.0;12.0;92.024;92.024;92.024;[reg, sid, ban, sec, men, med, sum, aci, bet, npp, hfq, hhh]
ParallelCNNLSTMModel;92.020884;11.0;4753.0;4753.0;173951.0;54815.0;11.0;92.021;92.021;92.021;[reg, sid, ban, sec, men, med, sum, max, npp, hfq, hhh]
CNN_LSTM;92.020884;11.0;4753.0;4753.0;173951.0;54815.0;11.0;92.021;92.021;92.021;[reg, sid, ban, sec, men, med, sum, bet, hfq, htp, hhh]
LSTM_CNN;92.019205;11.0;4754.0;4754.0;173950.0;54814.0;14.0;92.019;92.019;92.019;[reg, sid, ban, sec, men, med, sum, max, aci, bet, mmm, npp, hfq, htp]
ParallelCNNLSTMModel;92.01249;11.0;4758.0;4758.0;173946.0;54810.0;13.0;92.012;92.012;92.012;[reg, sid, ban, sec, men, med, sum, max, aci, bet, mmm, npp, htp]
CNN_LSTM;92.000739;11.0;4765.0;4765.0;173939.0;54803.0;11.0;92.001;92.001;92.001;[reg, sid, ban, sec, men, med, sum, npp, hfq, htp, hhh]
ParallelCNNLSTMModel;91.990666;11.0;4771.0;4771.0;173933.0;54797.0;12.0;91.991;91.991;91.991;[reg, sid, ban, sec, men, med, sum, bet, mmm, hfq, hhh, aei]
ParallelCNNLSTMModel;91.988987;11.0;4772.0;4772.0;173932.0;54796.0;14.0;91.989;91.989;91.989;[reg, sid, ban, sec, men, med, sum, max, mmm, npp, hfq, htp, hhh, aei]
ParallelCNNLSTMModel;91.98563;11.0;4774.0;4774.0;173930.0;54794.0;11.0;91.986;91.986;91.986;[reg, sid, ban, sec, men, med, sum, max, npp, htp, aei]
ParallelCNNLSTMModel;91.983951;11.0;4775.0;4775.0;173929.0;54793.0;11.0;91.984;91.984;91.984;[reg, sid, ban, sec, men, med, sum, mmm, npp, htp, hhh]
CNN_LSTM;91.982272;11.0;4776.0;4776.0;173928.0;54792.0;13.0;91.982;91.982;91.982;[reg, sid, ban, sec, men, med, sum, aci, bet, npp, hfq, htp, hhh]
LSTM_CNN;91.975557;11.0;4780.0;4780.0;173924.0;54788.0;11.0;91.976;91.976;91.976;[reg, sid, ban, sec, men, med, sum, max, npp, htp, hhh]
CNN_LSTM;91.973879;11.0;4781.0;4781.0;173923.0;54787.0;9.0;91.974;91.974;91.974;[reg, sid, ban, sec, men, med, sum, npp, aei]
ParallelCNNLSTMModel;91.968842;11.0;4784.0;4784.0;173920.0;54784.0;12.0;91.969;91.969;91.969;[reg, sid, ban, sec, men, med, sum, max, mmm, npp, htp, aei]
CNN_LSTM;91.968842;11.0;4784.0;4784.0;173920.0;54784.0;12.0;91.969;91.969;91.969;[reg, sid, ban, sec, men, med, sum, max, mmm, npp, hfq, hhh]
ParallelCNNLSTMModel;91.962127;11.0;4788.0;4788.0;173916.0;54780.0;9.0;91.962;91.962;91.962;[reg, sid, ban, sec, men, med, sum, npp, hfq]
ParallelCNNLSTMModel;91.95877;11.0;4790.0;4790.0;173914.0;54778.0;10.0;91.959;91.959;91.959;[reg, sid, ban, sec, men, med, sum, mmm, npp, hfq]
CNN_LSTM;91.95877;11.0;4790.0;4790.0;173914.0;54778.0;10.0;91.959;91.959;91.959;[reg, sid, ban, sec, men, med, sum, mmm, npp, hfq]
LSTM_CNN;91.957091;11.0;4791.0;4791.0;173913.0;54777.0;12.0;91.957;91.957;91.957;[reg, sid, ban, sec, men, med, sum, mmm, npp, hfq, htp, aei]
CNN_LSTM;91.947019;11.0;4797.0;4797.0;173907.0;54771.0;12.0;91.947;91.947;91.947;[reg, sid, ban, sec, men, med, sum, aci, bet, mmm, npp, hhh]
ParallelCNNLSTMModel;91.936946;11.0;4803.0;4803.0;173901.0;54765.0;10.0;91.937;91.937;91.937;[reg, sid, ban, sec, men, med, sum, mmm, hhh, aei]
ParallelCNNLSTMModel;91.93191;11.0;4806.0;4806.0;173898.0;54762.0;11.0;91.932;91.932;91.932;[reg, sid, ban, sec, men, med, sum, npp, htp, hhh, aei]
CNN_LSTM;91.920158;11.0;4813.0;4813.0;173891.0;54755.0;11.0;91.92;91.92;91.92;[reg, sid, ban, sec, men, med, sum, mmm, npp, htp, hhh]
LSTM_CNN;91.920158;11.0;4813.0;4813.0;173891.0;54755.0;12.0;91.92;91.92;91.92;[reg, sid, ban, sec, men, med, sum, max, mmm, npp, hfq, htp]
ParallelCNNLSTMModel;91.910086;11.0;4819.0;4819.0;173885.0;54749.0;10.0;91.91;91.91;91.91;[reg, sid, ban, sec, men, med, sum, max, npp, hfq]
ParallelCNNLSTMModel;91.901692;11.0;4824.0;4824.0;173880.0;54744.0;12.0;91.902;91.902;91.902;[reg, sid, ban, sec, men, med, sum, max, bet, mmm, hfq, aei]
ParallelCNNLSTMModel;91.896656;11.0;4827.0;4827.0;173877.0;54741.0;12.0;91.897;91.897;91.897;[reg, sid, ban, sec, men, med, sum, max, npp, htp, hhh, aei]
LSTM_CNN;91.894977;11.0;4828.0;4828.0;173876.0;54740.0;10.0;91.895;91.895;91.895;[reg, sid, ban, sec, men, med, sum, mmm, npp, hfq]
ParallelCNNLSTMModel;91.888262;11.0;4832.0;4832.0;173872.0;54736.0;11.0;91.888;91.888;91.888;[reg, sid, ban, sec, men, med, sum, max, mmm, npp, htp]
CNN_LSTM;91.886583;11.0;4833.0;4833.0;173871.0;54735.0;13.0;91.887;91.887;91.887;[reg, sid, ban, sec, men, med, sum, aci, bet, mmm, npp, hfq, hhh]
ParallelCNNLSTMModel;91.876511;11.0;4839.0;4839.0;173865.0;54729.0;10.0;91.877;91.877;91.877;[reg, sid, ban, sec, men, med, sum, max, npp, hhh]
ParallelCNNLSTMModel;91.871475;11.0;4842.0;4842.0;173862.0;54726.0;12.0;91.871;91.871;91.871;[reg, sid, ban, sec, men, med, sum, max, mmm, npp, hfq, aei]
CNN_LSTM;91.861402;11.0;4848.0;4848.0;173856.0;54720.0;11.0;91.861;91.861;91.861;[reg, sid, ban, sec, men, med, sum, max, mmm, npp, aei]
ParallelCNNLSTMModel;91.847972;11.0;4856.0;4856.0;173848.0;54712.0;11.0;91.848;91.848;91.848;[reg, sid, ban, sec, men, med, sum, max, aci, bet, npp]
CNN_LSTM;91.836221;11.0;4863.0;4863.0;173841.0;54705.0;13.0;91.836;91.836;91.836;[reg, sid, ban, sec, men, med, sum, max, npp, hfq, htp, hhh, aei]
CNN_LSTM;91.832863;11.0;4865.0;4865.0;173839.0;54703.0;13.0;91.833;91.833;91.833;[reg, sid, ban, sec, men, med, sum, aci, bet, mmm, npp, hfq, htp]
CNN_LSTM;91.827827;11.0;4868.0;4868.0;173836.0;54700.0;10.0;91.828;91.828;91.828;[reg, sid, ban, sec, men, med, sum, bet, hfq, htp]
ParallelCNNLSTMModel;91.827827;11.0;4868.0;4868.0;173836.0;54700.0;10.0;91.828;91.828;91.828;[reg, sid, ban, sec, men, med, sum, max, npp, htp]
ParallelCNNLSTMModel;91.826148;11.0;4869.0;4869.0;173835.0;54699.0;12.0;91.826;91.826;91.826;[reg, sid, ban, sec, men, med, sum, max, mmm, npp, hhh, aei]
CNN_LSTM;91.82447;11.0;4870.0;4870.0;173834.0;54698.0;12.0;91.824;91.824;91.824;[reg, sid, ban, sec, men, med, sum, bet, hfq, htp, hhh, aei]
ParallelCNNLSTMModel;91.822791;11.0;4871.0;4871.0;173833.0;54697.0;12.0;91.823;91.823;91.823;[reg, sid, ban, sec, men, med, sum, max, hfq, htp, hhh, aei]
CNN_LSTM;91.822791;11.0;4871.0;4871.0;173833.0;54697.0;10.0;91.823;91.823;91.823;[reg, sid, ban, sec, men, med, sum, max, bet, npp]
LSTM_CNN;91.819433;11.0;4873.0;4873.0;173831.0;54695.0;11.0;91.819;91.819;91.819;[reg, sid, ban, sec, men, med, sum, npp, hfq, htp, hhh]
ParallelCNNLSTMModel;91.819433;11.0;4873.0;4873.0;173831.0;54695.0;13.0;91.819;91.819;91.819;[reg, sid, ban, sec, men, med, sum, max, aci, bet, mmm, npp, aei]
ParallelCNNLSTMModel;91.816076;11.0;4875.0;4875.0;173829.0;54693.0;11.0;91.816;91.816;91.816;[reg, sid, ban, sec, men, med, sum, max, npp, htp, hhh]
CNN_LSTM;91.816076;11.0;4875.0;4875.0;173829.0;54693.0;12.0;91.816;91.816;91.816;[reg, sid, ban, sec, men, med, sum, max, bet, mmm, htp, aei]
ParallelCNNLSTMModel;91.812718;11.0;4877.0;4877.0;173827.0;54691.0;11.0;91.813;91.813;91.813;[reg, sid, ban, sec, men, med, sum, mmm, npp, htp, aei]
ParallelCNNLSTMModel;91.812718;11.0;4877.0;4877.0;173827.0;54691.0;14.0;91.813;91.813;91.813;[reg, sid, ban, sec, men, med, sum, aci, bet, mmm, npp, hfq, htp, hhh]
ParallelCNNLSTMModel;91.811039;11.0;4878.0;4878.0;173826.0;54690.0;13.0;91.811;91.811;91.811;[reg, sid, ban, sec, men, med, sum, max, mmm, npp, hfq, hhh, aei]
LSTM_CNN;91.807682;11.0;4880.0;4880.0;173824.0;54688.0;13.0;91.808;91.808;91.808;[reg, sid, ban, sec, men, med, sum, max, mmm, npp, htp, hhh, aei]
ParallelCNNLSTMModel;91.802646;11.0;4883.0;4883.0;173821.0;54685.0;11.0;91.803;91.803;91.803;[reg, sid, ban, sec, men, med, sum, mmm, npp, hhh, aei]
CNN_LSTM;91.800967;11.0;4884.0;4884.0;173820.0;54684.0;14.0;91.801;91.801;91.801;[reg, sid, ban, sec, men, med, sum, max, aci, bet, mmm, npp, hfq, htp]
CNN_LSTM;91.799288;11.0;4885.0;4885.0;173819.0;54683.0;10.0;91.799;91.799;91.799;[reg, sid, ban, sec, men, med, sum, mmm, npp, hhh]
ParallelCNNLSTMModel;91.789216;11.0;4891.0;4891.0;173813.0;54677.0;11.0;91.789;91.789;91.789;[reg, sid, ban, sec, men, med, sum, mmm, npp, hfq, hhh]
CNN_LSTM;91.785858;11.0;4893.0;4893.0;173811.0;54675.0;12.0;91.786;91.786;91.786;[reg, sid, ban, sec, men, med, sum, mmm, npp, htp, hhh, aei]
ParallelCNNLSTMModel;91.780822;11.0;4896.0;4896.0;173808.0;54672.0;8.0;91.781;91.781;91.781;[reg, sid, ban, sec, men, med, sum, npp]
CNN_LSTM;91.762356;11.0;4907.0;4907.0;173797.0;54661.0;13.0;91.762;91.762;91.762;[reg, sid, ban, sec, men, med, sum, aci, bet, mmm, npp, hfq, aei]
CNN_LSTM;91.758998;11.0;4909.0;4909.0;173795.0;54659.0;11.0;91.759;91.759;91.759;[reg, sid, ban, sec, men, med, sum, aci, bet, npp, hhh]
CNN_LSTM;91.757319;11.0;4910.0;4910.0;173794.0;54658.0;12.0;91.757;91.757;91.757;[reg, sid, ban, sec, men, med, sum, max, aci, bet, npp, htp]
ParallelCNNLSTMModel;91.752283;11.0;4913.0;4913.0;173791.0;54655.0;9.0;91.752;91.752;91.752;[reg, sid, ban, sec, men, med, sum, npp, hhh]
LSTM_CNN;91.748926;11.0;4915.0;4915.0;173789.0;54653.0;10.0;91.749;91.749;91.749;[reg, sid, ban, sec, men, med, sum, npp, htp, aei]
LSTM_CNN;91.733817;11.0;4924.0;4924.0;173780.0;54644.0;10.0;91.734;91.734;91.734;[reg, sid, ban, sec, men, med, sum, max, npp, hhh]
CNN_LSTM;91.732138;11.0;4925.0;4925.0;173779.0;54643.0;11.0;91.732;91.732;91.732;[reg, sid, ban, sec, men, med, sum, max, bet, hfq, htp]
CNN_LSTM;91.727102;11.0;4928.0;4928.0;173776.0;54640.0;13.0;91.727;91.727;91.727;[reg, sid, ban, sec, men, med, sum, max, mmm, npp, hfq, htp, hhh]
CNN_LSTM;91.723744;11.0;4930.0;4930.0;173774.0;54638.0;13.0;91.724;91.724;91.724;[reg, sid, ban, sec, men, med, sum, max, aci, bet, npp, hfq, htp]
ParallelCNNLSTMModel;91.722066;11.0;4931.0;4931.0;173773.0;54637.0;11.0;91.722;91.722;91.722;[reg, sid, ban, sec, men, med, sum, aci, bet, npp, hfq]
ParallelCNNLSTMModel;91.717029;11.0;4934.0;4934.0;173770.0;54634.0;14.0;91.717;91.717;91.717;[reg, sid, ban, sec, men, med, sum, max, aci, bet, npp, htp, hhh, aei]
ParallelCNNLSTMModel;91.711993;11.0;4937.0;4937.0;173767.0;54631.0;10.0;91.712;91.712;91.712;[reg, sid, ban, sec, men, med, sum, mmm, npp, htp]
CNN_LSTM;91.698563;11.0;4945.0;4945.0;173759.0;54623.0;11.0;91.699;91.699;91.699;[reg, sid, ban, sec, men, med, sum, max, mmm, npp, htp]
LSTM_CNN;91.698563;11.0;4945.0;4945.0;173759.0;54623.0;12.0;91.699;91.699;91.699;[reg, sid, ban, sec, men, med, sum, max, mmm, npp, hfq, aei]
CNN_LSTM;91.698563;11.0;4945.0;4945.0;173759.0;54623.0;15.0;91.699;91.699;91.699;[reg, sid, ban, sec, men, med, sum, max, aci, bet, mmm, npp, hfq, htp, aei]
LSTM_CNN;91.696884;11.0;4946.0;4946.0;173758.0;54622.0;10.0;91.697;91.697;91.697;[reg, sid, ban, sec, men, med, sum, max, npp, htp]
LSTM_CNN;91.696884;11.0;4946.0;4946.0;173758.0;54622.0;10.0;91.697;91.697;91.697;[reg, sid, ban, sec, men, med, sum, mmm, npp, hhh]
CNN_LSTM;91.695205;11.0;4947.0;4947.0;173757.0;54621.0;14.0;91.695;91.695;91.695;[reg, sid, ban, sec, men, med, sum, max, mmm, npp, hfq, htp, hhh, aei]
ParallelCNNLSTMModel;91.693527;11.0;4948.0;4948.0;173756.0;54620.0;12.0;91.694;91.694;91.694;[reg, sid, ban, sec, men, med, sum, max, npp, hfq, htp, aei]
ParallelCNNLSTMModel;91.693527;11.0;4948.0;4948.0;173756.0;54620.0;10.0;91.694;91.694;91.694;[reg, sid, ban, sec, men, med, sum, npp, hfq, aei]
ParallelCNNLSTMModel;91.693527;11.0;4948.0;4948.0;173756.0;54620.0;12.0;91.694;91.694;91.694;[reg, sid, ban, sec, men, med, sum, mmm, npp, hfq, htp, hhh]
ParallelCNNLSTMModel;91.68849;11.0;4951.0;4951.0;173753.0;54617.0;10.0;91.688;91.688;91.688;[reg, sid, ban, sec, men, med, sum, npp, hfq, htp]
CNN_LSTM;91.68849;11.0;4951.0;4951.0;173753.0;54617.0;14.0;91.688;91.688;91.688;[reg, sid, ban, sec, men, med, sum, max, aci, bet, mmm, npp, hfq, hhh]
LSTM_CNN;91.686812;11.0;4952.0;4952.0;173752.0;54616.0;8.0;91.687;91.687;91.687;[reg, sid, ban, sec, men, med, sum, npp]
ParallelCNNLSTMModel;91.686812;11.0;4952.0;4952.0;173752.0;54616.0;14.0;91.687;91.687;91.687;[reg, sid, ban, sec, men, med, sum, aci, bet, mmm, npp, htp, hhh, aei]
ParallelCNNLSTMModel;91.685133;11.0;4953.0;4953.0;173751.0;54615.0;13.0;91.685;91.685;91.685;[reg, sid, ban, sec, men, med, sum, max, mmm, npp, htp, hhh, aei]
CNN_LSTM;91.683454;11.0;4954.0;4954.0;173750.0;54614.0;11.0;91.683;91.683;91.683;[reg, sid, ban, sec, men, med, sum, mmm, npp, hfq, hhh]
ParallelCNNLSTMModel;91.683454;11.0;4954.0;4954.0;173750.0;54614.0;15.0;91.683;91.683;91.683;[reg, sid, ban, sec, men, med, sum, max, aci, bet, npp, hfq, htp, hhh, aei]
ParallelCNNLSTMModel;91.678418;11.0;4957.0;4957.0;173747.0;54611.0;12.0;91.678;91.678;91.678;[reg, sid, ban, sec, men, med, sum, aci, bet, mmm, npp, hhh]
ParallelCNNLSTMModel;91.676739;11.0;4958.0;4958.0;173746.0;54610.0;12.0;91.677;91.677;91.677;[reg, sid, ban, sec, men, med, sum, mmm, npp, htp, hhh, aei]
LSTM_CNN;91.671703;11.0;4961.0;4961.0;173743.0;54607.0;11.0;91.672;91.672;91.672;[reg, sid, ban, sec, men, med, sum, mmm, npp, htp, hhh]
ParallelCNNLSTMModel;91.666667;11.0;4964.0;4964.0;173740.0;54604.0;10.0;91.667;91.667;91.667;[reg, sid, ban, sec, men, med, sum, max, npp, aei]
ParallelCNNLSTMModel;91.659952;11.0;4968.0;4968.0;173736.0;54600.0;9.0;91.66;91.66;91.66;[reg, sid, ban, sec, men, med, sum, mmm, npp]
ParallelCNNLSTMModel;91.654915;11.0;4971.0;4971.0;173733.0;54597.0;12.0;91.655;91.655;91.655;[reg, sid, ban, sec, men, med, sum, aci, bet, mmm, npp, aei]
LSTM_CNN;91.6482;11.0;4975.0;4975.0;173729.0;54593.0;12.0;91.648;91.648;91.648;[reg, sid, ban, sec, men, med, sum, npp, hfq, htp, hhh, aei]
ParallelCNNLSTMModel;91.646522;11.0;4976.0;4976.0;173728.0;54592.0;12.0;91.647;91.647;91.647;[reg, sid, ban, sec, men, med, sum, npp, hfq, htp, hhh, aei]
CNN_LSTM;91.644843;11.0;4977.0;4977.0;173727.0;54591.0;10.0;91.645;91.645;91.645;[reg, sid, ban, sec, men, med, sum, mmm, npp, aei]
CNN_LSTM;91.638128;11.0;4981.0;4981.0;173723.0;54587.0;12.0;91.638;91.638;91.638;[reg, sid, ban, sec, men, med, sum, max, bet, hfq, htp, aei]
ParallelCNNLSTMModel;91.638128;11.0;4981.0;4981.0;173723.0;54587.0;10.0;91.638;91.638;91.638;[reg, sid, ban, sec, men, med, sum, npp, htp, hhh]
CNN_LSTM;91.636449;11.0;4982.0;4982.0;173722.0;54586.0;11.0;91.636;91.636;91.636;[reg, sid, ban, sec, men, med, sum, max, npp, htp, hhh]
ParallelCNNLSTMModel;91.636449;11.0;4982.0;4982.0;173722.0;54586.0;13.0;91.636;91.636;91.636;[reg, sid, ban, sec, men, med, sum, max, mmm, npp, hfq, htp, hhh]
CNN_LSTM;91.628055;11.0;4987.0;4987.0;173717.0;54581.0;11.0;91.628;91.628;91.628;[reg, sid, ban, sec, men, med, sum, npp, hfq, hhh, aei]
CNN_LSTM;91.62134;11.0;4991.0;4991.0;173713.0;54577.0;11.0;91.621;91.621;91.621;[reg, sid, ban, sec, men, med, sum, max, hfq, htp, hhh]
CNN_LSTM;91.616304;11.0;4994.0;4994.0;173710.0;54574.0;12.0;91.616;91.616;91.616;[reg, sid, ban, sec, men, med, sum, max, mmm, npp, htp, aei]
CNN_LSTM;91.616304;11.0;4994.0;4994.0;173710.0;54574.0;12.0;91.616;91.616;91.616;[reg, sid, ban, sec, men, med, sum, max, npp, htp, hhh, aei]
CNN_LSTM;91.614625;11.0;4995.0;4995.0;173709.0;54573.0;14.0;91.615;91.615;91.615;[reg, sid, ban, sec, men, med, sum, max, aci, bet, npp, hfq, hhh, aei]
LSTM_CNN;91.614625;11.0;4995.0;4995.0;173709.0;54573.0;11.0;91.615;91.615;91.615;[reg, sid, ban, sec, men, med, sum, max, mmm, npp, htp]
ParallelCNNLSTMModel;91.612947;11.0;4996.0;4996.0;173708.0;54572.0;16.0;91.613;91.613;91.613;[reg, sid, ban, sec, men, med, sum, max, aci, bet, mmm, npp, hfq, htp, hhh, aei]
CNN_LSTM;91.604553;11.0;5001.0;5001.0;173703.0;54567.0;11.0;91.605;91.605;91.605;[reg, sid, ban, sec, men, med, sum, max, npp, htp, aei]
ParallelCNNLSTMModel;91.597838;11.0;5005.0;5005.0;173699.0;54563.0;13.0;91.598;91.598;91.598;[reg, sid, ban, sec, men, med, sum, aci, bet, mmm, npp, hfq, hhh]
CNN_LSTM;91.592802;11.0;5008.0;5008.0;173696.0;54560.0;13.0;91.593;91.593;91.593;[reg, sid, ban, sec, men, med, sum, aci, bet, mmm, npp, htp, hhh]
CNN_LSTM;91.591123;11.0;5009.0;5009.0;173695.0;54559.0;9.0;91.591;91.591;91.591;[reg, sid, ban, sec, men, med, sum, npp, htp]
ParallelCNNLSTMModel;91.584408;11.0;5013.0;5013.0;173691.0;54555.0;11.0;91.584;91.584;91.584;[reg, sid, ban, sec, men, med, sum, max, mmm, npp, hhh]
ParallelCNNLSTMModel;91.570978;11.0;5021.0;5021.0;173683.0;54547.0;11.0;91.571;91.571;91.571;[reg, sid, ban, sec, men, med, sum, npp, hfq, htp, aei]
ParallelCNNLSTMModel;91.569299;11.0;5022.0;5022.0;173682.0;54546.0;11.0;91.569;91.569;91.569;[reg, sid, ban, sec, men, med, sum, mmm, hfq, hhh, aei]
LSTM_CNN;91.56762;11.0;5023.0;5023.0;173681.0;54545.0;10.0;91.568;91.568;91.568;[reg, sid, ban, sec, men, med, sum, npp, hfq, htp]
CNN_LSTM;91.562584;11.0;5026.0;5026.0;173678.0;54542.0;12.0;91.563;91.563;91.563;[reg, sid, ban, sec, men, med, sum, max, npp, hfq, htp, hhh]
ParallelCNNLSTMModel;91.555869;11.0;5030.0;5030.0;173674.0;54538.0;14.0;91.556;91.556;91.556;[reg, sid, ban, sec, men, med, sum, max, aci, bet, npp, hfq, htp, hhh]
ParallelCNNLSTMModel;91.55419;11.0;5031.0;5031.0;173673.0;54537.0;10.0;91.554;91.554;91.554;[reg, sid, ban, sec, men, med, sum, mmm, htp, aei]
ParallelCNNLSTMModel;91.545796;11.0;5036.0;5036.0;173668.0;54532.0;12.0;91.546;91.546;91.546;[reg, sid, ban, sec, men, med, sum, max, mmm, npp, hfq, htp]
ParallelCNNLSTMModel;91.537403;11.0;5041.0;5041.0;173663.0;54527.0;12.0;91.537;91.537;91.537;[reg, sid, ban, sec, men, med, sum, max, bet, mmm, hhh, aei]
LSTM_CNN;91.534045;11.0;5043.0;5043.0;173661.0;54525.0;14.0;91.534;91.534;91.534;[reg, sid, ban, sec, men, med, sum, aci, bet, npp, hfq, htp, hhh, aei]
ParallelCNNLSTMModel;91.532366;11.0;5044.0;5044.0;173660.0;54524.0;14.0;91.532;91.532;91.532;[reg, sid, ban, sec, men, med, sum, max, aci, bet, mmm, npp, hfq, hhh]
LSTM_CNN;91.52733;11.0;5047.0;5047.0;173657.0;54521.0;12.0;91.527;91.527;91.527;[reg, sid, ban, sec, men, med, sum, max, aci, bet, npp, hfq]
LSTM_CNN;91.517258;11.0;5053.0;5053.0;173651.0;54515.0;13.0;91.517;91.517;91.517;[reg, sid, ban, sec, men, med, sum, max, mmm, npp, hfq, htp, hhh]
CNN_LSTM;91.507185;11.0;5059.0;5059.0;173645.0;54509.0;11.0;91.507;91.507;91.507;[reg, sid, ban, sec, men, med, sum, npp, htp, hhh, aei]
ParallelCNNLSTMModel;91.507185;11.0;5059.0;5059.0;173645.0;54509.0;12.0;91.507;91.507;91.507;[reg, sid, ban, sec, men, med, sum, max, mmm, npp, htp, hhh]
LSTM_CNN;91.502149;11.0;5062.0;5062.0;173642.0;54506.0;10.0;91.502;91.502;91.502;[reg, sid, ban, sec, men, med, sum, mmm, npp, aei]
CNN_LSTM;91.50047;11.0;5063.0;5063.0;173641.0;54505.0;11.0;91.5;91.5;91.5;[reg, sid, ban, sec, men, med, sum, mmm, hfq, htp, hhh]
LSTM_CNN;91.498791;11.0;5064.0;5064.0;173640.0;54504.0;12.0;91.499;91.499;91.499;[reg, sid, ban, sec, men, med, sum, aci, bet, npp, hhh, aei]
LSTM_CNN;91.495434;11.0;5066.0;5066.0;173638.0;54502.0;13.0;91.495;91.495;91.495;[reg, sid, ban, sec, men, med, sum, max, mmm, npp, hfq, hhh, aei]
CNN_LSTM;91.488719;11.0;5070.0;5070.0;173634.0;54498.0;12.0;91.489;91.489;91.489;[reg, sid, ban, sec, men, med, sum, mmm, npp, hfq, htp, aei]
CNN_LSTM;91.488719;11.0;5070.0;5070.0;173634.0;54498.0;12.0;91.489;91.489;91.489;[reg, sid, ban, sec, men, med, sum, max, npp, hfq, htp, aei]
CNN_LSTM;91.485361;11.0;5072.0;5072.0;173632.0;54496.0;11.0;91.485;91.485;91.485;[reg, sid, ban, sec, men, med, sum, mmm, npp, hhh, aei]
ParallelCNNLSTMModel;91.483683;11.0;5073.0;5073.0;173631.0;54495.0;12.0;91.484;91.484;91.484;[reg, sid, ban, sec, men, med, sum, mmm, npp, hfq, htp, aei]
LSTM_CNN;91.478646;11.0;5076.0;5076.0;173628.0;54492.0;13.0;91.479;91.479;91.479;[reg, sid, ban, sec, men, med, sum, bet, npp, hfq, htp, hhh, aei]
ParallelCNNLSTMModel;91.475289;11.0;5078.0;5078.0;173626.0;54490.0;12.0;91.475;91.475;91.475;[reg, sid, ban, sec, men, med, sum, max, npp, hfq, htp, hhh]
CNN_LSTM;91.471931;11.0;5080.0;5080.0;173624.0;54488.0;12.0;91.472;91.472;91.472;[reg, sid, ban, sec, men, med, sum, max, mmm, npp, hfq, aei]
ParallelCNNLSTMModel;91.463537;11.0;5085.0;5085.0;173619.0;54483.0;11.0;91.464;91.464;91.464;[reg, sid, ban, sec, men, med, sum, max, npp, hhh, aei]
CNN_LSTM;91.461859;11.0;5086.0;5086.0;173618.0;54482.0;11.0;91.462;91.462;91.462;[reg, sid, ban, sec, men, med, sum, mmm, npp, htp, aei]
ParallelCNNLSTMModel;91.46018;11.0;5087.0;5087.0;173617.0;54481.0;11.0;91.46;91.46;91.46;[reg, sid, ban, sec, men, med, sum, bet, mmm, hfq, aei]
LSTM_CNN;91.46018;11.0;5087.0;5087.0;173617.0;54481.0;12.0;91.46;91.46;91.46;[reg, sid, ban, sec, men, med, sum, max, npp, hfq, htp, hhh]
ParallelCNNLSTMModel;91.453465;11.0;5091.0;5091.0;173613.0;54477.0;12.0;91.453;91.453;91.453;[reg, sid, ban, sec, men, med, sum, max, mmm, npp, hfq, hhh]
ParallelCNNLSTMModel;91.450107;11.0;5093.0;5093.0;173611.0;54475.0;11.0;91.45;91.45;91.45;[reg, sid, ban, sec, men, med, sum, max, mmm, hfq, aei]
CNN_LSTM;91.438356;11.0;5100.0;5100.0;173604.0;54468.0;15.0;91.438;91.438;91.438;[reg, sid, ban, sec, men, med, sum, max, aci, bet, mmm, npp, hfq, hhh, aei]
CNN_LSTM;91.429962;11.0;5105.0;5105.0;173599.0;54463.0;12.0;91.43;91.43;91.43;[reg, sid, ban, sec, men, med, sum, max, mmm, npp, hhh, aei]
CNN_LSTM;91.428284;11.0;5106.0;5106.0;173598.0;54462.0;12.0;91.428;91.428;91.428;[reg, sid, ban, sec, men, med, sum, max, bet, mmm, hhh, aei]
LSTM_CNN;91.424926;11.0;5108.0;5108.0;173596.0;54460.0;11.0;91.425;91.425;91.425;[reg, sid, ban, sec, men, med, sum, max, mmm, npp, hfq]
ParallelCNNLSTMModel;91.424926;11.0;5108.0;5108.0;173596.0;54460.0;13.0;91.425;91.425;91.425;[reg, sid, ban, sec, men, med, sum, aci, bet, npp, htp, hhh, aei]
CNN_LSTM;91.423247;11.0;5109.0;5109.0;173595.0;54459.0;9.0;91.423;91.423;91.423;[reg, sid, ban, sec, men, med, sum, npp, hhh]
CNN_LSTM;91.423247;11.0;5109.0;5109.0;173595.0;54459.0;13.0;91.423;91.423;91.423;[reg, sid, ban, sec, men, med, sum, max, mmm, npp, hfq, htp, aei]
CNN_LSTM;91.413175;11.0;5115.0;5115.0;173589.0;54453.0;12.0;91.413;91.413;91.413;[reg, sid, ban, sec, men, med, sum, max, bet, hfq, hhh, aei]
ParallelCNNLSTMModel;91.408139;11.0;5118.0;5118.0;173586.0;54450.0;13.0;91.408;91.408;91.408;[reg, sid, ban, sec, men, med, sum, max, mmm, npp, hfq, htp, aei]
LSTM_CNN;91.408139;11.0;5118.0;5118.0;173586.0;54450.0;12.0;91.408;91.408;91.408;[reg, sid, ban, sec, men, med, sum, max, mmm, npp, htp, hhh]
CNN_LSTM;91.401424;11.0;5122.0;5122.0;173582.0;54446.0;12.0;91.401;91.401;91.401;[reg, sid, ban, sec, men, med, sum, mmm, npp, hfq, hhh, aei]
CNN_LSTM;91.398066;11.0;5124.0;5124.0;173580.0;54444.0;13.0;91.398;91.398;91.398;[reg, sid, ban, sec, men, med, sum, max, aci, bet, npp, hfq, hhh]
CNN_LSTM;91.396387;11.0;5125.0;5125.0;173579.0;54443.0;10.0;91.396;91.396;91.396;[reg, sid, ban, sec, men, med, sum, mmm, npp, htp]
ParallelCNNLSTMModel;91.396387;11.0;5125.0;5125.0;173579.0;54443.0;9.0;91.396;91.396;91.396;[reg, sid, ban, sec, men, med, sum, npp, aei]
CNN_LSTM;91.387994;11.0;5130.0;5130.0;173574.0;54438.0;13.0;91.388;91.388;91.388;[reg, sid, ban, sec, men, med, sum, aci, bet, npp, htp, hhh, aei]
ParallelCNNLSTMModel;91.384636;11.0;5132.0;5132.0;173572.0;54436.0;14.0;91.385;91.385;91.385;[reg, sid, ban, sec, men, med, sum, max, aci, bet, mmm, npp, hfq, htp]
LSTM_CNN;91.381279;11.0;5134.0;5134.0;173570.0;54434.0;12.0;91.381;91.381;91.381;[reg, sid, ban, sec, men, med, sum, mmm, npp, htp, hhh, aei]
CNN_LSTM;91.3796;11.0;5135.0;5135.0;173569.0;54433.0;10.0;91.38;91.38;91.38;[reg, sid, ban, sec, men, med, sum, max, npp, aei]
ParallelCNNLSTMModel;91.376242;11.0;5137.0;5137.0;173567.0;54431.0;10.0;91.376;91.376;91.376;[reg, sid, ban, sec, men, med, sum, npp, hfq, hhh]
CNN_LSTM;91.372885;11.0;5139.0;5139.0;173565.0;54429.0;10.0;91.373;91.373;91.373;[reg, sid, ban, sec, men, med, sum, npp, htp, aei]
LSTM_CNN;91.369527;11.0;5141.0;5141.0;173563.0;54427.0;11.0;91.37;91.37;91.37;[reg, sid, ban, sec, men, med, sum, max, mmm, npp, aei]
CNN_LSTM;91.367849;11.0;5142.0;5142.0;173562.0;54426.0;10.0;91.368;91.368;91.368;[reg, sid, ban, sec, men, med, sum, npp, hfq, aei]
ParallelCNNLSTMModel;91.359455;11.0;5147.0;5147.0;173557.0;54421.0;9.0;91.359;91.359;91.359;[reg, sid, ban, sec, men, med, sum, max, npp]
CNN_LSTM;91.357776;11.0;5148.0;5148.0;173556.0;54420.0;11.0;91.358;91.358;91.358;[reg, sid, ban, sec, men, med, sum, max, npp, hfq, aei]
LSTM_CNN;91.35274;11.0;5151.0;5151.0;173553.0;54417.0;12.0;91.353;91.353;91.353;[reg, sid, ban, sec, men, med, sum, mmm, npp, hfq, htp, hhh]
LSTM_CNN;91.349382;11.0;5153.0;5153.0;173551.0;54415.0;12.0;91.349;91.349;91.349;[reg, sid, ban, sec, men, med, sum, max, npp, hfq, hhh, aei]
ParallelCNNLSTMModel;91.334273;11.0;5162.0;5162.0;173542.0;54406.0;10.0;91.334;91.334;91.334;[reg, sid, ban, sec, men, med, sum, max, hfq, aei]
CNN_LSTM;91.330916;11.0;5164.0;5164.0;173540.0;54404.0;11.0;91.331;91.331;91.331;[reg, sid, ban, sec, men, med, sum, bet, mmm, hhh, aei]
LSTM_CNN;91.330916;11.0;5164.0;5164.0;173540.0;54404.0;12.0;91.331;91.331;91.331;[reg, sid, ban, sec, men, med, sum, max, npp, htp, hhh, aei]
CNN_LSTM;91.32588;11.0;5167.0;5167.0;173537.0;54401.0;11.0;91.326;91.326;91.326;[reg, sid, ban, sec, men, med, sum, aci, bet, npp, aei]
CNN_LSTM;91.32588;11.0;5167.0;5167.0;173537.0;54401.0;12.0;91.326;91.326;91.326;[reg, sid, ban, sec, men, med, sum, max, npp, hfq, hhh, aei]
CNN_LSTM;91.32588;11.0;5167.0;5167.0;173537.0;54401.0;12.0;91.326;91.326;91.326;[reg, sid, ban, sec, men, med, sum, bet, mmm, hfq, hhh, aei]
LSTM_CNN;91.322522;11.0;5169.0;5169.0;173535.0;54399.0;11.0;91.323;91.323;91.323;[reg, sid, ban, sec, men, med, sum, mmm, npp, hfq, htp]
LSTM_CNN;91.307413;11.0;5178.0;5178.0;173526.0;54390.0;11.0;91.307;91.307;91.307;[reg, sid, ban, sec, men, med, sum, npp, hfq, htp, aei]
CNN_LSTM;91.300698;11.0;5182.0;5182.0;173522.0;54386.0;12.0;91.301;91.301;91.301;[reg, sid, ban, sec, men, med, sum, max, aci, bet, npp, aei]
LSTM_CNN;91.29902;11.0;5183.0;5183.0;173521.0;54385.0;10.0;91.299;91.299;91.299;[reg, sid, ban, sec, men, med, sum, max, npp, hfq]
ParallelCNNLSTMModel;91.295662;11.0;5185.0;5185.0;173519.0;54383.0;9.0;91.296;91.296;91.296;[reg, sid, ban, sec, men, med, sum, npp, htp]
LSTM_CNN;91.295662;11.0;5185.0;5185.0;173519.0;54383.0;11.0;91.296;91.296;91.296;[reg, sid, ban, sec, men, med, sum, npp, htp, hhh, aei]
ParallelCNNLSTMModel;91.293983;11.0;5186.0;5186.0;173518.0;54382.0;11.0;91.294;91.294;91.294;[reg, sid, ban, sec, men, med, sum, aci, bet, npp, aei]
ParallelCNNLSTMModel;91.290626;11.0;5188.0;5188.0;173516.0;54380.0;12.0;91.291;91.291;91.291;[reg, sid, ban, sec, men, med, sum, mmm, npp, hfq, hhh, aei]
ParallelCNNLSTMModel;91.278875;11.0;5195.0;5195.0;173509.0;54373.0;11.0;91.279;91.279;91.279;[reg, sid, ban, sec, men, med, sum, max, mmm, npp, aei]
ParallelCNNLSTMModel;91.25873;11.0;5207.0;5207.0;173497.0;54361.0;11.0;91.259;91.259;91.259;[reg, sid, ban, sec, men, med, sum, npp, hfq, htp, hhh]
LSTM_CNN;91.25873;11.0;5207.0;5207.0;173497.0;54361.0;9.0;91.259;91.259;91.259;[reg, sid, ban, sec, men, med, sum, npp, hfq]
ParallelCNNLSTMModel;91.255372;11.0;5209.0;5209.0;173495.0;54359.0;11.0;91.255;91.255;91.255;[reg, sid, ban, sec, men, med, sum, max, npp, hfq, htp]
LSTM_CNN;91.241942;11.0;5217.0;5217.0;173487.0;54351.0;10.0;91.242;91.242;91.242;[reg, sid, ban, sec, men, med, sum, max, npp, aei]
CNN_LSTM;91.241942;11.0;5217.0;5217.0;173487.0;54351.0;11.0;91.242;91.242;91.242;[reg, sid, ban, sec, men, med, sum, max, npp, hhh, aei]
CNN_LSTM;91.236906;11.0;5220.0;5220.0;173484.0;54348.0;13.0;91.237;91.237;91.237;[reg, sid, ban, sec, men, med, sum, mmm, npp, hfq, htp, hhh, aei]
CNN_LSTM;91.230191;11.0;5224.0;5224.0;173480.0;54344.0;11.0;91.23;91.23;91.23;[reg, sid, ban, sec, men, med, sum, aci, bet, npp, htp]
LSTM_CNN;91.225154;11.0;5227.0;5227.0;173477.0;54341.0;12.0;91.225;91.225;91.225;[reg, sid, ban, sec, men, med, sum, max, mmm, npp, hhh, aei]
LSTM_CNN;91.223476;11.0;5228.0;5228.0;173476.0;54340.0;14.0;91.223;91.223;91.223;[reg, sid, ban, sec, men, med, sum, aci, bet, mmm, npp, htp, hhh, aei]
ParallelCNNLSTMModel;91.218439;11.0;5231.0;5231.0;173473.0;54337.0;13.0;91.218;91.218;91.218;[reg, sid, ban, sec, men, med, sum, max, aci, bet, npp, hfq, aei]
CNN_LSTM;91.216761;11.0;5232.0;5232.0;173472.0;54336.0;15.0;91.217;91.217;91.217;[reg, sid, ban, sec, men, med, sum, max, aci, bet, mmm, npp, hfq, htp, hhh]
ParallelCNNLSTMModel;91.208367;11.0;5237.0;5237.0;173467.0;54331.0;12.0;91.208;91.208;91.208;[reg, sid, ban, sec, men, med, sum, max, aci, bet, npp, aei]
LSTM_CNN;91.205009;11.0;5239.0;5239.0;173465.0;54329.0;11.0;91.205;91.205;91.205;[reg, sid, ban, sec, men, med, sum, max, mmm, npp, hhh]
LSTM_CNN;91.201652;11.0;5241.0;5241.0;173463.0;54327.0;12.0;91.202;91.202;91.202;[reg, sid, ban, sec, men, med, sum, mmm, npp, hfq, hhh, aei]
CNN_LSTM;91.191579;11.0;5247.0;5247.0;173457.0;54321.0;11.0;91.192;91.192;91.192;[reg, sid, ban, sec, men, med, sum, max, bet, mmm, hfq]
LSTM_CNN;91.188222;11.0;5249.0;5249.0;173455.0;54319.0;10.0;91.188;91.188;91.188;[reg, sid, ban, sec, men, med, sum, npp, hfq, aei]
CNN_LSTM;91.186543;11.0;5250.0;5250.0;173454.0;54318.0;12.0;91.187;91.187;91.187;[reg, sid, ban, sec, men, med, sum, max, mmm, npp, htp, hhh]
LSTM_CNN;91.184864;11.0;5251.0;5251.0;173453.0;54317.0;10.0;91.185;91.185;91.185;[reg, sid, ban, sec, men, med, sum, npp, htp, hhh]
LSTM_CNN;91.179828;11.0;5254.0;5254.0;173450.0;54314.0;13.0;91.18;91.18;91.18;[reg, sid, ban, sec, men, med, sum, max, aci, bet, npp, hfq, hhh]
LSTM_CNN;91.171434;11.0;5259.0;5259.0;173445.0;54309.0;12.0;91.171;91.171;91.171;[reg, sid, ban, sec, men, med, sum, max, mmm, npp, htp, aei]
ParallelCNNLSTMModel;91.168077;11.0;5261.0;5261.0;173443.0;54307.0;10.0;91.168;91.168;91.168;[reg, sid, ban, sec, men, med, sum, npp, hhh, aei]
LSTM_CNN;91.151289;11.0;5271.0;5271.0;173433.0;54297.0;11.0;91.151;91.151;91.151;[reg, sid, ban, sec, men, med, sum, mmm, npp, hfq, hhh]
CNN_LSTM;91.139538;11.0;5278.0;5278.0;173426.0;54290.0;13.0;91.14;91.14;91.14;[reg, sid, ban, sec, men, med, sum, max, aci, bet, mmm, npp, aei]
CNN_LSTM;91.13618;11.0;5280.0;5280.0;173424.0;54288.0;11.0;91.136;91.136;91.136;[reg, sid, ban, sec, men, med, sum, mmm, npp, hfq, htp]
CNN_LSTM;91.131144;11.0;5283.0;5283.0;173421.0;54285.0;11.0;91.131;91.131;91.131;[reg, sid, ban, sec, men, med, sum, max, npp, hfq, hhh]
CNN_LSTM;91.129465;11.0;5284.0;5284.0;173420.0;54284.0;10.0;91.129;91.129;91.129;[reg, sid, ban, sec, men, med, sum, max, mmm, npp]
ParallelCNNLSTMModel;91.127787;11.0;5285.0;5285.0;173419.0;54283.0;15.0;91.128;91.128;91.128;[reg, sid, ban, sec, men, med, sum, max, aci, bet, mmm, npp, hfq, hhh, aei]
LSTM_CNN;91.121072;11.0;5289.0;5289.0;173415.0;54279.0;13.0;91.121;91.121;91.121;[reg, sid, ban, sec, men, med, sum, max, npp, hfq, htp, hhh, aei]
LSTM_CNN;91.119393;11.0;5290.0;5290.0;173414.0;54278.0;11.0;91.119;91.119;91.119;[reg, sid, ban, sec, men, med, sum, mmm, npp, htp, aei]
CNN_LSTM;91.119393;11.0;5290.0;5290.0;173414.0;54278.0;14.0;91.119;91.119;91.119;[reg, sid, ban, sec, men, med, sum, max, aci, bet, npp, htp, hhh, aei]
LSTM_CNN;91.102605;11.0;5300.0;5300.0;173404.0;54268.0;13.0;91.103;91.103;91.103;[reg, sid, ban, sec, men, med, sum, max, aci, bet, mmm, npp, hfq]
ParallelCNNLSTMModel;91.100927;11.0;5301.0;5301.0;173403.0;54267.0;15.0;91.101;91.101;91.101;[reg, sid, ban, sec, men, med, sum, max, aci, bet, mmm, npp, htp, hhh, aei]
LSTM_CNN;91.092533;11.0;5306.0;5306.0;173398.0;54262.0;14.0;91.093;91.093;91.093;[reg, sid, ban, sec, men, med, sum, max, mmm, npp, hfq, htp, hhh, aei]
CNN_LSTM;91.08246;11.0;5312.0;5312.0;173392.0;54256.0;10.0;91.082;91.082;91.082;[reg, sid, ban, sec, men, med, sum, max, npp, hhh]
ParallelCNNLSTMModel;91.080782;11.0;5313.0;5313.0;173391.0;54255.0;10.0;91.081;91.081;91.081;[reg, sid, ban, sec, men, med, sum, aci, bet, npp]
ParallelCNNLSTMModel;91.075745;11.0;5316.0;5316.0;173388.0;54252.0;11.0;91.076;91.076;91.076;[reg, sid, ban, sec, men, med, sum, max, bet, hfq, aei]
CNN_LSTM;91.070709;11.0;5319.0;5319.0;173385.0;54249.0;12.0;91.071;91.071;91.071;[reg, sid, ban, sec, men, med, sum, mmm, npp, hfq, htp, hhh]
CNN_LSTM;91.070709;11.0;5319.0;5319.0;173385.0;54249.0;13.0;91.071;91.071;91.071;[reg, sid, ban, sec, men, med, sum, max, mmm, npp, htp, hhh, aei]
LSTM_CNN;91.06903;11.0;5320.0;5320.0;173384.0;54248.0;10.0;91.069;91.069;91.069;[reg, sid, ban, sec, men, med, sum, npp, hfq, hhh]
ParallelCNNLSTMModel;91.065673;11.0;5322.0;5322.0;173382.0;54246.0;10.0;91.066;91.066;91.066;[reg, sid, ban, sec, men, med, sum, mmm, hfq, aei]
LSTM_CNN;91.057279;11.0;5327.0;5327.0;173377.0;54241.0;13.0;91.057;91.057;91.057;[reg, sid, ban, sec, men, med, sum, aci, bet, npp, htp, hhh, aei]
ParallelCNNLSTMModel;91.053922;11.0;5329.0;5329.0;173375.0;54239.0;13.0;91.054;91.054;91.054;[reg, sid, ban, sec, men, med, sum, aci, bet, mmm, npp, hfq, aei]
CNN_LSTM;91.048885;11.0;5332.0;5332.0;173372.0;54236.0;12.0;91.049;91.049;91.049;[reg, sid, ban, sec, men, med, sum, max, mmm, hfq, htp, aei]
CNN_LSTM;91.04217;11.0;5336.0;5336.0;173368.0;54232.0;8.0;91.042;91.042;91.042;[reg, sid, ban, sec, men, med, sum, npp]
CNN_LSTM;91.032098;11.0;5342.0;5342.0;173362.0;54226.0;12.0;91.032;91.032;91.032;[reg, sid, ban, sec, men, med, sum, max, bet, mmm, hfq, hhh]
LSTM_CNN;91.02874;11.0;5344.0;5344.0;173360.0;54224.0;9.0;91.029;91.029;91.029;[reg, sid, ban, sec, men, med, sum, mmm, npp]
CNN_LSTM;91.020346;11.0;5349.0;5349.0;173355.0;54219.0;12.0;91.02;91.02;91.02;[reg, sid, ban, sec, men, med, sum, aci, bet, mmm, npp, hfq]
CNN_LSTM;91.016989;11.0;5351.0;5351.0;173353.0;54217.0;13.0;91.017;91.017;91.017;[reg, sid, ban, sec, men, med, sum, aci, bet, mmm, npp, htp, aei]
LSTM_CNN;91.008595;11.0;5356.0;5356.0;173348.0;54212.0;9.0;91.009;91.009;91.009;[reg, sid, ban, sec, men, med, sum, npp, htp]
LSTM_CNN;91.006916;11.0;5357.0;5357.0;173347.0;54211.0;11.0;91.007;91.007;91.007;[reg, sid, ban, sec, men, med, sum, max, npp, hfq, hhh]
CNN_LSTM;91.005238;11.0;5358.0;5358.0;173346.0;54210.0;10.0;91.005;91.005;91.005;[reg, sid, ban, sec, men, med, sum, bet, hfq, aei]
ParallelCNNLSTMModel;91.00188;11.0;5360.0;5360.0;173344.0;54208.0;11.0;91.002;91.002;91.002;[reg, sid, ban, sec, men, med, sum, aci, bet, mmm, npp]
CNN_LSTM;91.000201;11.0;5361.0;5361.0;173343.0;54207.0;13.0;91.0;91.0;91.0;[reg, sid, ban, sec, men, med, sum, max, mmm, npp, hfq, hhh, aei]
CNN_LSTM;90.991808;11.0;5366.0;5366.0;173338.0;54202.0;14.0;90.992;90.992;90.992;[reg, sid, ban, sec, men, med, sum, max, aci, bet, npp, hfq, htp, aei]
ParallelCNNLSTMModel;90.990129;11.0;5367.0;5367.0;173337.0;54201.0;14.0;90.99;90.99;90.99;[reg, sid, ban, sec, men, med, sum, max, aci, bet, mmm, npp, htp, aei]
LSTM_CNN;90.990129;11.0;5367.0;5367.0;173337.0;54201.0;11.0;90.99;90.99;90.99;[reg, sid, ban, sec, men, med, sum, mmm, npp, hfq, aei]
ParallelCNNLSTMModel;90.981735;11.0;5372.0;5372.0;173332.0;54196.0;11.0;90.982;90.982;90.982;[reg, sid, ban, sec, men, med, sum, npp, hfq, hhh, aei]
LSTM_CNN;90.980056;11.0;5373.0;5373.0;173331.0;54195.0;14.0;90.98;90.98;90.98;[reg, sid, ban, sec, men, med, sum, max, aci, bet, mmm, npp, hhh, aei]
CNN_LSTM;90.97502;11.0;5376.0;5376.0;173328.0;54192.0;12.0;90.975;90.975;90.975;[reg, sid, ban, sec, men, med, sum, max, mmm, npp, hfq, htp]
CNN_LSTM;90.969984;11.0;5379.0;5379.0;173325.0;54189.0;12.0;90.97;90.97;90.97;[reg, sid, ban, sec, men, med, sum, max, bet, mmm, htp, hhh]
CNN_LSTM;90.969984;11.0;5379.0;5379.0;173325.0;54189.0;13.0;90.97;90.97;90.97;[reg, sid, ban, sec, men, med, sum, max, bet, mmm, hfq, hhh, aei]
LSTM_CNN;90.966626;11.0;5381.0;5381.0;173323.0;54187.0;10.0;90.967;90.967;90.967;[reg, sid, ban, sec, men, med, sum, max, htp, aei]
ParallelCNNLSTMModel;90.964948;11.0;5382.0;5382.0;173322.0;54186.0;15.0;90.965;90.965;90.965;[reg, sid, ban, sec, men, med, sum, aci, bet, mmm, npp, hfq, htp, hhh, aei]
ParallelCNNLSTMModel;90.959911;11.0;5385.0;5385.0;173319.0;54183.0;13.0;90.96;90.96;90.96;[reg, sid, ban, sec, men, med, sum, aci, bet, mmm, npp, hhh, aei]
CNN_LSTM;90.951518;11.0;5390.0;5390.0;173314.0;54178.0;11.0;90.952;90.952;90.952;[reg, sid, ban, sec, men, med, sum, bet, mmm, hfq, hhh]
ParallelCNNLSTMModel;90.933051;11.0;5401.0;5401.0;173303.0;54167.0;13.0;90.933;90.933;90.933;[reg, sid, ban, sec, men, med, sum, max, aci, bet, npp, htp, hhh]
ParallelCNNLSTMModel;90.929694;11.0;5403.0;5403.0;173301.0;54165.0;10.0;90.93;90.93;90.93;[reg, sid, ban, sec, men, med, sum, npp, htp, aei]
LSTM_CNN;90.929694;11.0;5403.0;5403.0;173301.0;54165.0;13.0;90.93;90.93;90.93;[reg, sid, ban, sec, men, med, sum, max, bet, mmm, hfq, htp, hhh]
ParallelCNNLSTMModel;90.917943;11.0;5410.0;5410.0;173294.0;54158.0;11.0;90.918;90.918;90.918;[reg, sid, ban, sec, men, med, sum, mmm, npp, hfq, htp]
CNN_LSTM;90.909549;11.0;5415.0;5415.0;173289.0;54153.0;11.0;90.91;90.91;90.91;[reg, sid, ban, sec, men, med, sum, npp, hfq, htp, aei]
CNN_LSTM;90.902834;11.0;5419.0;5419.0;173285.0;54149.0;13.0;90.903;90.903;90.903;[reg, sid, ban, sec, men, med, sum, max, aci, bet, mmm, npp, hhh]
ParallelCNNLSTMModel;90.899476;11.0;5421.0;5421.0;173283.0;54147.0;10.0;90.899;90.899;90.899;[reg, sid, ban, sec, men, med, sum, mmm, npp, aei]
CNN_LSTM;90.897797;11.0;5422.0;5422.0;173282.0;54146.0;11.0;90.898;90.898;90.898;[reg, sid, ban, sec, men, med, sum, bet, mmm, hfq, aei]
LSTM_CNN;90.896119;11.0;5423.0;5423.0;173281.0;54145.0;9.0;90.896;90.896;90.896;[reg, sid, ban, sec, men, med, sum, npp, hhh]
CNN_LSTM;90.896119;11.0;5423.0;5423.0;173281.0;54145.0;11.0;90.896;90.896;90.896;[reg, sid, ban, sec, men, med, sum, max, mmm, npp, hhh]
ParallelCNNLSTMModel;90.892761;11.0;5425.0;5425.0;173279.0;54143.0;10.0;90.893;90.893;90.893;[reg, sid, ban, sec, men, med, sum, mmm, npp, hhh]
LSTM_CNN;90.891082;11.0;5426.0;5426.0;173278.0;54142.0;14.0;90.891;90.891;90.891;[reg, sid, ban, sec, men, med, sum, aci, bet, mmm, npp, hfq, hhh, aei]
CNN_LSTM;90.872616;11.0;5437.0;5437.0;173267.0;54131.0;11.0;90.873;90.873;90.873;[reg, sid, ban, sec, men, med, sum, mmm, npp, hfq, aei]
LSTM_CNN;90.870937;11.0;5438.0;5438.0;173266.0;54130.0;10.0;90.871;90.871;90.871;[reg, sid, ban, sec, men, med, sum, mmm, npp, htp]
CNN_LSTM;90.869259;11.0;5439.0;5439.0;173265.0;54129.0;11.0;90.869;90.869;90.869;[reg, sid, ban, sec, men, med, sum, max, npp, hfq, htp]
LSTM_CNN;90.86758;11.0;5440.0;5440.0;173264.0;54128.0;11.0;90.868;90.868;90.868;[reg, sid, ban, sec, men, med, sum, max, npp, hhh, aei]
CNN_LSTM;90.860865;11.0;5444.0;5444.0;173260.0;54124.0;10.0;90.861;90.861;90.861;[reg, sid, ban, sec, men, med, sum, hfq, htp, aei]
CNN_LSTM;90.855829;11.0;5447.0;5447.0;173257.0;54121.0;10.0;90.856;90.856;90.856;[reg, sid, ban, sec, men, med, sum, aci, bet, npp]
ParallelCNNLSTMModel;90.849114;11.0;5451.0;5451.0;173253.0;54117.0;12.0;90.849;90.849;90.849;[reg, sid, ban, sec, men, med, sum, aci, bet, npp, hfq, htp]
CNN_LSTM;90.844077;11.0;5454.0;5454.0;173250.0;54114.0;16.0;90.844;90.844;90.844;[reg, sid, ban, sec, men, med, sum, max, aci, bet, mmm, npp, hfq, htp, hhh, aei]
CNN_LSTM;90.828969;11.0;5463.0;5463.0;173241.0;54105.0;13.0;90.829;90.829;90.829;[reg, sid, ban, sec, men, med, sum, max, aci, bet, npp, hfq, aei]
CNN_LSTM;90.822254;11.0;5467.0;5467.0;173237.0;54101.0;10.0;90.822;90.822;90.822;[reg, sid, ban, sec, men, med, sum, max, npp, hfq]
LSTM_CNN;90.818896;11.0;5469.0;5469.0;173235.0;54099.0;16.0;90.819;90.819;90.819;[reg, sid, ban, sec, men, med, sum, max, aci, bet, mmm, npp, hfq, htp, hhh, aei]
CNN_LSTM;90.817217;11.0;5470.0;5470.0;173234.0;54098.0;12.0;90.817;90.817;90.817;[reg, sid, ban, sec, men, med, sum, max, aci, bet, npp, hfq]
CNN_LSTM;90.781963;11.0;5491.0;5491.0;173213.0;54077.0;12.0;90.782;90.782;90.782;[reg, sid, ban, sec, men, med, sum, max, aci, bet, mmm, npp]
ParallelCNNLSTMModel;90.771891;11.0;5497.0;5497.0;173207.0;54071.0;11.0;90.772;90.772;90.772;[reg, sid, ban, sec, men, med, sum, max, mmm, npp, hfq]
CNN_LSTM;90.766855;11.0;5500.0;5500.0;173204.0;54068.0;10.0;90.767;90.767;90.767;[reg, sid, ban, sec, men, med, sum, npp, htp, hhh]
ParallelCNNLSTMModel;90.766855;11.0;5500.0;5500.0;173204.0;54068.0;11.0;90.767;90.767;90.767;[reg, sid, ban, sec, men, med, sum, bet, mmm, hhh, aei]
LSTM_CNN;90.765176;11.0;5501.0;5501.0;173203.0;54067.0;11.0;90.765;90.765;90.765;[reg, sid, ban, sec, men, med, sum, mmm, npp, hhh, aei]
LSTM_CNN;90.761818;11.0;5503.0;5503.0;173201.0;54065.0;15.0;90.762;90.762;90.762;[reg, sid, ban, sec, men, med, sum, aci, bet, mmm, npp, hfq, htp, hhh, aei]
ParallelCNNLSTMModel;90.753425;11.0;5508.0;5508.0;173196.0;54060.0;13.0;90.753;90.753;90.753;[reg, sid, ban, sec, men, med, sum, aci, bet, npp, hfq, htp, aei]
LSTM_CNN;90.745031;11.0;5513.0;5513.0;173191.0;54055.0;14.0;90.745;90.745;90.745;[reg, sid, ban, sec, men, med, sum, max, aci, bet, npp, hfq, htp, aei]
ParallelCNNLSTMModel;90.721528;11.0;5527.0;5527.0;173177.0;54041.0;13.0;90.722;90.722;90.722;[reg, sid, ban, sec, men, med, sum, max, aci, npp, hfq, htp, aei]
CNN_LSTM;90.71985;11.0;5528.0;5528.0;173176.0;54040.0;11.0;90.72;90.72;90.72;[reg, sid, ban, sec, men, med, sum, aci, bet, npp, hfq]
ParallelCNNLSTMModel;90.70642;11.0;5536.0;5536.0;173168.0;54032.0;12.0;90.706;90.706;90.706;[reg, sid, ban, sec, men, med, sum, aci, bet, npp, htp, hhh]
LSTM_CNN;90.677881;11.0;5553.0;5553.0;173151.0;54015.0;13.0;90.678;90.678;90.678;[reg, sid, ban, sec, men, med, sum, mmm, npp, hfq, htp, hhh, aei]
CNN_LSTM;90.671166;11.0;5557.0;5557.0;173147.0;54011.0;12.0;90.671;90.671;90.671;[reg, sid, ban, sec, men, med, sum, npp, hfq, htp, hhh, aei]
LSTM_CNN;90.667808;11.0;5559.0;5559.0;173145.0;54009.0;12.0;90.668;90.668;90.668;[reg, sid, ban, sec, men, med, sum, max, npp, hfq, htp, aei]
ParallelCNNLSTMModel;90.659414;11.0;5564.0;5564.0;173140.0;54004.0;12.0;90.659;90.659;90.659;[reg, sid, ban, sec, men, med, sum, max, bet, hfq, hhh, aei]
LSTM_CNN;90.639269;11.0;5576.0;5576.0;173128.0;53992.0;11.0;90.639;90.639;90.639;[reg, sid, ban, sec, men, med, sum, max, npp, hfq, aei]
CNN_LSTM;90.635912;11.0;5578.0;5578.0;173126.0;53990.0;12.0;90.636;90.636;90.636;[reg, sid, ban, sec, men, med, sum, aci, bet, npp, hfq, hhh]
LSTM_CNN;90.630876;11.0;5581.0;5581.0;173123.0;53987.0;13.0;90.631;90.631;90.631;[reg, sid, ban, sec, men, med, sum, max, aci, bet, mmm, npp, htp]
ParallelCNNLSTMModel;90.614088;11.0;5591.0;5591.0;173113.0;53977.0;14.0;90.614;90.614;90.614;[reg, sid, ban, sec, men, med, sum, aci, bet, npp, hfq, htp, hhh, aei]
ParallelCNNLSTMModel;90.604016;11.0;5597.0;5597.0;173107.0;53971.0;10.0;90.604;90.604;90.604;[reg, sid, ban, sec, men, med, sum, max, mmm, npp]
LSTM_CNN;90.604016;11.0;5597.0;5597.0;173107.0;53971.0;13.0;90.604;90.604;90.604;[reg, sid, ban, sec, men, med, sum, max, aci, mmm, npp, htp, hhh]
CNN_LSTM;90.593943;11.0;5603.0;5603.0;173101.0;53965.0;13.0;90.594;90.594;90.594;[reg, sid, ban, sec, men, med, sum, max, aci, mmm, npp, htp, hhh]
ParallelCNNLSTMModel;90.592264;11.0;5604.0;5604.0;173100.0;53964.0;12.0;90.592;90.592;90.592;[reg, sid, ban, sec, men, med, sum, aci, bet, mmm, npp, htp]
CNN_LSTM;90.588907;11.0;5606.0;5606.0;173098.0;53962.0;13.0;90.589;90.589;90.589;[reg, sid, ban, sec, men, med, sum, max, bet, hfq, htp, hhh, aei]
LSTM_CNN;90.575477;11.0;5614.0;5614.0;173090.0;53954.0;15.0;90.575;90.575;90.575;[reg, sid, ban, sec, men, med, sum, max, aci, bet, mmm, npp, htp, hhh, aei]
CNN_LSTM;90.535187;11.0;5638.0;5638.0;173066.0;53930.0;10.0;90.535;90.535;90.535;[reg, sid, ban, sec, men, med, sum, mmm, hfq, htp]
LSTM_CNN;90.51672;11.0;5649.0;5649.0;173055.0;53919.0;10.0;90.517;90.517;90.517;[reg, sid, ban, sec, men, med, sum, htp, hhh, aei]
CNN_LSTM;90.515042;11.0;5650.0;5650.0;173054.0;53918.0;13.0;90.515;90.515;90.515;[reg, sid, ban, sec, men, med, sum, aci, bet, npp, hfq, hhh, aei]
LSTM_CNN;90.511684;11.0;5652.0;5652.0;173052.0;53916.0;11.0;90.512;90.512;90.512;[reg, sid, ban, sec, men, med, sum, max, npp, hfq, htp]
ParallelCNNLSTMModel;90.511684;11.0;5652.0;5652.0;173052.0;53916.0;11.0;90.512;90.512;90.512;[reg, sid, ban, sec, men, med, sum, max, bet, hfq, hhh]
ParallelCNNLSTMModel;90.499933;11.0;5659.0;5659.0;173045.0;53909.0;11.0;90.5;90.5;90.5;[reg, sid, ban, sec, men, med, sum, max, npp, hfq, aei]
ParallelCNNLSTMModel;90.493218;11.0;5663.0;5663.0;173041.0;53905.0;12.0;90.493;90.493;90.493;[reg, sid, ban, sec, men, med, sum, max, aci, bet, npp, hhh]
LSTM_CNN;90.484824;11.0;5668.0;5668.0;173036.0;53900.0;11.0;90.485;90.485;90.485;[reg, sid, ban, sec, men, med, sum, npp, hfq, hhh, aei]
LSTM_CNN;90.464679;11.0;5680.0;5680.0;173024.0;53888.0;14.0;90.465;90.465;90.465;[reg, sid, ban, sec, men, med, sum, max, aci, bet, npp, htp, hhh, aei]
LSTM_CNN;90.446213;11.0;5691.0;5691.0;173013.0;53877.0;12.0;90.446;90.446;90.446;[reg, sid, ban, sec, men, med, sum, aci, bet, mmm, npp, hfq]
ParallelCNNLSTMModel;90.441176;11.0;5694.0;5694.0;173010.0;53874.0;13.0;90.441;90.441;90.441;[reg, sid, ban, sec, men, med, sum, aci, bet, mmm, npp, htp, hhh]
ParallelCNNLSTMModel;90.437819;11.0;5696.0;5696.0;173008.0;53872.0;12.0;90.438;90.438;90.438;[reg, sid, ban, sec, men, med, sum, aci, mmm, npp, htp, aei]
LSTM_CNN;90.43614;11.0;5697.0;5697.0;173007.0;53871.0;14.0;90.436;90.436;90.436;[reg, sid, ban, sec, men, med, sum, max, aci, bet, npp, hfq, htp, hhh]
CNN_LSTM;90.431104;11.0;5700.0;5700.0;173004.0;53868.0;13.0;90.431;90.431;90.431;[reg, sid, ban, sec, men, med, sum, aci, bet, npp, hfq, htp, aei]
CNN_LSTM;90.429425;11.0;5701.0;5701.0;173003.0;53867.0;13.0;90.429;90.429;90.429;[reg, sid, ban, sec, men, med, sum, max, mmm, hfq, htp, hhh, aei]
CNN_LSTM;90.429425;11.0;5701.0;5701.0;173003.0;53867.0;11.0;90.429;90.429;90.429;[reg, sid, ban, sec, men, med, sum, max, bet, hhh, aei]
ParallelCNNLSTMModel;90.419353;11.0;5707.0;5707.0;172997.0;53861.0;11.0;90.419;90.419;90.419;[reg, sid, ban, sec, men, med, sum, aci, npp, hfq, aei]
ParallelCNNLSTMModel;90.410959;11.0;5712.0;5712.0;172992.0;53856.0;12.0;90.411;90.411;90.411;[reg, sid, ban, sec, men, med, sum, max, aci, bet, mmm, npp]
ParallelCNNLSTMModel;90.405923;11.0;5715.0;5715.0;172989.0;53853.0;12.0;90.406;90.406;90.406;[reg, sid, ban, sec, men, med, sum, max, npp, hfq, hhh, aei]
CNN_LSTM;90.380741;11.0;5730.0;5730.0;172974.0;53838.0;11.0;90.381;90.381;90.381;[reg, sid, ban, sec, men, med, sum, max, mmm, hfq, aei]
LSTM_CNN;90.380741;11.0;5730.0;5730.0;172974.0;53838.0;13.0;90.381;90.381;90.381;[reg, sid, ban, sec, men, med, sum, aci, bet, mmm, npp, hfq, hhh]
LSTM_CNN;90.379063;11.0;5731.0;5731.0;172973.0;53837.0;13.0;90.379;90.379;90.379;[reg, sid, ban, sec, men, med, sum, max, aci, bet, npp, hfq, htp]
ParallelCNNLSTMModel;90.375705;11.0;5733.0;5733.0;172971.0;53835.0;12.0;90.376;90.376;90.376;[reg, sid, ban, sec, men, med, sum, max, bet, mmm, hfq, hhh]
ParallelCNNLSTMModel;90.36899;11.0;5737.0;5737.0;172967.0;53831.0;13.0;90.369;90.369;90.369;[reg, sid, ban, sec, men, med, sum, max, aci, npp, htp, hhh, aei]
ParallelCNNLSTMModel;90.362275;11.0;5741.0;5741.0;172963.0;53827.0;13.0;90.362;90.362;90.362;[reg, sid, ban, sec, men, med, sum, aci, mmm, npp, hfq, htp, aei]
LSTM_CNN;90.352203;11.0;5747.0;5747.0;172957.0;53821.0;12.0;90.352;90.352;90.352;[reg, sid, ban, sec, men, med, sum, aci, bet, mmm, npp, hhh]
LSTM_CNN;90.337094;11.0;5756.0;5756.0;172948.0;53812.0;11.0;90.337;90.337;90.337;[reg, sid, ban, sec, men, med, sum, max, npp, htp, aei]
CNN_LSTM;90.335415;11.0;5757.0;5757.0;172947.0;53811.0;10.0;90.335;90.335;90.335;[reg, sid, ban, sec, men, med, sum, bet, mmm, hhh]
CNN_LSTM;90.333736;11.0;5758.0;5758.0;172946.0;53810.0;12.0;90.334;90.334;90.334;[reg, sid, ban, sec, men, med, sum, max, bet, mmm, hfq, aei]
CNN_LSTM;90.333736;11.0;5758.0;5758.0;172946.0;53810.0;11.0;90.334;90.334;90.334;[reg, sid, ban, sec, men, med, sum, max, htp, hhh, aei]
ParallelCNNLSTMModel;90.316949;11.0;5768.0;5768.0;172936.0;53800.0;11.0;90.317;90.317;90.317;[reg, sid, ban, sec, men, med, sum, max, bet, hhh, aei]
CNN_LSTM;90.298482;11.0;5779.0;5779.0;172925.0;53789.0;10.0;90.298;90.298;90.298;[reg, sid, ban, sec, men, med, sum, bet, mmm, hfq]
ParallelCNNLSTMModel;90.28841;11.0;5785.0;5785.0;172919.0;53783.0;14.0;90.288;90.288;90.288;[reg, sid, ban, sec, men, med, sum, max, aci, mmm, npp, htp, hhh, aei]
CNN_LSTM;90.286731;11.0;5786.0;5786.0;172918.0;53782.0;14.0;90.287;90.287;90.287;[reg, sid, ban, sec, men, med, sum, max, aci, bet, mmm, npp, htp, aei]
CNN_LSTM;90.285052;11.0;5787.0;5787.0;172917.0;53781.0;10.0;90.285;90.285;90.285;[reg, sid, ban, sec, men, med, sum, npp, hhh, aei]
LSTM_CNN;90.280016;11.0;5790.0;5790.0;172914.0;53778.0;9.0;90.28;90.28;90.28;[reg, sid, ban, sec, men, med, sum, npp, aei]
LSTM_CNN;90.278337;11.0;5791.0;5791.0;172913.0;53777.0;12.0;90.278;90.278;90.278;[reg, sid, ban, sec, men, med, sum, max, aci, bet, npp, htp]
ParallelCNNLSTMModel;90.271622;11.0;5795.0;5795.0;172909.0;53773.0;10.0;90.272;90.272;90.272;[reg, sid, ban, sec, men, med, sum, max, bet, hhh]
CNN_LSTM;90.268265;11.0;5797.0;5797.0;172907.0;53771.0;11.0;90.268;90.268;90.268;[reg, sid, ban, sec, men, med, sum, aci, npp, htp, hhh]
ParallelCNNLSTMModel;90.249799;11.0;5808.0;5808.0;172896.0;53760.0;10.0;90.25;90.25;90.25;[reg, sid, ban, sec, men, med, sum, max, aci, npp]
LSTM_CNN;90.236369;11.0;5816.0;5816.0;172888.0;53752.0;13.0;90.236;90.236;90.236;[reg, sid, ban, sec, men, med, sum, max, bet, mmm, hfq, hhh, aei]
ParallelCNNLSTMModel;90.224617;11.0;5823.0;5823.0;172881.0;53745.0;11.0;90.225;90.225;90.225;[reg, sid, ban, sec, men, med, sum, max, aci, npp, hfq]
LSTM_CNN;90.206151;11.0;5834.0;5834.0;172870.0;53734.0;11.0;90.206;90.206;90.206;[reg, sid, ban, sec, men, med, sum, aci, bet, npp, hfq]
CNN_LSTM;90.201115;11.0;5837.0;5837.0;172867.0;53731.0;14.0;90.201;90.201;90.201;[reg, sid, ban, sec, men, med, sum, max, aci, bet, mmm, npp, htp, hhh]
LSTM_CNN;90.191042;11.0;5843.0;5843.0;172861.0;53725.0;9.0;90.191;90.191;90.191;[reg, sid, ban, sec, men, med, sum, bet, hhh]
ParallelCNNLSTMModel;90.189363;11.0;5844.0;5844.0;172860.0;53724.0;14.0;90.189;90.189;90.189;[reg, sid, ban, sec, men, med, sum, max, aci, bet, mmm, npp, hhh, aei]
LSTM_CNN;90.187685;11.0;5845.0;5845.0;172859.0;53723.0;12.0;90.188;90.188;90.188;[reg, sid, ban, sec, men, med, sum, max, mmm, npp, hfq, hhh]
ParallelCNNLSTMModel;90.174255;11.0;5853.0;5853.0;172851.0;53715.0;11.0;90.174;90.174;90.174;[reg, sid, ban, sec, men, med, sum, aci, bet, npp, hhh]
LSTM_CNN;90.160825;11.0;5861.0;5861.0;172843.0;53707.0;13.0;90.161;90.161;90.161;[reg, sid, ban, sec, men, med, sum, aci, bet, npp, hfq, htp, aei]
LSTM_CNN;90.160825;11.0;5861.0;5861.0;172843.0;53707.0;15.0;90.161;90.161;90.161;[reg, sid, ban, sec, men, med, sum, max, aci, bet, mmm, npp, hfq, hhh, aei]
CNN_LSTM;90.155788;11.0;5864.0;5864.0;172840.0;53704.0;10.0;90.156;90.156;90.156;[reg, sid, ban, sec, men, med, sum, max, htp, hhh]
ParallelCNNLSTMModel;90.135643;11.0;5876.0;5876.0;172828.0;53692.0;11.0;90.136;90.136;90.136;[reg, sid, ban, sec, men, med, sum, aci, npp, htp, hhh]
ParallelCNNLSTMModel;90.133965;11.0;5877.0;5877.0;172827.0;53691.0;11.0;90.134;90.134;90.134;[reg, sid, ban, sec, men, med, sum, aci, mmm, npp, aei]
CNN_LSTM;90.123892;11.0;5883.0;5883.0;172821.0;53685.0;12.0;90.124;90.124;90.124;[reg, sid, ban, sec, men, med, sum, aci, mmm, npp, htp, aei]
LSTM_CNN;90.11382;11.0;5889.0;5889.0;172815.0;53679.0;14.0;90.114;90.114;90.114;[reg, sid, ban, sec, men, med, sum, aci, bet, mmm, npp, hfq, htp, aei]
LSTM_CNN;90.090317;11.0;5903.0;5903.0;172801.0;53665.0;13.0;90.09;90.09;90.09;[reg, sid, ban, sec, men, med, sum, max, mmm, npp, hfq, htp, aei]
CNN_LSTM;90.086959;11.0;5905.0;5905.0;172799.0;53663.0;14.0;90.087;90.087;90.087;[reg, sid, ban, sec, men, med, sum, max, aci, bet, npp, hfq, htp, hhh]
CNN_LSTM;90.085281;11.0;5906.0;5906.0;172798.0;53662.0;13.0;90.085;90.085;90.085;[reg, sid, ban, sec, men, med, sum, aci, mmm, npp, hfq, hhh, aei]
CNN_LSTM;90.081923;11.0;5908.0;5908.0;172796.0;53660.0;10.0;90.082;90.082;90.082;[reg, sid, ban, sec, men, med, sum, bet, hhh, aei]
ParallelCNNLSTMModel;90.063457;11.0;5919.0;5919.0;172785.0;53649.0;14.0;90.063;90.063;90.063;[reg, sid, ban, sec, men, med, sum, max, aci, bet, mmm, npp, hfq, aei]
CNN_LSTM;90.061778;11.0;5920.0;5920.0;172784.0;53648.0;15.0;90.062;90.062;90.062;[reg, sid, ban, sec, men, med, sum, max, aci, bet, npp, hfq, htp, hhh, aei]
LSTM_CNN;90.055063;11.0;5924.0;5924.0;172780.0;53644.0;11.0;90.055;90.055;90.055;[reg, sid, ban, sec, men, med, sum, aci, bet, mmm, npp]
ParallelCNNLSTMModel;90.055063;11.0;5924.0;5924.0;172780.0;53644.0;13.0;90.055;90.055;90.055;[reg, sid, ban, sec, men, med, sum, max, aci, bet, npp, hfq, htp]
ParallelCNNLSTMModel;90.050027;11.0;5927.0;5927.0;172777.0;53641.0;15.0;90.05;90.05;90.05;[reg, sid, ban, sec, men, med, sum, max, aci, mmm, npp, hfq, htp, hhh, aei]
LSTM_CNN;90.044991;11.0;5930.0;5930.0;172774.0;53638.0;12.0;90.045;90.045;90.045;[reg, sid, ban, sec, men, med, sum, max, bet, mmm, hfq, aei]
ParallelCNNLSTMModel;90.039954;11.0;5933.0;5933.0;172771.0;53635.0;10.0;90.04;90.04;90.04;[reg, sid, ban, sec, men, med, sum, max, bet, hfq]
LSTM_CNN;90.031561;11.0;5938.0;5938.0;172766.0;53630.0;12.0;90.032;90.032;90.032;[reg, sid, ban, sec, men, med, sum, aci, bet, mmm, npp, htp]
ParallelCNNLSTMModel;90.024846;11.0;5942.0;5942.0;172762.0;53626.0;11.0;90.025;90.025;90.025;[reg, sid, ban, sec, men, med, sum, mmm, npp, hfq, aei]
LSTM_CNN;90.024846;11.0;5942.0;5942.0;172762.0;53626.0;13.0;90.025;90.025;90.025;[reg, sid, ban, sec, men, med, sum, max, aci, bet, mmm, npp, aei]
ParallelCNNLSTMModel;90.019809;11.0;5945.0;5945.0;172759.0;53623.0;10.0;90.02;90.02;90.02;[reg, sid, ban, sec, men, med, sum, aci, npp, htp]
CNN_LSTM;90.009737;11.0;5951.0;5951.0;172753.0;53617.0;11.0;90.01;90.01;90.01;[reg, sid, ban, sec, men, med, sum, bet, hfq, htp, aei]
LSTM_CNN;89.961053;11.0;5980.0;5980.0;172724.0;53588.0;9.0;89.961;89.961;89.961;[reg, sid, ban, sec, men, med, sum, bet, hfq]
ParallelCNNLSTMModel;89.959374;11.0;5981.0;5981.0;172723.0;53587.0;10.0;89.959;89.959;89.959;[reg, sid, ban, sec, men, med, sum, bet, hhh, aei]
ParallelCNNLSTMModel;89.954338;11.0;5984.0;5984.0;172720.0;53584.0;12.0;89.954;89.954;89.954;[reg, sid, ban, sec, men, med, sum, max, aci, bet, npp, htp]
CNN_LSTM;89.935872;11.0;5995.0;5995.0;172709.0;53573.0;10.0;89.936;89.936;89.936;[reg, sid, ban, sec, men, med, sum, bet, hfq, hhh]
LSTM_CNN;89.932514;11.0;5997.0;5997.0;172707.0;53571.0;15.0;89.933;89.933;89.933;[reg, sid, ban, sec, men, med, sum, max, aci, bet, mmm, npp, hfq, htp, hhh]
LSTM_CNN;89.92412;11.0;6002.0;6002.0;172702.0;53566.0;15.0;89.924;89.924;89.924;[reg, sid, ban, sec, men, med, sum, max, aci, mmm, npp, hfq, htp, hhh, aei]
ParallelCNNLSTMModel;89.909012;11.0;6011.0;6011.0;172693.0;53557.0;13.0;89.909;89.909;89.909;[reg, sid, ban, sec, men, med, sum, aci, bet, mmm, npp, hfq, htp]
ParallelCNNLSTMModel;89.909012;11.0;6011.0;6011.0;172693.0;53557.0;11.0;89.909;89.909;89.909;[reg, sid, ban, sec, men, med, sum, max, aci, npp, hhh]
CNN_LSTM;89.895582;11.0;6019.0;6019.0;172685.0;53549.0;12.0;89.896;89.896;89.896;[reg, sid, ban, sec, men, med, sum, max, bet, npp, hfq, aei]
CNN_LSTM;89.893903;11.0;6020.0;6020.0;172684.0;53548.0;12.0;89.894;89.894;89.894;[reg, sid, ban, sec, men, med, sum, max, aci, npp, htp, aei]
CNN_LSTM;89.880473;11.0;6028.0;6028.0;172676.0;53540.0;12.0;89.88;89.88;89.88;[reg, sid, ban, sec, men, med, sum, aci, npp, hfq, hhh, aei]
LSTM_CNN;89.880473;11.0;6028.0;6028.0;172676.0;53540.0;12.0;89.88;89.88;89.88;[reg, sid, ban, sec, men, med, sum, aci, bet, npp, hfq, htp]
LSTM_CNN;89.878794;11.0;6029.0;6029.0;172675.0;53539.0;12.0;89.879;89.879;89.879;[reg, sid, ban, sec, men, med, sum, max, bet, mmm, hfq, hhh]
ParallelCNNLSTMModel;89.872079;11.0;6033.0;6033.0;172671.0;53535.0;14.0;89.872;89.872;89.872;[reg, sid, ban, sec, men, med, sum, max, aci, mmm, npp, hfq, htp, aei]
CNN_LSTM;89.8704;11.0;6034.0;6034.0;172670.0;53534.0;11.0;89.87;89.87;89.87;[reg, sid, ban, sec, men, med, sum, max, aci, bet, npp]
LSTM_CNN;89.863685;11.0;6038.0;6038.0;172666.0;53530.0;12.0;89.864;89.864;89.864;[reg, sid, ban, sec, men, med, sum, max, aci, bet, mmm, npp]
CNN_LSTM;89.855291;11.0;6043.0;6043.0;172661.0;53525.0;9.0;89.855;89.855;89.855;[reg, sid, ban, sec, men, med, sum, max, npp]
LSTM_CNN;89.853613;11.0;6044.0;6044.0;172660.0;53524.0;9.0;89.854;89.854;89.854;[reg, sid, ban, sec, men, med, sum, max, npp]
LSTM_CNN;89.848576;11.0;6047.0;6047.0;172657.0;53521.0;11.0;89.849;89.849;89.849;[reg, sid, ban, sec, men, med, sum, aci, bet, npp, htp]
ParallelCNNLSTMModel;89.831789;11.0;6057.0;6057.0;172647.0;53511.0;9.0;89.832;89.832;89.832;[reg, sid, ban, sec, men, med, sum, aci, npp]
CNN_LSTM;89.831789;11.0;6057.0;6057.0;172647.0;53511.0;10.0;89.832;89.832;89.832;[reg, sid, ban, sec, men, med, sum, mmm, hfq, aei]
ParallelCNNLSTMModel;89.828431;11.0;6059.0;6059.0;172645.0;53509.0;14.0;89.828;89.828;89.828;[reg, sid, ban, sec, men, med, sum, max, aci, mmm, npp, hfq, htp, hhh]
LSTM_CNN;89.81668;11.0;6066.0;6066.0;172638.0;53502.0;14.0;89.817;89.817;89.817;[reg, sid, ban, sec, men, med, sum, aci, bet, mmm, npp, hfq, htp, hhh]
ParallelCNNLSTMModel;89.799893;11.0;6076.0;6076.0;172628.0;53492.0;14.0;89.8;89.8;89.8;[reg, sid, ban, sec, men, med, sum, aci, mmm, npp, hfq, htp, hhh, aei]
ParallelCNNLSTMModel;89.778069;11.0;6089.0;6089.0;172615.0;53479.0;11.0;89.778;89.778;89.778;[reg, sid, ban, sec, men, med, sum, bet, mmm, hfq, hhh]
CNN_LSTM;89.752887;11.0;6104.0;6104.0;172600.0;53464.0;12.0;89.753;89.753;89.753;[reg, sid, ban, sec, men, med, sum, max, aci, npp, htp, hhh]
CNN_LSTM;89.739457;11.0;6112.0;6112.0;172592.0;53456.0;13.0;89.739;89.739;89.739;[reg, sid, ban, sec, men, med, sum, aci, mmm, npp, htp, hhh, aei]
LSTM_CNN;89.7361;11.0;6114.0;6114.0;172590.0;53454.0;13.0;89.736;89.736;89.736;[reg, sid, ban, sec, men, med, sum, max, aci, bet, npp, hfq, aei]
ParallelCNNLSTMModel;89.712597;11.0;6128.0;6128.0;172576.0;53440.0;9.0;89.713;89.713;89.713;[reg, sid, ban, sec, men, med, sum, hfq, aei]
ParallelCNNLSTMModel;89.707561;11.0;6131.0;6131.0;172573.0;53437.0;14.0;89.708;89.708;89.708;[reg, sid, ban, sec, men, med, sum, max, aci, bet, npp, hfq, hhh, aei]
ParallelCNNLSTMModel;89.702525;11.0;6134.0;6134.0;172570.0;53434.0;12.0;89.703;89.703;89.703;[reg, sid, ban, sec, men, med, sum, max, aci, mmm, npp, htp]
CNN_LSTM;89.697489;11.0;6137.0;6137.0;172567.0;53431.0;13.0;89.697;89.697;89.697;[reg, sid, ban, sec, men, med, sum, aci, npp, hfq, htp, hhh, aei]
CNN_LSTM;89.690774;11.0;6141.0;6141.0;172563.0;53427.0;11.0;89.691;89.691;89.691;[reg, sid, ban, sec, men, med, sum, max, aci, npp, hfq]
LSTM_CNN;89.690774;11.0;6141.0;6141.0;172563.0;53427.0;11.0;89.691;89.691;89.691;[reg, sid, ban, sec, men, med, sum, aci, bet, npp, hhh]
LSTM_CNN;89.657198;11.0;6161.0;6161.0;172543.0;53407.0;13.0;89.657;89.657;89.657;[reg, sid, ban, sec, men, med, sum, max, aci, bet, mmm, npp, hhh]
LSTM_CNN;89.653841;11.0;6163.0;6163.0;172541.0;53405.0;12.0;89.654;89.654;89.654;[reg, sid, ban, sec, men, med, sum, aci, mmm, npp, hfq, htp]
CNN_LSTM;89.638732;11.0;6172.0;6172.0;172532.0;53396.0;12.0;89.639;89.639;89.639;[reg, sid, ban, sec, men, med, sum, aci, bet, npp, htp, aei]
CNN_LSTM;89.626981;11.0;6179.0;6179.0;172525.0;53389.0;11.0;89.627;89.627;89.627;[reg, sid, ban, sec, men, med, sum, aci, npp, htp, aei]
ParallelCNNLSTMModel;89.626981;11.0;6179.0;6179.0;172525.0;53389.0;12.0;89.627;89.627;89.627;[reg, sid, ban, sec, men, med, sum, aci, mmm, npp, hfq, htp]
CNN_LSTM;89.623623;11.0;6181.0;6181.0;172523.0;53387.0;11.0;89.624;89.624;89.624;[reg, sid, ban, sec, men, med, sum, bet, hfq, hhh, aei]
CNN_LSTM;89.620266;11.0;6183.0;6183.0;172521.0;53385.0;13.0;89.62;89.62;89.62;[reg, sid, ban, sec, men, med, sum, max, aci, npp, hfq, hhh, aei]
LSTM_CNN;89.620266;11.0;6183.0;6183.0;172521.0;53385.0;13.0;89.62;89.62;89.62;[reg, sid, ban, sec, men, med, sum, aci, bet, mmm, npp, htp, hhh]
ParallelCNNLSTMModel;89.618587;11.0;6184.0;6184.0;172520.0;53384.0;13.0;89.619;89.619;89.619;[reg, sid, ban, sec, men, med, sum, max, aci, mmm, npp, htp, hhh]
CNN_LSTM;89.616908;11.0;6185.0;6185.0;172519.0;53383.0;15.0;89.617;89.617;89.617;[reg, sid, ban, sec, men, med, sum, aci, bet, mmm, npp, hfq, htp, hhh, aei]
CNN_LSTM;89.603478;11.0;6193.0;6193.0;172511.0;53375.0;13.0;89.603;89.603;89.603;[reg, sid, ban, sec, men, med, sum, max, aci, bet, mmm, npp, hfq]
ParallelCNNLSTMModel;89.600121;11.0;6195.0;6195.0;172509.0;53373.0;12.0;89.6;89.6;89.6;[reg, sid, ban, sec, men, med, sum, max, aci, npp, hfq, htp]
CNN_LSTM;89.598442;11.0;6196.0;6196.0;172508.0;53372.0;11.0;89.598;89.598;89.598;[reg, sid, ban, sec, men, med, sum, max, bet, hfq, hhh]
LSTM_CNN;89.595085;11.0;6198.0;6198.0;172506.0;53370.0;14.0;89.595;89.595;89.595;[reg, sid, ban, sec, men, med, sum, max, aci, bet, mmm, npp, htp, hhh]
ParallelCNNLSTMModel;89.593406;11.0;6199.0;6199.0;172505.0;53369.0;11.0;89.593;89.593;89.593;[reg, sid, ban, sec, men, med, sum, max, aci, mmm, npp]
ParallelCNNLSTMModel;89.578297;11.0;6208.0;6208.0;172496.0;53360.0;11.0;89.578;89.578;89.578;[reg, sid, ban, sec, men, med, sum, max, bet, mmm, hhh]
LSTM_CNN;89.576618;11.0;6209.0;6209.0;172495.0;53359.0;10.0;89.577;89.577;89.577;[reg, sid, ban, sec, men, med, sum, bet, hfq, hhh]
CNN_LSTM;89.568225;11.0;6214.0;6214.0;172490.0;53354.0;12.0;89.568;89.568;89.568;[reg, sid, ban, sec, men, med, sum, max, aci, mmm, npp, aei]
ParallelCNNLSTMModel;89.564867;11.0;6216.0;6216.0;172488.0;53352.0;13.0;89.565;89.565;89.565;[reg, sid, ban, sec, men, med, sum, aci, mmm, npp, hfq, hhh, aei]
CNN_LSTM;89.538007;11.0;6232.0;6232.0;172472.0;53336.0;14.0;89.538;89.538;89.538;[reg, sid, ban, sec, men, med, sum, aci, bet, mmm, npp, hfq, htp, hhh]
CNN_LSTM;89.519541;11.0;6243.0;6243.0;172461.0;53325.0;13.0;89.52;89.52;89.52;[reg, sid, ban, sec, men, med, sum, aci, bet, mmm, npp, hhh, aei]
CNN_LSTM;89.502753;11.0;6253.0;6253.0;172451.0;53315.0;12.0;89.503;89.503;89.503;[reg, sid, ban, sec, men, med, sum, max, aci, npp, hfq, hhh]
CNN_LSTM;89.485966;11.0;6263.0;6263.0;172441.0;53305.0;12.0;89.486;89.486;89.486;[reg, sid, ban, sec, men, med, sum, aci, bet, npp, htp, hhh]
CNN_LSTM;89.480929;11.0;6266.0;6266.0;172438.0;53302.0;9.0;89.481;89.481;89.481;[reg, sid, ban, sec, men, med, sum, bet, hhh]
ParallelCNNLSTMModel;89.477572;11.0;6268.0;6268.0;172436.0;53300.0;12.0;89.478;89.478;89.478;[reg, sid, ban, sec, men, med, sum, aci, npp, htp, hhh, aei]
LSTM_CNN;89.465821;11.0;6275.0;6275.0;172429.0;53293.0;11.0;89.466;89.466;89.466;[reg, sid, ban, sec, men, med, sum, aci, mmm, npp, hhh]
CNN_LSTM;89.464142;11.0;6276.0;6276.0;172428.0;53292.0;14.0;89.464;89.464;89.464;[reg, sid, ban, sec, men, med, sum, aci, bet, npp, hfq, htp, hhh, aei]
LSTM_CNN;89.443997;11.0;6288.0;6288.0;172416.0;53280.0;13.0;89.444;89.444;89.444;[reg, sid, ban, sec, men, med, sum, aci, bet, mmm, npp, hhh, aei]
CNN_LSTM;89.432246;11.0;6295.0;6295.0;172409.0;53273.0;12.0;89.432;89.432;89.432;[reg, sid, ban, sec, men, med, sum, max, aci, npp, hfq, aei]
LSTM_CNN;89.420494;11.0;6302.0;6302.0;172402.0;53266.0;13.0;89.42;89.42;89.42;[reg, sid, ban, sec, men, med, sum, aci, bet, mmm, npp, hfq, htp]
CNN_LSTM;89.410422;11.0;6308.0;6308.0;172396.0;53260.0;14.0;89.41;89.41;89.41;[reg, sid, ban, sec, men, med, sum, aci, bet, mmm, npp, hfq, htp, aei]
CNN_LSTM;89.39867;11.0;6315.0;6315.0;172389.0;53253.0;12.0;89.399;89.399;89.399;[reg, sid, ban, sec, men, med, sum, aci, bet, npp, hfq, aei]
ParallelCNNLSTMModel;89.386919;11.0;6322.0;6322.0;172382.0;53246.0;11.0;89.387;89.387;89.387;[reg, sid, ban, sec, men, med, sum, aci, mmm, npp, hhh]
ParallelCNNLSTMModel;89.365095;11.0;6335.0;6335.0;172369.0;53233.0;10.0;89.365;89.365;89.365;[reg, sid, ban, sec, men, med, sum, aci, npp, aei]
ParallelCNNLSTMModel;89.353344;11.0;6342.0;6342.0;172362.0;53226.0;13.0;89.353;89.353;89.353;[reg, sid, ban, sec, men, med, sum, max, aci, mmm, npp, htp, aei]
ParallelCNNLSTMModel;89.351665;11.0;6343.0;6343.0;172361.0;53225.0;11.0;89.352;89.352;89.352;[reg, sid, ban, sec, men, med, sum, aci, mmm, npp, hfq]
LSTM_CNN;89.34495;11.0;6347.0;6347.0;172357.0;53221.0;11.0;89.345;89.345;89.345;[reg, sid, ban, sec, men, med, sum, max, bet, hfq, aei]
CNN_LSTM;89.341593;11.0;6349.0;6349.0;172355.0;53219.0;13.0;89.342;89.342;89.342;[reg, sid, ban, sec, men, med, sum, aci, mmm, npp, hfq, htp, hhh]
LSTM_CNN;89.321448;11.0;6361.0;6361.0;172343.0;53207.0;14.0;89.321;89.321;89.321;[reg, sid, ban, sec, men, med, sum, max, aci, bet, mmm, npp, hfq, hhh]
ParallelCNNLSTMModel;89.31809;11.0;6363.0;6363.0;172341.0;53205.0;12.0;89.318;89.318;89.318;[reg, sid, ban, sec, men, med, sum, aci, npp, hfq, htp, aei]
LSTM_CNN;89.314733;11.0;6365.0;6365.0;172339.0;53203.0;12.0;89.315;89.315;89.315;[reg, sid, ban, sec, men, med, sum, aci, npp, hfq, htp, aei]
LSTM_CNN;89.311375;11.0;6367.0;6367.0;172337.0;53201.0;13.0;89.311;89.311;89.311;[reg, sid, ban, sec, men, med, sum, aci, mmm, npp, hfq, htp, aei]
CNN_LSTM;89.311375;11.0;6367.0;6367.0;172337.0;53201.0;13.0;89.311;89.311;89.311;[reg, sid, ban, sec, men, med, sum, max, aci, npp, hfq, htp, aei]
LSTM_CNN;89.308018;11.0;6369.0;6369.0;172335.0;53199.0;10.0;89.308;89.308;89.308;[reg, sid, ban, sec, men, med, sum, bet, mmm, hfq]
LSTM_CNN;89.306339;11.0;6370.0;6370.0;172334.0;53198.0;13.0;89.306;89.306;89.306;[reg, sid, ban, sec, men, med, sum, aci, bet, mmm, npp, htp, aei]
CNN_LSTM;89.274443;11.0;6389.0;6389.0;172315.0;53179.0;11.0;89.274;89.274;89.274;[reg, sid, ban, sec, men, med, sum, mmm, hfq, hhh, aei]
CNN_LSTM;89.272764;11.0;6390.0;6390.0;172314.0;53178.0;12.0;89.273;89.273;89.273;[reg, sid, ban, sec, men, med, sum, aci, bet, mmm, npp, aei]
ParallelCNNLSTMModel;89.261013;11.0;6397.0;6397.0;172307.0;53171.0;12.0;89.261;89.261;89.261;[reg, sid, ban, sec, men, med, sum, max, aci, mmm, npp, hhh]
CNN_LSTM;89.239189;11.0;6410.0;6410.0;172294.0;53158.0;10.0;89.239;89.239;89.239;[reg, sid, ban, sec, men, med, sum, max, hhh, aei]
LSTM_CNN;89.235831;11.0;6412.0;6412.0;172292.0;53156.0;12.0;89.236;89.236;89.236;[reg, sid, ban, sec, men, med, sum, aci, bet, npp, hfq, hhh]
LSTM_CNN;89.234153;11.0;6413.0;6413.0;172291.0;53155.0;13.0;89.234;89.234;89.234;[reg, sid, ban, sec, men, med, sum, max, aci, mmm, npp, htp, aei]
CNN_LSTM;89.227438;11.0;6417.0;6417.0;172287.0;53151.0;11.0;89.227;89.227;89.227;[reg, sid, ban, sec, men, med, sum, aci, npp, hfq, hhh]
LSTM_CNN;89.22408;11.0;6419.0;6419.0;172285.0;53149.0;12.0;89.224;89.224;89.224;[reg, sid, ban, sec, men, med, sum, aci, bet, npp, htp, aei]
CNN_LSTM;89.222401;11.0;6420.0;6420.0;172284.0;53148.0;12.0;89.222;89.222;89.222;[reg, sid, ban, sec, men, med, sum, aci, bet, mmm, npp, htp]
ParallelCNNLSTMModel;89.214008;11.0;6425.0;6425.0;172279.0;53143.0;13.0;89.214;89.214;89.214;[reg, sid, ban, sec, men, med, sum, max, aci, mmm, npp, hfq, hhh]
LSTM_CNN;89.198899;11.0;6434.0;6434.0;172270.0;53134.0;14.0;89.199;89.199;89.199;[reg, sid, ban, sec, men, med, sum, max, aci, bet, mmm, npp, hfq, aei]
CNN_LSTM;89.192184;11.0;6438.0;6438.0;172266.0;53130.0;12.0;89.192;89.192;89.192;[reg, sid, ban, sec, men, med, sum, aci, npp, hfq, htp, aei]
CNN_LSTM;89.187147;11.0;6441.0;6441.0;172263.0;53127.0;14.0;89.187;89.187;89.187;[reg, sid, ban, sec, men, med, sum, max, aci, mmm, npp, hfq, hhh, aei]
LSTM_CNN;89.161966;11.0;6456.0;6456.0;172248.0;53112.0;13.0;89.162;89.162;89.162;[reg, sid, ban, sec, men, med, sum, max, aci, npp, htp, hhh, aei]
ParallelCNNLSTMModel;89.160287;11.0;6457.0;6457.0;172247.0;53111.0;12.0;89.16;89.16;89.16;[reg, sid, ban, sec, men, med, sum, aci, mmm, npp, hfq, hhh]
LSTM_CNN;89.148536;11.0;6464.0;6464.0;172240.0;53104.0;12.0;89.149;89.149;89.149;[reg, sid, ban, sec, men, med, sum, aci, mmm, npp, hfq, hhh]
LSTM_CNN;89.146857;11.0;6465.0;6465.0;172239.0;53103.0;12.0;89.147;89.147;89.147;[reg, sid, ban, sec, men, med, sum, max, aci, bet, npp, hhh]
CNN_LSTM;89.146857;11.0;6465.0;6465.0;172239.0;53103.0;11.0;89.147;89.147;89.147;[reg, sid, ban, sec, men, med, sum, max, aci, npp, htp]
LSTM_CNN;89.145179;11.0;6466.0;6466.0;172238.0;53102.0;10.0;89.145;89.145;89.145;[reg, sid, ban, sec, men, med, sum, bet, mmm, hhh]
LSTM_CNN;89.131749;11.0;6474.0;6474.0;172230.0;53094.0;14.0;89.132;89.132;89.132;[reg, sid, ban, sec, men, med, sum, max, aci, bet, mmm, npp, htp, aei]
ParallelCNNLSTMModel;89.125034;11.0;6478.0;6478.0;172226.0;53090.0;15.0;89.125;89.125;89.125;[reg, sid, ban, sec, men, med, sum, max, aci, bet, mmm, npp, hfq, htp, hhh]
ParallelCNNLSTMModel;89.125034;11.0;6478.0;6478.0;172226.0;53090.0;11.0;89.125;89.125;89.125;[reg, sid, ban, sec, men, med, sum, aci, mmm, npp, htp]
ParallelCNNLSTMModel;89.123355;11.0;6479.0;6479.0;172225.0;53089.0;12.0;89.123;89.123;89.123;[reg, sid, ban, sec, men, med, sum, max, aci, npp, hhh, aei]
ParallelCNNLSTMModel;89.118319;11.0;6482.0;6482.0;172222.0;53086.0;12.0;89.118;89.118;89.118;[reg, sid, ban, sec, men, med, sum, max, aci, npp, hfq, hhh]
ParallelCNNLSTMModel;89.111604;11.0;6486.0;6486.0;172218.0;53082.0;10.0;89.112;89.112;89.112;[reg, sid, ban, sec, men, med, sum, bet, hfq, aei]
LSTM_CNN;89.108246;11.0;6488.0;6488.0;172216.0;53080.0;13.0;89.108;89.108;89.108;[reg, sid, ban, sec, men, med, sum, aci, bet, npp, hfq, htp, hhh]
ParallelCNNLSTMModel;89.10321;11.0;6491.0;6491.0;172213.0;53077.0;13.0;89.103;89.103;89.103;[reg, sid, ban, sec, men, med, sum, max, aci, mmm, npp, hfq, htp]
LSTM_CNN;89.10321;11.0;6491.0;6491.0;172213.0;53077.0;12.0;89.103;89.103;89.103;[reg, sid, ban, sec, men, med, sum, aci, mmm, npp, hhh, aei]
LSTM_CNN;89.10321;11.0;6491.0;6491.0;172213.0;53077.0;10.0;89.103;89.103;89.103;[reg, sid, ban, sec, men, med, sum, max, mmm, npp]
LSTM_CNN;89.098174;11.0;6494.0;6494.0;172210.0;53074.0;13.0;89.098;89.098;89.098;[reg, sid, ban, sec, men, med, sum, aci, bet, mmm, npp, hfq, aei]
CNN_LSTM;89.098174;11.0;6494.0;6494.0;172210.0;53074.0;11.0;89.098;89.098;89.098;[reg, sid, ban, sec, men, med, sum, max, aci, npp, aei]
LSTM_CNN;89.088101;11.0;6500.0;6500.0;172204.0;53068.0;13.0;89.088;89.088;89.088;[reg, sid, ban, sec, men, med, sum, max, aci, bet, npp, htp, aei]
ParallelCNNLSTMModel;89.088101;11.0;6500.0;6500.0;172204.0;53068.0;12.0;89.088;89.088;89.088;[reg, sid, ban, sec, men, med, sum, aci, bet, npp, hfq, aei]
CNN_LSTM;89.074671;11.0;6508.0;6508.0;172196.0;53060.0;12.0;89.075;89.075;89.075;[reg, sid, ban, sec, men, med, sum, max, hfq, htp, hhh, aei]
ParallelCNNLSTMModel;89.066277;11.0;6513.0;6513.0;172191.0;53055.0;12.0;89.066;89.066;89.066;[reg, sid, ban, sec, men, med, sum, aci, bet, mmm, npp, hfq]
ParallelCNNLSTMModel;89.061241;11.0;6516.0;6516.0;172188.0;53052.0;11.0;89.061;89.061;89.061;[reg, sid, ban, sec, men, med, sum, aci, npp, hfq, htp]
LSTM_CNN;89.059562;11.0;6517.0;6517.0;172187.0;53051.0;14.0;89.06;89.06;89.06;[reg, sid, ban, sec, men, med, sum, max, aci, mmm, npp, hfq, hhh, aei]
LSTM_CNN;89.04949;11.0;6523.0;6523.0;172181.0;53045.0;11.0;89.049;89.049;89.049;[reg, sid, ban, sec, men, med, sum, bet, mmm, hfq, hhh]
LSTM_CNN;89.047811;11.0;6524.0;6524.0;172180.0;53044.0;12.0;89.048;89.048;89.048;[reg, sid, ban, sec, men, med, sum, max, aci, bet, npp, aei]
CNN_LSTM;89.034381;11.0;6532.0;6532.0;172172.0;53036.0;9.0;89.034;89.034;89.034;[reg, sid, ban, sec, men, med, sum, aci, npp]
ParallelCNNLSTMModel;89.02263;11.0;6539.0;6539.0;172165.0;53029.0;14.0;89.023;89.023;89.023;[reg, sid, ban, sec, men, med, sum, max, aci, npp, hfq, htp, hhh, aei]
LSTM_CNN;88.987376;11.0;6560.0;6560.0;172144.0;53008.0;13.0;88.987;88.987;88.987;[reg, sid, ban, sec, men, med, sum, max, aci, mmm, npp, hfq, htp]
CNN_LSTM;88.984018;11.0;6562.0;6562.0;172142.0;53006.0;12.0;88.984;88.984;88.984;[reg, sid, ban, sec, men, med, sum, max, aci, bet, npp, hhh]
ParallelCNNLSTMModel;88.980661;11.0;6564.0;6564.0;172140.0;53004.0;12.0;88.981;88.981;88.981;[reg, sid, ban, sec, men, med, sum, aci, bet, npp, htp, aei]
LSTM_CNN;88.975624;11.0;6567.0;6567.0;172137.0;53001.0;11.0;88.976;88.976;88.976;[reg, sid, ban, sec, men, med, sum, aci, mmm, npp, aei]
CNN_LSTM;88.960516;11.0;6576.0;6576.0;172128.0;52992.0;11.0;88.961;88.961;88.961;[reg, sid, ban, sec, men, med, sum, max, bet, hfq, aei]
ParallelCNNLSTMModel;88.952122;11.0;6581.0;6581.0;172123.0;52987.0;12.0;88.952;88.952;88.952;[reg, sid, ban, sec, men, med, sum, aci, mmm, npp, hfq, aei]
CNN_LSTM;88.933656;11.0;6592.0;6592.0;172112.0;52976.0;12.0;88.934;88.934;88.934;[reg, sid, ban, sec, men, med, sum, aci, bet, npp, hhh, aei]
ParallelCNNLSTMModel;88.918547;11.0;6601.0;6601.0;172103.0;52967.0;11.0;88.919;88.919;88.919;[reg, sid, ban, sec, men, med, sum, aci, bet, npp, htp]
CNN_LSTM;88.910153;11.0;6606.0;6606.0;172098.0;52962.0;11.0;88.91;88.91;88.91;[reg, sid, ban, sec, men, med, sum, max, mmm, hhh, aei]
ParallelCNNLSTMModel;88.888329;11.0;6619.0;6619.0;172085.0;52949.0;12.0;88.888;88.888;88.888;[reg, sid, ban, sec, men, med, sum, aci, npp, hfq, htp, hhh]
ParallelCNNLSTMModel;88.876578;11.0;6626.0;6626.0;172078.0;52942.0;11.0;88.877;88.877;88.877;[reg, sid, ban, sec, men, med, sum, max, bet, mmm, hfq]
CNN_LSTM;88.84636;11.0;6644.0;6644.0;172060.0;52924.0;14.0;88.846;88.846;88.846;[reg, sid, ban, sec, men, med, sum, max, aci, mmm, npp, hfq, htp, aei]
ParallelCNNLSTMModel;88.844682;11.0;6645.0;6645.0;172059.0;52923.0;9.0;88.845;88.845;88.845;[reg, sid, ban, sec, men, med, sum, bet, hhh]
CNN_LSTM;88.843003;11.0;6646.0;6646.0;172058.0;52922.0;12.0;88.843;88.843;88.843;[reg, sid, ban, sec, men, med, sum, max, aci, mmm, npp, htp]
ParallelCNNLSTMModel;88.843003;11.0;6646.0;6646.0;172058.0;52922.0;10.0;88.843;88.843;88.843;[reg, sid, ban, sec, men, med, sum, max, hhh, aei]
LSTM_CNN;88.839645;11.0;6648.0;6648.0;172056.0;52920.0;14.0;88.84;88.84;88.84;[reg, sid, ban, sec, men, med, sum, max, aci, bet, npp, hfq, hhh, aei]
ParallelCNNLSTMModel;88.83293;11.0;6652.0;6652.0;172052.0;52916.0;9.0;88.833;88.833;88.833;[reg, sid, ban, sec, men, med, sum, bet, hfq]
ParallelCNNLSTMModel;88.821179;11.0;6659.0;6659.0;172045.0;52909.0;13.0;88.821;88.821;88.821;[reg, sid, ban, sec, men, med, sum, aci, mmm, npp, htp, hhh, aei]
ParallelCNNLSTMModel;88.80607;11.0;6668.0;6668.0;172036.0;52900.0;12.0;88.806;88.806;88.806;[reg, sid, ban, sec, men, med, sum, max, aci, mmm, npp, aei]
CNN_LSTM;88.804392;11.0;6669.0;6669.0;172035.0;52899.0;10.0;88.804;88.804;88.804;[reg, sid, ban, sec, men, med, sum, max, aci, npp]
CNN_LSTM;88.794319;11.0;6675.0;6675.0;172029.0;52893.0;11.0;88.794;88.794;88.794;[reg, sid, ban, sec, men, med, sum, aci, mmm, npp, htp]
ParallelCNNLSTMModel;88.760744;11.0;6695.0;6695.0;172009.0;52873.0;10.0;88.761;88.761;88.761;[reg, sid, ban, sec, men, med, sum, bet, mmm, hhh]
CNN_LSTM;88.755708;11.0;6698.0;6698.0;172006.0;52870.0;10.0;88.756;88.756;88.756;[reg, sid, ban, sec, men, med, sum, aci, npp, aei]
LSTM_CNN;88.755708;11.0;6698.0;6698.0;172006.0;52870.0;13.0;88.756;88.756;88.756;[reg, sid, ban, sec, men, med, sum, max, aci, bet, npp, htp, hhh]
LSTM_CNN;88.732205;11.0;6712.0;6712.0;171992.0;52856.0;12.0;88.732;88.732;88.732;[reg, sid, ban, sec, men, med, sum, max, aci, npp, htp, hhh]
CNN_LSTM;88.695273;11.0;6734.0;6734.0;171970.0;52834.0;10.0;88.695;88.695;88.695;[reg, sid, ban, sec, men, med, sum, mmm, hhh, aei]
LSTM_CNN;88.676806;11.0;6745.0;6745.0;171959.0;52823.0;12.0;88.677;88.677;88.677;[reg, sid, ban, sec, men, med, sum, max, aci, npp, hfq, htp]
ParallelCNNLSTMModel;88.628122;11.0;6774.0;6774.0;171930.0;52794.0;12.0;88.628;88.628;88.628;[reg, sid, ban, sec, men, med, sum, max, aci, mmm, npp, hfq]
LSTM_CNN;88.61805;11.0;6780.0;6780.0;171924.0;52788.0;12.0;88.618;88.618;88.618;[reg, sid, ban, sec, men, med, sum, max, aci, npp, hfq, aei]
ParallelCNNLSTMModel;88.616371;11.0;6781.0;6781.0;171923.0;52787.0;10.0;88.616;88.616;88.616;[reg, sid, ban, sec, men, med, sum, hfq, hhh, aei]
LSTM_CNN;88.613014;11.0;6783.0;6783.0;171921.0;52785.0;15.0;88.613;88.613;88.613;[reg, sid, ban, sec, men, med, sum, max, aci, bet, npp, hfq, htp, hhh, aei]
CNN_LSTM;88.611335;11.0;6784.0;6784.0;171920.0;52784.0;11.0;88.611;88.611;88.611;[reg, sid, ban, sec, men, med, sum, aci, mmm, npp, hhh]
CNN_LSTM;88.592869;11.0;6795.0;6795.0;171909.0;52773.0;13.0;88.593;88.593;88.593;[reg, sid, ban, sec, men, med, sum, max, aci, mmm, npp, hhh, aei]
CNN_LSTM;88.589511;11.0;6797.0;6797.0;171907.0;52771.0;12.0;88.59;88.59;88.59;[reg, sid, ban, sec, men, med, sum, aci, mmm, npp, hfq, aei]
LSTM_CNN;88.582796;11.0;6801.0;6801.0;171903.0;52767.0;12.0;88.583;88.583;88.583;[reg, sid, ban, sec, men, med, sum, aci, bet, npp, htp, hhh]
ParallelCNNLSTMModel;88.581117;11.0;6802.0;6802.0;171902.0;52766.0;12.0;88.581;88.581;88.581;[reg, sid, ban, sec, men, med, sum, aci, mmm, npp, htp, hhh]
LSTM_CNN;88.576081;11.0;6805.0;6805.0;171899.0;52763.0;12.0;88.576;88.576;88.576;[reg, sid, ban, sec, men, med, sum, max, aci, mmm, npp, htp]
CNN_LSTM;88.574402;11.0;6806.0;6806.0;171898.0;52762.0;11.0;88.574;88.574;88.574;[reg, sid, ban, sec, men, med, sum, max, mmm, npp, hfq]
CNN_LSTM;88.567687;11.0;6810.0;6810.0;171894.0;52758.0;11.0;88.568;88.568;88.568;[reg, sid, ban, sec, men, med, sum, aci, mmm, npp, aei]
CNN_LSTM;88.566009;11.0;6811.0;6811.0;171893.0;52757.0;8.0;88.566;88.566;88.566;[reg, sid, ban, sec, men, med, sum, htp]
LSTM_CNN;88.557615;11.0;6816.0;6816.0;171888.0;52752.0;10.0;88.558;88.558;88.558;[reg, sid, ban, sec, men, med, sum, aci, bet, npp]
CNN_LSTM;88.555936;11.0;6817.0;6817.0;171887.0;52751.0;10.0;88.556;88.556;88.556;[reg, sid, ban, sec, men, med, sum, max, hfq, htp]
LSTM_CNN;88.555936;11.0;6817.0;6817.0;171887.0;52751.0;9.0;88.556;88.556;88.556;[reg, sid, ban, sec, men, med, sum, bet, htp]
LSTM_CNN;88.554257;11.0;6818.0;6818.0;171886.0;52750.0;11.0;88.554;88.554;88.554;[reg, sid, ban, sec, men, med, sum, aci, mmm, npp, htp]
CNN_LSTM;88.549221;11.0;6821.0;6821.0;171883.0;52747.0;11.0;88.549;88.549;88.549;[reg, sid, ban, sec, men, med, sum, max, aci, mmm, npp]
CNN_LSTM;88.547542;11.0;6822.0;6822.0;171882.0;52746.0;15.0;88.548;88.548;88.548;[reg, sid, ban, sec, men, med, sum, max, aci, bet, mmm, npp, htp, hhh, aei]
CNN_LSTM;88.53747;11.0;6828.0;6828.0;171876.0;52740.0;9.0;88.537;88.537;88.537;[reg, sid, ban, sec, men, med, sum, hfq, aei]
LSTM_CNN;88.519003;11.0;6839.0;6839.0;171865.0;52729.0;11.0;88.519;88.519;88.519;[reg, sid, ban, sec, men, med, sum, aci, mmm, npp, hfq]
CNN_LSTM;88.513967;11.0;6842.0;6842.0;171862.0;52726.0;13.0;88.514;88.514;88.514;[reg, sid, ban, sec, men, med, sum, max, aci, mmm, npp, htp, aei]
ParallelCNNLSTMModel;88.51061;11.0;6844.0;6844.0;171860.0;52724.0;13.0;88.511;88.511;88.511;[reg, sid, ban, sec, men, med, sum, max, aci, bet, npp, htp, aei]
LSTM_CNN;88.508931;11.0;6845.0;6845.0;171859.0;52723.0;15.0;88.509;88.509;88.509;[reg, sid, ban, sec, men, med, sum, max, aci, bet, mmm, npp, hfq, htp, aei]
CNN_LSTM;88.49718;11.0;6852.0;6852.0;171852.0;52716.0;12.0;88.497;88.497;88.497;[reg, sid, ban, sec, men, med, sum, bet, mmm, htp, hhh, aei]
CNN_LSTM;88.490465;11.0;6856.0;6856.0;171848.0;52712.0;10.0;88.49;88.49;88.49;[reg, sid, ban, sec, men, med, sum, aci, npp, htp]
LSTM_CNN;88.487107;11.0;6858.0;6858.0;171846.0;52710.0;13.0;88.487;88.487;88.487;[reg, sid, ban, sec, men, med, sum, aci, mmm, npp, hfq, hhh, aei]
ParallelCNNLSTMModel;88.482071;11.0;6861.0;6861.0;171843.0;52707.0;12.0;88.482;88.482;88.482;[reg, sid, ban, sec, men, med, sum, max, aci, npp, hfq, aei]
CNN_LSTM;88.471998;11.0;6867.0;6867.0;171837.0;52701.0;11.0;88.472;88.472;88.472;[reg, sid, ban, sec, men, med, sum, max, aci, npp, hhh]
ParallelCNNLSTMModel;88.471998;11.0;6867.0;6867.0;171837.0;52701.0;12.0;88.472;88.472;88.472;[reg, sid, ban, sec, men, med, sum, max, aci, bet, npp, hfq]
CNN_LSTM;88.463605;11.0;6872.0;6872.0;171832.0;52696.0;12.0;88.464;88.464;88.464;[reg, sid, ban, sec, men, med, sum, aci, npp, hfq, htp, hhh]
CNN_LSTM;88.460247;11.0;6874.0;6874.0;171830.0;52694.0;11.0;88.46;88.46;88.46;[reg, sid, ban, sec, men, med, sum, max, mmm, hfq, htp]
ParallelCNNLSTMModel;88.45689;11.0;6876.0;6876.0;171828.0;52692.0;11.0;88.457;88.457;88.457;[reg, sid, ban, sec, men, med, sum, bet, hfq, hhh, aei]
CNN_LSTM;88.445138;11.0;6883.0;6883.0;171821.0;52685.0;14.0;88.445;88.445;88.445;[reg, sid, ban, sec, men, med, sum, max, aci, npp, hfq, htp, hhh, aei]
LSTM_CNN;88.445138;11.0;6883.0;6883.0;171821.0;52685.0;14.0;88.445;88.445;88.445;[reg, sid, ban, sec, men, med, sum, max, aci, mmm, npp, hfq, htp, hhh]
CNN_LSTM;88.423315;11.0;6896.0;6896.0;171808.0;52672.0;13.0;88.423;88.423;88.423;[reg, sid, ban, sec, men, med, sum, max, aci, npp, htp, hhh, aei]
ParallelCNNLSTMModel;88.396454;11.0;6912.0;6912.0;171792.0;52656.0;11.0;88.396;88.396;88.396;[reg, sid, ban, sec, men, med, sum, aci, npp, htp, aei]
CNN_LSTM;88.376309;11.0;6924.0;6924.0;171780.0;52644.0;10.0;88.376;88.376;88.376;[reg, sid, ban, sec, men, med, sum, aci, npp, hhh]
LSTM_CNN;88.346092;11.0;6942.0;6942.0;171762.0;52626.0;13.0;88.346;88.346;88.346;[reg, sid, ban, sec, men, med, sum, max, aci, npp, hfq, hhh, aei]
CNN_LSTM;88.334341;11.0;6949.0;6949.0;171755.0;52619.0;15.0;88.334;88.334;88.334;[reg, sid, ban, sec, men, med, sum, max, aci, mmm, npp, hfq, htp, hhh, aei]
CNN_LSTM;88.324268;11.0;6955.0;6955.0;171749.0;52613.0;14.0;88.324;88.324;88.324;[reg, sid, ban, sec, men, med, sum, aci, bet, mmm, npp, hfq, hhh, aei]
LSTM_CNN;88.312517;11.0;6962.0;6962.0;171742.0;52606.0;11.0;88.313;88.313;88.313;[reg, sid, ban, sec, men, med, sum, aci, npp, hhh, aei]
CNN_LSTM;88.304123;11.0;6967.0;6967.0;171737.0;52601.0;12.0;88.304;88.304;88.304;[reg, sid, ban, sec, men, med, sum, max, aci, npp, hhh, aei]
ParallelCNNLSTMModel;88.302444;11.0;6968.0;6968.0;171736.0;52600.0;11.0;88.302;88.302;88.302;[reg, sid, ban, sec, men, med, sum, max, aci, npp, aei]
CNN_LSTM;88.282299;11.0;6980.0;6980.0;171724.0;52588.0;13.0;88.282;88.282;88.282;[reg, sid, ban, sec, men, med, sum, max, aci, bet, npp, htp, aei]
ParallelCNNLSTMModel;88.270548;11.0;6987.0;6987.0;171717.0;52581.0;14.0;88.271;88.271;88.271;[reg, sid, ban, sec, men, med, sum, max, aci, mmm, npp, hfq, hhh, aei]
CNN_LSTM;88.268869;11.0;6988.0;6988.0;171716.0;52580.0;14.0;88.269;88.269;88.269;[reg, sid, ban, sec, men, med, sum, max, aci, mmm, npp, hfq, htp, hhh]
ParallelCNNLSTMModel;88.258797;11.0;6994.0;6994.0;171710.0;52574.0;13.0;88.259;88.259;88.259;[reg, sid, ban, sec, men, med, sum, aci, npp, hfq, htp, hhh, aei]
LSTM_CNN;88.255439;11.0;6996.0;6996.0;171708.0;52572.0;11.0;88.255;88.255;88.255;[reg, sid, ban, sec, men, med, sum, max, aci, npp, hhh]
ParallelCNNLSTMModel;88.236973;11.0;7007.0;7007.0;171697.0;52561.0;13.0;88.237;88.237;88.237;[reg, sid, ban, sec, men, med, sum, max, aci, mmm, npp, hhh, aei]
LSTM_CNN;88.220185;11.0;7017.0;7017.0;171687.0;52551.0;13.0;88.22;88.22;88.22;[reg, sid, ban, sec, men, med, sum, max, aci, npp, hfq, htp, aei]
ParallelCNNLSTMModel;88.205077;11.0;7026.0;7026.0;171678.0;52542.0;12.0;88.205;88.205;88.205;[reg, sid, ban, sec, men, med, sum, max, aci, npp, htp, aei]
LSTM_CNN;88.184932;11.0;7038.0;7038.0;171666.0;52530.0;14.0;88.185;88.185;88.185;[reg, sid, ban, sec, men, med, sum, max, aci, mmm, npp, htp, hhh, aei]
ParallelCNNLSTMModel;88.181574;11.0;7040.0;7040.0;171664.0;52528.0;10.0;88.182;88.182;88.182;[reg, sid, ban, sec, men, med, sum, bet, mmm, hfq]
ParallelCNNLSTMModel;88.171501;11.0;7046.0;7046.0;171658.0;52522.0;13.0;88.172;88.172;88.172;[reg, sid, ban, sec, men, med, sum, max, aci, npp, hfq, htp, hhh]
LSTM_CNN;88.169823;11.0;7047.0;7047.0;171657.0;52521.0;12.0;88.17;88.17;88.17;[reg, sid, ban, sec, men, med, sum, aci, npp, hfq, htp, hhh]
CNN_LSTM;88.164786;11.0;7050.0;7050.0;171654.0;52518.0;12.0;88.165;88.165;88.165;[reg, sid, ban, sec, men, med, sum, max, aci, mmm, npp, hhh]
LSTM_CNN;88.142963;11.0;7063.0;7063.0;171641.0;52505.0;11.0;88.143;88.143;88.143;[reg, sid, ban, sec, men, med, sum, bet, mmm, hhh, aei]
CNN_LSTM;88.121139;11.0;7076.0;7076.0;171628.0;52492.0;13.0;88.121;88.121;88.121;[reg, sid, ban, sec, men, med, sum, max, aci, npp, hfq, htp, hhh]
LSTM_CNN;88.117781;11.0;7078.0;7078.0;171626.0;52490.0;10.0;88.118;88.118;88.118;[reg, sid, ban, sec, men, med, sum, npp, hhh, aei]
CNN_LSTM;88.114424;11.0;7080.0;7080.0;171624.0;52488.0;14.0;88.114;88.114;88.114;[reg, sid, ban, sec, men, med, sum, aci, mmm, npp, hfq, htp, hhh, aei]
ParallelCNNLSTMModel;88.099315;11.0;7089.0;7089.0;171615.0;52479.0;11.0;88.099;88.099;88.099;[reg, sid, ban, sec, men, med, sum, aci, npp, hfq, hhh]
CNN_LSTM;88.095958;11.0;7091.0;7091.0;171613.0;52477.0;11.0;88.096;88.096;88.096;[reg, sid, ban, sec, men, med, sum, aci, npp, hfq, aei]
CNN_LSTM;88.082528;11.0;7099.0;7099.0;171605.0;52469.0;12.0;88.083;88.083;88.083;[reg, sid, ban, sec, men, med, sum, aci, mmm, npp, hhh, aei]
LSTM_CNN;88.07917;11.0;7101.0;7101.0;171603.0;52467.0;11.0;88.079;88.079;88.079;[reg, sid, ban, sec, men, med, sum, max, aci, npp, aei]
CNN_LSTM;88.050631;11.0;7118.0;7118.0;171586.0;52450.0;12.0;88.051;88.051;88.051;[reg, sid, ban, sec, men, med, sum, aci, bet, npp, hfq, htp]
CNN_LSTM;88.045595;11.0;7121.0;7121.0;171583.0;52447.0;12.0;88.046;88.046;88.046;[reg, sid, ban, sec, men, med, sum, max, aci, npp, hfq, htp]
LSTM_CNN;88.040559;11.0;7124.0;7124.0;171580.0;52444.0;11.0;88.041;88.041;88.041;[reg, sid, ban, sec, men, med, sum, max, aci, bet, npp]
CNN_LSTM;88.03888;11.0;7125.0;7125.0;171579.0;52443.0;13.0;88.039;88.039;88.039;[reg, sid, ban, sec, men, med, sum, max, aci, bet, npp, htp, hhh]
ParallelCNNLSTMModel;88.006984;11.0;7144.0;7144.0;171560.0;52424.0;13.0;88.007;88.007;88.007;[reg, sid, ban, sec, men, med, sum, aci, mmm, npp, hfq, htp, hhh]
CNN_LSTM;87.991875;11.0;7153.0;7153.0;171551.0;52415.0;12.0;87.992;87.992;87.992;[reg, sid, ban, sec, men, med, sum, max, aci, mmm, npp, hfq]
CNN_LSTM;87.97173;11.0;7165.0;7165.0;171539.0;52403.0;12.0;87.972;87.972;87.972;[reg, sid, ban, sec, men, med, sum, aci, mmm, npp, hfq, hhh]
LSTM_CNN;87.946548;11.0;7180.0;7180.0;171524.0;52388.0;11.0;87.947;87.947;87.947;[reg, sid, ban, sec, men, med, sum, aci, npp, htp, aei]
LSTM_CNN;87.897865;11.0;7209.0;7209.0;171495.0;52359.0;13.0;87.898;87.898;87.898;[reg, sid, ban, sec, men, med, sum, max, aci, bet, npp, hhh, aei]
LSTM_CNN;87.897865;11.0;7209.0;7209.0;171495.0;52359.0;12.0;87.898;87.898;87.898;[reg, sid, ban, sec, men, med, sum, aci, npp, hfq, hhh, aei]
LSTM_CNN;87.810569;11.0;7261.0;7261.0;171443.0;52307.0;14.0;87.811;87.811;87.811;[reg, sid, ban, sec, men, med, sum, max, aci, npp, hfq, htp, hhh, aei]
LSTM_CNN;87.798818;11.0;7268.0;7268.0;171436.0;52300.0;10.0;87.799;87.799;87.799;[reg, sid, ban, sec, men, med, sum, aci, npp, htp]
ParallelCNNLSTMModel;87.787067;11.0;7275.0;7275.0;171429.0;52293.0;12.0;87.787;87.787;87.787;[reg, sid, ban, sec, men, med, sum, aci, npp, hfq, hhh, aei]
ParallelCNNLSTMModel;87.711523;11.0;7320.0;7320.0;171384.0;52248.0;13.0;87.712;87.712;87.712;[reg, sid, ban, sec, men, med, sum, max, aci, mmm, npp, hfq, aei]
LSTM_CNN;87.703129;11.0;7325.0;7325.0;171379.0;52243.0;10.0;87.703;87.703;87.703;[reg, sid, ban, sec, men, med, sum, aci, npp, aei]
LSTM_CNN;87.654445;11.0;7354.0;7354.0;171350.0;52214.0;11.0;87.654;87.654;87.654;[reg, sid, ban, sec, men, med, sum, bet, mmm, hfq, aei]
ParallelCNNLSTMModel;87.649409;11.0;7357.0;7357.0;171347.0;52211.0;10.0;87.649;87.649;87.649;[reg, sid, ban, sec, men, med, sum, bet, hfq, hhh]
ParallelCNNLSTMModel;87.62087;11.0;7374.0;7374.0;171330.0;52194.0;11.0;87.621;87.621;87.621;[reg, sid, ban, sec, men, med, sum, aci, npp, hhh, aei]
CNN_LSTM;87.583938;11.0;7396.0;7396.0;171308.0;52172.0;12.0;87.584;87.584;87.584;[reg, sid, ban, sec, men, med, sum, max, mmm, hfq, hhh, aei]
LSTM_CNN;87.577223;11.0;7400.0;7400.0;171304.0;52168.0;12.0;87.577;87.577;87.577;[reg, sid, ban, sec, men, med, sum, max, bet, hfq, hhh, aei]
LSTM_CNN;87.560435;11.0;7410.0;7410.0;171294.0;52158.0;10.0;87.56;87.56;87.56;[reg, sid, ban, sec, men, med, sum, aci, npp, hfq]
LSTM_CNN;87.552041;11.0;7415.0;7415.0;171289.0;52153.0;14.0;87.552;87.552;87.552;[reg, sid, ban, sec, men, med, sum, max, aci, mmm, npp, hfq, htp, aei]
ParallelCNNLSTMModel;87.533575;11.0;7426.0;7426.0;171278.0;52142.0;9.0;87.534;87.534;87.534;[reg, sid, ban, sec, men, med, sum, hhh, aei]
LSTM_CNN;87.469782;11.0;7464.0;7464.0;171240.0;52104.0;10.0;87.47;87.47;87.47;[reg, sid, ban, sec, men, med, sum, max, aci, npp]
LSTM_CNN;87.454674;11.0;7473.0;7473.0;171231.0;52095.0;11.0;87.455;87.455;87.455;[reg, sid, ban, sec, men, med, sum, max, aci, npp, hfq]
CNN_LSTM;87.43285;11.0;7486.0;7486.0;171218.0;52082.0;10.0;87.433;87.433;87.433;[reg, sid, ban, sec, men, med, sum, hfq, hhh, aei]
LSTM_CNN;87.397596;11.0;7507.0;7507.0;171197.0;52061.0;13.0;87.398;87.398;87.398;[reg, sid, ban, sec, men, med, sum, aci, npp, hfq, htp, hhh, aei]
CNN_LSTM;87.367378;11.0;7525.0;7525.0;171179.0;52043.0;12.0;87.367;87.367;87.367;[reg, sid, ban, sec, men, med, sum, aci, mmm, npp, htp, hhh]
LSTM_CNN;87.353948;11.0;7533.0;7533.0;171171.0;52035.0;12.0;87.354;87.354;87.354;[reg, sid, ban, sec, men, med, sum, max, aci, mmm, npp, hhh]
CNN_LSTM;87.328767;11.0;7548.0;7548.0;171156.0;52020.0;9.0;87.329;87.329;87.329;[reg, sid, ban, sec, men, med, sum, htp, hhh]
LSTM_CNN;87.28512;11.0;7574.0;7574.0;171130.0;51994.0;13.0;87.285;87.285;87.285;[reg, sid, ban, sec, men, med, sum, aci, bet, npp, hfq, hhh, aei]
LSTM_CNN;87.276726;11.0;7579.0;7579.0;171125.0;51989.0;12.0;87.277;87.277;87.277;[reg, sid, ban, sec, men, med, sum, aci, mmm, npp, hfq, aei]
CNN_LSTM;87.259938;11.0;7589.0;7589.0;171115.0;51979.0;13.0;87.26;87.26;87.26;[reg, sid, ban, sec, men, med, sum, aci, mmm, npp, hfq, htp, aei]
ParallelCNNLSTMModel;87.259938;11.0;7589.0;7589.0;171115.0;51979.0;10.0;87.26;87.26;87.26;[reg, sid, ban, sec, men, med, sum, htp, hhh, aei]
ParallelCNNLSTMModel;87.244829;11.0;7598.0;7598.0;171106.0;51970.0;10.0;87.245;87.245;87.245;[reg, sid, ban, sec, men, med, sum, aci, npp, hfq]
LSTM_CNN;87.241472;11.0;7600.0;7600.0;171104.0;51968.0;11.0;87.241;87.241;87.241;[reg, sid, ban, sec, men, med, sum, aci, npp, hfq, aei]
LSTM_CNN;87.229721;11.0;7607.0;7607.0;171097.0;51961.0;12.0;87.23;87.23;87.23;[reg, sid, ban, sec, men, med, sum, max, aci, npp, hhh, aei]
LSTM_CNN;87.228042;11.0;7608.0;7608.0;171096.0;51960.0;13.0;87.228;87.228;87.228;[reg, sid, ban, sec, men, med, sum, max, aci, mmm, npp, hfq, aei]
LSTM_CNN;87.221327;11.0;7612.0;7612.0;171092.0;51956.0;14.0;87.221;87.221;87.221;[reg, sid, ban, sec, men, med, sum, aci, mmm, npp, hfq, htp, hhh, aei]
CNN_LSTM;87.189431;11.0;7631.0;7631.0;171073.0;51937.0;13.0;87.189;87.189;87.189;[reg, sid, ban, sec, men, med, sum, max, aci, bet, mmm, npp, htp]
CNN_LSTM;87.134032;11.0;7664.0;7664.0;171040.0;51904.0;11.0;87.134;87.134;87.134;[reg, sid, ban, sec, men, med, sum, aci, npp, hfq, htp]
LSTM_CNN;87.120602;11.0;7672.0;7672.0;171032.0;51896.0;12.0;87.121;87.121;87.121;[reg, sid, ban, sec, men, med, sum, aci, mmm, npp, htp, hhh]
LSTM_CNN;87.083669;11.0;7694.0;7694.0;171010.0;51874.0;11.0;87.084;87.084;87.084;[reg, sid, ban, sec, men, med, sum, aci, bet, npp, aei]
CNN_LSTM;87.076954;11.0;7698.0;7698.0;171006.0;51870.0;10.0;87.077;87.077;87.077;[reg, sid, ban, sec, men, med, sum, aci, npp, hfq]
LSTM_CNN;87.066882;11.0;7704.0;7704.0;171000.0;51864.0;11.0;87.067;87.067;87.067;[reg, sid, ban, sec, men, med, sum, max, aci, mmm, npp]
LSTM_CNN;87.063524;11.0;7706.0;7706.0;170998.0;51862.0;13.0;87.064;87.064;87.064;[reg, sid, ban, sec, men, med, sum, max, aci, mmm, npp, hhh, aei]
CNN_LSTM;87.045058;11.0;7717.0;7717.0;170987.0;51851.0;13.0;87.045;87.045;87.045;[reg, sid, ban, sec, men, med, sum, max, aci, mmm, npp, hfq, htp]
CNN_LSTM;86.984623;11.0;7753.0;7753.0;170951.0;51815.0;9.0;86.985;86.985;86.985;[reg, sid, ban, sec, men, med, sum, mmm, aei]
LSTM_CNN;86.969514;11.0;7762.0;7762.0;170942.0;51806.0;12.0;86.97;86.97;86.97;[reg, sid, ban, sec, men, med, sum, max, aci, mmm, npp, aei]
LSTM_CNN;86.915794;11.0;7794.0;7794.0;170910.0;51774.0;13.0;86.916;86.916;86.916;[reg, sid, ban, sec, men, med, sum, aci, mmm, npp, hfq, htp, hhh]
LSTM_CNN;86.912436;11.0;7796.0;7796.0;170908.0;51772.0;12.0;86.912;86.912;86.912;[reg, sid, ban, sec, men, med, sum, bet, mmm, hfq, hhh, aei]
LSTM_CNN;86.904042;11.0;7801.0;7801.0;170903.0;51767.0;12.0;86.904;86.904;86.904;[reg, sid, ban, sec, men, med, sum, max, aci, mmm, npp, hfq]
CNN_LSTM;86.865431;11.0;7824.0;7824.0;170880.0;51744.0;10.0;86.865;86.865;86.865;[reg, sid, ban, sec, men, med, sum, hfq, htp, hhh]
CNN_LSTM;86.781493;11.0;7874.0;7874.0;170830.0;51694.0;11.0;86.781;86.781;86.781;[reg, sid, ban, sec, men, med, sum, aci, bet, mmm, npp]
ParallelCNNLSTMModel;86.774778;11.0;7878.0;7878.0;170826.0;51690.0;10.0;86.775;86.775;86.775;[reg, sid, ban, sec, men, med, sum, aci, mmm, npp]
LSTM_CNN;86.724416;11.0;7908.0;7908.0;170796.0;51660.0;12.0;86.724;86.724;86.724;[reg, sid, ban, sec, men, med, sum, aci, mmm, npp, htp, aei]
ParallelCNNLSTMModel;86.630406;11.0;7964.0;7964.0;170740.0;51604.0;13.0;86.63;86.63;86.63;[reg, sid, ban, sec, men, med, sum, max, aci, npp, hfq, hhh, aei]
LSTM_CNN;86.623691;11.0;7968.0;7968.0;170736.0;51600.0;13.0;86.624;86.624;86.624;[reg, sid, ban, sec, men, med, sum, max, aci, npp, hfq, htp, hhh]
ParallelCNNLSTMModel;86.622012;11.0;7969.0;7969.0;170735.0;51599.0;11.0;86.622;86.622;86.622;[reg, sid, ban, sec, men, med, sum, max, aci, npp, htp]
CNN_LSTM;86.606903;11.0;7978.0;7978.0;170726.0;51590.0;10.0;86.607;86.607;86.607;[reg, sid, ban, sec, men, med, sum, max, hfq, aei]
CNN_LSTM;86.499463;11.0;8042.0;8042.0;170662.0;51526.0;12.0;86.499;86.499;86.499;[reg, sid, ban, sec, men, med, sum, aci, npp, htp, hhh, aei]
ParallelCNNLSTMModel;86.444064;11.0;8075.0;8075.0;170629.0;51493.0;10.0;86.444;86.444;86.444;[reg, sid, ban, sec, men, med, sum, max, mmm, aei]
LSTM_CNN;86.418883;11.0;8090.0;8090.0;170614.0;51478.0;12.0;86.419;86.419;86.419;[reg, sid, ban, sec, men, med, sum, aci, bet, mmm, npp, aei]
CNN_LSTM;86.415525;11.0;8092.0;8092.0;170612.0;51476.0;13.0;86.416;86.416;86.416;[reg, sid, ban, sec, men, med, sum, max, aci, mmm, npp, hfq, hhh]
CNN_LSTM;86.390344;11.0;8107.0;8107.0;170597.0;51461.0;10.0;86.39;86.39;86.39;[reg, sid, ban, sec, men, med, sum, aci, mmm, npp]
LSTM_CNN;86.356769;11.0;8127.0;8127.0;170577.0;51441.0;12.0;86.357;86.357;86.357;[reg, sid, ban, sec, men, med, sum, aci, bet, npp, hfq, aei]
LSTM_CNN;86.311442;11.0;8154.0;8154.0;170550.0;51414.0;10.0;86.311;86.311;86.311;[reg, sid, ban, sec, men, med, sum, bet, hhh, aei]
LSTM_CNN;86.271152;11.0;8178.0;8178.0;170526.0;51390.0;9.0;86.271;86.271;86.271;[reg, sid, ban, sec, men, med, sum, htp, aei]
ParallelCNNLSTMModel;86.230862;11.0;8202.0;8202.0;170502.0;51366.0;12.0;86.231;86.231;86.231;[reg, sid, ban, sec, men, med, sum, aci, mmm, npp, hhh, aei]
LSTM_CNN;86.202323;11.0;8219.0;8219.0;170485.0;51349.0;13.0;86.202;86.202;86.202;[reg, sid, ban, sec, men, med, sum, aci, mmm, npp, htp, hhh, aei]
LSTM_CNN;86.202323;11.0;8219.0;8219.0;170485.0;51349.0;11.0;86.202;86.202;86.202;[reg, sid, ban, sec, men, med, sum, max, bet, hfq, htp]
LSTM_CNN;86.162033;11.0;8243.0;8243.0;170461.0;51325.0;11.0;86.162;86.162;86.162;[reg, sid, ban, sec, men, med, sum, aci, npp, hfq, htp]
LSTM_CNN;86.131816;11.0;8261.0;8261.0;170443.0;51307.0;11.0;86.132;86.132;86.132;[reg, sid, ban, sec, men, med, sum, aci, npp, hfq, hhh]
LSTM_CNN;86.012624;11.0;8332.0;8332.0;170372.0;51236.0;12.0;86.013;86.013;86.013;[reg, sid, ban, sec, men, med, sum, max, aci, npp, htp, aei]
CNN_LSTM;86.000873;11.0;8339.0;8339.0;170365.0;51229.0;11.0;86.001;86.001;86.001;[reg, sid, ban, sec, men, med, sum, aci, mmm, npp, hfq]
LSTM_CNN;85.997515;11.0;8341.0;8341.0;170363.0;51227.0;11.0;85.998;85.998;85.998;[reg, sid, ban, sec, men, med, sum, aci, npp, htp, hhh]
LSTM_CNN;85.930365;11.0;8381.0;8381.0;170323.0;51187.0;12.0;85.93;85.93;85.93;[reg, sid, ban, sec, men, med, sum, max, aci, npp, hfq, hhh]
ParallelCNNLSTMModel;85.916935;11.0;8389.0;8389.0;170315.0;51179.0;10.0;85.917;85.917;85.917;[reg, sid, ban, sec, men, med, sum, aci, npp, hhh]
LSTM_CNN;85.844749;11.0;8432.0;8432.0;170272.0;51136.0;11.0;85.845;85.845;85.845;[reg, sid, ban, sec, men, med, sum, max, aci, npp, htp]
LSTM_CNN;85.799423;11.0;8459.0;8459.0;170245.0;51109.0;13.0;85.799;85.799;85.799;[reg, sid, ban, sec, men, med, sum, max, aci, bet, hfq, htp, aei]
LSTM_CNN;85.760811;11.0;8482.0;8482.0;170222.0;51086.0;15.0;85.761;85.761;85.761;[reg, sid, ban, sec, men, med, sum, max, aci, bet, mmm, hfq, htp, hhh, aei]
CNN_LSTM;85.757454;11.0;8484.0;8484.0;170220.0;51084.0;9.0;85.757;85.757;85.757;[reg, sid, ban, sec, men, med, sum, hhh, aei]
LSTM_CNN;85.562718;11.0;8600.0;8600.0;170104.0;50968.0;10.0;85.563;85.563;85.563;[reg, sid, ban, sec, men, med, sum, aci, npp, hhh]
ParallelCNNLSTMModel;85.532501;11.0;8618.0;8618.0;170086.0;50950.0;9.0;85.533;85.533;85.533;[reg, sid, ban, sec, men, med, sum, mmm, aei]
LSTM_CNN;85.507319;11.0;8633.0;8633.0;170071.0;50935.0;12.0;85.507;85.507;85.507;[reg, sid, ban, sec, men, med, sum, max, bet, mmm, hhh, aei]
CNN_LSTM;85.472066;11.0;8654.0;8654.0;170050.0;50914.0;14.0;85.472;85.472;85.472;[reg, sid, ban, sec, men, med, sum, max, aci, mmm, npp, htp, hhh, aei]
LSTM_CNN;85.456957;11.0;8663.0;8663.0;170041.0;50905.0;14.0;85.457;85.457;85.457;[reg, sid, ban, sec, men, med, sum, max, aci, bet, mmm, hfq, htp, hhh]
LSTM_CNN;85.381413;11.0;8708.0;8708.0;169996.0;50860.0;13.0;85.381;85.381;85.381;[reg, sid, ban, sec, men, med, sum, max, aci, bet, mmm, htp, aei]
LSTM_CNN;85.367983;11.0;8716.0;8716.0;169988.0;50852.0;13.0;85.368;85.368;85.368;[reg, sid, ban, sec, men, med, sum, max, aci, mmm, npp, hfq, hhh]
ParallelCNNLSTMModel;85.327693;11.0;8740.0;8740.0;169964.0;50828.0;8.0;85.328;85.328;85.328;[reg, sid, ban, sec, men, med, sum, aei]
LSTM_CNN;85.305869;11.0;8753.0;8753.0;169951.0;50815.0;13.0;85.306;85.306;85.306;[reg, sid, ban, sec, men, med, sum, aci, bet, mmm, hfq, htp, aei]
CNN_LSTM;85.127921;11.0;8859.0;8859.0;169845.0;50709.0;9.0;85.128;85.128;85.128;[reg, sid, ban, sec, men, med, sum, bet, hfq]
CNN_LSTM;85.101061;11.0;8875.0;8875.0;169829.0;50693.0;11.0;85.101;85.101;85.101;[reg, sid, ban, sec, men, med, sum, aci, npp, hhh, aei]
LSTM_CNN;85.025517;11.0;8920.0;8920.0;169784.0;50648.0;9.0;85.026;85.026;85.026;[reg, sid, ban, sec, men, med, sum, aci, npp]
CNN_LSTM;85.015445;11.0;8926.0;8926.0;169778.0;50642.0;10.0;85.015;85.015;85.015;[reg, sid, ban, sec, men, med, sum, max, mmm, aei]
ParallelCNNLSTMModel;84.983548;11.0;8945.0;8945.0;169759.0;50623.0;10.0;84.984;84.984;84.984;[reg, sid, ban, sec, men, med, sum, max, mmm, hhh]
CNN_LSTM;84.933186;11.0;8975.0;8975.0;169729.0;50593.0;11.0;84.933;84.933;84.933;[reg, sid, ban, sec, men, med, sum, max, mmm, htp, aei]
LSTM_CNN;84.866035;11.0;9015.0;9015.0;169689.0;50553.0;12.0;84.866;84.866;84.866;[reg, sid, ban, sec, men, med, sum, max, hfq, htp, hhh, aei]
LSTM_CNN;84.83246;11.0;9035.0;9035.0;169669.0;50533.0;14.0;84.832;84.832;84.832;[reg, sid, ban, sec, men, med, sum, aci, bet, mmm, hfq, htp, hhh, aei]
LSTM_CNN;84.813994;11.0;9046.0;9046.0;169658.0;50522.0;13.0;84.814;84.814;84.814;[reg, sid, ban, sec, men, med, sum, max, aci, bet, mmm, htp, hhh]
ParallelCNNLSTMModel;84.76531;11.0;9075.0;9075.0;169629.0;50493.0;13.0;84.765;84.765;84.765;[reg, sid, ban, sec, men, med, sum, aci, bet, mmm, hfq, htp, aei]
LSTM_CNN;84.735093;11.0;9093.0;9093.0;169611.0;50475.0;10.0;84.735;84.735;84.735;[reg, sid, ban, sec, men, med, sum, max, hfq, aei]
ParallelCNNLSTMModel;84.659549;11.0;9138.0;9138.0;169566.0;50430.0;10.0;84.66;84.66;84.66;[reg, sid, ban, sec, men, med, sum, max, hfq, hhh]
CNN_LSTM;84.528606;11.0;9216.0;9216.0;169488.0;50352.0;9.0;84.529;84.529;84.529;[reg, sid, ban, sec, men, med, sum, max, hhh]
LSTM_CNN;84.49671;11.0;9235.0;9235.0;169469.0;50333.0;9.0;84.497;84.497;84.497;[reg, sid, ban, sec, men, med, sum, bet, aei]
ParallelCNNLSTMModel;84.478243;11.0;9246.0;9246.0;169458.0;50322.0;14.0;84.478;84.478;84.478;[reg, sid, ban, sec, men, med, sum, max, aci, bet, mmm, hfq, htp, hhh]
LSTM_CNN;84.453062;11.0;9261.0;9261.0;169443.0;50307.0;13.0;84.453;84.453;84.453;[reg, sid, ban, sec, men, med, sum, max, aci, bet, mmm, hfq, htp]
CNN_LSTM;84.448026;11.0;9264.0;9264.0;169440.0;50304.0;10.0;84.448;84.448;84.448;[reg, sid, ban, sec, men, med, sum, mmm, hfq, hhh]
LSTM_CNN;84.44299;11.0;9267.0;9267.0;169437.0;50301.0;12.0;84.443;84.443;84.443;[reg, sid, ban, sec, men, med, sum, aci, npp, htp, hhh, aei]
ParallelCNNLSTMModel;84.441311;11.0;9268.0;9268.0;169436.0;50300.0;9.0;84.441;84.441;84.441;[reg, sid, ban, sec, men, med, sum, max, hhh]
LSTM_CNN;84.399342;11.0;9293.0;9293.0;169411.0;50275.0;11.0;84.399;84.399;84.399;[reg, sid, ban, sec, men, med, sum, max, mmm, hfq, hhh]
LSTM_CNN;84.380876;11.0;9304.0;9304.0;169400.0;50264.0;14.0;84.381;84.381;84.381;[reg, sid, ban, sec, men, med, sum, max, aci, bet, mmm, htp, hhh, aei]
LSTM_CNN;84.343943;11.0;9326.0;9326.0;169378.0;50242.0;8.0;84.344;84.344;84.344;[reg, sid, ban, sec, men, med, sum, hfq]
LSTM_CNN;84.328834;11.0;9335.0;9335.0;169369.0;50233.0;13.0;84.329;84.329;84.329;[reg, sid, ban, sec, men, med, sum, aci, bet, mmm, hfq, htp, hhh]
ParallelCNNLSTMModel;84.312047;11.0;9345.0;9345.0;169359.0;50223.0;9.0;84.312;84.312;84.312;[reg, sid, ban, sec, men, med, sum, max, hfq]
ParallelCNNLSTMModel;84.310368;11.0;9346.0;9346.0;169358.0;50222.0;10.0;84.31;84.31;84.31;[reg, sid, ban, sec, men, med, sum, max, mmm, hfq]
ParallelCNNLSTMModel;84.23986;11.0;9388.0;9388.0;169316.0;50180.0;11.0;84.24;84.24;84.24;[reg, sid, ban, sec, men, med, sum, max, mmm, hfq, hhh]
LSTM_CNN;84.182783;11.0;9422.0;9422.0;169282.0;50146.0;13.0;84.183;84.183;84.183;[reg, sid, ban, sec, men, med, sum, max, aci, mmm, htp, hhh, aei]
LSTM_CNN;84.179425;11.0;9424.0;9424.0;169280.0;50144.0;10.0;84.179;84.179;84.179;[reg, sid, ban, sec, men, med, sum, aci, mmm, npp]
CNN_LSTM;84.174389;11.0;9427.0;9427.0;169277.0;50141.0;13.0;84.174;84.174;84.174;[reg, sid, ban, sec, men, med, sum, max, aci, bet, hfq, htp, aei]
ParallelCNNLSTMModel;84.13242;11.0;9452.0;9452.0;169252.0;50116.0;9.0;84.132;84.132;84.132;[reg, sid, ban, sec, men, med, sum, max, aei]
CNN_LSTM;84.063591;11.0;9493.0;9493.0;169211.0;50075.0;11.0;84.064;84.064;84.064;[reg, sid, ban, sec, men, med, sum, aci, bet, htp, hhh]
LSTM_CNN;84.045125;11.0;9504.0;9504.0;169200.0;50064.0;12.0;84.045;84.045;84.045;[reg, sid, ban, sec, men, med, sum, max, aci, bet, mmm, htp]
CNN_LSTM;83.97126;11.0;9548.0;9548.0;169156.0;50020.0;10.0;83.971;83.971;83.971;[reg, sid, ban, sec, men, med, sum, max, bet, hfq]
ParallelCNNLSTMModel;83.885643;11.0;9599.0;9599.0;169105.0;49969.0;9.0;83.886;83.886;83.886;[reg, sid, ban, sec, men, med, sum, mmm, hhh]
LSTM_CNN;83.852068;11.0;9619.0;9619.0;169085.0;49949.0;10.0;83.852;83.852;83.852;[reg, sid, ban, sec, men, med, sum, max, bet, hfq]
CNN_LSTM;83.833602;11.0;9630.0;9630.0;169074.0;49938.0;14.0;83.834;83.834;83.834;[reg, sid, ban, sec, men, med, sum, max, aci, bet, hfq, htp, hhh, aei]
ParallelCNNLSTMModel;83.794991;11.0;9653.0;9653.0;169051.0;49915.0;9.0;83.795;83.795;83.795;[reg, sid, ban, sec, men, med, sum, hfq, hhh]
ParallelCNNLSTMModel;83.774846;11.0;9665.0;9665.0;169039.0;49903.0;12.0;83.775;83.775;83.775;[reg, sid, ban, sec, men, med, sum, max, aci, npp, htp, hhh]
ParallelCNNLSTMModel;83.774846;11.0;9665.0;9665.0;169039.0;49903.0;9.0;83.775;83.775;83.775;[reg, sid, ban, sec, men, med, sum, mmm, hfq]
CNN_LSTM;83.581789;11.0;9780.0;9780.0;168924.0;49788.0;9.0;83.582;83.582;83.582;[reg, sid, ban, sec, men, med, sum, hfq, hhh]
CNN_LSTM;83.568359;11.0;9788.0;9788.0;168916.0;49780.0;9.0;83.568;83.568;83.568;[reg, sid, ban, sec, men, med, sum, max, hfq]
ParallelCNNLSTMModel;83.549893;11.0;9799.0;9799.0;168905.0;49769.0;8.0;83.55;83.55;83.55;[reg, sid, ban, sec, men, med, sum, hfq]
LSTM_CNN;83.474349;11.0;9844.0;9844.0;168860.0;49724.0;14.0;83.474;83.474;83.474;[reg, sid, ban, sec, men, med, sum, max, aci, bet, mmm, hfq, hhh, aei]
CNN_LSTM;83.465955;11.0;9849.0;9849.0;168855.0;49719.0;13.0;83.466;83.466;83.466;[reg, sid, ban, sec, men, med, sum, max, aci, bet, hfq, htp, hhh]
CNN_LSTM;83.440774;11.0;9864.0;9864.0;168840.0;49704.0;13.0;83.441;83.441;83.441;[reg, sid, ban, sec, men, med, sum, max, aci, mmm, npp, hfq, aei]
CNN_LSTM;83.413914;11.0;9880.0;9880.0;168824.0;49688.0;9.0;83.414;83.414;83.414;[reg, sid, ban, sec, men, med, sum, mmm, hhh]
CNN_LSTM;83.323261;11.0;9934.0;9934.0;168770.0;49634.0;10.0;83.323;83.323;83.323;[reg, sid, ban, sec, men, med, sum, max, hfq, hhh]
LSTM_CNN;83.314867;11.0;9939.0;9939.0;168765.0;49629.0;10.0;83.315;83.315;83.315;[reg, sid, ban, sec, men, med, sum, bet, hfq, aei]
CNN_LSTM;83.301437;11.0;9947.0;9947.0;168757.0;49621.0;10.0;83.301;83.301;83.301;[reg, sid, ban, sec, men, med, sum, max, mmm, hfq]
ParallelCNNLSTMModel;83.296401;11.0;9950.0;9950.0;168754.0;49618.0;10.0;83.296;83.296;83.296;[reg, sid, ban, sec, men, med, sum, mmm, hfq, hhh]
CNN_LSTM;83.249396;11.0;9978.0;9978.0;168726.0;49590.0;12.0;83.249;83.249;83.249;[reg, sid, ban, sec, men, med, sum, max, aci, bet, htp, hhh]
CNN_LSTM;83.202391;11.0;10006.0;10006.0;168698.0;49562.0;11.0;83.202;83.202;83.202;[reg, sid, ban, sec, men, med, sum, max, hfq, hhh, aei]
LSTM_CNN;83.190639;11.0;10013.0;10013.0;168691.0;49555.0;13.0;83.191;83.191;83.191;[reg, sid, ban, sec, men, med, sum, aci, bet, hfq, htp, hhh, aei]
ParallelCNNLSTMModel;83.059696;11.0;10091.0;10091.0;168613.0;49477.0;13.0;83.06;83.06;83.06;[reg, sid, ban, sec, men, med, sum, max, aci, bet, hfq, htp, aei]
ParallelCNNLSTMModel;83.032836;11.0;10107.0;10107.0;168597.0;49461.0;14.0;83.033;83.033;83.033;[reg, sid, ban, sec, men, med, sum, max, aci, bet, hfq, htp, hhh, aei]
ParallelCNNLSTMModel;82.854889;11.0;10213.0;10213.0;168491.0;49355.0;8.0;82.855;82.855;82.855;[reg, sid, ban, sec, men, med, sum, hhh]
LSTM_CNN;82.851531;11.0;10215.0;10215.0;168489.0;49353.0;13.0;82.852;82.852;82.852;[reg, sid, ban, sec, men, med, sum, max, aci, mmm, hfq, htp, hhh]
ParallelCNNLSTMModel;82.806205;11.0;10242.0;10242.0;168462.0;49326.0;13.0;82.806;82.806;82.806;[reg, sid, ban, sec, men, med, sum, max, aci, bet, mmm, hfq, aei]
LSTM_CNN;82.730661;11.0;10287.0;10287.0;168417.0;49281.0;12.0;82.731;82.731;82.731;[reg, sid, ban, sec, men, med, sum, aci, bet, hfq, htp, hhh]
ParallelCNNLSTMModel;82.708837;11.0;10300.0;10300.0;168404.0;49268.0;13.0;82.709;82.709;82.709;[reg, sid, ban, sec, men, med, sum, aci, bet, hfq, htp, hhh, aei]
ParallelCNNLSTMModel;82.697086;11.0;10307.0;10307.0;168397.0;49261.0;14.0;82.697;82.697;82.697;[reg, sid, ban, sec, men, med, sum, max, aci, bet, mmm, hfq, hhh, aei]
CNN_LSTM;82.675262;11.0;10320.0;10320.0;168384.0;49248.0;12.0;82.675;82.675;82.675;[reg, sid, ban, sec, men, med, sum, aci, bet, hfq, htp, hhh]
LSTM_CNN;82.665189;11.0;10326.0;10326.0;168378.0;49242.0;13.0;82.665;82.665;82.665;[reg, sid, ban, sec, men, med, sum, max, aci, bet, hfq, htp, hhh]
LSTM_CNN;82.655117;11.0;10332.0;10332.0;168372.0;49236.0;14.0;82.655;82.655;82.655;[reg, sid, ban, sec, men, med, sum, max, aci, bet, hfq, htp, hhh, aei]
LSTM_CNN;82.598039;11.0;10366.0;10366.0;168338.0;49202.0;13.0;82.598;82.598;82.598;[reg, sid, ban, sec, men, med, sum, max, aci, bet, htp, hhh, aei]
CNN_LSTM;82.567822;11.0;10384.0;10384.0;168320.0;49184.0;12.0;82.568;82.568;82.568;[reg, sid, ban, sec, men, med, sum, max, aci, bet, htp, aei]
ParallelCNNLSTMModel;82.55607;11.0;10391.0;10391.0;168313.0;49177.0;13.0;82.556;82.556;82.556;[reg, sid, ban, sec, men, med, sum, max, aci, bet, hfq, htp, hhh]
LSTM_CNN;82.545998;11.0;10397.0;10397.0;168307.0;49171.0;12.0;82.546;82.546;82.546;[reg, sid, ban, sec, men, med, sum, aci, bet, mmm, hfq, htp]
ParallelCNNLSTMModel;82.537604;11.0;10402.0;10402.0;168302.0;49166.0;14.0;82.538;82.538;82.538;[reg, sid, ban, sec, men, med, sum, aci, bet, mmm, hfq, htp, hhh, aei]
LSTM_CNN;82.50235;11.0;10423.0;10423.0;168281.0;49145.0;8.0;82.502;82.502;82.502;[reg, sid, ban, sec, men, med, sum, hhh]
CNN_LSTM;82.500672;11.0;10424.0;10424.0;168280.0;49144.0;12.0;82.501;82.501;82.501;[reg, sid, ban, sec, men, med, sum, aci, bet, hfq, htp, aei]
LSTM_CNN;82.396589;11.0;10486.0;10486.0;168218.0;49082.0;13.0;82.397;82.397;82.397;[reg, sid, ban, sec, men, med, sum, aci, bet, mmm, htp, hhh, aei]
LSTM_CNN;82.391553;11.0;10489.0;10489.0;168215.0;49079.0;10.0;82.392;82.392;82.392;[reg, sid, ban, sec, men, med, sum, mmm, hfq, aei]
CNN_LSTM;82.36805;11.0;10503.0;10503.0;168201.0;49065.0;15.0;82.368;82.368;82.368;[reg, sid, ban, sec, men, med, sum, max, aci, bet, mmm, hfq, htp, hhh, aei]
ParallelCNNLSTMModel;82.359656;11.0;10508.0;10508.0;168196.0;49060.0;11.0;82.36;82.36;82.36;[reg, sid, ban, sec, men, med, sum, max, bet, mmm, aei]
CNN_LSTM;82.305936;11.0;10540.0;10540.0;168164.0;49028.0;9.0;82.306;82.306;82.306;[reg, sid, ban, sec, men, med, sum, mmm, hfq]
CNN_LSTM;82.215283;11.0;10594.0;10594.0;168110.0;48974.0;9.0;82.215;82.215;82.215;[reg, sid, ban, sec, men, med, sum, aci, htp]
LSTM_CNN;82.131346;11.0;10644.0;10644.0;168060.0;48924.0;11.0;82.131;82.131;82.131;[reg, sid, ban, sec, men, med, sum, max, bet, mmm, hfq]
CNN_LSTM;82.127988;11.0;10646.0;10646.0;168058.0;48922.0;13.0;82.128;82.128;82.128;[reg, sid, ban, sec, men, med, sum, max, aci, bet, htp, hhh, aei]
LSTM_CNN;82.122952;11.0;10649.0;10649.0;168055.0;48919.0;13.0;82.123;82.123;82.123;[reg, sid, ban, sec, men, med, sum, max, aci, bet, hfq, hhh, aei]
ParallelCNNLSTMModel;82.070911;11.0;10680.0;10680.0;168024.0;48888.0;15.0;82.071;82.071;82.071;[reg, sid, ban, sec, men, med, sum, max, aci, bet, mmm, hfq, htp, hhh, aei]
LSTM_CNN;82.065874;11.0;10683.0;10683.0;168021.0;48885.0;13.0;82.066;82.066;82.066;[reg, sid, ban, sec, men, med, sum, aci, bet, mmm, hfq, hhh, aei]
LSTM_CNN;82.00376;11.0;10720.0;10720.0;167984.0;48848.0;9.0;82.004;82.004;82.004;[reg, sid, ban, sec, men, med, sum, hfq, hhh]
ParallelCNNLSTMModel;81.993688;11.0;10726.0;10726.0;167978.0;48842.0;10.0;81.994;81.994;81.994;[reg, sid, ban, sec, men, med, sum, max, bet, aei]
CNN_LSTM;81.986973;11.0;10730.0;10730.0;167974.0;48838.0;11.0;81.987;81.987;81.987;[reg, sid, ban, sec, men, med, sum, max, bet, mmm, hhh]
ParallelCNNLSTMModel;81.960113;11.0;10746.0;10746.0;167958.0;48822.0;9.0;81.96;81.96;81.96;[reg, sid, ban, sec, men, med, sum, max, bet]
LSTM_CNN;81.958434;11.0;10747.0;10747.0;167957.0;48821.0;13.0;81.958;81.958;81.958;[reg, sid, ban, sec, men, med, sum, max, aci, bet, mmm, hhh, aei]
ParallelCNNLSTMModel;81.90975;11.0;10776.0;10776.0;167928.0;48792.0;11.0;81.91;81.91;81.91;[reg, sid, ban, sec, men, med, sum, aci, bet, hfq, htp]
CNN_LSTM;81.864424;11.0;10803.0;10803.0;167901.0;48765.0;11.0;81.864;81.864;81.864;[reg, sid, ban, sec, men, med, sum, max, bet, mmm, aei]
CNN_LSTM;81.862745;11.0;10804.0;10804.0;167900.0;48764.0;9.0;81.863;81.863;81.863;[reg, sid, ban, sec, men, med, sum, bet, mmm]
ParallelCNNLSTMModel;81.844279;11.0;10815.0;10815.0;167889.0;48753.0;13.0;81.844;81.844;81.844;[reg, sid, ban, sec, men, med, sum, max, aci, bet, mmm, hfq, htp]
CNN_LSTM;81.844279;11.0;10815.0;10815.0;167889.0;48753.0;10.0;81.844;81.844;81.844;[reg, sid, ban, sec, men, med, sum, max, mmm, hhh]
CNN_LSTM;81.835885;11.0;10820.0;10820.0;167884.0;48748.0;13.0;81.836;81.836;81.836;[reg, sid, ban, sec, men, med, sum, max, aci, bet, mmm, htp, aei]
ParallelCNNLSTMModel;81.822455;11.0;10828.0;10828.0;167876.0;48740.0;13.0;81.822;81.822;81.822;[reg, sid, ban, sec, men, med, sum, aci, bet, mmm, hfq, hhh, aei]
LSTM_CNN;81.797274;11.0;10843.0;10843.0;167861.0;48725.0;13.0;81.797;81.797;81.797;[reg, sid, ban, sec, men, med, sum, max, aci, mmm, hfq, htp, aei]
CNN_LSTM;81.684797;11.0;10910.0;10910.0;167794.0;48658.0;9.0;81.685;81.685;81.685;[reg, sid, ban, sec, men, med, sum, bet, aei]
LSTM_CNN;81.666331;11.0;10921.0;10921.0;167783.0;48647.0;11.0;81.666;81.666;81.666;[reg, sid, ban, sec, men, med, sum, aci, bet, mmm, htp]
LSTM_CNN;81.599181;11.0;10961.0;10961.0;167743.0;48607.0;12.0;81.599;81.599;81.599;[reg, sid, ban, sec, men, med, sum, aci, bet, mmm, hfq, aei]
ParallelCNNLSTMModel;81.582393;11.0;10971.0;10971.0;167733.0;48597.0;13.0;81.582;81.582;81.582;[reg, sid, ban, sec, men, med, sum, max, aci, bet, htp, hhh, aei]
LSTM_CNN;81.568963;11.0;10979.0;10979.0;167725.0;48589.0;11.0;81.569;81.569;81.569;[reg, sid, ban, sec, men, med, sum, max, bet, mmm, hhh]
CNN_LSTM;81.526994;11.0;11004.0;11004.0;167700.0;48564.0;9.0;81.527;81.527;81.527;[reg, sid, ban, sec, men, med, sum, max, bet]
CNN_LSTM;81.505171;11.0;11017.0;11017.0;167687.0;48551.0;11.0;81.505;81.505;81.505;[reg, sid, ban, sec, men, med, sum, max, mmm, hfq, hhh]
ParallelCNNLSTMModel;81.498456;11.0;11021.0;11021.0;167683.0;48547.0;12.0;81.498;81.498;81.498;[reg, sid, ban, sec, men, med, sum, aci, bet, hfq, htp, hhh]
ParallelCNNLSTMModel;81.498456;11.0;11021.0;11021.0;167683.0;48547.0;9.0;81.498;81.498;81.498;[reg, sid, ban, sec, men, med, sum, bet, mmm]
ParallelCNNLSTMModel;81.488383;11.0;11027.0;11027.0;167677.0;48541.0;11.0;81.488;81.488;81.488;[reg, sid, ban, sec, men, med, sum, aci, bet, hhh, aei]
LSTM_CNN;81.375907;11.0;11094.0;11094.0;167610.0;48474.0;10.0;81.376;81.376;81.376;[reg, sid, ban, sec, men, med, sum, max, bet, aei]
CNN_LSTM;81.375907;11.0;11094.0;11094.0;167610.0;48474.0;14.0;81.376;81.376;81.376;[reg, sid, ban, sec, men, med, sum, max, aci, bet, mmm, hfq, htp, hhh]
ParallelCNNLSTMModel;81.34401;11.0;11113.0;11113.0;167591.0;48455.0;10.0;81.344;81.344;81.344;[reg, sid, ban, sec, men, med, sum, bet, mmm, aei]
CNN_LSTM;81.323865;11.0;11125.0;11125.0;167579.0;48443.0;10.0;81.324;81.324;81.324;[reg, sid, ban, sec, men, med, sum, max, bet, hhh]
ParallelCNNLSTMModel;81.308756;11.0;11134.0;11134.0;167570.0;48434.0;13.0;81.309;81.309;81.309;[reg, sid, ban, sec, men, med, sum, max, aci, bet, hfq, hhh, aei]
ParallelCNNLSTMModel;81.29029;11.0;11145.0;11145.0;167559.0;48423.0;12.0;81.29;81.29;81.29;[reg, sid, ban, sec, men, med, sum, aci, bet, htp, hhh, aei]
CNN_LSTM;81.281896;11.0;11150.0;11150.0;167554.0;48418.0;10.0;81.282;81.282;81.282;[reg, sid, ban, sec, men, med, sum, max, bet, aei]
LSTM_CNN;81.228176;11.0;11182.0;11182.0;167522.0;48386.0;8.0;81.228;81.228;81.228;[reg, sid, ban, sec, men, med, sum, bet]
CNN_LSTM;81.216425;11.0;11189.0;11189.0;167515.0;48379.0;10.0;81.216;81.216;81.216;[reg, sid, ban, sec, men, med, sum, max, bet, mmm]
LSTM_CNN;81.192922;11.0;11203.0;11203.0;167501.0;48365.0;10.0;81.193;81.193;81.193;[reg, sid, ban, sec, men, med, sum, max, bet, hhh]
LSTM_CNN;81.157669;11.0;11224.0;11224.0;167480.0;48344.0;10.0;81.158;81.158;81.158;[reg, sid, ban, sec, men, med, sum, max, bet, htp]
CNN_LSTM;81.134166;11.0;11238.0;11238.0;167466.0;48330.0;10.0;81.134;81.134;81.134;[reg, sid, ban, sec, men, med, sum, aci, mmm, htp]
LSTM_CNN;81.130808;11.0;11240.0;11240.0;167464.0;48328.0;10.0;81.131;81.131;81.131;[reg, sid, ban, sec, men, med, sum, bet, mmm, aei]
LSTM_CNN;81.124093;11.0;11244.0;11244.0;167460.0;48324.0;9.0;81.124;81.124;81.124;[reg, sid, ban, sec, men, med, sum, max, bet]
LSTM_CNN;81.107306;11.0;11254.0;11254.0;167450.0;48314.0;11.0;81.107;81.107;81.107;[reg, sid, ban, sec, men, med, sum, bet, hfq, hhh, aei]
ParallelCNNLSTMModel;81.10227;11.0;11257.0;11257.0;167447.0;48311.0;13.0;81.102;81.102;81.102;[reg, sid, ban, sec, men, med, sum, max, aci, bet, mmm, hhh, aei]
CNN_LSTM;81.045192;11.0;11291.0;11291.0;167413.0;48277.0;14.0;81.045;81.045;81.045;[reg, sid, ban, sec, men, med, sum, max, aci, bet, mmm, htp, hhh, aei]
ParallelCNNLSTMModel;81.038477;11.0;11295.0;11295.0;167409.0;48273.0;13.0;81.038;81.038;81.038;[reg, sid, ban, sec, men, med, sum, aci, bet, mmm, htp, hhh, aei]
ParallelCNNLSTMModel;81.006581;11.0;11314.0;11314.0;167390.0;48254.0;10.0;81.007;81.007;81.007;[reg, sid, ban, sec, men, med, sum, max, bet, mmm]
LSTM_CNN;80.994829;11.0;11321.0;11321.0;167383.0;48247.0;14.0;80.995;80.995;80.995;[reg, sid, ban, sec, men, med, sum, max, aci, bet, mmm, hfq, htp, aei]
ParallelCNNLSTMModel;80.988114;11.0;11325.0;11325.0;167379.0;48243.0;11.0;80.988;80.988;80.988;[reg, sid, ban, sec, men, med, sum, aci, bet, htp, aei]
LSTM_CNN;80.973006;11.0;11334.0;11334.0;167370.0;48234.0;11.0;80.973;80.973;80.973;[reg, sid, ban, sec, men, med, sum, max, bet, hhh, aei]
LSTM_CNN;80.969648;11.0;11336.0;11336.0;167368.0;48232.0;13.0;80.97;80.97;80.97;[reg, sid, ban, sec, men, med, sum, max, aci, bet, mmm, hfq, aei]
LSTM_CNN;80.951182;11.0;11347.0;11347.0;167357.0;48221.0;12.0;80.951;80.951;80.951;[reg, sid, ban, sec, men, med, sum, aci, bet, hfq, htp, aei]
ParallelCNNLSTMModel;80.939431;11.0;11354.0;11354.0;167350.0;48214.0;13.0;80.939;80.939;80.939;[reg, sid, ban, sec, men, med, sum, aci, bet, mmm, hfq, htp, hhh]
CNN_LSTM;80.902498;11.0;11376.0;11376.0;167328.0;48192.0;14.0;80.902;80.902;80.902;[reg, sid, ban, sec, men, med, sum, max, aci, bet, mmm, hfq, hhh, aei]
LSTM_CNN;80.85885;11.0;11402.0;11402.0;167302.0;48166.0;11.0;80.859;80.859;80.859;[reg, sid, ban, sec, men, med, sum, max, bet, hfq, hhh]
LSTM_CNN;80.826954;11.0;11421.0;11421.0;167283.0;48147.0;12.0;80.827;80.827;80.827;[reg, sid, ban, sec, men, med, sum, aci, mmm, hfq, htp, hhh]
ParallelCNNLSTMModel;80.796737;11.0;11439.0;11439.0;167265.0;48129.0;13.0;80.797;80.797;80.797;[reg, sid, ban, sec, men, med, sum, max, aci, bet, mmm, hfq, hhh]
ParallelCNNLSTMModel;80.774913;11.0;11452.0;11452.0;167252.0;48116.0;11.0;80.775;80.775;80.775;[reg, sid, ban, sec, men, med, sum, aci, bet, htp, hhh]
LSTM_CNN;80.689296;11.0;11503.0;11503.0;167201.0;48065.0;11.0;80.689;80.689;80.689;[reg, sid, ban, sec, men, med, sum, aci, hfq, htp, hhh]
CNN_LSTM;80.674187;11.0;11512.0;11512.0;167192.0;48056.0;13.0;80.674;80.674;80.674;[reg, sid, ban, sec, men, med, sum, max, aci, bet, hfq, hhh, aei]
CNN_LSTM;80.665794;11.0;11517.0;11517.0;167187.0;48051.0;11.0;80.666;80.666;80.666;[reg, sid, ban, sec, men, med, sum, max, aci, bet, htp]
CNN_LSTM;80.654042;11.0;11524.0;11524.0;167180.0;48044.0;12.0;80.654;80.654;80.654;[reg, sid, ban, sec, men, med, sum, aci, mmm, htp, hhh, aei]
LSTM_CNN;80.649006;11.0;11527.0;11527.0;167177.0;48041.0;11.0;80.649;80.649;80.649;[reg, sid, ban, sec, men, med, sum, aci, bet, htp, hhh]
LSTM_CNN;80.635576;11.0;11535.0;11535.0;167169.0;48033.0;9.0;80.636;80.636;80.636;[reg, sid, ban, sec, men, med, sum, bet, mmm]
CNN_LSTM;80.612074;11.0;11549.0;11549.0;167155.0;48019.0;13.0;80.612;80.612;80.612;[reg, sid, ban, sec, men, med, sum, max, aci, bet, mmm, hfq, aei]
ParallelCNNLSTMModel;80.605359;11.0;11553.0;11553.0;167151.0;48015.0;12.0;80.605;80.605;80.605;[reg, sid, ban, sec, men, med, sum, aci, bet, mmm, hfq, htp]
LSTM_CNN;80.595286;11.0;11559.0;11559.0;167145.0;48009.0;13.0;80.595;80.595;80.595;[reg, sid, ban, sec, men, med, sum, max, bet, hfq, htp, hhh, aei]
LSTM_CNN;80.586892;11.0;11564.0;11564.0;167140.0;48004.0;12.0;80.587;80.587;80.587;[reg, sid, ban, sec, men, med, sum, max, aci, bet, mmm, hfq]
CNN_LSTM;80.580177;11.0;11568.0;11568.0;167136.0;48000.0;13.0;80.58;80.58;80.58;[reg, sid, ban, sec, men, med, sum, max, aci, bet, mmm, hfq, hhh]
CNN_LSTM;80.533172;11.0;11596.0;11596.0;167108.0;47972.0;12.0;80.533;80.533;80.533;[reg, sid, ban, sec, men, med, sum, max, aci, bet, hfq, hhh]
LSTM_CNN;80.531493;11.0;11597.0;11597.0;167107.0;47971.0;11.0;80.531;80.531;80.531;[reg, sid, ban, sec, men, med, sum, max, bet, htp, hhh]
CNN_LSTM;80.521421;11.0;11603.0;11603.0;167101.0;47965.0;13.0;80.521;80.521;80.521;[reg, sid, ban, sec, men, med, sum, aci, bet, hfq, htp, hhh, aei]
CNN_LSTM;80.499597;11.0;11616.0;11616.0;167088.0;47952.0;8.0;80.5;80.5;80.5;[reg, sid, ban, sec, men, med, sum, bet]
CNN_LSTM;80.491203;11.0;11621.0;11621.0;167083.0;47947.0;10.0;80.491;80.491;80.491;[reg, sid, ban, sec, men, med, sum, bet, mmm, aei]
LSTM_CNN;80.484488;11.0;11625.0;11625.0;167079.0;47943.0;10.0;80.484;80.484;80.484;[reg, sid, ban, sec, men, med, sum, max, bet, mmm]
ParallelCNNLSTMModel;80.477773;11.0;11629.0;11629.0;167075.0;47939.0;9.0;80.478;80.478;80.478;[reg, sid, ban, sec, men, med, sum, bet, aei]
ParallelCNNLSTMModel;80.459307;11.0;11640.0;11640.0;167064.0;47928.0;12.0;80.459;80.459;80.459;[reg, sid, ban, sec, men, med, sum, max, aci, bet, hfq, hhh]
LSTM_CNN;80.450913;11.0;11645.0;11645.0;167059.0;47923.0;12.0;80.451;80.451;80.451;[reg, sid, ban, sec, men, med, sum, aci, bet, htp, hhh, aei]
ParallelCNNLSTMModel;80.430768;11.0;11657.0;11657.0;167047.0;47911.0;13.0;80.431;80.431;80.431;[reg, sid, ban, sec, men, med, sum, max, aci, bet, mmm, htp, aei]
LSTM_CNN;80.427411;11.0;11659.0;11659.0;167045.0;47909.0;12.0;80.427;80.427;80.427;[reg, sid, ban, sec, men, med, sum, max, aci, bet, htp, hhh]
ParallelCNNLSTMModel;80.395514;11.0;11678.0;11678.0;167026.0;47890.0;14.0;80.396;80.396;80.396;[reg, sid, ban, sec, men, med, sum, max, aci, bet, mmm, hfq, htp, aei]
ParallelCNNLSTMModel;80.388799;11.0;11682.0;11682.0;167022.0;47886.0;11.0;80.389;80.389;80.389;[reg, sid, ban, sec, men, med, sum, max, aci, bet, htp]
CNN_LSTM;80.363618;11.0;11697.0;11697.0;167007.0;47871.0;12.0;80.364;80.364;80.364;[reg, sid, ban, sec, men, med, sum, max, aci, bet, mmm, hhh]
LSTM_CNN;80.351867;11.0;11704.0;11704.0;167000.0;47864.0;13.0;80.352;80.352;80.352;[reg, sid, ban, sec, men, med, sum, max, aci, hfq, htp, hhh, aei]
CNN_LSTM;80.350188;11.0;11705.0;11705.0;166999.0;47863.0;12.0;80.35;80.35;80.35;[reg, sid, ban, sec, men, med, sum, max, aci, bet, mmm, aei]
LSTM_CNN;80.321649;11.0;11722.0;11722.0;166982.0;47846.0;12.0;80.322;80.322;80.322;[reg, sid, ban, sec, men, med, sum, max, aci, bet, hfq, aei]
LSTM_CNN;80.298147;11.0;11736.0;11736.0;166968.0;47832.0;11.0;80.298;80.298;80.298;[reg, sid, ban, sec, men, med, sum, aci, mmm, htp, aei]
CNN_LSTM;80.283038;11.0;11745.0;11745.0;166959.0;47823.0;10.0;80.283;80.283;80.283;[reg, sid, ban, sec, men, med, sum, aci, htp, aei]
CNN_LSTM;80.278002;11.0;11748.0;11748.0;166956.0;47820.0;11.0;80.278;80.278;80.278;[reg, sid, ban, sec, men, med, sum, max, aci, bet, aei]
CNN_LSTM;80.25282;11.0;11763.0;11763.0;166941.0;47805.0;13.0;80.253;80.253;80.253;[reg, sid, ban, sec, men, med, sum, max, aci, bet, mmm, hhh, aei]
CNN_LSTM;80.241069;11.0;11770.0;11770.0;166934.0;47798.0;12.0;80.241;80.241;80.241;[reg, sid, ban, sec, men, med, sum, aci, mmm, npp, hfq, htp]
CNN_LSTM;80.23939;11.0;11771.0;11771.0;166933.0;47797.0;13.0;80.239;80.239;80.239;[reg, sid, ban, sec, men, med, sum, aci, bet, mmm, htp, hhh, aei]
CNN_LSTM;80.227639;11.0;11778.0;11778.0;166926.0;47790.0;13.0;80.228;80.228;80.228;[reg, sid, ban, sec, men, med, sum, max, aci, bet, mmm, hfq, htp]
CNN_LSTM;80.209173;11.0;11789.0;11789.0;166915.0;47779.0;13.0;80.209;80.209;80.209;[reg, sid, ban, sec, men, med, sum, max, aci, mmm, hfq, htp, aei]
ParallelCNNLSTMModel;80.190706;11.0;11800.0;11800.0;166904.0;47768.0;8.0;80.191;80.191;80.191;[reg, sid, ban, sec, men, med, sum, bet]
LSTM_CNN;80.103411;11.0;11852.0;11852.0;166852.0;47716.0;11.0;80.103;80.103;80.103;[reg, sid, ban, sec, men, med, sum, max, aci, bet, htp]
ParallelCNNLSTMModel;80.096696;11.0;11856.0;11856.0;166848.0;47712.0;12.0;80.097;80.097;80.097;[reg, sid, ban, sec, men, med, sum, max, aci, bet, htp, aei]
ParallelCNNLSTMModel;80.056406;11.0;11880.0;11880.0;166824.0;47688.0;12.0;80.056;80.056;80.056;[reg, sid, ban, sec, men, med, sum, aci, bet, mmm, hfq, aei]
ParallelCNNLSTMModel;80.054727;11.0;11881.0;11881.0;166823.0;47687.0;12.0;80.055;80.055;80.055;[reg, sid, ban, sec, men, med, sum, max, aci, bet, hfq, aei]
CNN_LSTM;80.042976;11.0;11888.0;11888.0;166816.0;47680.0;11.0;80.043;80.043;80.043;[reg, sid, ban, sec, men, med, sum, aci, bet, mmm, aei]
LSTM_CNN;80.03794;11.0;11891.0;11891.0;166813.0;47677.0;12.0;80.038;80.038;80.038;[reg, sid, ban, sec, men, med, sum, max, aci, mmm, htp, hhh]
LSTM_CNN;80.03794;11.0;11891.0;11891.0;166813.0;47677.0;12.0;80.038;80.038;80.038;[reg, sid, ban, sec, men, med, sum, max, aci, bet, htp, aei]
CNN_LSTM;80.034582;11.0;11893.0;11893.0;166811.0;47675.0;12.0;80.035;80.035;80.035;[reg, sid, ban, sec, men, med, sum, aci, bet, mmm, htp, aei]
LSTM_CNN;80.014437;11.0;11905.0;11905.0;166799.0;47663.0;12.0;80.014;80.014;80.014;[reg, sid, ban, sec, men, med, sum, aci, bet, hfq, hhh, aei]
CNN_LSTM;80.012759;11.0;11906.0;11906.0;166798.0;47662.0;12.0;80.013;80.013;80.013;[reg, sid, ban, sec, men, med, sum, max, aci, bet, hhh, aei]
ParallelCNNLSTMModel;79.982541;11.0;11924.0;11924.0;166780.0;47644.0;13.0;79.983;79.983;79.983;[reg, sid, ban, sec, men, med, sum, max, aci, bet, mmm, htp, hhh]
LSTM_CNN;79.975826;11.0;11928.0;11928.0;166776.0;47640.0;12.0;79.976;79.976;79.976;[reg, sid, ban, sec, men, med, sum, max, aci, bet, hhh, aei]
CNN_LSTM;79.967432;11.0;11933.0;11933.0;166771.0;47635.0;12.0;79.967;79.967;79.967;[reg, sid, ban, sec, men, med, sum, max, aci, bet, hfq, htp]
LSTM_CNN;79.962396;11.0;11936.0;11936.0;166768.0;47632.0;11.0;79.962;79.962;79.962;[reg, sid, ban, sec, men, med, sum, max, bet, mmm, aei]
LSTM_CNN;79.959038;11.0;11938.0;11938.0;166766.0;47630.0;13.0;79.959;79.959;79.959;[reg, sid, ban, sec, men, med, sum, aci, mmm, hfq, htp, hhh, aei]
ParallelCNNLSTMModel;79.945608;11.0;11946.0;11946.0;166758.0;47622.0;12.0;79.946;79.946;79.946;[reg, sid, ban, sec, men, med, sum, max, aci, bet, htp, hhh]
LSTM_CNN;79.940572;11.0;11949.0;11949.0;166755.0;47619.0;11.0;79.941;79.941;79.941;[reg, sid, ban, sec, men, med, sum, max, aci, bet, hhh]
ParallelCNNLSTMModel;79.920427;11.0;11961.0;11961.0;166743.0;47607.0;10.0;79.92;79.92;79.92;[reg, sid, ban, sec, men, med, sum, aci, bet, hhh]
CNN_LSTM;79.913712;11.0;11965.0;11965.0;166739.0;47603.0;13.0;79.914;79.914;79.914;[reg, sid, ban, sec, men, med, sum, aci, bet, mmm, hfq, htp, aei]
CNN_LSTM;79.908676;11.0;11968.0;11968.0;166736.0;47600.0;12.0;79.909;79.909;79.909;[reg, sid, ban, sec, men, med, sum, max, aci, bet, hfq, aei]
LSTM_CNN;79.888531;11.0;11980.0;11980.0;166724.0;47588.0;12.0;79.889;79.889;79.889;[reg, sid, ban, sec, men, med, sum, max, aci, bet, hfq, htp]
CNN_LSTM;79.858313;11.0;11998.0;11998.0;166706.0;47570.0;14.0;79.858;79.858;79.858;[reg, sid, ban, sec, men, med, sum, aci, bet, mmm, hfq, htp, hhh, aei]
CNN_LSTM;79.851598;11.0;12002.0;12002.0;166702.0;47566.0;10.0;79.852;79.852;79.852;[reg, sid, ban, sec, men, med, sum, aci, bet, mmm]
LSTM_CNN;79.851598;11.0;12002.0;12002.0;166702.0;47566.0;11.0;79.852;79.852;79.852;[reg, sid, ban, sec, men, med, sum, aci, bet, hfq, hhh]
ParallelCNNLSTMModel;79.829774;11.0;12015.0;12015.0;166689.0;47553.0;12.0;79.83;79.83;79.83;[reg, sid, ban, sec, men, med, sum, aci, bet, hfq, hhh, aei]
ParallelCNNLSTMModel;79.819702;11.0;12021.0;12021.0;166683.0;47547.0;12.0;79.82;79.82;79.82;[reg, sid, ban, sec, men, med, sum, max, aci, bet, hfq, htp]
LSTM_CNN;79.806272;11.0;12029.0;12029.0;166675.0;47539.0;14.0;79.806;79.806;79.806;[reg, sid, ban, sec, men, med, sum, max, aci, mmm, hfq, htp, hhh, aei]
CNN_LSTM;79.784448;11.0;12042.0;12042.0;166662.0;47526.0;14.0;79.784;79.784;79.784;[reg, sid, ban, sec, men, med, sum, max, aci, bet, mmm, hfq, htp, aei]
ParallelCNNLSTMModel;79.769339;11.0;12051.0;12051.0;166653.0;47517.0;11.0;79.769;79.769;79.769;[reg, sid, ban, sec, men, med, sum, aci, bet, hfq, hhh]
ParallelCNNLSTMModel;79.769339;11.0;12051.0;12051.0;166653.0;47517.0;13.0;79.769;79.769;79.769;[reg, sid, ban, sec, men, med, sum, max, aci, hfq, htp, hhh, aei]
CNN_LSTM;79.759267;11.0;12057.0;12057.0;166647.0;47511.0;13.0;79.759;79.759;79.759;[reg, sid, ban, sec, men, med, sum, max, aci, bet, mmm, htp, hhh]
ParallelCNNLSTMModel;79.737443;11.0;12070.0;12070.0;166634.0;47498.0;12.0;79.737;79.737;79.737;[reg, sid, ban, sec, men, med, sum, max, aci, bet, hhh, aei]
LSTM_CNN;79.703868;11.0;12090.0;12090.0;166614.0;47478.0;10.0;79.704;79.704;79.704;[reg, sid, ban, sec, men, med, sum, aci, bet, aei]
CNN_LSTM;79.680365;11.0;12104.0;12104.0;166600.0;47464.0;10.0;79.68;79.68;79.68;[reg, sid, ban, sec, men, med, sum, aci, bet, hhh]
LSTM_CNN;79.680365;11.0;12104.0;12104.0;166600.0;47464.0;12.0;79.68;79.68;79.68;[reg, sid, ban, sec, men, med, sum, max, aci, bet, hfq, hhh]
CNN_LSTM;79.671972;11.0;12109.0;12109.0;166595.0;47459.0;12.0;79.672;79.672;79.672;[reg, sid, ban, sec, men, med, sum, max, aci, htp, hhh, aei]
CNN_LSTM;79.641754;11.0;12127.0;12127.0;166577.0;47441.0;11.0;79.642;79.642;79.642;[reg, sid, ban, sec, men, med, sum, aci, bet, hfq, aei]
CNN_LSTM;79.636718;11.0;12130.0;12130.0;166574.0;47438.0;11.0;79.637;79.637;79.637;[reg, sid, ban, sec, men, med, sum, max, aci, bet, hfq]
ParallelCNNLSTMModel;79.631681;11.0;12133.0;12133.0;166571.0;47435.0;12.0;79.632;79.632;79.632;[reg, sid, ban, sec, men, med, sum, aci, bet, mmm, hhh, aei]
CNN_LSTM;79.623288;11.0;12138.0;12138.0;166566.0;47430.0;12.0;79.623;79.623;79.623;[reg, sid, ban, sec, men, med, sum, aci, bet, mmm, hfq, hhh]
ParallelCNNLSTMModel;79.611536;11.0;12145.0;12145.0;166559.0;47423.0;11.0;79.612;79.612;79.612;[reg, sid, ban, sec, men, med, sum, max, aci, bet, hfq]
ParallelCNNLSTMModel;79.611536;11.0;12145.0;12145.0;166559.0;47423.0;14.0;79.612;79.612;79.612;[reg, sid, ban, sec, men, med, sum, max, aci, bet, mmm, htp, hhh, aei]
ParallelCNNLSTMModel;79.6065;11.0;12148.0;12148.0;166556.0;47420.0;11.0;79.607;79.607;79.607;[reg, sid, ban, sec, men, med, sum, max, aci, bet, mmm]
ParallelCNNLSTMModel;79.604821;11.0;12149.0;12149.0;166555.0;47419.0;12.0;79.605;79.605;79.605;[reg, sid, ban, sec, men, med, sum, max, aci, bet, mmm, aei]
ParallelCNNLSTMModel;79.576283;11.0;12166.0;12166.0;166538.0;47402.0;11.0;79.576;79.576;79.576;[reg, sid, ban, sec, men, med, sum, aci, bet, hfq, aei]
CNN_LSTM;79.567889;11.0;12171.0;12171.0;166533.0;47397.0;12.0;79.568;79.568;79.568;[reg, sid, ban, sec, men, med, sum, max, aci, bet, mmm, htp]
ParallelCNNLSTMModel;79.524241;11.0;12197.0;12197.0;166507.0;47371.0;12.0;79.524;79.524;79.524;[reg, sid, ban, sec, men, med, sum, max, aci, bet, mmm, htp]
ParallelCNNLSTMModel;79.522562;11.0;12198.0;12198.0;166506.0;47370.0;14.0;79.523;79.523;79.523;[reg, sid, ban, sec, men, med, sum, max, aci, mmm, hfq, htp, hhh, aei]
CNN_LSTM;79.507454;11.0;12207.0;12207.0;166497.0;47361.0;9.0;79.507;79.507;79.507;[reg, sid, ban, sec, men, med, sum, aci, bet]
CNN_LSTM;79.497381;11.0;12213.0;12213.0;166491.0;47355.0;12.0;79.497;79.497;79.497;[reg, sid, ban, sec, men, med, sum, aci, bet, mmm, htp, hhh]
LSTM_CNN;79.497381;11.0;12213.0;12213.0;166491.0;47355.0;11.0;79.497;79.497;79.497;[reg, sid, ban, sec, men, med, sum, aci, bet, mmm, aei]
ParallelCNNLSTMModel;79.490666;11.0;12217.0;12217.0;166487.0;47351.0;10.0;79.491;79.491;79.491;[reg, sid, ban, sec, men, med, sum, aci, bet, aei]
CNN_LSTM;79.48563;11.0;12220.0;12220.0;166484.0;47348.0;11.0;79.486;79.486;79.486;[reg, sid, ban, sec, men, med, sum, aci, bet, hfq, hhh]
LSTM_CNN;79.435267;11.0;12250.0;12250.0;166454.0;47318.0;11.0;79.435;79.435;79.435;[reg, sid, ban, sec, men, med, sum, aci, bet, htp, aei]
LSTM_CNN;79.423516;11.0;12257.0;12257.0;166447.0;47311.0;11.0;79.424;79.424;79.424;[reg, sid, ban, sec, men, med, sum, aci, bet, hfq, htp]
CNN_LSTM;79.423516;11.0;12257.0;12257.0;166447.0;47311.0;14.0;79.424;79.424;79.424;[reg, sid, ban, sec, men, med, sum, max, aci, mmm, hfq, htp, hhh, aei]
CNN_LSTM;79.394977;11.0;12274.0;12274.0;166430.0;47294.0;11.0;79.395;79.395;79.395;[reg, sid, ban, sec, men, med, sum, max, aci, bet, mmm]
LSTM_CNN;79.368117;11.0;12290.0;12290.0;166414.0;47278.0;10.0;79.368;79.368;79.368;[reg, sid, ban, sec, men, med, sum, aci, bet, hhh]
CNN_LSTM;79.346293;11.0;12303.0;12303.0;166401.0;47265.0;11.0;79.346;79.346;79.346;[reg, sid, ban, sec, men, med, sum, max, aci, bet, hhh]
CNN_LSTM;79.342936;11.0;12305.0;12305.0;166399.0;47263.0;12.0;79.343;79.343;79.343;[reg, sid, ban, sec, men, med, sum, aci, bet, htp, hhh, aei]
CNN_LSTM;79.334542;11.0;12310.0;12310.0;166394.0;47258.0;11.0;79.335;79.335;79.335;[reg, sid, ban, sec, men, med, sum, aci, bet, hfq, htp]
ParallelCNNLSTMModel;79.312718;11.0;12323.0;12323.0;166381.0;47245.0;12.0;79.313;79.313;79.313;[reg, sid, ban, sec, men, med, sum, max, aci, hfq, htp, hhh]
CNN_LSTM;79.306003;11.0;12327.0;12327.0;166377.0;47241.0;13.0;79.306;79.306;79.306;[reg, sid, ban, sec, men, med, sum, aci, bet, mmm, hfq, htp, hhh]
ParallelCNNLSTMModel;79.297609;11.0;12332.0;12332.0;166372.0;47236.0;11.0;79.298;79.298;79.298;[reg, sid, ban, sec, men, med, sum, max, aci, bet, hhh]
ParallelCNNLSTMModel;79.282501;11.0;12341.0;12341.0;166363.0;47227.0;12.0;79.283;79.283;79.283;[reg, sid, ban, sec, men, med, sum, max, aci, bet, mmm, hhh]
CNN_LSTM;79.232138;11.0;12371.0;12371.0;166333.0;47197.0;12.0;79.232;79.232;79.232;[reg, sid, ban, sec, men, med, sum, aci, bet, mmm, hfq, aei]
ParallelCNNLSTMModel;79.223744;11.0;12376.0;12376.0;166328.0;47192.0;12.0;79.224;79.224;79.224;[reg, sid, ban, sec, men, med, sum, aci, bet, mmm, htp, hhh]
LSTM_CNN;79.20192;11.0;12389.0;12389.0;166315.0;47179.0;10.0;79.202;79.202;79.202;[reg, sid, ban, sec, men, med, sum, aci, bet, htp]
ParallelCNNLSTMModel;79.190169;11.0;12396.0;12396.0;166308.0;47172.0;10.0;79.19;79.19;79.19;[reg, sid, ban, sec, men, med, sum, aci, bet, hfq]
ParallelCNNLSTMModel;79.153237;11.0;12418.0;12418.0;166286.0;47150.0;12.0;79.153;79.153;79.153;[reg, sid, ban, sec, men, med, sum, max, aci, bet, mmm, hfq]
ParallelCNNLSTMModel;79.143164;11.0;12424.0;12424.0;166280.0;47144.0;12.0;79.143;79.143;79.143;[reg, sid, ban, sec, men, med, sum, aci, bet, hfq, htp, aei]
ParallelCNNLSTMModel;79.117983;11.0;12439.0;12439.0;166265.0;47129.0;11.0;79.118;79.118;79.118;[reg, sid, ban, sec, men, med, sum, aci, bet, mmm, htp]
ParallelCNNLSTMModel;79.101195;11.0;12449.0;12449.0;166255.0;47119.0;10.0;79.101;79.101;79.101;[reg, sid, ban, sec, men, med, sum, aci, bet, htp]
LSTM_CNN;79.086086;11.0;12458.0;12458.0;166246.0;47110.0;11.0;79.086;79.086;79.086;[reg, sid, ban, sec, men, med, sum, aci, bet, mmm, hfq]
ParallelCNNLSTMModel;79.076014;11.0;12464.0;12464.0;166240.0;47104.0;12.0;79.076;79.076;79.076;[reg, sid, ban, sec, men, med, sum, max, aci, mmm, htp, aei]
ParallelCNNLSTMModel;79.069299;11.0;12468.0;12468.0;166236.0;47100.0;11.0;79.069;79.069;79.069;[reg, sid, ban, sec, men, med, sum, max, aci, htp, aei]
LSTM_CNN;79.042439;11.0;12484.0;12484.0;166220.0;47084.0;12.0;79.042;79.042;79.042;[reg, sid, ban, sec, men, med, sum, max, aci, hfq, htp, aei]
ParallelCNNLSTMModel;79.030688;11.0;12491.0;12491.0;166213.0;47077.0;12.0;79.031;79.031;79.031;[reg, sid, ban, sec, men, med, sum, aci, bet, mmm, hfq, hhh]
CNN_LSTM;78.965216;11.0;12530.0;12530.0;166174.0;47038.0;11.0;78.965;78.965;78.965;[reg, sid, ban, sec, men, med, sum, aci, bet, mmm, hfq]
ParallelCNNLSTMModel;78.963537;11.0;12531.0;12531.0;166173.0;47037.0;12.0;78.964;78.964;78.964;[reg, sid, ban, sec, men, med, sum, aci, bet, mmm, htp, aei]
ParallelCNNLSTMModel;78.94675;11.0;12541.0;12541.0;166163.0;47027.0;11.0;78.947;78.947;78.947;[reg, sid, ban, sec, men, med, sum, max, aci, bet, aei]
CNN_LSTM;78.931641;11.0;12550.0;12550.0;166154.0;47018.0;11.0;78.932;78.932;78.932;[reg, sid, ban, sec, men, med, sum, aci, bet, htp, aei]
LSTM_CNN;78.859455;11.0;12593.0;12593.0;166111.0;46975.0;11.0;78.859;78.859;78.859;[reg, sid, ban, sec, men, med, sum, aci, bet, hfq, aei]
ParallelCNNLSTMModel;78.854418;11.0;12596.0;12596.0;166108.0;46972.0;9.0;78.854;78.854;78.854;[reg, sid, ban, sec, men, med, sum, aci, bet]
LSTM_CNN;78.851061;11.0;12598.0;12598.0;166106.0;46970.0;11.0;78.851;78.851;78.851;[reg, sid, ban, sec, men, med, sum, max, aci, bet, aei]
LSTM_CNN;78.847703;11.0;12600.0;12600.0;166104.0;46968.0;12.0;78.848;78.848;78.848;[reg, sid, ban, sec, men, med, sum, aci, bet, mmm, htp, aei]
LSTM_CNN;78.830916;11.0;12610.0;12610.0;166094.0;46958.0;12.0;78.831;78.831;78.831;[reg, sid, ban, sec, men, med, sum, aci, bet, mmm, hhh, aei]
CNN_LSTM;78.805735;11.0;12625.0;12625.0;166079.0;46943.0;13.0;78.806;78.806;78.806;[reg, sid, ban, sec, men, med, sum, aci, bet, mmm, hfq, hhh, aei]
LSTM_CNN;78.793983;11.0;12632.0;12632.0;166072.0;46936.0;12.0;78.794;78.794;78.794;[reg, sid, ban, sec, men, med, sum, aci, bet, mmm, htp, hhh]
CNN_LSTM;78.762087;11.0;12651.0;12651.0;166053.0;46917.0;10.0;78.762;78.762;78.762;[reg, sid, ban, sec, men, med, sum, aci, bet, aei]
LSTM_CNN;78.757051;11.0;12654.0;12654.0;166050.0;46914.0;11.0;78.757;78.757;78.757;[reg, sid, ban, sec, men, med, sum, bet, mmm, hfq, htp]
LSTM_CNN;78.699973;11.0;12688.0;12688.0;166016.0;46880.0;11.0;78.7;78.7;78.7;[reg, sid, ban, sec, men, med, sum, aci, bet, mmm, hhh]
CNN_LSTM;78.683186;11.0;12698.0;12698.0;166006.0;46870.0;11.0;78.683;78.683;78.683;[reg, sid, ban, sec, men, med, sum, aci, bet, mmm, hhh]
LSTM_CNN;78.678149;11.0;12701.0;12701.0;166003.0;46867.0;11.0;78.678;78.678;78.678;[reg, sid, ban, sec, men, med, sum, max, aci, bet, mmm]
CNN_LSTM;78.658004;11.0;12713.0;12713.0;165991.0;46855.0;11.0;78.658;78.658;78.658;[reg, sid, ban, sec, men, med, sum, aci, bet, mmm, htp]
LSTM_CNN;78.610999;11.0;12741.0;12741.0;165963.0;46827.0;11.0;78.611;78.611;78.611;[reg, sid, ban, sec, men, med, sum, max, aci, htp, aei]
ParallelCNNLSTMModel;78.60932;11.0;12742.0;12742.0;165962.0;46826.0;12.0;78.609;78.609;78.609;[reg, sid, ban, sec, men, med, sum, max, aci, htp, hhh, aei]
CNN_LSTM;78.602605;11.0;12746.0;12746.0;165958.0;46822.0;12.0;78.603;78.603;78.603;[reg, sid, ban, sec, men, med, sum, aci, hfq, htp, hhh, aei]
CNN_LSTM;78.557279;11.0;12773.0;12773.0;165931.0;46795.0;12.0;78.557;78.557;78.557;[reg, sid, ban, sec, men, med, sum, max, aci, bet, mmm, hfq]
LSTM_CNN;78.550564;11.0;12777.0;12777.0;165927.0;46791.0;11.0;78.551;78.551;78.551;[reg, sid, ban, sec, men, med, sum, max, aci, bet, hfq]
LSTM_CNN;78.545528;11.0;12780.0;12780.0;165924.0;46788.0;13.0;78.546;78.546;78.546;[reg, sid, ban, sec, men, med, sum, max, aci, bet, mmm, hfq, hhh]
ParallelCNNLSTMModel;78.498523;11.0;12808.0;12808.0;165896.0;46760.0;12.0;78.499;78.499;78.499;[reg, sid, ban, sec, men, med, sum, max, aci, mmm, hfq, aei]
ParallelCNNLSTMModel;78.481735;11.0;12818.0;12818.0;165886.0;46750.0;10.0;78.482;78.482;78.482;[reg, sid, ban, sec, men, med, sum, max, aci, bet]
CNN_LSTM;78.443124;11.0;12841.0;12841.0;165863.0;46727.0;8.0;78.443;78.443;78.443;[reg, sid, ban, sec, men, med, sum, hfq]
LSTM_CNN;78.441445;11.0;12842.0;12842.0;165862.0;46726.0;9.0;78.441;78.441;78.441;[reg, sid, ban, sec, men, med, sum, aci, bet]
CNN_LSTM;78.4213;11.0;12854.0;12854.0;165850.0;46714.0;10.0;78.421;78.421;78.421;[reg, sid, ban, sec, men, med, sum, aci, bet, hfq]
LSTM_CNN;78.382689;11.0;12877.0;12877.0;165827.0;46691.0;10.0;78.383;78.383;78.383;[reg, sid, ban, sec, men, med, sum, aci, bet, mmm]
LSTM_CNN;78.369259;11.0;12885.0;12885.0;165819.0;46683.0;10.0;78.369;78.369;78.369;[reg, sid, ban, sec, men, med, sum, aci, hfq, htp]
LSTM_CNN;78.342399;11.0;12901.0;12901.0;165803.0;46667.0;11.0;78.342;78.342;78.342;[reg, sid, ban, sec, men, med, sum, aci, bet, hhh, aei]
LSTM_CNN;78.297072;11.0;12928.0;12928.0;165776.0;46640.0;12.0;78.297;78.297;78.297;[reg, sid, ban, sec, men, med, sum, max, aci, bet, mmm, hhh]
LSTM_CNN;78.283642;11.0;12936.0;12936.0;165768.0;46632.0;12.0;78.284;78.284;78.284;[reg, sid, ban, sec, men, med, sum, aci, hfq, htp, hhh, aei]
CNN_LSTM;78.208098;11.0;12981.0;12981.0;165723.0;46587.0;12.0;78.208;78.208;78.208;[reg, sid, ban, sec, men, med, sum, aci, bet, mmm, hhh, aei]
ParallelCNNLSTMModel;78.198026;11.0;12987.0;12987.0;165717.0;46581.0;11.0;78.198;78.198;78.198;[reg, sid, ban, sec, men, med, sum, max, aci, hfq, htp]
ParallelCNNLSTMModel;78.176202;11.0;13000.0;13000.0;165704.0;46568.0;13.0;78.176;78.176;78.176;[reg, sid, ban, sec, men, med, sum, max, aci, mmm, htp, hhh, aei]
LSTM_CNN;78.145984;11.0;13018.0;13018.0;165686.0;46550.0;12.0;78.146;78.146;78.146;[reg, sid, ban, sec, men, med, sum, max, aci, bet, mmm, aei]
ParallelCNNLSTMModel;78.100658;11.0;13045.0;13045.0;165659.0;46523.0;10.0;78.101;78.101;78.101;[reg, sid, ban, sec, men, med, sum, aci, bet, mmm]
ParallelCNNLSTMModel;78.062047;11.0;13068.0;13068.0;165636.0;46500.0;11.0;78.062;78.062;78.062;[reg, sid, ban, sec, men, med, sum, aci, bet, mmm, hfq]
CNN_LSTM;78.04358;11.0;13079.0;13079.0;165625.0;46489.0;10.0;78.044;78.044;78.044;[reg, sid, ban, sec, men, med, sum, aci, bet, htp]
CNN_LSTM;78.040223;11.0;13081.0;13081.0;165623.0;46487.0;11.0;78.04;78.04;78.04;[reg, sid, ban, sec, men, med, sum, max, aci, htp, hhh]
CNN_LSTM;78.008327;11.0;13100.0;13100.0;165604.0;46468.0;9.0;78.008;78.008;78.008;[reg, sid, ban, sec, men, med, sum, max, aei]
LSTM_CNN;77.983145;11.0;13115.0;13115.0;165589.0;46453.0;10.0;77.983;77.983;77.983;[reg, sid, ban, sec, men, med, sum, max, aci, bet]
ParallelCNNLSTMModel;77.897529;11.0;13166.0;13166.0;165538.0;46402.0;13.0;77.898;77.898;77.898;[reg, sid, ban, sec, men, med, sum, max, aci, mmm, hfq, htp, aei]
CNN_LSTM;77.89585;11.0;13167.0;13167.0;165537.0;46401.0;10.0;77.896;77.896;77.896;[reg, sid, ban, sec, men, med, sum, max, aci, bet]
ParallelCNNLSTMModel;77.887456;11.0;13172.0;13172.0;165532.0;46396.0;13.0;77.887;77.887;77.887;[reg, sid, ban, sec, men, med, sum, max, aci, mmm, hfq, hhh, aei]
ParallelCNNLSTMModel;77.85556;11.0;13191.0;13191.0;165513.0;46377.0;12.0;77.856;77.856;77.856;[reg, sid, ban, sec, men, med, sum, max, aci, hfq, htp, aei]
CNN_LSTM;77.808555;11.0;13219.0;13219.0;165485.0;46349.0;11.0;77.809;77.809;77.809;[reg, sid, ban, sec, men, med, sum, aci, bet, hhh, aei]
ParallelCNNLSTMModel;77.73469;11.0;13263.0;13263.0;165441.0;46305.0;11.0;77.735;77.735;77.735;[reg, sid, ban, sec, men, med, sum, aci, bet, mmm, aei]
LSTM_CNN;77.714545;11.0;13275.0;13275.0;165429.0;46293.0;13.0;77.715;77.715;77.715;[reg, sid, ban, sec, men, med, sum, max, aci, mmm, hfq, hhh, aei]
LSTM_CNN;77.702793;11.0;13282.0;13282.0;165422.0;46286.0;12.0;77.703;77.703;77.703;[reg, sid, ban, sec, men, med, sum, aci, mmm, htp, hhh, aei]
CNN_LSTM;77.699436;11.0;13284.0;13284.0;165420.0;46284.0;11.0;77.699;77.699;77.699;[reg, sid, ban, sec, men, med, sum, max, aci, hfq, htp]
ParallelCNNLSTMModel;77.645716;11.0;13316.0;13316.0;165388.0;46252.0;11.0;77.646;77.646;77.646;[reg, sid, ban, sec, men, med, sum, aci, bet, mmm, hhh]
ParallelCNNLSTMModel;77.61382;11.0;13335.0;13335.0;165369.0;46233.0;11.0;77.614;77.614;77.614;[reg, sid, ban, sec, men, med, sum, aci, hfq, htp, hhh]
LSTM_CNN;77.568493;11.0;13362.0;13362.0;165342.0;46206.0;11.0;77.568;77.568;77.568;[reg, sid, ban, sec, men, med, sum, aci, htp, hhh, aei]
ParallelCNNLSTMModel;77.471125;11.0;13420.0;13420.0;165284.0;46148.0;11.0;77.471;77.471;77.471;[reg, sid, ban, sec, men, med, sum, max, aci, htp, hhh]
CNN_LSTM;77.43755;11.0;13440.0;13440.0;165264.0;46128.0;12.0;77.438;77.438;77.438;[reg, sid, ban, sec, men, med, sum, aci, mmm, hfq, htp, hhh]
LSTM_CNN;77.367043;11.0;13482.0;13482.0;165222.0;46086.0;10.0;77.367;77.367;77.367;[reg, sid, ban, sec, men, med, sum, aci, bet, hfq]
ParallelCNNLSTMModel;77.353613;11.0;13490.0;13490.0;165214.0;46078.0;13.0;77.354;77.354;77.354;[reg, sid, ban, sec, men, med, sum, aci, mmm, hfq, htp, hhh, aei]
CNN_LSTM;77.336825;11.0;13500.0;13500.0;165204.0;46068.0;12.0;77.337;77.337;77.337;[reg, sid, ban, sec, men, med, sum, aci, bet, mmm, hfq, htp]
CNN_LSTM;77.311644;11.0;13515.0;13515.0;165189.0;46053.0;11.0;77.312;77.312;77.312;[reg, sid, ban, sec, men, med, sum, aci, mmm, htp, aei]
CNN_LSTM;77.288141;11.0;13529.0;13529.0;165175.0;46039.0;10.0;77.288;77.288;77.288;[reg, sid, ban, sec, men, med, sum, aci, htp, hhh]
ParallelCNNLSTMModel;77.158877;11.0;13606.0;13606.0;165098.0;45962.0;10.0;77.159;77.159;77.159;[reg, sid, ban, sec, men, med, sum, aci, hfq, htp]
CNN_LSTM;77.038007;11.0;13678.0;13678.0;165026.0;45890.0;11.0;77.038;77.038;77.038;[reg, sid, ban, sec, men, med, sum, aci, htp, hhh, aei]
ParallelCNNLSTMModel;76.873489;11.0;13776.0;13776.0;164928.0;45792.0;12.0;76.873;76.873;76.873;[reg, sid, ban, sec, men, med, sum, max, aci, hfq, hhh, aei]
ParallelCNNLSTMModel;76.861738;11.0;13783.0;13783.0;164921.0;45785.0;12.0;76.862;76.862;76.862;[reg, sid, ban, sec, men, med, sum, aci, hfq, htp, hhh, aei]
ParallelCNNLSTMModel;76.809696;11.0;13814.0;13814.0;164890.0;45754.0;11.0;76.81;76.81;76.81;[reg, sid, ban, sec, men, med, sum, aci, hfq, hhh, aei]
LSTM_CNN;76.7778;11.0;13833.0;13833.0;164871.0;45735.0;11.0;76.778;76.778;76.778;[reg, sid, ban, sec, men, med, sum, aci, mmm, hhh, aei]
LSTM_CNN;76.695541;11.0;13882.0;13882.0;164822.0;45686.0;11.0;76.696;76.696;76.696;[reg, sid, ban, sec, men, med, sum, aci, hfq, htp, aei]
LSTM_CNN;76.6435;11.0;13913.0;13913.0;164791.0;45655.0;12.0;76.643;76.643;76.643;[reg, sid, ban, sec, men, med, sum, max, aci, mmm, hfq, htp]
LSTM_CNN;76.636785;11.0;13917.0;13917.0;164787.0;45651.0;11.0;76.637;76.637;76.637;[reg, sid, ban, sec, men, med, sum, max, aci, hfq, hhh]
LSTM_CNN;76.625034;11.0;13924.0;13924.0;164780.0;45644.0;12.0;76.625;76.625;76.625;[reg, sid, ban, sec, men, med, sum, aci, mmm, hfq, htp, aei]
CNN_LSTM;76.611604;11.0;13932.0;13932.0;164772.0;45636.0;12.0;76.612;76.612;76.612;[reg, sid, ban, sec, men, med, sum, aci, bet, hfq, hhh, aei]
CNN_LSTM;76.485697;11.0;14007.0;14007.0;164697.0;45561.0;10.0;76.486;76.486;76.486;[reg, sid, ban, sec, men, med, sum, aci, hfq, htp]
CNN_LSTM;76.48234;11.0;14009.0;14009.0;164695.0;45559.0;11.0;76.482;76.482;76.482;[reg, sid, ban, sec, men, med, sum, max, aci, hhh, aei]
CNN_LSTM;76.458837;11.0;14023.0;14023.0;164681.0;45545.0;11.0;76.459;76.459;76.459;[reg, sid, ban, sec, men, med, sum, aci, hfq, htp, hhh]
LSTM_CNN;76.452122;11.0;14027.0;14027.0;164677.0;45541.0;9.0;76.452;76.452;76.452;[reg, sid, ban, sec, men, med, sum, max, hfq]
CNN_LSTM;76.274174;11.0;14133.0;14133.0;164571.0;45435.0;11.0;76.274;76.274;76.274;[reg, sid, ban, sec, men, med, sum, aci, mmm, hfq, htp]
ParallelCNNLSTMModel;76.26578;11.0;14138.0;14138.0;164566.0;45430.0;13.0;76.266;76.266;76.266;[reg, sid, ban, sec, men, med, sum, max, aci, mmm, hfq, htp, hhh]
ParallelCNNLSTMModel;76.175128;11.0;14192.0;14192.0;164512.0;45376.0;10.0;76.175;76.175;76.175;[reg, sid, ban, sec, men, med, sum, aci, htp, hhh]
CNN_LSTM;76.17177;11.0;14194.0;14194.0;164510.0;45374.0;11.0;76.172;76.172;76.172;[reg, sid, ban, sec, men, med, sum, aci, hfq, htp, aei]
LSTM_CNN;76.11805;11.0;14226.0;14226.0;164478.0;45342.0;12.0;76.118;76.118;76.118;[reg, sid, ban, sec, men, med, sum, max, aci, hfq, hhh, aei]
LSTM_CNN;76.013967;11.0;14288.0;14288.0;164416.0;45280.0;12.0;76.014;76.014;76.014;[reg, sid, ban, sec, men, med, sum, max, aci, hfq, htp, hhh]
CNN_LSTM;76.008931;11.0;14291.0;14291.0;164413.0;45277.0;12.0;76.009;76.009;76.009;[reg, sid, ban, sec, men, med, sum, max, aci, mmm, hfq, hhh]
CNN_LSTM;75.802444;11.0;14414.0;14414.0;164290.0;45154.0;10.0;75.802;75.802;75.802;[reg, sid, ban, sec, men, med, sum, aci, mmm, hhh]
CNN_LSTM;75.733615;11.0;14455.0;14455.0;164249.0;45113.0;13.0;75.734;75.734;75.734;[reg, sid, ban, sec, men, med, sum, aci, mmm, hfq, htp, hhh, aei]
LSTM_CNN;75.678216;11.0;14488.0;14488.0;164216.0;45080.0;11.0;75.678;75.678;75.678;[reg, sid, ban, sec, men, med, sum, aci, mmm, hfq, hhh]
ParallelCNNLSTMModel;75.5926;11.0;14539.0;14539.0;164165.0;45029.0;11.0;75.593;75.593;75.593;[reg, sid, ban, sec, men, med, sum, aci, mmm, htp, hhh]
CNN_LSTM;75.381077;11.0;14665.0;14665.0;164039.0;44903.0;11.0;75.381;75.381;75.381;[reg, sid, ban, sec, men, med, sum, max, aci, hfq, aei]
ParallelCNNLSTMModel;75.265243;11.0;14734.0;14734.0;163970.0;44834.0;11.0;75.265;75.265;75.265;[reg, sid, ban, sec, men, med, sum, max, aci, mmm, htp]
LSTM_CNN;75.219917;11.0;14761.0;14761.0;163943.0;44807.0;12.0;75.22;75.22;75.22;[reg, sid, ban, sec, men, med, sum, aci, mmm, hfq, hhh, aei]
ParallelCNNLSTMModel;75.184663;11.0;14782.0;14782.0;163922.0;44786.0;11.0;75.185;75.185;75.185;[reg, sid, ban, sec, men, med, sum, max, aci, hfq, aei]
CNN_LSTM;75.082259;11.0;14843.0;14843.0;163861.0;44725.0;12.0;75.082;75.082;75.082;[reg, sid, ban, sec, men, med, sum, aci, mmm, hfq, hhh, aei]
LSTM_CNN;75.08058;11.0;14844.0;14844.0;163860.0;44724.0;9.0;75.081;75.081;75.081;[reg, sid, ban, sec, men, med, sum, mmm, aei]
LSTM_CNN;74.98657;11.0;14900.0;14900.0;163804.0;44668.0;10.0;74.987;74.987;74.987;[reg, sid, ban, sec, men, med, sum, aci, mmm, hfq]
LSTM_CNN;74.963067;11.0;14914.0;14914.0;163790.0;44654.0;11.0;74.963;74.963;74.963;[reg, sid, ban, sec, men, med, sum, aci, mmm, htp, hhh]
CNN_LSTM;74.890881;11.0;14957.0;14957.0;163747.0;44611.0;11.0;74.891;74.891;74.891;[reg, sid, ban, sec, men, med, sum, max, aci, hfq, hhh]
CNN_LSTM;74.766653;11.0;15031.0;15031.0;163673.0;44537.0;13.0;74.767;74.767;74.767;[reg, sid, ban, sec, men, med, sum, max, aci, mmm, htp, hhh, aei]
CNN_LSTM;74.739793;11.0;15047.0;15047.0;163657.0;44521.0;10.0;74.74;74.74;74.74;[reg, sid, ban, sec, men, med, sum, aci, hfq, hhh]
CNN_LSTM;74.733078;11.0;15051.0;15051.0;163653.0;44517.0;11.0;74.733;74.733;74.733;[reg, sid, ban, sec, men, med, sum, aci, hfq, hhh, aei]
ParallelCNNLSTMModel;74.602135;11.0;15129.0;15129.0;163575.0;44439.0;9.0;74.602;74.602;74.602;[reg, sid, ban, sec, men, med, sum, aci, htp]
ParallelCNNLSTMModel;74.548415;11.0;15161.0;15161.0;163543.0;44407.0;11.0;74.548;74.548;74.548;[reg, sid, ban, sec, men, med, sum, aci, hfq, htp, aei]
LSTM_CNN;74.52827;11.0;15173.0;15173.0;163531.0;44395.0;11.0;74.528;74.528;74.528;[reg, sid, ban, sec, men, med, sum, max, aci, hhh, aei]
CNN_LSTM;74.368789;11.0;15268.0;15268.0;163436.0;44300.0;9.0;74.369;74.369;74.369;[reg, sid, ban, sec, men, med, sum, aci, hhh]
LSTM_CNN;74.35368;11.0;15277.0;15277.0;163427.0;44291.0;12.0;74.354;74.354;74.354;[reg, sid, ban, sec, men, med, sum, max, aci, mmm, hhh, aei]
LSTM_CNN;74.320105;11.0;15297.0;15297.0;163407.0;44271.0;11.0;74.32;74.32;74.32;[reg, sid, ban, sec, men, med, sum, max, hfq, hhh, aei]
CNN_LSTM;74.31339;11.0;15301.0;15301.0;163403.0;44267.0;12.0;74.313;74.313;74.313;[reg, sid, ban, sec, men, med, sum, max, aci, mmm, htp, hhh]
CNN_LSTM;74.303317;11.0;15307.0;15307.0;163397.0;44261.0;10.0;74.303;74.303;74.303;[reg, sid, ban, sec, men, med, sum, aci, mmm, hfq]
LSTM_CNN;74.249597;11.0;15339.0;15339.0;163365.0;44229.0;12.0;74.25;74.25;74.25;[reg, sid, ban, sec, men, med, sum, aci, bet, mmm, hfq, hhh]
CNN_LSTM;74.148872;11.0;15399.0;15399.0;163305.0;44169.0;10.0;74.149;74.149;74.149;[reg, sid, ban, sec, men, med, sum, aci, hfq, aei]
ParallelCNNLSTMModel;74.110261;11.0;15422.0;15422.0;163282.0;44146.0;12.0;74.11;74.11;74.11;[reg, sid, ban, sec, men, med, sum, aci, mmm, hfq, htp, aei]
CNN_LSTM;74.009535;11.0;15482.0;15482.0;163222.0;44086.0;10.0;74.01;74.01;74.01;[reg, sid, ban, sec, men, med, sum, max, aci, htp]
LSTM_CNN;73.957494;11.0;15513.0;15513.0;163191.0;44055.0;10.0;73.957;73.957;73.957;[reg, sid, ban, sec, men, med, sum, max, aci, mmm]
LSTM_CNN;73.950779;11.0;15517.0;15517.0;163187.0;44051.0;11.0;73.951;73.951;73.951;[reg, sid, ban, sec, men, med, sum, aci, hfq, hhh, aei]
LSTM_CNN;73.866841;11.0;15567.0;15567.0;163137.0;44001.0;10.0;73.867;73.867;73.867;[reg, sid, ban, sec, men, med, sum, max, aci, hfq]
ParallelCNNLSTMModel;73.851732;11.0;15576.0;15576.0;163128.0;43992.0;12.0;73.852;73.852;73.852;[reg, sid, ban, sec, men, med, sum, max, aci, mmm, hfq, hhh]
CNN_LSTM;73.781225;11.0;15618.0;15618.0;163086.0;43950.0;11.0;73.781;73.781;73.781;[reg, sid, ban, sec, men, med, sum, max, aci, mmm, htp]
CNN_LSTM;73.766116;11.0;15627.0;15627.0;163077.0;43941.0;13.0;73.766;73.766;73.766;[reg, sid, ban, sec, men, med, sum, max, aci, mmm, hfq, hhh, aei]
ParallelCNNLSTMModel;73.76108;11.0;15630.0;15630.0;163074.0;43938.0;11.0;73.761;73.761;73.761;[reg, sid, ban, sec, men, med, sum, aci, htp, hhh, aei]
ParallelCNNLSTMModel;73.72079;11.0;15654.0;15654.0;163050.0;43914.0;12.0;73.721;73.721;73.721;[reg, sid, ban, sec, men, med, sum, max, aci, mmm, htp, hhh]
CNN_LSTM;73.66707;11.0;15686.0;15686.0;163018.0;43882.0;12.0;73.667;73.667;73.667;[reg, sid, ban, sec, men, med, sum, max, aci, hfq, hhh, aei]
LSTM_CNN;73.626779;11.0;15710.0;15710.0;162994.0;43858.0;12.0;73.627;73.627;73.627;[reg, sid, ban, sec, men, med, sum, max, aci, mmm, hfq, aei]
ParallelCNNLSTMModel;73.609992;11.0;15720.0;15720.0;162984.0;43848.0;12.0;73.61;73.61;73.61;[reg, sid, ban, sec, men, med, sum, aci, mmm, hfq, htp, hhh]
LSTM_CNN;73.584811;11.0;15735.0;15735.0;162969.0;43833.0;10.0;73.585;73.585;73.585;[reg, sid, ban, sec, men, med, sum, max, aci, htp]
ParallelCNNLSTMModel;73.557951;11.0;15751.0;15751.0;162953.0;43817.0;11.0;73.558;73.558;73.558;[reg, sid, ban, sec, men, med, sum, max, aci, hfq, hhh]
LSTM_CNN;73.502552;11.0;15784.0;15784.0;162920.0;43784.0;9.0;73.503;73.503;73.503;[reg, sid, ban, sec, men, med, sum, max, aci]
LSTM_CNN;73.460583;11.0;15809.0;15809.0;162895.0;43759.0;11.0;73.461;73.461;73.461;[reg, sid, ban, sec, men, med, sum, max, aci, hfq, aei]
ParallelCNNLSTMModel;73.361536;11.0;15868.0;15868.0;162836.0;43700.0;11.0;73.362;73.362;73.362;[reg, sid, ban, sec, men, med, sum, max, aci, mmm, hfq]
CNN_LSTM;73.34307;11.0;15879.0;15879.0;162825.0;43689.0;10.0;73.343;73.343;73.343;[reg, sid, ban, sec, men, med, sum, aci, hhh, aei]
LSTM_CNN;73.296065;11.0;15907.0;15907.0;162797.0;43661.0;10.0;73.296;73.296;73.296;[reg, sid, ban, sec, men, med, sum, aci, htp, hhh]
LSTM_CNN;73.274241;11.0;15920.0;15920.0;162784.0;43648.0;10.0;73.274;73.274;73.274;[reg, sid, ban, sec, men, med, sum, max, aci, aei]
LSTM_CNN;73.153371;11.0;15992.0;15992.0;162712.0;43576.0;12.0;73.153;73.153;73.153;[reg, sid, ban, sec, men, med, sum, max, aci, htp, hhh, aei]
LSTM_CNN;73.153371;11.0;15992.0;15992.0;162712.0;43576.0;11.0;73.153;73.153;73.153;[reg, sid, ban, sec, men, med, sum, max, aci, mmm, aei]
LSTM_CNN;73.119796;11.0;16012.0;16012.0;162692.0;43556.0;10.0;73.12;73.12;73.12;[reg, sid, ban, sec, men, med, sum, aci, htp, aei]
LSTM_CNN;73.089578;11.0;16030.0;16030.0;162674.0;43538.0;9.0;73.09;73.09;73.09;[reg, sid, ban, sec, men, med, sum, hfq, aei]
LSTM_CNN;73.0879;11.0;16031.0;16031.0;162673.0;43537.0;11.0;73.088;73.088;73.088;[reg, sid, ban, sec, men, med, sum, max, aci, hfq, htp]
CNN_LSTM;73.015713;11.0;16074.0;16074.0;162630.0;43494.0;11.0;73.016;73.016;73.016;[reg, sid, ban, sec, men, med, sum, max, aci, mmm, hfq]
LSTM_CNN;72.980459;11.0;16095.0;16095.0;162609.0;43473.0;11.0;72.98;72.98;72.98;[reg, sid, ban, sec, men, med, sum, max, aci, htp, hhh]
ParallelCNNLSTMModel;72.940169;11.0;16119.0;16119.0;162585.0;43449.0;10.0;72.94;72.94;72.94;[reg, sid, ban, sec, men, med, sum, max, aci, hhh]
ParallelCNNLSTMModel;72.846159;11.0;16175.0;16175.0;162529.0;43393.0;11.0;72.846;72.846;72.846;[reg, sid, ban, sec, men, med, sum, max, aci, hhh, aei]
CNN_LSTM;72.837765;11.0;16180.0;16180.0;162524.0;43388.0;12.0;72.838;72.838;72.838;[reg, sid, ban, sec, men, med, sum, aci, mmm, hfq, htp, aei]
CNN_LSTM;72.810905;11.0;16196.0;16196.0;162508.0;43372.0;10.0;72.811;72.811;72.811;[reg, sid, ban, sec, men, med, sum, max, aci, hfq]
CNN_LSTM;72.75047;11.0;16232.0;16232.0;162472.0;43336.0;11.0;72.75;72.75;72.75;[reg, sid, ban, sec, men, med, sum, max, aci, mmm, aei]
CNN_LSTM;72.738719;11.0;16239.0;16239.0;162465.0;43329.0;12.0;72.739;72.739;72.739;[reg, sid, ban, sec, men, med, sum, max, aci, mmm, hfq, aei]
CNN_LSTM;72.732004;11.0;16243.0;16243.0;162461.0;43325.0;11.0;72.732;72.732;72.732;[reg, sid, ban, sec, men, med, sum, aci, mmm, hhh, aei]
ParallelCNNLSTMModel;72.708501;11.0;16257.0;16257.0;162447.0;43311.0;11.0;72.709;72.709;72.709;[reg, sid, ban, sec, men, med, sum, aci, mmm, hfq, hhh]
CNN_LSTM;72.632957;11.0;16302.0;16302.0;162402.0;43266.0;10.0;72.633;72.633;72.633;[reg, sid, ban, sec, men, med, sum, max, aci, mmm]
LSTM_CNN;72.632957;11.0;16302.0;16302.0;162402.0;43266.0;11.0;72.633;72.633;72.633;[reg, sid, ban, sec, men, med, sum, aci, mmm, hfq, htp]
ParallelCNNLSTMModel;72.6296;11.0;16304.0;16304.0;162400.0;43264.0;11.0;72.63;72.63;72.63;[reg, sid, ban, sec, men, med, sum, aci, mmm, hfq, htp]
ParallelCNNLSTMModel;72.569165;11.0;16340.0;16340.0;162364.0;43228.0;10.0;72.569;72.569;72.569;[reg, sid, ban, sec, men, med, sum, aci, mmm, hfq]
CNN_LSTM;72.542305;11.0;16356.0;16356.0;162348.0;43212.0;9.0;72.542;72.542;72.542;[reg, sid, ban, sec, men, med, sum, aci, aei]
CNN_LSTM;72.53559;11.0;16360.0;16360.0;162344.0;43208.0;12.0;72.536;72.536;72.536;[reg, sid, ban, sec, men, med, sum, max, aci, mmm, htp, aei]
CNN_LSTM;72.523838;11.0;16367.0;16367.0;162337.0;43201.0;10.0;72.524;72.524;72.524;[reg, sid, ban, sec, men, med, sum, max, aci, aei]
CNN_LSTM;72.515445;11.0;16372.0;16372.0;162332.0;43196.0;12.0;72.515;72.515;72.515;[reg, sid, ban, sec, men, med, sum, max, aci, mmm, hfq, htp]
CNN_LSTM;72.491942;11.0;16386.0;16386.0;162318.0;43182.0;13.0;72.492;72.492;72.492;[reg, sid, ban, sec, men, med, sum, max, aci, hfq, htp, hhh, aei]
ParallelCNNLSTMModel;72.434864;11.0;16420.0;16420.0;162284.0;43148.0;9.0;72.435;72.435;72.435;[reg, sid, ban, sec, men, med, sum, aci, hfq]
CNN_LSTM;72.367714;11.0;16460.0;16460.0;162244.0;43108.0;9.0;72.368;72.368;72.368;[reg, sid, ban, sec, men, med, sum, max, aci]
CNN_LSTM;72.364357;11.0;16462.0;16462.0;162242.0;43106.0;11.0;72.364;72.364;72.364;[reg, sid, ban, sec, men, med, sum, aci, mmm, hfq, aei]
LSTM_CNN;72.320709;11.0;16488.0;16488.0;162216.0;43080.0;9.0;72.321;72.321;72.321;[reg, sid, ban, sec, men, med, sum, aci, hfq]
CNN_LSTM;72.261953;11.0;16523.0;16523.0;162181.0;43045.0;12.0;72.262;72.262;72.262;[reg, sid, ban, sec, men, med, sum, max, aci, mmm, hhh, aei]
ParallelCNNLSTMModel;72.260274;11.0;16524.0;16524.0;162180.0;43044.0;9.0;72.26;72.26;72.26;[reg, sid, ban, sec, men, med, sum, aci, hhh]
ParallelCNNLSTMModel;72.258595;11.0;16525.0;16525.0;162179.0;43043.0;11.0;72.259;72.259;72.259;[reg, sid, ban, sec, men, med, sum, max, aci, mmm, hhh]
CNN_LSTM;72.250201;11.0;16530.0;16530.0;162174.0;43038.0;13.0;72.25;72.25;72.25;[reg, sid, ban, sec, men, med, sum, max, aci, mmm, hfq, htp, hhh]
CNN_LSTM;72.231735;11.0;16541.0;16541.0;162163.0;43027.0;10.0;72.232;72.232;72.232;[reg, sid, ban, sec, men, med, sum, max, aci, hhh]
LSTM_CNN;72.213269;11.0;16552.0;16552.0;162152.0;43016.0;9.0;72.213;72.213;72.213;[reg, sid, ban, sec, men, med, sum, aci, aei]
ParallelCNNLSTMModel;72.109186;11.0;16614.0;16614.0;162090.0;42954.0;12.0;72.109;72.109;72.109;[reg, sid, ban, sec, men, med, sum, max, aci, mmm, hfq, htp]
LSTM_CNN;72.09072;11.0;16625.0;16625.0;162079.0;42943.0;11.0;72.091;72.091;72.091;[reg, sid, ban, sec, men, med, sum, max, aci, mmm, hhh]
LSTM_CNN;72.042036;11.0;16654.0;16654.0;162050.0;42914.0;11.0;72.042;72.042;72.042;[reg, sid, ban, sec, men, med, sum, max, aci, mmm, htp]
LSTM_CNN;71.973207;11.0;16695.0;16695.0;162009.0;42873.0;12.0;71.973;71.973;71.973;[reg, sid, ban, sec, men, med, sum, max, aci, mmm, htp, aei]
ParallelCNNLSTMModel;71.916129;11.0;16729.0;16729.0;161975.0;42839.0;12.0;71.916;71.916;71.916;[reg, sid, ban, sec, men, med, sum, aci, mmm, htp, hhh, aei]
ParallelCNNLSTMModel;71.892627;11.0;16743.0;16743.0;161961.0;42825.0;12.0;71.893;71.893;71.893;[reg, sid, ban, sec, men, med, sum, max, aci, mmm, hhh, aei]
CNN_LSTM;71.832192;11.0;16779.0;16779.0;161925.0;42789.0;11.0;71.832;71.832;71.832;[reg, sid, ban, sec, men, med, sum, aci, mmm, htp, hhh]
CNN_LSTM;71.791902;11.0;16803.0;16803.0;161901.0;42765.0;9.0;71.792;71.792;71.792;[reg, sid, ban, sec, men, med, sum, max, mmm]
ParallelCNNLSTMModel;71.768399;11.0;16817.0;16817.0;161887.0;42751.0;10.0;71.768;71.768;71.768;[reg, sid, ban, sec, men, med, sum, aci, hhh, aei]
CNN_LSTM;71.741539;11.0;16833.0;16833.0;161871.0;42735.0;12.0;71.742;71.742;71.742;[reg, sid, ban, sec, men, med, sum, max, aci, hfq, htp, aei]
CNN_LSTM;71.676068;11.0;16872.0;16872.0;161832.0;42696.0;9.0;71.676;71.676;71.676;[reg, sid, ban, sec, men, med, sum, aci, mmm]
ParallelCNNLSTMModel;71.655923;11.0;16884.0;16884.0;161820.0;42684.0;11.0;71.656;71.656;71.656;[reg, sid, ban, sec, men, med, sum, aci, mmm, hfq, aei]
LSTM_CNN;71.615633;11.0;16908.0;16908.0;161796.0;42660.0;11.0;71.616;71.616;71.616;[reg, sid, ban, sec, men, med, sum, aci, mmm, hfq, aei]
CNN_LSTM;71.615633;11.0;16908.0;16908.0;161796.0;42660.0;8.0;71.616;71.616;71.616;[reg, sid, ban, sec, men, med, sum, aei]
LSTM_CNN;71.588772;11.0;16924.0;16924.0;161780.0;42644.0;10.0;71.589;71.589;71.589;[reg, sid, ban, sec, men, med, sum, max, aci, hhh]
CNN_LSTM;71.571985;11.0;16934.0;16934.0;161770.0;42634.0;12.0;71.572;71.572;71.572;[reg, sid, ban, sec, men, med, sum, max, aci, hfq, htp, hhh]
ParallelCNNLSTMModel;71.563591;11.0;16939.0;16939.0;161765.0;42629.0;9.0;71.564;71.564;71.564;[reg, sid, ban, sec, men, med, sum, aci, aei]
ParallelCNNLSTMModel;71.528337;11.0;16960.0;16960.0;161744.0;42608.0;10.0;71.528;71.528;71.528;[reg, sid, ban, sec, men, med, sum, aci, hfq, aei]
ParallelCNNLSTMModel;71.51155;11.0;16970.0;16970.0;161734.0;42598.0;10.0;71.512;71.512;71.512;[reg, sid, ban, sec, men, med, sum, aci, mmm, htp]
LSTM_CNN;71.51155;11.0;16970.0;16970.0;161734.0;42598.0;10.0;71.512;71.512;71.512;[reg, sid, ban, sec, men, med, sum, aci, mmm, aei]
ParallelCNNLSTMModel;71.488047;11.0;16984.0;16984.0;161720.0;42584.0;10.0;71.488;71.488;71.488;[reg, sid, ban, sec, men, med, sum, max, aci, htp]
ParallelCNNLSTMModel;71.479654;11.0;16989.0;16989.0;161715.0;42579.0;8.0;71.48;71.48;71.48;[reg, sid, ban, sec, men, med, sum, max]
LSTM_CNN;71.467902;11.0;16996.0;16996.0;161708.0;42572.0;10.0;71.468;71.468;71.468;[reg, sid, ban, sec, men, med, sum, aci, hfq, hhh]
CNN_LSTM;71.385643;11.0;17045.0;17045.0;161659.0;42523.0;8.0;71.386;71.386;71.386;[reg, sid, ban, sec, men, med, sum, hhh]
ParallelCNNLSTMModel;71.383965;11.0;17046.0;17046.0;161658.0;42522.0;9.0;71.384;71.384;71.384;[reg, sid, ban, sec, men, med, sum, max, mmm]
ParallelCNNLSTMModel;71.358783;11.0;17061.0;17061.0;161643.0;42507.0;11.0;71.359;71.359;71.359;[reg, sid, ban, sec, men, med, sum, max, aci, mmm, aei]
LSTM_CNN;71.247985;11.0;17127.0;17127.0;161577.0;42441.0;10.0;71.248;71.248;71.248;[reg, sid, ban, sec, men, med, sum, aci, mmm, htp]
LSTM_CNN;71.189229;11.0;17162.0;17162.0;161542.0;42406.0;10.0;71.189;71.189;71.189;[reg, sid, ban, sec, men, med, sum, aci, hfq, aei]
LSTM_CNN;71.185872;11.0;17164.0;17164.0;161540.0;42404.0;11.0;71.186;71.186;71.186;[reg, sid, ban, sec, men, med, sum, max, htp, hhh, aei]
ParallelCNNLSTMModel;71.152297;11.0;17184.0;17184.0;161520.0;42384.0;10.0;71.152;71.152;71.152;[reg, sid, ban, sec, men, med, sum, aci, mmm, hhh]
ParallelCNNLSTMModel;71.122079;11.0;17202.0;17202.0;161502.0;42366.0;12.0;71.122;71.122;71.122;[reg, sid, ban, sec, men, med, sum, aci, mmm, hfq, hhh, aei]
CNN_LSTM;71.068359;11.0;17234.0;17234.0;161470.0;42334.0;8.0;71.068;71.068;71.068;[reg, sid, ban, sec, men, med, sum, aci]
ParallelCNNLSTMModel;70.977706;11.0;17288.0;17288.0;161416.0;42280.0;10.0;70.978;70.978;70.978;[reg, sid, ban, sec, men, med, sum, aci, mmm, aei]
LSTM_CNN;70.910556;11.0;17328.0;17328.0;161376.0;42240.0;12.0;70.911;70.911;70.911;[reg, sid, ban, sec, men, med, sum, max, aci, mmm, hfq, hhh]
LSTM_CNN;70.90552;11.0;17331.0;17331.0;161373.0;42237.0;11.0;70.906;70.906;70.906;[reg, sid, ban, sec, men, med, sum, max, aci, mmm, hfq]
CNN_LSTM;70.86523;11.0;17355.0;17355.0;161349.0;42213.0;8.0;70.865;70.865;70.865;[reg, sid, ban, sec, men, med, sum, max]
ParallelCNNLSTMModel;70.640277;11.0;17489.0;17489.0;161215.0;42079.0;9.0;70.64;70.64;70.64;[reg, sid, ban, sec, men, med, sum, max, aci]
CNN_LSTM;70.522764;11.0;17559.0;17559.0;161145.0;42009.0;11.0;70.523;70.523;70.523;[reg, sid, ban, sec, men, med, sum, max, aci, mmm, hhh]
CNN_LSTM;70.445541;11.0;17605.0;17605.0;161099.0;41963.0;10.0;70.446;70.446;70.446;[reg, sid, ban, sec, men, med, sum, aci, mmm, aei]
ParallelCNNLSTMModel;70.443862;11.0;17606.0;17606.0;161098.0;41962.0;10.0;70.444;70.444;70.444;[reg, sid, ban, sec, men, med, sum, aci, htp, aei]
CNN_LSTM;70.432111;11.0;17613.0;17613.0;161091.0;41955.0;11.0;70.432;70.432;70.432;[reg, sid, ban, sec, men, med, sum, max, aci, htp, aei]
LSTM_CNN;70.391821;11.0;17637.0;17637.0;161067.0;41931.0;9.0;70.392;70.392;70.392;[reg, sid, ban, sec, men, med, sum, aci, hhh]
ParallelCNNLSTMModel;70.376712;11.0;17646.0;17646.0;161058.0;41922.0;9.0;70.377;70.377;70.377;[reg, sid, ban, sec, men, med, sum, aci, mmm]
LSTM_CNN;70.33978;11.0;17668.0;17668.0;161036.0;41900.0;8.0;70.34;70.34;70.34;[reg, sid, ban, sec, men, med, sum, aci]
CNN_LSTM;70.304526;11.0;17689.0;17689.0;161015.0;41879.0;8.0;70.305;70.305;70.305;[reg, sid, ban, sec, men, med, sum, mmm]
ParallelCNNLSTMModel;70.277666;11.0;17705.0;17705.0;160999.0;41863.0;10.0;70.278;70.278;70.278;[reg, sid, ban, sec, men, med, sum, aci, hfq, hhh]
LSTM_CNN;70.260878;11.0;17715.0;17715.0;160989.0;41853.0;9.0;70.261;70.261;70.261;[reg, sid, ban, sec, men, med, sum, aci, mmm]
ParallelCNNLSTMModel;70.151759;11.0;17780.0;17780.0;160924.0;41788.0;10.0;70.152;70.152;70.152;[reg, sid, ban, sec, men, med, sum, max, aci, aei]
ParallelCNNLSTMModel;70.140008;11.0;17787.0;17787.0;160917.0;41781.0;8.0;70.14;70.14;70.14;[reg, sid, ban, sec, men, med, sum, aci]
ParallelCNNLSTMModel;70.022495;11.0;17857.0;17857.0;160847.0;41711.0;10.0;70.022;70.022;70.022;[reg, sid, ban, sec, men, med, sum, max, aci, hfq]
LSTM_CNN;70.009065;11.0;17865.0;17865.0;160839.0;41703.0;8.0;70.009;70.009;70.009;[reg, sid, ban, sec, men, med, sum, mmm]
LSTM_CNN;69.953666;11.0;17898.0;17898.0;160806.0;41670.0;10.0;69.954;69.954;69.954;[reg, sid, ban, sec, men, med, sum, aci, hhh, aei]
ParallelCNNLSTMModel;69.940236;11.0;17906.0;17906.0;160798.0;41662.0;11.0;69.94;69.94;69.94;[reg, sid, ban, sec, men, med, sum, aci, mmm, hhh, aei]
CNN_LSTM;69.794185;11.0;17993.0;17993.0;160711.0;41575.0;11.0;69.794;69.794;69.794;[reg, sid, ban, sec, men, med, sum, aci, mmm, hfq, hhh]
LSTM_CNN;69.77404;11.0;18005.0;18005.0;160699.0;41563.0;10.0;69.774;69.774;69.774;[reg, sid, ban, sec, men, med, sum, max, mmm, aei]
ParallelCNNLSTMModel;69.730392;11.0;18031.0;18031.0;160673.0;41537.0;8.0;69.73;69.73;69.73;[reg, sid, ban, sec, men, med, sum, mmm]
LSTM_CNN;69.644776;11.0;18082.0;18082.0;160622.0;41486.0;10.0;69.645;69.645;69.645;[reg, sid, ban, sec, men, med, sum, mmm, hfq, htp]
LSTM_CNN;69.547408;11.0;18140.0;18140.0;160564.0;41428.0;11.0;69.547;69.547;69.547;[reg, sid, ban, sec, men, med, sum, max, mmm, htp, aei]
LSTM_CNN;69.51719;11.0;18158.0;18158.0;160546.0;41410.0;10.0;69.517;69.517;69.517;[reg, sid, ban, sec, men, med, sum, max, mmm, hfq]
LSTM_CNN;69.391284;11.0;18233.0;18233.0;160471.0;41335.0;11.0;69.391;69.391;69.391;[reg, sid, ban, sec, men, med, sum, mmm, hfq, htp, hhh]
LSTM_CNN;69.352673;11.0;18256.0;18256.0;160448.0;41312.0;9.0;69.353;69.353;69.353;[reg, sid, ban, sec, men, med, sum, max, aei]
LSTM_CNN;69.3426;11.0;18262.0;18262.0;160442.0;41306.0;11.0;69.343;69.343;69.343;[reg, sid, ban, sec, men, med, sum, max, mmm, hfq, htp]
LSTM_CNN;69.324134;11.0;18273.0;18273.0;160431.0;41295.0;11.0;69.324;69.324;69.324;[reg, sid, ban, sec, men, med, sum, max, mmm, hhh, aei]
LSTM_CNN;69.303989;11.0;18285.0;18285.0;160419.0;41283.0;10.0;69.304;69.304;69.304;[reg, sid, ban, sec, men, med, sum, hfq, htp, hhh]
LSTM_CNN;69.258662;11.0;18312.0;18312.0;160392.0;41256.0;12.0;69.259;69.259;69.259;[reg, sid, ban, sec, men, med, sum, max, mmm, hfq, hhh, aei]
LSTM_CNN;69.246911;11.0;18319.0;18319.0;160385.0;41249.0;11.0;69.247;69.247;69.247;[reg, sid, ban, sec, men, med, sum, max, hfq, htp, aei]
LSTM_CNN;69.245232;11.0;18320.0;18320.0;160384.0;41248.0;10.0;69.245;69.245;69.245;[reg, sid, ban, sec, men, med, sum, max, hfq, hhh]
LSTM_CNN;69.23516;11.0;18326.0;18326.0;160378.0;41242.0;11.0;69.235;69.235;69.235;[reg, sid, ban, sec, men, med, sum, max, mmm, htp, hhh]
LSTM_CNN;69.220051;11.0;18335.0;18335.0;160369.0;41233.0;10.0;69.22;69.22;69.22;[reg, sid, ban, sec, men, med, sum, mmm, htp, hhh]
LSTM_CNN;69.203263;11.0;18345.0;18345.0;160359.0;41223.0;8.0;69.203;69.203;69.203;[reg, sid, ban, sec, men, med, sum, aei]
LSTM_CNN;69.151222;11.0;18376.0;18376.0;160328.0;41192.0;12.0;69.151;69.151;69.151;[reg, sid, ban, sec, men, med, sum, mmm, hfq, htp, hhh, aei]
LSTM_CNN;69.151222;11.0;18376.0;18376.0;160328.0;41192.0;9.0;69.151;69.151;69.151;[reg, sid, ban, sec, men, med, sum, mmm, hhh]
LSTM_CNN;69.142828;11.0;18381.0;18381.0;160323.0;41187.0;12.0;69.143;69.143;69.143;[reg, sid, ban, sec, men, med, sum, max, mmm, hfq, htp, hhh]
LSTM_CNN;69.119326;11.0;18395.0;18395.0;160309.0;41173.0;9.0;69.119;69.119;69.119;[reg, sid, ban, sec, men, med, sum, mmm, hfq]
LSTM_CNN;69.119326;11.0;18395.0;18395.0;160309.0;41173.0;10.0;69.119;69.119;69.119;[reg, sid, ban, sec, men, med, sum, aci, mmm, hhh]
LSTM_CNN;69.070642;11.0;18424.0;18424.0;160280.0;41144.0;9.0;69.071;69.071;69.071;[reg, sid, ban, sec, men, med, sum, max, hhh]
LSTM_CNN;69.065606;11.0;18427.0;18427.0;160277.0;41141.0;11.0;69.066;69.066;69.066;[reg, sid, ban, sec, men, med, sum, hfq, htp, hhh, aei]
LSTM_CNN;69.062248;11.0;18429.0;18429.0;160275.0;41139.0;8.0;69.062;69.062;69.062;[reg, sid, ban, sec, men, med, sum, htp]
LSTM_CNN;69.057212;11.0;18432.0;18432.0;160272.0;41136.0;9.0;69.057;69.057;69.057;[reg, sid, ban, sec, men, med, sum, hhh, aei]
LSTM_CNN;69.052176;11.0;18435.0;18435.0;160269.0;41133.0;10.0;69.052;69.052;69.052;[reg, sid, ban, sec, men, med, sum, hfq, hhh, aei]
LSTM_CNN;69.003492;11.0;18464.0;18464.0;160240.0;41104.0;10.0;69.003;69.003;69.003;[reg, sid, ban, sec, men, med, sum, max, mmm, htp]
LSTM_CNN;68.929627;11.0;18508.0;18508.0;160196.0;41060.0;10.0;68.93;68.93;68.93;[reg, sid, ban, sec, men, med, sum, mmm, hhh, aei]
LSTM_CNN;68.926269;11.0;18510.0;18510.0;160194.0;41058.0;10.0;68.926;68.926;68.926;[reg, sid, ban, sec, men, med, sum, mmm, htp, aei]
LSTM_CNN;68.917875;11.0;18515.0;18515.0;160189.0;41053.0;10.0;68.918;68.918;68.918;[reg, sid, ban, sec, men, med, sum, max, hfq, htp]
LSTM_CNN;68.899409;11.0;18526.0;18526.0;160178.0;41042.0;10.0;68.899;68.899;68.899;[reg, sid, ban, sec, men, med, sum, max, mmm, hhh]
LSTM_CNN;68.855761;11.0;18552.0;18552.0;160152.0;41016.0;10.0;68.856;68.856;68.856;[reg, sid, ban, sec, men, med, sum, max, hhh, aei]
LSTM_CNN;68.850725;11.0;18555.0;18555.0;160149.0;41013.0;9.0;68.851;68.851;68.851;[reg, sid, ban, sec, men, med, sum, max, mmm]
LSTM_CNN;68.833938;11.0;18565.0;18565.0;160139.0;41003.0;8.0;68.834;68.834;68.834;[reg, sid, ban, sec, men, med, sum, max]
LSTM_CNN;68.80372;11.0;18583.0;18583.0;160121.0;40985.0;11.0;68.804;68.804;68.804;[reg, sid, ban, sec, men, med, sum, mmm, hfq, htp, aei]
CNN_LSTM;68.79029;11.0;18591.0;18591.0;160113.0;40977.0;9.0;68.79;68.79;68.79;[reg, sid, ban, sec, men, med, sum, aci, hfq]
LSTM_CNN;68.751679;11.0;18614.0;18614.0;160090.0;40954.0;11.0;68.752;68.752;68.752;[reg, sid, ban, sec, men, med, sum, mmm, hfq, hhh, aei]
LSTM_CNN;68.744964;11.0;18618.0;18618.0;160086.0;40950.0;11.0;68.745;68.745;68.745;[reg, sid, ban, sec, men, med, sum, max, hfq, htp, hhh]
LSTM_CNN;68.694601;11.0;18648.0;18648.0;160056.0;40920.0;10.0;68.695;68.695;68.695;[reg, sid, ban, sec, men, med, sum, mmm, hfq, hhh]
LSTM_CNN;68.640881;11.0;18680.0;18680.0;160024.0;40888.0;10.0;68.641;68.641;68.641;[reg, sid, ban, sec, men, med, sum, max, htp, hhh]
LSTM_CNN;68.506581;11.0;18760.0;18760.0;159944.0;40808.0;9.0;68.507;68.507;68.507;[reg, sid, ban, sec, men, med, sum, max, htp]
LSTM_CNN;68.484757;11.0;18773.0;18773.0;159931.0;40795.0;11.0;68.485;68.485;68.485;[reg, sid, ban, sec, men, med, sum, max, mmm, hfq, aei]
LSTM_CNN;68.454539;11.0;18791.0;18791.0;159913.0;40777.0;9.0;68.455;68.455;68.455;[reg, sid, ban, sec, men, med, sum, aci, htp]
ParallelCNNLSTMModel;68.384032;11.0;18833.0;18833.0;159871.0;40735.0;11.0;68.384;68.384;68.384;[reg, sid, ban, sec, men, med, sum, aci, mmm, htp, aei]
ParallelCNNLSTMModel;68.321918;11.0;18870.0;18870.0;159834.0;40698.0;10.0;68.322;68.322;68.322;[reg, sid, ban, sec, men, med, sum, max, aci, mmm]
