[Parallel(n_jobs=32)]: Using backend LokyBackend with 32 concurrent workers.
/home/vargas/repos/forests-sounds-vargas
/home/vargas/repos/forests-sounds-vargas/data/ /home/vargas/repos/forests-sounds-vargas/out/ [('Plantation', '/home/vargas/repos/forests-sounds-vargas/data/Plantation/2_05_PSA0093-2010.mp3'), ('Plantation', '/home/vargas/repos/forests-sounds-vargas/data/Plantation/2_15_PSA0290-2012.mp3'), ('Plantation', '/home/vargas/repos/forests-sounds-vargas/data/Plantation/2_19_PSA0374-2012.mp3')]
#### #### HOI FOREST #### ####
Starting with parallel jobs: 57 time: 1728698307
0 REGION: ====>>>> Plantation #### RUNNING #### AUDIO: ====>>>> /home/vargas/repos/forests-sounds-vargas/data/Plantation/2_05_PSA0093-2010.mp3
0 - audio_file: /home/vargas/repos/forests-sounds-vargas/data/Plantation/2_05_PSA0093-2010.mp3 - region: Plantation
y: [-0.01472808 -0.01491113 -0.00816156 -0.00218979  0.00167903  0.00490456
  0.00836801  0.01314615  0.01415004]
total samples in y: (86400000,) in time: 1800 secs
samples rate per second:  48000
### ORIGINAL Y_C 86400000 [-0.01472808 -0.01491113 -0.00816156 -0.00218979  0.00167903  0.00490456
  0.00836801  0.01314615  0.01415004] <class 'numpy.ndarray'>
### CHUNKS Y_C total_chunks: 180 chunk_size: 480000 <class 'list'> <class 'numpy.ndarray'>
[Parallel(n_jobs=32)]: Done 180 out of 180 | elapsed:    4.9s finished
[Parallel(n_jobs=32)]: Using backend LokyBackend with 32 concurrent workers.
[Parallel(n_jobs=32)]: Done 180 out of 180 | elapsed:    1.6s finished
[Parallel(n_jobs=32)]: Using backend LokyBackend with 32 concurrent workers.
[Parallel(n_jobs=32)]: Done 180 out of 180 | elapsed:    0.9s finished
[Parallel(n_jobs=32)]: Using backend LokyBackend with 32 concurrent workers.
[Parallel(n_jobs=32)]: Done 180 out of 180 | elapsed:    0.8s finished
[Parallel(n_jobs=32)]: Using backend LokyBackend with 32 concurrent workers.
[Parallel(n_jobs=32)]: Done   2 out of  10 | elapsed:    0.1s remaining:    0.2s
[Parallel(n_jobs=32)]: Done  10 out of  10 | elapsed:    0.2s finished
[Parallel(n_jobs=32)]: Using backend LokyBackend with 32 concurrent workers.
[Parallel(n_jobs=32)]: Done   2 out of  10 | elapsed:    0.0s remaining:    0.1s
[Parallel(n_jobs=32)]: Done  10 out of  10 | elapsed:    0.1s finished
[Parallel(n_jobs=32)]: Using backend LokyBackend with 32 concurrent workers.
[Parallel(n_jobs=32)]: Done 180 out of 180 | elapsed:    1.6s finished
[Parallel(n_jobs=32)]: Using backend LokyBackend with 32 concurrent workers.
[Parallel(n_jobs=32)]: Done 180 out of 180 | elapsed:    1.5s finished
[Parallel(n_jobs=32)]: Using backend LokyBackend with 32 concurrent workers.
[Parallel(n_jobs=32)]: Done 180 out of 180 | elapsed:    0.8s finished
[Parallel(n_jobs=32)]: Using backend LokyBackend with 32 concurrent workers.
[Parallel(n_jobs=32)]: Done 180 out of 180 | elapsed:    0.7s finished
[Parallel(n_jobs=32)]: Using backend LokyBackend with 32 concurrent workers.
[Parallel(n_jobs=32)]: Done   2 out of  10 | elapsed:    0.0s remaining:    0.2s
[Parallel(n_jobs=32)]: Done  10 out of  10 | elapsed:    0.1s finished
[Parallel(n_jobs=32)]: Using backend LokyBackend with 32 concurrent workers.
[Parallel(n_jobs=32)]: Done   2 out of  10 | elapsed:    0.0s remaining:    0.2s
[Parallel(n_jobs=32)]: Done  10 out of  10 | elapsed:    0.1s finished
[Parallel(n_jobs=32)]: Using backend LokyBackend with 32 concurrent workers.
[Parallel(n_jobs=32)]: Done 180 out of 180 | elapsed:    1.6s finished
[Parallel(n_jobs=32)]: Using backend LokyBackend with 32 concurrent workers.
[Parallel(n_jobs=32)]: Done 180 out of 180 | elapsed:    1.6s finished
[Parallel(n_jobs=32)]: Using backend LokyBackend with 32 concurrent workers.
[Parallel(n_jobs=32)]: Done 180 out of 180 | elapsed:    0.8s finished
[Parallel(n_jobs=32)]: Using backend LokyBackend with 32 concurrent workers.
[Parallel(n_jobs=32)]: Done 180 out of 180 | elapsed:    0.7s finished
[Parallel(n_jobs=32)]: Using backend LokyBackend with 32 concurrent workers.
[Parallel(n_jobs=32)]: Done   2 out of  10 | elapsed:    0.0s remaining:    0.1s
[Parallel(n_jobs=32)]: Done  10 out of  10 | elapsed:    0.1s finished
[Parallel(n_jobs=32)]: Using backend LokyBackend with 32 concurrent workers.
[Parallel(n_jobs=32)]: Done   2 out of  10 | elapsed:    0.0s remaining:    0.1s
[Parallel(n_jobs=32)]: Done  10 out of  10 | elapsed:    0.1s finished
[Parallel(n_jobs=32)]: Using backend LokyBackend with 32 concurrent workers.
[Parallel(n_jobs=32)]: Done 180 out of 180 | elapsed:    1.7s finished
[Parallel(n_jobs=32)]: Using backend LokyBackend with 32 concurrent workers.
[Parallel(n_jobs=32)]: Done 180 out of 180 | elapsed:    1.7s finished
[Parallel(n_jobs=32)]: Using backend LokyBackend with 32 concurrent workers.
[Parallel(n_jobs=32)]: Done 180 out of 180 | elapsed:    0.7s finished
[Parallel(n_jobs=32)]: Using backend LokyBackend with 32 concurrent workers.
[Parallel(n_jobs=32)]: Done 180 out of 180 | elapsed:    0.6s finished
[Parallel(n_jobs=32)]: Using backend LokyBackend with 32 concurrent workers.
[Parallel(n_jobs=32)]: Done   2 out of  10 | elapsed:    0.0s remaining:    0.2s
[Parallel(n_jobs=32)]: Done  10 out of  10 | elapsed:    0.1s finished
[Parallel(n_jobs=32)]: Using backend LokyBackend with 32 concurrent workers.
[Parallel(n_jobs=32)]: Done   2 out of  10 | elapsed:    0.0s remaining:    0.1s
[Parallel(n_jobs=32)]: Done  10 out of  10 | elapsed:    0.1s finished
[Parallel(n_jobs=32)]: Using backend LokyBackend with 32 concurrent workers.
[Parallel(n_jobs=32)]: Done 180 out of 180 | elapsed:    1.6s finished
[Parallel(n_jobs=32)]: Using backend LokyBackend with 32 concurrent workers.
[Parallel(n_jobs=32)]: Done 180 out of 180 | elapsed:    1.6s finished
[Parallel(n_jobs=32)]: Using backend LokyBackend with 32 concurrent workers.
[Parallel(n_jobs=32)]: Done 180 out of 180 | elapsed:    0.8s finished
[Parallel(n_jobs=32)]: Using backend LokyBackend with 32 concurrent workers.
[Parallel(n_jobs=32)]: Done 180 out of 180 | elapsed:    0.8s finished
[Parallel(n_jobs=32)]: Using backend LokyBackend with 32 concurrent workers.
[Parallel(n_jobs=32)]: Done   2 out of  10 | elapsed:    0.0s remaining:    0.2s
[Parallel(n_jobs=32)]: Done  10 out of  10 | elapsed:    0.1s finished
[Parallel(n_jobs=32)]: Using backend LokyBackend with 32 concurrent workers.
[Parallel(n_jobs=32)]: Done   2 out of  10 | elapsed:    0.0s remaining:    0.1s
[Parallel(n_jobs=32)]: Done  10 out of  10 | elapsed:    0.1s finished
[Parallel(n_jobs=32)]: Using backend LokyBackend with 32 concurrent workers.
[Parallel(n_jobs=32)]: Done 180 out of 180 | elapsed:    1.7s finished
[Parallel(n_jobs=32)]: Using backend LokyBackend with 32 concurrent workers.
[Parallel(n_jobs=32)]: Done 180 out of 180 | elapsed:    1.7s finished
[Parallel(n_jobs=32)]: Using backend LokyBackend with 32 concurrent workers.
[Parallel(n_jobs=32)]: Done 180 out of 180 | elapsed:    0.8s finished
[Parallel(n_jobs=32)]: Using backend LokyBackend with 32 concurrent workers.
[Parallel(n_jobs=32)]: Done 180 out of 180 | elapsed:    0.8s finished
[Parallel(n_jobs=32)]: Using backend LokyBackend with 32 concurrent workers.
[Parallel(n_jobs=32)]: Done   2 out of  10 | elapsed:    0.0s remaining:    0.2s
[Parallel(n_jobs=32)]: Done  10 out of  10 | elapsed:    0.1s finished
[Parallel(n_jobs=32)]: Using backend LokyBackend with 32 concurrent workers.
[Parallel(n_jobs=32)]: Done   2 out of  10 | elapsed:    0.0s remaining:    0.2s
[Parallel(n_jobs=32)]: Done  10 out of  10 | elapsed:    0.1s finished
[Parallel(n_jobs=32)]: Using backend LokyBackend with 32 concurrent workers.
[Parallel(n_jobs=32)]: Done 180 out of 180 | elapsed:    1.7s finished
[Parallel(n_jobs=32)]: Using backend LokyBackend with 32 concurrent workers.
[Parallel(n_jobs=32)]: Done 180 out of 180 | elapsed:    1.7s finished
[Parallel(n_jobs=32)]: Using backend LokyBackend with 32 concurrent workers.
[Parallel(n_jobs=32)]: Done 180 out of 180 | elapsed:    0.8s finished
[Parallel(n_jobs=32)]: Using backend LokyBackend with 32 concurrent workers.
[Parallel(n_jobs=32)]: Done 180 out of 180 | elapsed:    0.7s finished
[Parallel(n_jobs=32)]: Using backend LokyBackend with 32 concurrent workers.
[Parallel(n_jobs=32)]: Done   2 out of  10 | elapsed:    0.0s remaining:    0.2s
[Parallel(n_jobs=32)]: Done  10 out of  10 | elapsed:    0.1s finished
[Parallel(n_jobs=32)]: Using backend LokyBackend with 32 concurrent workers.
[Parallel(n_jobs=32)]: Done   2 out of  10 | elapsed:    0.0s remaining:    0.2s
[Parallel(n_jobs=32)]: Done  10 out of  10 | elapsed:    0.1s finished
[Parallel(n_jobs=32)]: Using backend LokyBackend with 32 concurrent workers.
[Parallel(n_jobs=32)]: Done 180 out of 180 | elapsed:    1.7s finished
[Parallel(n_jobs=32)]: Using backend LokyBackend with 32 concurrent workers.
[Parallel(n_jobs=32)]: Done 180 out of 180 | elapsed:    1.6s finished
[Parallel(n_jobs=32)]: Using backend LokyBackend with 32 concurrent workers.
[Parallel(n_jobs=32)]: Done 180 out of 180 | elapsed:    0.8s finished
[Parallel(n_jobs=32)]: Using backend LokyBackend with 32 concurrent workers.
[Parallel(n_jobs=32)]: Done 180 out of 180 | elapsed:    0.8s finished
[Parallel(n_jobs=32)]: Using backend LokyBackend with 32 concurrent workers.
[Parallel(n_jobs=32)]: Done   2 out of  10 | elapsed:    0.0s remaining:    0.2s
[Parallel(n_jobs=32)]: Done  10 out of  10 | elapsed:    0.1s finished
[Parallel(n_jobs=32)]: Using backend LokyBackend with 32 concurrent workers.
[Parallel(n_jobs=32)]: Done   2 out of  10 | elapsed:    0.0s remaining:    0.1s
[Parallel(n_jobs=32)]: Done  10 out of  10 | elapsed:    0.1s finished
[Parallel(n_jobs=32)]: Using backend LokyBackend with 32 concurrent workers.
[Parallel(n_jobs=32)]: Done 180 out of 180 | elapsed:    1.7s finished
[Parallel(n_jobs=32)]: Using backend LokyBackend with 32 concurrent workers.
[Parallel(n_jobs=32)]: Done 180 out of 180 | elapsed:    1.6s finished
[Parallel(n_jobs=32)]: Using backend LokyBackend with 32 concurrent workers.
[Parallel(n_jobs=32)]: Done 180 out of 180 | elapsed:    0.7s finished
[Parallel(n_jobs=32)]: Using backend LokyBackend with 32 concurrent workers.
[Parallel(n_jobs=32)]: Done 117 out of 180 | elapsed:    0.5s remaining:    0.2s
[Parallel(n_jobs=32)]: Done 180 out of 180 | elapsed:    0.7s finished
[Parallel(n_jobs=32)]: Using backend LokyBackend with 32 concurrent workers.
[Parallel(n_jobs=32)]: Done   2 out of  10 | elapsed:    0.0s remaining:    0.2s
[Parallel(n_jobs=32)]: Done  10 out of  10 | elapsed:    0.1s finished
[Parallel(n_jobs=32)]: Using backend LokyBackend with 32 concurrent workers.
[Parallel(n_jobs=32)]: Done   2 out of  10 | elapsed:    0.0s remaining:    0.1s
[Parallel(n_jobs=32)]: Done  10 out of  10 | elapsed:    0.1s finished
[Parallel(n_jobs=32)]: Using backend LokyBackend with 32 concurrent workers.
[Parallel(n_jobs=32)]: Done 180 out of 180 | elapsed:    1.7s finished
[Parallel(n_jobs=32)]: Using backend LokyBackend with 32 concurrent workers.
[Parallel(n_jobs=32)]: Done 180 out of 180 | elapsed:    1.7s finished
[Parallel(n_jobs=32)]: Using backend LokyBackend with 32 concurrent workers.
[Parallel(n_jobs=32)]: Done 180 out of 180 | elapsed:    0.9s finished
[Parallel(n_jobs=32)]: Using backend LokyBackend with 32 concurrent workers.
[Parallel(n_jobs=32)]: Done 180 out of 180 | elapsed:    0.8s finished
[Parallel(n_jobs=32)]: Using backend LokyBackend with 32 concurrent workers.
[Parallel(n_jobs=32)]: Done   2 out of  10 | elapsed:    0.0s remaining:    0.2s
[Parallel(n_jobs=32)]: Done  10 out of  10 | elapsed:    0.1s finished
[Parallel(n_jobs=32)]: Using backend LokyBackend with 32 concurrent workers.
[Parallel(n_jobs=32)]: Done   2 out of  10 | elapsed:    0.0s remaining:    0.1s
[Parallel(n_jobs=32)]: Done  10 out of  10 | elapsed:    0.1s finished
[Parallel(n_jobs=32)]: Using backend LokyBackend with 32 concurrent workers.
[Parallel(n_jobs=32)]: Done 117 out of 180 | elapsed:    1.3s remaining:    0.7s
[Parallel(n_jobs=32)]: Done 180 out of 180 | elapsed:    1.7s finished
[Parallel(n_jobs=32)]: Using backend LokyBackend with 32 concurrent workers.
[Parallel(n_jobs=32)]: Done 180 out of 180 | elapsed:    1.7s finished
[Parallel(n_jobs=32)]: Using backend LokyBackend with 32 concurrent workers.
[Parallel(n_jobs=32)]: Done 180 out of 180 | elapsed:    0.8s finished
[Parallel(n_jobs=32)]: Using backend LokyBackend with 32 concurrent workers.
[Parallel(n_jobs=32)]: Done 180 out of 180 | elapsed:    0.8s finished
[Parallel(n_jobs=32)]: Using backend LokyBackend with 32 concurrent workers.
[Parallel(n_jobs=32)]: Done   2 out of  10 | elapsed:    0.0s remaining:    0.2s
[Parallel(n_jobs=32)]: Done  10 out of  10 | elapsed:    0.1s finished
[Parallel(n_jobs=32)]: Using backend LokyBackend with 32 concurrent workers.
[Parallel(n_jobs=32)]: Done   2 out of  10 | elapsed:    0.0s remaining:    0.2s
[Parallel(n_jobs=32)]: Done  10 out of  10 | elapsed:    0.1s finished
[Parallel(n_jobs=32)]: Using backend LokyBackend with 32 concurrent workers.
[Parallel(n_jobs=32)]: Done 180 out of 180 | elapsed:    1.8s finished
[Parallel(n_jobs=32)]: Using backend LokyBackend with 32 concurrent workers.
[Parallel(n_jobs=32)]: Done 180 out of 180 | elapsed:    1.7s finished
[Parallel(n_jobs=32)]: Using backend LokyBackend with 32 concurrent workers.
[Parallel(n_jobs=32)]: Done 180 out of 180 | elapsed:    0.7s finished
[Parallel(n_jobs=32)]: Using backend LokyBackend with 32 concurrent workers.
[Parallel(n_jobs=32)]: Done 180 out of 180 | elapsed:    0.7s finished
[Parallel(n_jobs=32)]: Using backend LokyBackend with 32 concurrent workers.
[Parallel(n_jobs=32)]: Done   2 out of  10 | elapsed:    0.0s remaining:    0.2s
[Parallel(n_jobs=32)]: Done  10 out of  10 | elapsed:    0.1s finished
[Parallel(n_jobs=32)]: Using backend LokyBackend with 32 concurrent workers.
[Parallel(n_jobs=32)]: Done   2 out of  10 | elapsed:    0.0s remaining:    0.1s
[Parallel(n_jobs=32)]: Done  10 out of  10 | elapsed:    0.1s finished
[Parallel(n_jobs=32)]: Using backend LokyBackend with 32 concurrent workers.
[Parallel(n_jobs=32)]: Done 180 out of 180 | elapsed:    1.9s finished
[Parallel(n_jobs=32)]: Using backend LokyBackend with 32 concurrent workers.
[Parallel(n_jobs=32)]: Done 180 out of 180 | elapsed:    1.8s finished
[Parallel(n_jobs=32)]: Using backend LokyBackend with 32 concurrent workers.
[Parallel(n_jobs=32)]: Done 180 out of 180 | elapsed:    0.8s finished
[Parallel(n_jobs=32)]: Using backend LokyBackend with 32 concurrent workers.
[Parallel(n_jobs=32)]: Done 180 out of 180 | elapsed:    0.7s finished
[Parallel(n_jobs=32)]: Using backend LokyBackend with 32 concurrent workers.
[Parallel(n_jobs=32)]: Done   2 out of  10 | elapsed:    0.0s remaining:    0.2s
[Parallel(n_jobs=32)]: Done  10 out of  10 | elapsed:    0.1s finished
[Parallel(n_jobs=32)]: Using backend LokyBackend with 32 concurrent workers.
[Parallel(n_jobs=32)]: Done   2 out of  10 | elapsed:    0.0s remaining:    0.1s
[Parallel(n_jobs=32)]: Done  10 out of  10 | elapsed:    0.1s finished
[Parallel(n_jobs=32)]: Using backend LokyBackend with 32 concurrent workers.
[Parallel(n_jobs=32)]: Done 180 out of 180 | elapsed:    1.6s finished
[Parallel(n_jobs=32)]: Using backend LokyBackend with 32 concurrent workers.
[Parallel(n_jobs=32)]: Done 180 out of 180 | elapsed:    1.7s finished
[Parallel(n_jobs=32)]: Using backend LokyBackend with 32 concurrent workers.
[Parallel(n_jobs=32)]: Done 180 out of 180 | elapsed:    0.9s finished
[Parallel(n_jobs=32)]: Using backend LokyBackend with 32 concurrent workers.
[Parallel(n_jobs=32)]: Done 180 out of 180 | elapsed:    0.8s finished
[Parallel(n_jobs=32)]: Using backend LokyBackend with 32 concurrent workers.
[Parallel(n_jobs=32)]: Done   2 out of  10 | elapsed:    0.0s remaining:    0.1s
[Parallel(n_jobs=32)]: Done  10 out of  10 | elapsed:    0.1s finished
[Parallel(n_jobs=32)]: Using backend LokyBackend with 32 concurrent workers.
[Parallel(n_jobs=32)]: Done   2 out of  10 | elapsed:    0.0s remaining:    0.1s
[Parallel(n_jobs=32)]: Done  10 out of  10 | elapsed:    0.1s finished
[Parallel(n_jobs=32)]: Using backend LokyBackend with 32 concurrent workers.
[Parallel(n_jobs=32)]: Done 180 out of 180 | elapsed:    1.7s finished
[Parallel(n_jobs=32)]: Using backend LokyBackend with 32 concurrent workers.
[Parallel(n_jobs=32)]: Done 180 out of 180 | elapsed:    1.7s finished
[Parallel(n_jobs=32)]: Using backend LokyBackend with 32 concurrent workers.
[Parallel(n_jobs=32)]: Done 180 out of 180 | elapsed:    0.9s finished
[Parallel(n_jobs=32)]: Using backend LokyBackend with 32 concurrent workers.
[Parallel(n_jobs=32)]: Done 180 out of 180 | elapsed:    0.7s finished
[Parallel(n_jobs=32)]: Using backend LokyBackend with 32 concurrent workers.
[Parallel(n_jobs=32)]: Done   2 out of  10 | elapsed:    0.0s remaining:    0.2s
[Parallel(n_jobs=32)]: Done  10 out of  10 | elapsed:    0.1s finished
[Parallel(n_jobs=32)]: Using backend LokyBackend with 32 concurrent workers.
[Parallel(n_jobs=32)]: Done   2 out of  10 | elapsed:    0.0s remaining:    0.1s
[Parallel(n_jobs=32)]: Done  10 out of  10 | elapsed:    0.1s finished
[Parallel(n_jobs=32)]: Using backend LokyBackend with 32 concurrent workers.
[Parallel(n_jobs=32)]: Done 180 out of 180 | elapsed:    1.7s finished
[Parallel(n_jobs=32)]: Using backend LokyBackend with 32 concurrent workers.
[Parallel(n_jobs=32)]: Done 180 out of 180 | elapsed:    1.7s finished
[Parallel(n_jobs=32)]: Using backend LokyBackend with 32 concurrent workers.
[Parallel(n_jobs=32)]: Done 180 out of 180 | elapsed:    0.8s finished
[Parallel(n_jobs=32)]: Using backend LokyBackend with 32 concurrent workers.
[Parallel(n_jobs=32)]: Done 117 out of 180 | elapsed:    0.5s remaining:    0.3s
[Parallel(n_jobs=32)]: Done 180 out of 180 | elapsed:    0.7s finished
[Parallel(n_jobs=32)]: Using backend LokyBackend with 32 concurrent workers.
[Parallel(n_jobs=32)]: Done   2 out of  10 | elapsed:    0.0s remaining:    0.1s
[Parallel(n_jobs=32)]: Done  10 out of  10 | elapsed:    0.1s finished
[Parallel(n_jobs=32)]: Using backend LokyBackend with 32 concurrent workers.
[Parallel(n_jobs=32)]: Done   2 out of  10 | elapsed:    0.0s remaining:    0.1s
[Parallel(n_jobs=32)]: Done  10 out of  10 | elapsed:    0.1s finished
[Parallel(n_jobs=32)]: Using backend LokyBackend with 32 concurrent workers.
[Parallel(n_jobs=32)]: Done 180 out of 180 | elapsed:    1.7s finished
[Parallel(n_jobs=32)]: Using backend LokyBackend with 32 concurrent workers.
[Parallel(n_jobs=32)]: Done 180 out of 180 | elapsed:    1.6s finished
[Parallel(n_jobs=32)]: Using backend LokyBackend with 32 concurrent workers.
[Parallel(n_jobs=32)]: Done 180 out of 180 | elapsed:    0.8s finished
[Parallel(n_jobs=32)]: Using backend LokyBackend with 32 concurrent workers.
[Parallel(n_jobs=32)]: Done 180 out of 180 | elapsed:    0.8s finished
[Parallel(n_jobs=32)]: Using backend LokyBackend with 32 concurrent workers.
[Parallel(n_jobs=32)]: Done   2 out of  10 | elapsed:    0.0s remaining:    0.2s
[Parallel(n_jobs=32)]: Done  10 out of  10 | elapsed:    0.1s finished
[Parallel(n_jobs=32)]: Using backend LokyBackend with 32 concurrent workers.
[Parallel(n_jobs=32)]: Done   2 out of  10 | elapsed:    0.0s remaining:    0.2s
[Parallel(n_jobs=32)]: Done  10 out of  10 | elapsed:    0.1s finished
[Parallel(n_jobs=32)]: Using backend LokyBackend with 32 concurrent workers.
[Parallel(n_jobs=32)]: Done 180 out of 180 | elapsed:    1.7s finished
[Parallel(n_jobs=32)]: Using backend LokyBackend with 32 concurrent workers.
[Parallel(n_jobs=32)]: Done 180 out of 180 | elapsed:    1.8s finished
[Parallel(n_jobs=32)]: Using backend LokyBackend with 32 concurrent workers.
[Parallel(n_jobs=32)]: Done 117 out of 180 | elapsed:    0.6s remaining:    0.3s
[Parallel(n_jobs=32)]: Done 180 out of 180 | elapsed:    0.8s finished
[Parallel(n_jobs=32)]: Using backend LokyBackend with 32 concurrent workers.
[Parallel(n_jobs=32)]: Done 180 out of 180 | elapsed:    0.7s finished
[Parallel(n_jobs=32)]: Using backend LokyBackend with 32 concurrent workers.
[Parallel(n_jobs=32)]: Done   2 out of  10 | elapsed:    0.0s remaining:    0.2s
[Parallel(n_jobs=32)]: Done  10 out of  10 | elapsed:    0.1s finished
[Parallel(n_jobs=32)]: Using backend LokyBackend with 32 concurrent workers.
[Parallel(n_jobs=32)]: Done   2 out of  10 | elapsed:    0.0s remaining:    0.1s
[Parallel(n_jobs=32)]: Done  10 out of  10 | elapsed:    0.1s finished
[Parallel(n_jobs=32)]: Using backend LokyBackend with 32 concurrent workers.
[Parallel(n_jobs=32)]: Done 180 out of 180 | elapsed:    1.7s finished
[Parallel(n_jobs=32)]: Using backend LokyBackend with 32 concurrent workers.
[Parallel(n_jobs=32)]: Done 180 out of 180 | elapsed:    1.8s finished
[Parallel(n_jobs=32)]: Using backend LokyBackend with 32 concurrent workers.
[Parallel(n_jobs=32)]: Done 180 out of 180 | elapsed:    0.9s finished
[Parallel(n_jobs=32)]: Using backend LokyBackend with 32 concurrent workers.
[Parallel(n_jobs=32)]: Done 180 out of 180 | elapsed:    0.9s finished
[Parallel(n_jobs=32)]: Using backend LokyBackend with 32 concurrent workers.
[Parallel(n_jobs=32)]: Done   2 out of  10 | elapsed:    0.0s remaining:    0.2s
[Parallel(n_jobs=32)]: Done  10 out of  10 | elapsed:    0.1s finished
[Parallel(n_jobs=32)]: Using backend LokyBackend with 32 concurrent workers.
[Parallel(n_jobs=32)]: Done   2 out of  10 | elapsed:    0.0s remaining:    0.2s
[Parallel(n_jobs=32)]: Done  10 out of  10 | elapsed:    0.1s finished
[Parallel(n_jobs=32)]: Using backend LokyBackend with 32 concurrent workers.
[Parallel(n_jobs=32)]: Done 180 out of 180 | elapsed:    1.8s finished
[Parallel(n_jobs=32)]: Using backend LokyBackend with 32 concurrent workers.
[Parallel(n_jobs=32)]: Done 180 out of 180 | elapsed:    1.7s finished
[Parallel(n_jobs=32)]: Using backend LokyBackend with 32 concurrent workers.
[Parallel(n_jobs=32)]: Done 180 out of 180 | elapsed:    0.8s finished
[Parallel(n_jobs=32)]: Using backend LokyBackend with 32 concurrent workers.
[Parallel(n_jobs=32)]: Done 180 out of 180 | elapsed:    0.8s finished
[Parallel(n_jobs=32)]: Using backend LokyBackend with 32 concurrent workers.
[Parallel(n_jobs=32)]: Done   2 out of  10 | elapsed:    0.0s remaining:    0.2s
[Parallel(n_jobs=32)]: Done  10 out of  10 | elapsed:    0.1s finished
[Parallel(n_jobs=32)]: Using backend LokyBackend with 32 concurrent workers.
[Parallel(n_jobs=32)]: Done   2 out of  10 | elapsed:    0.0s remaining:    0.2s
[Parallel(n_jobs=32)]: Done  10 out of  10 | elapsed:    0.1s finished
[Parallel(n_jobs=32)]: Using backend LokyBackend with 32 concurrent workers.
[Parallel(n_jobs=32)]: Done 180 out of 180 | elapsed:    1.7s finished
[Parallel(n_jobs=32)]: Using backend LokyBackend with 32 concurrent workers.
[Parallel(n_jobs=32)]: Done 180 out of 180 | elapsed:    1.6s finished
[Parallel(n_jobs=32)]: Using backend LokyBackend with 32 concurrent workers.
[Parallel(n_jobs=32)]: Done 180 out of 180 | elapsed:    0.8s finished
[Parallel(n_jobs=32)]: Using backend LokyBackend with 32 concurrent workers.
[Parallel(n_jobs=32)]: Done 117 out of 180 | elapsed:    0.5s remaining:    0.3s
[Parallel(n_jobs=32)]: Done 180 out of 180 | elapsed:    0.7s finished
[Parallel(n_jobs=32)]: Using backend LokyBackend with 32 concurrent workers.
[Parallel(n_jobs=32)]: Done   2 out of  10 | elapsed:    0.0s remaining:    0.1s
[Parallel(n_jobs=32)]: Done  10 out of  10 | elapsed:    0.1s finished
[Parallel(n_jobs=32)]: Using backend LokyBackend with 32 concurrent workers.
[Parallel(n_jobs=32)]: Done   2 out of  10 | elapsed:    0.0s remaining:    0.2s
[Parallel(n_jobs=32)]: Done  10 out of  10 | elapsed:    0.1s finished
[Parallel(n_jobs=32)]: Using backend LokyBackend with 32 concurrent workers.
[Parallel(n_jobs=32)]: Done 180 out of 180 | elapsed:    1.6s finished
[Parallel(n_jobs=32)]: Using backend LokyBackend with 32 concurrent workers.
[Parallel(n_jobs=32)]: Done 180 out of 180 | elapsed:    1.5s finished
[Parallel(n_jobs=32)]: Using backend LokyBackend with 32 concurrent workers.
[Parallel(n_jobs=32)]: Done 180 out of 180 | elapsed:    0.8s finished
[Parallel(n_jobs=32)]: Using backend LokyBackend with 32 concurrent workers.
[Parallel(n_jobs=32)]: Done 180 out of 180 | elapsed:    0.9s finished
[Parallel(n_jobs=32)]: Using backend LokyBackend with 32 concurrent workers.
[Parallel(n_jobs=32)]: Done   2 out of  10 | elapsed:    0.0s remaining:    0.2s
[Parallel(n_jobs=32)]: Done  10 out of  10 | elapsed:    0.1s finished
[Parallel(n_jobs=32)]: Using backend LokyBackend with 32 concurrent workers.
[Parallel(n_jobs=32)]: Done   2 out of  10 | elapsed:    0.0s remaining:    0.1s
[Parallel(n_jobs=32)]: Done  10 out of  10 | elapsed:    0.1s finished
[Parallel(n_jobs=32)]: Using backend LokyBackend with 32 concurrent workers.
[Parallel(n_jobs=32)]: Done 180 out of 180 | elapsed:    1.7s finished
[Parallel(n_jobs=32)]: Using backend LokyBackend with 32 concurrent workers.
[Parallel(n_jobs=32)]: Done 180 out of 180 | elapsed:    1.7s finished
[Parallel(n_jobs=32)]: Using backend LokyBackend with 32 concurrent workers.
[Parallel(n_jobs=32)]: Done 180 out of 180 | elapsed:    0.8s finished
[Parallel(n_jobs=32)]: Using backend LokyBackend with 32 concurrent workers.
[Parallel(n_jobs=32)]: Done 180 out of 180 | elapsed:    0.8s finished
[Parallel(n_jobs=32)]: Using backend LokyBackend with 32 concurrent workers.
[Parallel(n_jobs=32)]: Done   2 out of  10 | elapsed:    0.0s remaining:    0.2s
[Parallel(n_jobs=32)]: Done  10 out of  10 | elapsed:    0.1s finished
[Parallel(n_jobs=32)]: Using backend LokyBackend with 32 concurrent workers.
[Parallel(n_jobs=32)]: Done   2 out of  10 | elapsed:    0.0s remaining:    0.1s
[Parallel(n_jobs=32)]: Done  10 out of  10 | elapsed:    0.1s finished
[Parallel(n_jobs=32)]: Using backend LokyBackend with 32 concurrent workers.
[Parallel(n_jobs=32)]: Done 180 out of 180 | elapsed:    1.8s finished
[Parallel(n_jobs=32)]: Using backend LokyBackend with 32 concurrent workers.
[Parallel(n_jobs=32)]: Done 180 out of 180 | elapsed:    1.7s finished
[Parallel(n_jobs=32)]: Using backend LokyBackend with 32 concurrent workers.
[Parallel(n_jobs=32)]: Done 180 out of 180 | elapsed:    0.8s finished
[Parallel(n_jobs=32)]: Using backend LokyBackend with 32 concurrent workers.
[Parallel(n_jobs=32)]: Done 180 out of 180 | elapsed:    0.7s finished
[Parallel(n_jobs=32)]: Using backend LokyBackend with 32 concurrent workers.
[Parallel(n_jobs=32)]: Done   2 out of  10 | elapsed:    0.0s remaining:    0.2s
[Parallel(n_jobs=32)]: Done  10 out of  10 | elapsed:    0.1s finished
[Parallel(n_jobs=32)]: Using backend LokyBackend with 32 concurrent workers.
[Parallel(n_jobs=32)]: Done   2 out of  10 | elapsed:    0.0s remaining:    0.1s
[Parallel(n_jobs=32)]: Done  10 out of  10 | elapsed:    0.1s finished
[Parallel(n_jobs=32)]: Using backend LokyBackend with 32 concurrent workers.
[Parallel(n_jobs=32)]: Done 180 out of 180 | elapsed:    1.9s finished
[Parallel(n_jobs=32)]: Using backend LokyBackend with 32 concurrent workers.
[Parallel(n_jobs=32)]: Done 180 out of 180 | elapsed:    1.6s finished
[Parallel(n_jobs=32)]: Using backend LokyBackend with 32 concurrent workers.
[Parallel(n_jobs=32)]: Done 180 out of 180 | elapsed:    0.8s finished
[Parallel(n_jobs=32)]: Using backend LokyBackend with 32 concurrent workers.
[Parallel(n_jobs=32)]: Done 180 out of 180 | elapsed:    0.7s finished
[Parallel(n_jobs=32)]: Using backend LokyBackend with 32 concurrent workers.
[Parallel(n_jobs=32)]: Done   2 out of  10 | elapsed:    0.0s remaining:    0.2s
[Parallel(n_jobs=32)]: Done  10 out of  10 | elapsed:    0.1s finished
[Parallel(n_jobs=32)]: Using backend LokyBackend with 32 concurrent workers.
[Parallel(n_jobs=32)]: Done   2 out of  10 | elapsed:    0.0s remaining:    0.1s
[Parallel(n_jobs=32)]: Done  10 out of  10 | elapsed:    0.1s finished
[Parallel(n_jobs=32)]: Using backend LokyBackend with 32 concurrent workers.
[Parallel(n_jobs=32)]: Done 180 out of 180 | elapsed:    1.9s finished
[Parallel(n_jobs=32)]: Using backend LokyBackend with 32 concurrent workers.
[Parallel(n_jobs=32)]: Done 180 out of 180 | elapsed:    1.7s finished
[Parallel(n_jobs=32)]: Using backend LokyBackend with 32 concurrent workers.
[Parallel(n_jobs=32)]: Done 180 out of 180 | elapsed:    0.8s finished
[Parallel(n_jobs=32)]: Using backend LokyBackend with 32 concurrent workers.
[Parallel(n_jobs=32)]: Done 180 out of 180 | elapsed:    0.7s finished
[Parallel(n_jobs=32)]: Using backend LokyBackend with 32 concurrent workers.
[Parallel(n_jobs=32)]: Done   2 out of  10 | elapsed:    0.0s remaining:    0.2s
[Parallel(n_jobs=32)]: Done  10 out of  10 | elapsed:    0.1s finished
[Parallel(n_jobs=32)]: Using backend LokyBackend with 32 concurrent workers.
[Parallel(n_jobs=32)]: Done   2 out of  10 | elapsed:    0.0s remaining:    0.1s
[Parallel(n_jobs=32)]: Done  10 out of  10 | elapsed:    0.1s finished
[Parallel(n_jobs=32)]: Using backend LokyBackend with 32 concurrent workers.
[Parallel(n_jobs=32)]: Done 180 out of 180 | elapsed:    1.7s finished
[Parallel(n_jobs=32)]: Using backend LokyBackend with 32 concurrent workers.
[Parallel(n_jobs=32)]: Done 180 out of 180 | elapsed:    1.7s finished
[Parallel(n_jobs=32)]: Using backend LokyBackend with 32 concurrent workers.
[Parallel(n_jobs=32)]: Done 180 out of 180 | elapsed:    0.8s finished
[Parallel(n_jobs=32)]: Using backend LokyBackend with 32 concurrent workers.
[Parallel(n_jobs=32)]: Done 180 out of 180 | elapsed:    0.7s finished
[Parallel(n_jobs=32)]: Using backend LokyBackend with 32 concurrent workers.
[Parallel(n_jobs=32)]: Done   2 out of  10 | elapsed:    0.0s remaining:    0.2s
[Parallel(n_jobs=32)]: Done  10 out of  10 | elapsed:    0.1s finished
[Parallel(n_jobs=32)]: Using backend LokyBackend with 32 concurrent workers.
[Parallel(n_jobs=32)]: Done   2 out of  10 | elapsed:    0.0s remaining:    0.1s
[Parallel(n_jobs=32)]: Done  10 out of  10 | elapsed:    0.1s finished
[Parallel(n_jobs=32)]: Using backend LokyBackend with 32 concurrent workers.
[Parallel(n_jobs=32)]: Done 180 out of 180 | elapsed:    1.7s finished
[Parallel(n_jobs=32)]: Using backend LokyBackend with 32 concurrent workers.
[Parallel(n_jobs=32)]: Done 180 out of 180 | elapsed:    1.7s finished
[Parallel(n_jobs=32)]: Using backend LokyBackend with 32 concurrent workers.
[Parallel(n_jobs=32)]: Done 180 out of 180 | elapsed:    0.8s finished
[Parallel(n_jobs=32)]: Using backend LokyBackend with 32 concurrent workers.
[Parallel(n_jobs=32)]: Done 180 out of 180 | elapsed:    0.8s finished
[Parallel(n_jobs=32)]: Using backend LokyBackend with 32 concurrent workers.
[Parallel(n_jobs=32)]: Done   2 out of  10 | elapsed:    0.0s remaining:    0.2s
[Parallel(n_jobs=32)]: Done  10 out of  10 | elapsed:    0.1s finished
[Parallel(n_jobs=32)]: Using backend LokyBackend with 32 concurrent workers.
[Parallel(n_jobs=32)]: Done   2 out of  10 | elapsed:    0.0s remaining:    0.2s
[Parallel(n_jobs=32)]: Done  10 out of  10 | elapsed:    0.1s finished
[Parallel(n_jobs=32)]: Using backend LokyBackend with 32 concurrent workers.
[Parallel(n_jobs=32)]: Done 180 out of 180 | elapsed:    1.8s finished
[Parallel(n_jobs=32)]: Using backend LokyBackend with 32 concurrent workers.
[Parallel(n_jobs=32)]: Done 180 out of 180 | elapsed:    1.7s finished
[Parallel(n_jobs=32)]: Using backend LokyBackend with 32 concurrent workers.
[Parallel(n_jobs=32)]: Done 180 out of 180 | elapsed:    0.8s finished
[Parallel(n_jobs=32)]: Using backend LokyBackend with 32 concurrent workers.
[Parallel(n_jobs=32)]: Done 180 out of 180 | elapsed:    0.8s finished
[Parallel(n_jobs=32)]: Using backend LokyBackend with 32 concurrent workers.
[Parallel(n_jobs=32)]: Done   2 out of  10 | elapsed:    0.0s remaining:    0.2s
[Parallel(n_jobs=32)]: Done  10 out of  10 | elapsed:    0.1s finished
[Parallel(n_jobs=32)]: Using backend LokyBackend with 32 concurrent workers.
[Parallel(n_jobs=32)]: Done   2 out of  10 | elapsed:    0.0s remaining:    0.2s
[Parallel(n_jobs=32)]: Done  10 out of  10 | elapsed:    0.1s finished
[Parallel(n_jobs=32)]: Using backend LokyBackend with 32 concurrent workers.
[Parallel(n_jobs=32)]: Done 180 out of 180 | elapsed:    1.7s finished
[Parallel(n_jobs=32)]: Using backend LokyBackend with 32 concurrent workers.
[Parallel(n_jobs=32)]: Done 180 out of 180 | elapsed:    1.7s finished
[Parallel(n_jobs=32)]: Using backend LokyBackend with 32 concurrent workers.
[Parallel(n_jobs=32)]: Done 180 out of 180 | elapsed:    0.8s finished
[Parallel(n_jobs=32)]: Using backend LokyBackend with 32 concurrent workers.
[Parallel(n_jobs=32)]: Done 180 out of 180 | elapsed:    0.7s finished
[Parallel(n_jobs=32)]: Using backend LokyBackend with 32 concurrent workers.
[Parallel(n_jobs=32)]: Done   2 out of  10 | elapsed:    0.0s remaining:    0.2s
[Parallel(n_jobs=32)]: Done  10 out of  10 | elapsed:    0.1s finished
[Parallel(n_jobs=32)]: Using backend LokyBackend with 32 concurrent workers.
[Parallel(n_jobs=32)]: Done   2 out of  10 | elapsed:    0.0s remaining:    0.1s
[Parallel(n_jobs=32)]: Done  10 out of  10 | elapsed:    0.1s finished
[Parallel(n_jobs=32)]: Using backend LokyBackend with 32 concurrent workers.
[Parallel(n_jobs=32)]: Done 180 out of 180 | elapsed:    1.8s finished
[Parallel(n_jobs=32)]: Using backend LokyBackend with 32 concurrent workers.
[Parallel(n_jobs=32)]: Done 180 out of 180 | elapsed:    1.7s finished
[Parallel(n_jobs=32)]: Using backend LokyBackend with 32 concurrent workers.
[Parallel(n_jobs=32)]: Done 180 out of 180 | elapsed:    0.8s finished
[Parallel(n_jobs=32)]: Using backend LokyBackend with 32 concurrent workers.
[Parallel(n_jobs=32)]: Done 180 out of 180 | elapsed:    0.7s finished
[Parallel(n_jobs=32)]: Using backend LokyBackend with 32 concurrent workers.
[Parallel(n_jobs=32)]: Done   2 out of  10 | elapsed:    0.0s remaining:    0.2s
[Parallel(n_jobs=32)]: Done  10 out of  10 | elapsed:    0.1s finished
[Parallel(n_jobs=32)]: Using backend LokyBackend with 32 concurrent workers.
[Parallel(n_jobs=32)]: Done   2 out of  10 | elapsed:    0.0s remaining:    0.1s
[Parallel(n_jobs=32)]: Done  10 out of  10 | elapsed:    0.1s finished
[Parallel(n_jobs=32)]: Using backend LokyBackend with 32 concurrent workers.
[Parallel(n_jobs=32)]: Done 180 out of 180 | elapsed:    1.7s finished
[Parallel(n_jobs=32)]: Using backend LokyBackend with 32 concurrent workers.
[Parallel(n_jobs=32)]: Done 180 out of 180 | elapsed:    1.6s finished
[Parallel(n_jobs=32)]: Using backend LokyBackend with 32 concurrent workers.
[Parallel(n_jobs=32)]: Done 180 out of 180 | elapsed:    0.8s finished
[Parallel(n_jobs=32)]: Using backend LokyBackend with 32 concurrent workers.
[Parallel(n_jobs=32)]: Done 180 out of 180 | elapsed:    0.7s finished
[Parallel(n_jobs=32)]: Using backend LokyBackend with 32 concurrent workers.
[Parallel(n_jobs=32)]: Done   2 out of  10 | elapsed:    0.0s remaining:    0.2s
[Parallel(n_jobs=32)]: Done  10 out of  10 | elapsed:    0.1s finished
[Parallel(n_jobs=32)]: Using backend LokyBackend with 32 concurrent workers.
[Parallel(n_jobs=32)]: Done   2 out of  10 | elapsed:    0.0s remaining:    0.1s
[Parallel(n_jobs=32)]: Done  10 out of  10 | elapsed:    0.1s finished
[Parallel(n_jobs=32)]: Using backend LokyBackend with 32 concurrent workers.
[Parallel(n_jobs=32)]: Done 180 out of 180 | elapsed:    1.8s finished
[Parallel(n_jobs=32)]: Using backend LokyBackend with 32 concurrent workers.
[Parallel(n_jobs=32)]: Done 180 out of 180 | elapsed:    1.8s finished
[Parallel(n_jobs=32)]: Using backend LokyBackend with 32 concurrent workers.
[Parallel(n_jobs=32)]: Done 180 out of 180 | elapsed:    0.8s finished
[Parallel(n_jobs=32)]: Using backend LokyBackend with 32 concurrent workers.
[Parallel(n_jobs=32)]: Done 180 out of 180 | elapsed:    0.8s finished
[Parallel(n_jobs=32)]: Using backend LokyBackend with 32 concurrent workers.
[Parallel(n_jobs=32)]: Done   2 out of  10 | elapsed:    0.0s remaining:    0.2s
[Parallel(n_jobs=32)]: Done  10 out of  10 | elapsed:    0.1s finished
[Parallel(n_jobs=32)]: Using backend LokyBackend with 32 concurrent workers.
[Parallel(n_jobs=32)]: Done   2 out of  10 | elapsed:    0.0s remaining:    0.1s
[Parallel(n_jobs=32)]: Done  10 out of  10 | elapsed:    0.1s finished
[Parallel(n_jobs=32)]: Using backend LokyBackend with 32 concurrent workers.
[Parallel(n_jobs=32)]: Done 180 out of 180 | elapsed:    1.6s finished
[Parallel(n_jobs=32)]: Using backend LokyBackend with 32 concurrent workers.
[Parallel(n_jobs=32)]: Done 180 out of 180 | elapsed:    1.7s finished
[Parallel(n_jobs=32)]: Using backend LokyBackend with 32 concurrent workers.
[Parallel(n_jobs=32)]: Done 180 out of 180 | elapsed:    0.8s finished
[Parallel(n_jobs=32)]: Using backend LokyBackend with 32 concurrent workers.
[Parallel(n_jobs=32)]: Done 180 out of 180 | elapsed:    0.8s finished
[Parallel(n_jobs=32)]: Using backend LokyBackend with 32 concurrent workers.
[Parallel(n_jobs=32)]: Done   2 out of  10 | elapsed:    0.0s remaining:    0.2s
[Parallel(n_jobs=32)]: Done  10 out of  10 | elapsed:    0.1s finished
[Parallel(n_jobs=32)]: Using backend LokyBackend with 32 concurrent workers.
[Parallel(n_jobs=32)]: Done   2 out of  10 | elapsed:    0.0s remaining:    0.1s
[Parallel(n_jobs=32)]: Done  10 out of  10 | elapsed:    0.1s finished
[Parallel(n_jobs=32)]: Using backend LokyBackend with 32 concurrent workers.
[Parallel(n_jobs=32)]: Done 180 out of 180 | elapsed:    1.7s finished
[Parallel(n_jobs=32)]: Using backend LokyBackend with 32 concurrent workers.
[Parallel(n_jobs=32)]: Done 180 out of 180 | elapsed:    1.7s finished
[Parallel(n_jobs=32)]: Using backend LokyBackend with 32 concurrent workers.
[Parallel(n_jobs=32)]: Done 180 out of 180 | elapsed:    0.8s finished
[Parallel(n_jobs=32)]: Using backend LokyBackend with 32 concurrent workers.
[Parallel(n_jobs=32)]: Done 180 out of 180 | elapsed:    0.8s finished
[Parallel(n_jobs=32)]: Using backend LokyBackend with 32 concurrent workers.
[Parallel(n_jobs=32)]: Done   2 out of  10 | elapsed:    0.0s remaining:    0.2s
[Parallel(n_jobs=32)]: Done  10 out of  10 | elapsed:    0.1s finished
[Parallel(n_jobs=32)]: Using backend LokyBackend with 32 concurrent workers.
[Parallel(n_jobs=32)]: Done   2 out of  10 | elapsed:    0.0s remaining:    0.1s
[Parallel(n_jobs=32)]: Done  10 out of  10 | elapsed:    0.1s finished
[Parallel(n_jobs=32)]: Using backend LokyBackend with 32 concurrent workers.
[Parallel(n_jobs=32)]: Done 180 out of 180 | elapsed:    1.8s finished
[Parallel(n_jobs=32)]: Using backend LokyBackend with 32 concurrent workers.
[Parallel(n_jobs=32)]: Done 180 out of 180 | elapsed:    1.7s finished
[Parallel(n_jobs=32)]: Using backend LokyBackend with 32 concurrent workers.
[Parallel(n_jobs=32)]: Done 180 out of 180 | elapsed:    0.7s finished
[Parallel(n_jobs=32)]: Using backend LokyBackend with 32 concurrent workers.
[Parallel(n_jobs=32)]: Done 180 out of 180 | elapsed:    0.7s finished
[Parallel(n_jobs=32)]: Using backend LokyBackend with 32 concurrent workers.
[Parallel(n_jobs=32)]: Done   2 out of  10 | elapsed:    0.0s remaining:    0.2s
[Parallel(n_jobs=32)]: Done  10 out of  10 | elapsed:    0.1s finished
[Parallel(n_jobs=32)]: Using backend LokyBackend with 32 concurrent workers.
[Parallel(n_jobs=32)]: Done   2 out of  10 | elapsed:    0.0s remaining:    0.2s
[Parallel(n_jobs=32)]: Done  10 out of  10 | elapsed:    0.1s finished
[Parallel(n_jobs=32)]: Using backend LokyBackend with 32 concurrent workers.
[Parallel(n_jobs=32)]: Done 180 out of 180 | elapsed:    1.7s finished
[Parallel(n_jobs=32)]: Using backend LokyBackend with 32 concurrent workers.
[Parallel(n_jobs=32)]: Done 180 out of 180 | elapsed:    1.6s finished
[Parallel(n_jobs=32)]: Using backend LokyBackend with 32 concurrent workers.
[Parallel(n_jobs=32)]: Done 117 out of 180 | elapsed:    0.5s remaining:    0.3s
[Parallel(n_jobs=32)]: Done 180 out of 180 | elapsed:    0.8s finished
[Parallel(n_jobs=32)]: Using backend LokyBackend with 32 concurrent workers.
[Parallel(n_jobs=32)]: Done 117 out of 180 | elapsed:    0.5s remaining:    0.3s
[Parallel(n_jobs=32)]: Done 180 out of 180 | elapsed:    0.8s finished
[Parallel(n_jobs=32)]: Using backend LokyBackend with 32 concurrent workers.
[Parallel(n_jobs=32)]: Done   2 out of  10 | elapsed:    0.0s remaining:    0.2s
[Parallel(n_jobs=32)]: Done  10 out of  10 | elapsed:    0.1s finished
[Parallel(n_jobs=32)]: Using backend LokyBackend with 32 concurrent workers.
[Parallel(n_jobs=32)]: Done   2 out of  10 | elapsed:    0.0s remaining:    0.1s
[Parallel(n_jobs=32)]: Done  10 out of  10 | elapsed:    0.1s finished
[Parallel(n_jobs=32)]: Using backend LokyBackend with 32 concurrent workers.
[Parallel(n_jobs=32)]: Done 180 out of 180 | elapsed:    1.8s finished
[Parallel(n_jobs=32)]: Using backend LokyBackend with 32 concurrent workers.
[Parallel(n_jobs=32)]: Done 180 out of 180 | elapsed:    1.7s finished
[Parallel(n_jobs=32)]: Using backend LokyBackend with 32 concurrent workers.
[Parallel(n_jobs=32)]: Done 180 out of 180 | elapsed:    0.8s finished
[Parallel(n_jobs=32)]: Using backend LokyBackend with 32 concurrent workers.
[Parallel(n_jobs=32)]: Done 180 out of 180 | elapsed:    0.7s finished
[Parallel(n_jobs=32)]: Using backend LokyBackend with 32 concurrent workers.
[Parallel(n_jobs=32)]: Done   2 out of  10 | elapsed:    0.0s remaining:    0.2s
[Parallel(n_jobs=32)]: Done  10 out of  10 | elapsed:    0.1s finished
[Parallel(n_jobs=32)]: Using backend LokyBackend with 32 concurrent workers.
[Parallel(n_jobs=32)]: Done   2 out of  10 | elapsed:    0.0s remaining:    0.1s
[Parallel(n_jobs=32)]: Done  10 out of  10 | elapsed:    0.1s finished
[Parallel(n_jobs=32)]: Using backend LokyBackend with 32 concurrent workers.
[Parallel(n_jobs=32)]: Done 180 out of 180 | elapsed:    1.7s finished
[Parallel(n_jobs=32)]: Using backend LokyBackend with 32 concurrent workers.
[Parallel(n_jobs=32)]: Done 180 out of 180 | elapsed:    1.7s finished
[Parallel(n_jobs=32)]: Using backend LokyBackend with 32 concurrent workers.
[Parallel(n_jobs=32)]: Done 180 out of 180 | elapsed:    0.9s finished
[Parallel(n_jobs=32)]: Using backend LokyBackend with 32 concurrent workers.
[Parallel(n_jobs=32)]: Done 180 out of 180 | elapsed:    0.8s finished
[Parallel(n_jobs=32)]: Using backend LokyBackend with 32 concurrent workers.
[Parallel(n_jobs=32)]: Done   2 out of  10 | elapsed:    0.0s remaining:    0.2s
[Parallel(n_jobs=32)]: Done  10 out of  10 | elapsed:    0.1s finished
[Parallel(n_jobs=32)]: Using backend LokyBackend with 32 concurrent workers.
[Parallel(n_jobs=32)]: Done   2 out of  10 | elapsed:    0.0s remaining:    0.1s
[Parallel(n_jobs=32)]: Done  10 out of  10 | elapsed:    0.1s finished
[Parallel(n_jobs=32)]: Using backend LokyBackend with 32 concurrent workers.
[Parallel(n_jobs=32)]: Done 180 out of 180 | elapsed:    1.7s finished
[Parallel(n_jobs=32)]: Using backend LokyBackend with 32 concurrent workers.
[Parallel(n_jobs=32)]: Done 180 out of 180 | elapsed:    1.7s finished
[Parallel(n_jobs=32)]: Using backend LokyBackend with 32 concurrent workers.
[Parallel(n_jobs=32)]: Done 180 out of 180 | elapsed:    0.8s finished
[Parallel(n_jobs=32)]: Using backend LokyBackend with 32 concurrent workers.
[Parallel(n_jobs=32)]: Done 180 out of 180 | elapsed:    0.8s finished
[Parallel(n_jobs=32)]: Using backend LokyBackend with 32 concurrent workers.
[Parallel(n_jobs=32)]: Done   2 out of  10 | elapsed:    0.0s remaining:    0.2s
[Parallel(n_jobs=32)]: Done  10 out of  10 | elapsed:    0.1s finished
[Parallel(n_jobs=32)]: Using backend LokyBackend with 32 concurrent workers.
[Parallel(n_jobs=32)]: Done   2 out of  10 | elapsed:    0.0s remaining:    0.1s
[Parallel(n_jobs=32)]: Done  10 out of  10 | elapsed:    0.1s finished
[Parallel(n_jobs=32)]: Using backend LokyBackend with 32 concurrent workers.
[Parallel(n_jobs=32)]: Done 180 out of 180 | elapsed:    1.7s finished
[Parallel(n_jobs=32)]: Using backend LokyBackend with 32 concurrent workers.
[Parallel(n_jobs=32)]: Done 180 out of 180 | elapsed:    1.7s finished
[Parallel(n_jobs=32)]: Using backend LokyBackend with 32 concurrent workers.
[Parallel(n_jobs=32)]: Done 180 out of 180 | elapsed:    0.8s finished
[Parallel(n_jobs=32)]: Using backend LokyBackend with 32 concurrent workers.
[Parallel(n_jobs=32)]: Done 180 out of 180 | elapsed:    0.7s finished
[Parallel(n_jobs=32)]: Using backend LokyBackend with 32 concurrent workers.
[Parallel(n_jobs=32)]: Done   2 out of  10 | elapsed:    0.0s remaining:    0.2s
[Parallel(n_jobs=32)]: Done  10 out of  10 | elapsed:    0.1s finished
[Parallel(n_jobs=32)]: Using backend LokyBackend with 32 concurrent workers.
[Parallel(n_jobs=32)]: Done   2 out of  10 | elapsed:    0.0s remaining:    0.1s
[Parallel(n_jobs=32)]: Done  10 out of  10 | elapsed:    0.1s finished
[Parallel(n_jobs=32)]: Using backend LokyBackend with 32 concurrent workers.
[Parallel(n_jobs=32)]: Done 180 out of 180 | elapsed:    1.7s finished
[Parallel(n_jobs=32)]: Using backend LokyBackend with 32 concurrent workers.
[Parallel(n_jobs=32)]: Done 180 out of 180 | elapsed:    1.7s finished
[Parallel(n_jobs=32)]: Using backend LokyBackend with 32 concurrent workers.
[Parallel(n_jobs=32)]: Done 180 out of 180 | elapsed:    0.8s finished
[Parallel(n_jobs=32)]: Using backend LokyBackend with 32 concurrent workers.
[Parallel(n_jobs=32)]: Done 180 out of 180 | elapsed:    0.7s finished
[Parallel(n_jobs=32)]: Using backend LokyBackend with 32 concurrent workers.
[Parallel(n_jobs=32)]: Done   2 out of  10 | elapsed:    0.0s remaining:    0.2s
[Parallel(n_jobs=32)]: Done  10 out of  10 | elapsed:    0.1s finished
[Parallel(n_jobs=32)]: Using backend LokyBackend with 32 concurrent workers.
[Parallel(n_jobs=32)]: Done   2 out of  10 | elapsed:    0.0s remaining:    0.1s
[Parallel(n_jobs=32)]: Done  10 out of  10 | elapsed:    0.1s finished
[Parallel(n_jobs=32)]: Using backend LokyBackend with 32 concurrent workers.
[Parallel(n_jobs=32)]: Done 180 out of 180 | elapsed:    1.7s finished
[Parallel(n_jobs=32)]: Using backend LokyBackend with 32 concurrent workers.
[Parallel(n_jobs=32)]: Done 180 out of 180 | elapsed:    1.8s finished
[Parallel(n_jobs=32)]: Using backend LokyBackend with 32 concurrent workers.
[Parallel(n_jobs=32)]: Done 180 out of 180 | elapsed:    0.8s finished
[Parallel(n_jobs=32)]: Using backend LokyBackend with 32 concurrent workers.
[Parallel(n_jobs=32)]: Done 180 out of 180 | elapsed:    0.8s finished
[Parallel(n_jobs=32)]: Using backend LokyBackend with 32 concurrent workers.
[Parallel(n_jobs=32)]: Done   2 out of  10 | elapsed:    0.0s remaining:    0.2s
[Parallel(n_jobs=32)]: Done  10 out of  10 | elapsed:    0.1s finished
[Parallel(n_jobs=32)]: Using backend LokyBackend with 32 concurrent workers.
[Parallel(n_jobs=32)]: Done   2 out of  10 | elapsed:    0.0s remaining:    0.1s
[Parallel(n_jobs=32)]: Done  10 out of  10 | elapsed:    0.1s finished
[Parallel(n_jobs=32)]: Using backend LokyBackend with 32 concurrent workers.
[Parallel(n_jobs=32)]: Done 180 out of 180 | elapsed:    1.8s finished
[Parallel(n_jobs=32)]: Using backend LokyBackend with 32 concurrent workers.
[Parallel(n_jobs=32)]: Done 180 out of 180 | elapsed:    1.7s finished
[Parallel(n_jobs=32)]: Using backend LokyBackend with 32 concurrent workers.
[Parallel(n_jobs=32)]: Done 180 out of 180 | elapsed:    0.8s finished
[Parallel(n_jobs=32)]: Using backend LokyBackend with 32 concurrent workers.
[Parallel(n_jobs=32)]: Done 180 out of 180 | elapsed:    0.8s finished
[Parallel(n_jobs=32)]: Using backend LokyBackend with 32 concurrent workers.
[Parallel(n_jobs=32)]: Done   2 out of  10 | elapsed:    0.0s remaining:    0.2s
[Parallel(n_jobs=32)]: Done  10 out of  10 | elapsed:    0.1s finished
[Parallel(n_jobs=32)]: Using backend LokyBackend with 32 concurrent workers.
[Parallel(n_jobs=32)]: Done   2 out of  10 | elapsed:    0.0s remaining:    0.2s
[Parallel(n_jobs=32)]: Done  10 out of  10 | elapsed:    0.1s finished
[Parallel(n_jobs=32)]: Using backend LokyBackend with 32 concurrent workers.
[Parallel(n_jobs=32)]: Done 180 out of 180 | elapsed:    1.7s finished
[Parallel(n_jobs=32)]: Using backend LokyBackend with 32 concurrent workers.
[Parallel(n_jobs=32)]: Done 180 out of 180 | elapsed:    1.7s finished
[Parallel(n_jobs=32)]: Using backend LokyBackend with 32 concurrent workers.
[Parallel(n_jobs=32)]: Done 180 out of 180 | elapsed:    0.8s finished
[Parallel(n_jobs=32)]: Using backend LokyBackend with 32 concurrent workers.
[Parallel(n_jobs=32)]: Done 180 out of 180 | elapsed:    0.9s finished
[Parallel(n_jobs=32)]: Using backend LokyBackend with 32 concurrent workers.
[Parallel(n_jobs=32)]: Done   2 out of  10 | elapsed:    0.0s remaining:    0.2s
[Parallel(n_jobs=32)]: Done  10 out of  10 | elapsed:    0.1s finished
[Parallel(n_jobs=32)]: Using backend LokyBackend with 32 concurrent workers.
[Parallel(n_jobs=32)]: Done   2 out of  10 | elapsed:    0.0s remaining:    0.1s
[Parallel(n_jobs=32)]: Done  10 out of  10 | elapsed:    0.1s finished
[Parallel(n_jobs=32)]: Using backend LokyBackend with 32 concurrent workers.
[Parallel(n_jobs=32)]: Done 180 out of 180 | elapsed:    1.7s finished
[Parallel(n_jobs=32)]: Using backend LokyBackend with 32 concurrent workers.
[Parallel(n_jobs=32)]: Done 180 out of 180 | elapsed:    1.6s finished
[Parallel(n_jobs=32)]: Using backend LokyBackend with 32 concurrent workers.
[Parallel(n_jobs=32)]: Done 180 out of 180 | elapsed:    0.8s finished
[Parallel(n_jobs=32)]: Using backend LokyBackend with 32 concurrent workers.
[Parallel(n_jobs=32)]: Done 180 out of 180 | elapsed:    1.0s finished
[Parallel(n_jobs=32)]: Using backend LokyBackend with 32 concurrent workers.
[Parallel(n_jobs=32)]: Done   2 out of  10 | elapsed:    0.0s remaining:    0.2s
[Parallel(n_jobs=32)]: Done  10 out of  10 | elapsed:    0.1s finished
[Parallel(n_jobs=32)]: Using backend LokyBackend with 32 concurrent workers.
[Parallel(n_jobs=32)]: Done   2 out of  10 | elapsed:    0.0s remaining:    0.1s
[Parallel(n_jobs=32)]: Done  10 out of  10 | elapsed:    0.1s finished
[Parallel(n_jobs=32)]: Using backend LokyBackend with 32 concurrent workers.
[Parallel(n_jobs=32)]: Done 180 out of 180 | elapsed:    1.7s finished
[Parallel(n_jobs=32)]: Using backend LokyBackend with 32 concurrent workers.
[Parallel(n_jobs=32)]: Done 180 out of 180 | elapsed:    1.8s finished
[Parallel(n_jobs=32)]: Using backend LokyBackend with 32 concurrent workers.
[Parallel(n_jobs=32)]: Done 180 out of 180 | elapsed:    1.1s finished
[Parallel(n_jobs=32)]: Using backend LokyBackend with 32 concurrent workers.
[Parallel(n_jobs=32)]: Done 180 out of 180 | elapsed:    0.8s finished
[Parallel(n_jobs=32)]: Using backend LokyBackend with 32 concurrent workers.
[Parallel(n_jobs=32)]: Done   2 out of  10 | elapsed:    0.0s remaining:    0.2s
[Parallel(n_jobs=32)]: Done  10 out of  10 | elapsed:    0.1s finished
[Parallel(n_jobs=32)]: Using backend LokyBackend with 32 concurrent workers.
[Parallel(n_jobs=32)]: Done   2 out of  10 | elapsed:    0.0s remaining:    0.1s
[Parallel(n_jobs=32)]: Done  10 out of  10 | elapsed:    0.1s finished
[Parallel(n_jobs=32)]: Using backend LokyBackend with 32 concurrent workers.
[Parallel(n_jobs=32)]: Done 180 out of 180 | elapsed:    1.7s finished
[Parallel(n_jobs=32)]: Using backend LokyBackend with 32 concurrent workers.
[Parallel(n_jobs=32)]: Done 180 out of 180 | elapsed:    1.7s finished
[Parallel(n_jobs=32)]: Using backend LokyBackend with 32 concurrent workers.
[Parallel(n_jobs=32)]: Done 180 out of 180 | elapsed:    0.8s finished
[Parallel(n_jobs=32)]: Using backend LokyBackend with 32 concurrent workers.
[Parallel(n_jobs=32)]: Done 180 out of 180 | elapsed:    0.7s finished
[Parallel(n_jobs=32)]: Using backend LokyBackend with 32 concurrent workers.
[Parallel(n_jobs=32)]: Done   2 out of  10 | elapsed:    0.0s remaining:    0.2s
[Parallel(n_jobs=32)]: Done  10 out of  10 | elapsed:    0.1s finished
[Parallel(n_jobs=32)]: Using backend LokyBackend with 32 concurrent workers.
[Parallel(n_jobs=32)]: Done   2 out of  10 | elapsed:    0.0s remaining:    0.1s
[Parallel(n_jobs=32)]: Done  10 out of  10 | elapsed:    0.1s finished
[Parallel(n_jobs=32)]: Using backend LokyBackend with 32 concurrent workers.
[Parallel(n_jobs=32)]: Done 180 out of 180 | elapsed:    1.7s finished
[Parallel(n_jobs=32)]: Using backend LokyBackend with 32 concurrent workers.
[Parallel(n_jobs=32)]: Done 180 out of 180 | elapsed:    1.6s finished
[Parallel(n_jobs=32)]: Using backend LokyBackend with 32 concurrent workers.
[Parallel(n_jobs=32)]: Done 180 out of 180 | elapsed:    0.8s finished
[Parallel(n_jobs=32)]: Using backend LokyBackend with 32 concurrent workers.
[Parallel(n_jobs=32)]: Done 180 out of 180 | elapsed:    0.8s finished
[Parallel(n_jobs=32)]: Using backend LokyBackend with 32 concurrent workers.
[Parallel(n_jobs=32)]: Done   2 out of  10 | elapsed:    0.0s remaining:    0.2s
[Parallel(n_jobs=32)]: Done  10 out of  10 | elapsed:    0.1s finished
[Parallel(n_jobs=32)]: Using backend LokyBackend with 32 concurrent workers.
[Parallel(n_jobs=32)]: Done   2 out of  10 | elapsed:    0.0s remaining:    0.1s
[Parallel(n_jobs=32)]: Done  10 out of  10 | elapsed:    0.1s finished
[Parallel(n_jobs=32)]: Using backend LokyBackend with 32 concurrent workers.
[Parallel(n_jobs=32)]: Done 180 out of 180 | elapsed:    1.8s finished
[Parallel(n_jobs=32)]: Using backend LokyBackend with 32 concurrent workers.
[Parallel(n_jobs=32)]: Done 180 out of 180 | elapsed:    1.7s finished
[Parallel(n_jobs=32)]: Using backend LokyBackend with 32 concurrent workers.
[Parallel(n_jobs=32)]: Done 180 out of 180 | elapsed:    1.0s finished
[Parallel(n_jobs=32)]: Using backend LokyBackend with 32 concurrent workers.
[Parallel(n_jobs=32)]: Done 180 out of 180 | elapsed:    0.8s finished
[Parallel(n_jobs=32)]: Using backend LokyBackend with 32 concurrent workers.
[Parallel(n_jobs=32)]: Done   2 out of  10 | elapsed:    0.0s remaining:    0.2s
[Parallel(n_jobs=32)]: Done  10 out of  10 | elapsed:    0.1s finished
[Parallel(n_jobs=32)]: Using backend LokyBackend with 32 concurrent workers.
[Parallel(n_jobs=32)]: Done   2 out of  10 | elapsed:    0.0s remaining:    0.2s
[Parallel(n_jobs=32)]: Done  10 out of  10 | elapsed:    0.1s finished
[Parallel(n_jobs=32)]: Using backend LokyBackend with 32 concurrent workers.
[Parallel(n_jobs=32)]: Done 180 out of 180 | elapsed:    1.7s finished
[Parallel(n_jobs=32)]: Using backend LokyBackend with 32 concurrent workers.
[Parallel(n_jobs=32)]: Done 180 out of 180 | elapsed:    1.7s finished
[Parallel(n_jobs=32)]: Using backend LokyBackend with 32 concurrent workers.
[Parallel(n_jobs=32)]: Done 180 out of 180 | elapsed:    0.8s finished
[Parallel(n_jobs=32)]: Using backend LokyBackend with 32 concurrent workers.
[Parallel(n_jobs=32)]: Done 180 out of 180 | elapsed:    0.7s finished
[Parallel(n_jobs=32)]: Using backend LokyBackend with 32 concurrent workers.
[Parallel(n_jobs=32)]: Done   2 out of  10 | elapsed:    0.0s remaining:    0.1s
[Parallel(n_jobs=32)]: Done  10 out of  10 | elapsed:    0.1s finished
[Parallel(n_jobs=32)]: Using backend LokyBackend with 32 concurrent workers.
[Parallel(n_jobs=32)]: Done   2 out of  10 | elapsed:    0.0s remaining:    0.1s
[Parallel(n_jobs=32)]: Done  10 out of  10 | elapsed:    0.1s finished
[Parallel(n_jobs=32)]: Using backend LokyBackend with 32 concurrent workers.
[Parallel(n_jobs=32)]: Done 180 out of 180 | elapsed:    1.8s finished
[Parallel(n_jobs=32)]: Using backend LokyBackend with 32 concurrent workers.
[Parallel(n_jobs=32)]: Done 180 out of 180 | elapsed:    1.8s finished
[Parallel(n_jobs=32)]: Using backend LokyBackend with 32 concurrent workers.
[Parallel(n_jobs=32)]: Done 180 out of 180 | elapsed:    0.8s finished
[Parallel(n_jobs=32)]: Using backend LokyBackend with 32 concurrent workers.
[Parallel(n_jobs=32)]: Done 180 out of 180 | elapsed:    0.8s finished
[Parallel(n_jobs=32)]: Using backend LokyBackend with 32 concurrent workers.
[Parallel(n_jobs=32)]: Done   2 out of  10 | elapsed:    0.0s remaining:    0.2s
[Parallel(n_jobs=32)]: Done  10 out of  10 | elapsed:    0.1s finished
[Parallel(n_jobs=32)]: Using backend LokyBackend with 32 concurrent workers.
[Parallel(n_jobs=32)]: Done   2 out of  10 | elapsed:    0.0s remaining:    0.2s
[Parallel(n_jobs=32)]: Done  10 out of  10 | elapsed:    0.1s finished
[Parallel(n_jobs=32)]: Using backend LokyBackend with 32 concurrent workers.
[Parallel(n_jobs=32)]: Done 180 out of 180 | elapsed:    1.8s finished
[Parallel(n_jobs=32)]: Using backend LokyBackend with 32 concurrent workers.
[Parallel(n_jobs=32)]: Done 180 out of 180 | elapsed:    1.7s finished
[Parallel(n_jobs=32)]: Using backend LokyBackend with 32 concurrent workers.
[Parallel(n_jobs=32)]: Done 180 out of 180 | elapsed:    1.0s finished
[Parallel(n_jobs=32)]: Using backend LokyBackend with 32 concurrent workers.
[Parallel(n_jobs=32)]: Done 180 out of 180 | elapsed:    0.7s finished
[Parallel(n_jobs=32)]: Using backend LokyBackend with 32 concurrent workers.
[Parallel(n_jobs=32)]: Done   2 out of  10 | elapsed:    0.0s remaining:    0.2s
[Parallel(n_jobs=32)]: Done  10 out of  10 | elapsed:    0.1s finished
[Parallel(n_jobs=32)]: Using backend LokyBackend with 32 concurrent workers.
[Parallel(n_jobs=32)]: Done   2 out of  10 | elapsed:    0.0s remaining:    0.1s
[Parallel(n_jobs=32)]: Done  10 out of  10 | elapsed:    0.1s finished
[Parallel(n_jobs=32)]: Using backend LokyBackend with 32 concurrent workers.
[Parallel(n_jobs=32)]: Done 180 out of 180 | elapsed:    1.8s finished
[Parallel(n_jobs=32)]: Using backend LokyBackend with 32 concurrent workers.
[Parallel(n_jobs=32)]: Done 180 out of 180 | elapsed:    1.7s finished
[Parallel(n_jobs=32)]: Using backend LokyBackend with 32 concurrent workers.
[Parallel(n_jobs=32)]: Done 180 out of 180 | elapsed:    0.8s finished
[Parallel(n_jobs=32)]: Using backend LokyBackend with 32 concurrent workers.
[Parallel(n_jobs=32)]: Done 180 out of 180 | elapsed:    0.8s finished
[Parallel(n_jobs=32)]: Using backend LokyBackend with 32 concurrent workers.
[Parallel(n_jobs=32)]: Done   2 out of  10 | elapsed:    0.0s remaining:    0.2s
[Parallel(n_jobs=32)]: Done  10 out of  10 | elapsed:    0.1s finished
[Parallel(n_jobs=32)]: Using backend LokyBackend with 32 concurrent workers.
[Parallel(n_jobs=32)]: Done   2 out of  10 | elapsed:    0.0s remaining:    0.2s
[Parallel(n_jobs=32)]: Done  10 out of  10 | elapsed:    0.1s finished
[Parallel(n_jobs=32)]: Using backend LokyBackend with 32 concurrent workers.
[Parallel(n_jobs=32)]: Done 180 out of 180 | elapsed:    1.7s finished
[Parallel(n_jobs=32)]: Using backend LokyBackend with 32 concurrent workers.
[Parallel(n_jobs=32)]: Done 180 out of 180 | elapsed:    1.7s finished
[Parallel(n_jobs=32)]: Using backend LokyBackend with 32 concurrent workers.
[Parallel(n_jobs=32)]: Done 180 out of 180 | elapsed:    0.8s finished
[Parallel(n_jobs=32)]: Using backend LokyBackend with 32 concurrent workers.
[Parallel(n_jobs=32)]: Done 180 out of 180 | elapsed:    0.8s finished
[Parallel(n_jobs=32)]: Using backend LokyBackend with 32 concurrent workers.
[Parallel(n_jobs=32)]: Done   2 out of  10 | elapsed:    0.0s remaining:    0.2s
[Parallel(n_jobs=32)]: Done  10 out of  10 | elapsed:    0.1s finished
[Parallel(n_jobs=32)]: Using backend LokyBackend with 32 concurrent workers.
[Parallel(n_jobs=32)]: Done   2 out of  10 | elapsed:    0.0s remaining:    0.2s
[Parallel(n_jobs=32)]: Done  10 out of  10 | elapsed:    0.1s finished
[Parallel(n_jobs=32)]: Using backend LokyBackend with 32 concurrent workers.
[Parallel(n_jobs=32)]: Done 180 out of 180 | elapsed:    1.7s finished
[Parallel(n_jobs=32)]: Using backend LokyBackend with 32 concurrent workers.
[Parallel(n_jobs=32)]: Done 180 out of 180 | elapsed:    1.7s finished
[Parallel(n_jobs=32)]: Using backend LokyBackend with 32 concurrent workers.
[Parallel(n_jobs=32)]: Done 180 out of 180 | elapsed:    0.8s finished
[Parallel(n_jobs=32)]: Using backend LokyBackend with 32 concurrent workers.
[Parallel(n_jobs=32)]: Done 180 out of 180 | elapsed:    1.0s finished
[Parallel(n_jobs=32)]: Using backend LokyBackend with 32 concurrent workers.
[Parallel(n_jobs=32)]: Done   2 out of  10 | elapsed:    0.0s remaining:    0.2s
[Parallel(n_jobs=32)]: Done  10 out of  10 | elapsed:    0.1s finished
[Parallel(n_jobs=32)]: Using backend LokyBackend with 32 concurrent workers.
[Parallel(n_jobs=32)]: Done   2 out of  10 | elapsed:    0.0s remaining:    0.1s
[Parallel(n_jobs=32)]: Done  10 out of  10 | elapsed:    0.1s finished
[Parallel(n_jobs=32)]: Using backend LokyBackend with 32 concurrent workers.
[Parallel(n_jobs=32)]: Done 180 out of 180 | elapsed:    1.8s finished
[Parallel(n_jobs=32)]: Using backend LokyBackend with 32 concurrent workers.
[Parallel(n_jobs=32)]: Done 180 out of 180 | elapsed:    1.7s finished
[Parallel(n_jobs=32)]: Using backend LokyBackend with 32 concurrent workers.
[Parallel(n_jobs=32)]: Done 180 out of 180 | elapsed:    1.0s finished
[Parallel(n_jobs=32)]: Using backend LokyBackend with 32 concurrent workers.
[Parallel(n_jobs=32)]: Done 180 out of 180 | elapsed:    0.9s finished
[Parallel(n_jobs=32)]: Using backend LokyBackend with 32 concurrent workers.
[Parallel(n_jobs=32)]: Done   2 out of  10 | elapsed:    0.0s remaining:    0.2s
[Parallel(n_jobs=32)]: Done  10 out of  10 | elapsed:    0.1s finished
[Parallel(n_jobs=32)]: Using backend LokyBackend with 32 concurrent workers.
[Parallel(n_jobs=32)]: Done   2 out of  10 | elapsed:    0.0s remaining:    0.2s
[Parallel(n_jobs=32)]: Done  10 out of  10 | elapsed:    0.1s finished
### PARALLEL split_freq_band
#### PARALLEL SPLIT DENOISE Y_C SPLIT PER FREQUENCY 180 10 10000 [-1.66543206e-03  7.13930043e-06  3.85412810e-05  4.81999272e-05
  5.28009634e-05  5.54476346e-05  5.71415517e-05  5.82967849e-05
  5.91191086e-05] 2.0571377277374268
#### TIMES #### List comprehension
#### TIMES #### List comprehension: 0.11615920066833496
#### REARRANGED THE SIGNAL PER 10 FREQUENCIES <class 'list'> 10 <class 'numpy.ndarray'> 1800000
### COMPUTE SLIDING WINDOW WITH SUM
#### RUNNING #### sum_this_sliding_window
#### TIMES #### sum_this_sliding_window 0.4739375114440918
#### REARRANGED THE SIGNAL SUM SLIDING_WINDOW PER 10 FREQUENCIES <class 'numpy.ndarray'> 10 <class 'numpy.ndarray'> 484
0 #### TIMES #### bootstrap_soundscape TOTAL TOTAL ==>> 82.92170524597168
1 REGION: ====>>>> Plantation #### RUNNING #### AUDIO: ====>>>> /home/vargas/repos/forests-sounds-vargas/data/Plantation/2_15_PSA0290-2012.mp3
1 - audio_file: /home/vargas/repos/forests-sounds-vargas/data/Plantation/2_15_PSA0290-2012.mp3 - region: Plantation
y: [-0.0006119   0.00068735  0.00166055  0.00251585  0.00187133  0.00070333
  0.00103505  0.0010529   0.00061101]
total samples in y: (86400000,) in time: 1800 secs
samples rate per second:  48000
### ORIGINAL Y_C 86400000 [-0.0006119   0.00068735  0.00166055  0.00251585  0.00187133  0.00070333
  0.00103505  0.0010529   0.00061101] <class 'numpy.ndarray'>
### CHUNKS Y_C total_chunks: 180 chunk_size: 480000 <class 'list'> <class 'numpy.ndarray'>
### PARALLEL split_freq_band
#### PARALLEL SPLIT DENOISE Y_C SPLIT PER FREQUENCY 180 10 10000 [ 2.89007803e-04 -6.14232201e-06 -1.66496845e-05 -1.61156340e-05
 -1.43631086e-05 -1.27611641e-05 -1.14954961e-05 -1.05353908e-05
 -9.81769179e-06] 1.8087794780731201
#### TIMES #### List comprehension
#### TIMES #### List comprehension: 0.0952448844909668
#### REARRANGED THE SIGNAL PER 10 FREQUENCIES <class 'list'> 10 <class 'numpy.ndarray'> 1800000
### COMPUTE SLIDING WINDOW WITH SUM
#### RUNNING #### sum_this_sliding_window
#### TIMES #### sum_this_sliding_window 0.4605588912963867
#### REARRANGED THE SIGNAL SUM SLIDING_WINDOW PER 10 FREQUENCIES <class 'numpy.ndarray'> 10 <class 'numpy.ndarray'> 484
1 #### TIMES #### bootstrap_soundscape TOTAL TOTAL ==>> 75.0066270828247
2 REGION: ====>>>> Plantation #### RUNNING #### AUDIO: ====>>>> /home/vargas/repos/forests-sounds-vargas/data/Plantation/2_19_PSA0374-2012.mp3
2 - audio_file: /home/vargas/repos/forests-sounds-vargas/data/Plantation/2_19_PSA0374-2012.mp3 - region: Plantation
y: [0.00831298 0.01321053 0.01454676 0.01506956 0.01508774 0.01517149
 0.01529458 0.0121099  0.00804036]
total samples in y: (86400000,) in time: 1800 secs
samples rate per second:  48000
### ORIGINAL Y_C 86400000 [0.00831298 0.01321053 0.01454676 0.01506956 0.01508774 0.01517149
 0.01529458 0.0121099  0.00804036] <class 'numpy.ndarray'>
### CHUNKS Y_C total_chunks: 180 chunk_size: 480000 <class 'list'> <class 'numpy.ndarray'>
### PARALLEL split_freq_band
#### PARALLEL SPLIT DENOISE Y_C SPLIT PER FREQUENCY 180 10 10000 [ 0.00810619 -0.00573001 -0.00922027 -0.00215813 -0.00475037 -0.00607829
 -0.00263488  0.01006907  0.01836859] 1.817572832107544
#### TIMES #### List comprehension
#### TIMES #### List comprehension: 0.0955040454864502
#### REARRANGED THE SIGNAL PER 10 FREQUENCIES <class 'list'> 10 <class 'numpy.ndarray'> 1800000
### COMPUTE SLIDING WINDOW WITH SUM
#### RUNNING #### sum_this_sliding_window
#### TIMES #### sum_this_sliding_window 0.42818379402160645
#### REARRANGED THE SIGNAL SUM SLIDING_WINDOW PER 10 FREQUENCIES <class 'numpy.ndarray'> 10 <class 'numpy.ndarray'> 484
2 #### TIMES #### bootstrap_soundscape TOTAL TOTAL ==>> 79.24527215957642
3 REGION: ====>>>> Plantation #### RUNNING #### AUDIO: ====>>>> /home/vargas/repos/forests-sounds-vargas/data/Plantation/2_07_PSA0093-2010.mp3
3 - audio_file: /home/vargas/repos/forests-sounds-vargas/data/Plantation/2_07_PSA0093-2010.mp3 - region: Plantation
y: [-0.01472808 -0.01491113 -0.00816156 -0.00218979  0.00167903  0.00490456
  0.00836801  0.01314615  0.01415004]
total samples in y: (86400000,) in time: 1800 secs
samples rate per second:  48000
### ORIGINAL Y_C 86400000 [-0.01472808 -0.01491113 -0.00816156 -0.00218979  0.00167903  0.00490456
  0.00836801  0.01314615  0.01415004] <class 'numpy.ndarray'>
### CHUNKS Y_C total_chunks: 180 chunk_size: 480000 <class 'list'> <class 'numpy.ndarray'>
### PARALLEL split_freq_band
#### PARALLEL SPLIT DENOISE Y_C SPLIT PER FREQUENCY 180 10 10000 [-1.66543206e-03  7.13930043e-06  3.85412810e-05  4.81999272e-05
  5.28009634e-05  5.54476346e-05  5.71415517e-05  5.82967849e-05
  5.91191086e-05] 1.6879117488861084
#### TIMES #### List comprehension
#### TIMES #### List comprehension: 0.07685065269470215
#### REARRANGED THE SIGNAL PER 10 FREQUENCIES <class 'list'> 10 <class 'numpy.ndarray'> 1800000
### COMPUTE SLIDING WINDOW WITH SUM
#### RUNNING #### sum_this_sliding_window
#### TIMES #### sum_this_sliding_window 0.43546485900878906
#### REARRANGED THE SIGNAL SUM SLIDING_WINDOW PER 10 FREQUENCIES <class 'numpy.ndarray'> 10 <class 'numpy.ndarray'> 484
3 #### TIMES #### bootstrap_soundscape TOTAL TOTAL ==>> 78.03574919700623
4 REGION: ====>>>> Plantation #### RUNNING #### AUDIO: ====>>>> /home/vargas/repos/forests-sounds-vargas/data/Plantation/2_20_PSA0400-2013.mp3
4 - audio_file: /home/vargas/repos/forests-sounds-vargas/data/Plantation/2_20_PSA0400-2013.mp3 - region: Plantation
y: [ 0.00232441  0.00309165  0.00177757  0.00270376  0.00179844 -0.00149232
 -0.00024056  0.00196713  0.00111439]
total samples in y: (86400000,) in time: 1800 secs
samples rate per second:  48000
### ORIGINAL Y_C 86400000 [ 0.00232441  0.00309165  0.00177757  0.00270376  0.00179844 -0.00149232
 -0.00024056  0.00196713  0.00111439] <class 'numpy.ndarray'>
### CHUNKS Y_C total_chunks: 180 chunk_size: 480000 <class 'list'> <class 'numpy.ndarray'>
### PARALLEL split_freq_band
#### PARALLEL SPLIT DENOISE Y_C SPLIT PER FREQUENCY 180 10 10000 [ 8.76255438e-05 -2.78286828e-06 -1.74836075e-06 -1.38727496e-06
 -1.20552836e-06 -1.09806429e-06 -1.02690369e-06 -9.77178602e-07
 -9.40891065e-07] 1.8395771980285645
#### TIMES #### List comprehension
#### TIMES #### List comprehension: 0.08244156837463379
#### REARRANGED THE SIGNAL PER 10 FREQUENCIES <class 'list'> 10 <class 'numpy.ndarray'> 1800000
### COMPUTE SLIDING WINDOW WITH SUM
#### RUNNING #### sum_this_sliding_window
#### TIMES #### sum_this_sliding_window 0.45195651054382324
#### REARRANGED THE SIGNAL SUM SLIDING_WINDOW PER 10 FREQUENCIES <class 'numpy.ndarray'> 10 <class 'numpy.ndarray'> 484
4 #### TIMES #### bootstrap_soundscape TOTAL TOTAL ==>> 72.07707500457764
5 REGION: ====>>>> Plantation #### RUNNING #### AUDIO: ====>>>> /home/vargas/repos/forests-sounds-vargas/data/Plantation/2_13_PSA0280-2012.mp3
5 - audio_file: /home/vargas/repos/forests-sounds-vargas/data/Plantation/2_13_PSA0280-2012.mp3 - region: Plantation
y: [ 3.6415369e-03  2.6228302e-03  8.4596279e-05 -1.5951027e-04
  1.0559170e-03  1.8270714e-03  1.9221809e-03  9.7268366e-04
 -4.3881708e-05]
total samples in y: (86400000,) in time: 1800 secs
samples rate per second:  48000
### ORIGINAL Y_C 86400000 [ 3.6415369e-03  2.6228302e-03  8.4596279e-05 -1.5951027e-04
  1.0559170e-03  1.8270714e-03  1.9221809e-03  9.7268366e-04
 -4.3881708e-05] <class 'numpy.ndarray'>
### CHUNKS Y_C total_chunks: 180 chunk_size: 480000 <class 'list'> <class 'numpy.ndarray'>
### PARALLEL split_freq_band
#### PARALLEL SPLIT DENOISE Y_C SPLIT PER FREQUENCY 180 10 10000 [ 6.21233852e-05 -1.30488648e-04 -1.31474456e-04 -1.32056695e-04
 -1.32535158e-04 -1.32974926e-04 -1.33398869e-04 -1.33816815e-04
 -1.34233786e-04] 1.84639573097229
#### TIMES #### List comprehension
#### TIMES #### List comprehension: 0.08954262733459473
#### REARRANGED THE SIGNAL PER 10 FREQUENCIES <class 'list'> 10 <class 'numpy.ndarray'> 1800000
### COMPUTE SLIDING WINDOW WITH SUM
#### RUNNING #### sum_this_sliding_window
#### TIMES #### sum_this_sliding_window 0.46011900901794434
#### REARRANGED THE SIGNAL SUM SLIDING_WINDOW PER 10 FREQUENCIES <class 'numpy.ndarray'> 10 <class 'numpy.ndarray'> 484
5 #### TIMES #### bootstrap_soundscape TOTAL TOTAL ==>> 73.83013916015625
6 REGION: ====>>>> Plantation #### RUNNING #### AUDIO: ====>>>> /home/vargas/repos/forests-sounds-vargas/data/Plantation/2_17_PSA0331-2012.mp3
6 - audio_file: /home/vargas/repos/forests-sounds-vargas/data/Plantation/2_17_PSA0331-2012.mp3 - region: Plantation
y: [-0.00156389 -0.00311076 -0.00225797 -0.00128544 -0.00113144 -0.00195252
 -0.00180479  0.00029279  0.00038763]
total samples in y: (86400000,) in time: 1800 secs
samples rate per second:  48000
### ORIGINAL Y_C 86400000 [-0.00156389 -0.00311076 -0.00225797 -0.00128544 -0.00113144 -0.00195252
 -0.00180479  0.00029279  0.00038763] <class 'numpy.ndarray'>
### CHUNKS Y_C total_chunks: 180 chunk_size: 480000 <class 'list'> <class 'numpy.ndarray'>
### PARALLEL split_freq_band
#### PARALLEL SPLIT DENOISE Y_C SPLIT PER FREQUENCY 180 10 10000 [-1.41264175e-04  1.92371279e-05  1.51696236e-05  7.29004162e-06
 -5.96003263e-07 -8.11242304e-06 -1.51931735e-05 -2.16294737e-05
 -2.71380725e-05] 1.8573670387268066
#### TIMES #### List comprehension
#### TIMES #### List comprehension: 0.0889749526977539
#### REARRANGED THE SIGNAL PER 10 FREQUENCIES <class 'list'> 10 <class 'numpy.ndarray'> 1800000
### COMPUTE SLIDING WINDOW WITH SUM
#### RUNNING #### sum_this_sliding_window
#### TIMES #### sum_this_sliding_window 0.46295905113220215
#### REARRANGED THE SIGNAL SUM SLIDING_WINDOW PER 10 FREQUENCIES <class 'numpy.ndarray'> 10 <class 'numpy.ndarray'> 484
6 #### TIMES #### bootstrap_soundscape TOTAL TOTAL ==>> 78.03357338905334
7 REGION: ====>>>> Plantation #### RUNNING #### AUDIO: ====>>>> /home/vargas/repos/forests-sounds-vargas/data/Plantation/2_00_PSA0010-2010.mp3
7 - audio_file: /home/vargas/repos/forests-sounds-vargas/data/Plantation/2_00_PSA0010-2010.mp3 - region: Plantation
y: [-0.00225802 -0.00408008 -0.00553367 -0.00679917 -0.00652087 -0.00546292
 -0.00668596 -0.00835071 -0.00815475]
total samples in y: (86400000,) in time: 1800 secs
samples rate per second:  48000
### ORIGINAL Y_C 86400000 [-0.00225802 -0.00408008 -0.00553367 -0.00679917 -0.00652087 -0.00546292
 -0.00668596 -0.00835071 -0.00815475] <class 'numpy.ndarray'>
### CHUNKS Y_C total_chunks: 180 chunk_size: 480000 <class 'list'> <class 'numpy.ndarray'>
### PARALLEL split_freq_band
#### PARALLEL SPLIT DENOISE Y_C SPLIT PER FREQUENCY 180 10 10000 [-0.00158562 -0.00026569 -0.00016938 -0.00014117 -0.00012935 -0.00012345
 -0.00012022 -0.00011837 -0.00011731] 1.9380195140838623
#### TIMES #### List comprehension
#### TIMES #### List comprehension: 0.07735490798950195
#### REARRANGED THE SIGNAL PER 10 FREQUENCIES <class 'list'> 10 <class 'numpy.ndarray'> 1800000
### COMPUTE SLIDING WINDOW WITH SUM
#### RUNNING #### sum_this_sliding_window
#### TIMES #### sum_this_sliding_window 0.4491109848022461
#### REARRANGED THE SIGNAL SUM SLIDING_WINDOW PER 10 FREQUENCIES <class 'numpy.ndarray'> 10 <class 'numpy.ndarray'> 484
7 #### TIMES #### bootstrap_soundscape TOTAL TOTAL ==>> 73.21806931495667
8 REGION: ====>>>> Plantation #### RUNNING #### AUDIO: ====>>>> /home/vargas/repos/forests-sounds-vargas/data/Plantation/2_14_PSA0289-2012.mp3
8 - audio_file: /home/vargas/repos/forests-sounds-vargas/data/Plantation/2_14_PSA0289-2012.mp3 - region: Plantation
y: [-0.01960655 -0.02791282 -0.02750732 -0.02641052 -0.03029392 -0.03201358
 -0.02964977 -0.02935831 -0.02964232]
total samples in y: (86400000,) in time: 1800 secs
samples rate per second:  48000
### ORIGINAL Y_C 86400000 [-0.01960655 -0.02791282 -0.02750732 -0.02641052 -0.03029392 -0.03201358
 -0.02964977 -0.02935831 -0.02964232] <class 'numpy.ndarray'>
### CHUNKS Y_C total_chunks: 180 chunk_size: 480000 <class 'list'> <class 'numpy.ndarray'>
### PARALLEL split_freq_band
#### PARALLEL SPLIT DENOISE Y_C SPLIT PER FREQUENCY 180 10 10000 [-0.05805489 -0.0796391   0.16175703 -0.03519084 -0.01343517 -0.00907307
 -0.06421748  0.04605025  0.02576178] 1.7022852897644043
#### TIMES #### List comprehension
#### TIMES #### List comprehension: 0.07221770286560059
#### REARRANGED THE SIGNAL PER 10 FREQUENCIES <class 'list'> 10 <class 'numpy.ndarray'> 1800000
### COMPUTE SLIDING WINDOW WITH SUM
#### RUNNING #### sum_this_sliding_window
#### TIMES #### sum_this_sliding_window 0.43869972229003906
#### REARRANGED THE SIGNAL SUM SLIDING_WINDOW PER 10 FREQUENCIES <class 'numpy.ndarray'> 10 <class 'numpy.ndarray'> 484
8 #### TIMES #### bootstrap_soundscape TOTAL TOTAL ==>> 73.97921442985535
9 REGION: ====>>>> Plantation #### RUNNING #### AUDIO: ====>>>> /home/vargas/repos/forests-sounds-vargas/data/Plantation/2_18_PSA0373-2011.mp3
9 - audio_file: /home/vargas/repos/forests-sounds-vargas/data/Plantation/2_18_PSA0373-2011.mp3 - region: Plantation
y: [-0.00241771 -0.00108932  0.0016709   0.00449528  0.00606185  0.00498239
  0.00340853  0.00361732  0.00319519]
total samples in y: (86400000,) in time: 1800 secs
samples rate per second:  48000
### ORIGINAL Y_C 86400000 [-0.00241771 -0.00108932  0.0016709   0.00449528  0.00606185  0.00498239
  0.00340853  0.00361732  0.00319519] <class 'numpy.ndarray'>
### CHUNKS Y_C total_chunks: 180 chunk_size: 480000 <class 'list'> <class 'numpy.ndarray'>
### PARALLEL split_freq_band
#### PARALLEL SPLIT DENOISE Y_C SPLIT PER FREQUENCY 180 10 10000 [ 3.73896153e-04 -5.89800028e-05 -2.90952364e-05 -1.99531724e-05
 -2.34778038e-05 -1.57703659e-05  6.33948906e-06 -1.20998263e-05
 -7.14596523e-06] 1.9898405075073242
#### TIMES #### List comprehension
#### TIMES #### List comprehension: 0.05877184867858887
#### REARRANGED THE SIGNAL PER 10 FREQUENCIES <class 'list'> 10 <class 'numpy.ndarray'> 1800000
### COMPUTE SLIDING WINDOW WITH SUM
#### RUNNING #### sum_this_sliding_window
#### TIMES #### sum_this_sliding_window 0.43308472633361816
#### REARRANGED THE SIGNAL SUM SLIDING_WINDOW PER 10 FREQUENCIES <class 'numpy.ndarray'> 10 <class 'numpy.ndarray'> 484
9 #### TIMES #### bootstrap_soundscape TOTAL TOTAL ==>> 74.9064428806305
10 REGION: ====>>>> Plantation #### RUNNING #### AUDIO: ====>>>> /home/vargas/repos/forests-sounds-vargas/data/Plantation/2_16_PSA0292-2012.mp3
10 - audio_file: /home/vargas/repos/forests-sounds-vargas/data/Plantation/2_16_PSA0292-2012.mp3 - region: Plantation
y: [ 0.00011271 -0.00401716 -0.00642971 -0.00703088 -0.00726458 -0.00570953
 -0.00384026 -0.00149835  0.00383474]
total samples in y: (86400000,) in time: 1800 secs
samples rate per second:  48000
### ORIGINAL Y_C 86400000 [ 0.00011271 -0.00401716 -0.00642971 -0.00703088 -0.00726458 -0.00570953
 -0.00384026 -0.00149835  0.00383474] <class 'numpy.ndarray'>
### CHUNKS Y_C total_chunks: 180 chunk_size: 480000 <class 'list'> <class 'numpy.ndarray'>
### PARALLEL split_freq_band
#### PARALLEL SPLIT DENOISE Y_C SPLIT PER FREQUENCY 180 10 10000 [ 0.00047515 -0.00063567 -0.00088356 -0.00109197 -0.00124025 -0.00130054
 -0.0012385  -0.00101213 -0.00061286] 1.9427547454833984
#### TIMES #### List comprehension
#### TIMES #### List comprehension: 0.08240580558776855
#### REARRANGED THE SIGNAL PER 10 FREQUENCIES <class 'list'> 10 <class 'numpy.ndarray'> 1800000
### COMPUTE SLIDING WINDOW WITH SUM
#### RUNNING #### sum_this_sliding_window
#### TIMES #### sum_this_sliding_window 0.4611179828643799
#### REARRANGED THE SIGNAL SUM SLIDING_WINDOW PER 10 FREQUENCIES <class 'numpy.ndarray'> 10 <class 'numpy.ndarray'> 484
10 #### TIMES #### bootstrap_soundscape TOTAL TOTAL ==>> 75.87266993522644
11 REGION: ====>>>> Plantation #### RUNNING #### AUDIO: ====>>>> /home/vargas/repos/forests-sounds-vargas/data/Plantation/PSA0025-2015.mp3
11 - audio_file: /home/vargas/repos/forests-sounds-vargas/data/Plantation/PSA0025-2015.mp3 - region: Plantation
y: [-6.8993503e-03 -7.8593977e-03 -3.5266078e-03 -3.3374643e-05
  1.2119662e-03 -3.4863944e-04 -6.0659214e-03 -9.2964070e-03
 -5.4037138e-03]
total samples in y: (86400000,) in time: 1800 secs
samples rate per second:  48000
### ORIGINAL Y_C 86400000 [-6.8993503e-03 -7.8593977e-03 -3.5266078e-03 -3.3374643e-05
  1.2119662e-03 -3.4863944e-04 -6.0659214e-03 -9.2964070e-03
 -5.4037138e-03] <class 'numpy.ndarray'>
### CHUNKS Y_C total_chunks: 180 chunk_size: 480000 <class 'list'> <class 'numpy.ndarray'>
### PARALLEL split_freq_band
#### PARALLEL SPLIT DENOISE Y_C SPLIT PER FREQUENCY 180 10 10000 [-2.10487323e-05  5.59378800e-06  3.43763560e-06  2.75787624e-06
  2.45497855e-06  2.30115387e-06  2.21466922e-06  2.16370821e-06
  2.13623956e-06] 1.706589698791504
#### TIMES #### List comprehension
#### TIMES #### List comprehension: 0.06116628646850586
#### REARRANGED THE SIGNAL PER 10 FREQUENCIES <class 'list'> 10 <class 'numpy.ndarray'> 1800000
### COMPUTE SLIDING WINDOW WITH SUM
#### RUNNING #### sum_this_sliding_window
#### TIMES #### sum_this_sliding_window 0.4556715488433838
#### REARRANGED THE SIGNAL SUM SLIDING_WINDOW PER 10 FREQUENCIES <class 'numpy.ndarray'> 10 <class 'numpy.ndarray'> 484
11 #### TIMES #### bootstrap_soundscape TOTAL TOTAL ==>> 76.42696642875671
12 REGION: ====>>>> Plantation #### RUNNING #### AUDIO: ====>>>> /home/vargas/repos/forests-sounds-vargas/data/Plantation/2_10_PSA0189-2007.mp3
12 - audio_file: /home/vargas/repos/forests-sounds-vargas/data/Plantation/2_10_PSA0189-2007.mp3 - region: Plantation
y: [ 5.3311074e-03  5.1743435e-03  1.7210189e-03 -4.6343525e-04
 -7.2194729e-05 -3.4478935e-04 -3.8194051e-04  2.9907064e-03
  3.5931203e-03]
total samples in y: (86400000,) in time: 1800 secs
samples rate per second:  48000
### ORIGINAL Y_C 86400000 [ 5.3311074e-03  5.1743435e-03  1.7210189e-03 -4.6343525e-04
 -7.2194729e-05 -3.4478935e-04 -3.8194051e-04  2.9907064e-03
  3.5931203e-03] <class 'numpy.ndarray'>
### CHUNKS Y_C total_chunks: 180 chunk_size: 480000 <class 'list'> <class 'numpy.ndarray'>
### PARALLEL split_freq_band
#### PARALLEL SPLIT DENOISE Y_C SPLIT PER FREQUENCY 180 10 10000 [-5.19923697e-05 -2.22451562e-04 -7.26327787e-04 -3.67615406e-05
  4.54300349e-04  1.43227556e-03  1.33650870e-04 -2.88976652e-03
 -1.34071522e-03] 1.7672622203826904
#### TIMES #### List comprehension
#### TIMES #### List comprehension: 0.06391549110412598
#### REARRANGED THE SIGNAL PER 10 FREQUENCIES <class 'list'> 10 <class 'numpy.ndarray'> 1800000
### COMPUTE SLIDING WINDOW WITH SUM
#### RUNNING #### sum_this_sliding_window
#### TIMES #### sum_this_sliding_window 0.43633055686950684
#### REARRANGED THE SIGNAL SUM SLIDING_WINDOW PER 10 FREQUENCIES <class 'numpy.ndarray'> 10 <class 'numpy.ndarray'> 484
12 #### TIMES #### bootstrap_soundscape TOTAL TOTAL ==>> 81.6914176940918
13 REGION: ====>>>> Plantation #### RUNNING #### AUDIO: ====>>>> /home/vargas/repos/forests-sounds-vargas/data/Plantation/2_09_PSA0096-2013.mp3
13 - audio_file: /home/vargas/repos/forests-sounds-vargas/data/Plantation/2_09_PSA0096-2013.mp3 - region: Plantation
y: [ 0.00498617  0.00343108 -0.00189297 -0.00040188  0.0026763   0.0024897
  0.00282044  0.00150527  0.00051496]
total samples in y: (86400000,) in time: 1800 secs
samples rate per second:  48000
### ORIGINAL Y_C 86400000 [ 0.00498617  0.00343108 -0.00189297 -0.00040188  0.0026763   0.0024897
  0.00282044  0.00150527  0.00051496] <class 'numpy.ndarray'>
### CHUNKS Y_C total_chunks: 180 chunk_size: 480000 <class 'list'> <class 'numpy.ndarray'>
### PARALLEL split_freq_band
#### PARALLEL SPLIT DENOISE Y_C SPLIT PER FREQUENCY 180 10 10000 [-4.19698361e-05  7.58519591e-06  7.14260029e-06  6.91915959e-06
  6.75983048e-06  6.62706846e-06  6.50664082e-06  6.39275673e-06
  6.28220569e-06] 2.0232763290405273
#### TIMES #### List comprehension
#### TIMES #### List comprehension: 0.08750200271606445
#### REARRANGED THE SIGNAL PER 10 FREQUENCIES <class 'list'> 10 <class 'numpy.ndarray'> 1800000
### COMPUTE SLIDING WINDOW WITH SUM
#### RUNNING #### sum_this_sliding_window
#### TIMES #### sum_this_sliding_window 0.434511661529541
#### REARRANGED THE SIGNAL SUM SLIDING_WINDOW PER 10 FREQUENCIES <class 'numpy.ndarray'> 10 <class 'numpy.ndarray'> 484
13 #### TIMES #### bootstrap_soundscape TOTAL TOTAL ==>> 75.88565850257874
14 REGION: ====>>>> Plantation #### RUNNING #### AUDIO: ====>>>> /home/vargas/repos/forests-sounds-vargas/data/Plantation/2_08_PSA0095-2013.mp3
14 - audio_file: /home/vargas/repos/forests-sounds-vargas/data/Plantation/2_08_PSA0095-2013.mp3 - region: Plantation
y: [2.9889517e-03 2.1491684e-03 1.6709652e-03 3.0980729e-03 1.9990047e-03
 5.7865726e-04 2.8421842e-03 3.2138512e-03 5.2391624e-05]
total samples in y: (86400000,) in time: 1800 secs
samples rate per second:  48000
### ORIGINAL Y_C 86400000 [2.9889517e-03 2.1491684e-03 1.6709652e-03 3.0980729e-03 1.9990047e-03
 5.7865726e-04 2.8421842e-03 3.2138512e-03 5.2391624e-05] <class 'numpy.ndarray'>
### CHUNKS Y_C total_chunks: 180 chunk_size: 480000 <class 'list'> <class 'numpy.ndarray'>
### PARALLEL split_freq_band
#### PARALLEL SPLIT DENOISE Y_C SPLIT PER FREQUENCY 180 10 10000 [-2.81608192e-05  1.41888153e-05  2.26426971e-05  2.71443696e-05
  3.02151131e-05  3.25635010e-05  3.44767696e-05  3.60977629e-05
  3.75079630e-05] 1.8995420932769775
#### TIMES #### List comprehension
#### TIMES #### List comprehension: 0.08168768882751465
#### REARRANGED THE SIGNAL PER 10 FREQUENCIES <class 'list'> 10 <class 'numpy.ndarray'> 1800000
### COMPUTE SLIDING WINDOW WITH SUM
#### RUNNING #### sum_this_sliding_window
#### TIMES #### sum_this_sliding_window 0.44800472259521484
#### REARRANGED THE SIGNAL SUM SLIDING_WINDOW PER 10 FREQUENCIES <class 'numpy.ndarray'> 10 <class 'numpy.ndarray'> 484
14 #### TIMES #### bootstrap_soundscape TOTAL TOTAL ==>> 73.85070133209229
15 REGION: ====>>>> Plantation #### RUNNING #### AUDIO: ====>>>> /home/vargas/repos/forests-sounds-vargas/data/Plantation/2_06_PSA0087-2013.mp3
15 - audio_file: /home/vargas/repos/forests-sounds-vargas/data/Plantation/2_06_PSA0087-2013.mp3 - region: Plantation
y: [-0.0014093  -0.00103954 -0.00105862 -0.00210072 -0.00228073 -0.00215911
 -0.00314596 -0.00297701 -0.00058426]
total samples in y: (86400000,) in time: 1800 secs
samples rate per second:  48000
### ORIGINAL Y_C 86400000 [-0.0014093  -0.00103954 -0.00105862 -0.00210072 -0.00228073 -0.00215911
 -0.00314596 -0.00297701 -0.00058426] <class 'numpy.ndarray'>
### CHUNKS Y_C total_chunks: 180 chunk_size: 480000 <class 'list'> <class 'numpy.ndarray'>
### PARALLEL split_freq_band
#### PARALLEL SPLIT DENOISE Y_C SPLIT PER FREQUENCY 180 10 10000 [-2.39893964e-04  2.38107510e-05  1.33475170e-04  1.19955695e-04
  1.28396614e-04  2.16460706e-04  9.91484142e-05  2.45101139e-05
  1.95562983e-04] 1.8373184204101562
#### TIMES #### List comprehension
#### TIMES #### List comprehension: 0.06291985511779785
#### REARRANGED THE SIGNAL PER 10 FREQUENCIES <class 'list'> 10 <class 'numpy.ndarray'> 1800000
### COMPUTE SLIDING WINDOW WITH SUM
#### RUNNING #### sum_this_sliding_window
#### TIMES #### sum_this_sliding_window 0.4248485565185547
#### REARRANGED THE SIGNAL SUM SLIDING_WINDOW PER 10 FREQUENCIES <class 'numpy.ndarray'> 10 <class 'numpy.ndarray'> 484
15 #### TIMES #### bootstrap_soundscape TOTAL TOTAL ==>> 80.2903242111206
16 REGION: ====>>>> Plantation #### RUNNING #### AUDIO: ====>>>> /home/vargas/repos/forests-sounds-vargas/data/Plantation/2_21_PSA0429-2012.mp3
16 - audio_file: /home/vargas/repos/forests-sounds-vargas/data/Plantation/2_21_PSA0429-2012.mp3 - region: Plantation
y: [ 0.0015737   0.00132185  0.00142273  0.00205023  0.0014455  -0.00059423
 -0.00193451 -0.00154098 -0.00060688]
total samples in y: (86400000,) in time: 1800 secs
samples rate per second:  48000
### ORIGINAL Y_C 86400000 [ 0.0015737   0.00132185  0.00142273  0.00205023  0.0014455  -0.00059423
 -0.00193451 -0.00154098 -0.00060688] <class 'numpy.ndarray'>
### CHUNKS Y_C total_chunks: 180 chunk_size: 480000 <class 'list'> <class 'numpy.ndarray'>
### PARALLEL split_freq_band
#### PARALLEL SPLIT DENOISE Y_C SPLIT PER FREQUENCY 180 10 10000 [-4.35250032e-05  5.15798858e-05 -1.51601014e-04 -4.06993721e-05
 -8.55718176e-05 -4.04197281e-05 -7.42835686e-05 -9.96118861e-05
 -5.43751244e-05] 1.996227741241455
#### TIMES #### List comprehension
#### TIMES #### List comprehension: 0.07920289039611816
#### REARRANGED THE SIGNAL PER 10 FREQUENCIES <class 'list'> 10 <class 'numpy.ndarray'> 1800000
### COMPUTE SLIDING WINDOW WITH SUM
#### RUNNING #### sum_this_sliding_window
#### TIMES #### sum_this_sliding_window 0.4579493999481201
#### REARRANGED THE SIGNAL SUM SLIDING_WINDOW PER 10 FREQUENCIES <class 'numpy.ndarray'> 10 <class 'numpy.ndarray'> 484
16 #### TIMES #### bootstrap_soundscape TOTAL TOTAL ==>> 72.09110879898071
17 REGION: ====>>>> Plantation #### RUNNING #### AUDIO: ====>>>> /home/vargas/repos/forests-sounds-vargas/data/Plantation/2_11_PSA0192-2009.mp3
17 - audio_file: /home/vargas/repos/forests-sounds-vargas/data/Plantation/2_11_PSA0192-2009.mp3 - region: Plantation
y: [ 1.5078523e-03 -4.8705522e-05 -2.4045832e-03 -1.9080644e-03
 -1.0817056e-03 -1.8788462e-03 -2.2096413e-03 -1.5640502e-03
 -1.1114924e-03]
total samples in y: (86400000,) in time: 1800 secs
samples rate per second:  48000
### ORIGINAL Y_C 86400000 [ 1.5078523e-03 -4.8705522e-05 -2.4045832e-03 -1.9080644e-03
 -1.0817056e-03 -1.8788462e-03 -2.2096413e-03 -1.5640502e-03
 -1.1114924e-03] <class 'numpy.ndarray'>
### CHUNKS Y_C total_chunks: 180 chunk_size: 480000 <class 'list'> <class 'numpy.ndarray'>
### PARALLEL split_freq_band
#### PARALLEL SPLIT DENOISE Y_C SPLIT PER FREQUENCY 180 10 10000 [-3.65229428e-04 -1.91864933e-04 -2.68844049e-04 -1.38446655e-04
 -1.28980674e-04 -1.97394183e-05  1.50658527e-04 -1.90315381e-04
  4.10852086e-04] 1.8019883632659912
#### TIMES #### List comprehension
#### TIMES #### List comprehension: 0.07304549217224121
#### REARRANGED THE SIGNAL PER 10 FREQUENCIES <class 'list'> 10 <class 'numpy.ndarray'> 1800000
### COMPUTE SLIDING WINDOW WITH SUM
#### RUNNING #### sum_this_sliding_window
#### TIMES #### sum_this_sliding_window 0.435941219329834
#### REARRANGED THE SIGNAL SUM SLIDING_WINDOW PER 10 FREQUENCIES <class 'numpy.ndarray'> 10 <class 'numpy.ndarray'> 484
17 #### TIMES #### bootstrap_soundscape TOTAL TOTAL ==>> 75.43670773506165
18 REGION: ====>>>> Plantation #### RUNNING #### AUDIO: ====>>>> /home/vargas/repos/forests-sounds-vargas/data/Plantation/2_01_PSA0022-2015.mp3
18 - audio_file: /home/vargas/repos/forests-sounds-vargas/data/Plantation/2_01_PSA0022-2015.mp3 - region: Plantation
y: [-0.00544647 -0.00827495 -0.00738019 -0.00657342 -0.00486134  0.00204174
  0.00792338  0.00717777  0.00406893]
total samples in y: (86400000,) in time: 1800 secs
samples rate per second:  48000
### ORIGINAL Y_C 86400000 [-0.00544647 -0.00827495 -0.00738019 -0.00657342 -0.00486134  0.00204174
  0.00792338  0.00717777  0.00406893] <class 'numpy.ndarray'>
### CHUNKS Y_C total_chunks: 180 chunk_size: 480000 <class 'list'> <class 'numpy.ndarray'>
### PARALLEL split_freq_band
#### PARALLEL SPLIT DENOISE Y_C SPLIT PER FREQUENCY 180 10 10000 [-2.71238628e-03 -8.52147876e-05  9.76816865e-06 -1.20619603e-04
  1.36730538e-04 -1.73273361e-05  2.41856045e-05 -2.29869575e-04
  1.48862621e-04] 2.105665445327759
#### TIMES #### List comprehension
#### TIMES #### List comprehension: 0.07198429107666016
#### REARRANGED THE SIGNAL PER 10 FREQUENCIES <class 'list'> 10 <class 'numpy.ndarray'> 1800000
### COMPUTE SLIDING WINDOW WITH SUM
#### RUNNING #### sum_this_sliding_window
#### TIMES #### sum_this_sliding_window 0.4625535011291504
#### REARRANGED THE SIGNAL SUM SLIDING_WINDOW PER 10 FREQUENCIES <class 'numpy.ndarray'> 10 <class 'numpy.ndarray'> 484
18 #### TIMES #### bootstrap_soundscape TOTAL TOTAL ==>> 78.39472365379333
19 REGION: ====>>>> Plantation #### RUNNING #### AUDIO: ====>>>> /home/vargas/repos/forests-sounds-vargas/data/Plantation/2_04_PSA0078-2013.mp3
19 - audio_file: /home/vargas/repos/forests-sounds-vargas/data/Plantation/2_04_PSA0078-2013.mp3 - region: Plantation
y: [ 0.00496935  0.00223682 -0.00015433  0.00304944  0.00606916  0.00514213
  0.00539011  0.00601292  0.00222353]
total samples in y: (86400000,) in time: 1800 secs
samples rate per second:  48000
### ORIGINAL Y_C 86400000 [ 0.00496935  0.00223682 -0.00015433  0.00304944  0.00606916  0.00514213
  0.00539011  0.00601292  0.00222353] <class 'numpy.ndarray'>
### CHUNKS Y_C total_chunks: 180 chunk_size: 480000 <class 'list'> <class 'numpy.ndarray'>
### PARALLEL split_freq_band
#### PARALLEL SPLIT DENOISE Y_C SPLIT PER FREQUENCY 180 10 10000 [-1.62790277e-03  1.66204757e-04  1.09598969e-04  8.36638911e-05
  6.87904505e-05  5.91928027e-05  5.25546460e-05  4.77262989e-05
  4.40875913e-05] 1.9208216667175293
#### TIMES #### List comprehension
#### TIMES #### List comprehension: 0.08824920654296875
#### REARRANGED THE SIGNAL PER 10 FREQUENCIES <class 'list'> 10 <class 'numpy.ndarray'> 1800000
### COMPUTE SLIDING WINDOW WITH SUM
#### RUNNING #### sum_this_sliding_window
#### TIMES #### sum_this_sliding_window 0.4637014865875244
#### REARRANGED THE SIGNAL SUM SLIDING_WINDOW PER 10 FREQUENCIES <class 'numpy.ndarray'> 10 <class 'numpy.ndarray'> 484
19 #### TIMES #### bootstrap_soundscape TOTAL TOTAL ==>> 81.05402421951294
20 REGION: ====>>>> Plantation #### RUNNING #### AUDIO: ====>>>> /home/vargas/repos/forests-sounds-vargas/data/Plantation/2_02_PSA0077-2013.mp3
20 - audio_file: /home/vargas/repos/forests-sounds-vargas/data/Plantation/2_02_PSA0077-2013.mp3 - region: Plantation
y: [-0.00433627 -0.00495441 -0.00197762  0.00187105  0.0034753   0.00254379
  0.00032513 -0.00268132 -0.00445698]
total samples in y: (86400000,) in time: 1800 secs
samples rate per second:  48000
### ORIGINAL Y_C 86400000 [-0.00433627 -0.00495441 -0.00197762  0.00187105  0.0034753   0.00254379
  0.00032513 -0.00268132 -0.00445698] <class 'numpy.ndarray'>
### CHUNKS Y_C total_chunks: 180 chunk_size: 480000 <class 'list'> <class 'numpy.ndarray'>
### PARALLEL split_freq_band
#### PARALLEL SPLIT DENOISE Y_C SPLIT PER FREQUENCY 180 10 10000 [-3.85728128e-05  1.35028388e-05  2.76660490e-05  9.13886513e-05
  5.75055389e-05 -4.47194962e-05  1.73623829e-04 -4.93329129e-05
  1.26871178e-04] 1.7736563682556152
#### TIMES #### List comprehension
#### TIMES #### List comprehension: 0.07610321044921875
#### REARRANGED THE SIGNAL PER 10 FREQUENCIES <class 'list'> 10 <class 'numpy.ndarray'> 1800000
### COMPUTE SLIDING WINDOW WITH SUM
#### RUNNING #### sum_this_sliding_window
#### TIMES #### sum_this_sliding_window 0.465595006942749
#### REARRANGED THE SIGNAL SUM SLIDING_WINDOW PER 10 FREQUENCIES <class 'numpy.ndarray'> 10 <class 'numpy.ndarray'> 484
20 #### TIMES #### bootstrap_soundscape TOTAL TOTAL ==>> 75.41285252571106
21 REGION: ====>>>> Plantation #### RUNNING #### AUDIO: ====>>>> /home/vargas/repos/forests-sounds-vargas/data/Plantation/2_12_PSA0254-2011.mp3
21 - audio_file: /home/vargas/repos/forests-sounds-vargas/data/Plantation/2_12_PSA0254-2011.mp3 - region: Plantation
y: [ 0.00175081 -0.00323589 -0.00785828 -0.00602909 -0.00034175  0.00169458
 -0.00107514 -0.00280806 -0.00080339]
total samples in y: (86400000,) in time: 1800 secs
samples rate per second:  48000
### ORIGINAL Y_C 86400000 [ 0.00175081 -0.00323589 -0.00785828 -0.00602909 -0.00034175  0.00169458
 -0.00107514 -0.00280806 -0.00080339] <class 'numpy.ndarray'>
### CHUNKS Y_C total_chunks: 180 chunk_size: 480000 <class 'list'> <class 'numpy.ndarray'>
### PARALLEL split_freq_band
#### PARALLEL SPLIT DENOISE Y_C SPLIT PER FREQUENCY 180 10 10000 [0.00061714 0.00031284 0.00044165 0.00023632 0.00024784 0.00042786
 0.00021098 0.00022796 0.00048004] 1.9540233612060547
#### TIMES #### List comprehension
#### TIMES #### List comprehension: 0.09266829490661621
#### REARRANGED THE SIGNAL PER 10 FREQUENCIES <class 'list'> 10 <class 'numpy.ndarray'> 1800000
### COMPUTE SLIDING WINDOW WITH SUM
#### RUNNING #### sum_this_sliding_window
#### TIMES #### sum_this_sliding_window 0.4452650547027588
#### REARRANGED THE SIGNAL SUM SLIDING_WINDOW PER 10 FREQUENCIES <class 'numpy.ndarray'> 10 <class 'numpy.ndarray'> 484
21 #### TIMES #### bootstrap_soundscape TOTAL TOTAL ==>> 77.94240832328796
22 REGION: ====>>>> Pasture #### RUNNING #### AUDIO: ====>>>> /home/vargas/repos/forests-sounds-vargas/data/Pasture/3_01_Pasture11.mp3
22 - audio_file: /home/vargas/repos/forests-sounds-vargas/data/Pasture/3_01_Pasture11.mp3 - region: Pasture
y: [-7.8479032e-04 -2.0871679e-03  4.1018400e-04  2.8872874e-03
  2.7670162e-03  1.2681029e-03  2.7039059e-05 -1.3762547e-04
 -2.9300922e-04]
total samples in y: (86400000,) in time: 1800 secs
samples rate per second:  48000
### ORIGINAL Y_C 86400000 [-7.8479032e-04 -2.0871679e-03  4.1018400e-04  2.8872874e-03
  2.7670162e-03  1.2681029e-03  2.7039059e-05 -1.3762547e-04
 -2.9300922e-04] <class 'numpy.ndarray'>
### CHUNKS Y_C total_chunks: 180 chunk_size: 480000 <class 'list'> <class 'numpy.ndarray'>
### PARALLEL split_freq_band
#### PARALLEL SPLIT DENOISE Y_C SPLIT PER FREQUENCY 180 10 10000 [9.54998640e-05 3.64128751e-05 2.72177369e-05 2.33120825e-05
 2.09910690e-05 1.93720483e-05 1.81422054e-05 1.71591281e-05
 1.63471626e-05] 1.9179127216339111
#### TIMES #### List comprehension
#### TIMES #### List comprehension: 0.07446002960205078
#### REARRANGED THE SIGNAL PER 10 FREQUENCIES <class 'list'> 10 <class 'numpy.ndarray'> 1800000
### COMPUTE SLIDING WINDOW WITH SUM
#### RUNNING #### sum_this_sliding_window
#### TIMES #### sum_this_sliding_window 0.4419369697570801
#### REARRANGED THE SIGNAL SUM SLIDING_WINDOW PER 10 FREQUENCIES <class 'numpy.ndarray'> 10 <class 'numpy.ndarray'> 484
22 #### TIMES #### bootstrap_soundscape TOTAL TOTAL ==>> 75.36993598937988
23 REGION: ====>>>> Pasture #### RUNNING #### AUDIO: ====>>>> /home/vargas/repos/forests-sounds-vargas/data/Pasture/3_09_Pasture8.mp3
23 - audio_file: /home/vargas/repos/forests-sounds-vargas/data/Pasture/3_09_Pasture8.mp3 - region: Pasture
y: [ 0.00261545 -0.00092412 -0.0060214  -0.0065224  -0.00085734  0.00450322
  0.00437373 -0.00030787 -0.00563385]
total samples in y: (86400000,) in time: 1800 secs
samples rate per second:  48000
### ORIGINAL Y_C 86400000 [ 0.00261545 -0.00092412 -0.0060214  -0.0065224  -0.00085734  0.00450322
  0.00437373 -0.00030787 -0.00563385] <class 'numpy.ndarray'>
### CHUNKS Y_C total_chunks: 180 chunk_size: 480000 <class 'list'> <class 'numpy.ndarray'>
### PARALLEL split_freq_band
#### PARALLEL SPLIT DENOISE Y_C SPLIT PER FREQUENCY 180 10 10000 [-0.00082776  0.00144577 -0.0005313  -0.00207817  0.00103994  0.00136498
 -0.0009438   0.00014268  0.00096612] 1.8072874546051025
#### TIMES #### List comprehension
#### TIMES #### List comprehension: 0.07632851600646973
#### REARRANGED THE SIGNAL PER 10 FREQUENCIES <class 'list'> 10 <class 'numpy.ndarray'> 1800000
### COMPUTE SLIDING WINDOW WITH SUM
#### RUNNING #### sum_this_sliding_window
#### TIMES #### sum_this_sliding_window 0.4460310935974121
#### REARRANGED THE SIGNAL SUM SLIDING_WINDOW PER 10 FREQUENCIES <class 'numpy.ndarray'> 10 <class 'numpy.ndarray'> 484
23 #### TIMES #### bootstrap_soundscape TOTAL TOTAL ==>> 74.0410566329956
24 REGION: ====>>>> Pasture #### RUNNING #### AUDIO: ====>>>> /home/vargas/repos/forests-sounds-vargas/data/Pasture/3_06_Pasture5.mp3
24 - audio_file: /home/vargas/repos/forests-sounds-vargas/data/Pasture/3_06_Pasture5.mp3 - region: Pasture
y: [-0.00381287 -0.0027278   0.00032075  0.00017258 -0.00444139 -0.00411534
  0.00661932  0.01696365  0.01375177]
total samples in y: (86400000,) in time: 1800 secs
samples rate per second:  48000
### ORIGINAL Y_C 86400000 [-0.00381287 -0.0027278   0.00032075  0.00017258 -0.00444139 -0.00411534
  0.00661932  0.01696365  0.01375177] <class 'numpy.ndarray'>
### CHUNKS Y_C total_chunks: 180 chunk_size: 480000 <class 'list'> <class 'numpy.ndarray'>
### PARALLEL split_freq_band
#### PARALLEL SPLIT DENOISE Y_C SPLIT PER FREQUENCY 180 10 10000 [-7.45390336e-03  4.14575944e-04  2.77035392e-04  1.94255504e-04
  1.45205270e-04  1.13322012e-04  9.10445811e-05  7.46249650e-05
  6.20253426e-05] 1.803992748260498
#### TIMES #### List comprehension
#### TIMES #### List comprehension: 0.07348179817199707
#### REARRANGED THE SIGNAL PER 10 FREQUENCIES <class 'list'> 10 <class 'numpy.ndarray'> 1800000
### COMPUTE SLIDING WINDOW WITH SUM
#### RUNNING #### sum_this_sliding_window
#### TIMES #### sum_this_sliding_window 0.44342517852783203
#### REARRANGED THE SIGNAL SUM SLIDING_WINDOW PER 10 FREQUENCIES <class 'numpy.ndarray'> 10 <class 'numpy.ndarray'> 484
24 #### TIMES #### bootstrap_soundscape TOTAL TOTAL ==>> 71.04348802566528
25 REGION: ====>>>> Pasture #### RUNNING #### AUDIO: ====>>>> /home/vargas/repos/forests-sounds-vargas/data/Pasture/3_08_Pasture6.mp3
25 - audio_file: /home/vargas/repos/forests-sounds-vargas/data/Pasture/3_08_Pasture6.mp3 - region: Pasture
y: [-0.00626647 -0.00417781  0.00088     0.0031542   0.00375354  0.00452603
  0.00266295 -0.0027078  -0.00751396]
total samples in y: (86400000,) in time: 1800 secs
samples rate per second:  48000
### ORIGINAL Y_C 86400000 [-0.00626647 -0.00417781  0.00088     0.0031542   0.00375354  0.00452603
  0.00266295 -0.0027078  -0.00751396] <class 'numpy.ndarray'>
### CHUNKS Y_C total_chunks: 180 chunk_size: 480000 <class 'list'> <class 'numpy.ndarray'>
### PARALLEL split_freq_band
#### PARALLEL SPLIT DENOISE Y_C SPLIT PER FREQUENCY 180 10 10000 [-1.95597812e-04 -4.92409247e-06 -9.14891004e-06 -1.06681689e-05
 -1.15028746e-05 -1.20985608e-05 -1.25690236e-05 -1.29647175e-05
 -1.33151293e-05] 1.8426103591918945
#### TIMES #### List comprehension
#### TIMES #### List comprehension: 0.058829307556152344
#### REARRANGED THE SIGNAL PER 10 FREQUENCIES <class 'list'> 10 <class 'numpy.ndarray'> 1800000
### COMPUTE SLIDING WINDOW WITH SUM
#### RUNNING #### sum_this_sliding_window
#### TIMES #### sum_this_sliding_window 0.4383068084716797
#### REARRANGED THE SIGNAL SUM SLIDING_WINDOW PER 10 FREQUENCIES <class 'numpy.ndarray'> 10 <class 'numpy.ndarray'> 484
25 #### TIMES #### bootstrap_soundscape TOTAL TOTAL ==>> 79.2568109035492
26 REGION: ====>>>> Pasture #### RUNNING #### AUDIO: ====>>>> /home/vargas/repos/forests-sounds-vargas/data/Pasture/3_07_Pasture5.mp3
26 - audio_file: /home/vargas/repos/forests-sounds-vargas/data/Pasture/3_07_Pasture5.mp3 - region: Pasture
y: [-0.00381287 -0.0027278   0.00032075  0.00017258 -0.00444139 -0.00411534
  0.00661932  0.01696365  0.01375177]
total samples in y: (86400000,) in time: 1800 secs
samples rate per second:  48000
### ORIGINAL Y_C 86400000 [-0.00381287 -0.0027278   0.00032075  0.00017258 -0.00444139 -0.00411534
  0.00661932  0.01696365  0.01375177] <class 'numpy.ndarray'>
### CHUNKS Y_C total_chunks: 180 chunk_size: 480000 <class 'list'> <class 'numpy.ndarray'>
### PARALLEL split_freq_band
#### PARALLEL SPLIT DENOISE Y_C SPLIT PER FREQUENCY 180 10 10000 [-7.45390336e-03  4.14575944e-04  2.77035392e-04  1.94255504e-04
  1.45205270e-04  1.13322012e-04  9.10445811e-05  7.46249650e-05
  6.20253426e-05] 1.8453433513641357
#### TIMES #### List comprehension
#### TIMES #### List comprehension: 0.07537603378295898
#### REARRANGED THE SIGNAL PER 10 FREQUENCIES <class 'list'> 10 <class 'numpy.ndarray'> 1800000
### COMPUTE SLIDING WINDOW WITH SUM
#### RUNNING #### sum_this_sliding_window
#### TIMES #### sum_this_sliding_window 0.4549829959869385
#### REARRANGED THE SIGNAL SUM SLIDING_WINDOW PER 10 FREQUENCIES <class 'numpy.ndarray'> 10 <class 'numpy.ndarray'> 484
26 #### TIMES #### bootstrap_soundscape TOTAL TOTAL ==>> 71.26463031768799
27 REGION: ====>>>> Pasture #### RUNNING #### AUDIO: ====>>>> /home/vargas/repos/forests-sounds-vargas/data/Pasture/3_05_Pasture4.mp3
27 - audio_file: /home/vargas/repos/forests-sounds-vargas/data/Pasture/3_05_Pasture4.mp3 - region: Pasture
y: [ 0.0057366  -0.00273573 -0.0150972  -0.01746827 -0.01176313 -0.00983595
 -0.01108886 -0.00824677 -0.00404682]
total samples in y: (86400000,) in time: 1800 secs
samples rate per second:  48000
### ORIGINAL Y_C 86400000 [ 0.0057366  -0.00273573 -0.0150972  -0.01746827 -0.01176313 -0.00983595
 -0.01108886 -0.00824677 -0.00404682] <class 'numpy.ndarray'>
### CHUNKS Y_C total_chunks: 180 chunk_size: 480000 <class 'list'> <class 'numpy.ndarray'>
### PARALLEL split_freq_band
#### PARALLEL SPLIT DENOISE Y_C SPLIT PER FREQUENCY 180 10 10000 [-2.55181499e-03 -3.82045565e-06 -4.80571442e-05  1.46337310e-04
 -1.50373020e-04  1.49570000e-04 -1.42487529e-04  1.42621849e-04
 -1.15683098e-04] 1.9544126987457275
#### TIMES #### List comprehension
#### TIMES #### List comprehension: 0.06761980056762695
#### REARRANGED THE SIGNAL PER 10 FREQUENCIES <class 'list'> 10 <class 'numpy.ndarray'> 1800000
### COMPUTE SLIDING WINDOW WITH SUM
#### RUNNING #### sum_this_sliding_window
#### TIMES #### sum_this_sliding_window 0.4477722644805908
#### REARRANGED THE SIGNAL SUM SLIDING_WINDOW PER 10 FREQUENCIES <class 'numpy.ndarray'> 10 <class 'numpy.ndarray'> 484
27 #### TIMES #### bootstrap_soundscape TOTAL TOTAL ==>> 88.88058161735535
28 REGION: ====>>>> Pasture #### RUNNING #### AUDIO: ====>>>> /home/vargas/repos/forests-sounds-vargas/data/Pasture/3_00_Pasture10.mp3
28 - audio_file: /home/vargas/repos/forests-sounds-vargas/data/Pasture/3_00_Pasture10.mp3 - region: Pasture
y: [0.00365036 0.0032973  0.00126399 0.00112457 0.00214178 0.00322806
 0.00385621 0.00296243 0.00160244]
total samples in y: (86400000,) in time: 1800 secs
samples rate per second:  48000
### ORIGINAL Y_C 86400000 [0.00365036 0.0032973  0.00126399 0.00112457 0.00214178 0.00322806
 0.00385621 0.00296243 0.00160244] <class 'numpy.ndarray'>
### CHUNKS Y_C total_chunks: 180 chunk_size: 480000 <class 'list'> <class 'numpy.ndarray'>
### PARALLEL split_freq_band
#### PARALLEL SPLIT DENOISE Y_C SPLIT PER FREQUENCY 180 10 10000 [ 0.00544634 -0.00874512  0.00174176  0.00417403 -0.00947052  0.0211655
 -0.01967737 -0.00511707  0.01326095] 1.8833396434783936
#### TIMES #### List comprehension
#### TIMES #### List comprehension: 0.07542014122009277
#### REARRANGED THE SIGNAL PER 10 FREQUENCIES <class 'list'> 10 <class 'numpy.ndarray'> 1800000
### COMPUTE SLIDING WINDOW WITH SUM
#### RUNNING #### sum_this_sliding_window
#### TIMES #### sum_this_sliding_window 0.4611520767211914
#### REARRANGED THE SIGNAL SUM SLIDING_WINDOW PER 10 FREQUENCIES <class 'numpy.ndarray'> 10 <class 'numpy.ndarray'> 484
28 #### TIMES #### bootstrap_soundscape TOTAL TOTAL ==>> 76.68540287017822
29 REGION: ====>>>> Pasture #### RUNNING #### AUDIO: ====>>>> /home/vargas/repos/forests-sounds-vargas/data/Pasture/3_03_Pasture2.mp3
29 - audio_file: /home/vargas/repos/forests-sounds-vargas/data/Pasture/3_03_Pasture2.mp3 - region: Pasture
y: [-0.006425   -0.00607684 -0.00163868  0.00151603  0.00407694  0.00710465
  0.00620017  0.0015748  -0.00099667]
total samples in y: (86400000,) in time: 1800 secs
samples rate per second:  48000
### ORIGINAL Y_C 86400000 [-0.006425   -0.00607684 -0.00163868  0.00151603  0.00407694  0.00710465
  0.00620017  0.0015748  -0.00099667] <class 'numpy.ndarray'>
### CHUNKS Y_C total_chunks: 180 chunk_size: 480000 <class 'list'> <class 'numpy.ndarray'>
### PARALLEL split_freq_band
#### PARALLEL SPLIT DENOISE Y_C SPLIT PER FREQUENCY 180 10 10000 [ 8.88466659e-04  6.86255917e-05 -4.21516640e-05 -1.35573547e-04
 -4.61704271e-05  6.65965393e-05  2.96955082e-04  3.99663252e-04
 -3.73870475e-05] 1.8439364433288574
#### TIMES #### List comprehension
#### TIMES #### List comprehension: 0.11350750923156738
#### REARRANGED THE SIGNAL PER 10 FREQUENCIES <class 'list'> 10 <class 'numpy.ndarray'> 1800000
### COMPUTE SLIDING WINDOW WITH SUM
#### RUNNING #### sum_this_sliding_window
#### TIMES #### sum_this_sliding_window 0.44894957542419434
#### REARRANGED THE SIGNAL SUM SLIDING_WINDOW PER 10 FREQUENCIES <class 'numpy.ndarray'> 10 <class 'numpy.ndarray'> 484
29 #### TIMES #### bootstrap_soundscape TOTAL TOTAL ==>> 72.02004766464233
30 REGION: ====>>>> Pasture #### RUNNING #### AUDIO: ====>>>> /home/vargas/repos/forests-sounds-vargas/data/Pasture/3_10_Pasture9.mp3
30 - audio_file: /home/vargas/repos/forests-sounds-vargas/data/Pasture/3_10_Pasture9.mp3 - region: Pasture
y: [-0.00402293  0.00018895  0.00486967  0.00672111  0.00504222 -0.00141986
 -0.00852966 -0.00877793 -0.00269217]
total samples in y: (86400000,) in time: 1800 secs
samples rate per second:  48000
### ORIGINAL Y_C 86400000 [-0.00402293  0.00018895  0.00486967  0.00672111  0.00504222 -0.00141986
 -0.00852966 -0.00877793 -0.00269217] <class 'numpy.ndarray'>
### CHUNKS Y_C total_chunks: 180 chunk_size: 480000 <class 'list'> <class 'numpy.ndarray'>
### PARALLEL split_freq_band
#### PARALLEL SPLIT DENOISE Y_C SPLIT PER FREQUENCY 180 10 10000 [-1.04534325e-02 -1.74561078e-03 -8.25857633e-04 -4.90008605e-04
 -3.24795685e-04 -2.29646902e-04 -1.69136942e-04 -1.27964231e-04
 -9.85631378e-05] 1.785538911819458
#### TIMES #### List comprehension
#### TIMES #### List comprehension: 0.05948376655578613
#### REARRANGED THE SIGNAL PER 10 FREQUENCIES <class 'list'> 10 <class 'numpy.ndarray'> 1800000
### COMPUTE SLIDING WINDOW WITH SUM
#### RUNNING #### sum_this_sliding_window
#### TIMES #### sum_this_sliding_window 0.43907713890075684
#### REARRANGED THE SIGNAL SUM SLIDING_WINDOW PER 10 FREQUENCIES <class 'numpy.ndarray'> 10 <class 'numpy.ndarray'> 484
30 #### TIMES #### bootstrap_soundscape TOTAL TOTAL ==>> 79.94486021995544
31 REGION: ====>>>> Pasture #### RUNNING #### AUDIO: ====>>>> /home/vargas/repos/forests-sounds-vargas/data/Pasture/3_04_Pasture3.mp3
31 - audio_file: /home/vargas/repos/forests-sounds-vargas/data/Pasture/3_04_Pasture3.mp3 - region: Pasture
y: [-0.01645248 -0.00066915 -0.01571613  0.00739202  0.0242783  -0.01983872
 -0.02534965  0.0034896  -0.00387647]
total samples in y: (86400000,) in time: 1800 secs
samples rate per second:  48000
### ORIGINAL Y_C 86400000 [-0.01645248 -0.00066915 -0.01571613  0.00739202  0.0242783  -0.01983872
 -0.02534965  0.0034896  -0.00387647] <class 'numpy.ndarray'>
### CHUNKS Y_C total_chunks: 180 chunk_size: 480000 <class 'list'> <class 'numpy.ndarray'>
### PARALLEL split_freq_band
#### PARALLEL SPLIT DENOISE Y_C SPLIT PER FREQUENCY 180 10 10000 [-2.38267325e-03 -2.87702729e-04 -1.75327601e-04 -1.30510661e-04
 -1.06599240e-04 -9.17727435e-05 -8.16812530e-05 -7.43596249e-05
 -6.87952002e-05] 1.9108619689941406
#### TIMES #### List comprehension
#### TIMES #### List comprehension: 0.0793769359588623
#### REARRANGED THE SIGNAL PER 10 FREQUENCIES <class 'list'> 10 <class 'numpy.ndarray'> 1800000
### COMPUTE SLIDING WINDOW WITH SUM
#### RUNNING #### sum_this_sliding_window
#### TIMES #### sum_this_sliding_window 0.45539021492004395
#### REARRANGED THE SIGNAL SUM SLIDING_WINDOW PER 10 FREQUENCIES <class 'numpy.ndarray'> 10 <class 'numpy.ndarray'> 484
31 #### TIMES #### bootstrap_soundscape TOTAL TOTAL ==>> 81.50813817977905
32 REGION: ====>>>> Pasture #### RUNNING #### AUDIO: ====>>>> /home/vargas/repos/forests-sounds-vargas/data/Pasture/3_02_Pasture12.mp3
32 - audio_file: /home/vargas/repos/forests-sounds-vargas/data/Pasture/3_02_Pasture12.mp3 - region: Pasture
y: [ 1.8349340e-03 -3.3504126e-05 -4.4894009e-04 -1.3686367e-05
  1.3483892e-05  2.0566548e-03  5.0532585e-03  3.6723120e-03
 -8.7233982e-04]
total samples in y: (86400000,) in time: 1800 secs
samples rate per second:  48000
### ORIGINAL Y_C 86400000 [ 1.8349340e-03 -3.3504126e-05 -4.4894009e-04 -1.3686367e-05
  1.3483892e-05  2.0566548e-03  5.0532585e-03  3.6723120e-03
 -8.7233982e-04] <class 'numpy.ndarray'>
### CHUNKS Y_C total_chunks: 180 chunk_size: 480000 <class 'list'> <class 'numpy.ndarray'>
### PARALLEL split_freq_band
#### PARALLEL SPLIT DENOISE Y_C SPLIT PER FREQUENCY 180 10 10000 [-0.00312409 -0.00286213  0.00449902 -0.0040397  -0.00388562  0.00131904
 -0.00016067  0.00502831  0.00181511] 1.9700915813446045
#### TIMES #### List comprehension
#### TIMES #### List comprehension: 0.07662129402160645
#### REARRANGED THE SIGNAL PER 10 FREQUENCIES <class 'list'> 10 <class 'numpy.ndarray'> 1800000
### COMPUTE SLIDING WINDOW WITH SUM
#### RUNNING #### sum_this_sliding_window
#### TIMES #### sum_this_sliding_window 0.4536738395690918
#### REARRANGED THE SIGNAL SUM SLIDING_WINDOW PER 10 FREQUENCIES <class 'numpy.ndarray'> 10 <class 'numpy.ndarray'> 484
32 #### TIMES #### bootstrap_soundscape TOTAL TOTAL ==>> 71.17793226242065
33 REGION: ====>>>> NaturalRegeneration #### RUNNING #### AUDIO: ====>>>> /home/vargas/repos/forests-sounds-vargas/data/NaturalRegeneration/1_01_PSA0009-2018.mp3
33 - audio_file: /home/vargas/repos/forests-sounds-vargas/data/NaturalRegeneration/1_01_PSA0009-2018.mp3 - region: NaturalRegeneration
y: [-0.00073008 -0.00149818 -0.00137381  0.00121684  0.0025564   0.00025634
 -0.00252127 -0.00486954 -0.00723418]
total samples in y: (86400000,) in time: 1800 secs
samples rate per second:  48000
### ORIGINAL Y_C 86400000 [-0.00073008 -0.00149818 -0.00137381  0.00121684  0.0025564   0.00025634
 -0.00252127 -0.00486954 -0.00723418] <class 'numpy.ndarray'>
### CHUNKS Y_C total_chunks: 180 chunk_size: 480000 <class 'list'> <class 'numpy.ndarray'>
### PARALLEL split_freq_band
#### PARALLEL SPLIT DENOISE Y_C SPLIT PER FREQUENCY 180 10 10000 [-2.53193459e-04  7.26013773e-05  2.45724072e-04  9.54390825e-05
  7.31249251e-05  8.51524221e-05  1.03260767e-05 -2.54150984e-04
 -6.36278177e-04] 1.8910040855407715
#### TIMES #### List comprehension
#### TIMES #### List comprehension: 0.07307291030883789
#### REARRANGED THE SIGNAL PER 10 FREQUENCIES <class 'list'> 10 <class 'numpy.ndarray'> 1800000
### COMPUTE SLIDING WINDOW WITH SUM
#### RUNNING #### sum_this_sliding_window
#### TIMES #### sum_this_sliding_window 0.45110297203063965
#### REARRANGED THE SIGNAL SUM SLIDING_WINDOW PER 10 FREQUENCIES <class 'numpy.ndarray'> 10 <class 'numpy.ndarray'> 484
33 #### TIMES #### bootstrap_soundscape TOTAL TOTAL ==>> 80.4603967666626
34 REGION: ====>>>> NaturalRegeneration #### RUNNING #### AUDIO: ====>>>> /home/vargas/repos/forests-sounds-vargas/data/NaturalRegeneration/1_05_PSA0074-2020.mp3
34 - audio_file: /home/vargas/repos/forests-sounds-vargas/data/NaturalRegeneration/1_05_PSA0074-2020.mp3 - region: NaturalRegeneration
y: [-0.00413486 -0.00270978 -0.00017886 -0.00018085 -0.00060511 -0.00186505
 -0.00377522 -0.00295778 -0.00029858]
total samples in y: (86400000,) in time: 1800 secs
samples rate per second:  48000
### ORIGINAL Y_C 86400000 [-0.00413486 -0.00270978 -0.00017886 -0.00018085 -0.00060511 -0.00186505
 -0.00377522 -0.00295778 -0.00029858] <class 'numpy.ndarray'>
### CHUNKS Y_C total_chunks: 180 chunk_size: 480000 <class 'list'> <class 'numpy.ndarray'>
### PARALLEL split_freq_band
#### PARALLEL SPLIT DENOISE Y_C SPLIT PER FREQUENCY 180 10 10000 [-9.67526073e-05 -1.81657078e-05  1.06365554e-05  5.62550245e-06
 -5.62741583e-05  2.94130837e-05  2.90877336e-05 -1.60745219e-04
  2.54107039e-04] 1.8755221366882324
#### TIMES #### List comprehension
#### TIMES #### List comprehension: 0.07500028610229492
#### REARRANGED THE SIGNAL PER 10 FREQUENCIES <class 'list'> 10 <class 'numpy.ndarray'> 1800000
### COMPUTE SLIDING WINDOW WITH SUM
#### RUNNING #### sum_this_sliding_window
#### TIMES #### sum_this_sliding_window 0.45198893547058105
#### REARRANGED THE SIGNAL SUM SLIDING_WINDOW PER 10 FREQUENCIES <class 'numpy.ndarray'> 10 <class 'numpy.ndarray'> 484
34 #### TIMES #### bootstrap_soundscape TOTAL TOTAL ==>> 71.85092830657959
35 REGION: ====>>>> NaturalRegeneration #### RUNNING #### AUDIO: ====>>>> /home/vargas/repos/forests-sounds-vargas/data/NaturalRegeneration/1_13_PSA0165-2021.mp3
35 - audio_file: /home/vargas/repos/forests-sounds-vargas/data/NaturalRegeneration/1_13_PSA0165-2021.mp3 - region: NaturalRegeneration
y: [ 0.00119434  0.0014703   0.00074433 -0.00060399 -0.0012913  -0.00042328
  0.00121864  0.00340199  0.00547332]
total samples in y: (86400000,) in time: 1800 secs
samples rate per second:  48000
### ORIGINAL Y_C 86400000 [ 0.00119434  0.0014703   0.00074433 -0.00060399 -0.0012913  -0.00042328
  0.00121864  0.00340199  0.00547332] <class 'numpy.ndarray'>
### CHUNKS Y_C total_chunks: 180 chunk_size: 480000 <class 'list'> <class 'numpy.ndarray'>
### PARALLEL split_freq_band
#### PARALLEL SPLIT DENOISE Y_C SPLIT PER FREQUENCY 180 10 10000 [-0.00035893 -0.00021625 -0.00017058 -0.00014646 -0.00013123 -0.00012056
 -0.00011257 -0.0001063  -0.0001012 ] 1.7754831314086914
#### TIMES #### List comprehension
#### TIMES #### List comprehension: 0.0790257453918457
#### REARRANGED THE SIGNAL PER 10 FREQUENCIES <class 'list'> 10 <class 'numpy.ndarray'> 1800000
### COMPUTE SLIDING WINDOW WITH SUM
#### RUNNING #### sum_this_sliding_window
#### TIMES #### sum_this_sliding_window 0.44919419288635254
#### REARRANGED THE SIGNAL SUM SLIDING_WINDOW PER 10 FREQUENCIES <class 'numpy.ndarray'> 10 <class 'numpy.ndarray'> 484
35 #### TIMES #### bootstrap_soundscape TOTAL TOTAL ==>> 71.30366373062134
36 REGION: ====>>>> NaturalRegeneration #### RUNNING #### AUDIO: ====>>>> /home/vargas/repos/forests-sounds-vargas/data/NaturalRegeneration/1_17_PSA0193-2013.mp3
36 - audio_file: /home/vargas/repos/forests-sounds-vargas/data/NaturalRegeneration/1_17_PSA0193-2013.mp3 - region: NaturalRegeneration
y: [-9.4229414e-05  6.7900686e-04  2.5894905e-03  3.2814175e-03
  2.7445049e-03  1.4147771e-03 -1.0942377e-03 -3.1116561e-03
 -3.2491102e-03]
total samples in y: (86400000,) in time: 1800 secs
samples rate per second:  48000
### ORIGINAL Y_C 86400000 [-9.4229414e-05  6.7900686e-04  2.5894905e-03  3.2814175e-03
  2.7445049e-03  1.4147771e-03 -1.0942377e-03 -3.1116561e-03
 -3.2491102e-03] <class 'numpy.ndarray'>
### CHUNKS Y_C total_chunks: 180 chunk_size: 480000 <class 'list'> <class 'numpy.ndarray'>
### PARALLEL split_freq_band
#### PARALLEL SPLIT DENOISE Y_C SPLIT PER FREQUENCY 180 10 10000 [-0.00056106 -0.00031823 -0.00026027 -0.00023297 -0.00021655 -0.00020531
 -0.00019699 -0.00019047 -0.00018515] 1.831360101699829
#### TIMES #### List comprehension
#### TIMES #### List comprehension: 0.059945106506347656
#### REARRANGED THE SIGNAL PER 10 FREQUENCIES <class 'list'> 10 <class 'numpy.ndarray'> 1800000
### COMPUTE SLIDING WINDOW WITH SUM
#### RUNNING #### sum_this_sliding_window
#### TIMES #### sum_this_sliding_window 0.4566762447357178
#### REARRANGED THE SIGNAL SUM SLIDING_WINDOW PER 10 FREQUENCIES <class 'numpy.ndarray'> 10 <class 'numpy.ndarray'> 484
36 #### TIMES #### bootstrap_soundscape TOTAL TOTAL ==>> 78.39099478721619
37 REGION: ====>>>> NaturalRegeneration #### RUNNING #### AUDIO: ====>>>> /home/vargas/repos/forests-sounds-vargas/data/NaturalRegeneration/1_12_PSA0161-2016.mp3
37 - audio_file: /home/vargas/repos/forests-sounds-vargas/data/NaturalRegeneration/1_12_PSA0161-2016.mp3 - region: NaturalRegeneration
y: [0.00123108 0.00094246 0.00163549 0.00216079 0.0021793  0.00242583
 0.00282757 0.00242003 0.00074263]
total samples in y: (86400000,) in time: 1800 secs
samples rate per second:  48000
### ORIGINAL Y_C 86400000 [0.00123108 0.00094246 0.00163549 0.00216079 0.0021793  0.00242583
 0.00282757 0.00242003 0.00074263] <class 'numpy.ndarray'>
### CHUNKS Y_C total_chunks: 180 chunk_size: 480000 <class 'list'> <class 'numpy.ndarray'>
### PARALLEL split_freq_band
#### PARALLEL SPLIT DENOISE Y_C SPLIT PER FREQUENCY 180 10 10000 [ 6.14830633e-04  5.14724047e-05  1.78709084e-05  6.53087387e-06
  8.52788840e-07 -2.56111047e-06 -4.84521846e-06 -6.48564596e-06
 -7.72462817e-06] 1.768566608428955
#### TIMES #### List comprehension
#### TIMES #### List comprehension: 0.07114481925964355
#### REARRANGED THE SIGNAL PER 10 FREQUENCIES <class 'list'> 10 <class 'numpy.ndarray'> 1800000
### COMPUTE SLIDING WINDOW WITH SUM
#### RUNNING #### sum_this_sliding_window
#### TIMES #### sum_this_sliding_window 0.4338376522064209
#### REARRANGED THE SIGNAL SUM SLIDING_WINDOW PER 10 FREQUENCIES <class 'numpy.ndarray'> 10 <class 'numpy.ndarray'> 484
37 #### TIMES #### bootstrap_soundscape TOTAL TOTAL ==>> 78.81518363952637
38 REGION: ====>>>> NaturalRegeneration #### RUNNING #### AUDIO: ====>>>> /home/vargas/repos/forests-sounds-vargas/data/NaturalRegeneration/1_16_PSA0183-2017.mp3
38 - audio_file: /home/vargas/repos/forests-sounds-vargas/data/NaturalRegeneration/1_16_PSA0183-2017.mp3 - region: NaturalRegeneration
y: [ 9.8261726e-04 -3.2066222e-05 -2.3561085e-03 -7.2424085e-04
  1.3759425e-03  1.0739835e-03  8.6392160e-05 -1.8749989e-03
 -1.5327190e-03]
total samples in y: (86400000,) in time: 1800 secs
samples rate per second:  48000
### ORIGINAL Y_C 86400000 [ 9.8261726e-04 -3.2066222e-05 -2.3561085e-03 -7.2424085e-04
  1.3759425e-03  1.0739835e-03  8.6392160e-05 -1.8749989e-03
 -1.5327190e-03] <class 'numpy.ndarray'>
### CHUNKS Y_C total_chunks: 180 chunk_size: 480000 <class 'list'> <class 'numpy.ndarray'>
### PARALLEL split_freq_band
#### PARALLEL SPLIT DENOISE Y_C SPLIT PER FREQUENCY 180 10 10000 [0.00018141 0.00015334 0.00015361 0.00015385 0.00015409 0.00015432
 0.00015455 0.00015478 0.00015501] 2.0117952823638916
#### TIMES #### List comprehension
#### TIMES #### List comprehension: 0.07468223571777344
#### REARRANGED THE SIGNAL PER 10 FREQUENCIES <class 'list'> 10 <class 'numpy.ndarray'> 1800000
### COMPUTE SLIDING WINDOW WITH SUM
#### RUNNING #### sum_this_sliding_window
#### TIMES #### sum_this_sliding_window 0.4386758804321289
#### REARRANGED THE SIGNAL SUM SLIDING_WINDOW PER 10 FREQUENCIES <class 'numpy.ndarray'> 10 <class 'numpy.ndarray'> 484
38 #### TIMES #### bootstrap_soundscape TOTAL TOTAL ==>> 75.87560939788818
39 REGION: ====>>>> NaturalRegeneration #### RUNNING #### AUDIO: ====>>>> /home/vargas/repos/forests-sounds-vargas/data/NaturalRegeneration/1_03_PSA0042-2017.mp3
39 - audio_file: /home/vargas/repos/forests-sounds-vargas/data/NaturalRegeneration/1_03_PSA0042-2017.mp3 - region: NaturalRegeneration
y: [-0.00364023 -0.00125221  0.00192867  0.00215246  0.00141629  0.00053356
 -0.00161819 -0.00299418 -0.00225683]
total samples in y: (86400000,) in time: 1800 secs
samples rate per second:  48000
### ORIGINAL Y_C 86400000 [-0.00364023 -0.00125221  0.00192867  0.00215246  0.00141629  0.00053356
 -0.00161819 -0.00299418 -0.00225683] <class 'numpy.ndarray'>
### CHUNKS Y_C total_chunks: 180 chunk_size: 480000 <class 'list'> <class 'numpy.ndarray'>
### PARALLEL split_freq_band
#### PARALLEL SPLIT DENOISE Y_C SPLIT PER FREQUENCY 180 10 10000 [-2.37867470e-04 -1.40884584e-05 -9.64373845e-06 -8.79750149e-06
 -8.53205313e-06 -8.42345753e-06 -8.38537668e-06 -8.37066873e-06
 -8.36856236e-06] 1.8642172813415527
#### TIMES #### List comprehension
#### TIMES #### List comprehension: 0.058096885681152344
#### REARRANGED THE SIGNAL PER 10 FREQUENCIES <class 'list'> 10 <class 'numpy.ndarray'> 1800000
### COMPUTE SLIDING WINDOW WITH SUM
#### RUNNING #### sum_this_sliding_window
#### TIMES #### sum_this_sliding_window 0.4461634159088135
#### REARRANGED THE SIGNAL SUM SLIDING_WINDOW PER 10 FREQUENCIES <class 'numpy.ndarray'> 10 <class 'numpy.ndarray'> 484
39 #### TIMES #### bootstrap_soundscape TOTAL TOTAL ==>> 86.83943700790405
40 REGION: ====>>>> NaturalRegeneration #### RUNNING #### AUDIO: ====>>>> /home/vargas/repos/forests-sounds-vargas/data/NaturalRegeneration/1_10_PSA0152-2013.mp3
40 - audio_file: /home/vargas/repos/forests-sounds-vargas/data/NaturalRegeneration/1_10_PSA0152-2013.mp3 - region: NaturalRegeneration
y: [-0.00159034 -0.00288069  0.00053162  0.00633866  0.0039187  -0.00379815
 -0.00480804 -0.00151416 -0.00072719]
total samples in y: (86400000,) in time: 1800 secs
samples rate per second:  48000
### ORIGINAL Y_C 86400000 [-0.00159034 -0.00288069  0.00053162  0.00633866  0.0039187  -0.00379815
 -0.00480804 -0.00151416 -0.00072719] <class 'numpy.ndarray'>
### CHUNKS Y_C total_chunks: 180 chunk_size: 480000 <class 'list'> <class 'numpy.ndarray'>
### PARALLEL split_freq_band
#### PARALLEL SPLIT DENOISE Y_C SPLIT PER FREQUENCY 180 10 10000 [-0.00474045 -0.00076959 -0.00079121  0.00018572 -0.0005684   0.00045937
 -0.00042342  0.00021795  0.00017327] 1.848625898361206
#### TIMES #### List comprehension
#### TIMES #### List comprehension: 0.09019613265991211
#### REARRANGED THE SIGNAL PER 10 FREQUENCIES <class 'list'> 10 <class 'numpy.ndarray'> 1800000
### COMPUTE SLIDING WINDOW WITH SUM
#### RUNNING #### sum_this_sliding_window
#### TIMES #### sum_this_sliding_window 0.43883228302001953
#### REARRANGED THE SIGNAL SUM SLIDING_WINDOW PER 10 FREQUENCIES <class 'numpy.ndarray'> 10 <class 'numpy.ndarray'> 484
40 #### TIMES #### bootstrap_soundscape TOTAL TOTAL ==>> 81.28768420219421
41 REGION: ====>>>> NaturalRegeneration #### RUNNING #### AUDIO: ====>>>> /home/vargas/repos/forests-sounds-vargas/data/NaturalRegeneration/1_00_PSA0004-2017.mp3
41 - audio_file: /home/vargas/repos/forests-sounds-vargas/data/NaturalRegeneration/1_00_PSA0004-2017.mp3 - region: NaturalRegeneration
y: [ 1.4344932e-03  2.4639177e-03  1.4560978e-03  3.0906291e-03
  5.1320400e-03  2.9266190e-03 -2.0787556e-06 -1.3506541e-03
 -2.3234403e-03]
total samples in y: (86400000,) in time: 1800 secs
samples rate per second:  48000
### ORIGINAL Y_C 86400000 [ 1.4344932e-03  2.4639177e-03  1.4560978e-03  3.0906291e-03
  5.1320400e-03  2.9266190e-03 -2.0787556e-06 -1.3506541e-03
 -2.3234403e-03] <class 'numpy.ndarray'>
### CHUNKS Y_C total_chunks: 180 chunk_size: 480000 <class 'list'> <class 'numpy.ndarray'>
### PARALLEL split_freq_band
#### PARALLEL SPLIT DENOISE Y_C SPLIT PER FREQUENCY 180 10 10000 [-9.54328104e-05  5.14803868e-05  8.46914069e-05  1.11278491e-04
  8.39744722e-05  5.99840322e-05  7.24386956e-05  5.57098378e-05
  9.87684867e-06] 1.8249597549438477
#### TIMES #### List comprehension
#### TIMES #### List comprehension: 0.0826723575592041
#### REARRANGED THE SIGNAL PER 10 FREQUENCIES <class 'list'> 10 <class 'numpy.ndarray'> 1800000
### COMPUTE SLIDING WINDOW WITH SUM
#### RUNNING #### sum_this_sliding_window
#### TIMES #### sum_this_sliding_window 0.4505634307861328
#### REARRANGED THE SIGNAL SUM SLIDING_WINDOW PER 10 FREQUENCIES <class 'numpy.ndarray'> 10 <class 'numpy.ndarray'> 484
41 #### TIMES #### bootstrap_soundscape TOTAL TOTAL ==>> 82.06028389930725
42 REGION: ====>>>> NaturalRegeneration #### RUNNING #### AUDIO: ====>>>> /home/vargas/repos/forests-sounds-vargas/data/NaturalRegeneration/1_09_PSA0151-2016.mp3
42 - audio_file: /home/vargas/repos/forests-sounds-vargas/data/NaturalRegeneration/1_09_PSA0151-2016.mp3 - region: NaturalRegeneration
y: [ 6.5332302e-04  1.8729658e-03  3.3993374e-03  3.1793350e-03
  1.0842357e-03 -4.1343927e-05 -8.2071485e-05 -1.3103456e-03
 -2.6673328e-03]
total samples in y: (86400000,) in time: 1800 secs
samples rate per second:  48000
### ORIGINAL Y_C 86400000 [ 6.5332302e-04  1.8729658e-03  3.3993374e-03  3.1793350e-03
  1.0842357e-03 -4.1343927e-05 -8.2071485e-05 -1.3103456e-03
 -2.6673328e-03] <class 'numpy.ndarray'>
### CHUNKS Y_C total_chunks: 180 chunk_size: 480000 <class 'list'> <class 'numpy.ndarray'>
### PARALLEL split_freq_band
#### PARALLEL SPLIT DENOISE Y_C SPLIT PER FREQUENCY 180 10 10000 [-2.37924464e-04 -1.36263506e-04  2.94607182e-04 -4.03000164e-04
  1.96168279e-04 -4.86904253e-06  2.80957616e-05 -1.57808540e-04
  1.05704574e-04] 1.9943146705627441
#### TIMES #### List comprehension
#### TIMES #### List comprehension: 0.07485151290893555
#### REARRANGED THE SIGNAL PER 10 FREQUENCIES <class 'list'> 10 <class 'numpy.ndarray'> 1800000
### COMPUTE SLIDING WINDOW WITH SUM
#### RUNNING #### sum_this_sliding_window
#### TIMES #### sum_this_sliding_window 0.4376680850982666
#### REARRANGED THE SIGNAL SUM SLIDING_WINDOW PER 10 FREQUENCIES <class 'numpy.ndarray'> 10 <class 'numpy.ndarray'> 484
42 #### TIMES #### bootstrap_soundscape TOTAL TOTAL ==>> 74.74713897705078
43 REGION: ====>>>> NaturalRegeneration #### RUNNING #### AUDIO: ====>>>> /home/vargas/repos/forests-sounds-vargas/data/NaturalRegeneration/1_04_PSA0051-2018.mp3
43 - audio_file: /home/vargas/repos/forests-sounds-vargas/data/NaturalRegeneration/1_04_PSA0051-2018.mp3 - region: NaturalRegeneration
y: [-0.00055183  0.00105216  0.00203149  0.00025324 -0.00193943  0.00096149
  0.00651453  0.00772723  0.00570498]
total samples in y: (86400000,) in time: 1800 secs
samples rate per second:  48000
### ORIGINAL Y_C 86400000 [-0.00055183  0.00105216  0.00203149  0.00025324 -0.00193943  0.00096149
  0.00651453  0.00772723  0.00570498] <class 'numpy.ndarray'>
### CHUNKS Y_C total_chunks: 180 chunk_size: 480000 <class 'list'> <class 'numpy.ndarray'>
### PARALLEL split_freq_band
#### PARALLEL SPLIT DENOISE Y_C SPLIT PER FREQUENCY 180 10 10000 [ 4.10937927e-04  1.13899195e-04  6.43753873e-04 -3.40272704e-04
 -4.30534520e-04 -2.78685372e-05 -6.98022596e-04  8.24025795e-05
 -8.08993231e-05] 1.8995518684387207
#### TIMES #### List comprehension
#### TIMES #### List comprehension: 0.12648367881774902
#### REARRANGED THE SIGNAL PER 10 FREQUENCIES <class 'list'> 10 <class 'numpy.ndarray'> 1800000
### COMPUTE SLIDING WINDOW WITH SUM
#### RUNNING #### sum_this_sliding_window
#### TIMES #### sum_this_sliding_window 0.4500768184661865
#### REARRANGED THE SIGNAL SUM SLIDING_WINDOW PER 10 FREQUENCIES <class 'numpy.ndarray'> 10 <class 'numpy.ndarray'> 484
43 #### TIMES #### bootstrap_soundscape TOTAL TOTAL ==>> 76.75680136680603
44 REGION: ====>>>> NaturalRegeneration #### RUNNING #### AUDIO: ====>>>> /home/vargas/repos/forests-sounds-vargas/data/NaturalRegeneration/1_15_PSA0179-2013.mp3
44 - audio_file: /home/vargas/repos/forests-sounds-vargas/data/NaturalRegeneration/1_15_PSA0179-2013.mp3 - region: NaturalRegeneration
y: [-0.00528781 -0.0084039  -0.0109695  -0.00842017 -0.00410324 -0.00360032
 -0.00313666 -0.00157477 -0.00385864]
total samples in y: (86400000,) in time: 1800 secs
samples rate per second:  48000
### ORIGINAL Y_C 86400000 [-0.00528781 -0.0084039  -0.0109695  -0.00842017 -0.00410324 -0.00360032
 -0.00313666 -0.00157477 -0.00385864] <class 'numpy.ndarray'>
### CHUNKS Y_C total_chunks: 180 chunk_size: 480000 <class 'list'> <class 'numpy.ndarray'>
### PARALLEL split_freq_band
#### PARALLEL SPLIT DENOISE Y_C SPLIT PER FREQUENCY 180 10 10000 [-3.21387355e-04  4.86621436e-04  2.01739449e-04 -2.74950930e-04
 -3.58846575e-04 -1.69517022e-04  5.27841689e-05  2.33116477e-04
  6.89182306e-04] 1.9595561027526855
#### TIMES #### List comprehension
#### TIMES #### List comprehension: 0.08942389488220215
#### REARRANGED THE SIGNAL PER 10 FREQUENCIES <class 'list'> 10 <class 'numpy.ndarray'> 1800000
### COMPUTE SLIDING WINDOW WITH SUM
#### RUNNING #### sum_this_sliding_window
#### TIMES #### sum_this_sliding_window 0.463458776473999
#### REARRANGED THE SIGNAL SUM SLIDING_WINDOW PER 10 FREQUENCIES <class 'numpy.ndarray'> 10 <class 'numpy.ndarray'> 484
44 #### TIMES #### bootstrap_soundscape TOTAL TOTAL ==>> 77.73926901817322
45 REGION: ====>>>> NaturalRegeneration #### RUNNING #### AUDIO: ====>>>> /home/vargas/repos/forests-sounds-vargas/data/NaturalRegeneration/1_11_PSA0159-2020.mp3
45 - audio_file: /home/vargas/repos/forests-sounds-vargas/data/NaturalRegeneration/1_11_PSA0159-2020.mp3 - region: NaturalRegeneration
y: [-0.00770338 -0.01029339 -0.00804883 -0.00901718 -0.00678219 -0.0030095
 -0.0049484  -0.00398878 -0.00031875]
total samples in y: (86400000,) in time: 1800 secs
samples rate per second:  48000
### ORIGINAL Y_C 86400000 [-0.00770338 -0.01029339 -0.00804883 -0.00901718 -0.00678219 -0.0030095
 -0.0049484  -0.00398878 -0.00031875] <class 'numpy.ndarray'>
### CHUNKS Y_C total_chunks: 180 chunk_size: 480000 <class 'list'> <class 'numpy.ndarray'>
### PARALLEL split_freq_band
#### PARALLEL SPLIT DENOISE Y_C SPLIT PER FREQUENCY 180 10 10000 [-6.74981523e-05 -1.43935254e-04 -1.42501100e-04 -1.41054445e-04
 -1.39631961e-04 -1.38238567e-04 -1.36874714e-04 -1.35539929e-04
 -1.34233459e-04] 2.1582424640655518
#### TIMES #### List comprehension
#### TIMES #### List comprehension: 0.09932112693786621
#### REARRANGED THE SIGNAL PER 10 FREQUENCIES <class 'list'> 10 <class 'numpy.ndarray'> 1800000
### COMPUTE SLIDING WINDOW WITH SUM
#### RUNNING #### sum_this_sliding_window
#### TIMES #### sum_this_sliding_window 0.4353454113006592
#### REARRANGED THE SIGNAL SUM SLIDING_WINDOW PER 10 FREQUENCIES <class 'numpy.ndarray'> 10 <class 'numpy.ndarray'> 484
45 #### TIMES #### bootstrap_soundscape TOTAL TOTAL ==>> 75.45943689346313
46 REGION: ====>>>> NaturalRegeneration #### RUNNING #### AUDIO: ====>>>> /home/vargas/repos/forests-sounds-vargas/data/NaturalRegeneration/1_18_PSA0341-2012.mp3
46 - audio_file: /home/vargas/repos/forests-sounds-vargas/data/NaturalRegeneration/1_18_PSA0341-2012.mp3 - region: NaturalRegeneration
y: [ 0.00475994  0.00414117  0.00096587  0.00125672  0.00358638  0.0022769
 -0.0005434  -0.00036682  0.00035943]
total samples in y: (86400000,) in time: 1800 secs
samples rate per second:  48000
### ORIGINAL Y_C 86400000 [ 0.00475994  0.00414117  0.00096587  0.00125672  0.00358638  0.0022769
 -0.0005434  -0.00036682  0.00035943] <class 'numpy.ndarray'>
### CHUNKS Y_C total_chunks: 180 chunk_size: 480000 <class 'list'> <class 'numpy.ndarray'>
### PARALLEL split_freq_band
#### PARALLEL SPLIT DENOISE Y_C SPLIT PER FREQUENCY 180 10 10000 [-8.46183097e-04 -1.09234649e-04 -5.34401011e-05 -3.54668256e-05
 -2.67188081e-05 -2.15540723e-05 -1.81554504e-05 -1.57461938e-05
 -1.39488178e-05] 2.195753812789917
#### TIMES #### List comprehension
#### TIMES #### List comprehension: 0.12782073020935059
#### REARRANGED THE SIGNAL PER 10 FREQUENCIES <class 'list'> 10 <class 'numpy.ndarray'> 1800000
### COMPUTE SLIDING WINDOW WITH SUM
#### RUNNING #### sum_this_sliding_window
#### TIMES #### sum_this_sliding_window 0.45764613151550293
#### REARRANGED THE SIGNAL SUM SLIDING_WINDOW PER 10 FREQUENCIES <class 'numpy.ndarray'> 10 <class 'numpy.ndarray'> 484
46 #### TIMES #### bootstrap_soundscape TOTAL TOTAL ==>> 75.5664496421814
47 REGION: ====>>>> NaturalRegeneration #### RUNNING #### AUDIO: ====>>>> /home/vargas/repos/forests-sounds-vargas/data/NaturalRegeneration/1_19_PSA0418-2013.mp3
47 - audio_file: /home/vargas/repos/forests-sounds-vargas/data/NaturalRegeneration/1_19_PSA0418-2013.mp3 - region: NaturalRegeneration
y: [-0.00126435 -0.00057605  0.00132228  0.00209208  0.00106727 -0.00055142
 -0.0020024  -0.00256514 -0.00147479]
total samples in y: (86400000,) in time: 1800 secs
samples rate per second:  48000
### ORIGINAL Y_C 86400000 [-0.00126435 -0.00057605  0.00132228  0.00209208  0.00106727 -0.00055142
 -0.0020024  -0.00256514 -0.00147479] <class 'numpy.ndarray'>
### CHUNKS Y_C total_chunks: 180 chunk_size: 480000 <class 'list'> <class 'numpy.ndarray'>
### PARALLEL split_freq_band
#### PARALLEL SPLIT DENOISE Y_C SPLIT PER FREQUENCY 180 10 10000 [-2.63085076e-04 -1.47861566e-05 -9.33515643e-06 -7.59452276e-06
 -6.73551996e-06 -6.22779941e-06 -5.88748724e-06 -5.64462849e-06
 -5.46175273e-06] 1.8263270854949951
#### TIMES #### List comprehension
#### TIMES #### List comprehension: 0.06801366806030273
#### REARRANGED THE SIGNAL PER 10 FREQUENCIES <class 'list'> 10 <class 'numpy.ndarray'> 1800000
### COMPUTE SLIDING WINDOW WITH SUM
#### RUNNING #### sum_this_sliding_window
#### TIMES #### sum_this_sliding_window 0.43827342987060547
#### REARRANGED THE SIGNAL SUM SLIDING_WINDOW PER 10 FREQUENCIES <class 'numpy.ndarray'> 10 <class 'numpy.ndarray'> 484
47 #### TIMES #### bootstrap_soundscape TOTAL TOTAL ==>> 81.14211797714233
48 REGION: ====>>>> NaturalRegeneration #### RUNNING #### AUDIO: ====>>>> /home/vargas/repos/forests-sounds-vargas/data/NaturalRegeneration/1_08_PSA0132-2013.mp3
48 - audio_file: /home/vargas/repos/forests-sounds-vargas/data/NaturalRegeneration/1_08_PSA0132-2013.mp3 - region: NaturalRegeneration
y: [ 0.00295693  0.00367725  0.00196132 -0.00056545 -0.00106793  0.00118661
  0.00160184 -0.00082026  0.00014527]
total samples in y: (86400000,) in time: 1800 secs
samples rate per second:  48000
### ORIGINAL Y_C 86400000 [ 0.00295693  0.00367725  0.00196132 -0.00056545 -0.00106793  0.00118661
  0.00160184 -0.00082026  0.00014527] <class 'numpy.ndarray'>
### CHUNKS Y_C total_chunks: 180 chunk_size: 480000 <class 'list'> <class 'numpy.ndarray'>
### PARALLEL split_freq_band
#### PARALLEL SPLIT DENOISE Y_C SPLIT PER FREQUENCY 180 10 10000 [ 2.19474058e-03 -1.52924487e-04 -8.01487795e-05 -5.43887121e-05
 -4.10265959e-05 -3.27546261e-05 -2.70789619e-05 -2.29095590e-05
 -1.96945577e-05] 1.9856891632080078
#### TIMES #### List comprehension
#### TIMES #### List comprehension: 0.07681012153625488
#### REARRANGED THE SIGNAL PER 10 FREQUENCIES <class 'list'> 10 <class 'numpy.ndarray'> 1800000
### COMPUTE SLIDING WINDOW WITH SUM
#### RUNNING #### sum_this_sliding_window
#### TIMES #### sum_this_sliding_window 0.4551115036010742
#### REARRANGED THE SIGNAL SUM SLIDING_WINDOW PER 10 FREQUENCIES <class 'numpy.ndarray'> 10 <class 'numpy.ndarray'> 484
48 #### TIMES #### bootstrap_soundscape TOTAL TOTAL ==>> 79.71037578582764
49 REGION: ====>>>> NaturalRegeneration #### RUNNING #### AUDIO: ====>>>> /home/vargas/repos/forests-sounds-vargas/data/NaturalRegeneration/1_06_PSA0093-2018.mp3
49 - audio_file: /home/vargas/repos/forests-sounds-vargas/data/NaturalRegeneration/1_06_PSA0093-2018.mp3 - region: NaturalRegeneration
y: [ 0.01301335  0.01457914  0.00164659 -0.01007226 -0.0111896  -0.00599943
  0.00228781  0.00742674  0.00437273]
total samples in y: (86400000,) in time: 1800 secs
samples rate per second:  48000
### ORIGINAL Y_C 86400000 [ 0.01301335  0.01457914  0.00164659 -0.01007226 -0.0111896  -0.00599943
  0.00228781  0.00742674  0.00437273] <class 'numpy.ndarray'>
### CHUNKS Y_C total_chunks: 180 chunk_size: 480000 <class 'list'> <class 'numpy.ndarray'>
### PARALLEL split_freq_band
#### PARALLEL SPLIT DENOISE Y_C SPLIT PER FREQUENCY 180 10 10000 [ 1.50891826e-04 -2.36159052e-06 -3.62881949e-06 -4.18542815e-06
 -4.61597643e-06 -4.64183401e-06 -3.81790271e-06 -2.17486319e-06
 -8.27524988e-07] 2.005112648010254
#### TIMES #### List comprehension
#### TIMES #### List comprehension: 0.08860158920288086
#### REARRANGED THE SIGNAL PER 10 FREQUENCIES <class 'list'> 10 <class 'numpy.ndarray'> 1800000
### COMPUTE SLIDING WINDOW WITH SUM
#### RUNNING #### sum_this_sliding_window
#### TIMES #### sum_this_sliding_window 0.4561920166015625
#### REARRANGED THE SIGNAL SUM SLIDING_WINDOW PER 10 FREQUENCIES <class 'numpy.ndarray'> 10 <class 'numpy.ndarray'> 484
49 #### TIMES #### bootstrap_soundscape TOTAL TOTAL ==>> 75.26180219650269
50 REGION: ====>>>> NaturalRegeneration #### RUNNING #### AUDIO: ====>>>> /home/vargas/repos/forests-sounds-vargas/data/NaturalRegeneration/1_02_PSA0026-2020.mp3
50 - audio_file: /home/vargas/repos/forests-sounds-vargas/data/NaturalRegeneration/1_02_PSA0026-2020.mp3 - region: NaturalRegeneration
y: [0.00536645 0.00867253 0.01128107 0.01042143 0.0096461  0.01021449
 0.00775896 0.00422377 0.00198129]
total samples in y: (86400000,) in time: 1800 secs
samples rate per second:  48000
### ORIGINAL Y_C 86400000 [0.00536645 0.00867253 0.01128107 0.01042143 0.0096461  0.01021449
 0.00775896 0.00422377 0.00198129] <class 'numpy.ndarray'>
### CHUNKS Y_C total_chunks: 180 chunk_size: 480000 <class 'list'> <class 'numpy.ndarray'>
### PARALLEL split_freq_band
#### PARALLEL SPLIT DENOISE Y_C SPLIT PER FREQUENCY 180 10 10000 [-2.72347546e-04 -3.24987878e-05 -1.89259844e-05 -1.44564318e-05
 -1.22399556e-05 -1.09173189e-05 -1.00388883e-05 -9.41440318e-06
 -8.94812013e-06] 1.8772227764129639
#### TIMES #### List comprehension
#### TIMES #### List comprehension: 0.08270525932312012
#### REARRANGED THE SIGNAL PER 10 FREQUENCIES <class 'list'> 10 <class 'numpy.ndarray'> 1800000
### COMPUTE SLIDING WINDOW WITH SUM
#### RUNNING #### sum_this_sliding_window
#### TIMES #### sum_this_sliding_window 0.45313382148742676
#### REARRANGED THE SIGNAL SUM SLIDING_WINDOW PER 10 FREQUENCIES <class 'numpy.ndarray'> 10 <class 'numpy.ndarray'> 484
50 #### TIMES #### bootstrap_soundscape TOTAL TOTAL ==>> 73.44441628456116
51 REGION: ====>>>> NaturalRegeneration #### RUNNING #### AUDIO: ====>>>> /home/vargas/repos/forests-sounds-vargas/data/NaturalRegeneration/1_14_PSA0168-2016.mp3
51 - audio_file: /home/vargas/repos/forests-sounds-vargas/data/NaturalRegeneration/1_14_PSA0168-2016.mp3 - region: NaturalRegeneration
y: [ 0.00081792 -0.00090185 -0.00156615 -0.00212448  0.00072237  0.00424087
  0.00128948 -0.00268635 -0.00185615]
total samples in y: (86400000,) in time: 1800 secs
samples rate per second:  48000
### ORIGINAL Y_C 86400000 [ 0.00081792 -0.00090185 -0.00156615 -0.00212448  0.00072237  0.00424087
  0.00128948 -0.00268635 -0.00185615] <class 'numpy.ndarray'>
### CHUNKS Y_C total_chunks: 180 chunk_size: 480000 <class 'list'> <class 'numpy.ndarray'>
### PARALLEL split_freq_band
#### PARALLEL SPLIT DENOISE Y_C SPLIT PER FREQUENCY 180 10 10000 [-1.06217316e-03 -1.29643762e-04 -3.55329394e-05  2.89602602e-06
  2.38644444e-05  3.72009164e-05  4.68720494e-05  5.47084014e-05
  6.15613422e-05] 1.894019365310669
#### TIMES #### List comprehension
#### TIMES #### List comprehension: 0.08092522621154785
#### REARRANGED THE SIGNAL PER 10 FREQUENCIES <class 'list'> 10 <class 'numpy.ndarray'> 1800000
### COMPUTE SLIDING WINDOW WITH SUM
#### RUNNING #### sum_this_sliding_window
#### TIMES #### sum_this_sliding_window 0.44478607177734375
#### REARRANGED THE SIGNAL SUM SLIDING_WINDOW PER 10 FREQUENCIES <class 'numpy.ndarray'> 10 <class 'numpy.ndarray'> 484
51 #### TIMES #### bootstrap_soundscape TOTAL TOTAL ==>> 71.3402030467987
52 REGION: ====>>>> NaturalRegeneration #### RUNNING #### AUDIO: ====>>>> /home/vargas/repos/forests-sounds-vargas/data/NaturalRegeneration/1_20_PSA0431-2013.mp3
52 - audio_file: /home/vargas/repos/forests-sounds-vargas/data/NaturalRegeneration/1_20_PSA0431-2013.mp3 - region: NaturalRegeneration
y: [-1.16280979e-04 -7.45697995e-04  1.05585984e-03  6.35813922e-05
 -3.26562952e-03 -3.27943196e-03 -8.11779290e-04  4.00391815e-04
  1.18925935e-04]
total samples in y: (86400000,) in time: 1800 secs
samples rate per second:  48000
### ORIGINAL Y_C 86400000 [-1.16280979e-04 -7.45697995e-04  1.05585984e-03  6.35813922e-05
 -3.26562952e-03 -3.27943196e-03 -8.11779290e-04  4.00391815e-04
  1.18925935e-04] <class 'numpy.ndarray'>
### CHUNKS Y_C total_chunks: 180 chunk_size: 480000 <class 'list'> <class 'numpy.ndarray'>
### PARALLEL split_freq_band
#### PARALLEL SPLIT DENOISE Y_C SPLIT PER FREQUENCY 180 10 10000 [3.34208303e-04 1.58944384e-04 1.43253510e-04 1.18827174e-04
 9.93520435e-05 9.97446054e-05 1.20473467e-04 1.43261910e-04
 1.47970126e-04] 1.9195353984832764
#### TIMES #### List comprehension
#### TIMES #### List comprehension: 0.06458473205566406
#### REARRANGED THE SIGNAL PER 10 FREQUENCIES <class 'list'> 10 <class 'numpy.ndarray'> 1800000
### COMPUTE SLIDING WINDOW WITH SUM
#### RUNNING #### sum_this_sliding_window
#### TIMES #### sum_this_sliding_window 0.4525935649871826
#### REARRANGED THE SIGNAL SUM SLIDING_WINDOW PER 10 FREQUENCIES <class 'numpy.ndarray'> 10 <class 'numpy.ndarray'> 484
52 #### TIMES #### bootstrap_soundscape TOTAL TOTAL ==>> 81.53922939300537
53 REGION: ====>>>> NaturalRegeneration #### RUNNING #### AUDIO: ====>>>> /home/vargas/repos/forests-sounds-vargas/data/NaturalRegeneration/1_07_PSA0099-2019.mp3
53 - audio_file: /home/vargas/repos/forests-sounds-vargas/data/NaturalRegeneration/1_07_PSA0099-2019.mp3 - region: NaturalRegeneration
y: [0.01464401 0.02786117 0.03568167 0.03849116 0.03603841 0.02874531
 0.02253207 0.02150755 0.02229689]
total samples in y: (86400000,) in time: 1800 secs
samples rate per second:  48000
### ORIGINAL Y_C 86400000 [0.01464401 0.02786117 0.03568167 0.03849116 0.03603841 0.02874531
 0.02253207 0.02150755 0.02229689] <class 'numpy.ndarray'>
### CHUNKS Y_C total_chunks: 180 chunk_size: 480000 <class 'list'> <class 'numpy.ndarray'>
### PARALLEL split_freq_band
#### PARALLEL SPLIT DENOISE Y_C SPLIT PER FREQUENCY 180 10 10000 [ 0.01987262  0.01542343 -0.01295255 -0.00542929 -0.00495276 -0.00539427
  0.00214397  0.01505503 -0.00410831] 1.863605260848999
#### TIMES #### List comprehension
#### TIMES #### List comprehension: 0.08174753189086914
#### REARRANGED THE SIGNAL PER 10 FREQUENCIES <class 'list'> 10 <class 'numpy.ndarray'> 1800000
### COMPUTE SLIDING WINDOW WITH SUM
#### RUNNING #### sum_this_sliding_window
#### TIMES #### sum_this_sliding_window 0.4525337219238281
#### REARRANGED THE SIGNAL SUM SLIDING_WINDOW PER 10 FREQUENCIES <class 'numpy.ndarray'> 10 <class 'numpy.ndarray'> 484
53 #### TIMES #### bootstrap_soundscape TOTAL TOTAL ==>> 85.20000648498535
54 REGION: ====>>>> RefForest #### RUNNING #### AUDIO: ====>>>> /home/vargas/repos/forests-sounds-vargas/data/RefForest/0_00_RefForest1.mp3
54 - audio_file: /home/vargas/repos/forests-sounds-vargas/data/RefForest/0_00_RefForest1.mp3 - region: RefForest
y: [ 0.01103865  0.01176985  0.00412414 -0.00774774 -0.01663554 -0.01605902
 -0.00705433  0.00213126  0.0058885 ]
total samples in y: (86400000,) in time: 1800 secs
samples rate per second:  48000
### ORIGINAL Y_C 86400000 [ 0.01103865  0.01176985  0.00412414 -0.00774774 -0.01663554 -0.01605902
 -0.00705433  0.00213126  0.0058885 ] <class 'numpy.ndarray'>
### CHUNKS Y_C total_chunks: 180 chunk_size: 480000 <class 'list'> <class 'numpy.ndarray'>
### PARALLEL split_freq_band
#### PARALLEL SPLIT DENOISE Y_C SPLIT PER FREQUENCY 180 10 10000 [ 0.0004436  -0.00047768 -0.00049152 -0.00049849 -0.00050286 -0.00050593
 -0.00050825 -0.00051009 -0.00051162] 1.9015231132507324
#### TIMES #### List comprehension
#### TIMES #### List comprehension: 0.07676243782043457
#### REARRANGED THE SIGNAL PER 10 FREQUENCIES <class 'list'> 10 <class 'numpy.ndarray'> 1800000
### COMPUTE SLIDING WINDOW WITH SUM
#### RUNNING #### sum_this_sliding_window
#### TIMES #### sum_this_sliding_window 0.4383370876312256
#### REARRANGED THE SIGNAL SUM SLIDING_WINDOW PER 10 FREQUENCIES <class 'numpy.ndarray'> 10 <class 'numpy.ndarray'> 484
54 #### TIMES #### bootstrap_soundscape TOTAL TOTAL ==>> 80.18378019332886
55 REGION: ====>>>> RefForest #### RUNNING #### AUDIO: ====>>>> /home/vargas/repos/forests-sounds-vargas/data/RefForest/0_01_RefForest4.mp3
55 - audio_file: /home/vargas/repos/forests-sounds-vargas/data/RefForest/0_01_RefForest4.mp3 - region: RefForest
y: [ 0.00041495  0.00191905  0.00555526  0.00784058  0.00575741  0.00123444
 -0.00283909 -0.00552388 -0.0053111 ]
total samples in y: (86400000,) in time: 1800 secs
samples rate per second:  48000
### ORIGINAL Y_C 86400000 [ 0.00041495  0.00191905  0.00555526  0.00784058  0.00575741  0.00123444
 -0.00283909 -0.00552388 -0.0053111 ] <class 'numpy.ndarray'>
### CHUNKS Y_C total_chunks: 180 chunk_size: 480000 <class 'list'> <class 'numpy.ndarray'>
### PARALLEL split_freq_band
#### PARALLEL SPLIT DENOISE Y_C SPLIT PER FREQUENCY 180 10 10000 [-0.00193217  0.00581825 -0.00545985  0.00469468 -0.00459229 -0.00143547
  0.00323039 -0.00611755  0.00652574] 2.079741954803467
#### TIMES #### List comprehension
#### TIMES #### List comprehension: 0.08398294448852539
#### REARRANGED THE SIGNAL PER 10 FREQUENCIES <class 'list'> 10 <class 'numpy.ndarray'> 1800000
### COMPUTE SLIDING WINDOW WITH SUM
#### RUNNING #### sum_this_sliding_window
#### TIMES #### sum_this_sliding_window 0.4530029296875
#### REARRANGED THE SIGNAL SUM SLIDING_WINDOW PER 10 FREQUENCIES <class 'numpy.ndarray'> 10 <class 'numpy.ndarray'> 484
55 #### TIMES #### bootstrap_soundscape TOTAL TOTAL ==>> 73.6861674785614
56 REGION: ====>>>> RefForest #### RUNNING #### AUDIO: ====>>>> /home/vargas/repos/forests-sounds-vargas/data/RefForest/0_02_RefForest5.mp3
56 - audio_file: /home/vargas/repos/forests-sounds-vargas/data/RefForest/0_02_RefForest5.mp3 - region: RefForest
y: [-0.00513838 -0.00416545  0.0014226   0.00823428  0.01222593  0.01346388
  0.01234943  0.00994667  0.00897678]
total samples in y: (86400000,) in time: 1800 secs
samples rate per second:  48000
### ORIGINAL Y_C 86400000 [-0.00513838 -0.00416545  0.0014226   0.00823428  0.01222593  0.01346388
  0.01234943  0.00994667  0.00897678] <class 'numpy.ndarray'>
### CHUNKS Y_C total_chunks: 180 chunk_size: 480000 <class 'list'> <class 'numpy.ndarray'>
### PARALLEL split_freq_band
#### PARALLEL SPLIT DENOISE Y_C SPLIT PER FREQUENCY 180 10 10000 [ 6.48344652e-03 -6.24299248e-04 -8.86943801e-04 -9.66651993e-04
 -1.05111174e-03 -1.07923171e-03 -8.68371785e-04 -4.86520760e-04
 -3.40878669e-05] 2.2674851417541504
#### TIMES #### List comprehension
#### TIMES #### List comprehension: 0.0934000015258789
#### REARRANGED THE SIGNAL PER 10 FREQUENCIES <class 'list'> 10 <class 'numpy.ndarray'> 1800000
### COMPUTE SLIDING WINDOW WITH SUM
#### RUNNING #### sum_this_sliding_window
#### TIMES #### sum_this_sliding_window 0.4550306797027588
#### REARRANGED THE SIGNAL SUM SLIDING_WINDOW PER 10 FREQUENCIES <class 'numpy.ndarray'> 10 <class 'numpy.ndarray'> 484
56 #### TIMES #### bootstrap_soundscape TOTAL TOTAL ==>> 76.6855776309967
#### TIMES #### bootstrap_soundscape TOTAL TOTAL ==>> 4392.144790649414
#### #### NO DA MAS #### TERMINO #### FINITO #### ####
cwd: /home/vargas/repos/forests-sounds-vargas file: /home/vargas/repos/forests-sounds-vargas/out/cities_4085203_1728702699.txt total_time: 4392.151  TOTAL_JOBS: 32 job_id: 4085203
#### SLEEPING TIME: 4392.151 sec ####
All guert parcero, aller!
