PATH /home/vargas/repos/forests-sounds-vargas
Hablámelo maniño, alles gut oder was??
#### #### HOI FOREST #### ####
#### #### N-JOBS 39 SBOJ-N #### ####
#### #### HOI MODELLING #### ####
#### INDICES => [reg, sid, ban, sec, men, med, sum, max, aci, bet, mmm, npp, hfq, htp, hhh, aei] <= INDICES 16 ####
0/68 ######## ################ ################ ########
0 #### MODELLING #### REGION: ==>> f.region <<== DATA ==>> f.filename.split('/')[-1]
#### #### HOI FOREST - MODELLING #### ####
#### COMBI 511 #### FIXED 7 VARIABLE 9
#### #### READING DATA FILES #### ####
206 511 #### COMBI [reg, sid, ban, sec, men, med, sum, aci, mmm, hfq, hhh] METRICS ####
('Plantation', '/home/vargas/repos/forests-sounds-vargas/out/data/extraction/Plantation/2_00_PSA0010-2010_dict_y_split_7_2512283_1736694580.pkl')
(297840, 11) Index(['reg', 'sid', 'ban', 'sec', 'men', 'med', 'sum', 'aci', 'mmm', 'hfq',
       'hhh'],
      dtype='object') Index(['reg', 'sid', 'ban', 'sec', 'men', 'med', 'sum', 'aci', 'mmm', 'hfq',
       'hhh'],
      dtype='object')
#### MERGE 68 merge_data Dataframe shape: (297840, 11) #### time: 17
#### #### SPLIT TRAIN TEST #### ####
#### CLASSES: [0 1 2 3] TOTAL 4
#### SPLIT train_test_split and CUDA: ??? cuda:0 #### time: 35
#### MODELS - TOTAL 3 ####
#### EPOCHS 11 ####
#### TRAINING MODELS ####
#### TRAINING MODEL SEQ_CNN_LSTM ####
#### prediction torch.Size([192, 4])
Epoch [10/11] Step [33/1241] Loss: 0.6039 Time: 61.138
#### prediction torch.Size([192, 4])
Epoch [10/11] Step [66/1241] Loss: 0.5519 Time: 61.314
#### prediction torch.Size([192, 4])
Epoch [10/11] Step [99/1241] Loss: 0.6014 Time: 61.49
#### prediction torch.Size([192, 4])
Epoch [10/11] Step [132/1241] Loss: 0.6954 Time: 61.666
#### prediction torch.Size([192, 4])
Epoch [10/11] Step [165/1241] Loss: 0.6671 Time: 61.844
#### prediction torch.Size([192, 4])
Epoch [10/11] Step [198/1241] Loss: 0.5847 Time: 62.02
#### prediction torch.Size([192, 4])
Epoch [10/11] Step [231/1241] Loss: 0.5672 Time: 62.197
#### prediction torch.Size([192, 4])
Epoch [10/11] Step [264/1241] Loss: 0.5928 Time: 62.373
#### prediction torch.Size([192, 4])
Epoch [10/11] Step [297/1241] Loss: 0.5532 Time: 62.549
#### prediction torch.Size([192, 4])
Epoch [10/11] Step [330/1241] Loss: 0.5678 Time: 62.725
#### prediction torch.Size([192, 4])
Epoch [10/11] Step [363/1241] Loss: 0.5611 Time: 62.901
#### prediction torch.Size([192, 4])
Epoch [10/11] Step [396/1241] Loss: 0.5443 Time: 63.077
#### prediction torch.Size([192, 4])
Epoch [10/11] Step [429/1241] Loss: 0.5591 Time: 63.253
#### prediction torch.Size([192, 4])
Epoch [10/11] Step [462/1241] Loss: 0.5953 Time: 63.429
#### prediction torch.Size([192, 4])
Epoch [10/11] Step [495/1241] Loss: 0.5098 Time: 63.605
#### prediction torch.Size([192, 4])
Epoch [10/11] Step [528/1241] Loss: 0.6469 Time: 63.781
#### prediction torch.Size([192, 4])
Epoch [10/11] Step [561/1241] Loss: 0.5488 Time: 63.958
#### prediction torch.Size([192, 4])
Epoch [10/11] Step [594/1241] Loss: 0.6224 Time: 64.133
#### prediction torch.Size([192, 4])
Epoch [10/11] Step [627/1241] Loss: 0.5140 Time: 64.309
#### prediction torch.Size([192, 4])
Epoch [10/11] Step [660/1241] Loss: 0.6037 Time: 64.486
#### prediction torch.Size([192, 4])
Epoch [10/11] Step [693/1241] Loss: 0.5870 Time: 64.661
#### prediction torch.Size([192, 4])
Epoch [10/11] Step [726/1241] Loss: 0.5495 Time: 64.837
#### prediction torch.Size([192, 4])
Epoch [10/11] Step [759/1241] Loss: 0.7053 Time: 65.013
#### prediction torch.Size([192, 4])
Epoch [10/11] Step [792/1241] Loss: 0.6531 Time: 65.189
#### prediction torch.Size([192, 4])
Epoch [10/11] Step [825/1241] Loss: 0.5698 Time: 65.553
#### prediction torch.Size([192, 4])
Epoch [10/11] Step [858/1241] Loss: 0.5613 Time: 65.73
#### prediction torch.Size([192, 4])
Epoch [10/11] Step [891/1241] Loss: 0.6023 Time: 65.907
#### prediction torch.Size([192, 4])
Epoch [10/11] Step [924/1241] Loss: 0.6381 Time: 66.083
#### prediction torch.Size([192, 4])
Epoch [10/11] Step [957/1241] Loss: 0.5247 Time: 66.26
#### prediction torch.Size([192, 4])
Epoch [10/11] Step [990/1241] Loss: 0.6116 Time: 66.436
#### prediction torch.Size([192, 4])
Epoch [10/11] Step [1023/1241] Loss: 0.5893 Time: 66.612
#### prediction torch.Size([192, 4])
Epoch [10/11] Step [1056/1241] Loss: 0.5638 Time: 66.789
#### prediction torch.Size([192, 4])
Epoch [10/11] Step [1089/1241] Loss: 0.6071 Time: 66.964
#### prediction torch.Size([192, 4])
Epoch [10/11] Step [1122/1241] Loss: 0.6916 Time: 67.14
#### prediction torch.Size([192, 4])
Epoch [10/11] Step [1155/1241] Loss: 0.6016 Time: 67.316
#### prediction torch.Size([192, 4])
Epoch [10/11] Step [1188/1241] Loss: 0.5366 Time: 67.492
#### prediction torch.Size([192, 4])
Epoch [10/11] Step [1221/1241] Loss: 0.5918 Time: 67.668
#### TRAINED MODEL SEQ_CNN_LSTM model training time: 74.452 total training time: 78.573 ####
#### TRAINING MODEL SEQ_LSTM_CNN ####
#### prediction torch.Size([192, 4])
Epoch [10/11] Step [33/1241] Loss: 0.6577 Time: 69.5
#### prediction torch.Size([192, 4])
Epoch [10/11] Step [66/1241] Loss: 0.5810 Time: 69.701
#### prediction torch.Size([192, 4])
Epoch [10/11] Step [99/1241] Loss: 0.5813 Time: 69.903
#### prediction torch.Size([192, 4])
Epoch [10/11] Step [132/1241] Loss: 0.6510 Time: 70.105
#### prediction torch.Size([192, 4])
Epoch [10/11] Step [165/1241] Loss: 0.5935 Time: 70.306
#### prediction torch.Size([192, 4])
Epoch [10/11] Step [198/1241] Loss: 0.6051 Time: 70.697
#### prediction torch.Size([192, 4])
Epoch [10/11] Step [231/1241] Loss: 0.5836 Time: 70.898
#### prediction torch.Size([192, 4])
Epoch [10/11] Step [264/1241] Loss: 0.6659 Time: 71.1
#### prediction torch.Size([192, 4])
Epoch [10/11] Step [297/1241] Loss: 0.6336 Time: 71.303
#### prediction torch.Size([192, 4])
Epoch [10/11] Step [330/1241] Loss: 0.6439 Time: 71.505
#### prediction torch.Size([192, 4])
Epoch [10/11] Step [363/1241] Loss: 0.6551 Time: 71.707
#### prediction torch.Size([192, 4])
Epoch [10/11] Step [396/1241] Loss: 0.7092 Time: 71.909
#### prediction torch.Size([192, 4])
Epoch [10/11] Step [429/1241] Loss: 0.6480 Time: 72.11
#### prediction torch.Size([192, 4])
Epoch [10/11] Step [462/1241] Loss: 0.4951 Time: 72.312
#### prediction torch.Size([192, 4])
Epoch [10/11] Step [495/1241] Loss: 0.6235 Time: 72.515
#### prediction torch.Size([192, 4])
Epoch [10/11] Step [528/1241] Loss: 0.7499 Time: 72.717
#### prediction torch.Size([192, 4])
Epoch [10/11] Step [561/1241] Loss: 0.6468 Time: 72.919
#### prediction torch.Size([192, 4])
Epoch [10/11] Step [594/1241] Loss: 0.6372 Time: 73.121
#### prediction torch.Size([192, 4])
Epoch [10/11] Step [627/1241] Loss: 0.7062 Time: 73.323
#### prediction torch.Size([192, 4])
Epoch [10/11] Step [660/1241] Loss: 0.6762 Time: 73.525
#### prediction torch.Size([192, 4])
Epoch [10/11] Step [693/1241] Loss: 0.6070 Time: 73.727
#### prediction torch.Size([192, 4])
Epoch [10/11] Step [726/1241] Loss: 0.5612 Time: 73.929
#### prediction torch.Size([192, 4])
Epoch [10/11] Step [759/1241] Loss: 0.5445 Time: 74.131
#### prediction torch.Size([192, 4])
Epoch [10/11] Step [792/1241] Loss: 0.5777 Time: 74.333
#### prediction torch.Size([192, 4])
Epoch [10/11] Step [825/1241] Loss: 0.7577 Time: 74.535
#### prediction torch.Size([192, 4])
Epoch [10/11] Step [858/1241] Loss: 0.6428 Time: 74.737
#### prediction torch.Size([192, 4])
Epoch [10/11] Step [891/1241] Loss: 0.6220 Time: 74.938
#### prediction torch.Size([192, 4])
Epoch [10/11] Step [924/1241] Loss: 0.6661 Time: 75.139
#### prediction torch.Size([192, 4])
Epoch [10/11] Step [957/1241] Loss: 0.6531 Time: 75.341
#### prediction torch.Size([192, 4])
Epoch [10/11] Step [990/1241] Loss: 0.6978 Time: 75.544
#### prediction torch.Size([192, 4])
Epoch [10/11] Step [1023/1241] Loss: 0.7758 Time: 75.746
#### prediction torch.Size([192, 4])
Epoch [10/11] Step [1056/1241] Loss: 0.6670 Time: 75.95
#### prediction torch.Size([192, 4])
Epoch [10/11] Step [1089/1241] Loss: 0.6721 Time: 76.152
#### prediction torch.Size([192, 4])
Epoch [10/11] Step [1122/1241] Loss: 0.6239 Time: 76.353
#### prediction torch.Size([192, 4])
Epoch [10/11] Step [1155/1241] Loss: 0.7017 Time: 76.555
#### prediction torch.Size([192, 4])
Epoch [10/11] Step [1188/1241] Loss: 0.6864 Time: 76.757
#### prediction torch.Size([192, 4])
Epoch [10/11] Step [1221/1241] Loss: 0.6060 Time: 76.959
#### TRAINED MODEL SEQ_LSTM_CNN model training time: 84.905 total training time: 163.477 ####
#### TRAINING MODEL PARA_CNN_LSTM ####
#### prediction torch.Size([192, 4])
Epoch [10/11] Step [33/1241] Loss: 0.6041 Time: 71.14
#### prediction torch.Size([192, 4])
Epoch [10/11] Step [66/1241] Loss: 0.6462 Time: 71.348
#### prediction torch.Size([192, 4])
Epoch [10/11] Step [99/1241] Loss: 0.5465 Time: 71.554
#### prediction torch.Size([192, 4])
Epoch [10/11] Step [132/1241] Loss: 0.7241 Time: 71.76
#### prediction torch.Size([192, 4])
Epoch [10/11] Step [165/1241] Loss: 0.6000 Time: 71.966
#### prediction torch.Size([192, 4])
Epoch [10/11] Step [198/1241] Loss: 0.6549 Time: 72.172
#### prediction torch.Size([192, 4])
Epoch [10/11] Step [231/1241] Loss: 0.6346 Time: 72.379
#### prediction torch.Size([192, 4])
Epoch [10/11] Step [264/1241] Loss: 0.5873 Time: 72.585
#### prediction torch.Size([192, 4])
Epoch [10/11] Step [297/1241] Loss: 0.6136 Time: 72.792
#### prediction torch.Size([192, 4])
Epoch [10/11] Step [330/1241] Loss: 0.6101 Time: 72.998
#### prediction torch.Size([192, 4])
Epoch [10/11] Step [363/1241] Loss: 0.6222 Time: 73.204
#### prediction torch.Size([192, 4])
Epoch [10/11] Step [396/1241] Loss: 0.6814 Time: 73.41
#### prediction torch.Size([192, 4])
Epoch [10/11] Step [429/1241] Loss: 0.5667 Time: 73.616
#### prediction torch.Size([192, 4])
Epoch [10/11] Step [462/1241] Loss: 0.6653 Time: 73.822
#### prediction torch.Size([192, 4])
Epoch [10/11] Step [495/1241] Loss: 0.5452 Time: 74.028
#### prediction torch.Size([192, 4])
Epoch [10/11] Step [528/1241] Loss: 0.5889 Time: 74.234
#### prediction torch.Size([192, 4])
Epoch [10/11] Step [561/1241] Loss: 0.5778 Time: 74.44
#### prediction torch.Size([192, 4])
Epoch [10/11] Step [594/1241] Loss: 0.5755 Time: 74.646
#### prediction torch.Size([192, 4])
Epoch [10/11] Step [627/1241] Loss: 0.6720 Time: 74.852
#### prediction torch.Size([192, 4])
Epoch [10/11] Step [660/1241] Loss: 0.5884 Time: 75.059
#### prediction torch.Size([192, 4])
Epoch [10/11] Step [693/1241] Loss: 0.5781 Time: 75.265
#### prediction torch.Size([192, 4])
Epoch [10/11] Step [726/1241] Loss: 0.5815 Time: 75.471
#### prediction torch.Size([192, 4])
Epoch [10/11] Step [759/1241] Loss: 0.5330 Time: 75.677
#### prediction torch.Size([192, 4])
Epoch [10/11] Step [792/1241] Loss: 0.7016 Time: 75.883
#### prediction torch.Size([192, 4])
Epoch [10/11] Step [825/1241] Loss: 0.6197 Time: 76.089
#### prediction torch.Size([192, 4])
Epoch [10/11] Step [858/1241] Loss: 0.6117 Time: 76.294
#### prediction torch.Size([192, 4])
Epoch [10/11] Step [891/1241] Loss: 0.5730 Time: 76.501
#### prediction torch.Size([192, 4])
Epoch [10/11] Step [924/1241] Loss: 0.6401 Time: 76.708
#### prediction torch.Size([192, 4])
Epoch [10/11] Step [957/1241] Loss: 0.5431 Time: 76.914
#### prediction torch.Size([192, 4])
Epoch [10/11] Step [990/1241] Loss: 0.6421 Time: 77.12
#### prediction torch.Size([192, 4])
Epoch [10/11] Step [1023/1241] Loss: 0.5719 Time: 77.325
#### prediction torch.Size([192, 4])
Epoch [10/11] Step [1056/1241] Loss: 0.7264 Time: 77.531
#### prediction torch.Size([192, 4])
Epoch [10/11] Step [1089/1241] Loss: 0.6360 Time: 77.737
#### prediction torch.Size([192, 4])
Epoch [10/11] Step [1122/1241] Loss: 0.5696 Time: 77.943
#### prediction torch.Size([192, 4])
Epoch [10/11] Step [1155/1241] Loss: 0.6211 Time: 78.149
#### prediction torch.Size([192, 4])
Epoch [10/11] Step [1188/1241] Loss: 0.6360 Time: 78.355
#### prediction torch.Size([192, 4])
Epoch [10/11] Step [1221/1241] Loss: 0.5814 Time: 78.561
#### TRAINED MODEL PARA_CNN_LSTM model training time: 86.673 total training time: 250.15 ####
#### TRAINING TOTAL TIME: 246.029 ####
Accuracy of the SEQ_CNN_LSTM model on the test set: 74.21938 %
Accuracy of the SEQ_LSTM_CNN model on the test set: 71.043178 %
Accuracy of the PARA_CNN_LSTM model on the test set: 71.617311 %
#### TESTING TOTAL TIME: 3.765 ####
#### TIME #### TERMINO #### 306.433 ####
#### FINITO #### TERMINO #### NO-VA-MAS ####
#### TIMES #### modelling TOTAL TOTAL ==>> 306.433 seconds
#### #### READING DATA FILES #### ####
207 511 #### COMBI [reg, sid, ban, sec, men, med, sum, aci, mmm, hfq, aei] METRICS ####
('Plantation', '/home/vargas/repos/forests-sounds-vargas/out/data/extraction/Plantation/2_00_PSA0010-2010_dict_y_split_7_2512283_1736694580.pkl')
(297840, 11) Index(['reg', 'sid', 'ban', 'sec', 'men', 'med', 'sum', 'aci', 'mmm', 'hfq',
       'aei'],
      dtype='object') Index(['reg', 'sid', 'ban', 'sec', 'men', 'med', 'sum', 'aci', 'mmm', 'hfq',
       'aei'],
      dtype='object')
#### MERGE 68 merge_data Dataframe shape: (297840, 11) #### time: 270
#### #### SPLIT TRAIN TEST #### ####
#### CLASSES: [0 1 2 3] TOTAL 4
#### SPLIT train_test_split and CUDA: ??? cuda:0 #### time: 35
#### MODELS - TOTAL 3 ####
#### EPOCHS 11 ####
#### TRAINING MODELS ####
#### TRAINING MODEL SEQ_CNN_LSTM ####
#### prediction torch.Size([192, 4])
Epoch [10/11] Step [33/1241] Loss: 0.6014 Time: 62.888
#### prediction torch.Size([192, 4])
Epoch [10/11] Step [66/1241] Loss: 0.6653 Time: 63.07
#### prediction torch.Size([192, 4])
Epoch [10/11] Step [99/1241] Loss: 0.6483 Time: 63.252
#### prediction torch.Size([192, 4])
Epoch [10/11] Step [132/1241] Loss: 0.5632 Time: 63.434
#### prediction torch.Size([192, 4])
Epoch [10/11] Step [165/1241] Loss: 0.5635 Time: 63.615
#### prediction torch.Size([192, 4])
Epoch [10/11] Step [198/1241] Loss: 0.5416 Time: 63.796
#### prediction torch.Size([192, 4])
Epoch [10/11] Step [231/1241] Loss: 0.5185 Time: 63.977
#### prediction torch.Size([192, 4])
Epoch [10/11] Step [264/1241] Loss: 0.5862 Time: 64.16
#### prediction torch.Size([192, 4])
Epoch [10/11] Step [297/1241] Loss: 0.6136 Time: 64.342
#### prediction torch.Size([192, 4])
Epoch [10/11] Step [330/1241] Loss: 0.5246 Time: 64.523
#### prediction torch.Size([192, 4])
Epoch [10/11] Step [363/1241] Loss: 0.5971 Time: 64.704
#### prediction torch.Size([192, 4])
Epoch [10/11] Step [396/1241] Loss: 0.6575 Time: 64.885
#### prediction torch.Size([192, 4])
Epoch [10/11] Step [429/1241] Loss: 0.5439 Time: 65.066
#### prediction torch.Size([192, 4])
Epoch [10/11] Step [462/1241] Loss: 0.6120 Time: 65.247
#### prediction torch.Size([192, 4])
Epoch [10/11] Step [495/1241] Loss: 0.6069 Time: 65.429
#### prediction torch.Size([192, 4])
Epoch [10/11] Step [528/1241] Loss: 0.8529 Time: 65.611
#### prediction torch.Size([192, 4])
Epoch [10/11] Step [561/1241] Loss: 0.5866 Time: 65.792
#### prediction torch.Size([192, 4])
Epoch [10/11] Step [594/1241] Loss: 0.5094 Time: 65.973
#### prediction torch.Size([192, 4])
Epoch [10/11] Step [627/1241] Loss: 0.5937 Time: 66.155
#### prediction torch.Size([192, 4])
Epoch [10/11] Step [660/1241] Loss: 0.6016 Time: 66.336
#### prediction torch.Size([192, 4])
Epoch [10/11] Step [693/1241] Loss: 0.6314 Time: 66.517
#### prediction torch.Size([192, 4])
Epoch [10/11] Step [726/1241] Loss: 0.6094 Time: 66.698
#### prediction torch.Size([192, 4])
Epoch [10/11] Step [759/1241] Loss: 0.6010 Time: 66.88
#### prediction torch.Size([192, 4])
Epoch [10/11] Step [792/1241] Loss: 0.6092 Time: 67.062
#### prediction torch.Size([192, 4])
Epoch [10/11] Step [825/1241] Loss: 0.7714 Time: 67.243
#### prediction torch.Size([192, 4])
Epoch [10/11] Step [858/1241] Loss: 0.5434 Time: 67.425
#### prediction torch.Size([192, 4])
Epoch [10/11] Step [891/1241] Loss: 0.5553 Time: 67.606
#### prediction torch.Size([192, 4])
Epoch [10/11] Step [924/1241] Loss: 0.5745 Time: 67.787
#### prediction torch.Size([192, 4])
Epoch [10/11] Step [957/1241] Loss: 0.5508 Time: 67.968
#### prediction torch.Size([192, 4])
Epoch [10/11] Step [990/1241] Loss: 0.6048 Time: 68.149
#### prediction torch.Size([192, 4])
Epoch [10/11] Step [1023/1241] Loss: 0.5926 Time: 68.331
#### prediction torch.Size([192, 4])
Epoch [10/11] Step [1056/1241] Loss: 0.6699 Time: 68.512
#### prediction torch.Size([192, 4])
Epoch [10/11] Step [1089/1241] Loss: 0.5789 Time: 68.694
#### prediction torch.Size([192, 4])
Epoch [10/11] Step [1122/1241] Loss: 0.5628 Time: 68.874
#### prediction torch.Size([192, 4])
Epoch [10/11] Step [1155/1241] Loss: 0.6555 Time: 69.055
#### prediction torch.Size([192, 4])
Epoch [10/11] Step [1188/1241] Loss: 0.5724 Time: 69.237
#### prediction torch.Size([192, 4])
Epoch [10/11] Step [1221/1241] Loss: 0.5675 Time: 69.418
#### TRAINED MODEL SEQ_CNN_LSTM model training time: 76.562 total training time: 80.565 ####
#### TRAINING MODEL SEQ_LSTM_CNN ####
#### prediction torch.Size([192, 4])
Epoch [10/11] Step [33/1241] Loss: 0.6111 Time: 70.738
#### prediction torch.Size([192, 4])
Epoch [10/11] Step [66/1241] Loss: 0.5234 Time: 70.943
#### prediction torch.Size([192, 4])
Epoch [10/11] Step [99/1241] Loss: 0.5271 Time: 71.148
#### prediction torch.Size([192, 4])
Epoch [10/11] Step [132/1241] Loss: 0.5974 Time: 71.353
#### prediction torch.Size([192, 4])
Epoch [10/11] Step [165/1241] Loss: 0.4355 Time: 71.558
#### prediction torch.Size([192, 4])
Epoch [10/11] Step [198/1241] Loss: 0.5325 Time: 71.763
#### prediction torch.Size([192, 4])
Epoch [10/11] Step [231/1241] Loss: 0.4903 Time: 71.969
#### prediction torch.Size([192, 4])
Epoch [10/11] Step [264/1241] Loss: 0.5198 Time: 72.174
#### prediction torch.Size([192, 4])
Epoch [10/11] Step [297/1241] Loss: 0.5121 Time: 72.379
#### prediction torch.Size([192, 4])
Epoch [10/11] Step [330/1241] Loss: 0.6334 Time: 72.584
#### prediction torch.Size([192, 4])
Epoch [10/11] Step [363/1241] Loss: 0.4683 Time: 72.789
#### prediction torch.Size([192, 4])
Epoch [10/11] Step [396/1241] Loss: 0.5689 Time: 72.994
#### prediction torch.Size([192, 4])
Epoch [10/11] Step [429/1241] Loss: 0.5952 Time: 73.198
#### prediction torch.Size([192, 4])
Epoch [10/11] Step [462/1241] Loss: 0.5453 Time: 73.403
#### prediction torch.Size([192, 4])
Epoch [10/11] Step [495/1241] Loss: 0.5384 Time: 73.61
#### prediction torch.Size([192, 4])
Epoch [10/11] Step [528/1241] Loss: 0.5694 Time: 73.815
#### prediction torch.Size([192, 4])
Epoch [10/11] Step [561/1241] Loss: 0.5159 Time: 74.02
#### prediction torch.Size([192, 4])
Epoch [10/11] Step [594/1241] Loss: 0.5692 Time: 74.225
#### prediction torch.Size([192, 4])
Epoch [10/11] Step [627/1241] Loss: 0.5223 Time: 74.43
#### prediction torch.Size([192, 4])
Epoch [10/11] Step [660/1241] Loss: 0.5304 Time: 74.634
#### prediction torch.Size([192, 4])
Epoch [10/11] Step [693/1241] Loss: 0.6116 Time: 74.839
#### prediction torch.Size([192, 4])
Epoch [10/11] Step [726/1241] Loss: 0.5259 Time: 75.044
#### prediction torch.Size([192, 4])
Epoch [10/11] Step [759/1241] Loss: 0.5141 Time: 75.249
#### prediction torch.Size([192, 4])
Epoch [10/11] Step [792/1241] Loss: 0.4974 Time: 75.454
#### prediction torch.Size([192, 4])
Epoch [10/11] Step [825/1241] Loss: 0.6160 Time: 75.659
#### prediction torch.Size([192, 4])
Epoch [10/11] Step [858/1241] Loss: 0.4541 Time: 75.864
#### prediction torch.Size([192, 4])
Epoch [10/11] Step [891/1241] Loss: 0.5304 Time: 76.071
#### prediction torch.Size([192, 4])
Epoch [10/11] Step [924/1241] Loss: 0.5367 Time: 76.277
#### prediction torch.Size([192, 4])
Epoch [10/11] Step [957/1241] Loss: 0.5201 Time: 76.484
#### prediction torch.Size([192, 4])
Epoch [10/11] Step [990/1241] Loss: 0.6146 Time: 76.689
#### prediction torch.Size([192, 4])
Epoch [10/11] Step [1023/1241] Loss: 0.5147 Time: 76.894
#### prediction torch.Size([192, 4])
Epoch [10/11] Step [1056/1241] Loss: 0.6909 Time: 77.099
#### prediction torch.Size([192, 4])
Epoch [10/11] Step [1089/1241] Loss: 0.5673 Time: 77.303
#### prediction torch.Size([192, 4])
Epoch [10/11] Step [1122/1241] Loss: 0.5988 Time: 77.509
#### prediction torch.Size([192, 4])
Epoch [10/11] Step [1155/1241] Loss: 0.5183 Time: 77.714
#### prediction torch.Size([192, 4])
Epoch [10/11] Step [1188/1241] Loss: 0.5586 Time: 77.919
#### prediction torch.Size([192, 4])
Epoch [10/11] Step [1221/1241] Loss: 0.4860 Time: 78.124
#### TRAINED MODEL SEQ_LSTM_CNN model training time: 86.164 total training time: 166.729 ####
#### TRAINING MODEL PARA_CNN_LSTM ####
#### prediction torch.Size([192, 4])
Epoch [10/11] Step [33/1241] Loss: 0.6294 Time: 71.709
#### prediction torch.Size([192, 4])
Epoch [10/11] Step [66/1241] Loss: 0.6504 Time: 71.916
#### prediction torch.Size([192, 4])
Epoch [10/11] Step [99/1241] Loss: 0.6661 Time: 72.123
#### prediction torch.Size([192, 4])
Epoch [10/11] Step [132/1241] Loss: 0.6521 Time: 72.33
#### prediction torch.Size([192, 4])
Epoch [10/11] Step [165/1241] Loss: 0.6318 Time: 72.537
#### prediction torch.Size([192, 4])
Epoch [10/11] Step [198/1241] Loss: 0.6519 Time: 72.745
#### prediction torch.Size([192, 4])
Epoch [10/11] Step [231/1241] Loss: 0.6995 Time: 72.952
#### prediction torch.Size([192, 4])
Epoch [10/11] Step [264/1241] Loss: 0.5993 Time: 73.159
#### prediction torch.Size([192, 4])
Epoch [10/11] Step [297/1241] Loss: 0.5930 Time: 73.366
#### prediction torch.Size([192, 4])
Epoch [10/11] Step [330/1241] Loss: 0.6223 Time: 73.574
#### prediction torch.Size([192, 4])
Epoch [10/11] Step [363/1241] Loss: 0.6446 Time: 73.781
#### prediction torch.Size([192, 4])
Epoch [10/11] Step [396/1241] Loss: 0.6647 Time: 73.988
#### prediction torch.Size([192, 4])
Epoch [10/11] Step [429/1241] Loss: 0.6241 Time: 74.195
#### prediction torch.Size([192, 4])
Epoch [10/11] Step [462/1241] Loss: 0.6182 Time: 74.402
#### prediction torch.Size([192, 4])
Epoch [10/11] Step [495/1241] Loss: 0.5997 Time: 74.609
#### prediction torch.Size([192, 4])
Epoch [10/11] Step [528/1241] Loss: 0.6425 Time: 74.818
#### prediction torch.Size([192, 4])
Epoch [10/11] Step [561/1241] Loss: 0.6757 Time: 75.025
#### prediction torch.Size([192, 4])
Epoch [10/11] Step [594/1241] Loss: 0.5756 Time: 75.233
#### prediction torch.Size([192, 4])
Epoch [10/11] Step [627/1241] Loss: 0.6168 Time: 75.441
#### prediction torch.Size([192, 4])
Epoch [10/11] Step [660/1241] Loss: 0.6717 Time: 75.647
#### prediction torch.Size([192, 4])
Epoch [10/11] Step [693/1241] Loss: 0.6828 Time: 75.854
#### prediction torch.Size([192, 4])
Epoch [10/11] Step [726/1241] Loss: 0.6426 Time: 76.226
#### prediction torch.Size([192, 4])
Epoch [10/11] Step [759/1241] Loss: 0.7060 Time: 76.433
#### prediction torch.Size([192, 4])
Epoch [10/11] Step [792/1241] Loss: 0.6459 Time: 76.64
#### prediction torch.Size([192, 4])
Epoch [10/11] Step [825/1241] Loss: 0.6304 Time: 76.849
#### prediction torch.Size([192, 4])
Epoch [10/11] Step [858/1241] Loss: 0.5918 Time: 77.057
#### prediction torch.Size([192, 4])
Epoch [10/11] Step [891/1241] Loss: 0.6937 Time: 77.264
#### prediction torch.Size([192, 4])
Epoch [10/11] Step [924/1241] Loss: 0.6801 Time: 77.47
#### prediction torch.Size([192, 4])
Epoch [10/11] Step [957/1241] Loss: 0.6706 Time: 77.677
#### prediction torch.Size([192, 4])
Epoch [10/11] Step [990/1241] Loss: 0.7080 Time: 77.886
#### prediction torch.Size([192, 4])
Epoch [10/11] Step [1023/1241] Loss: 0.6735 Time: 78.093
#### prediction torch.Size([192, 4])
Epoch [10/11] Step [1056/1241] Loss: 0.7278 Time: 78.301
#### prediction torch.Size([192, 4])
Epoch [10/11] Step [1089/1241] Loss: 0.6695 Time: 78.508
#### prediction torch.Size([192, 4])
Epoch [10/11] Step [1122/1241] Loss: 0.6454 Time: 78.715
#### prediction torch.Size([192, 4])
Epoch [10/11] Step [1155/1241] Loss: 0.5994 Time: 78.923
#### prediction torch.Size([192, 4])
Epoch [10/11] Step [1188/1241] Loss: 0.6078 Time: 79.13
#### prediction torch.Size([192, 4])
Epoch [10/11] Step [1221/1241] Loss: 0.7127 Time: 79.338
#### TRAINED MODEL PARA_CNN_LSTM model training time: 87.325 total training time: 254.054 ####
#### TRAINING TOTAL TIME: 250.051 ####
Accuracy of the SEQ_CNN_LSTM model on the test set: 74.370467 %
Accuracy of the SEQ_LSTM_CNN model on the test set: 77.645716 %
Accuracy of the PARA_CNN_LSTM model on the test set: 71.660959 %
#### TESTING TOTAL TIME: 3.743 ####
#### TIME #### TERMINO #### 616.076 ####
#### FINITO #### TERMINO #### NO-VA-MAS ####
#### TIMES #### modelling TOTAL TOTAL ==>> 616.076 seconds
#### #### READING DATA FILES #### ####
208 511 #### COMBI [reg, sid, ban, sec, men, med, sum, aci, mmm, htp, hhh] METRICS ####
('Plantation', '/home/vargas/repos/forests-sounds-vargas/out/data/extraction/Plantation/2_00_PSA0010-2010_dict_y_split_7_2512283_1736694580.pkl')
(297840, 11) Index(['reg', 'sid', 'ban', 'sec', 'men', 'med', 'sum', 'aci', 'mmm', 'htp',
       'hhh'],
      dtype='object') Index(['reg', 'sid', 'ban', 'sec', 'men', 'med', 'sum', 'aci', 'mmm', 'htp',
       'hhh'],
      dtype='object')
#### MERGE 68 merge_data Dataframe shape: (297840, 11) #### time: 276
#### #### SPLIT TRAIN TEST #### ####
#### CLASSES: [0 1 2 3] TOTAL 4
#### SPLIT train_test_split and CUDA: ??? cuda:0 #### time: 35
#### MODELS - TOTAL 3 ####
#### EPOCHS 11 ####
#### TRAINING MODELS ####
#### TRAINING MODEL SEQ_CNN_LSTM ####
#### prediction torch.Size([192, 4])
Epoch [10/11] Step [33/1241] Loss: 0.5284 Time: 64.865
#### prediction torch.Size([192, 4])
Epoch [10/11] Step [66/1241] Loss: 0.5335 Time: 65.046
#### prediction torch.Size([192, 4])
Epoch [10/11] Step [99/1241] Loss: 0.4848 Time: 65.226
#### prediction torch.Size([192, 4])
Epoch [10/11] Step [132/1241] Loss: 0.4719 Time: 65.407
#### prediction torch.Size([192, 4])
Epoch [10/11] Step [165/1241] Loss: 0.6681 Time: 65.586
#### prediction torch.Size([192, 4])
Epoch [10/11] Step [198/1241] Loss: 0.4421 Time: 65.766
#### prediction torch.Size([192, 4])
Epoch [10/11] Step [231/1241] Loss: 0.5481 Time: 65.947
#### prediction torch.Size([192, 4])
Epoch [10/11] Step [264/1241] Loss: 0.4603 Time: 66.127
#### prediction torch.Size([192, 4])
Epoch [10/11] Step [297/1241] Loss: 0.5132 Time: 66.308
#### prediction torch.Size([192, 4])
Epoch [10/11] Step [330/1241] Loss: 0.4708 Time: 66.487
#### prediction torch.Size([192, 4])
Epoch [10/11] Step [363/1241] Loss: 0.5257 Time: 66.668
#### prediction torch.Size([192, 4])
Epoch [10/11] Step [396/1241] Loss: 0.5259 Time: 66.847
#### prediction torch.Size([192, 4])
Epoch [10/11] Step [429/1241] Loss: 0.7277 Time: 67.027
#### prediction torch.Size([192, 4])
Epoch [10/11] Step [462/1241] Loss: 0.5387 Time: 67.207
#### prediction torch.Size([192, 4])
Epoch [10/11] Step [495/1241] Loss: 0.5155 Time: 67.388
#### prediction torch.Size([192, 4])
Epoch [10/11] Step [528/1241] Loss: 0.5358 Time: 67.568
#### prediction torch.Size([192, 4])
Epoch [10/11] Step [561/1241] Loss: 0.5123 Time: 67.748
#### prediction torch.Size([192, 4])
Epoch [10/11] Step [594/1241] Loss: 0.4891 Time: 67.928
#### prediction torch.Size([192, 4])
Epoch [10/11] Step [627/1241] Loss: 0.5280 Time: 68.111
#### prediction torch.Size([192, 4])
Epoch [10/11] Step [660/1241] Loss: 0.5369 Time: 68.291
#### prediction torch.Size([192, 4])
Epoch [10/11] Step [693/1241] Loss: 0.4722 Time: 68.471
#### prediction torch.Size([192, 4])
Epoch [10/11] Step [726/1241] Loss: 0.5404 Time: 68.651
#### prediction torch.Size([192, 4])
Epoch [10/11] Step [759/1241] Loss: 0.5185 Time: 68.831
#### prediction torch.Size([192, 4])
Epoch [10/11] Step [792/1241] Loss: 0.4051 Time: 69.011
#### prediction torch.Size([192, 4])
Epoch [10/11] Step [825/1241] Loss: 0.4924 Time: 69.191
#### prediction torch.Size([192, 4])
Epoch [10/11] Step [858/1241] Loss: 0.4913 Time: 69.372
#### prediction torch.Size([192, 4])
Epoch [10/11] Step [891/1241] Loss: 0.4345 Time: 69.552
#### prediction torch.Size([192, 4])
Epoch [10/11] Step [924/1241] Loss: 0.4857 Time: 69.923
#### prediction torch.Size([192, 4])
Epoch [10/11] Step [957/1241] Loss: 0.5239 Time: 70.103
#### prediction torch.Size([192, 4])
Epoch [10/11] Step [990/1241] Loss: 0.5555 Time: 70.284
#### prediction torch.Size([192, 4])
Epoch [10/11] Step [1023/1241] Loss: 0.3950 Time: 70.465
#### prediction torch.Size([192, 4])
Epoch [10/11] Step [1056/1241] Loss: 0.5446 Time: 70.645
#### prediction torch.Size([192, 4])
Epoch [10/11] Step [1089/1241] Loss: 0.4902 Time: 70.826
#### prediction torch.Size([192, 4])
Epoch [10/11] Step [1122/1241] Loss: 0.4973 Time: 71.006
#### prediction torch.Size([192, 4])
Epoch [10/11] Step [1155/1241] Loss: 0.4399 Time: 71.186
#### prediction torch.Size([192, 4])
Epoch [10/11] Step [1188/1241] Loss: 0.4892 Time: 71.367
#### prediction torch.Size([192, 4])
Epoch [10/11] Step [1221/1241] Loss: 0.5253 Time: 71.548
#### TRAINED MODEL SEQ_CNN_LSTM model training time: 78.477 total training time: 82.568 ####
#### TRAINING MODEL SEQ_LSTM_CNN ####
#### prediction torch.Size([192, 4])
Epoch [10/11] Step [33/1241] Loss: 0.6164 Time: 70.036
#### prediction torch.Size([192, 4])
Epoch [10/11] Step [66/1241] Loss: 0.6345 Time: 70.239
#### prediction torch.Size([192, 4])
Epoch [10/11] Step [99/1241] Loss: 0.6794 Time: 70.441
#### prediction torch.Size([192, 4])
Epoch [10/11] Step [132/1241] Loss: 0.5660 Time: 70.644
#### prediction torch.Size([192, 4])
Epoch [10/11] Step [165/1241] Loss: 0.6373 Time: 70.848
#### prediction torch.Size([192, 4])
Epoch [10/11] Step [198/1241] Loss: 0.6262 Time: 71.05
#### prediction torch.Size([192, 4])
Epoch [10/11] Step [231/1241] Loss: 0.6247 Time: 71.253
#### prediction torch.Size([192, 4])
Epoch [10/11] Step [264/1241] Loss: 0.6032 Time: 71.456
#### prediction torch.Size([192, 4])
Epoch [10/11] Step [297/1241] Loss: 0.5398 Time: 71.833
#### prediction torch.Size([192, 4])
Epoch [10/11] Step [330/1241] Loss: 0.6427 Time: 72.038
#### prediction torch.Size([192, 4])
Epoch [10/11] Step [363/1241] Loss: 0.6375 Time: 72.241
#### prediction torch.Size([192, 4])
Epoch [10/11] Step [396/1241] Loss: 0.6003 Time: 72.443
#### prediction torch.Size([192, 4])
Epoch [10/11] Step [429/1241] Loss: 0.5596 Time: 72.646
#### prediction torch.Size([192, 4])
Epoch [10/11] Step [462/1241] Loss: 0.5888 Time: 72.849
#### prediction torch.Size([192, 4])
Epoch [10/11] Step [495/1241] Loss: 0.6716 Time: 73.052
#### prediction torch.Size([192, 4])
Epoch [10/11] Step [528/1241] Loss: 0.5325 Time: 73.256
#### prediction torch.Size([192, 4])
Epoch [10/11] Step [561/1241] Loss: 0.7829 Time: 73.459
#### prediction torch.Size([192, 4])
Epoch [10/11] Step [594/1241] Loss: 0.6467 Time: 73.662
#### prediction torch.Size([192, 4])
Epoch [10/11] Step [627/1241] Loss: 0.5201 Time: 73.865
#### prediction torch.Size([192, 4])
Epoch [10/11] Step [660/1241] Loss: 0.6536 Time: 74.067
#### prediction torch.Size([192, 4])
Epoch [10/11] Step [693/1241] Loss: 0.6823 Time: 74.27
#### prediction torch.Size([192, 4])
Epoch [10/11] Step [726/1241] Loss: 0.6630 Time: 74.473
#### prediction torch.Size([192, 4])
Epoch [10/11] Step [759/1241] Loss: 0.5672 Time: 74.675
#### prediction torch.Size([192, 4])
Epoch [10/11] Step [792/1241] Loss: 0.6910 Time: 74.879
#### prediction torch.Size([192, 4])
Epoch [10/11] Step [825/1241] Loss: 0.5608 Time: 75.082
#### prediction torch.Size([192, 4])
Epoch [10/11] Step [858/1241] Loss: 0.5506 Time: 75.285
#### prediction torch.Size([192, 4])
Epoch [10/11] Step [891/1241] Loss: 0.5688 Time: 75.487
#### prediction torch.Size([192, 4])
Epoch [10/11] Step [924/1241] Loss: 0.5534 Time: 75.69
#### prediction torch.Size([192, 4])
Epoch [10/11] Step [957/1241] Loss: 0.6335 Time: 75.892
#### prediction torch.Size([192, 4])
Epoch [10/11] Step [990/1241] Loss: 0.5273 Time: 76.096
#### prediction torch.Size([192, 4])
Epoch [10/11] Step [1023/1241] Loss: 0.6603 Time: 76.299
#### prediction torch.Size([192, 4])
Epoch [10/11] Step [1056/1241] Loss: 0.5760 Time: 76.501
#### prediction torch.Size([192, 4])
Epoch [10/11] Step [1089/1241] Loss: 0.6976 Time: 76.704
#### prediction torch.Size([192, 4])
Epoch [10/11] Step [1122/1241] Loss: 0.5751 Time: 76.907
#### prediction torch.Size([192, 4])
Epoch [10/11] Step [1155/1241] Loss: 0.6312 Time: 77.109
#### prediction torch.Size([192, 4])
Epoch [10/11] Step [1188/1241] Loss: 0.5691 Time: 77.312
#### prediction torch.Size([192, 4])
Epoch [10/11] Step [1221/1241] Loss: 0.5586 Time: 77.516
#### TRAINED MODEL SEQ_LSTM_CNN model training time: 85.459 total training time: 168.027 ####
#### TRAINING MODEL PARA_CNN_LSTM ####
#### prediction torch.Size([192, 4])
Epoch [10/11] Step [33/1241] Loss: 0.5944 Time: 71.543
#### prediction torch.Size([192, 4])
Epoch [10/11] Step [66/1241] Loss: 0.7277 Time: 71.751
#### prediction torch.Size([192, 4])
Epoch [10/11] Step [99/1241] Loss: 0.5952 Time: 71.958
#### prediction torch.Size([192, 4])
Epoch [10/11] Step [132/1241] Loss: 0.5943 Time: 72.165
#### prediction torch.Size([192, 4])
Epoch [10/11] Step [165/1241] Loss: 0.5418 Time: 72.374
#### prediction torch.Size([192, 4])
Epoch [10/11] Step [198/1241] Loss: 0.5814 Time: 72.583
#### prediction torch.Size([192, 4])
Epoch [10/11] Step [231/1241] Loss: 0.6396 Time: 72.791
#### prediction torch.Size([192, 4])
Epoch [10/11] Step [264/1241] Loss: 0.6183 Time: 72.999
#### prediction torch.Size([192, 4])
Epoch [10/11] Step [297/1241] Loss: 0.7066 Time: 73.206
#### prediction torch.Size([192, 4])
Epoch [10/11] Step [330/1241] Loss: 0.6714 Time: 73.414
#### prediction torch.Size([192, 4])
Epoch [10/11] Step [363/1241] Loss: 0.6164 Time: 73.622
#### prediction torch.Size([192, 4])
Epoch [10/11] Step [396/1241] Loss: 0.5492 Time: 73.83
#### prediction torch.Size([192, 4])
Epoch [10/11] Step [429/1241] Loss: 0.6060 Time: 74.038
#### prediction torch.Size([192, 4])
Epoch [10/11] Step [462/1241] Loss: 0.6121 Time: 74.246
#### prediction torch.Size([192, 4])
Epoch [10/11] Step [495/1241] Loss: 0.6318 Time: 74.454
#### prediction torch.Size([192, 4])
Epoch [10/11] Step [528/1241] Loss: 0.7077 Time: 74.662
#### prediction torch.Size([192, 4])
Epoch [10/11] Step [561/1241] Loss: 0.6036 Time: 74.869
#### prediction torch.Size([192, 4])
Epoch [10/11] Step [594/1241] Loss: 0.5762 Time: 75.076
#### prediction torch.Size([192, 4])
Epoch [10/11] Step [627/1241] Loss: 0.5978 Time: 75.285
#### prediction torch.Size([192, 4])
Epoch [10/11] Step [660/1241] Loss: 0.5979 Time: 75.493
#### prediction torch.Size([192, 4])
Epoch [10/11] Step [693/1241] Loss: 0.6907 Time: 75.702
#### prediction torch.Size([192, 4])
Epoch [10/11] Step [726/1241] Loss: 0.6569 Time: 75.909
#### prediction torch.Size([192, 4])
Epoch [10/11] Step [759/1241] Loss: 0.5329 Time: 76.116
#### prediction torch.Size([192, 4])
Epoch [10/11] Step [792/1241] Loss: 0.6232 Time: 76.324
#### prediction torch.Size([192, 4])
Epoch [10/11] Step [825/1241] Loss: 0.5746 Time: 76.532
#### prediction torch.Size([192, 4])
Epoch [10/11] Step [858/1241] Loss: 0.6586 Time: 76.74
#### prediction torch.Size([192, 4])
Epoch [10/11] Step [891/1241] Loss: 0.6269 Time: 76.947
#### prediction torch.Size([192, 4])
Epoch [10/11] Step [924/1241] Loss: 0.6023 Time: 77.155
#### prediction torch.Size([192, 4])
Epoch [10/11] Step [957/1241] Loss: 0.5902 Time: 77.363
#### prediction torch.Size([192, 4])
Epoch [10/11] Step [990/1241] Loss: 0.6092 Time: 77.571
#### prediction torch.Size([192, 4])
Epoch [10/11] Step [1023/1241] Loss: 0.5600 Time: 77.78
#### prediction torch.Size([192, 4])
Epoch [10/11] Step [1056/1241] Loss: 0.5948 Time: 77.989
#### prediction torch.Size([192, 4])
Epoch [10/11] Step [1089/1241] Loss: 0.5260 Time: 78.197
#### prediction torch.Size([192, 4])
Epoch [10/11] Step [1122/1241] Loss: 0.6651 Time: 78.404
#### prediction torch.Size([192, 4])
Epoch [10/11] Step [1155/1241] Loss: 0.6926 Time: 78.612
#### prediction torch.Size([192, 4])
Epoch [10/11] Step [1188/1241] Loss: 0.6009 Time: 78.82
#### prediction torch.Size([192, 4])
Epoch [10/11] Step [1221/1241] Loss: 0.6622 Time: 79.027
#### TRAINED MODEL PARA_CNN_LSTM model training time: 87.163 total training time: 255.19 ####
#### TRAINING TOTAL TIME: 251.099 ####
Accuracy of the SEQ_CNN_LSTM model on the test set: 81.117378 %
Accuracy of the SEQ_LSTM_CNN model on the test set: 75.752082 %
Accuracy of the PARA_CNN_LSTM model on the test set: 72.987174 %
#### TESTING TOTAL TIME: 3.546 ####
#### TIME #### TERMINO #### 928.384 ####
#### FINITO #### TERMINO #### NO-VA-MAS ####
#### TIMES #### modelling TOTAL TOTAL ==>> 928.384 seconds
#### #### READING DATA FILES #### ####
209 511 #### COMBI [reg, sid, ban, sec, men, med, sum, aci, mmm, htp, aei] METRICS ####
('Plantation', '/home/vargas/repos/forests-sounds-vargas/out/data/extraction/Plantation/2_00_PSA0010-2010_dict_y_split_7_2512283_1736694580.pkl')
(297840, 11) Index(['reg', 'sid', 'ban', 'sec', 'men', 'med', 'sum', 'aci', 'mmm', 'htp',
       'aei'],
      dtype='object') Index(['reg', 'sid', 'ban', 'sec', 'men', 'med', 'sum', 'aci', 'mmm', 'htp',
       'aei'],
      dtype='object')
#### MERGE 68 merge_data Dataframe shape: (297840, 11) #### time: 278
#### #### SPLIT TRAIN TEST #### ####
#### CLASSES: [0 1 2 3] TOTAL 4
#### SPLIT train_test_split and CUDA: ??? cuda:0 #### time: 35
#### MODELS - TOTAL 3 ####
#### EPOCHS 11 ####
#### TRAINING MODELS ####
#### TRAINING MODEL SEQ_CNN_LSTM ####
#### prediction torch.Size([192, 4])
Epoch [10/11] Step [33/1241] Loss: 0.6494 Time: 63.23
#### prediction torch.Size([192, 4])
Epoch [10/11] Step [66/1241] Loss: 0.7098 Time: 63.412
#### prediction torch.Size([192, 4])
Epoch [10/11] Step [99/1241] Loss: 0.6168 Time: 63.595
#### prediction torch.Size([192, 4])
Epoch [10/11] Step [132/1241] Loss: 0.6006 Time: 63.777
#### prediction torch.Size([192, 4])
Epoch [10/11] Step [165/1241] Loss: 0.6330 Time: 63.961
#### prediction torch.Size([192, 4])
Epoch [10/11] Step [198/1241] Loss: 0.6186 Time: 64.143
#### prediction torch.Size([192, 4])
Epoch [10/11] Step [231/1241] Loss: 0.5472 Time: 64.325
#### prediction torch.Size([192, 4])
Epoch [10/11] Step [264/1241] Loss: 0.6421 Time: 64.507
#### prediction torch.Size([192, 4])
Epoch [10/11] Step [297/1241] Loss: 0.6102 Time: 64.688
#### prediction torch.Size([192, 4])
Epoch [10/11] Step [330/1241] Loss: 0.5390 Time: 64.87
#### prediction torch.Size([192, 4])
Epoch [10/11] Step [363/1241] Loss: 0.6240 Time: 65.053
#### prediction torch.Size([192, 4])
Epoch [10/11] Step [396/1241] Loss: 0.5427 Time: 65.235
#### prediction torch.Size([192, 4])
Epoch [10/11] Step [429/1241] Loss: 0.7148 Time: 65.417
#### prediction torch.Size([192, 4])
Epoch [10/11] Step [462/1241] Loss: 0.6438 Time: 65.598
#### prediction torch.Size([192, 4])
Epoch [10/11] Step [495/1241] Loss: 0.6183 Time: 65.78
#### prediction torch.Size([192, 4])
Epoch [10/11] Step [528/1241] Loss: 0.7216 Time: 65.962
#### prediction torch.Size([192, 4])
Epoch [10/11] Step [561/1241] Loss: 0.5480 Time: 66.144
#### prediction torch.Size([192, 4])
Epoch [10/11] Step [594/1241] Loss: 0.5670 Time: 66.325
#### prediction torch.Size([192, 4])
Epoch [10/11] Step [627/1241] Loss: 0.6089 Time: 66.509
#### prediction torch.Size([192, 4])
Epoch [10/11] Step [660/1241] Loss: 0.6506 Time: 66.691
#### prediction torch.Size([192, 4])
Epoch [10/11] Step [693/1241] Loss: 0.5587 Time: 66.873
#### prediction torch.Size([192, 4])
Epoch [10/11] Step [726/1241] Loss: 0.5760 Time: 67.055
#### prediction torch.Size([192, 4])
Epoch [10/11] Step [759/1241] Loss: 0.5310 Time: 67.237
#### prediction torch.Size([192, 4])
Epoch [10/11] Step [792/1241] Loss: 0.5626 Time: 67.419
#### prediction torch.Size([192, 4])
Epoch [10/11] Step [825/1241] Loss: 0.8302 Time: 67.6
#### prediction torch.Size([192, 4])
Epoch [10/11] Step [858/1241] Loss: 0.6759 Time: 67.783
#### prediction torch.Size([192, 4])
Epoch [10/11] Step [891/1241] Loss: 0.7040 Time: 67.965
#### prediction torch.Size([192, 4])
Epoch [10/11] Step [924/1241] Loss: 0.5991 Time: 68.147
#### prediction torch.Size([192, 4])
Epoch [10/11] Step [957/1241] Loss: 0.5661 Time: 68.33
#### prediction torch.Size([192, 4])
Epoch [10/11] Step [990/1241] Loss: 0.7670 Time: 68.513
#### prediction torch.Size([192, 4])
Epoch [10/11] Step [1023/1241] Loss: 0.6132 Time: 68.696
#### prediction torch.Size([192, 4])
Epoch [10/11] Step [1056/1241] Loss: 0.5742 Time: 68.88
#### prediction torch.Size([192, 4])
Epoch [10/11] Step [1089/1241] Loss: 0.5538 Time: 69.062
#### prediction torch.Size([192, 4])
Epoch [10/11] Step [1122/1241] Loss: 0.6484 Time: 69.244
#### prediction torch.Size([192, 4])
Epoch [10/11] Step [1155/1241] Loss: 0.6421 Time: 69.426
#### prediction torch.Size([192, 4])
Epoch [10/11] Step [1188/1241] Loss: 0.6832 Time: 69.608
#### prediction torch.Size([192, 4])
Epoch [10/11] Step [1221/1241] Loss: 0.5865 Time: 69.79
#### TRAINED MODEL SEQ_CNN_LSTM model training time: 76.951 total training time: 80.592 ####
#### TRAINING MODEL SEQ_LSTM_CNN ####
#### prediction torch.Size([192, 4])
Epoch [10/11] Step [33/1241] Loss: 0.6348 Time: 70.932
#### prediction torch.Size([192, 4])
Epoch [10/11] Step [66/1241] Loss: 0.6118 Time: 71.137
#### prediction torch.Size([192, 4])
Epoch [10/11] Step [99/1241] Loss: 0.6359 Time: 71.342
#### prediction torch.Size([192, 4])
Epoch [10/11] Step [132/1241] Loss: 0.6869 Time: 71.548
#### prediction torch.Size([192, 4])
Epoch [10/11] Step [165/1241] Loss: 0.6169 Time: 71.753
#### prediction torch.Size([192, 4])
Epoch [10/11] Step [198/1241] Loss: 0.6250 Time: 71.959
#### prediction torch.Size([192, 4])
Epoch [10/11] Step [231/1241] Loss: 0.5945 Time: 72.164
#### prediction torch.Size([192, 4])
Epoch [10/11] Step [264/1241] Loss: 0.6454 Time: 72.369
#### prediction torch.Size([192, 4])
Epoch [10/11] Step [297/1241] Loss: 0.5900 Time: 72.574
#### prediction torch.Size([192, 4])
Epoch [10/11] Step [330/1241] Loss: 0.6068 Time: 72.779
#### prediction torch.Size([192, 4])
Epoch [10/11] Step [363/1241] Loss: 0.5269 Time: 72.985
#### prediction torch.Size([192, 4])
Epoch [10/11] Step [396/1241] Loss: 0.6808 Time: 73.19
#### prediction torch.Size([192, 4])
Epoch [10/11] Step [429/1241] Loss: 0.5832 Time: 73.396
#### prediction torch.Size([192, 4])
Epoch [10/11] Step [462/1241] Loss: 0.5443 Time: 73.601
#### prediction torch.Size([192, 4])
Epoch [10/11] Step [495/1241] Loss: 0.6931 Time: 73.806
#### prediction torch.Size([192, 4])
Epoch [10/11] Step [528/1241] Loss: 0.6439 Time: 74.011
#### prediction torch.Size([192, 4])
Epoch [10/11] Step [561/1241] Loss: 0.6487 Time: 74.216
#### prediction torch.Size([192, 4])
Epoch [10/11] Step [594/1241] Loss: 0.5863 Time: 74.421
#### prediction torch.Size([192, 4])
Epoch [10/11] Step [627/1241] Loss: 0.5163 Time: 74.627
#### prediction torch.Size([192, 4])
Epoch [10/11] Step [660/1241] Loss: 0.5970 Time: 74.832
#### prediction torch.Size([192, 4])
Epoch [10/11] Step [693/1241] Loss: 0.6339 Time: 75.038
#### prediction torch.Size([192, 4])
Epoch [10/11] Step [726/1241] Loss: 0.5636 Time: 75.243
#### prediction torch.Size([192, 4])
Epoch [10/11] Step [759/1241] Loss: 0.6519 Time: 75.449
#### prediction torch.Size([192, 4])
Epoch [10/11] Step [792/1241] Loss: 0.5913 Time: 75.654
#### prediction torch.Size([192, 4])
Epoch [10/11] Step [825/1241] Loss: 0.6359 Time: 75.859
#### prediction torch.Size([192, 4])
Epoch [10/11] Step [858/1241] Loss: 0.6016 Time: 76.064
#### prediction torch.Size([192, 4])
Epoch [10/11] Step [891/1241] Loss: 0.5941 Time: 76.269
#### prediction torch.Size([192, 4])
Epoch [10/11] Step [924/1241] Loss: 0.6010 Time: 76.474
#### prediction torch.Size([192, 4])
Epoch [10/11] Step [957/1241] Loss: 0.6121 Time: 76.679
#### prediction torch.Size([192, 4])
Epoch [10/11] Step [990/1241] Loss: 0.4348 Time: 76.885
#### prediction torch.Size([192, 4])
Epoch [10/11] Step [1023/1241] Loss: 0.5871 Time: 77.09
#### prediction torch.Size([192, 4])
Epoch [10/11] Step [1056/1241] Loss: 0.4937 Time: 77.295
#### prediction torch.Size([192, 4])
Epoch [10/11] Step [1089/1241] Loss: 0.5616 Time: 77.5
#### prediction torch.Size([192, 4])
Epoch [10/11] Step [1122/1241] Loss: 0.6684 Time: 77.705
#### prediction torch.Size([192, 4])
Epoch [10/11] Step [1155/1241] Loss: 0.5940 Time: 77.91
#### prediction torch.Size([192, 4])
Epoch [10/11] Step [1188/1241] Loss: 0.5213 Time: 78.115
#### prediction torch.Size([192, 4])
Epoch [10/11] Step [1221/1241] Loss: 0.5488 Time: 78.32
#### TRAINED MODEL SEQ_LSTM_CNN model training time: 86.375 total training time: 166.967 ####
#### TRAINING MODEL PARA_CNN_LSTM ####
#### prediction torch.Size([192, 4])
Epoch [10/11] Step [33/1241] Loss: 0.7578 Time: 72.254
#### prediction torch.Size([192, 4])
Epoch [10/11] Step [66/1241] Loss: 0.6870 Time: 72.463
#### prediction torch.Size([192, 4])
Epoch [10/11] Step [99/1241] Loss: 0.6615 Time: 72.674
#### prediction torch.Size([192, 4])
Epoch [10/11] Step [132/1241] Loss: 0.6454 Time: 72.884
#### prediction torch.Size([192, 4])
Epoch [10/11] Step [165/1241] Loss: 0.6774 Time: 73.093
#### prediction torch.Size([192, 4])
Epoch [10/11] Step [198/1241] Loss: 0.7258 Time: 73.303
#### prediction torch.Size([192, 4])
Epoch [10/11] Step [231/1241] Loss: 0.6537 Time: 73.512
#### prediction torch.Size([192, 4])
Epoch [10/11] Step [264/1241] Loss: 0.6441 Time: 73.723
#### prediction torch.Size([192, 4])
Epoch [10/11] Step [297/1241] Loss: 0.5447 Time: 73.932
#### prediction torch.Size([192, 4])
Epoch [10/11] Step [330/1241] Loss: 0.5811 Time: 74.142
#### prediction torch.Size([192, 4])
Epoch [10/11] Step [363/1241] Loss: 0.5447 Time: 74.352
#### prediction torch.Size([192, 4])
Epoch [10/11] Step [396/1241] Loss: 0.6699 Time: 74.563
#### prediction torch.Size([192, 4])
Epoch [10/11] Step [429/1241] Loss: 0.6265 Time: 74.772
#### prediction torch.Size([192, 4])
Epoch [10/11] Step [462/1241] Loss: 0.6334 Time: 74.982
#### prediction torch.Size([192, 4])
Epoch [10/11] Step [495/1241] Loss: 0.6393 Time: 75.192
#### prediction torch.Size([192, 4])
Epoch [10/11] Step [528/1241] Loss: 0.7011 Time: 75.402
#### prediction torch.Size([192, 4])
Epoch [10/11] Step [561/1241] Loss: 0.6274 Time: 75.612
#### prediction torch.Size([192, 4])
Epoch [10/11] Step [594/1241] Loss: 0.6070 Time: 75.822
#### prediction torch.Size([192, 4])
Epoch [10/11] Step [627/1241] Loss: 0.6421 Time: 76.032
#### prediction torch.Size([192, 4])
Epoch [10/11] Step [660/1241] Loss: 0.6507 Time: 76.241
#### prediction torch.Size([192, 4])
Epoch [10/11] Step [693/1241] Loss: 0.6787 Time: 76.451
#### prediction torch.Size([192, 4])
Epoch [10/11] Step [726/1241] Loss: 0.6466 Time: 76.661
#### prediction torch.Size([192, 4])
Epoch [10/11] Step [759/1241] Loss: 0.6119 Time: 76.871
#### prediction torch.Size([192, 4])
Epoch [10/11] Step [792/1241] Loss: 0.6557 Time: 77.081
#### prediction torch.Size([192, 4])
Epoch [10/11] Step [825/1241] Loss: 0.5849 Time: 77.456
#### prediction torch.Size([192, 4])
Epoch [10/11] Step [858/1241] Loss: 0.6789 Time: 77.666
#### prediction torch.Size([192, 4])
Epoch [10/11] Step [891/1241] Loss: 0.6301 Time: 77.875
#### prediction torch.Size([192, 4])
Epoch [10/11] Step [924/1241] Loss: 0.7572 Time: 78.085
#### prediction torch.Size([192, 4])
Epoch [10/11] Step [957/1241] Loss: 0.7002 Time: 78.295
#### prediction torch.Size([192, 4])
Epoch [10/11] Step [990/1241] Loss: 0.6688 Time: 78.506
#### prediction torch.Size([192, 4])
Epoch [10/11] Step [1023/1241] Loss: 0.6139 Time: 78.716
#### prediction torch.Size([192, 4])
Epoch [10/11] Step [1056/1241] Loss: 0.6577 Time: 78.926
#### prediction torch.Size([192, 4])
Epoch [10/11] Step [1089/1241] Loss: 0.6203 Time: 79.136
#### prediction torch.Size([192, 4])
Epoch [10/11] Step [1122/1241] Loss: 0.6029 Time: 79.345
#### prediction torch.Size([192, 4])
Epoch [10/11] Step [1155/1241] Loss: 0.6134 Time: 79.555
#### prediction torch.Size([192, 4])
Epoch [10/11] Step [1188/1241] Loss: 0.6031 Time: 79.764
#### prediction torch.Size([192, 4])
Epoch [10/11] Step [1221/1241] Loss: 0.7583 Time: 79.975
#### TRAINED MODEL PARA_CNN_LSTM model training time: 88.041 total training time: 255.009 ####
#### TRAINING TOTAL TIME: 251.368 ####
Accuracy of the SEQ_CNN_LSTM model on the test set: 74.550094 %
Accuracy of the SEQ_LSTM_CNN model on the test set: 76.094547 %
Accuracy of the PARA_CNN_LSTM model on the test set: 73.148335 %
#### TESTING TOTAL TIME: 3.752 ####
#### TIME #### TERMINO #### 1241.62 ####
#### FINITO #### TERMINO #### NO-VA-MAS ####
#### TIMES #### modelling TOTAL TOTAL ==>> 1241.62 seconds
#### #### READING DATA FILES #### ####
210 511 #### COMBI [reg, sid, ban, sec, men, med, sum, aci, mmm, hhh, aei] METRICS ####
('Plantation', '/home/vargas/repos/forests-sounds-vargas/out/data/extraction/Plantation/2_00_PSA0010-2010_dict_y_split_7_2512283_1736694580.pkl')
(297840, 11) Index(['reg', 'sid', 'ban', 'sec', 'men', 'med', 'sum', 'aci', 'mmm', 'hhh',
       'aei'],
      dtype='object') Index(['reg', 'sid', 'ban', 'sec', 'men', 'med', 'sum', 'aci', 'mmm', 'hhh',
       'aei'],
      dtype='object')
#### MERGE 68 merge_data Dataframe shape: (297840, 11) #### time: 277
#### #### SPLIT TRAIN TEST #### ####
#### CLASSES: [0 1 2 3] TOTAL 4
#### SPLIT train_test_split and CUDA: ??? cuda:0 #### time: 35
#### MODELS - TOTAL 3 ####
#### EPOCHS 11 ####
#### TRAINING MODELS ####
#### TRAINING MODEL SEQ_CNN_LSTM ####
#### prediction torch.Size([192, 4])
Epoch [10/11] Step [33/1241] Loss: 0.7020 Time: 62.638
#### prediction torch.Size([192, 4])
Epoch [10/11] Step [66/1241] Loss: 0.5953 Time: 62.819
#### prediction torch.Size([192, 4])
Epoch [10/11] Step [99/1241] Loss: 0.5949 Time: 63.001
#### prediction torch.Size([192, 4])
Epoch [10/11] Step [132/1241] Loss: 0.7255 Time: 63.182
#### prediction torch.Size([192, 4])
Epoch [10/11] Step [165/1241] Loss: 0.6245 Time: 63.363
#### prediction torch.Size([192, 4])
Epoch [10/11] Step [198/1241] Loss: 0.6303 Time: 63.543
#### prediction torch.Size([192, 4])
Epoch [10/11] Step [231/1241] Loss: 0.5474 Time: 63.725
#### prediction torch.Size([192, 4])
Epoch [10/11] Step [264/1241] Loss: 0.5698 Time: 63.906
#### prediction torch.Size([192, 4])
Epoch [10/11] Step [297/1241] Loss: 0.5484 Time: 64.087
#### prediction torch.Size([192, 4])
Epoch [10/11] Step [330/1241] Loss: 0.6238 Time: 64.268
#### prediction torch.Size([192, 4])
Epoch [10/11] Step [363/1241] Loss: 0.7375 Time: 64.449
#### prediction torch.Size([192, 4])
Epoch [10/11] Step [396/1241] Loss: 0.5627 Time: 64.63
#### prediction torch.Size([192, 4])
Epoch [10/11] Step [429/1241] Loss: 0.5146 Time: 64.811
#### prediction torch.Size([192, 4])
Epoch [10/11] Step [462/1241] Loss: 0.6380 Time: 64.992
#### prediction torch.Size([192, 4])
Epoch [10/11] Step [495/1241] Loss: 0.6300 Time: 65.174
#### prediction torch.Size([192, 4])
Epoch [10/11] Step [528/1241] Loss: 0.6207 Time: 65.355
#### prediction torch.Size([192, 4])
Epoch [10/11] Step [561/1241] Loss: 0.6373 Time: 65.537
#### prediction torch.Size([192, 4])
Epoch [10/11] Step [594/1241] Loss: 0.5961 Time: 65.718
#### prediction torch.Size([192, 4])
Epoch [10/11] Step [627/1241] Loss: 0.5502 Time: 65.899
#### prediction torch.Size([192, 4])
Epoch [10/11] Step [660/1241] Loss: 0.5843 Time: 66.08
#### prediction torch.Size([192, 4])
Epoch [10/11] Step [693/1241] Loss: 0.6360 Time: 66.261
#### prediction torch.Size([192, 4])
Epoch [10/11] Step [726/1241] Loss: 0.6319 Time: 66.441
#### prediction torch.Size([192, 4])
Epoch [10/11] Step [759/1241] Loss: 0.6160 Time: 66.622
#### prediction torch.Size([192, 4])
Epoch [10/11] Step [792/1241] Loss: 0.6083 Time: 66.804
#### prediction torch.Size([192, 4])
Epoch [10/11] Step [825/1241] Loss: 0.6373 Time: 66.987
#### prediction torch.Size([192, 4])
Epoch [10/11] Step [858/1241] Loss: 0.5433 Time: 67.168
#### prediction torch.Size([192, 4])
Epoch [10/11] Step [891/1241] Loss: 0.6377 Time: 67.349
#### prediction torch.Size([192, 4])
Epoch [10/11] Step [924/1241] Loss: 0.6121 Time: 67.531
#### prediction torch.Size([192, 4])
Epoch [10/11] Step [957/1241] Loss: 0.6209 Time: 67.711
#### prediction torch.Size([192, 4])
Epoch [10/11] Step [990/1241] Loss: 0.5844 Time: 67.892
#### prediction torch.Size([192, 4])
Epoch [10/11] Step [1023/1241] Loss: 0.6201 Time: 68.253
#### prediction torch.Size([192, 4])
Epoch [10/11] Step [1056/1241] Loss: 0.5704 Time: 68.434
#### prediction torch.Size([192, 4])
Epoch [10/11] Step [1089/1241] Loss: 0.5496 Time: 68.615
#### prediction torch.Size([192, 4])
Epoch [10/11] Step [1122/1241] Loss: 0.6831 Time: 68.796
#### prediction torch.Size([192, 4])
Epoch [10/11] Step [1155/1241] Loss: 0.5461 Time: 68.976
#### prediction torch.Size([192, 4])
Epoch [10/11] Step [1188/1241] Loss: 0.5907 Time: 69.158
#### prediction torch.Size([192, 4])
Epoch [10/11] Step [1221/1241] Loss: 0.5907 Time: 69.339
#### TRAINED MODEL SEQ_CNN_LSTM model training time: 76.287 total training time: 79.914 ####
#### TRAINING MODEL SEQ_LSTM_CNN ####
#### prediction torch.Size([192, 4])
Epoch [10/11] Step [33/1241] Loss: 0.6366 Time: 70.644
#### prediction torch.Size([192, 4])
Epoch [10/11] Step [66/1241] Loss: 0.6462 Time: 70.849
#### prediction torch.Size([192, 4])
Epoch [10/11] Step [99/1241] Loss: 0.5681 Time: 71.053
#### prediction torch.Size([192, 4])
Epoch [10/11] Step [132/1241] Loss: 0.6453 Time: 71.258
#### prediction torch.Size([192, 4])
Epoch [10/11] Step [165/1241] Loss: 0.6165 Time: 71.464
#### prediction torch.Size([192, 4])
Epoch [10/11] Step [198/1241] Loss: 0.6289 Time: 71.668
#### prediction torch.Size([192, 4])
Epoch [10/11] Step [231/1241] Loss: 0.5902 Time: 71.873
#### prediction torch.Size([192, 4])
Epoch [10/11] Step [264/1241] Loss: 0.6773 Time: 72.078
#### prediction torch.Size([192, 4])
Epoch [10/11] Step [297/1241] Loss: 0.6072 Time: 72.284
#### prediction torch.Size([192, 4])
Epoch [10/11] Step [330/1241] Loss: 0.6116 Time: 72.488
#### prediction torch.Size([192, 4])
Epoch [10/11] Step [363/1241] Loss: 0.6600 Time: 72.693
#### prediction torch.Size([192, 4])
Epoch [10/11] Step [396/1241] Loss: 0.6282 Time: 73.074
#### prediction torch.Size([192, 4])
Epoch [10/11] Step [429/1241] Loss: 0.6611 Time: 73.279
#### prediction torch.Size([192, 4])
Epoch [10/11] Step [462/1241] Loss: 0.5933 Time: 73.484
#### prediction torch.Size([192, 4])
Epoch [10/11] Step [495/1241] Loss: 0.5225 Time: 73.688
#### prediction torch.Size([192, 4])
Epoch [10/11] Step [528/1241] Loss: 0.5593 Time: 73.893
#### prediction torch.Size([192, 4])
Epoch [10/11] Step [561/1241] Loss: 0.5421 Time: 74.097
#### prediction torch.Size([192, 4])
Epoch [10/11] Step [594/1241] Loss: 0.7700 Time: 74.302
#### prediction torch.Size([192, 4])
Epoch [10/11] Step [627/1241] Loss: 0.6114 Time: 74.506
#### prediction torch.Size([192, 4])
Epoch [10/11] Step [660/1241] Loss: 0.5660 Time: 74.711
#### prediction torch.Size([192, 4])
Epoch [10/11] Step [693/1241] Loss: 0.5780 Time: 74.917
#### prediction torch.Size([192, 4])
Epoch [10/11] Step [726/1241] Loss: 0.5862 Time: 75.121
#### prediction torch.Size([192, 4])
Epoch [10/11] Step [759/1241] Loss: 0.5215 Time: 75.326
#### prediction torch.Size([192, 4])
Epoch [10/11] Step [792/1241] Loss: 0.5722 Time: 75.53
#### prediction torch.Size([192, 4])
Epoch [10/11] Step [825/1241] Loss: 0.5559 Time: 75.735
#### prediction torch.Size([192, 4])
Epoch [10/11] Step [858/1241] Loss: 0.5402 Time: 75.94
#### prediction torch.Size([192, 4])
Epoch [10/11] Step [891/1241] Loss: 0.6702 Time: 76.146
#### prediction torch.Size([192, 4])
Epoch [10/11] Step [924/1241] Loss: 0.5745 Time: 76.35
#### prediction torch.Size([192, 4])
Epoch [10/11] Step [957/1241] Loss: 0.6761 Time: 76.554
#### prediction torch.Size([192, 4])
Epoch [10/11] Step [990/1241] Loss: 0.6043 Time: 76.759
#### prediction torch.Size([192, 4])
Epoch [10/11] Step [1023/1241] Loss: 0.6778 Time: 76.964
#### prediction torch.Size([192, 4])
Epoch [10/11] Step [1056/1241] Loss: 0.6273 Time: 77.169
#### prediction torch.Size([192, 4])
Epoch [10/11] Step [1089/1241] Loss: 0.5938 Time: 77.374
#### prediction torch.Size([192, 4])
Epoch [10/11] Step [1122/1241] Loss: 0.6474 Time: 77.58
#### prediction torch.Size([192, 4])
Epoch [10/11] Step [1155/1241] Loss: 0.5613 Time: 77.785
#### prediction torch.Size([192, 4])
Epoch [10/11] Step [1188/1241] Loss: 0.5662 Time: 77.989
#### prediction torch.Size([192, 4])
Epoch [10/11] Step [1221/1241] Loss: 0.5797 Time: 78.194
#### TRAINED MODEL SEQ_LSTM_CNN model training time: 86.052 total training time: 165.966 ####
#### TRAINING MODEL PARA_CNN_LSTM ####
#### prediction torch.Size([192, 4])
Epoch [10/11] Step [33/1241] Loss: 0.6688 Time: 72.19
#### prediction torch.Size([192, 4])
Epoch [10/11] Step [66/1241] Loss: 0.6437 Time: 72.399
#### prediction torch.Size([192, 4])
Epoch [10/11] Step [99/1241] Loss: 0.6430 Time: 72.607
#### prediction torch.Size([192, 4])
Epoch [10/11] Step [132/1241] Loss: 0.7263 Time: 72.816
#### prediction torch.Size([192, 4])
Epoch [10/11] Step [165/1241] Loss: 0.6327 Time: 73.026
#### prediction torch.Size([192, 4])
Epoch [10/11] Step [198/1241] Loss: 0.6798 Time: 73.235
#### prediction torch.Size([192, 4])
Epoch [10/11] Step [231/1241] Loss: 0.6462 Time: 73.443
#### prediction torch.Size([192, 4])
Epoch [10/11] Step [264/1241] Loss: 0.6407 Time: 73.651
#### prediction torch.Size([192, 4])
Epoch [10/11] Step [297/1241] Loss: 0.5865 Time: 73.865
#### prediction torch.Size([192, 4])
Epoch [10/11] Step [330/1241] Loss: 0.6718 Time: 74.078
#### prediction torch.Size([192, 4])
Epoch [10/11] Step [363/1241] Loss: 0.6028 Time: 74.288
#### prediction torch.Size([192, 4])
Epoch [10/11] Step [396/1241] Loss: 0.5941 Time: 74.497
#### prediction torch.Size([192, 4])
Epoch [10/11] Step [429/1241] Loss: 0.6906 Time: 74.705
#### prediction torch.Size([192, 4])
Epoch [10/11] Step [462/1241] Loss: 0.6534 Time: 74.913
#### prediction torch.Size([192, 4])
Epoch [10/11] Step [495/1241] Loss: 0.6303 Time: 75.122
#### prediction torch.Size([192, 4])
Epoch [10/11] Step [528/1241] Loss: 0.6994 Time: 75.33
#### prediction torch.Size([192, 4])
Epoch [10/11] Step [561/1241] Loss: 0.5301 Time: 75.54
#### prediction torch.Size([192, 4])
Epoch [10/11] Step [594/1241] Loss: 0.6727 Time: 75.749
#### prediction torch.Size([192, 4])
Epoch [10/11] Step [627/1241] Loss: 0.6138 Time: 75.957
#### prediction torch.Size([192, 4])
Epoch [10/11] Step [660/1241] Loss: 0.6380 Time: 76.166
#### prediction torch.Size([192, 4])
Epoch [10/11] Step [693/1241] Loss: 0.5229 Time: 76.373
#### prediction torch.Size([192, 4])
Epoch [10/11] Step [726/1241] Loss: 0.6569 Time: 76.582
#### prediction torch.Size([192, 4])
Epoch [10/11] Step [759/1241] Loss: 0.6474 Time: 76.79
#### prediction torch.Size([192, 4])
Epoch [10/11] Step [792/1241] Loss: 0.6520 Time: 76.999
#### prediction torch.Size([192, 4])
Epoch [10/11] Step [825/1241] Loss: 0.7120 Time: 77.208
#### prediction torch.Size([192, 4])
Epoch [10/11] Step [858/1241] Loss: 0.6068 Time: 77.416
#### prediction torch.Size([192, 4])
Epoch [10/11] Step [891/1241] Loss: 0.6902 Time: 77.624
#### prediction torch.Size([192, 4])
Epoch [10/11] Step [924/1241] Loss: 0.6914 Time: 77.832
#### prediction torch.Size([192, 4])
Epoch [10/11] Step [957/1241] Loss: 0.5959 Time: 78.04
#### prediction torch.Size([192, 4])
Epoch [10/11] Step [990/1241] Loss: 0.5893 Time: 78.248
#### prediction torch.Size([192, 4])
Epoch [10/11] Step [1023/1241] Loss: 0.5896 Time: 78.456
#### prediction torch.Size([192, 4])
Epoch [10/11] Step [1056/1241] Loss: 0.6937 Time: 78.665
#### prediction torch.Size([192, 4])
Epoch [10/11] Step [1089/1241] Loss: 0.6406 Time: 78.873
#### prediction torch.Size([192, 4])
Epoch [10/11] Step [1122/1241] Loss: 0.5961 Time: 79.081
#### prediction torch.Size([192, 4])
Epoch [10/11] Step [1155/1241] Loss: 0.7015 Time: 79.29
#### prediction torch.Size([192, 4])
Epoch [10/11] Step [1188/1241] Loss: 0.6163 Time: 79.498
#### prediction torch.Size([192, 4])
Epoch [10/11] Step [1221/1241] Loss: 0.6905 Time: 79.707
#### TRAINED MODEL PARA_CNN_LSTM model training time: 87.876 total training time: 253.842 ####
#### TRAINING TOTAL TIME: 250.216 ####
Accuracy of the SEQ_CNN_LSTM model on the test set: 74.061577 %
Accuracy of the SEQ_LSTM_CNN model on the test set: 73.665391 %
Accuracy of the PARA_CNN_LSTM model on the test set: 71.696213 %
#### TESTING TOTAL TIME: 3.566 ####
#### TIME #### TERMINO #### 1552.363 ####
#### FINITO #### TERMINO #### NO-VA-MAS ####
#### TIMES #### modelling TOTAL TOTAL ==>> 1552.363 seconds
#### #### READING DATA FILES #### ####
211 511 #### COMBI [reg, sid, ban, sec, men, med, sum, aci, npp, hfq, htp] METRICS ####
('Plantation', '/home/vargas/repos/forests-sounds-vargas/out/data/extraction/Plantation/2_00_PSA0010-2010_dict_y_split_7_2512283_1736694580.pkl')
(297840, 11) Index(['reg', 'sid', 'ban', 'sec', 'men', 'med', 'sum', 'aci', 'npp', 'hfq',
       'htp'],
      dtype='object') Index(['reg', 'sid', 'ban', 'sec', 'men', 'med', 'sum', 'aci', 'npp', 'hfq',
       'htp'],
      dtype='object')
#### MERGE 68 merge_data Dataframe shape: (297840, 11) #### time: 275
#### #### SPLIT TRAIN TEST #### ####
#### CLASSES: [0 1 2 3] TOTAL 4
#### SPLIT train_test_split and CUDA: ??? cuda:0 #### time: 34
#### MODELS - TOTAL 3 ####
#### EPOCHS 11 ####
#### TRAINING MODELS ####
#### TRAINING MODEL SEQ_CNN_LSTM ####
#### prediction torch.Size([192, 4])
Epoch [10/11] Step [33/1241] Loss: 0.2251 Time: 63.003
#### prediction torch.Size([192, 4])
Epoch [10/11] Step [66/1241] Loss: 0.2424 Time: 63.185
#### prediction torch.Size([192, 4])
Epoch [10/11] Step [99/1241] Loss: 0.2656 Time: 63.367
#### prediction torch.Size([192, 4])
Epoch [10/11] Step [132/1241] Loss: 0.1870 Time: 63.548
#### prediction torch.Size([192, 4])
Epoch [10/11] Step [165/1241] Loss: 0.2242 Time: 63.73
#### prediction torch.Size([192, 4])
Epoch [10/11] Step [198/1241] Loss: 0.3132 Time: 63.911
#### prediction torch.Size([192, 4])
Epoch [10/11] Step [231/1241] Loss: 0.2711 Time: 64.094
#### prediction torch.Size([192, 4])
Epoch [10/11] Step [264/1241] Loss: 0.2454 Time: 64.276
#### prediction torch.Size([192, 4])
Epoch [10/11] Step [297/1241] Loss: 0.2343 Time: 64.457
#### prediction torch.Size([192, 4])
Epoch [10/11] Step [330/1241] Loss: 0.3603 Time: 64.639
#### prediction torch.Size([192, 4])
Epoch [10/11] Step [363/1241] Loss: 0.1936 Time: 64.82
#### prediction torch.Size([192, 4])
Epoch [10/11] Step [396/1241] Loss: 0.3327 Time: 65.002
#### prediction torch.Size([192, 4])
Epoch [10/11] Step [429/1241] Loss: 0.2985 Time: 65.184
#### prediction torch.Size([192, 4])
Epoch [10/11] Step [462/1241] Loss: 0.2678 Time: 65.366
#### prediction torch.Size([192, 4])
Epoch [10/11] Step [495/1241] Loss: 0.2515 Time: 65.548
#### prediction torch.Size([192, 4])
Epoch [10/11] Step [528/1241] Loss: 0.2196 Time: 65.73
#### prediction torch.Size([192, 4])
Epoch [10/11] Step [561/1241] Loss: 0.2842 Time: 65.911
#### prediction torch.Size([192, 4])
Epoch [10/11] Step [594/1241] Loss: 0.1661 Time: 66.093
#### prediction torch.Size([192, 4])
Epoch [10/11] Step [627/1241] Loss: 0.2202 Time: 66.275
#### prediction torch.Size([192, 4])
Epoch [10/11] Step [660/1241] Loss: 0.2249 Time: 66.456
#### prediction torch.Size([192, 4])
Epoch [10/11] Step [693/1241] Loss: 0.2262 Time: 66.639
#### prediction torch.Size([192, 4])
Epoch [10/11] Step [726/1241] Loss: 0.2884 Time: 66.821
#### prediction torch.Size([192, 4])
Epoch [10/11] Step [759/1241] Loss: 0.3127 Time: 67.002
#### prediction torch.Size([192, 4])
Epoch [10/11] Step [792/1241] Loss: 0.2793 Time: 67.184
#### prediction torch.Size([192, 4])
Epoch [10/11] Step [825/1241] Loss: 0.2201 Time: 67.366
#### prediction torch.Size([192, 4])
Epoch [10/11] Step [858/1241] Loss: 0.2939 Time: 67.548
#### prediction torch.Size([192, 4])
Epoch [10/11] Step [891/1241] Loss: 0.2020 Time: 67.73
#### prediction torch.Size([192, 4])
Epoch [10/11] Step [924/1241] Loss: 0.3051 Time: 67.911
#### prediction torch.Size([192, 4])
Epoch [10/11] Step [957/1241] Loss: 0.2739 Time: 68.094
#### prediction torch.Size([192, 4])
Epoch [10/11] Step [990/1241] Loss: 0.2349 Time: 68.276
#### prediction torch.Size([192, 4])
Epoch [10/11] Step [1023/1241] Loss: 0.2587 Time: 68.458
#### prediction torch.Size([192, 4])
Epoch [10/11] Step [1056/1241] Loss: 0.2277 Time: 68.639
#### prediction torch.Size([192, 4])
Epoch [10/11] Step [1089/1241] Loss: 0.1966 Time: 68.821
#### prediction torch.Size([192, 4])
Epoch [10/11] Step [1122/1241] Loss: 0.2515 Time: 69.003
#### prediction torch.Size([192, 4])
Epoch [10/11] Step [1155/1241] Loss: 0.2172 Time: 69.184
#### prediction torch.Size([192, 4])
Epoch [10/11] Step [1188/1241] Loss: 0.2786 Time: 69.366
#### prediction torch.Size([192, 4])
Epoch [10/11] Step [1221/1241] Loss: 0.2142 Time: 69.548
#### TRAINED MODEL SEQ_CNN_LSTM model training time: 76.7 total training time: 80.692 ####
#### TRAINING MODEL SEQ_LSTM_CNN ####
#### prediction torch.Size([192, 4])
Epoch [10/11] Step [33/1241] Loss: 0.3187 Time: 72.737
#### prediction torch.Size([192, 4])
Epoch [10/11] Step [66/1241] Loss: 0.4412 Time: 72.942
#### prediction torch.Size([192, 4])
Epoch [10/11] Step [99/1241] Loss: 0.2882 Time: 73.147
#### prediction torch.Size([192, 4])
Epoch [10/11] Step [132/1241] Loss: 0.2563 Time: 73.353
#### prediction torch.Size([192, 4])
Epoch [10/11] Step [165/1241] Loss: 0.2715 Time: 73.558
#### prediction torch.Size([192, 4])
Epoch [10/11] Step [198/1241] Loss: 0.2713 Time: 73.763
#### prediction torch.Size([192, 4])
Epoch [10/11] Step [231/1241] Loss: 0.4335 Time: 73.969
#### prediction torch.Size([192, 4])
Epoch [10/11] Step [264/1241] Loss: 0.2567 Time: 74.175
#### prediction torch.Size([192, 4])
Epoch [10/11] Step [297/1241] Loss: 0.2908 Time: 74.38
#### prediction torch.Size([192, 4])
Epoch [10/11] Step [330/1241] Loss: 0.3690 Time: 74.586
#### prediction torch.Size([192, 4])
Epoch [10/11] Step [363/1241] Loss: 0.3158 Time: 74.791
#### prediction torch.Size([192, 4])
Epoch [10/11] Step [396/1241] Loss: 0.2958 Time: 74.995
#### prediction torch.Size([192, 4])
Epoch [10/11] Step [429/1241] Loss: 0.2638 Time: 75.2
#### prediction torch.Size([192, 4])
Epoch [10/11] Step [462/1241] Loss: 0.2614 Time: 75.406
#### prediction torch.Size([192, 4])
Epoch [10/11] Step [495/1241] Loss: 0.2847 Time: 75.612
#### prediction torch.Size([192, 4])
Epoch [10/11] Step [528/1241] Loss: 0.2343 Time: 75.817
#### prediction torch.Size([192, 4])
Epoch [10/11] Step [561/1241] Loss: 0.3318 Time: 76.023
#### prediction torch.Size([192, 4])
Epoch [10/11] Step [594/1241] Loss: 0.2638 Time: 76.229
#### prediction torch.Size([192, 4])
Epoch [10/11] Step [627/1241] Loss: 0.1869 Time: 76.433
#### prediction torch.Size([192, 4])
Epoch [10/11] Step [660/1241] Loss: 0.2957 Time: 76.647
#### prediction torch.Size([192, 4])
Epoch [10/11] Step [693/1241] Loss: 0.3485 Time: 76.863
#### prediction torch.Size([192, 4])
Epoch [10/11] Step [726/1241] Loss: 0.2846 Time: 77.075
#### prediction torch.Size([192, 4])
Epoch [10/11] Step [759/1241] Loss: 0.3360 Time: 77.289
#### prediction torch.Size([192, 4])
Epoch [10/11] Step [792/1241] Loss: 0.3676 Time: 77.502
#### prediction torch.Size([192, 4])
Epoch [10/11] Step [825/1241] Loss: 0.2682 Time: 77.713
#### prediction torch.Size([192, 4])
Epoch [10/11] Step [858/1241] Loss: 0.2365 Time: 77.925
#### prediction torch.Size([192, 4])
Epoch [10/11] Step [891/1241] Loss: 0.2591 Time: 78.134
#### prediction torch.Size([192, 4])
Epoch [10/11] Step [924/1241] Loss: 0.2910 Time: 78.347
#### prediction torch.Size([192, 4])
Epoch [10/11] Step [957/1241] Loss: 0.3068 Time: 78.557
#### prediction torch.Size([192, 4])
Epoch [10/11] Step [990/1241] Loss: 0.2221 Time: 78.772
#### prediction torch.Size([192, 4])
Epoch [10/11] Step [1023/1241] Loss: 0.3683 Time: 78.982
#### prediction torch.Size([192, 4])
Epoch [10/11] Step [1056/1241] Loss: 0.3256 Time: 79.193
#### prediction torch.Size([192, 4])
Epoch [10/11] Step [1089/1241] Loss: 0.3346 Time: 79.406
#### prediction torch.Size([192, 4])
Epoch [10/11] Step [1122/1241] Loss: 0.2791 Time: 79.618
#### prediction torch.Size([192, 4])
Epoch [10/11] Step [1155/1241] Loss: 0.2816 Time: 79.83
#### prediction torch.Size([192, 4])
Epoch [10/11] Step [1188/1241] Loss: 0.2803 Time: 80.043
#### prediction torch.Size([192, 4])
Epoch [10/11] Step [1221/1241] Loss: 0.2391 Time: 80.255
#### TRAINED MODEL SEQ_LSTM_CNN model training time: 88.529 total training time: 169.22 ####
#### TRAINING MODEL PARA_CNN_LSTM ####
#### prediction torch.Size([192, 4])
Epoch [10/11] Step [33/1241] Loss: 0.2847 Time: 71.857
#### prediction torch.Size([192, 4])
Epoch [10/11] Step [66/1241] Loss: 0.3087 Time: 72.064
#### prediction torch.Size([192, 4])
Epoch [10/11] Step [99/1241] Loss: 0.2137 Time: 72.271
#### prediction torch.Size([192, 4])
Epoch [10/11] Step [132/1241] Loss: 0.2562 Time: 72.478
#### prediction torch.Size([192, 4])
Epoch [10/11] Step [165/1241] Loss: 0.2938 Time: 72.689
#### prediction torch.Size([192, 4])
Epoch [10/11] Step [198/1241] Loss: 0.2003 Time: 72.896
#### prediction torch.Size([192, 4])
Epoch [10/11] Step [231/1241] Loss: 0.1519 Time: 73.102
#### prediction torch.Size([192, 4])
Epoch [10/11] Step [264/1241] Loss: 0.2953 Time: 73.308
#### prediction torch.Size([192, 4])
Epoch [10/11] Step [297/1241] Loss: 0.2794 Time: 73.515
#### prediction torch.Size([192, 4])
Epoch [10/11] Step [330/1241] Loss: 0.2498 Time: 73.721
#### prediction torch.Size([192, 4])
Epoch [10/11] Step [363/1241] Loss: 0.2591 Time: 73.927
#### prediction torch.Size([192, 4])
Epoch [10/11] Step [396/1241] Loss: 0.2648 Time: 74.134
#### prediction torch.Size([192, 4])
Epoch [10/11] Step [429/1241] Loss: 0.2294 Time: 74.34
#### prediction torch.Size([192, 4])
Epoch [10/11] Step [462/1241] Loss: 0.1850 Time: 74.546
#### prediction torch.Size([192, 4])
Epoch [10/11] Step [495/1241] Loss: 0.2410 Time: 74.752
#### prediction torch.Size([192, 4])
Epoch [10/11] Step [528/1241] Loss: 0.2877 Time: 74.958
#### prediction torch.Size([192, 4])
Epoch [10/11] Step [561/1241] Loss: 0.2500 Time: 75.165
#### prediction torch.Size([192, 4])
Epoch [10/11] Step [594/1241] Loss: 0.2329 Time: 75.371
#### prediction torch.Size([192, 4])
Epoch [10/11] Step [627/1241] Loss: 0.3272 Time: 75.578
#### prediction torch.Size([192, 4])
Epoch [10/11] Step [660/1241] Loss: 0.2603 Time: 75.784
#### prediction torch.Size([192, 4])
Epoch [10/11] Step [693/1241] Loss: 0.2805 Time: 75.99
#### prediction torch.Size([192, 4])
Epoch [10/11] Step [726/1241] Loss: 0.2048 Time: 76.197
#### prediction torch.Size([192, 4])
Epoch [10/11] Step [759/1241] Loss: 0.2536 Time: 76.403
#### prediction torch.Size([192, 4])
Epoch [10/11] Step [792/1241] Loss: 0.2726 Time: 76.608
#### prediction torch.Size([192, 4])
Epoch [10/11] Step [825/1241] Loss: 0.2358 Time: 76.815
#### prediction torch.Size([192, 4])
Epoch [10/11] Step [858/1241] Loss: 0.2832 Time: 77.022
#### prediction torch.Size([192, 4])
Epoch [10/11] Step [891/1241] Loss: 0.2309 Time: 77.391
#### prediction torch.Size([192, 4])
Epoch [10/11] Step [924/1241] Loss: 0.2971 Time: 77.597
#### prediction torch.Size([192, 4])
Epoch [10/11] Step [957/1241] Loss: 0.2589 Time: 77.804
#### prediction torch.Size([192, 4])
Epoch [10/11] Step [990/1241] Loss: 0.2762 Time: 78.01
#### prediction torch.Size([192, 4])
Epoch [10/11] Step [1023/1241] Loss: 0.2803 Time: 78.217
#### prediction torch.Size([192, 4])
Epoch [10/11] Step [1056/1241] Loss: 0.2291 Time: 78.423
#### prediction torch.Size([192, 4])
Epoch [10/11] Step [1089/1241] Loss: 0.2303 Time: 78.63
#### prediction torch.Size([192, 4])
Epoch [10/11] Step [1122/1241] Loss: 0.2464 Time: 78.836
#### prediction torch.Size([192, 4])
Epoch [10/11] Step [1155/1241] Loss: 0.3002 Time: 79.042
#### prediction torch.Size([192, 4])
Epoch [10/11] Step [1188/1241] Loss: 0.2262 Time: 79.247
#### prediction torch.Size([192, 4])
Epoch [10/11] Step [1221/1241] Loss: 0.2830 Time: 79.454
#### TRAINED MODEL PARA_CNN_LSTM model training time: 87.39 total training time: 256.61 ####
#### TRAINING TOTAL TIME: 252.619 ####
Accuracy of the SEQ_CNN_LSTM model on the test set: 88.733884 %
Accuracy of the SEQ_LSTM_CNN model on the test set: 86.818426 %
Accuracy of the PARA_CNN_LSTM model on the test set: 87.635979 %
#### TESTING TOTAL TIME: 3.699 ####
#### TIME #### TERMINO #### 1866.056 ####
#### FINITO #### TERMINO #### NO-VA-MAS ####
#### TIMES #### modelling TOTAL TOTAL ==>> 1866.056 seconds
#### #### READING DATA FILES #### ####
212 511 #### COMBI [reg, sid, ban, sec, men, med, sum, aci, npp, hfq, hhh] METRICS ####
('Plantation', '/home/vargas/repos/forests-sounds-vargas/out/data/extraction/Plantation/2_00_PSA0010-2010_dict_y_split_7_2512283_1736694580.pkl')
(297840, 11) Index(['reg', 'sid', 'ban', 'sec', 'men', 'med', 'sum', 'aci', 'npp', 'hfq',
       'hhh'],
      dtype='object') Index(['reg', 'sid', 'ban', 'sec', 'men', 'med', 'sum', 'aci', 'npp', 'hfq',
       'hhh'],
      dtype='object')
#### MERGE 68 merge_data Dataframe shape: (297840, 11) #### time: 276
#### #### SPLIT TRAIN TEST #### ####
#### CLASSES: [0 1 2 3] TOTAL 4
#### SPLIT train_test_split and CUDA: ??? cuda:0 #### time: 34
#### MODELS - TOTAL 3 ####
#### EPOCHS 11 ####
#### TRAINING MODELS ####
#### TRAINING MODEL SEQ_CNN_LSTM ####
#### prediction torch.Size([192, 4])
Epoch [10/11] Step [33/1241] Loss: 0.2372 Time: 61.872
#### prediction torch.Size([192, 4])
Epoch [10/11] Step [66/1241] Loss: 0.3011 Time: 62.051
#### prediction torch.Size([192, 4])
Epoch [10/11] Step [99/1241] Loss: 0.2799 Time: 62.229
#### prediction torch.Size([192, 4])
Epoch [10/11] Step [132/1241] Loss: 0.1959 Time: 62.408
#### prediction torch.Size([192, 4])
Epoch [10/11] Step [165/1241] Loss: 0.1748 Time: 62.586
#### prediction torch.Size([192, 4])
Epoch [10/11] Step [198/1241] Loss: 0.1942 Time: 62.766
#### prediction torch.Size([192, 4])
Epoch [10/11] Step [231/1241] Loss: 0.2213 Time: 62.944
#### prediction torch.Size([192, 4])
Epoch [10/11] Step [264/1241] Loss: 0.2254 Time: 63.123
#### prediction torch.Size([192, 4])
Epoch [10/11] Step [297/1241] Loss: 0.2076 Time: 63.301
#### prediction torch.Size([192, 4])
Epoch [10/11] Step [330/1241] Loss: 0.3173 Time: 63.48
#### prediction torch.Size([192, 4])
Epoch [10/11] Step [363/1241] Loss: 0.2918 Time: 63.659
#### prediction torch.Size([192, 4])
Epoch [10/11] Step [396/1241] Loss: 0.2577 Time: 63.837
#### prediction torch.Size([192, 4])
Epoch [10/11] Step [429/1241] Loss: 0.2456 Time: 64.018
#### prediction torch.Size([192, 4])
Epoch [10/11] Step [462/1241] Loss: 0.2532 Time: 64.199
#### prediction torch.Size([192, 4])
Epoch [10/11] Step [495/1241] Loss: 0.2337 Time: 64.38
#### prediction torch.Size([192, 4])
Epoch [10/11] Step [528/1241] Loss: 0.3238 Time: 64.559
#### prediction torch.Size([192, 4])
Epoch [10/11] Step [561/1241] Loss: 0.3035 Time: 64.738
#### prediction torch.Size([192, 4])
Epoch [10/11] Step [594/1241] Loss: 0.2490 Time: 64.916
#### prediction torch.Size([192, 4])
Epoch [10/11] Step [627/1241] Loss: 0.2496 Time: 65.095
#### prediction torch.Size([192, 4])
Epoch [10/11] Step [660/1241] Loss: 0.2281 Time: 65.273
#### prediction torch.Size([192, 4])
Epoch [10/11] Step [693/1241] Loss: 0.2238 Time: 65.455
#### prediction torch.Size([192, 4])
Epoch [10/11] Step [726/1241] Loss: 0.2304 Time: 65.634
#### prediction torch.Size([192, 4])
Epoch [10/11] Step [759/1241] Loss: 0.2285 Time: 65.812
#### prediction torch.Size([192, 4])
Epoch [10/11] Step [792/1241] Loss: 0.3791 Time: 65.991
#### prediction torch.Size([192, 4])
Epoch [10/11] Step [825/1241] Loss: 0.1895 Time: 66.169
#### prediction torch.Size([192, 4])
Epoch [10/11] Step [858/1241] Loss: 0.2069 Time: 66.348
#### prediction torch.Size([192, 4])
Epoch [10/11] Step [891/1241] Loss: 0.2471 Time: 66.527
#### prediction torch.Size([192, 4])
Epoch [10/11] Step [924/1241] Loss: 0.1968 Time: 66.706
#### prediction torch.Size([192, 4])
Epoch [10/11] Step [957/1241] Loss: 0.2079 Time: 66.885
#### prediction torch.Size([192, 4])
Epoch [10/11] Step [990/1241] Loss: 0.1930 Time: 67.063
#### prediction torch.Size([192, 4])
Epoch [10/11] Step [1023/1241] Loss: 0.2672 Time: 67.242
#### prediction torch.Size([192, 4])
Epoch [10/11] Step [1056/1241] Loss: 0.2508 Time: 67.421
#### prediction torch.Size([192, 4])
Epoch [10/11] Step [1089/1241] Loss: 0.2331 Time: 67.764
#### prediction torch.Size([192, 4])
Epoch [10/11] Step [1122/1241] Loss: 0.2368 Time: 67.942
#### prediction torch.Size([192, 4])
Epoch [10/11] Step [1155/1241] Loss: 0.2217 Time: 68.122
#### prediction torch.Size([192, 4])
Epoch [10/11] Step [1188/1241] Loss: 0.1958 Time: 68.301
#### prediction torch.Size([192, 4])
Epoch [10/11] Step [1221/1241] Loss: 0.2107 Time: 68.48
#### TRAINED MODEL SEQ_CNN_LSTM model training time: 75.344 total training time: 78.941 ####
#### TRAINING MODEL SEQ_LSTM_CNN ####
#### prediction torch.Size([192, 4])
Epoch [10/11] Step [33/1241] Loss: 0.2237 Time: 69.864
#### prediction torch.Size([192, 4])
Epoch [10/11] Step [66/1241] Loss: 0.4100 Time: 70.067
#### prediction torch.Size([192, 4])
Epoch [10/11] Step [99/1241] Loss: 0.2499 Time: 70.269
#### prediction torch.Size([192, 4])
Epoch [10/11] Step [132/1241] Loss: 0.2913 Time: 70.471
#### prediction torch.Size([192, 4])
Epoch [10/11] Step [165/1241] Loss: 0.3281 Time: 70.673
#### prediction torch.Size([192, 4])
Epoch [10/11] Step [198/1241] Loss: 0.2334 Time: 70.876
#### prediction torch.Size([192, 4])
Epoch [10/11] Step [231/1241] Loss: 0.3196 Time: 71.079
#### prediction torch.Size([192, 4])
Epoch [10/11] Step [264/1241] Loss: 0.2391 Time: 71.282
#### prediction torch.Size([192, 4])
Epoch [10/11] Step [297/1241] Loss: 0.3842 Time: 71.484
#### prediction torch.Size([192, 4])
Epoch [10/11] Step [330/1241] Loss: 0.2872 Time: 71.686
#### prediction torch.Size([192, 4])
Epoch [10/11] Step [363/1241] Loss: 0.3352 Time: 71.889
#### prediction torch.Size([192, 4])
Epoch [10/11] Step [396/1241] Loss: 0.2738 Time: 72.092
#### prediction torch.Size([192, 4])
Epoch [10/11] Step [429/1241] Loss: 0.2293 Time: 72.295
#### prediction torch.Size([192, 4])
Epoch [10/11] Step [462/1241] Loss: 0.2570 Time: 72.661
#### prediction torch.Size([192, 4])
Epoch [10/11] Step [495/1241] Loss: 0.2565 Time: 72.864
#### prediction torch.Size([192, 4])
Epoch [10/11] Step [528/1241] Loss: 0.2351 Time: 73.066
#### prediction torch.Size([192, 4])
Epoch [10/11] Step [561/1241] Loss: 0.2983 Time: 73.269
#### prediction torch.Size([192, 4])
Epoch [10/11] Step [594/1241] Loss: 0.2486 Time: 73.471
#### prediction torch.Size([192, 4])
Epoch [10/11] Step [627/1241] Loss: 0.1974 Time: 73.674
#### prediction torch.Size([192, 4])
Epoch [10/11] Step [660/1241] Loss: 0.2454 Time: 73.876
#### prediction torch.Size([192, 4])
Epoch [10/11] Step [693/1241] Loss: 0.2420 Time: 74.079
#### prediction torch.Size([192, 4])
Epoch [10/11] Step [726/1241] Loss: 0.3571 Time: 74.282
#### prediction torch.Size([192, 4])
Epoch [10/11] Step [759/1241] Loss: 0.2075 Time: 74.484
#### prediction torch.Size([192, 4])
Epoch [10/11] Step [792/1241] Loss: 0.2827 Time: 74.686
#### prediction torch.Size([192, 4])
Epoch [10/11] Step [825/1241] Loss: 0.2304 Time: 74.889
#### prediction torch.Size([192, 4])
Epoch [10/11] Step [858/1241] Loss: 0.2550 Time: 75.092
#### prediction torch.Size([192, 4])
Epoch [10/11] Step [891/1241] Loss: 0.2535 Time: 75.294
#### prediction torch.Size([192, 4])
Epoch [10/11] Step [924/1241] Loss: 0.4094 Time: 75.496
#### prediction torch.Size([192, 4])
Epoch [10/11] Step [957/1241] Loss: 0.3289 Time: 75.699
#### prediction torch.Size([192, 4])
Epoch [10/11] Step [990/1241] Loss: 0.3045 Time: 75.901
#### prediction torch.Size([192, 4])
Epoch [10/11] Step [1023/1241] Loss: 0.3577 Time: 76.104
#### prediction torch.Size([192, 4])
Epoch [10/11] Step [1056/1241] Loss: 0.3052 Time: 76.307
#### prediction torch.Size([192, 4])
Epoch [10/11] Step [1089/1241] Loss: 0.2498 Time: 76.51
#### prediction torch.Size([192, 4])
Epoch [10/11] Step [1122/1241] Loss: 0.3475 Time: 76.713
#### prediction torch.Size([192, 4])
Epoch [10/11] Step [1155/1241] Loss: 0.3016 Time: 76.916
#### prediction torch.Size([192, 4])
Epoch [10/11] Step [1188/1241] Loss: 0.2491 Time: 77.118
#### prediction torch.Size([192, 4])
Epoch [10/11] Step [1221/1241] Loss: 0.2444 Time: 77.321
#### TRAINED MODEL SEQ_LSTM_CNN model training time: 85.101 total training time: 164.043 ####
#### TRAINING MODEL PARA_CNN_LSTM ####
#### prediction torch.Size([192, 4])
Epoch [10/11] Step [33/1241] Loss: 0.2699 Time: 70.957
#### prediction torch.Size([192, 4])
Epoch [10/11] Step [66/1241] Loss: 0.2204 Time: 71.163
#### prediction torch.Size([192, 4])
Epoch [10/11] Step [99/1241] Loss: 0.2514 Time: 71.368
#### prediction torch.Size([192, 4])
Epoch [10/11] Step [132/1241] Loss: 0.2185 Time: 71.572
#### prediction torch.Size([192, 4])
Epoch [10/11] Step [165/1241] Loss: 0.2846 Time: 71.777
#### prediction torch.Size([192, 4])
Epoch [10/11] Step [198/1241] Loss: 0.2024 Time: 71.982
#### prediction torch.Size([192, 4])
Epoch [10/11] Step [231/1241] Loss: 0.2318 Time: 72.186
#### prediction torch.Size([192, 4])
Epoch [10/11] Step [264/1241] Loss: 0.2166 Time: 72.392
#### prediction torch.Size([192, 4])
Epoch [10/11] Step [297/1241] Loss: 0.2240 Time: 72.596
#### prediction torch.Size([192, 4])
Epoch [10/11] Step [330/1241] Loss: 0.3387 Time: 72.8
#### prediction torch.Size([192, 4])
Epoch [10/11] Step [363/1241] Loss: 0.3714 Time: 73.005
#### prediction torch.Size([192, 4])
Epoch [10/11] Step [396/1241] Loss: 0.1723 Time: 73.21
#### prediction torch.Size([192, 4])
Epoch [10/11] Step [429/1241] Loss: 0.2884 Time: 73.414
#### prediction torch.Size([192, 4])
Epoch [10/11] Step [462/1241] Loss: 0.1987 Time: 73.619
#### prediction torch.Size([192, 4])
Epoch [10/11] Step [495/1241] Loss: 0.2990 Time: 73.824
#### prediction torch.Size([192, 4])
Epoch [10/11] Step [528/1241] Loss: 0.2787 Time: 74.029
#### prediction torch.Size([192, 4])
Epoch [10/11] Step [561/1241] Loss: 0.2000 Time: 74.233
#### prediction torch.Size([192, 4])
Epoch [10/11] Step [594/1241] Loss: 0.2402 Time: 74.438
#### prediction torch.Size([192, 4])
Epoch [10/11] Step [627/1241] Loss: 0.1420 Time: 74.643
#### prediction torch.Size([192, 4])
Epoch [10/11] Step [660/1241] Loss: 0.2159 Time: 74.847
#### prediction torch.Size([192, 4])
Epoch [10/11] Step [693/1241] Loss: 0.2373 Time: 75.053
#### prediction torch.Size([192, 4])
Epoch [10/11] Step [726/1241] Loss: 0.1971 Time: 75.258
#### prediction torch.Size([192, 4])
Epoch [10/11] Step [759/1241] Loss: 0.2032 Time: 75.463
#### prediction torch.Size([192, 4])
Epoch [10/11] Step [792/1241] Loss: 0.2071 Time: 75.667
#### prediction torch.Size([192, 4])
Epoch [10/11] Step [825/1241] Loss: 0.2417 Time: 75.871
#### prediction torch.Size([192, 4])
Epoch [10/11] Step [858/1241] Loss: 0.2773 Time: 76.076
#### prediction torch.Size([192, 4])
Epoch [10/11] Step [891/1241] Loss: 0.2509 Time: 76.281
#### prediction torch.Size([192, 4])
Epoch [10/11] Step [924/1241] Loss: 0.2336 Time: 76.486
#### prediction torch.Size([192, 4])
Epoch [10/11] Step [957/1241] Loss: 0.2256 Time: 76.69
#### prediction torch.Size([192, 4])
Epoch [10/11] Step [990/1241] Loss: 0.1718 Time: 76.894
#### prediction torch.Size([192, 4])
Epoch [10/11] Step [1023/1241] Loss: 0.2747 Time: 77.1
#### prediction torch.Size([192, 4])
Epoch [10/11] Step [1056/1241] Loss: 0.1706 Time: 77.304
#### prediction torch.Size([192, 4])
Epoch [10/11] Step [1089/1241] Loss: 0.3053 Time: 77.51
#### prediction torch.Size([192, 4])
Epoch [10/11] Step [1122/1241] Loss: 0.2786 Time: 77.72
#### prediction torch.Size([192, 4])
Epoch [10/11] Step [1155/1241] Loss: 0.1980 Time: 77.931
#### prediction torch.Size([192, 4])
Epoch [10/11] Step [1188/1241] Loss: 0.2146 Time: 78.14
#### prediction torch.Size([192, 4])
Epoch [10/11] Step [1221/1241] Loss: 0.1940 Time: 78.347
#### TRAINED MODEL PARA_CNN_LSTM model training time: 86.38 total training time: 250.423 ####
#### TRAINING TOTAL TIME: 246.826 ####
Accuracy of the SEQ_CNN_LSTM model on the test set: 89.902297 %
Accuracy of the SEQ_LSTM_CNN model on the test set: 88.557615 %
Accuracy of the PARA_CNN_LSTM model on the test set: 87.706487 %
#### TESTING TOTAL TIME: 3.506 ####
#### TIME #### TERMINO #### 2171.168 ####
#### FINITO #### TERMINO #### NO-VA-MAS ####
#### TIMES #### modelling TOTAL TOTAL ==>> 2171.168 seconds
#### #### READING DATA FILES #### ####
213 511 #### COMBI [reg, sid, ban, sec, men, med, sum, aci, npp, hfq, aei] METRICS ####
('Plantation', '/home/vargas/repos/forests-sounds-vargas/out/data/extraction/Plantation/2_00_PSA0010-2010_dict_y_split_7_2512283_1736694580.pkl')
(297840, 11) Index(['reg', 'sid', 'ban', 'sec', 'men', 'med', 'sum', 'aci', 'npp', 'hfq',
       'aei'],
      dtype='object') Index(['reg', 'sid', 'ban', 'sec', 'men', 'med', 'sum', 'aci', 'npp', 'hfq',
       'aei'],
      dtype='object')
#### MERGE 68 merge_data Dataframe shape: (297840, 11) #### time: 271
#### #### SPLIT TRAIN TEST #### ####
#### CLASSES: [0 1 2 3] TOTAL 4
#### SPLIT train_test_split and CUDA: ??? cuda:0 #### time: 34
#### MODELS - TOTAL 3 ####
#### EPOCHS 11 ####
#### TRAINING MODELS ####
#### TRAINING MODEL SEQ_CNN_LSTM ####
#### prediction torch.Size([192, 4])
Epoch [10/11] Step [33/1241] Loss: 0.3320 Time: 61.699
#### prediction torch.Size([192, 4])
Epoch [10/11] Step [66/1241] Loss: 0.2162 Time: 61.879
#### prediction torch.Size([192, 4])
Epoch [10/11] Step [99/1241] Loss: 0.3106 Time: 62.058
#### prediction torch.Size([192, 4])
Epoch [10/11] Step [132/1241] Loss: 0.2356 Time: 62.236
#### prediction torch.Size([192, 4])
Epoch [10/11] Step [165/1241] Loss: 0.1994 Time: 62.415
#### prediction torch.Size([192, 4])
Epoch [10/11] Step [198/1241] Loss: 0.2845 Time: 62.595
#### prediction torch.Size([192, 4])
Epoch [10/11] Step [231/1241] Loss: 0.2974 Time: 62.774
#### prediction torch.Size([192, 4])
Epoch [10/11] Step [264/1241] Loss: 0.2372 Time: 62.953
#### prediction torch.Size([192, 4])
Epoch [10/11] Step [297/1241] Loss: 0.3505 Time: 63.132
#### prediction torch.Size([192, 4])
Epoch [10/11] Step [330/1241] Loss: 0.2750 Time: 63.311
#### prediction torch.Size([192, 4])
Epoch [10/11] Step [363/1241] Loss: 0.2646 Time: 63.49
#### prediction torch.Size([192, 4])
Epoch [10/11] Step [396/1241] Loss: 0.1415 Time: 63.668
#### prediction torch.Size([192, 4])
Epoch [10/11] Step [429/1241] Loss: 0.2504 Time: 63.848
#### prediction torch.Size([192, 4])
Epoch [10/11] Step [462/1241] Loss: 0.3014 Time: 64.027
#### prediction torch.Size([192, 4])
Epoch [10/11] Step [495/1241] Loss: 0.2702 Time: 64.206
#### prediction torch.Size([192, 4])
Epoch [10/11] Step [528/1241] Loss: 0.2088 Time: 64.384
#### prediction torch.Size([192, 4])
Epoch [10/11] Step [561/1241] Loss: 0.3284 Time: 64.564
#### prediction torch.Size([192, 4])
Epoch [10/11] Step [594/1241] Loss: 0.2260 Time: 64.742
#### prediction torch.Size([192, 4])
Epoch [10/11] Step [627/1241] Loss: 0.2600 Time: 64.921
#### prediction torch.Size([192, 4])
Epoch [10/11] Step [660/1241] Loss: 0.2403 Time: 65.1
#### prediction torch.Size([192, 4])
Epoch [10/11] Step [693/1241] Loss: 0.2301 Time: 65.28
#### prediction torch.Size([192, 4])
Epoch [10/11] Step [726/1241] Loss: 0.2185 Time: 65.46
#### prediction torch.Size([192, 4])
Epoch [10/11] Step [759/1241] Loss: 0.2658 Time: 65.64
#### prediction torch.Size([192, 4])
Epoch [10/11] Step [792/1241] Loss: 0.3141 Time: 65.818
#### prediction torch.Size([192, 4])
Epoch [10/11] Step [825/1241] Loss: 0.2901 Time: 65.997
#### prediction torch.Size([192, 4])
Epoch [10/11] Step [858/1241] Loss: 0.2442 Time: 66.176
#### prediction torch.Size([192, 4])
Epoch [10/11] Step [891/1241] Loss: 0.2373 Time: 66.355
#### prediction torch.Size([192, 4])
Epoch [10/11] Step [924/1241] Loss: 0.2488 Time: 66.534
#### prediction torch.Size([192, 4])
Epoch [10/11] Step [957/1241] Loss: 0.2162 Time: 66.714
#### prediction torch.Size([192, 4])
Epoch [10/11] Step [990/1241] Loss: 0.2716 Time: 66.895
#### prediction torch.Size([192, 4])
Epoch [10/11] Step [1023/1241] Loss: 0.3114 Time: 67.074
#### prediction torch.Size([192, 4])
Epoch [10/11] Step [1056/1241] Loss: 0.2106 Time: 67.253
#### prediction torch.Size([192, 4])
Epoch [10/11] Step [1089/1241] Loss: 0.2402 Time: 67.432
#### prediction torch.Size([192, 4])
Epoch [10/11] Step [1122/1241] Loss: 0.2426 Time: 67.611
#### prediction torch.Size([192, 4])
Epoch [10/11] Step [1155/1241] Loss: 0.2254 Time: 67.79
#### prediction torch.Size([192, 4])
Epoch [10/11] Step [1188/1241] Loss: 0.3404 Time: 67.969
#### prediction torch.Size([192, 4])
Epoch [10/11] Step [1221/1241] Loss: 0.1637 Time: 68.149
#### TRAINED MODEL SEQ_CNN_LSTM model training time: 75.189 total training time: 78.629 ####
#### TRAINING MODEL SEQ_LSTM_CNN ####
#### prediction torch.Size([192, 4])
Epoch [10/11] Step [33/1241] Loss: 0.2965 Time: 69.943
#### prediction torch.Size([192, 4])
Epoch [10/11] Step [66/1241] Loss: 0.2926 Time: 70.144
#### prediction torch.Size([192, 4])
Epoch [10/11] Step [99/1241] Loss: 0.3651 Time: 70.346
#### prediction torch.Size([192, 4])
Epoch [10/11] Step [132/1241] Loss: 0.2789 Time: 70.547
#### prediction torch.Size([192, 4])
Epoch [10/11] Step [165/1241] Loss: 0.2696 Time: 70.748
#### prediction torch.Size([192, 4])
Epoch [10/11] Step [198/1241] Loss: 0.3377 Time: 70.95
#### prediction torch.Size([192, 4])
Epoch [10/11] Step [231/1241] Loss: 0.2981 Time: 71.153
#### prediction torch.Size([192, 4])
Epoch [10/11] Step [264/1241] Loss: 0.3168 Time: 71.356
#### prediction torch.Size([192, 4])
Epoch [10/11] Step [297/1241] Loss: 0.2737 Time: 71.558
#### prediction torch.Size([192, 4])
Epoch [10/11] Step [330/1241] Loss: 0.2539 Time: 71.76
#### prediction torch.Size([192, 4])
Epoch [10/11] Step [363/1241] Loss: 0.2982 Time: 71.964
#### prediction torch.Size([192, 4])
Epoch [10/11] Step [396/1241] Loss: 0.2207 Time: 72.167
#### prediction torch.Size([192, 4])
Epoch [10/11] Step [429/1241] Loss: 0.2523 Time: 72.369
#### prediction torch.Size([192, 4])
Epoch [10/11] Step [462/1241] Loss: 0.2911 Time: 72.572
#### prediction torch.Size([192, 4])
Epoch [10/11] Step [495/1241] Loss: 0.2131 Time: 72.774
#### prediction torch.Size([192, 4])
Epoch [10/11] Step [528/1241] Loss: 0.2386 Time: 72.979
#### prediction torch.Size([192, 4])
Epoch [10/11] Step [561/1241] Loss: 0.2846 Time: 73.182
#### prediction torch.Size([192, 4])
Epoch [10/11] Step [594/1241] Loss: 0.2949 Time: 73.386
#### prediction torch.Size([192, 4])
Epoch [10/11] Step [627/1241] Loss: 0.2036 Time: 73.589
#### prediction torch.Size([192, 4])
Epoch [10/11] Step [660/1241] Loss: 0.2845 Time: 73.791
#### prediction torch.Size([192, 4])
Epoch [10/11] Step [693/1241] Loss: 0.2610 Time: 73.995
#### prediction torch.Size([192, 4])
Epoch [10/11] Step [726/1241] Loss: 0.2523 Time: 74.197
#### prediction torch.Size([192, 4])
Epoch [10/11] Step [759/1241] Loss: 0.3941 Time: 74.401
#### prediction torch.Size([192, 4])
Epoch [10/11] Step [792/1241] Loss: 0.2423 Time: 74.603
#### prediction torch.Size([192, 4])
Epoch [10/11] Step [825/1241] Loss: 0.2804 Time: 74.807
#### prediction torch.Size([192, 4])
Epoch [10/11] Step [858/1241] Loss: 0.2582 Time: 75.009
#### prediction torch.Size([192, 4])
Epoch [10/11] Step [891/1241] Loss: 0.2363 Time: 75.212
#### prediction torch.Size([192, 4])
Epoch [10/11] Step [924/1241] Loss: 0.3261 Time: 75.415
#### prediction torch.Size([192, 4])
Epoch [10/11] Step [957/1241] Loss: 0.2621 Time: 75.617
#### prediction torch.Size([192, 4])
Epoch [10/11] Step [990/1241] Loss: 0.2381 Time: 75.82
#### prediction torch.Size([192, 4])
Epoch [10/11] Step [1023/1241] Loss: 0.2464 Time: 76.023
#### prediction torch.Size([192, 4])
Epoch [10/11] Step [1056/1241] Loss: 0.1671 Time: 76.226
#### prediction torch.Size([192, 4])
Epoch [10/11] Step [1089/1241] Loss: 0.3935 Time: 76.428
#### prediction torch.Size([192, 4])
Epoch [10/11] Step [1122/1241] Loss: 0.2776 Time: 76.631
#### prediction torch.Size([192, 4])
Epoch [10/11] Step [1155/1241] Loss: 0.2759 Time: 76.833
#### prediction torch.Size([192, 4])
Epoch [10/11] Step [1188/1241] Loss: 0.3848 Time: 77.036
#### prediction torch.Size([192, 4])
Epoch [10/11] Step [1221/1241] Loss: 0.3033 Time: 77.238
#### TRAINED MODEL SEQ_LSTM_CNN model training time: 85.186 total training time: 163.814 ####
#### TRAINING MODEL PARA_CNN_LSTM ####
#### prediction torch.Size([192, 4])
Epoch [10/11] Step [33/1241] Loss: 0.1568 Time: 70.951
#### prediction torch.Size([192, 4])
Epoch [10/11] Step [66/1241] Loss: 0.2463 Time: 71.157
#### prediction torch.Size([192, 4])
Epoch [10/11] Step [99/1241] Loss: 0.2807 Time: 71.362
#### prediction torch.Size([192, 4])
Epoch [10/11] Step [132/1241] Loss: 0.2155 Time: 71.568
#### prediction torch.Size([192, 4])
Epoch [10/11] Step [165/1241] Loss: 0.2169 Time: 71.779
#### prediction torch.Size([192, 4])
Epoch [10/11] Step [198/1241] Loss: 0.2737 Time: 71.989
#### prediction torch.Size([192, 4])
Epoch [10/11] Step [231/1241] Loss: 0.2786 Time: 72.201
#### prediction torch.Size([192, 4])
Epoch [10/11] Step [264/1241] Loss: 0.2010 Time: 72.41
#### prediction torch.Size([192, 4])
Epoch [10/11] Step [297/1241] Loss: 0.2738 Time: 72.619
#### prediction torch.Size([192, 4])
Epoch [10/11] Step [330/1241] Loss: 0.2612 Time: 72.826
#### prediction torch.Size([192, 4])
Epoch [10/11] Step [363/1241] Loss: 0.2348 Time: 73.032
#### prediction torch.Size([192, 4])
Epoch [10/11] Step [396/1241] Loss: 0.1705 Time: 73.238
#### prediction torch.Size([192, 4])
Epoch [10/11] Step [429/1241] Loss: 0.2437 Time: 73.445
#### prediction torch.Size([192, 4])
Epoch [10/11] Step [462/1241] Loss: 0.1951 Time: 73.651
#### prediction torch.Size([192, 4])
Epoch [10/11] Step [495/1241] Loss: 0.1931 Time: 73.856
#### prediction torch.Size([192, 4])
Epoch [10/11] Step [528/1241] Loss: 0.2632 Time: 74.062
#### prediction torch.Size([192, 4])
Epoch [10/11] Step [561/1241] Loss: 0.2293 Time: 74.268
#### prediction torch.Size([192, 4])
Epoch [10/11] Step [594/1241] Loss: 0.2739 Time: 74.473
#### prediction torch.Size([192, 4])
Epoch [10/11] Step [627/1241] Loss: 0.2660 Time: 74.679
#### prediction torch.Size([192, 4])
Epoch [10/11] Step [660/1241] Loss: 0.2589 Time: 74.886
#### prediction torch.Size([192, 4])
Epoch [10/11] Step [693/1241] Loss: 0.2222 Time: 75.091
#### prediction torch.Size([192, 4])
Epoch [10/11] Step [726/1241] Loss: 0.2364 Time: 75.297
#### prediction torch.Size([192, 4])
Epoch [10/11] Step [759/1241] Loss: 0.2366 Time: 75.502
#### prediction torch.Size([192, 4])
Epoch [10/11] Step [792/1241] Loss: 0.2003 Time: 75.708
#### prediction torch.Size([192, 4])
Epoch [10/11] Step [825/1241] Loss: 0.2393 Time: 75.914
#### prediction torch.Size([192, 4])
Epoch [10/11] Step [858/1241] Loss: 0.1805 Time: 76.119
#### prediction torch.Size([192, 4])
Epoch [10/11] Step [891/1241] Loss: 0.2385 Time: 76.326
#### prediction torch.Size([192, 4])
Epoch [10/11] Step [924/1241] Loss: 0.3064 Time: 76.531
#### prediction torch.Size([192, 4])
Epoch [10/11] Step [957/1241] Loss: 0.2158 Time: 76.9
#### prediction torch.Size([192, 4])
Epoch [10/11] Step [990/1241] Loss: 0.2246 Time: 77.106
#### prediction torch.Size([192, 4])
Epoch [10/11] Step [1023/1241] Loss: 0.2091 Time: 77.312
#### prediction torch.Size([192, 4])
Epoch [10/11] Step [1056/1241] Loss: 0.2096 Time: 77.518
#### prediction torch.Size([192, 4])
Epoch [10/11] Step [1089/1241] Loss: 0.3288 Time: 77.73
#### prediction torch.Size([192, 4])
Epoch [10/11] Step [1122/1241] Loss: 0.1945 Time: 77.937
#### prediction torch.Size([192, 4])
Epoch [10/11] Step [1155/1241] Loss: 0.2715 Time: 78.143
#### prediction torch.Size([192, 4])
Epoch [10/11] Step [1188/1241] Loss: 0.2182 Time: 78.349
#### prediction torch.Size([192, 4])
Epoch [10/11] Step [1221/1241] Loss: 0.2731 Time: 78.554
#### TRAINED MODEL PARA_CNN_LSTM model training time: 86.447 total training time: 250.261 ####
#### TRAINING TOTAL TIME: 246.821 ####
Accuracy of the SEQ_CNN_LSTM model on the test set: 89.35838 %
Accuracy of the SEQ_LSTM_CNN model on the test set: 88.900081 %
Accuracy of the PARA_CNN_LSTM model on the test set: 89.966089 %
#### TESTING TOTAL TIME: 3.7 ####
#### TIME #### TERMINO #### 2477.32 ####
#### FINITO #### TERMINO #### NO-VA-MAS ####
#### TIMES #### modelling TOTAL TOTAL ==>> 2477.32 seconds
#### #### READING DATA FILES #### ####
214 511 #### COMBI [reg, sid, ban, sec, men, med, sum, aci, npp, htp, hhh] METRICS ####
('Plantation', '/home/vargas/repos/forests-sounds-vargas/out/data/extraction/Plantation/2_00_PSA0010-2010_dict_y_split_7_2512283_1736694580.pkl')
(297840, 11) Index(['reg', 'sid', 'ban', 'sec', 'men', 'med', 'sum', 'aci', 'npp', 'htp',
       'hhh'],
      dtype='object') Index(['reg', 'sid', 'ban', 'sec', 'men', 'med', 'sum', 'aci', 'npp', 'htp',
       'hhh'],
      dtype='object')
#### MERGE 68 merge_data Dataframe shape: (297840, 11) #### time: 272
#### #### SPLIT TRAIN TEST #### ####
#### CLASSES: [0 1 2 3] TOTAL 4
#### SPLIT train_test_split and CUDA: ??? cuda:0 #### time: 34
#### MODELS - TOTAL 3 ####
#### EPOCHS 11 ####
#### TRAINING MODELS ####
#### TRAINING MODEL SEQ_CNN_LSTM ####
#### prediction torch.Size([192, 4])
Epoch [10/11] Step [33/1241] Loss: 0.2858 Time: 61.358
#### prediction torch.Size([192, 4])
Epoch [10/11] Step [66/1241] Loss: 0.1971 Time: 61.535
#### prediction torch.Size([192, 4])
Epoch [10/11] Step [99/1241] Loss: 0.2410 Time: 61.713
#### prediction torch.Size([192, 4])
Epoch [10/11] Step [132/1241] Loss: 0.1815 Time: 61.89
#### prediction torch.Size([192, 4])
Epoch [10/11] Step [165/1241] Loss: 0.2305 Time: 62.067
#### prediction torch.Size([192, 4])
Epoch [10/11] Step [198/1241] Loss: 0.2241 Time: 62.245
#### prediction torch.Size([192, 4])
Epoch [10/11] Step [231/1241] Loss: 0.2060 Time: 62.422
#### prediction torch.Size([192, 4])
Epoch [10/11] Step [264/1241] Loss: 0.2361 Time: 62.6
#### prediction torch.Size([192, 4])
Epoch [10/11] Step [297/1241] Loss: 0.3230 Time: 62.776
#### prediction torch.Size([192, 4])
Epoch [10/11] Step [330/1241] Loss: 0.1832 Time: 62.954
#### prediction torch.Size([192, 4])
Epoch [10/11] Step [363/1241] Loss: 0.2462 Time: 63.131
#### prediction torch.Size([192, 4])
Epoch [10/11] Step [396/1241] Loss: 0.2300 Time: 63.309
#### prediction torch.Size([192, 4])
Epoch [10/11] Step [429/1241] Loss: 0.1800 Time: 63.487
#### prediction torch.Size([192, 4])
Epoch [10/11] Step [462/1241] Loss: 0.2806 Time: 63.664
#### prediction torch.Size([192, 4])
Epoch [10/11] Step [495/1241] Loss: 0.3172 Time: 63.841
#### prediction torch.Size([192, 4])
Epoch [10/11] Step [528/1241] Loss: 0.2759 Time: 64.018
#### prediction torch.Size([192, 4])
Epoch [10/11] Step [561/1241] Loss: 0.3014 Time: 64.195
#### prediction torch.Size([192, 4])
Epoch [10/11] Step [594/1241] Loss: 0.2942 Time: 64.373
#### prediction torch.Size([192, 4])
Epoch [10/11] Step [627/1241] Loss: 0.2176 Time: 64.552
#### prediction torch.Size([192, 4])
Epoch [10/11] Step [660/1241] Loss: 0.2637 Time: 64.729
#### prediction torch.Size([192, 4])
Epoch [10/11] Step [693/1241] Loss: 0.2431 Time: 64.907
#### prediction torch.Size([192, 4])
Epoch [10/11] Step [726/1241] Loss: 0.2533 Time: 65.084
#### prediction torch.Size([192, 4])
Epoch [10/11] Step [759/1241] Loss: 0.3561 Time: 65.261
#### prediction torch.Size([192, 4])
Epoch [10/11] Step [792/1241] Loss: 0.2094 Time: 65.439
#### prediction torch.Size([192, 4])
Epoch [10/11] Step [825/1241] Loss: 0.3240 Time: 65.617
#### prediction torch.Size([192, 4])
Epoch [10/11] Step [858/1241] Loss: 0.3212 Time: 65.794
#### prediction torch.Size([192, 4])
Epoch [10/11] Step [891/1241] Loss: 0.2542 Time: 65.973
#### prediction torch.Size([192, 4])
Epoch [10/11] Step [924/1241] Loss: 0.1935 Time: 66.15
#### prediction torch.Size([192, 4])
Epoch [10/11] Step [957/1241] Loss: 0.2701 Time: 66.327
#### prediction torch.Size([192, 4])
Epoch [10/11] Step [990/1241] Loss: 0.2141 Time: 66.505
#### prediction torch.Size([192, 4])
Epoch [10/11] Step [1023/1241] Loss: 0.2512 Time: 66.682
#### prediction torch.Size([192, 4])
Epoch [10/11] Step [1056/1241] Loss: 0.2937 Time: 66.86
#### prediction torch.Size([192, 4])
Epoch [10/11] Step [1089/1241] Loss: 0.2198 Time: 67.037
#### prediction torch.Size([192, 4])
Epoch [10/11] Step [1122/1241] Loss: 0.3347 Time: 67.216
#### prediction torch.Size([192, 4])
Epoch [10/11] Step [1155/1241] Loss: 0.2368 Time: 67.554
#### prediction torch.Size([192, 4])
Epoch [10/11] Step [1188/1241] Loss: 0.2554 Time: 67.731
#### prediction torch.Size([192, 4])
Epoch [10/11] Step [1221/1241] Loss: 0.2674 Time: 67.908
#### TRAINED MODEL SEQ_CNN_LSTM model training time: 74.724 total training time: 78.39 ####
#### TRAINING MODEL SEQ_LSTM_CNN ####
#### prediction torch.Size([192, 4])
Epoch [10/11] Step [33/1241] Loss: 0.2422 Time: 69.251
#### prediction torch.Size([192, 4])
Epoch [10/11] Step [66/1241] Loss: 0.2310 Time: 69.452
#### prediction torch.Size([192, 4])
Epoch [10/11] Step [99/1241] Loss: 0.2970 Time: 69.653
#### prediction torch.Size([192, 4])
Epoch [10/11] Step [132/1241] Loss: 0.2999 Time: 69.853
#### prediction torch.Size([192, 4])
Epoch [10/11] Step [165/1241] Loss: 0.2592 Time: 70.053
#### prediction torch.Size([192, 4])
Epoch [10/11] Step [198/1241] Loss: 0.2610 Time: 70.253
#### prediction torch.Size([192, 4])
Epoch [10/11] Step [231/1241] Loss: 0.2034 Time: 70.453
#### prediction torch.Size([192, 4])
Epoch [10/11] Step [264/1241] Loss: 0.2775 Time: 70.653
#### prediction torch.Size([192, 4])
Epoch [10/11] Step [297/1241] Loss: 0.2441 Time: 70.855
#### prediction torch.Size([192, 4])
Epoch [10/11] Step [330/1241] Loss: 0.2554 Time: 71.055
#### prediction torch.Size([192, 4])
Epoch [10/11] Step [363/1241] Loss: 0.2571 Time: 71.255
#### prediction torch.Size([192, 4])
Epoch [10/11] Step [396/1241] Loss: 0.2701 Time: 71.455
#### prediction torch.Size([192, 4])
Epoch [10/11] Step [429/1241] Loss: 0.2267 Time: 71.655
#### prediction torch.Size([192, 4])
Epoch [10/11] Step [462/1241] Loss: 0.2873 Time: 71.855
#### prediction torch.Size([192, 4])
Epoch [10/11] Step [495/1241] Loss: 0.2568 Time: 72.054
#### prediction torch.Size([192, 4])
Epoch [10/11] Step [528/1241] Loss: 0.2690 Time: 72.423
#### prediction torch.Size([192, 4])
Epoch [10/11] Step [561/1241] Loss: 0.2552 Time: 72.623
#### prediction torch.Size([192, 4])
Epoch [10/11] Step [594/1241] Loss: 0.2264 Time: 72.823
#### prediction torch.Size([192, 4])
Epoch [10/11] Step [627/1241] Loss: 0.2811 Time: 73.024
#### prediction torch.Size([192, 4])
Epoch [10/11] Step [660/1241] Loss: 0.3095 Time: 73.224
#### prediction torch.Size([192, 4])
Epoch [10/11] Step [693/1241] Loss: 0.3376 Time: 73.426
#### prediction torch.Size([192, 4])
Epoch [10/11] Step [726/1241] Loss: 0.2892 Time: 73.629
#### prediction torch.Size([192, 4])
Epoch [10/11] Step [759/1241] Loss: 0.2175 Time: 73.832
#### prediction torch.Size([192, 4])
Epoch [10/11] Step [792/1241] Loss: 0.2573 Time: 74.032
#### prediction torch.Size([192, 4])
Epoch [10/11] Step [825/1241] Loss: 0.2878 Time: 74.232
#### prediction torch.Size([192, 4])
Epoch [10/11] Step [858/1241] Loss: 0.2433 Time: 74.431
#### prediction torch.Size([192, 4])
Epoch [10/11] Step [891/1241] Loss: 0.2920 Time: 74.631
#### prediction torch.Size([192, 4])
Epoch [10/11] Step [924/1241] Loss: 0.2083 Time: 74.83
#### prediction torch.Size([192, 4])
Epoch [10/11] Step [957/1241] Loss: 0.2889 Time: 75.03
#### prediction torch.Size([192, 4])
Epoch [10/11] Step [990/1241] Loss: 0.2495 Time: 75.23
#### prediction torch.Size([192, 4])
Epoch [10/11] Step [1023/1241] Loss: 0.2686 Time: 75.43
#### prediction torch.Size([192, 4])
Epoch [10/11] Step [1056/1241] Loss: 0.4173 Time: 75.63
#### prediction torch.Size([192, 4])
Epoch [10/11] Step [1089/1241] Loss: 0.2572 Time: 75.83
#### prediction torch.Size([192, 4])
Epoch [10/11] Step [1122/1241] Loss: 0.4144 Time: 76.029
#### prediction torch.Size([192, 4])
Epoch [10/11] Step [1155/1241] Loss: 0.2144 Time: 76.228
#### prediction torch.Size([192, 4])
Epoch [10/11] Step [1188/1241] Loss: 0.2333 Time: 76.428
#### prediction torch.Size([192, 4])
Epoch [10/11] Step [1221/1241] Loss: 0.2422 Time: 76.627
#### TRAINED MODEL SEQ_LSTM_CNN model training time: 84.293 total training time: 162.683 ####
#### TRAINING MODEL PARA_CNN_LSTM ####
#### prediction torch.Size([192, 4])
Epoch [10/11] Step [33/1241] Loss: 0.2626 Time: 70.603
#### prediction torch.Size([192, 4])
Epoch [10/11] Step [66/1241] Loss: 0.2921 Time: 70.817
#### prediction torch.Size([192, 4])
Epoch [10/11] Step [99/1241] Loss: 0.3078 Time: 71.032
#### prediction torch.Size([192, 4])
Epoch [10/11] Step [132/1241] Loss: 0.2679 Time: 71.246
#### prediction torch.Size([192, 4])
Epoch [10/11] Step [165/1241] Loss: 0.1906 Time: 71.462
#### prediction torch.Size([192, 4])
Epoch [10/11] Step [198/1241] Loss: 0.2377 Time: 71.677
#### prediction torch.Size([192, 4])
Epoch [10/11] Step [231/1241] Loss: 0.1626 Time: 71.892
#### prediction torch.Size([192, 4])
Epoch [10/11] Step [264/1241] Loss: 0.3346 Time: 72.107
#### prediction torch.Size([192, 4])
Epoch [10/11] Step [297/1241] Loss: 0.2661 Time: 72.325
#### prediction torch.Size([192, 4])
Epoch [10/11] Step [330/1241] Loss: 0.2278 Time: 72.542
#### prediction torch.Size([192, 4])
Epoch [10/11] Step [363/1241] Loss: 0.2320 Time: 72.759
#### prediction torch.Size([192, 4])
Epoch [10/11] Step [396/1241] Loss: 0.2100 Time: 72.976
#### prediction torch.Size([192, 4])
Epoch [10/11] Step [429/1241] Loss: 0.1891 Time: 73.19
#### prediction torch.Size([192, 4])
Epoch [10/11] Step [462/1241] Loss: 0.1864 Time: 73.407
#### prediction torch.Size([192, 4])
Epoch [10/11] Step [495/1241] Loss: 0.1681 Time: 73.614
#### prediction torch.Size([192, 4])
Epoch [10/11] Step [528/1241] Loss: 0.2831 Time: 73.83
#### prediction torch.Size([192, 4])
Epoch [10/11] Step [561/1241] Loss: 0.2115 Time: 74.045
#### prediction torch.Size([192, 4])
Epoch [10/11] Step [594/1241] Loss: 0.2538 Time: 74.263
#### prediction torch.Size([192, 4])
Epoch [10/11] Step [627/1241] Loss: 0.2050 Time: 74.477
#### prediction torch.Size([192, 4])
Epoch [10/11] Step [660/1241] Loss: 0.2585 Time: 74.689
#### prediction torch.Size([192, 4])
Epoch [10/11] Step [693/1241] Loss: 0.2756 Time: 74.902
#### prediction torch.Size([192, 4])
Epoch [10/11] Step [726/1241] Loss: 0.3095 Time: 75.118
#### prediction torch.Size([192, 4])
Epoch [10/11] Step [759/1241] Loss: 0.2451 Time: 75.335
#### prediction torch.Size([192, 4])
Epoch [10/11] Step [792/1241] Loss: 0.2204 Time: 75.551
#### prediction torch.Size([192, 4])
Epoch [10/11] Step [825/1241] Loss: 0.2226 Time: 75.768
#### prediction torch.Size([192, 4])
Epoch [10/11] Step [858/1241] Loss: 0.4183 Time: 75.986
#### prediction torch.Size([192, 4])
Epoch [10/11] Step [891/1241] Loss: 0.1912 Time: 76.204
#### prediction torch.Size([192, 4])
Epoch [10/11] Step [924/1241] Loss: 0.2219 Time: 76.42
#### prediction torch.Size([192, 4])
Epoch [10/11] Step [957/1241] Loss: 0.2409 Time: 76.63
#### prediction torch.Size([192, 4])
Epoch [10/11] Step [990/1241] Loss: 0.2602 Time: 76.839
#### prediction torch.Size([192, 4])
Epoch [10/11] Step [1023/1241] Loss: 0.2483 Time: 77.054
#### prediction torch.Size([192, 4])
Epoch [10/11] Step [1056/1241] Loss: 0.3503 Time: 77.268
#### prediction torch.Size([192, 4])
Epoch [10/11] Step [1089/1241] Loss: 0.2634 Time: 77.481
#### prediction torch.Size([192, 4])
Epoch [10/11] Step [1122/1241] Loss: 0.3440 Time: 77.689
#### prediction torch.Size([192, 4])
Epoch [10/11] Step [1155/1241] Loss: 0.2969 Time: 77.898
#### prediction torch.Size([192, 4])
Epoch [10/11] Step [1188/1241] Loss: 0.2870 Time: 78.11
#### prediction torch.Size([192, 4])
Epoch [10/11] Step [1221/1241] Loss: 0.2529 Time: 78.325
#### TRAINED MODEL PARA_CNN_LSTM model training time: 86.676 total training time: 249.359 ####
#### TRAINING TOTAL TIME: 245.694 ####
Accuracy of the SEQ_CNN_LSTM model on the test set: 86.210717 %
Accuracy of the SEQ_LSTM_CNN model on the test set: 87.751813 %
Accuracy of the PARA_CNN_LSTM model on the test set: 89.704204 %
#### TESTING TOTAL TIME: 3.781 ####
#### TIME #### TERMINO #### 2783.679 ####
#### FINITO #### TERMINO #### NO-VA-MAS ####
#### TIMES #### modelling TOTAL TOTAL ==>> 2783.679 seconds
#### #### READING DATA FILES #### ####
215 511 #### COMBI [reg, sid, ban, sec, men, med, sum, aci, npp, htp, aei] METRICS ####
('Plantation', '/home/vargas/repos/forests-sounds-vargas/out/data/extraction/Plantation/2_00_PSA0010-2010_dict_y_split_7_2512283_1736694580.pkl')
(297840, 11) Index(['reg', 'sid', 'ban', 'sec', 'men', 'med', 'sum', 'aci', 'npp', 'htp',
       'aei'],
      dtype='object') Index(['reg', 'sid', 'ban', 'sec', 'men', 'med', 'sum', 'aci', 'npp', 'htp',
       'aei'],
      dtype='object')
#### MERGE 68 merge_data Dataframe shape: (297840, 11) #### time: 272
#### #### SPLIT TRAIN TEST #### ####
#### CLASSES: [0 1 2 3] TOTAL 4
#### SPLIT train_test_split and CUDA: ??? cuda:0 #### time: 35
#### MODELS - TOTAL 3 ####
#### EPOCHS 11 ####
#### TRAINING MODELS ####
#### TRAINING MODEL SEQ_CNN_LSTM ####
#### prediction torch.Size([192, 4])
Epoch [10/11] Step [33/1241] Loss: 0.2755 Time: 61.411
#### prediction torch.Size([192, 4])
Epoch [10/11] Step [66/1241] Loss: 0.2072 Time: 61.59
#### prediction torch.Size([192, 4])
Epoch [10/11] Step [99/1241] Loss: 0.2531 Time: 61.928
#### prediction torch.Size([192, 4])
Epoch [10/11] Step [132/1241] Loss: 0.2177 Time: 62.106
#### prediction torch.Size([192, 4])
Epoch [10/11] Step [165/1241] Loss: 0.1882 Time: 62.283
#### prediction torch.Size([192, 4])
Epoch [10/11] Step [198/1241] Loss: 0.2285 Time: 62.461
#### prediction torch.Size([192, 4])
Epoch [10/11] Step [231/1241] Loss: 0.3352 Time: 62.638
#### prediction torch.Size([192, 4])
Epoch [10/11] Step [264/1241] Loss: 0.3395 Time: 62.817
#### prediction torch.Size([192, 4])
Epoch [10/11] Step [297/1241] Loss: 0.3026 Time: 62.996
#### prediction torch.Size([192, 4])
Epoch [10/11] Step [330/1241] Loss: 0.2769 Time: 63.174
#### prediction torch.Size([192, 4])
Epoch [10/11] Step [363/1241] Loss: 0.2279 Time: 63.352
#### prediction torch.Size([192, 4])
Epoch [10/11] Step [396/1241] Loss: 0.2625 Time: 63.53
#### prediction torch.Size([192, 4])
Epoch [10/11] Step [429/1241] Loss: 0.1994 Time: 63.708
#### prediction torch.Size([192, 4])
Epoch [10/11] Step [462/1241] Loss: 0.1817 Time: 63.885
#### prediction torch.Size([192, 4])
Epoch [10/11] Step [495/1241] Loss: 0.4191 Time: 64.063
#### prediction torch.Size([192, 4])
Epoch [10/11] Step [528/1241] Loss: 0.2770 Time: 64.241
#### prediction torch.Size([192, 4])
Epoch [10/11] Step [561/1241] Loss: 0.2413 Time: 64.419
#### prediction torch.Size([192, 4])
Epoch [10/11] Step [594/1241] Loss: 0.2719 Time: 64.597
#### prediction torch.Size([192, 4])
Epoch [10/11] Step [627/1241] Loss: 0.2677 Time: 64.775
#### prediction torch.Size([192, 4])
Epoch [10/11] Step [660/1241] Loss: 0.2209 Time: 64.953
#### prediction torch.Size([192, 4])
Epoch [10/11] Step [693/1241] Loss: 0.2354 Time: 65.131
#### prediction torch.Size([192, 4])
Epoch [10/11] Step [726/1241] Loss: 0.2881 Time: 65.308
#### prediction torch.Size([192, 4])
Epoch [10/11] Step [759/1241] Loss: 0.2074 Time: 65.487
#### prediction torch.Size([192, 4])
Epoch [10/11] Step [792/1241] Loss: 0.2611 Time: 65.664
#### prediction torch.Size([192, 4])
Epoch [10/11] Step [825/1241] Loss: 0.2516 Time: 65.843
#### prediction torch.Size([192, 4])
Epoch [10/11] Step [858/1241] Loss: 0.2800 Time: 66.021
#### prediction torch.Size([192, 4])
Epoch [10/11] Step [891/1241] Loss: 0.2613 Time: 66.198
#### prediction torch.Size([192, 4])
Epoch [10/11] Step [924/1241] Loss: 0.2336 Time: 66.377
#### prediction torch.Size([192, 4])
Epoch [10/11] Step [957/1241] Loss: 0.3614 Time: 66.554
#### prediction torch.Size([192, 4])
Epoch [10/11] Step [990/1241] Loss: 0.2143 Time: 66.732
#### prediction torch.Size([192, 4])
Epoch [10/11] Step [1023/1241] Loss: 0.2514 Time: 66.91
#### prediction torch.Size([192, 4])
Epoch [10/11] Step [1056/1241] Loss: 0.2750 Time: 67.087
#### prediction torch.Size([192, 4])
Epoch [10/11] Step [1089/1241] Loss: 0.2448 Time: 67.265
#### prediction torch.Size([192, 4])
Epoch [10/11] Step [1122/1241] Loss: 0.2440 Time: 67.444
#### prediction torch.Size([192, 4])
Epoch [10/11] Step [1155/1241] Loss: 0.2379 Time: 67.621
#### prediction torch.Size([192, 4])
Epoch [10/11] Step [1188/1241] Loss: 0.2904 Time: 67.8
#### prediction torch.Size([192, 4])
Epoch [10/11] Step [1221/1241] Loss: 0.2661 Time: 67.978
#### TRAINED MODEL SEQ_CNN_LSTM model training time: 74.981 total training time: 78.701 ####
#### TRAINING MODEL SEQ_LSTM_CNN ####
#### prediction torch.Size([192, 4])
Epoch [10/11] Step [33/1241] Loss: 0.3493 Time: 69.537
#### prediction torch.Size([192, 4])
Epoch [10/11] Step [66/1241] Loss: 0.2835 Time: 69.739
#### prediction torch.Size([192, 4])
Epoch [10/11] Step [99/1241] Loss: 0.2488 Time: 69.94
#### prediction torch.Size([192, 4])
Epoch [10/11] Step [132/1241] Loss: 0.2873 Time: 70.142
#### prediction torch.Size([192, 4])
Epoch [10/11] Step [165/1241] Loss: 0.3097 Time: 70.343
#### prediction torch.Size([192, 4])
Epoch [10/11] Step [198/1241] Loss: 0.3349 Time: 70.544
#### prediction torch.Size([192, 4])
Epoch [10/11] Step [231/1241] Loss: 0.2985 Time: 70.746
#### prediction torch.Size([192, 4])
Epoch [10/11] Step [264/1241] Loss: 0.3154 Time: 70.948
#### prediction torch.Size([192, 4])
Epoch [10/11] Step [297/1241] Loss: 0.3203 Time: 71.15
#### prediction torch.Size([192, 4])
Epoch [10/11] Step [330/1241] Loss: 0.2659 Time: 71.351
#### prediction torch.Size([192, 4])
Epoch [10/11] Step [363/1241] Loss: 0.2908 Time: 71.553
#### prediction torch.Size([192, 4])
Epoch [10/11] Step [396/1241] Loss: 0.2393 Time: 71.754
#### prediction torch.Size([192, 4])
Epoch [10/11] Step [429/1241] Loss: 0.3875 Time: 71.956
#### prediction torch.Size([192, 4])
Epoch [10/11] Step [462/1241] Loss: 0.2860 Time: 72.157
#### prediction torch.Size([192, 4])
Epoch [10/11] Step [495/1241] Loss: 0.2470 Time: 72.358
#### prediction torch.Size([192, 4])
Epoch [10/11] Step [528/1241] Loss: 0.2944 Time: 72.56
#### prediction torch.Size([192, 4])
Epoch [10/11] Step [561/1241] Loss: 0.4224 Time: 72.762
#### prediction torch.Size([192, 4])
Epoch [10/11] Step [594/1241] Loss: 0.2752 Time: 72.963
#### prediction torch.Size([192, 4])
Epoch [10/11] Step [627/1241] Loss: 0.3296 Time: 73.165
#### prediction torch.Size([192, 4])
Epoch [10/11] Step [660/1241] Loss: 0.2676 Time: 73.366
#### prediction torch.Size([192, 4])
Epoch [10/11] Step [693/1241] Loss: 0.2901 Time: 73.568
#### prediction torch.Size([192, 4])
Epoch [10/11] Step [726/1241] Loss: 0.3033 Time: 73.769
#### prediction torch.Size([192, 4])
Epoch [10/11] Step [759/1241] Loss: 0.2321 Time: 73.97
#### prediction torch.Size([192, 4])
Epoch [10/11] Step [792/1241] Loss: 0.2093 Time: 74.173
#### prediction torch.Size([192, 4])
Epoch [10/11] Step [825/1241] Loss: 0.2491 Time: 74.374
#### prediction torch.Size([192, 4])
Epoch [10/11] Step [858/1241] Loss: 0.1824 Time: 74.575
#### prediction torch.Size([192, 4])
Epoch [10/11] Step [891/1241] Loss: 0.3147 Time: 74.777
#### prediction torch.Size([192, 4])
Epoch [10/11] Step [924/1241] Loss: 0.2273 Time: 74.979
#### prediction torch.Size([192, 4])
Epoch [10/11] Step [957/1241] Loss: 0.3043 Time: 75.18
#### prediction torch.Size([192, 4])
Epoch [10/11] Step [990/1241] Loss: 0.2984 Time: 75.382
#### prediction torch.Size([192, 4])
Epoch [10/11] Step [1023/1241] Loss: 0.2432 Time: 75.585
#### prediction torch.Size([192, 4])
Epoch [10/11] Step [1056/1241] Loss: 0.2123 Time: 75.787
#### prediction torch.Size([192, 4])
Epoch [10/11] Step [1089/1241] Loss: 0.2246 Time: 75.988
#### prediction torch.Size([192, 4])
Epoch [10/11] Step [1122/1241] Loss: 0.2449 Time: 76.19
#### prediction torch.Size([192, 4])
Epoch [10/11] Step [1155/1241] Loss: 0.2372 Time: 76.391
#### prediction torch.Size([192, 4])
Epoch [10/11] Step [1188/1241] Loss: 0.2799 Time: 76.592
#### prediction torch.Size([192, 4])
Epoch [10/11] Step [1221/1241] Loss: 0.3223 Time: 76.794
#### TRAINED MODEL SEQ_LSTM_CNN model training time: 84.699 total training time: 163.4 ####
#### TRAINING MODEL PARA_CNN_LSTM ####
#### prediction torch.Size([192, 4])
Epoch [10/11] Step [33/1241] Loss: 0.2301 Time: 70.744
#### prediction torch.Size([192, 4])
Epoch [10/11] Step [66/1241] Loss: 0.2169 Time: 70.949
#### prediction torch.Size([192, 4])
Epoch [10/11] Step [99/1241] Loss: 0.2213 Time: 71.153
#### prediction torch.Size([192, 4])
Epoch [10/11] Step [132/1241] Loss: 0.3612 Time: 71.359
#### prediction torch.Size([192, 4])
Epoch [10/11] Step [165/1241] Loss: 0.2903 Time: 71.563
#### prediction torch.Size([192, 4])
Epoch [10/11] Step [198/1241] Loss: 0.2232 Time: 71.768
#### prediction torch.Size([192, 4])
Epoch [10/11] Step [231/1241] Loss: 0.2405 Time: 71.973
#### prediction torch.Size([192, 4])
Epoch [10/11] Step [264/1241] Loss: 0.2578 Time: 72.178
#### prediction torch.Size([192, 4])
Epoch [10/11] Step [297/1241] Loss: 0.1767 Time: 72.382
#### prediction torch.Size([192, 4])
Epoch [10/11] Step [330/1241] Loss: 0.2174 Time: 72.587
#### prediction torch.Size([192, 4])
Epoch [10/11] Step [363/1241] Loss: 0.2609 Time: 72.792
#### prediction torch.Size([192, 4])
Epoch [10/11] Step [396/1241] Loss: 0.2348 Time: 72.997
#### prediction torch.Size([192, 4])
Epoch [10/11] Step [429/1241] Loss: 0.2687 Time: 73.201
#### prediction torch.Size([192, 4])
Epoch [10/11] Step [462/1241] Loss: 0.3223 Time: 73.406
#### prediction torch.Size([192, 4])
Epoch [10/11] Step [495/1241] Loss: 0.2186 Time: 73.611
#### prediction torch.Size([192, 4])
Epoch [10/11] Step [528/1241] Loss: 0.2378 Time: 73.815
#### prediction torch.Size([192, 4])
Epoch [10/11] Step [561/1241] Loss: 0.2907 Time: 74.02
#### prediction torch.Size([192, 4])
Epoch [10/11] Step [594/1241] Loss: 0.3120 Time: 74.226
#### prediction torch.Size([192, 4])
Epoch [10/11] Step [627/1241] Loss: 0.2614 Time: 74.431
#### prediction torch.Size([192, 4])
Epoch [10/11] Step [660/1241] Loss: 0.2289 Time: 74.635
#### prediction torch.Size([192, 4])
Epoch [10/11] Step [693/1241] Loss: 0.2783 Time: 74.84
#### prediction torch.Size([192, 4])
Epoch [10/11] Step [726/1241] Loss: 0.2746 Time: 75.044
#### prediction torch.Size([192, 4])
Epoch [10/11] Step [759/1241] Loss: 0.2340 Time: 75.249
#### prediction torch.Size([192, 4])
Epoch [10/11] Step [792/1241] Loss: 0.2284 Time: 75.454
#### prediction torch.Size([192, 4])
Epoch [10/11] Step [825/1241] Loss: 0.2119 Time: 75.659
#### prediction torch.Size([192, 4])
Epoch [10/11] Step [858/1241] Loss: 0.2610 Time: 75.863
#### prediction torch.Size([192, 4])
Epoch [10/11] Step [891/1241] Loss: 0.2360 Time: 76.068
#### prediction torch.Size([192, 4])
Epoch [10/11] Step [924/1241] Loss: 0.2360 Time: 76.273
#### prediction torch.Size([192, 4])
Epoch [10/11] Step [957/1241] Loss: 0.2665 Time: 76.477
#### prediction torch.Size([192, 4])
Epoch [10/11] Step [990/1241] Loss: 0.2683 Time: 76.682
#### prediction torch.Size([192, 4])
Epoch [10/11] Step [1023/1241] Loss: 0.2367 Time: 77.048
#### prediction torch.Size([192, 4])
Epoch [10/11] Step [1056/1241] Loss: 0.2341 Time: 77.253
#### prediction torch.Size([192, 4])
Epoch [10/11] Step [1089/1241] Loss: 0.2082 Time: 77.458
#### prediction torch.Size([192, 4])
Epoch [10/11] Step [1122/1241] Loss: 0.2679 Time: 77.662
#### prediction torch.Size([192, 4])
Epoch [10/11] Step [1155/1241] Loss: 0.3023 Time: 77.867
#### prediction torch.Size([192, 4])
Epoch [10/11] Step [1188/1241] Loss: 0.2024 Time: 78.072
#### prediction torch.Size([192, 4])
Epoch [10/11] Step [1221/1241] Loss: 0.2973 Time: 78.277
#### TRAINED MODEL PARA_CNN_LSTM model training time: 86.132 total training time: 249.532 ####
#### TRAINING TOTAL TIME: 245.812 ####
Accuracy of the SEQ_CNN_LSTM model on the test set: 88.418278 %
Accuracy of the SEQ_LSTM_CNN model on the test set: 87.840787 %
Accuracy of the PARA_CNN_LSTM model on the test set: 88.626444 %
#### TESTING TOTAL TIME: 3.681 ####
#### TIME #### TERMINO #### 3091.56 ####
#### FINITO #### TERMINO #### NO-VA-MAS ####
#### TIMES #### modelling TOTAL TOTAL ==>> 3091.56 seconds
#### #### READING DATA FILES #### ####
216 511 #### COMBI [reg, sid, ban, sec, men, med, sum, aci, npp, hhh, aei] METRICS ####
('Plantation', '/home/vargas/repos/forests-sounds-vargas/out/data/extraction/Plantation/2_00_PSA0010-2010_dict_y_split_7_2512283_1736694580.pkl')
(297840, 11) Index(['reg', 'sid', 'ban', 'sec', 'men', 'med', 'sum', 'aci', 'npp', 'hhh',
       'aei'],
      dtype='object') Index(['reg', 'sid', 'ban', 'sec', 'men', 'med', 'sum', 'aci', 'npp', 'hhh',
       'aei'],
      dtype='object')
#### MERGE 68 merge_data Dataframe shape: (297840, 11) #### time: 273
#### #### SPLIT TRAIN TEST #### ####
#### CLASSES: [0 1 2 3] TOTAL 4
#### SPLIT train_test_split and CUDA: ??? cuda:0 #### time: 34
#### MODELS - TOTAL 3 ####
#### EPOCHS 11 ####
#### TRAINING MODELS ####
#### TRAINING MODEL SEQ_CNN_LSTM ####
#### prediction torch.Size([192, 4])
Epoch [10/11] Step [33/1241] Loss: 0.2756 Time: 61.456
#### prediction torch.Size([192, 4])
Epoch [10/11] Step [66/1241] Loss: 0.2821 Time: 61.634
#### prediction torch.Size([192, 4])
Epoch [10/11] Step [99/1241] Loss: 0.2495 Time: 61.812
#### prediction torch.Size([192, 4])
Epoch [10/11] Step [132/1241] Loss: 0.2429 Time: 61.99
#### prediction torch.Size([192, 4])
Epoch [10/11] Step [165/1241] Loss: 0.2746 Time: 62.167
#### prediction torch.Size([192, 4])
Epoch [10/11] Step [198/1241] Loss: 0.3167 Time: 62.345
#### prediction torch.Size([192, 4])
Epoch [10/11] Step [231/1241] Loss: 0.2336 Time: 62.522
#### prediction torch.Size([192, 4])
Epoch [10/11] Step [264/1241] Loss: 0.3281 Time: 62.7
#### prediction torch.Size([192, 4])
Epoch [10/11] Step [297/1241] Loss: 0.3078 Time: 62.879
#### prediction torch.Size([192, 4])
Epoch [10/11] Step [330/1241] Loss: 0.2947 Time: 63.058
#### prediction torch.Size([192, 4])
Epoch [10/11] Step [363/1241] Loss: 0.3068 Time: 63.235
#### prediction torch.Size([192, 4])
Epoch [10/11] Step [396/1241] Loss: 0.2816 Time: 63.413
#### prediction torch.Size([192, 4])
Epoch [10/11] Step [429/1241] Loss: 0.2179 Time: 63.591
#### prediction torch.Size([192, 4])
Epoch [10/11] Step [462/1241] Loss: 0.3165 Time: 63.768
#### prediction torch.Size([192, 4])
Epoch [10/11] Step [495/1241] Loss: 0.2154 Time: 63.946
#### prediction torch.Size([192, 4])
Epoch [10/11] Step [528/1241] Loss: 0.2778 Time: 64.124
#### prediction torch.Size([192, 4])
Epoch [10/11] Step [561/1241] Loss: 0.3044 Time: 64.301
#### prediction torch.Size([192, 4])
Epoch [10/11] Step [594/1241] Loss: 0.2831 Time: 64.48
#### prediction torch.Size([192, 4])
Epoch [10/11] Step [627/1241] Loss: 0.2965 Time: 64.658
#### prediction torch.Size([192, 4])
Epoch [10/11] Step [660/1241] Loss: 0.1951 Time: 64.837
#### prediction torch.Size([192, 4])
Epoch [10/11] Step [693/1241] Loss: 0.2061 Time: 65.016
#### prediction torch.Size([192, 4])
Epoch [10/11] Step [726/1241] Loss: 0.2681 Time: 65.195
#### prediction torch.Size([192, 4])
Epoch [10/11] Step [759/1241] Loss: 0.2398 Time: 65.374
#### prediction torch.Size([192, 4])
Epoch [10/11] Step [792/1241] Loss: 0.2788 Time: 65.552
#### prediction torch.Size([192, 4])
Epoch [10/11] Step [825/1241] Loss: 0.2524 Time: 65.731
#### prediction torch.Size([192, 4])
Epoch [10/11] Step [858/1241] Loss: 0.2047 Time: 65.908
#### prediction torch.Size([192, 4])
Epoch [10/11] Step [891/1241] Loss: 0.1901 Time: 66.087
#### prediction torch.Size([192, 4])
Epoch [10/11] Step [924/1241] Loss: 0.2783 Time: 66.266
#### prediction torch.Size([192, 4])
Epoch [10/11] Step [957/1241] Loss: 0.3155 Time: 66.443
#### prediction torch.Size([192, 4])
Epoch [10/11] Step [990/1241] Loss: 0.2602 Time: 66.621
#### prediction torch.Size([192, 4])
Epoch [10/11] Step [1023/1241] Loss: 0.2637 Time: 66.799
#### prediction torch.Size([192, 4])
Epoch [10/11] Step [1056/1241] Loss: 0.2323 Time: 66.977
#### prediction torch.Size([192, 4])
Epoch [10/11] Step [1089/1241] Loss: 0.2926 Time: 67.156
#### prediction torch.Size([192, 4])
Epoch [10/11] Step [1122/1241] Loss: 0.2804 Time: 67.334
#### prediction torch.Size([192, 4])
Epoch [10/11] Step [1155/1241] Loss: 0.2173 Time: 67.512
#### prediction torch.Size([192, 4])
Epoch [10/11] Step [1188/1241] Loss: 0.2524 Time: 67.689
#### prediction torch.Size([192, 4])
Epoch [10/11] Step [1221/1241] Loss: 0.2219 Time: 68.027
#### TRAINED MODEL SEQ_CNN_LSTM model training time: 74.866 total training time: 78.368 ####
#### TRAINING MODEL SEQ_LSTM_CNN ####
#### prediction torch.Size([192, 4])
Epoch [10/11] Step [33/1241] Loss: 0.3207 Time: 69.37
#### prediction torch.Size([192, 4])
Epoch [10/11] Step [66/1241] Loss: 0.2967 Time: 69.571
#### prediction torch.Size([192, 4])
Epoch [10/11] Step [99/1241] Loss: 0.2761 Time: 69.772
#### prediction torch.Size([192, 4])
Epoch [10/11] Step [132/1241] Loss: 0.2971 Time: 69.973
#### prediction torch.Size([192, 4])
Epoch [10/11] Step [165/1241] Loss: 0.2766 Time: 70.175
#### prediction torch.Size([192, 4])
Epoch [10/11] Step [198/1241] Loss: 0.2329 Time: 70.376
#### prediction torch.Size([192, 4])
Epoch [10/11] Step [231/1241] Loss: 0.3288 Time: 70.578
#### prediction torch.Size([192, 4])
Epoch [10/11] Step [264/1241] Loss: 0.2607 Time: 70.779
#### prediction torch.Size([192, 4])
Epoch [10/11] Step [297/1241] Loss: 0.3063 Time: 70.981
#### prediction torch.Size([192, 4])
Epoch [10/11] Step [330/1241] Loss: 0.2279 Time: 71.182
#### prediction torch.Size([192, 4])
Epoch [10/11] Step [363/1241] Loss: 0.3523 Time: 71.384
#### prediction torch.Size([192, 4])
Epoch [10/11] Step [396/1241] Loss: 0.2202 Time: 71.585
#### prediction torch.Size([192, 4])
Epoch [10/11] Step [429/1241] Loss: 0.2861 Time: 71.786
#### prediction torch.Size([192, 4])
Epoch [10/11] Step [462/1241] Loss: 0.2510 Time: 71.989
#### prediction torch.Size([192, 4])
Epoch [10/11] Step [495/1241] Loss: 0.2748 Time: 72.19
#### prediction torch.Size([192, 4])
Epoch [10/11] Step [528/1241] Loss: 0.3065 Time: 72.391
#### prediction torch.Size([192, 4])
Epoch [10/11] Step [561/1241] Loss: 0.2797 Time: 72.592
#### prediction torch.Size([192, 4])
Epoch [10/11] Step [594/1241] Loss: 0.3051 Time: 72.954
#### prediction torch.Size([192, 4])
Epoch [10/11] Step [627/1241] Loss: 0.3728 Time: 73.155
#### prediction torch.Size([192, 4])
Epoch [10/11] Step [660/1241] Loss: 0.2747 Time: 73.358
#### prediction torch.Size([192, 4])
Epoch [10/11] Step [693/1241] Loss: 0.3124 Time: 73.559
#### prediction torch.Size([192, 4])
Epoch [10/11] Step [726/1241] Loss: 0.3085 Time: 73.76
#### prediction torch.Size([192, 4])
Epoch [10/11] Step [759/1241] Loss: 0.2842 Time: 73.962
#### prediction torch.Size([192, 4])
Epoch [10/11] Step [792/1241] Loss: 0.2613 Time: 74.164
#### prediction torch.Size([192, 4])
Epoch [10/11] Step [825/1241] Loss: 0.3122 Time: 74.365
#### prediction torch.Size([192, 4])
Epoch [10/11] Step [858/1241] Loss: 0.2720 Time: 74.566
#### prediction torch.Size([192, 4])
Epoch [10/11] Step [891/1241] Loss: 0.3095 Time: 74.768
#### prediction torch.Size([192, 4])
Epoch [10/11] Step [924/1241] Loss: 0.2969 Time: 74.969
#### prediction torch.Size([192, 4])
Epoch [10/11] Step [957/1241] Loss: 0.3015 Time: 75.171
#### prediction torch.Size([192, 4])
Epoch [10/11] Step [990/1241] Loss: 0.3104 Time: 75.372
#### prediction torch.Size([192, 4])
Epoch [10/11] Step [1023/1241] Loss: 0.2143 Time: 75.573
#### prediction torch.Size([192, 4])
Epoch [10/11] Step [1056/1241] Loss: 0.2333 Time: 75.774
#### prediction torch.Size([192, 4])
Epoch [10/11] Step [1089/1241] Loss: 0.2017 Time: 75.976
#### prediction torch.Size([192, 4])
Epoch [10/11] Step [1122/1241] Loss: 0.3740 Time: 76.179
#### prediction torch.Size([192, 4])
Epoch [10/11] Step [1155/1241] Loss: 0.4956 Time: 76.38
#### prediction torch.Size([192, 4])
Epoch [10/11] Step [1188/1241] Loss: 0.2601 Time: 76.582
#### prediction torch.Size([192, 4])
Epoch [10/11] Step [1221/1241] Loss: 0.3117 Time: 76.783
#### TRAINED MODEL SEQ_LSTM_CNN model training time: 84.518 total training time: 162.886 ####
#### TRAINING MODEL PARA_CNN_LSTM ####
#### prediction torch.Size([192, 4])
Epoch [10/11] Step [33/1241] Loss: 0.2596 Time: 70.932
#### prediction torch.Size([192, 4])
Epoch [10/11] Step [66/1241] Loss: 0.2411 Time: 71.139
#### prediction torch.Size([192, 4])
Epoch [10/11] Step [99/1241] Loss: 0.2519 Time: 71.344
#### prediction torch.Size([192, 4])
Epoch [10/11] Step [132/1241] Loss: 0.2491 Time: 71.549
#### prediction torch.Size([192, 4])
Epoch [10/11] Step [165/1241] Loss: 0.2926 Time: 71.754
#### prediction torch.Size([192, 4])
Epoch [10/11] Step [198/1241] Loss: 0.2596 Time: 71.959
#### prediction torch.Size([192, 4])
Epoch [10/11] Step [231/1241] Loss: 0.2909 Time: 72.165
#### prediction torch.Size([192, 4])
Epoch [10/11] Step [264/1241] Loss: 0.2363 Time: 72.37
#### prediction torch.Size([192, 4])
Epoch [10/11] Step [297/1241] Loss: 0.2264 Time: 72.576
#### prediction torch.Size([192, 4])
Epoch [10/11] Step [330/1241] Loss: 0.3334 Time: 72.781
#### prediction torch.Size([192, 4])
Epoch [10/11] Step [363/1241] Loss: 0.2033 Time: 72.985
#### prediction torch.Size([192, 4])
Epoch [10/11] Step [396/1241] Loss: 0.2330 Time: 73.191
#### prediction torch.Size([192, 4])
Epoch [10/11] Step [429/1241] Loss: 0.3051 Time: 73.396
#### prediction torch.Size([192, 4])
Epoch [10/11] Step [462/1241] Loss: 0.2172 Time: 73.601
#### prediction torch.Size([192, 4])
Epoch [10/11] Step [495/1241] Loss: 0.2288 Time: 73.806
#### prediction torch.Size([192, 4])
Epoch [10/11] Step [528/1241] Loss: 0.2340 Time: 74.013
#### prediction torch.Size([192, 4])
Epoch [10/11] Step [561/1241] Loss: 0.2880 Time: 74.217
#### prediction torch.Size([192, 4])
Epoch [10/11] Step [594/1241] Loss: 0.2419 Time: 74.422
#### prediction torch.Size([192, 4])
Epoch [10/11] Step [627/1241] Loss: 0.2379 Time: 74.628
#### prediction torch.Size([192, 4])
Epoch [10/11] Step [660/1241] Loss: 0.2407 Time: 74.833
#### prediction torch.Size([192, 4])
Epoch [10/11] Step [693/1241] Loss: 0.1997 Time: 75.038
#### prediction torch.Size([192, 4])
Epoch [10/11] Step [726/1241] Loss: 0.2275 Time: 75.244
#### prediction torch.Size([192, 4])
Epoch [10/11] Step [759/1241] Loss: 0.2469 Time: 75.449
#### prediction torch.Size([192, 4])
Epoch [10/11] Step [792/1241] Loss: 0.2424 Time: 75.654
#### prediction torch.Size([192, 4])
Epoch [10/11] Step [825/1241] Loss: 0.3163 Time: 75.859
#### prediction torch.Size([192, 4])
Epoch [10/11] Step [858/1241] Loss: 0.2362 Time: 76.064
#### prediction torch.Size([192, 4])
Epoch [10/11] Step [891/1241] Loss: 0.2172 Time: 76.269
#### prediction torch.Size([192, 4])
Epoch [10/11] Step [924/1241] Loss: 0.2564 Time: 76.475
#### prediction torch.Size([192, 4])
Epoch [10/11] Step [957/1241] Loss: 0.2772 Time: 76.68
#### prediction torch.Size([192, 4])
Epoch [10/11] Step [990/1241] Loss: 0.3253 Time: 76.885
#### prediction torch.Size([192, 4])
Epoch [10/11] Step [1023/1241] Loss: 0.3026 Time: 77.09
#### prediction torch.Size([192, 4])
Epoch [10/11] Step [1056/1241] Loss: 0.3732 Time: 77.295
#### prediction torch.Size([192, 4])
Epoch [10/11] Step [1089/1241] Loss: 0.2326 Time: 77.499
#### prediction torch.Size([192, 4])
Epoch [10/11] Step [1122/1241] Loss: 0.2573 Time: 77.705
#### prediction torch.Size([192, 4])
Epoch [10/11] Step [1155/1241] Loss: 0.2730 Time: 77.911
#### prediction torch.Size([192, 4])
Epoch [10/11] Step [1188/1241] Loss: 0.2147 Time: 78.116
#### prediction torch.Size([192, 4])
Epoch [10/11] Step [1221/1241] Loss: 0.3066 Time: 78.321
#### TRAINED MODEL PARA_CNN_LSTM model training time: 86.374 total training time: 249.26 ####
#### TRAINING TOTAL TIME: 245.757 ####
Accuracy of the SEQ_CNN_LSTM model on the test set: 85.767526 %
Accuracy of the SEQ_LSTM_CNN model on the test set: 86.109992 %
Accuracy of the PARA_CNN_LSTM model on the test set: 88.975624 %
#### TESTING TOTAL TIME: 3.52 ####
#### TIME #### TERMINO #### 3399.353 ####
#### FINITO #### TERMINO #### NO-VA-MAS ####
#### TIMES #### modelling TOTAL TOTAL ==>> 3399.353 seconds
#### #### READING DATA FILES #### ####
217 511 #### COMBI [reg, sid, ban, sec, men, med, sum, aci, hfq, htp, hhh] METRICS ####
('Plantation', '/home/vargas/repos/forests-sounds-vargas/out/data/extraction/Plantation/2_00_PSA0010-2010_dict_y_split_7_2512283_1736694580.pkl')
(297840, 11) Index(['reg', 'sid', 'ban', 'sec', 'men', 'med', 'sum', 'aci', 'hfq', 'htp',
       'hhh'],
      dtype='object') Index(['reg', 'sid', 'ban', 'sec', 'men', 'med', 'sum', 'aci', 'hfq', 'htp',
       'hhh'],
      dtype='object')
#### MERGE 68 merge_data Dataframe shape: (297840, 11) #### time: 273
#### #### SPLIT TRAIN TEST #### ####
#### CLASSES: [0 1 2 3] TOTAL 4
#### SPLIT train_test_split and CUDA: ??? cuda:0 #### time: 34
#### MODELS - TOTAL 3 ####
#### EPOCHS 11 ####
#### TRAINING MODELS ####
#### TRAINING MODEL SEQ_CNN_LSTM ####
#### prediction torch.Size([192, 4])
Epoch [10/11] Step [33/1241] Loss: 0.5168 Time: 61.24
#### prediction torch.Size([192, 4])
Epoch [10/11] Step [66/1241] Loss: 0.4940 Time: 61.417
#### prediction torch.Size([192, 4])
Epoch [10/11] Step [99/1241] Loss: 0.5973 Time: 61.594
#### prediction torch.Size([192, 4])
Epoch [10/11] Step [132/1241] Loss: 0.5663 Time: 61.773
#### prediction torch.Size([192, 4])
Epoch [10/11] Step [165/1241] Loss: 0.4817 Time: 62.108
#### prediction torch.Size([192, 4])
Epoch [10/11] Step [198/1241] Loss: 0.5520 Time: 62.286
#### prediction torch.Size([192, 4])
Epoch [10/11] Step [231/1241] Loss: 0.5263 Time: 62.464
#### prediction torch.Size([192, 4])
Epoch [10/11] Step [264/1241] Loss: 0.5801 Time: 62.641
#### prediction torch.Size([192, 4])
Epoch [10/11] Step [297/1241] Loss: 0.4894 Time: 62.818
#### prediction torch.Size([192, 4])
Epoch [10/11] Step [330/1241] Loss: 0.5919 Time: 62.996
#### prediction torch.Size([192, 4])
Epoch [10/11] Step [363/1241] Loss: 0.6021 Time: 63.174
#### prediction torch.Size([192, 4])
Epoch [10/11] Step [396/1241] Loss: 0.4479 Time: 63.351
#### prediction torch.Size([192, 4])
Epoch [10/11] Step [429/1241] Loss: 0.5202 Time: 63.532
#### prediction torch.Size([192, 4])
Epoch [10/11] Step [462/1241] Loss: 0.5032 Time: 63.709
#### prediction torch.Size([192, 4])
Epoch [10/11] Step [495/1241] Loss: 0.5059 Time: 63.886
#### prediction torch.Size([192, 4])
Epoch [10/11] Step [528/1241] Loss: 0.4721 Time: 64.063
#### prediction torch.Size([192, 4])
Epoch [10/11] Step [561/1241] Loss: 0.4664 Time: 64.241
#### prediction torch.Size([192, 4])
Epoch [10/11] Step [594/1241] Loss: 0.5218 Time: 64.418
#### prediction torch.Size([192, 4])
Epoch [10/11] Step [627/1241] Loss: 0.5204 Time: 64.597
#### prediction torch.Size([192, 4])
Epoch [10/11] Step [660/1241] Loss: 0.6556 Time: 64.775
#### prediction torch.Size([192, 4])
Epoch [10/11] Step [693/1241] Loss: 0.5067 Time: 64.953
#### prediction torch.Size([192, 4])
Epoch [10/11] Step [726/1241] Loss: 0.4703 Time: 65.13
#### prediction torch.Size([192, 4])
Epoch [10/11] Step [759/1241] Loss: 0.5414 Time: 65.308
#### prediction torch.Size([192, 4])
Epoch [10/11] Step [792/1241] Loss: 0.4723 Time: 65.485
#### prediction torch.Size([192, 4])
Epoch [10/11] Step [825/1241] Loss: 0.5545 Time: 65.662
#### prediction torch.Size([192, 4])
Epoch [10/11] Step [858/1241] Loss: 0.4397 Time: 65.839
#### prediction torch.Size([192, 4])
Epoch [10/11] Step [891/1241] Loss: 0.5732 Time: 66.016
#### prediction torch.Size([192, 4])
Epoch [10/11] Step [924/1241] Loss: 0.6282 Time: 66.194
#### prediction torch.Size([192, 4])
Epoch [10/11] Step [957/1241] Loss: 0.5216 Time: 66.372
#### prediction torch.Size([192, 4])
Epoch [10/11] Step [990/1241] Loss: 0.5466 Time: 66.55
#### prediction torch.Size([192, 4])
Epoch [10/11] Step [1023/1241] Loss: 0.4782 Time: 66.727
#### prediction torch.Size([192, 4])
Epoch [10/11] Step [1056/1241] Loss: 0.4460 Time: 66.904
#### prediction torch.Size([192, 4])
Epoch [10/11] Step [1089/1241] Loss: 0.5387 Time: 67.081
#### prediction torch.Size([192, 4])
Epoch [10/11] Step [1122/1241] Loss: 0.4643 Time: 67.258
#### prediction torch.Size([192, 4])
Epoch [10/11] Step [1155/1241] Loss: 0.4657 Time: 67.435
#### prediction torch.Size([192, 4])
Epoch [10/11] Step [1188/1241] Loss: 0.5429 Time: 67.612
#### prediction torch.Size([192, 4])
Epoch [10/11] Step [1221/1241] Loss: 0.4186 Time: 67.789
#### TRAINED MODEL SEQ_CNN_LSTM model training time: 74.761 total training time: 78.276 ####
#### TRAINING MODEL SEQ_LSTM_CNN ####
#### prediction torch.Size([192, 4])
Epoch [10/11] Step [33/1241] Loss: 0.4710 Time: 69.096
#### prediction torch.Size([192, 4])
Epoch [10/11] Step [66/1241] Loss: 0.4023 Time: 69.296
#### prediction torch.Size([192, 4])
Epoch [10/11] Step [99/1241] Loss: 0.5201 Time: 69.497
#### prediction torch.Size([192, 4])
Epoch [10/11] Step [132/1241] Loss: 0.4521 Time: 69.698
#### prediction torch.Size([192, 4])
Epoch [10/11] Step [165/1241] Loss: 0.3260 Time: 69.898
#### prediction torch.Size([192, 4])
Epoch [10/11] Step [198/1241] Loss: 0.3681 Time: 70.099
#### prediction torch.Size([192, 4])
Epoch [10/11] Step [231/1241] Loss: 0.3515 Time: 70.299
#### prediction torch.Size([192, 4])
Epoch [10/11] Step [264/1241] Loss: 0.3641 Time: 70.5
#### prediction torch.Size([192, 4])
Epoch [10/11] Step [297/1241] Loss: 0.5312 Time: 70.7
#### prediction torch.Size([192, 4])
Epoch [10/11] Step [330/1241] Loss: 0.3574 Time: 70.9
#### prediction torch.Size([192, 4])
Epoch [10/11] Step [363/1241] Loss: 0.3759 Time: 71.101
#### prediction torch.Size([192, 4])
Epoch [10/11] Step [396/1241] Loss: 0.4584 Time: 71.302
#### prediction torch.Size([192, 4])
Epoch [10/11] Step [429/1241] Loss: 0.4408 Time: 71.503
#### prediction torch.Size([192, 4])
Epoch [10/11] Step [462/1241] Loss: 0.4320 Time: 71.704
#### prediction torch.Size([192, 4])
Epoch [10/11] Step [495/1241] Loss: 0.3966 Time: 71.904
#### prediction torch.Size([192, 4])
Epoch [10/11] Step [528/1241] Loss: 0.4195 Time: 72.106
#### prediction torch.Size([192, 4])
Epoch [10/11] Step [561/1241] Loss: 0.3631 Time: 72.308
#### prediction torch.Size([192, 4])
Epoch [10/11] Step [594/1241] Loss: 0.5790 Time: 72.51
#### prediction torch.Size([192, 4])
Epoch [10/11] Step [627/1241] Loss: 0.5666 Time: 72.712
#### prediction torch.Size([192, 4])
Epoch [10/11] Step [660/1241] Loss: 0.4313 Time: 72.915
#### prediction torch.Size([192, 4])
Epoch [10/11] Step [693/1241] Loss: 0.4190 Time: 73.117
#### prediction torch.Size([192, 4])
Epoch [10/11] Step [726/1241] Loss: 0.4066 Time: 73.319
#### prediction torch.Size([192, 4])
Epoch [10/11] Step [759/1241] Loss: 0.4598 Time: 73.521
#### prediction torch.Size([192, 4])
Epoch [10/11] Step [792/1241] Loss: 0.4268 Time: 73.722
#### prediction torch.Size([192, 4])
Epoch [10/11] Step [825/1241] Loss: 0.4187 Time: 73.923
#### prediction torch.Size([192, 4])
Epoch [10/11] Step [858/1241] Loss: 0.5041 Time: 74.123
#### prediction torch.Size([192, 4])
Epoch [10/11] Step [891/1241] Loss: 0.4297 Time: 74.324
#### prediction torch.Size([192, 4])
Epoch [10/11] Step [924/1241] Loss: 0.4773 Time: 74.524
#### prediction torch.Size([192, 4])
Epoch [10/11] Step [957/1241] Loss: 0.3709 Time: 74.725
#### prediction torch.Size([192, 4])
Epoch [10/11] Step [990/1241] Loss: 0.5807 Time: 74.925
#### prediction torch.Size([192, 4])
Epoch [10/11] Step [1023/1241] Loss: 0.3781 Time: 75.126
#### prediction torch.Size([192, 4])
Epoch [10/11] Step [1056/1241] Loss: 0.3984 Time: 75.326
#### prediction torch.Size([192, 4])
Epoch [10/11] Step [1089/1241] Loss: 0.4485 Time: 75.526
#### prediction torch.Size([192, 4])
Epoch [10/11] Step [1122/1241] Loss: 0.4087 Time: 75.727
#### prediction torch.Size([192, 4])
Epoch [10/11] Step [1155/1241] Loss: 0.5354 Time: 75.928
#### prediction torch.Size([192, 4])
Epoch [10/11] Step [1188/1241] Loss: 0.4349 Time: 76.129
#### prediction torch.Size([192, 4])
Epoch [10/11] Step [1221/1241] Loss: 0.4295 Time: 76.329
#### TRAINED MODEL SEQ_LSTM_CNN model training time: 84.184 total training time: 162.46 ####
#### TRAINING MODEL PARA_CNN_LSTM ####
#### prediction torch.Size([192, 4])
Epoch [10/11] Step [33/1241] Loss: 0.4797 Time: 70.633
#### prediction torch.Size([192, 4])
Epoch [10/11] Step [66/1241] Loss: 0.4797 Time: 70.838
#### prediction torch.Size([192, 4])
Epoch [10/11] Step [99/1241] Loss: 0.5729 Time: 71.043
#### prediction torch.Size([192, 4])
Epoch [10/11] Step [132/1241] Loss: 0.4875 Time: 71.249
#### prediction torch.Size([192, 4])
Epoch [10/11] Step [165/1241] Loss: 0.4872 Time: 71.454
#### prediction torch.Size([192, 4])
Epoch [10/11] Step [198/1241] Loss: 0.4610 Time: 71.66
#### prediction torch.Size([192, 4])
Epoch [10/11] Step [231/1241] Loss: 0.5973 Time: 71.864
#### prediction torch.Size([192, 4])
Epoch [10/11] Step [264/1241] Loss: 0.5054 Time: 72.069
#### prediction torch.Size([192, 4])
Epoch [10/11] Step [297/1241] Loss: 0.4359 Time: 72.273
#### prediction torch.Size([192, 4])
Epoch [10/11] Step [330/1241] Loss: 0.5604 Time: 72.479
#### prediction torch.Size([192, 4])
Epoch [10/11] Step [363/1241] Loss: 0.5762 Time: 72.684
#### prediction torch.Size([192, 4])
Epoch [10/11] Step [396/1241] Loss: 0.5641 Time: 72.889
#### prediction torch.Size([192, 4])
Epoch [10/11] Step [429/1241] Loss: 0.5322 Time: 73.095
#### prediction torch.Size([192, 4])
Epoch [10/11] Step [462/1241] Loss: 0.4844 Time: 73.3
#### prediction torch.Size([192, 4])
Epoch [10/11] Step [495/1241] Loss: 0.5189 Time: 73.504
#### prediction torch.Size([192, 4])
Epoch [10/11] Step [528/1241] Loss: 0.6269 Time: 73.709
#### prediction torch.Size([192, 4])
Epoch [10/11] Step [561/1241] Loss: 0.4895 Time: 73.914
#### prediction torch.Size([192, 4])
Epoch [10/11] Step [594/1241] Loss: 0.5464 Time: 74.118
#### prediction torch.Size([192, 4])
Epoch [10/11] Step [627/1241] Loss: 0.5194 Time: 74.323
#### prediction torch.Size([192, 4])
Epoch [10/11] Step [660/1241] Loss: 0.4662 Time: 74.527
#### prediction torch.Size([192, 4])
Epoch [10/11] Step [693/1241] Loss: 0.5619 Time: 74.731
#### prediction torch.Size([192, 4])
Epoch [10/11] Step [726/1241] Loss: 0.5060 Time: 74.936
#### prediction torch.Size([192, 4])
Epoch [10/11] Step [759/1241] Loss: 0.6026 Time: 75.14
#### prediction torch.Size([192, 4])
Epoch [10/11] Step [792/1241] Loss: 0.5795 Time: 75.346
#### prediction torch.Size([192, 4])
Epoch [10/11] Step [825/1241] Loss: 0.5320 Time: 75.551
#### prediction torch.Size([192, 4])
Epoch [10/11] Step [858/1241] Loss: 0.5144 Time: 75.756
#### prediction torch.Size([192, 4])
Epoch [10/11] Step [891/1241] Loss: 0.5541 Time: 75.962
#### prediction torch.Size([192, 4])
Epoch [10/11] Step [924/1241] Loss: 0.5447 Time: 76.166
#### prediction torch.Size([192, 4])
Epoch [10/11] Step [957/1241] Loss: 0.5168 Time: 76.371
#### prediction torch.Size([192, 4])
Epoch [10/11] Step [990/1241] Loss: 0.5467 Time: 76.575
#### prediction torch.Size([192, 4])
Epoch [10/11] Step [1023/1241] Loss: 0.5758 Time: 76.779
#### prediction torch.Size([192, 4])
Epoch [10/11] Step [1056/1241] Loss: 0.4722 Time: 76.984
#### prediction torch.Size([192, 4])
Epoch [10/11] Step [1089/1241] Loss: 0.5847 Time: 77.353
#### prediction torch.Size([192, 4])
Epoch [10/11] Step [1122/1241] Loss: 0.4426 Time: 77.557
#### prediction torch.Size([192, 4])
Epoch [10/11] Step [1155/1241] Loss: 0.6294 Time: 77.762
#### prediction torch.Size([192, 4])
Epoch [10/11] Step [1188/1241] Loss: 0.4550 Time: 77.968
#### prediction torch.Size([192, 4])
Epoch [10/11] Step [1221/1241] Loss: 0.4825 Time: 78.174
#### TRAINED MODEL PARA_CNN_LSTM model training time: 86.037 total training time: 248.497 ####
#### TRAINING TOTAL TIME: 244.983 ####
Accuracy of the SEQ_CNN_LSTM model on the test set: 79.645111 %
Accuracy of the SEQ_LSTM_CNN model on the test set: 80.390478 %
Accuracy of the PARA_CNN_LSTM model on the test set: 69.298952 %
#### TESTING TOTAL TIME: 3.669 ####
#### TIME #### TERMINO #### 3706.652 ####
#### FINITO #### TERMINO #### NO-VA-MAS ####
#### TIMES #### modelling TOTAL TOTAL ==>> 3706.652 seconds
#### #### READING DATA FILES #### ####
218 511 #### COMBI [reg, sid, ban, sec, men, med, sum, aci, hfq, htp, aei] METRICS ####
('Plantation', '/home/vargas/repos/forests-sounds-vargas/out/data/extraction/Plantation/2_00_PSA0010-2010_dict_y_split_7_2512283_1736694580.pkl')
(297840, 11) Index(['reg', 'sid', 'ban', 'sec', 'men', 'med', 'sum', 'aci', 'hfq', 'htp',
       'aei'],
      dtype='object') Index(['reg', 'sid', 'ban', 'sec', 'men', 'med', 'sum', 'aci', 'hfq', 'htp',
       'aei'],
      dtype='object')
#### MERGE 68 merge_data Dataframe shape: (297840, 11) #### time: 270
#### #### SPLIT TRAIN TEST #### ####
#### CLASSES: [0 1 2 3] TOTAL 4
#### SPLIT train_test_split and CUDA: ??? cuda:0 #### time: 34
#### MODELS - TOTAL 3 ####
#### EPOCHS 11 ####
#### TRAINING MODELS ####
#### TRAINING MODEL SEQ_CNN_LSTM ####
#### prediction torch.Size([192, 4])
Epoch [10/11] Step [33/1241] Loss: 0.6132 Time: 63.101
#### prediction torch.Size([192, 4])
Epoch [10/11] Step [66/1241] Loss: 0.6879 Time: 63.282
#### prediction torch.Size([192, 4])
Epoch [10/11] Step [99/1241] Loss: 0.6211 Time: 63.462
#### prediction torch.Size([192, 4])
Epoch [10/11] Step [132/1241] Loss: 0.7010 Time: 63.64
#### prediction torch.Size([192, 4])
Epoch [10/11] Step [165/1241] Loss: 0.5540 Time: 63.818
#### prediction torch.Size([192, 4])
Epoch [10/11] Step [198/1241] Loss: 0.6021 Time: 63.997
#### prediction torch.Size([192, 4])
Epoch [10/11] Step [231/1241] Loss: 0.7605 Time: 64.177
#### prediction torch.Size([192, 4])
Epoch [10/11] Step [264/1241] Loss: 0.5718 Time: 64.356
#### prediction torch.Size([192, 4])
Epoch [10/11] Step [297/1241] Loss: 0.5499 Time: 64.535
#### prediction torch.Size([192, 4])
Epoch [10/11] Step [330/1241] Loss: 0.5825 Time: 64.715
#### prediction torch.Size([192, 4])
Epoch [10/11] Step [363/1241] Loss: 0.5703 Time: 64.893
#### prediction torch.Size([192, 4])
Epoch [10/11] Step [396/1241] Loss: 0.5530 Time: 65.071
#### prediction torch.Size([192, 4])
Epoch [10/11] Step [429/1241] Loss: 0.6303 Time: 65.255
#### prediction torch.Size([192, 4])
Epoch [10/11] Step [462/1241] Loss: 0.6096 Time: 65.442
#### prediction torch.Size([192, 4])
Epoch [10/11] Step [495/1241] Loss: 0.5623 Time: 65.628
#### prediction torch.Size([192, 4])
Epoch [10/11] Step [528/1241] Loss: 0.5981 Time: 65.813
#### prediction torch.Size([192, 4])
Epoch [10/11] Step [561/1241] Loss: 0.6044 Time: 65.998
#### prediction torch.Size([192, 4])
Epoch [10/11] Step [594/1241] Loss: 0.6274 Time: 66.185
#### prediction torch.Size([192, 4])
Epoch [10/11] Step [627/1241] Loss: 0.5750 Time: 66.371
#### prediction torch.Size([192, 4])
Epoch [10/11] Step [660/1241] Loss: 0.6005 Time: 66.557
#### prediction torch.Size([192, 4])
Epoch [10/11] Step [693/1241] Loss: 0.5659 Time: 66.743
#### prediction torch.Size([192, 4])
Epoch [10/11] Step [726/1241] Loss: 0.5695 Time: 66.929
#### prediction torch.Size([192, 4])
Epoch [10/11] Step [759/1241] Loss: 0.7579 Time: 67.114
#### prediction torch.Size([192, 4])
Epoch [10/11] Step [792/1241] Loss: 0.5883 Time: 67.3
#### prediction torch.Size([192, 4])
Epoch [10/11] Step [825/1241] Loss: 0.5601 Time: 67.487
#### prediction torch.Size([192, 4])
Epoch [10/11] Step [858/1241] Loss: 0.5544 Time: 67.672
#### prediction torch.Size([192, 4])
Epoch [10/11] Step [891/1241] Loss: 0.5500 Time: 67.858
#### prediction torch.Size([192, 4])
Epoch [10/11] Step [924/1241] Loss: 0.6389 Time: 68.043
#### prediction torch.Size([192, 4])
Epoch [10/11] Step [957/1241] Loss: 0.5984 Time: 68.228
#### prediction torch.Size([192, 4])
Epoch [10/11] Step [990/1241] Loss: 0.5983 Time: 68.409
#### prediction torch.Size([192, 4])
Epoch [10/11] Step [1023/1241] Loss: 0.5456 Time: 68.591
#### prediction torch.Size([192, 4])
Epoch [10/11] Step [1056/1241] Loss: 0.6697 Time: 68.771
#### prediction torch.Size([192, 4])
Epoch [10/11] Step [1089/1241] Loss: 0.5004 Time: 68.956
#### prediction torch.Size([192, 4])
Epoch [10/11] Step [1122/1241] Loss: 0.6067 Time: 69.141
#### prediction torch.Size([192, 4])
Epoch [10/11] Step [1155/1241] Loss: 0.6077 Time: 69.326
#### prediction torch.Size([192, 4])
Epoch [10/11] Step [1188/1241] Loss: 0.5602 Time: 69.509
#### prediction torch.Size([192, 4])
Epoch [10/11] Step [1221/1241] Loss: 0.6241 Time: 69.692
#### TRAINED MODEL SEQ_CNN_LSTM model training time: 76.855 total training time: 80.713 ####
#### TRAINING MODEL SEQ_LSTM_CNN ####
#### prediction torch.Size([192, 4])
Epoch [10/11] Step [33/1241] Loss: 0.5487 Time: 69.38
#### prediction torch.Size([192, 4])
Epoch [10/11] Step [66/1241] Loss: 0.5161 Time: 69.581
#### prediction torch.Size([192, 4])
Epoch [10/11] Step [99/1241] Loss: 0.6487 Time: 69.781
#### prediction torch.Size([192, 4])
Epoch [10/11] Step [132/1241] Loss: 0.6251 Time: 69.981
#### prediction torch.Size([192, 4])
Epoch [10/11] Step [165/1241] Loss: 0.5716 Time: 70.182
#### prediction torch.Size([192, 4])
Epoch [10/11] Step [198/1241] Loss: 0.5789 Time: 70.381
#### prediction torch.Size([192, 4])
Epoch [10/11] Step [231/1241] Loss: 0.4628 Time: 70.582
#### prediction torch.Size([192, 4])
Epoch [10/11] Step [264/1241] Loss: 0.6070 Time: 70.784
#### prediction torch.Size([192, 4])
Epoch [10/11] Step [297/1241] Loss: 0.6525 Time: 70.984
#### prediction torch.Size([192, 4])
Epoch [10/11] Step [330/1241] Loss: 0.6244 Time: 71.185
#### prediction torch.Size([192, 4])
Epoch [10/11] Step [363/1241] Loss: 0.6027 Time: 71.385
#### prediction torch.Size([192, 4])
Epoch [10/11] Step [396/1241] Loss: 0.5445 Time: 71.585
#### prediction torch.Size([192, 4])
Epoch [10/11] Step [429/1241] Loss: 0.6179 Time: 71.787
#### prediction torch.Size([192, 4])
Epoch [10/11] Step [462/1241] Loss: 0.6057 Time: 71.989
#### prediction torch.Size([192, 4])
Epoch [10/11] Step [495/1241] Loss: 0.5136 Time: 72.191
#### prediction torch.Size([192, 4])
Epoch [10/11] Step [528/1241] Loss: 0.5245 Time: 72.391
#### prediction torch.Size([192, 4])
Epoch [10/11] Step [561/1241] Loss: 0.5749 Time: 72.592
#### prediction torch.Size([192, 4])
Epoch [10/11] Step [594/1241] Loss: 0.5963 Time: 72.792
#### prediction torch.Size([192, 4])
Epoch [10/11] Step [627/1241] Loss: 0.5593 Time: 72.992
#### prediction torch.Size([192, 4])
Epoch [10/11] Step [660/1241] Loss: 0.6160 Time: 73.359
#### prediction torch.Size([192, 4])
Epoch [10/11] Step [693/1241] Loss: 0.5476 Time: 73.56
#### prediction torch.Size([192, 4])
Epoch [10/11] Step [726/1241] Loss: 0.5952 Time: 73.761
#### prediction torch.Size([192, 4])
Epoch [10/11] Step [759/1241] Loss: 0.4866 Time: 73.961
#### prediction torch.Size([192, 4])
Epoch [10/11] Step [792/1241] Loss: 0.6639 Time: 74.161
#### prediction torch.Size([192, 4])
Epoch [10/11] Step [825/1241] Loss: 0.5410 Time: 74.361
#### prediction torch.Size([192, 4])
Epoch [10/11] Step [858/1241] Loss: 0.5922 Time: 74.561
#### prediction torch.Size([192, 4])
Epoch [10/11] Step [891/1241] Loss: 0.5662 Time: 74.762
#### prediction torch.Size([192, 4])
Epoch [10/11] Step [924/1241] Loss: 0.5213 Time: 74.963
#### prediction torch.Size([192, 4])
Epoch [10/11] Step [957/1241] Loss: 0.5306 Time: 75.163
#### prediction torch.Size([192, 4])
Epoch [10/11] Step [990/1241] Loss: 0.4993 Time: 75.364
#### prediction torch.Size([192, 4])
Epoch [10/11] Step [1023/1241] Loss: 0.4940 Time: 75.564
#### prediction torch.Size([192, 4])
Epoch [10/11] Step [1056/1241] Loss: 0.5272 Time: 75.764
#### prediction torch.Size([192, 4])
Epoch [10/11] Step [1089/1241] Loss: 0.4454 Time: 75.964
#### prediction torch.Size([192, 4])
Epoch [10/11] Step [1122/1241] Loss: 0.6801 Time: 76.165
#### prediction torch.Size([192, 4])
Epoch [10/11] Step [1155/1241] Loss: 0.5349 Time: 76.366
#### prediction torch.Size([192, 4])
Epoch [10/11] Step [1188/1241] Loss: 0.5837 Time: 76.566
#### prediction torch.Size([192, 4])
Epoch [10/11] Step [1221/1241] Loss: 0.5290 Time: 76.766
#### TRAINED MODEL SEQ_LSTM_CNN model training time: 84.452 total training time: 165.165 ####
#### TRAINING MODEL PARA_CNN_LSTM ####
#### prediction torch.Size([192, 4])
Epoch [10/11] Step [33/1241] Loss: 0.6187 Time: 70.619
#### prediction torch.Size([192, 4])
Epoch [10/11] Step [66/1241] Loss: 0.5699 Time: 70.824
#### prediction torch.Size([192, 4])
Epoch [10/11] Step [99/1241] Loss: 0.5772 Time: 71.027
#### prediction torch.Size([192, 4])
Epoch [10/11] Step [132/1241] Loss: 0.6309 Time: 71.232
#### prediction torch.Size([192, 4])
Epoch [10/11] Step [165/1241] Loss: 0.8596 Time: 71.435
#### prediction torch.Size([192, 4])
Epoch [10/11] Step [198/1241] Loss: 0.5484 Time: 71.638
#### prediction torch.Size([192, 4])
Epoch [10/11] Step [231/1241] Loss: 0.5796 Time: 71.842
#### prediction torch.Size([192, 4])
Epoch [10/11] Step [264/1241] Loss: 0.6882 Time: 72.046
#### prediction torch.Size([192, 4])
Epoch [10/11] Step [297/1241] Loss: 0.5814 Time: 72.249
#### prediction torch.Size([192, 4])
Epoch [10/11] Step [330/1241] Loss: 0.5456 Time: 72.452
#### prediction torch.Size([192, 4])
Epoch [10/11] Step [363/1241] Loss: 0.6057 Time: 72.657
#### prediction torch.Size([192, 4])
Epoch [10/11] Step [396/1241] Loss: 0.6519 Time: 72.861
#### prediction torch.Size([192, 4])
Epoch [10/11] Step [429/1241] Loss: 0.6531 Time: 73.064
#### prediction torch.Size([192, 4])
Epoch [10/11] Step [462/1241] Loss: 0.5446 Time: 73.268
#### prediction torch.Size([192, 4])
Epoch [10/11] Step [495/1241] Loss: 0.6616 Time: 73.473
#### prediction torch.Size([192, 4])
Epoch [10/11] Step [528/1241] Loss: 0.6327 Time: 73.676
#### prediction torch.Size([192, 4])
Epoch [10/11] Step [561/1241] Loss: 0.5513 Time: 73.88
#### prediction torch.Size([192, 4])
Epoch [10/11] Step [594/1241] Loss: 0.5272 Time: 74.084
#### prediction torch.Size([192, 4])
Epoch [10/11] Step [627/1241] Loss: 0.6226 Time: 74.288
#### prediction torch.Size([192, 4])
Epoch [10/11] Step [660/1241] Loss: 0.5144 Time: 74.491
#### prediction torch.Size([192, 4])
Epoch [10/11] Step [693/1241] Loss: 0.6174 Time: 74.695
#### prediction torch.Size([192, 4])
Epoch [10/11] Step [726/1241] Loss: 0.6219 Time: 74.899
#### prediction torch.Size([192, 4])
Epoch [10/11] Step [759/1241] Loss: 0.5647 Time: 75.102
#### prediction torch.Size([192, 4])
Epoch [10/11] Step [792/1241] Loss: 0.5682 Time: 75.306
#### prediction torch.Size([192, 4])
Epoch [10/11] Step [825/1241] Loss: 0.6264 Time: 75.51
#### prediction torch.Size([192, 4])
Epoch [10/11] Step [858/1241] Loss: 0.6027 Time: 75.714
#### prediction torch.Size([192, 4])
Epoch [10/11] Step [891/1241] Loss: 0.6061 Time: 75.917
#### prediction torch.Size([192, 4])
Epoch [10/11] Step [924/1241] Loss: 0.5765 Time: 76.121
#### prediction torch.Size([192, 4])
Epoch [10/11] Step [957/1241] Loss: 0.5654 Time: 76.324
#### prediction torch.Size([192, 4])
Epoch [10/11] Step [990/1241] Loss: 0.6624 Time: 76.527
#### prediction torch.Size([192, 4])
Epoch [10/11] Step [1023/1241] Loss: 0.5952 Time: 76.73
#### prediction torch.Size([192, 4])
Epoch [10/11] Step [1056/1241] Loss: 0.6231 Time: 76.934
#### prediction torch.Size([192, 4])
Epoch [10/11] Step [1089/1241] Loss: 0.5417 Time: 77.139
#### prediction torch.Size([192, 4])
Epoch [10/11] Step [1122/1241] Loss: 0.6034 Time: 77.347
#### prediction torch.Size([192, 4])
Epoch [10/11] Step [1155/1241] Loss: 0.5866 Time: 77.551
#### prediction torch.Size([192, 4])
Epoch [10/11] Step [1188/1241] Loss: 0.5441 Time: 77.756
#### prediction torch.Size([192, 4])
Epoch [10/11] Step [1221/1241] Loss: 0.7128 Time: 77.959
#### TRAINED MODEL PARA_CNN_LSTM model training time: 85.936 total training time: 251.101 ####
#### TRAINING TOTAL TIME: 247.243 ####
Accuracy of the SEQ_CNN_LSTM model on the test set: 74.890881 %
Accuracy of the SEQ_LSTM_CNN model on the test set: 74.571918 %
Accuracy of the PARA_CNN_LSTM model on the test set: 73.685536 %
#### TESTING TOTAL TIME: 3.492 ####
#### TIME #### TERMINO #### 4014.032 ####
#### FINITO #### TERMINO #### NO-VA-MAS ####
#### TIMES #### modelling TOTAL TOTAL ==>> 4014.032 seconds
#### #### READING DATA FILES #### ####
219 511 #### COMBI [reg, sid, ban, sec, men, med, sum, aci, hfq, hhh, aei] METRICS ####
('Plantation', '/home/vargas/repos/forests-sounds-vargas/out/data/extraction/Plantation/2_00_PSA0010-2010_dict_y_split_7_2512283_1736694580.pkl')
(297840, 11) Index(['reg', 'sid', 'ban', 'sec', 'men', 'med', 'sum', 'aci', 'hfq', 'hhh',
       'aei'],
      dtype='object') Index(['reg', 'sid', 'ban', 'sec', 'men', 'med', 'sum', 'aci', 'hfq', 'hhh',
       'aei'],
      dtype='object')
#### MERGE 68 merge_data Dataframe shape: (297840, 11) #### time: 275
#### #### SPLIT TRAIN TEST #### ####
#### CLASSES: [0 1 2 3] TOTAL 4
#### SPLIT train_test_split and CUDA: ??? cuda:0 #### time: 34
#### MODELS - TOTAL 3 ####
#### EPOCHS 11 ####
#### TRAINING MODELS ####
#### TRAINING MODEL SEQ_CNN_LSTM ####
#### prediction torch.Size([192, 4])
Epoch [10/11] Step [33/1241] Loss: 0.4269 Time: 61.464
#### prediction torch.Size([192, 4])
Epoch [10/11] Step [66/1241] Loss: 0.6113 Time: 61.642
#### prediction torch.Size([192, 4])
Epoch [10/11] Step [99/1241] Loss: 0.5726 Time: 61.821
#### prediction torch.Size([192, 4])
Epoch [10/11] Step [132/1241] Loss: 0.6424 Time: 61.999
#### prediction torch.Size([192, 4])
Epoch [10/11] Step [165/1241] Loss: 0.6028 Time: 62.176
#### prediction torch.Size([192, 4])
Epoch [10/11] Step [198/1241] Loss: 0.5651 Time: 62.354
#### prediction torch.Size([192, 4])
Epoch [10/11] Step [231/1241] Loss: 0.5365 Time: 62.699
#### prediction torch.Size([192, 4])
Epoch [10/11] Step [264/1241] Loss: 0.4913 Time: 62.878
#### prediction torch.Size([192, 4])
Epoch [10/11] Step [297/1241] Loss: 0.6169 Time: 63.056
#### prediction torch.Size([192, 4])
Epoch [10/11] Step [330/1241] Loss: 0.5493 Time: 63.234
#### prediction torch.Size([192, 4])
Epoch [10/11] Step [363/1241] Loss: 0.6822 Time: 63.412
#### prediction torch.Size([192, 4])
Epoch [10/11] Step [396/1241] Loss: 0.5553 Time: 63.589
#### prediction torch.Size([192, 4])
Epoch [10/11] Step [429/1241] Loss: 0.4986 Time: 63.767
#### prediction torch.Size([192, 4])
Epoch [10/11] Step [462/1241] Loss: 0.5064 Time: 63.944
#### prediction torch.Size([192, 4])
Epoch [10/11] Step [495/1241] Loss: 0.5893 Time: 64.122
#### prediction torch.Size([192, 4])
Epoch [10/11] Step [528/1241] Loss: 0.5553 Time: 64.3
#### prediction torch.Size([192, 4])
Epoch [10/11] Step [561/1241] Loss: 0.5196 Time: 64.478
#### prediction torch.Size([192, 4])
Epoch [10/11] Step [594/1241] Loss: 0.5515 Time: 64.656
#### prediction torch.Size([192, 4])
Epoch [10/11] Step [627/1241] Loss: 0.5958 Time: 64.833
#### prediction torch.Size([192, 4])
Epoch [10/11] Step [660/1241] Loss: 0.4757 Time: 65.011
#### prediction torch.Size([192, 4])
Epoch [10/11] Step [693/1241] Loss: 0.6295 Time: 65.189
#### prediction torch.Size([192, 4])
Epoch [10/11] Step [726/1241] Loss: 0.5853 Time: 65.367
#### prediction torch.Size([192, 4])
Epoch [10/11] Step [759/1241] Loss: 0.5383 Time: 65.545
#### prediction torch.Size([192, 4])
Epoch [10/11] Step [792/1241] Loss: 0.5970 Time: 65.723
#### prediction torch.Size([192, 4])
Epoch [10/11] Step [825/1241] Loss: 0.6395 Time: 65.901
#### prediction torch.Size([192, 4])
Epoch [10/11] Step [858/1241] Loss: 0.5501 Time: 66.078
#### prediction torch.Size([192, 4])
Epoch [10/11] Step [891/1241] Loss: 0.5654 Time: 66.256
#### prediction torch.Size([192, 4])
Epoch [10/11] Step [924/1241] Loss: 0.5346 Time: 66.433
#### prediction torch.Size([192, 4])
Epoch [10/11] Step [957/1241] Loss: 0.5272 Time: 66.611
#### prediction torch.Size([192, 4])
Epoch [10/11] Step [990/1241] Loss: 0.5213 Time: 66.789
#### prediction torch.Size([192, 4])
Epoch [10/11] Step [1023/1241] Loss: 0.5252 Time: 66.967
#### prediction torch.Size([192, 4])
Epoch [10/11] Step [1056/1241] Loss: 0.4673 Time: 67.144
#### prediction torch.Size([192, 4])
Epoch [10/11] Step [1089/1241] Loss: 0.5924 Time: 67.322
#### prediction torch.Size([192, 4])
Epoch [10/11] Step [1122/1241] Loss: 0.4983 Time: 67.499
#### prediction torch.Size([192, 4])
Epoch [10/11] Step [1155/1241] Loss: 0.5015 Time: 67.677
#### prediction torch.Size([192, 4])
Epoch [10/11] Step [1188/1241] Loss: 0.5105 Time: 67.854
#### prediction torch.Size([192, 4])
Epoch [10/11] Step [1221/1241] Loss: 0.5609 Time: 68.031
#### TRAINED MODEL SEQ_CNN_LSTM model training time: 75.017 total training time: 79.115 ####
#### TRAINING MODEL SEQ_LSTM_CNN ####
#### prediction torch.Size([192, 4])
Epoch [10/11] Step [33/1241] Loss: 0.5214 Time: 69.498
#### prediction torch.Size([192, 4])
Epoch [10/11] Step [66/1241] Loss: 0.5035 Time: 69.701
#### prediction torch.Size([192, 4])
Epoch [10/11] Step [99/1241] Loss: 0.5246 Time: 69.903
#### prediction torch.Size([192, 4])
Epoch [10/11] Step [132/1241] Loss: 0.5538 Time: 70.104
#### prediction torch.Size([192, 4])
Epoch [10/11] Step [165/1241] Loss: 0.4631 Time: 70.305
#### prediction torch.Size([192, 4])
Epoch [10/11] Step [198/1241] Loss: 0.4737 Time: 70.506
#### prediction torch.Size([192, 4])
Epoch [10/11] Step [231/1241] Loss: 0.5212 Time: 70.707
#### prediction torch.Size([192, 4])
Epoch [10/11] Step [264/1241] Loss: 0.4918 Time: 70.908
#### prediction torch.Size([192, 4])
Epoch [10/11] Step [297/1241] Loss: 0.4823 Time: 71.109
#### prediction torch.Size([192, 4])
Epoch [10/11] Step [330/1241] Loss: 0.5026 Time: 71.31
#### prediction torch.Size([192, 4])
Epoch [10/11] Step [363/1241] Loss: 0.4689 Time: 71.511
#### prediction torch.Size([192, 4])
Epoch [10/11] Step [396/1241] Loss: 0.5581 Time: 71.713
#### prediction torch.Size([192, 4])
Epoch [10/11] Step [429/1241] Loss: 0.5371 Time: 71.914
#### prediction torch.Size([192, 4])
Epoch [10/11] Step [462/1241] Loss: 0.4181 Time: 72.115
#### prediction torch.Size([192, 4])
Epoch [10/11] Step [495/1241] Loss: 0.6122 Time: 72.317
#### prediction torch.Size([192, 4])
Epoch [10/11] Step [528/1241] Loss: 0.4877 Time: 72.518
#### prediction torch.Size([192, 4])
Epoch [10/11] Step [561/1241] Loss: 0.5351 Time: 72.72
#### prediction torch.Size([192, 4])
Epoch [10/11] Step [594/1241] Loss: 0.5742 Time: 72.921
#### prediction torch.Size([192, 4])
Epoch [10/11] Step [627/1241] Loss: 0.5660 Time: 73.122
#### prediction torch.Size([192, 4])
Epoch [10/11] Step [660/1241] Loss: 0.4659 Time: 73.323
#### prediction torch.Size([192, 4])
Epoch [10/11] Step [693/1241] Loss: 0.6292 Time: 73.524
#### prediction torch.Size([192, 4])
Epoch [10/11] Step [726/1241] Loss: 0.6031 Time: 73.725
#### prediction torch.Size([192, 4])
Epoch [10/11] Step [759/1241] Loss: 0.5990 Time: 73.927
#### prediction torch.Size([192, 4])
Epoch [10/11] Step [792/1241] Loss: 0.5054 Time: 74.128
#### prediction torch.Size([192, 4])
Epoch [10/11] Step [825/1241] Loss: 0.4765 Time: 74.329
#### prediction torch.Size([192, 4])
Epoch [10/11] Step [858/1241] Loss: 0.5045 Time: 74.53
#### prediction torch.Size([192, 4])
Epoch [10/11] Step [891/1241] Loss: 0.5369 Time: 74.731
#### prediction torch.Size([192, 4])
Epoch [10/11] Step [924/1241] Loss: 0.5469 Time: 74.932
#### prediction torch.Size([192, 4])
Epoch [10/11] Step [957/1241] Loss: 0.5531 Time: 75.133
#### prediction torch.Size([192, 4])
Epoch [10/11] Step [990/1241] Loss: 0.5430 Time: 75.335
#### prediction torch.Size([192, 4])
Epoch [10/11] Step [1023/1241] Loss: 0.4910 Time: 75.536
#### prediction torch.Size([192, 4])
Epoch [10/11] Step [1056/1241] Loss: 0.5627 Time: 75.738
#### prediction torch.Size([192, 4])
Epoch [10/11] Step [1089/1241] Loss: 0.5470 Time: 75.94
#### prediction torch.Size([192, 4])
Epoch [10/11] Step [1122/1241] Loss: 0.5105 Time: 76.141
#### prediction torch.Size([192, 4])
Epoch [10/11] Step [1155/1241] Loss: 0.4544 Time: 76.343
#### prediction torch.Size([192, 4])
Epoch [10/11] Step [1188/1241] Loss: 0.5733 Time: 76.544
#### prediction torch.Size([192, 4])
Epoch [10/11] Step [1221/1241] Loss: 0.5958 Time: 76.745
#### TRAINED MODEL SEQ_LSTM_CNN model training time: 84.637 total training time: 163.752 ####
#### TRAINING MODEL PARA_CNN_LSTM ####
#### prediction torch.Size([192, 4])
Epoch [10/11] Step [33/1241] Loss: 0.6345 Time: 70.434
#### prediction torch.Size([192, 4])
Epoch [10/11] Step [66/1241] Loss: 0.6142 Time: 70.637
#### prediction torch.Size([192, 4])
Epoch [10/11] Step [99/1241] Loss: 0.6087 Time: 70.842
#### prediction torch.Size([192, 4])
Epoch [10/11] Step [132/1241] Loss: 0.6011 Time: 71.046
#### prediction torch.Size([192, 4])
Epoch [10/11] Step [165/1241] Loss: 0.6316 Time: 71.251
#### prediction torch.Size([192, 4])
Epoch [10/11] Step [198/1241] Loss: 0.5812 Time: 71.454
#### prediction torch.Size([192, 4])
Epoch [10/11] Step [231/1241] Loss: 0.6538 Time: 71.658
#### prediction torch.Size([192, 4])
Epoch [10/11] Step [264/1241] Loss: 0.6206 Time: 71.862
#### prediction torch.Size([192, 4])
Epoch [10/11] Step [297/1241] Loss: 0.6499 Time: 72.066
#### prediction torch.Size([192, 4])
Epoch [10/11] Step [330/1241] Loss: 0.6878 Time: 72.269
#### prediction torch.Size([192, 4])
Epoch [10/11] Step [363/1241] Loss: 0.6124 Time: 72.474
#### prediction torch.Size([192, 4])
Epoch [10/11] Step [396/1241] Loss: 0.6126 Time: 72.678
#### prediction torch.Size([192, 4])
Epoch [10/11] Step [429/1241] Loss: 0.6344 Time: 72.882
#### prediction torch.Size([192, 4])
Epoch [10/11] Step [462/1241] Loss: 0.5321 Time: 73.085
#### prediction torch.Size([192, 4])
Epoch [10/11] Step [495/1241] Loss: 0.6399 Time: 73.29
#### prediction torch.Size([192, 4])
Epoch [10/11] Step [528/1241] Loss: 0.5306 Time: 73.494
#### prediction torch.Size([192, 4])
Epoch [10/11] Step [561/1241] Loss: 0.7177 Time: 73.698
#### prediction torch.Size([192, 4])
Epoch [10/11] Step [594/1241] Loss: 0.5364 Time: 73.902
#### prediction torch.Size([192, 4])
Epoch [10/11] Step [627/1241] Loss: 0.5143 Time: 74.106
#### prediction torch.Size([192, 4])
Epoch [10/11] Step [660/1241] Loss: 0.5121 Time: 74.31
#### prediction torch.Size([192, 4])
Epoch [10/11] Step [693/1241] Loss: 0.6914 Time: 74.514
#### prediction torch.Size([192, 4])
Epoch [10/11] Step [726/1241] Loss: 0.6408 Time: 74.717
#### prediction torch.Size([192, 4])
Epoch [10/11] Step [759/1241] Loss: 0.6264 Time: 74.921
#### prediction torch.Size([192, 4])
Epoch [10/11] Step [792/1241] Loss: 0.5942 Time: 75.126
#### prediction torch.Size([192, 4])
Epoch [10/11] Step [825/1241] Loss: 0.6332 Time: 75.331
#### prediction torch.Size([192, 4])
Epoch [10/11] Step [858/1241] Loss: 0.5968 Time: 75.534
#### prediction torch.Size([192, 4])
Epoch [10/11] Step [891/1241] Loss: 0.6252 Time: 75.738
#### prediction torch.Size([192, 4])
Epoch [10/11] Step [924/1241] Loss: 0.6207 Time: 75.942
#### prediction torch.Size([192, 4])
Epoch [10/11] Step [957/1241] Loss: 0.5918 Time: 76.146
#### prediction torch.Size([192, 4])
Epoch [10/11] Step [990/1241] Loss: 0.5677 Time: 76.35
#### prediction torch.Size([192, 4])
Epoch [10/11] Step [1023/1241] Loss: 0.5660 Time: 76.554
#### prediction torch.Size([192, 4])
Epoch [10/11] Step [1056/1241] Loss: 0.5897 Time: 76.758
#### prediction torch.Size([192, 4])
Epoch [10/11] Step [1089/1241] Loss: 0.5634 Time: 76.962
#### prediction torch.Size([192, 4])
Epoch [10/11] Step [1122/1241] Loss: 0.6390 Time: 77.326
#### prediction torch.Size([192, 4])
Epoch [10/11] Step [1155/1241] Loss: 0.6100 Time: 77.531
#### prediction torch.Size([192, 4])
Epoch [10/11] Step [1188/1241] Loss: 0.5151 Time: 77.735
#### prediction torch.Size([192, 4])
Epoch [10/11] Step [1221/1241] Loss: 0.5820 Time: 77.939
#### TRAINED MODEL PARA_CNN_LSTM model training time: 85.766 total training time: 249.518 ####
#### TRAINING TOTAL TIME: 245.421 ####
Accuracy of the SEQ_CNN_LSTM model on the test set: 76.693862 %
Accuracy of the SEQ_LSTM_CNN model on the test set: 76.06433 %
Accuracy of the PARA_CNN_LSTM model on the test set: 74.848912 %
#### TESTING TOTAL TIME: 3.675 ####
#### TIME #### TERMINO #### 4322.861 ####
#### FINITO #### TERMINO #### NO-VA-MAS ####
#### TIMES #### modelling TOTAL TOTAL ==>> 4322.861 seconds
#### #### READING DATA FILES #### ####
220 511 #### COMBI [reg, sid, ban, sec, men, med, sum, aci, htp, hhh, aei] METRICS ####
('Plantation', '/home/vargas/repos/forests-sounds-vargas/out/data/extraction/Plantation/2_00_PSA0010-2010_dict_y_split_7_2512283_1736694580.pkl')
(297840, 11) Index(['reg', 'sid', 'ban', 'sec', 'men', 'med', 'sum', 'aci', 'htp', 'hhh',
       'aei'],
      dtype='object') Index(['reg', 'sid', 'ban', 'sec', 'men', 'med', 'sum', 'aci', 'htp', 'hhh',
       'aei'],
      dtype='object')
#### MERGE 68 merge_data Dataframe shape: (297840, 11) #### time: 274
#### #### SPLIT TRAIN TEST #### ####
#### CLASSES: [0 1 2 3] TOTAL 4
#### SPLIT train_test_split and CUDA: ??? cuda:0 #### time: 34
#### MODELS - TOTAL 3 ####
#### EPOCHS 11 ####
#### TRAINING MODELS ####
#### TRAINING MODEL SEQ_CNN_LSTM ####
#### prediction torch.Size([192, 4])
Epoch [10/11] Step [33/1241] Loss: 0.5271 Time: 61.249
#### prediction torch.Size([192, 4])
Epoch [10/11] Step [66/1241] Loss: 0.6427 Time: 61.43
#### prediction torch.Size([192, 4])
Epoch [10/11] Step [99/1241] Loss: 0.5627 Time: 61.61
#### prediction torch.Size([192, 4])
Epoch [10/11] Step [132/1241] Loss: 0.4311 Time: 61.789
#### prediction torch.Size([192, 4])
Epoch [10/11] Step [165/1241] Loss: 0.5432 Time: 61.968
#### prediction torch.Size([192, 4])
Epoch [10/11] Step [198/1241] Loss: 0.4889 Time: 62.147
#### prediction torch.Size([192, 4])
Epoch [10/11] Step [231/1241] Loss: 0.5925 Time: 62.327
#### prediction torch.Size([192, 4])
Epoch [10/11] Step [264/1241] Loss: 0.4335 Time: 62.507
#### prediction torch.Size([192, 4])
Epoch [10/11] Step [297/1241] Loss: 0.4090 Time: 62.686
#### prediction torch.Size([192, 4])
Epoch [10/11] Step [330/1241] Loss: 0.4090 Time: 62.865
#### prediction torch.Size([192, 4])
Epoch [10/11] Step [363/1241] Loss: 0.4138 Time: 63.042
#### prediction torch.Size([192, 4])
Epoch [10/11] Step [396/1241] Loss: 0.4294 Time: 63.22
#### prediction torch.Size([192, 4])
Epoch [10/11] Step [429/1241] Loss: 0.4869 Time: 63.398
#### prediction torch.Size([192, 4])
Epoch [10/11] Step [462/1241] Loss: 0.4663 Time: 63.576
#### prediction torch.Size([192, 4])
Epoch [10/11] Step [495/1241] Loss: 0.6156 Time: 63.754
#### prediction torch.Size([192, 4])
Epoch [10/11] Step [528/1241] Loss: 0.4961 Time: 63.931
#### prediction torch.Size([192, 4])
Epoch [10/11] Step [561/1241] Loss: 0.5136 Time: 64.109
#### prediction torch.Size([192, 4])
Epoch [10/11] Step [594/1241] Loss: 0.4218 Time: 64.286
#### prediction torch.Size([192, 4])
Epoch [10/11] Step [627/1241] Loss: 0.4802 Time: 64.464
#### prediction torch.Size([192, 4])
Epoch [10/11] Step [660/1241] Loss: 0.4982 Time: 64.642
#### prediction torch.Size([192, 4])
Epoch [10/11] Step [693/1241] Loss: 0.4595 Time: 64.82
#### prediction torch.Size([192, 4])
Epoch [10/11] Step [726/1241] Loss: 0.6484 Time: 64.998
#### prediction torch.Size([192, 4])
Epoch [10/11] Step [759/1241] Loss: 0.4377 Time: 65.176
#### prediction torch.Size([192, 4])
Epoch [10/11] Step [792/1241] Loss: 0.6809 Time: 65.353
#### prediction torch.Size([192, 4])
Epoch [10/11] Step [825/1241] Loss: 0.4414 Time: 65.531
#### prediction torch.Size([192, 4])
Epoch [10/11] Step [858/1241] Loss: 0.5081 Time: 65.708
#### prediction torch.Size([192, 4])
Epoch [10/11] Step [891/1241] Loss: 0.5161 Time: 65.886
#### prediction torch.Size([192, 4])
Epoch [10/11] Step [924/1241] Loss: 0.5251 Time: 66.063
#### prediction torch.Size([192, 4])
Epoch [10/11] Step [957/1241] Loss: 0.4366 Time: 66.241
#### prediction torch.Size([192, 4])
Epoch [10/11] Step [990/1241] Loss: 0.5507 Time: 66.419
#### prediction torch.Size([192, 4])
Epoch [10/11] Step [1023/1241] Loss: 0.5383 Time: 66.597
#### prediction torch.Size([192, 4])
Epoch [10/11] Step [1056/1241] Loss: 0.5995 Time: 66.774
#### prediction torch.Size([192, 4])
Epoch [10/11] Step [1089/1241] Loss: 0.4652 Time: 66.952
#### prediction torch.Size([192, 4])
Epoch [10/11] Step [1122/1241] Loss: 0.4165 Time: 67.129
#### prediction torch.Size([192, 4])
Epoch [10/11] Step [1155/1241] Loss: 0.4888 Time: 67.307
#### prediction torch.Size([192, 4])
Epoch [10/11] Step [1188/1241] Loss: 0.4447 Time: 67.485
#### prediction torch.Size([192, 4])
Epoch [10/11] Step [1221/1241] Loss: 0.4274 Time: 67.663
#### TRAINED MODEL SEQ_CNN_LSTM model training time: 74.661 total training time: 79.033 ####
#### TRAINING MODEL SEQ_LSTM_CNN ####
#### prediction torch.Size([192, 4])
Epoch [10/11] Step [33/1241] Loss: 0.4494 Time: 69.38
#### prediction torch.Size([192, 4])
Epoch [10/11] Step [66/1241] Loss: 0.5333 Time: 69.583
#### prediction torch.Size([192, 4])
Epoch [10/11] Step [99/1241] Loss: 0.4356 Time: 69.784
#### prediction torch.Size([192, 4])
Epoch [10/11] Step [132/1241] Loss: 0.5829 Time: 69.985
#### prediction torch.Size([192, 4])
Epoch [10/11] Step [165/1241] Loss: 0.5552 Time: 70.187
#### prediction torch.Size([192, 4])
Epoch [10/11] Step [198/1241] Loss: 0.6317 Time: 70.389
#### prediction torch.Size([192, 4])
Epoch [10/11] Step [231/1241] Loss: 0.4179 Time: 70.591
#### prediction torch.Size([192, 4])
Epoch [10/11] Step [264/1241] Loss: 0.4109 Time: 70.792
#### prediction torch.Size([192, 4])
Epoch [10/11] Step [297/1241] Loss: 0.5369 Time: 70.993
#### prediction torch.Size([192, 4])
Epoch [10/11] Step [330/1241] Loss: 0.4416 Time: 71.195
#### prediction torch.Size([192, 4])
Epoch [10/11] Step [363/1241] Loss: 0.4880 Time: 71.396
#### prediction torch.Size([192, 4])
Epoch [10/11] Step [396/1241] Loss: 0.4988 Time: 71.598
#### prediction torch.Size([192, 4])
Epoch [10/11] Step [429/1241] Loss: 0.4721 Time: 71.8
#### prediction torch.Size([192, 4])
Epoch [10/11] Step [462/1241] Loss: 0.5666 Time: 72.0
#### prediction torch.Size([192, 4])
Epoch [10/11] Step [495/1241] Loss: 0.5166 Time: 72.202
#### prediction torch.Size([192, 4])
Epoch [10/11] Step [528/1241] Loss: 0.4392 Time: 72.403
#### prediction torch.Size([192, 4])
Epoch [10/11] Step [561/1241] Loss: 0.4661 Time: 72.603
#### prediction torch.Size([192, 4])
Epoch [10/11] Step [594/1241] Loss: 0.5305 Time: 72.805
#### prediction torch.Size([192, 4])
Epoch [10/11] Step [627/1241] Loss: 0.5608 Time: 73.005
#### prediction torch.Size([192, 4])
Epoch [10/11] Step [660/1241] Loss: 0.5146 Time: 73.207
#### prediction torch.Size([192, 4])
Epoch [10/11] Step [693/1241] Loss: 0.4479 Time: 73.581
#### prediction torch.Size([192, 4])
Epoch [10/11] Step [726/1241] Loss: 0.4912 Time: 73.782
#### prediction torch.Size([192, 4])
Epoch [10/11] Step [759/1241] Loss: 0.4826 Time: 73.984
#### prediction torch.Size([192, 4])
Epoch [10/11] Step [792/1241] Loss: 0.6288 Time: 74.185
#### prediction torch.Size([192, 4])
Epoch [10/11] Step [825/1241] Loss: 0.5036 Time: 74.386
#### prediction torch.Size([192, 4])
Epoch [10/11] Step [858/1241] Loss: 0.5523 Time: 74.588
#### prediction torch.Size([192, 4])
Epoch [10/11] Step [891/1241] Loss: 0.5425 Time: 74.789
#### prediction torch.Size([192, 4])
Epoch [10/11] Step [924/1241] Loss: 0.6272 Time: 74.991
#### prediction torch.Size([192, 4])
Epoch [10/11] Step [957/1241] Loss: 0.5048 Time: 75.192
#### prediction torch.Size([192, 4])
Epoch [10/11] Step [990/1241] Loss: 0.5803 Time: 75.394
#### prediction torch.Size([192, 4])
Epoch [10/11] Step [1023/1241] Loss: 0.4604 Time: 75.595
#### prediction torch.Size([192, 4])
Epoch [10/11] Step [1056/1241] Loss: 0.5253 Time: 75.797
#### prediction torch.Size([192, 4])
Epoch [10/11] Step [1089/1241] Loss: 0.4737 Time: 75.998
#### prediction torch.Size([192, 4])
Epoch [10/11] Step [1122/1241] Loss: 0.5755 Time: 76.2
#### prediction torch.Size([192, 4])
Epoch [10/11] Step [1155/1241] Loss: 0.5607 Time: 76.403
#### prediction torch.Size([192, 4])
Epoch [10/11] Step [1188/1241] Loss: 0.4648 Time: 76.607
#### prediction torch.Size([192, 4])
Epoch [10/11] Step [1221/1241] Loss: 0.6519 Time: 76.811
#### TRAINED MODEL SEQ_LSTM_CNN model training time: 84.546 total training time: 163.579 ####
#### TRAINING MODEL PARA_CNN_LSTM ####
#### prediction torch.Size([192, 4])
Epoch [10/11] Step [33/1241] Loss: 0.6018 Time: 70.601
#### prediction torch.Size([192, 4])
Epoch [10/11] Step [66/1241] Loss: 0.6323 Time: 70.965
#### prediction torch.Size([192, 4])
Epoch [10/11] Step [99/1241] Loss: 0.5796 Time: 71.17
#### prediction torch.Size([192, 4])
Epoch [10/11] Step [132/1241] Loss: 0.5439 Time: 71.376
#### prediction torch.Size([192, 4])
Epoch [10/11] Step [165/1241] Loss: 0.6206 Time: 71.581
#### prediction torch.Size([192, 4])
Epoch [10/11] Step [198/1241] Loss: 0.6266 Time: 71.785
#### prediction torch.Size([192, 4])
Epoch [10/11] Step [231/1241] Loss: 0.6945 Time: 71.991
#### prediction torch.Size([192, 4])
Epoch [10/11] Step [264/1241] Loss: 0.6167 Time: 72.196
#### prediction torch.Size([192, 4])
Epoch [10/11] Step [297/1241] Loss: 0.6396 Time: 72.401
#### prediction torch.Size([192, 4])
Epoch [10/11] Step [330/1241] Loss: 0.6602 Time: 72.605
#### prediction torch.Size([192, 4])
Epoch [10/11] Step [363/1241] Loss: 0.6955 Time: 72.81
#### prediction torch.Size([192, 4])
Epoch [10/11] Step [396/1241] Loss: 0.6244 Time: 73.015
#### prediction torch.Size([192, 4])
Epoch [10/11] Step [429/1241] Loss: 0.5942 Time: 73.221
#### prediction torch.Size([192, 4])
Epoch [10/11] Step [462/1241] Loss: 0.5218 Time: 73.425
#### prediction torch.Size([192, 4])
Epoch [10/11] Step [495/1241] Loss: 0.6208 Time: 73.63
#### prediction torch.Size([192, 4])
Epoch [10/11] Step [528/1241] Loss: 0.6296 Time: 73.835
#### prediction torch.Size([192, 4])
Epoch [10/11] Step [561/1241] Loss: 0.6445 Time: 74.039
#### prediction torch.Size([192, 4])
Epoch [10/11] Step [594/1241] Loss: 0.6571 Time: 74.243
#### prediction torch.Size([192, 4])
Epoch [10/11] Step [627/1241] Loss: 0.6211 Time: 74.449
#### prediction torch.Size([192, 4])
Epoch [10/11] Step [660/1241] Loss: 0.6117 Time: 74.653
#### prediction torch.Size([192, 4])
Epoch [10/11] Step [693/1241] Loss: 0.5269 Time: 74.858
#### prediction torch.Size([192, 4])
Epoch [10/11] Step [726/1241] Loss: 0.5959 Time: 75.063
#### prediction torch.Size([192, 4])
Epoch [10/11] Step [759/1241] Loss: 0.6060 Time: 75.268
#### prediction torch.Size([192, 4])
Epoch [10/11] Step [792/1241] Loss: 0.6434 Time: 75.472
#### prediction torch.Size([192, 4])
Epoch [10/11] Step [825/1241] Loss: 0.5674 Time: 75.678
#### prediction torch.Size([192, 4])
Epoch [10/11] Step [858/1241] Loss: 0.5826 Time: 75.883
#### prediction torch.Size([192, 4])
Epoch [10/11] Step [891/1241] Loss: 0.5965 Time: 76.087
#### prediction torch.Size([192, 4])
Epoch [10/11] Step [924/1241] Loss: 0.5367 Time: 76.292
#### prediction torch.Size([192, 4])
Epoch [10/11] Step [957/1241] Loss: 0.6599 Time: 76.496
#### prediction torch.Size([192, 4])
Epoch [10/11] Step [990/1241] Loss: 0.4970 Time: 76.701
#### prediction torch.Size([192, 4])
Epoch [10/11] Step [1023/1241] Loss: 0.6789 Time: 76.905
#### prediction torch.Size([192, 4])
Epoch [10/11] Step [1056/1241] Loss: 0.5963 Time: 77.111
#### prediction torch.Size([192, 4])
Epoch [10/11] Step [1089/1241] Loss: 0.7314 Time: 77.316
#### prediction torch.Size([192, 4])
Epoch [10/11] Step [1122/1241] Loss: 0.5835 Time: 77.521
#### prediction torch.Size([192, 4])
Epoch [10/11] Step [1155/1241] Loss: 0.5959 Time: 77.725
#### prediction torch.Size([192, 4])
Epoch [10/11] Step [1188/1241] Loss: 0.5829 Time: 77.929
#### prediction torch.Size([192, 4])
Epoch [10/11] Step [1221/1241] Loss: 0.6010 Time: 78.134
#### TRAINED MODEL PARA_CNN_LSTM model training time: 86.161 total training time: 249.74 ####
#### TRAINING TOTAL TIME: 245.368 ####
Accuracy of the SEQ_CNN_LSTM model on the test set: 79.3379 %
Accuracy of the SEQ_LSTM_CNN model on the test set: 79.51249 %
Accuracy of the PARA_CNN_LSTM model on the test set: 75.236704 %
#### TESTING TOTAL TIME: 3.5 ####
#### TIME #### TERMINO #### 4632.444 ####
#### FINITO #### TERMINO #### NO-VA-MAS ####
#### TIMES #### modelling TOTAL TOTAL ==>> 4632.444 seconds
#### #### READING DATA FILES #### ####
221 511 #### COMBI [reg, sid, ban, sec, men, med, sum, bet, mmm, npp, hfq] METRICS ####
('Plantation', '/home/vargas/repos/forests-sounds-vargas/out/data/extraction/Plantation/2_00_PSA0010-2010_dict_y_split_7_2512283_1736694580.pkl')
(297840, 11) Index(['reg', 'sid', 'ban', 'sec', 'men', 'med', 'sum', 'bet', 'mmm', 'npp',
       'hfq'],
      dtype='object') Index(['reg', 'sid', 'ban', 'sec', 'men', 'med', 'sum', 'bet', 'mmm', 'npp',
       'hfq'],
      dtype='object')
#### MERGE 68 merge_data Dataframe shape: (297840, 11) #### time: 272
#### #### SPLIT TRAIN TEST #### ####
#### CLASSES: [0 1 2 3] TOTAL 4
#### SPLIT train_test_split and CUDA: ??? cuda:0 #### time: 34
#### MODELS - TOTAL 3 ####
#### EPOCHS 11 ####
#### TRAINING MODELS ####
#### TRAINING MODEL SEQ_CNN_LSTM ####
#### prediction torch.Size([192, 4])
Epoch [10/11] Step [33/1241] Loss: 0.1682 Time: 61.377
#### prediction torch.Size([192, 4])
Epoch [10/11] Step [66/1241] Loss: 0.1456 Time: 61.554
#### prediction torch.Size([192, 4])
Epoch [10/11] Step [99/1241] Loss: 0.1881 Time: 61.732
#### prediction torch.Size([192, 4])
Epoch [10/11] Step [132/1241] Loss: 0.0949 Time: 61.909
#### prediction torch.Size([192, 4])
Epoch [10/11] Step [165/1241] Loss: 0.1235 Time: 62.088
#### prediction torch.Size([192, 4])
Epoch [10/11] Step [198/1241] Loss: 0.1780 Time: 62.265
#### prediction torch.Size([192, 4])
Epoch [10/11] Step [231/1241] Loss: 0.0834 Time: 62.603
#### prediction torch.Size([192, 4])
Epoch [10/11] Step [264/1241] Loss: 0.0758 Time: 62.782
#### prediction torch.Size([192, 4])
Epoch [10/11] Step [297/1241] Loss: 0.1795 Time: 62.959
#### prediction torch.Size([192, 4])
Epoch [10/11] Step [330/1241] Loss: 0.1258 Time: 63.137
#### prediction torch.Size([192, 4])
Epoch [10/11] Step [363/1241] Loss: 0.0835 Time: 63.314
#### prediction torch.Size([192, 4])
Epoch [10/11] Step [396/1241] Loss: 0.1200 Time: 63.492
#### prediction torch.Size([192, 4])
Epoch [10/11] Step [429/1241] Loss: 0.2805 Time: 63.669
#### prediction torch.Size([192, 4])
Epoch [10/11] Step [462/1241] Loss: 0.1010 Time: 63.847
#### prediction torch.Size([192, 4])
Epoch [10/11] Step [495/1241] Loss: 0.1530 Time: 64.025
#### prediction torch.Size([192, 4])
Epoch [10/11] Step [528/1241] Loss: 0.1143 Time: 64.203
#### prediction torch.Size([192, 4])
Epoch [10/11] Step [561/1241] Loss: 0.1420 Time: 64.381
#### prediction torch.Size([192, 4])
Epoch [10/11] Step [594/1241] Loss: 0.0959 Time: 64.559
#### prediction torch.Size([192, 4])
Epoch [10/11] Step [627/1241] Loss: 0.1708 Time: 64.737
#### prediction torch.Size([192, 4])
Epoch [10/11] Step [660/1241] Loss: 0.1400 Time: 64.915
#### prediction torch.Size([192, 4])
Epoch [10/11] Step [693/1241] Loss: 0.1689 Time: 65.093
#### prediction torch.Size([192, 4])
Epoch [10/11] Step [726/1241] Loss: 0.0841 Time: 65.27
#### prediction torch.Size([192, 4])
Epoch [10/11] Step [759/1241] Loss: 0.1145 Time: 65.448
#### prediction torch.Size([192, 4])
Epoch [10/11] Step [792/1241] Loss: 0.1504 Time: 65.625
#### prediction torch.Size([192, 4])
Epoch [10/11] Step [825/1241] Loss: 0.1168 Time: 65.803
#### prediction torch.Size([192, 4])
Epoch [10/11] Step [858/1241] Loss: 0.1036 Time: 65.981
#### prediction torch.Size([192, 4])
Epoch [10/11] Step [891/1241] Loss: 0.1724 Time: 66.158
#### prediction torch.Size([192, 4])
Epoch [10/11] Step [924/1241] Loss: 0.1724 Time: 66.336
#### prediction torch.Size([192, 4])
Epoch [10/11] Step [957/1241] Loss: 0.0991 Time: 66.513
#### prediction torch.Size([192, 4])
Epoch [10/11] Step [990/1241] Loss: 0.1189 Time: 66.691
#### prediction torch.Size([192, 4])
Epoch [10/11] Step [1023/1241] Loss: 0.1520 Time: 66.868
#### prediction torch.Size([192, 4])
Epoch [10/11] Step [1056/1241] Loss: 0.1373 Time: 67.045
#### prediction torch.Size([192, 4])
Epoch [10/11] Step [1089/1241] Loss: 0.1006 Time: 67.224
#### prediction torch.Size([192, 4])
Epoch [10/11] Step [1122/1241] Loss: 0.1417 Time: 67.401
#### prediction torch.Size([192, 4])
Epoch [10/11] Step [1155/1241] Loss: 0.1739 Time: 67.579
#### prediction torch.Size([192, 4])
Epoch [10/11] Step [1188/1241] Loss: 0.0868 Time: 67.756
#### prediction torch.Size([192, 4])
Epoch [10/11] Step [1221/1241] Loss: 0.1118 Time: 67.934
#### TRAINED MODEL SEQ_CNN_LSTM model training time: 74.911 total training time: 78.978 ####
#### TRAINING MODEL SEQ_LSTM_CNN ####
#### prediction torch.Size([192, 4])
Epoch [10/11] Step [33/1241] Loss: 0.1213 Time: 69.837
#### prediction torch.Size([192, 4])
Epoch [10/11] Step [66/1241] Loss: 0.1812 Time: 70.051
#### prediction torch.Size([192, 4])
Epoch [10/11] Step [99/1241] Loss: 0.1376 Time: 70.264
#### prediction torch.Size([192, 4])
Epoch [10/11] Step [132/1241] Loss: 0.1809 Time: 70.478
#### prediction torch.Size([192, 4])
Epoch [10/11] Step [165/1241] Loss: 0.1388 Time: 70.692
#### prediction torch.Size([192, 4])
Epoch [10/11] Step [198/1241] Loss: 0.1179 Time: 70.908
#### prediction torch.Size([192, 4])
Epoch [10/11] Step [231/1241] Loss: 0.1430 Time: 71.123
#### prediction torch.Size([192, 4])
Epoch [10/11] Step [264/1241] Loss: 0.1669 Time: 71.337
#### prediction torch.Size([192, 4])
Epoch [10/11] Step [297/1241] Loss: 0.1778 Time: 71.545
#### prediction torch.Size([192, 4])
Epoch [10/11] Step [330/1241] Loss: 0.1683 Time: 71.757
#### prediction torch.Size([192, 4])
Epoch [10/11] Step [363/1241] Loss: 0.1674 Time: 71.967
#### prediction torch.Size([192, 4])
Epoch [10/11] Step [396/1241] Loss: 0.1185 Time: 72.176
#### prediction torch.Size([192, 4])
Epoch [10/11] Step [429/1241] Loss: 0.0990 Time: 72.39
#### prediction torch.Size([192, 4])
Epoch [10/11] Step [462/1241] Loss: 0.1358 Time: 72.604
#### prediction torch.Size([192, 4])
Epoch [10/11] Step [495/1241] Loss: 0.1701 Time: 72.812
#### prediction torch.Size([192, 4])
Epoch [10/11] Step [528/1241] Loss: 0.1035 Time: 73.023
#### prediction torch.Size([192, 4])
Epoch [10/11] Step [561/1241] Loss: 0.1326 Time: 73.235
#### prediction torch.Size([192, 4])
Epoch [10/11] Step [594/1241] Loss: 0.1612 Time: 73.448
#### prediction torch.Size([192, 4])
Epoch [10/11] Step [627/1241] Loss: 0.1519 Time: 73.66
#### prediction torch.Size([192, 4])
Epoch [10/11] Step [660/1241] Loss: 0.0804 Time: 73.875
#### prediction torch.Size([192, 4])
Epoch [10/11] Step [693/1241] Loss: 0.1317 Time: 74.085
#### prediction torch.Size([192, 4])
Epoch [10/11] Step [726/1241] Loss: 0.1101 Time: 74.292
#### prediction torch.Size([192, 4])
Epoch [10/11] Step [759/1241] Loss: 0.1288 Time: 74.506
#### prediction torch.Size([192, 4])
Epoch [10/11] Step [792/1241] Loss: 0.1802 Time: 74.719
#### prediction torch.Size([192, 4])
Epoch [10/11] Step [825/1241] Loss: 0.1210 Time: 74.932
#### prediction torch.Size([192, 4])
Epoch [10/11] Step [858/1241] Loss: 0.1117 Time: 75.146
#### prediction torch.Size([192, 4])
Epoch [10/11] Step [891/1241] Loss: 0.1341 Time: 75.359
#### prediction torch.Size([192, 4])
Epoch [10/11] Step [924/1241] Loss: 0.1305 Time: 75.572
#### prediction torch.Size([192, 4])
Epoch [10/11] Step [957/1241] Loss: 0.1335 Time: 75.785
#### prediction torch.Size([192, 4])
Epoch [10/11] Step [990/1241] Loss: 0.1815 Time: 75.996
#### prediction torch.Size([192, 4])
Epoch [10/11] Step [1023/1241] Loss: 0.1365 Time: 76.21
#### prediction torch.Size([192, 4])
Epoch [10/11] Step [1056/1241] Loss: 0.1695 Time: 76.424
#### prediction torch.Size([192, 4])
Epoch [10/11] Step [1089/1241] Loss: 0.1803 Time: 76.638
#### prediction torch.Size([192, 4])
Epoch [10/11] Step [1122/1241] Loss: 0.1414 Time: 76.852
#### prediction torch.Size([192, 4])
Epoch [10/11] Step [1155/1241] Loss: 0.1632 Time: 77.066
#### prediction torch.Size([192, 4])
Epoch [10/11] Step [1188/1241] Loss: 0.1223 Time: 77.28
#### prediction torch.Size([192, 4])
Epoch [10/11] Step [1221/1241] Loss: 0.1378 Time: 77.493
#### TRAINED MODEL SEQ_LSTM_CNN model training time: 85.802 total training time: 164.78 ####
#### TRAINING MODEL PARA_CNN_LSTM ####
#### prediction torch.Size([192, 4])
Epoch [10/11] Step [33/1241] Loss: 0.1533 Time: 71.809
#### prediction torch.Size([192, 4])
Epoch [10/11] Step [66/1241] Loss: 0.1229 Time: 72.014
#### prediction torch.Size([192, 4])
Epoch [10/11] Step [99/1241] Loss: 0.1529 Time: 72.219
#### prediction torch.Size([192, 4])
Epoch [10/11] Step [132/1241] Loss: 0.1290 Time: 72.423
#### prediction torch.Size([192, 4])
Epoch [10/11] Step [165/1241] Loss: 0.1529 Time: 72.627
#### prediction torch.Size([192, 4])
Epoch [10/11] Step [198/1241] Loss: 0.1491 Time: 72.833
#### prediction torch.Size([192, 4])
Epoch [10/11] Step [231/1241] Loss: 0.0981 Time: 73.038
#### prediction torch.Size([192, 4])
Epoch [10/11] Step [264/1241] Loss: 0.1448 Time: 73.243
#### prediction torch.Size([192, 4])
Epoch [10/11] Step [297/1241] Loss: 0.1246 Time: 73.447
#### prediction torch.Size([192, 4])
Epoch [10/11] Step [330/1241] Loss: 0.0973 Time: 73.66
#### prediction torch.Size([192, 4])
Epoch [10/11] Step [363/1241] Loss: 0.1210 Time: 73.867
#### prediction torch.Size([192, 4])
Epoch [10/11] Step [396/1241] Loss: 0.1054 Time: 74.074
#### prediction torch.Size([192, 4])
Epoch [10/11] Step [429/1241] Loss: 0.2185 Time: 74.281
#### prediction torch.Size([192, 4])
Epoch [10/11] Step [462/1241] Loss: 0.1423 Time: 74.485
#### prediction torch.Size([192, 4])
Epoch [10/11] Step [495/1241] Loss: 0.0981 Time: 74.69
#### prediction torch.Size([192, 4])
Epoch [10/11] Step [528/1241] Loss: 0.1528 Time: 74.894
#### prediction torch.Size([192, 4])
Epoch [10/11] Step [561/1241] Loss: 0.1207 Time: 75.101
#### prediction torch.Size([192, 4])
Epoch [10/11] Step [594/1241] Loss: 0.1623 Time: 75.305
#### prediction torch.Size([192, 4])
Epoch [10/11] Step [627/1241] Loss: 0.1278 Time: 75.51
#### prediction torch.Size([192, 4])
Epoch [10/11] Step [660/1241] Loss: 0.1552 Time: 75.715
#### prediction torch.Size([192, 4])
Epoch [10/11] Step [693/1241] Loss: 0.1225 Time: 75.921
#### prediction torch.Size([192, 4])
Epoch [10/11] Step [726/1241] Loss: 0.1683 Time: 76.126
#### prediction torch.Size([192, 4])
Epoch [10/11] Step [759/1241] Loss: 0.1382 Time: 76.33
#### prediction torch.Size([192, 4])
Epoch [10/11] Step [792/1241] Loss: 0.1282 Time: 76.535
#### prediction torch.Size([192, 4])
Epoch [10/11] Step [825/1241] Loss: 0.1221 Time: 76.739
#### prediction torch.Size([192, 4])
Epoch [10/11] Step [858/1241] Loss: 0.1840 Time: 76.944
#### prediction torch.Size([192, 4])
Epoch [10/11] Step [891/1241] Loss: 0.2061 Time: 77.15
#### prediction torch.Size([192, 4])
Epoch [10/11] Step [924/1241] Loss: 0.0999 Time: 77.355
#### prediction torch.Size([192, 4])
Epoch [10/11] Step [957/1241] Loss: 0.1327 Time: 77.559
#### prediction torch.Size([192, 4])
Epoch [10/11] Step [990/1241] Loss: 0.1268 Time: 77.763
#### prediction torch.Size([192, 4])
Epoch [10/11] Step [1023/1241] Loss: 0.1525 Time: 77.969
#### prediction torch.Size([192, 4])
Epoch [10/11] Step [1056/1241] Loss: 0.1496 Time: 78.173
#### prediction torch.Size([192, 4])
Epoch [10/11] Step [1089/1241] Loss: 0.1311 Time: 78.378
#### prediction torch.Size([192, 4])
Epoch [10/11] Step [1122/1241] Loss: 0.2269 Time: 78.583
#### prediction torch.Size([192, 4])
Epoch [10/11] Step [1155/1241] Loss: 0.0789 Time: 78.948
#### prediction torch.Size([192, 4])
Epoch [10/11] Step [1188/1241] Loss: 0.1084 Time: 79.154
#### prediction torch.Size([192, 4])
Epoch [10/11] Step [1221/1241] Loss: 0.1474 Time: 79.358
#### TRAINED MODEL PARA_CNN_LSTM model training time: 87.225 total training time: 252.005 ####
#### TRAINING TOTAL TIME: 247.939 ####
Accuracy of the SEQ_CNN_LSTM model on the test set: 94.295595 %
Accuracy of the SEQ_LSTM_CNN model on the test set: 93.79029 %
Accuracy of the PARA_CNN_LSTM model on the test set: 94.240196 %
#### TESTING TOTAL TIME: 3.665 ####
#### TIME #### TERMINO #### 4942.185 ####
#### FINITO #### TERMINO #### NO-VA-MAS ####
#### TIMES #### modelling TOTAL TOTAL ==>> 4942.185 seconds
0 #### TIMES #### Modelling #### PARTIAL FILE ==>> 4942.186 seconds
SE ME CUIDA MIJO, AHÍ LE DEJO PA` QUE NO TRASNOCHE TANTO ;)
#### TIMES #### Modelling TOTAL TOTAL ==>> 4942.187 seconds
#### #### NO DA MAS #### TERMINO #### FINITO #### ####
#### #### 
 TOTAL_TIME: 4942.21 
 TOTAL_JOBS: 39 
 JOB_ID: 2622205 
 #### ####
#### SLEEPING TIME: 4942.21 seconds ####
All gürkel parcero, aller!
