/home/vargas/repos/forests-sounds-vargas/venvs/tpy310f_k/lib/python3.10/site-packages/tslearn/bases/bases.py:15: UserWarning: h5py not installed, hdf5 features will not be supported.
Install h5py to use hdf5 features: http://docs.h5py.org/
  warn(h5py_msg)
PATH /home/vargas/repos/forests-sounds-vargas
/home/vargas/repos/forests-sounds-vargas/out/data /home/vargas/repos/forests-sounds-vargas/out/ 57
#### #### HOI FOREST #### ####
ALWAYS PROBLEMS [Errno 2] No such file or directory: '/home/vargas/repos/forests-sounds-vargas/out/000_processed_data_in_2024-11.csv'
#### MERGE 57 merge_data Dataframe shape: (17100, 3604) #### time: 20
#### SPLIT train_test_split and CUDA: ??? cuda:0 #### time: 3
#### CLASSES: [0 1 2 3] TOTAL 4
#### MODELS {0: [CNN_LSTM(
  (cnn): Sequential(
    (0): Conv1d(1, 64, kernel_size=(3,), stride=(1,), padding=(1,))
    (1): ReLU()
    (2): MaxPool1d(kernel_size=2, stride=2, padding=0, dilation=1, ceil_mode=False)
    (3): Conv1d(64, 128, kernel_size=(3,), stride=(1,), padding=(1,))
    (4): ReLU()
    (5): MaxPool1d(kernel_size=2, stride=2, padding=0, dilation=1, ceil_mode=False)
  )
  (lstm): LSTM(128, 128, num_layers=2, batch_first=True)
  (fc): Linear(in_features=128, out_features=4, bias=True)
)], 1: [CNN_LSTM(
  (cnn): Sequential(
    (0): Conv1d(1, 64, kernel_size=(3,), stride=(1,), padding=(1,))
    (1): ReLU()
    (2): MaxPool1d(kernel_size=2, stride=2, padding=0, dilation=1, ceil_mode=False)
    (3): Conv1d(64, 128, kernel_size=(3,), stride=(1,), padding=(1,))
    (4): ReLU()
    (5): MaxPool1d(kernel_size=2, stride=2, padding=0, dilation=1, ceil_mode=False)
  )
  (lstm): LSTM(128, 128, num_layers=2, batch_first=True)
  (fc): Linear(in_features=128, out_features=4, bias=True)
), LSTM_CNN(
  (lstm): LSTM(1, 128, num_layers=2, batch_first=True)
  (cnn): Sequential(
    (0): Conv1d(128, 64, kernel_size=(3,), stride=(1,), padding=(1,))
    (1): ReLU()
    (2): MaxPool1d(kernel_size=2, stride=2, padding=0, dilation=1, ceil_mode=False)
    (3): Conv1d(64, 128, kernel_size=(3,), stride=(1,), padding=(1,))
    (4): ReLU()
    (5): MaxPool1d(kernel_size=2, stride=2, padding=0, dilation=1, ceil_mode=False)
    (6): Flatten(start_dim=1, end_dim=-1)
    (7): LazyLinear(in_features=0, out_features=256, bias=True)
    (8): ReLU()
    (9): Linear(in_features=256, out_features=4, bias=True)
  )
)], 2: [CNN_LSTM(
  (cnn): Sequential(
    (0): Conv1d(1, 64, kernel_size=(3,), stride=(1,), padding=(1,))
    (1): ReLU()
    (2): MaxPool1d(kernel_size=2, stride=2, padding=0, dilation=1, ceil_mode=False)
    (3): Conv1d(64, 128, kernel_size=(3,), stride=(1,), padding=(1,))
    (4): ReLU()
    (5): MaxPool1d(kernel_size=2, stride=2, padding=0, dilation=1, ceil_mode=False)
  )
  (lstm): LSTM(128, 128, num_layers=2, batch_first=True)
  (fc): Linear(in_features=128, out_features=4, bias=True)
), LSTM_CNN(
  (lstm): LSTM(1, 128, num_layers=2, batch_first=True)
  (cnn): Sequential(
    (0): Conv1d(128, 64, kernel_size=(3,), stride=(1,), padding=(1,))
    (1): ReLU()
    (2): MaxPool1d(kernel_size=2, stride=2, padding=0, dilation=1, ceil_mode=False)
    (3): Conv1d(64, 128, kernel_size=(3,), stride=(1,), padding=(1,))
    (4): ReLU()
    (5): MaxPool1d(kernel_size=2, stride=2, padding=0, dilation=1, ceil_mode=False)
    (6): Flatten(start_dim=1, end_dim=-1)
    (7): LazyLinear(in_features=0, out_features=256, bias=True)
    (8): ReLU()
    (9): Linear(in_features=256, out_features=4, bias=True)
  )
), ParallelCNNLSTMModel(
  (cnn): Sequential(
    (0): Conv1d(1, 64, kernel_size=(3,), stride=(1,), padding=(1,))
    (1): ReLU()
    (2): MaxPool1d(kernel_size=2, stride=2, padding=0, dilation=1, ceil_mode=False)
    (3): Conv1d(64, 128, kernel_size=(3,), stride=(1,), padding=(1,))
    (4): ReLU()
    (5): MaxPool1d(kernel_size=2, stride=2, padding=0, dilation=1, ceil_mode=False)
    (6): Flatten(start_dim=1, end_dim=-1)
    (7): LazyLinear(in_features=0, out_features=128, bias=True)
    (8): ReLU()
  )
  (lstm): LSTM(1, 128, num_layers=2, batch_first=True)
  (fc_lstm): Linear(in_features=128, out_features=128, bias=True)
  (fc): Linear(in_features=256, out_features=4, bias=True)
)]} ####
#### MODELS - TOTAL 3 ####
#### EPOCHS 99 ####
#### TRAINING MODEL CNN_LSTM ####
Epoch [1/99] Step [10/214] Loss: 1.3421 Time: 6.1
Epoch [1/99] Step [20/214] Loss: 1.2602 Time: 6.227
Epoch [1/99] Step [30/214] Loss: 1.2036 Time: 6.354
Epoch [1/99] Step [40/214] Loss: 1.2715 Time: 6.48
Epoch [1/99] Step [50/214] Loss: 1.1177 Time: 6.607
Epoch [1/99] Step [60/214] Loss: 1.1456 Time: 6.733
Epoch [1/99] Step [70/214] Loss: 1.2012 Time: 6.86
Epoch [1/99] Step [80/214] Loss: 1.3235 Time: 6.986
Epoch [1/99] Step [90/214] Loss: 1.1238 Time: 7.113
Epoch [1/99] Step [100/214] Loss: 1.1484 Time: 7.239
Epoch [1/99] Step [110/214] Loss: 1.1928 Time: 7.366
Epoch [1/99] Step [120/214] Loss: 1.1458 Time: 7.493
Epoch [1/99] Step [130/214] Loss: 1.2370 Time: 7.619
Epoch [1/99] Step [140/214] Loss: 1.2877 Time: 7.746
Epoch [1/99] Step [150/214] Loss: 1.1469 Time: 7.872
Epoch [1/99] Step [160/214] Loss: 1.2240 Time: 7.999
Epoch [1/99] Step [170/214] Loss: 1.1133 Time: 8.126
Epoch [1/99] Step [180/214] Loss: 1.1697 Time: 8.252
Epoch [1/99] Step [190/214] Loss: 1.1662 Time: 8.379
Epoch [1/99] Step [200/214] Loss: 1.2225 Time: 8.505
Epoch [1/99] Step [210/214] Loss: 1.2949 Time: 8.631
Epoch [2/99] Step [10/214] Loss: 1.1430 Time: 8.808
Epoch [2/99] Step [20/214] Loss: 1.2487 Time: 8.934
Epoch [2/99] Step [30/214] Loss: 1.2748 Time: 9.061
Epoch [2/99] Step [40/214] Loss: 1.3357 Time: 9.188
Epoch [2/99] Step [50/214] Loss: 1.1511 Time: 9.314
Epoch [2/99] Step [60/214] Loss: 1.1160 Time: 9.44
Epoch [2/99] Step [70/214] Loss: 1.2361 Time: 9.567
Epoch [2/99] Step [80/214] Loss: 1.2201 Time: 9.693
Epoch [2/99] Step [90/214] Loss: 1.1964 Time: 9.82
Epoch [2/99] Step [100/214] Loss: 1.1694 Time: 9.947
Epoch [2/99] Step [110/214] Loss: 1.1959 Time: 10.074
Epoch [2/99] Step [120/214] Loss: 1.1416 Time: 10.2
Epoch [2/99] Step [130/214] Loss: 1.1595 Time: 10.327
Epoch [2/99] Step [140/214] Loss: 1.1904 Time: 10.454
Epoch [2/99] Step [150/214] Loss: 1.2715 Time: 10.581
Epoch [2/99] Step [160/214] Loss: 1.1873 Time: 10.708
Epoch [2/99] Step [170/214] Loss: 1.2208 Time: 10.834
Epoch [2/99] Step [180/214] Loss: 1.2371 Time: 10.96
Epoch [2/99] Step [190/214] Loss: 1.2863 Time: 11.087
Epoch [2/99] Step [200/214] Loss: 1.1398 Time: 11.214
Epoch [2/99] Step [210/214] Loss: 1.1992 Time: 11.34
Epoch [3/99] Step [10/214] Loss: 1.1829 Time: 11.516
Epoch [3/99] Step [20/214] Loss: 1.2615 Time: 11.642
Epoch [3/99] Step [30/214] Loss: 1.2711 Time: 11.769
Epoch [3/99] Step [40/214] Loss: 1.3037 Time: 11.896
Epoch [3/99] Step [50/214] Loss: 1.1989 Time: 12.022
Epoch [3/99] Step [60/214] Loss: 1.1486 Time: 12.149
Epoch [3/99] Step [70/214] Loss: 1.2047 Time: 12.275
Epoch [3/99] Step [80/214] Loss: 1.2602 Time: 12.402
Epoch [3/99] Step [90/214] Loss: 1.2466 Time: 12.529
Epoch [3/99] Step [100/214] Loss: 1.3599 Time: 12.655
Epoch [3/99] Step [110/214] Loss: 1.2050 Time: 12.782
Epoch [3/99] Step [120/214] Loss: 1.2802 Time: 12.909
Epoch [3/99] Step [130/214] Loss: 1.2364 Time: 13.035
Epoch [3/99] Step [140/214] Loss: 1.2713 Time: 13.162
Epoch [3/99] Step [150/214] Loss: 1.1899 Time: 13.289
Epoch [3/99] Step [160/214] Loss: 1.1297 Time: 13.416
Epoch [3/99] Step [170/214] Loss: 1.2126 Time: 13.542
Epoch [3/99] Step [180/214] Loss: 1.1546 Time: 13.669
Epoch [3/99] Step [190/214] Loss: 1.1021 Time: 13.795
Epoch [3/99] Step [200/214] Loss: 1.2760 Time: 13.922
Epoch [3/99] Step [210/214] Loss: 1.2591 Time: 14.048
Epoch [4/99] Step [10/214] Loss: 1.1851 Time: 14.224
Epoch [4/99] Step [20/214] Loss: 1.2230 Time: 14.351
Epoch [4/99] Step [30/214] Loss: 1.1234 Time: 14.478
Epoch [4/99] Step [40/214] Loss: 1.2025 Time: 14.605
Epoch [4/99] Step [50/214] Loss: 1.2389 Time: 14.732
Epoch [4/99] Step [60/214] Loss: 1.2147 Time: 14.858
Epoch [4/99] Step [70/214] Loss: 1.2951 Time: 14.985
Epoch [4/99] Step [80/214] Loss: 1.0642 Time: 15.112
Epoch [4/99] Step [90/214] Loss: 1.2197 Time: 15.238
Epoch [4/99] Step [100/214] Loss: 1.2962 Time: 15.365
Epoch [4/99] Step [110/214] Loss: 1.2525 Time: 15.491
Epoch [4/99] Step [120/214] Loss: 1.1820 Time: 15.618
Epoch [4/99] Step [130/214] Loss: 1.1481 Time: 15.745
Epoch [4/99] Step [140/214] Loss: 1.1845 Time: 15.872
Epoch [4/99] Step [150/214] Loss: 1.1793 Time: 15.999
Epoch [4/99] Step [160/214] Loss: 1.2132 Time: 16.125
Epoch [4/99] Step [170/214] Loss: 1.1490 Time: 16.251
Epoch [4/99] Step [180/214] Loss: 1.2041 Time: 16.378
Epoch [4/99] Step [190/214] Loss: 1.2164 Time: 16.504
Epoch [4/99] Step [200/214] Loss: 1.1699 Time: 16.631
Epoch [4/99] Step [210/214] Loss: 1.2028 Time: 16.758
Epoch [5/99] Step [10/214] Loss: 1.3115 Time: 16.933
Epoch [5/99] Step [20/214] Loss: 1.2902 Time: 17.06
Epoch [5/99] Step [30/214] Loss: 1.2759 Time: 17.186
Epoch [5/99] Step [40/214] Loss: 1.2000 Time: 17.313
Epoch [5/99] Step [50/214] Loss: 1.3532 Time: 17.439
Epoch [5/99] Step [60/214] Loss: 1.1885 Time: 17.565
Epoch [5/99] Step [70/214] Loss: 1.1457 Time: 17.692
Epoch [5/99] Step [80/214] Loss: 1.2139 Time: 17.819
Epoch [5/99] Step [90/214] Loss: 1.2364 Time: 17.945
Epoch [5/99] Step [100/214] Loss: 1.2134 Time: 18.072
Epoch [5/99] Step [110/214] Loss: 1.2079 Time: 18.199
Epoch [5/99] Step [120/214] Loss: 1.1062 Time: 18.325
Epoch [5/99] Step [130/214] Loss: 1.1359 Time: 18.452
Epoch [5/99] Step [140/214] Loss: 1.3087 Time: 18.578
Epoch [5/99] Step [150/214] Loss: 1.2728 Time: 18.704
Epoch [5/99] Step [160/214] Loss: 1.1405 Time: 18.831
Epoch [5/99] Step [170/214] Loss: 1.1660 Time: 18.958
Epoch [5/99] Step [180/214] Loss: 1.1613 Time: 19.085
Epoch [5/99] Step [190/214] Loss: 1.1632 Time: 19.212
Epoch [5/99] Step [200/214] Loss: 1.2715 Time: 19.338
Epoch [5/99] Step [210/214] Loss: 1.2439 Time: 19.465
Epoch [6/99] Step [10/214] Loss: 1.2625 Time: 19.64
Epoch [6/99] Step [20/214] Loss: 1.1865 Time: 19.767
Epoch [6/99] Step [30/214] Loss: 1.1981 Time: 19.894
Epoch [6/99] Step [40/214] Loss: 1.2067 Time: 20.021
Epoch [6/99] Step [50/214] Loss: 1.1968 Time: 20.148
Epoch [6/99] Step [60/214] Loss: 1.2701 Time: 20.275
Epoch [6/99] Step [70/214] Loss: 1.2038 Time: 20.401
Epoch [6/99] Step [80/214] Loss: 1.1485 Time: 20.527
Epoch [6/99] Step [90/214] Loss: 1.2777 Time: 20.654
Epoch [6/99] Step [100/214] Loss: 1.2234 Time: 20.78
Epoch [6/99] Step [110/214] Loss: 1.2677 Time: 20.907
Epoch [6/99] Step [120/214] Loss: 1.1946 Time: 21.033
Epoch [6/99] Step [130/214] Loss: 1.3227 Time: 21.16
Epoch [6/99] Step [140/214] Loss: 1.1905 Time: 21.286
Epoch [6/99] Step [150/214] Loss: 1.1790 Time: 21.411
Epoch [6/99] Step [160/214] Loss: 1.2028 Time: 21.538
Epoch [6/99] Step [170/214] Loss: 1.1348 Time: 21.664
Epoch [6/99] Step [180/214] Loss: 1.1669 Time: 21.79
Epoch [6/99] Step [190/214] Loss: 1.1914 Time: 21.916
Epoch [6/99] Step [200/214] Loss: 1.1206 Time: 22.043
Epoch [6/99] Step [210/214] Loss: 1.0806 Time: 22.169
Epoch [7/99] Step [10/214] Loss: 1.1830 Time: 22.344
Epoch [7/99] Step [20/214] Loss: 1.0541 Time: 22.471
Epoch [7/99] Step [30/214] Loss: 1.3458 Time: 22.597
Epoch [7/99] Step [40/214] Loss: 1.1180 Time: 22.724
Epoch [7/99] Step [50/214] Loss: 1.1972 Time: 22.851
Epoch [7/99] Step [60/214] Loss: 1.2112 Time: 22.977
Epoch [7/99] Step [70/214] Loss: 1.1200 Time: 23.104
Epoch [7/99] Step [80/214] Loss: 1.2223 Time: 23.23
Epoch [7/99] Step [90/214] Loss: 1.1793 Time: 23.356
Epoch [7/99] Step [100/214] Loss: 1.2222 Time: 23.483
Epoch [7/99] Step [110/214] Loss: 1.1604 Time: 23.61
Epoch [7/99] Step [120/214] Loss: 1.2510 Time: 23.736
Epoch [7/99] Step [130/214] Loss: 1.1949 Time: 23.862
Epoch [7/99] Step [140/214] Loss: 1.3117 Time: 23.988
Epoch [7/99] Step [150/214] Loss: 1.2711 Time: 24.114
Epoch [7/99] Step [160/214] Loss: 1.2672 Time: 24.241
Epoch [7/99] Step [170/214] Loss: 1.2725 Time: 24.367
Epoch [7/99] Step [180/214] Loss: 1.2094 Time: 24.494
Epoch [7/99] Step [190/214] Loss: 1.1952 Time: 24.626
Epoch [7/99] Step [200/214] Loss: 1.2027 Time: 24.752
Epoch [7/99] Step [210/214] Loss: 1.2904 Time: 24.879
Epoch [8/99] Step [10/214] Loss: 1.1298 Time: 25.054
Epoch [8/99] Step [20/214] Loss: 1.2303 Time: 25.181
Epoch [8/99] Step [30/214] Loss: 1.2147 Time: 25.307
Epoch [8/99] Step [40/214] Loss: 1.1845 Time: 25.434
Epoch [8/99] Step [50/214] Loss: 1.2374 Time: 25.56
Epoch [8/99] Step [60/214] Loss: 1.1314 Time: 25.687
Epoch [8/99] Step [70/214] Loss: 1.2546 Time: 25.813
Epoch [8/99] Step [80/214] Loss: 1.3828 Time: 25.94
Epoch [8/99] Step [90/214] Loss: 1.1465 Time: 26.066
Epoch [8/99] Step [100/214] Loss: 1.1660 Time: 26.193
Epoch [8/99] Step [110/214] Loss: 1.1431 Time: 26.32
Epoch [8/99] Step [120/214] Loss: 1.1387 Time: 26.446
Epoch [8/99] Step [130/214] Loss: 1.1726 Time: 26.572
Epoch [8/99] Step [140/214] Loss: 1.2292 Time: 26.698
Epoch [8/99] Step [150/214] Loss: 1.2376 Time: 26.824
Epoch [8/99] Step [160/214] Loss: 1.2368 Time: 26.951
Epoch [8/99] Step [170/214] Loss: 1.2451 Time: 27.077
Epoch [8/99] Step [180/214] Loss: 1.1819 Time: 27.203
Epoch [8/99] Step [190/214] Loss: 1.1796 Time: 27.329
Epoch [8/99] Step [200/214] Loss: 1.1053 Time: 27.455
Epoch [8/99] Step [210/214] Loss: 1.2069 Time: 27.581
Epoch [9/99] Step [10/214] Loss: 1.3941 Time: 27.756
Epoch [9/99] Step [20/214] Loss: 1.2227 Time: 27.882
Epoch [9/99] Step [30/214] Loss: 1.2615 Time: 28.008
Epoch [9/99] Step [40/214] Loss: 1.3185 Time: 28.134
Epoch [9/99] Step [50/214] Loss: 1.2107 Time: 28.26
Epoch [9/99] Step [60/214] Loss: 1.1874 Time: 28.385
Epoch [9/99] Step [70/214] Loss: 1.3216 Time: 28.512
Epoch [9/99] Step [80/214] Loss: 1.0958 Time: 28.638
Epoch [9/99] Step [90/214] Loss: 1.2538 Time: 28.764
Epoch [9/99] Step [100/214] Loss: 1.1956 Time: 28.89
Epoch [9/99] Step [110/214] Loss: 1.1857 Time: 29.016
Epoch [9/99] Step [120/214] Loss: 1.1383 Time: 29.143
Epoch [9/99] Step [130/214] Loss: 1.1765 Time: 29.269
Epoch [9/99] Step [140/214] Loss: 1.2604 Time: 29.395
Epoch [9/99] Step [150/214] Loss: 1.1661 Time: 29.522
Epoch [9/99] Step [160/214] Loss: 1.0919 Time: 29.648
Epoch [9/99] Step [170/214] Loss: 1.1225 Time: 29.774
Epoch [9/99] Step [180/214] Loss: 1.2465 Time: 29.901
Epoch [9/99] Step [190/214] Loss: 1.1401 Time: 30.027
Epoch [9/99] Step [200/214] Loss: 1.2163 Time: 30.153
Epoch [9/99] Step [210/214] Loss: 1.2338 Time: 30.28
Epoch [10/99] Step [10/214] Loss: 1.2158 Time: 30.454
Epoch [10/99] Step [20/214] Loss: 1.2201 Time: 30.58
Epoch [10/99] Step [30/214] Loss: 1.2021 Time: 30.706
Epoch [10/99] Step [40/214] Loss: 1.1391 Time: 30.833
Epoch [10/99] Step [50/214] Loss: 1.3332 Time: 30.959
Epoch [10/99] Step [60/214] Loss: 1.2646 Time: 31.085
Epoch [10/99] Step [70/214] Loss: 1.1305 Time: 31.211
Epoch [10/99] Step [80/214] Loss: 1.1671 Time: 31.338
Epoch [10/99] Step [90/214] Loss: 1.1921 Time: 31.465
Epoch [10/99] Step [100/214] Loss: 1.2712 Time: 31.591
Epoch [10/99] Step [110/214] Loss: 1.3178 Time: 31.717
Epoch [10/99] Step [120/214] Loss: 1.1450 Time: 31.844
Epoch [10/99] Step [130/214] Loss: 1.2861 Time: 31.97
Epoch [10/99] Step [140/214] Loss: 1.2423 Time: 32.097
Epoch [10/99] Step [150/214] Loss: 1.1372 Time: 32.223
Epoch [10/99] Step [160/214] Loss: 1.2998 Time: 32.349
Epoch [10/99] Step [170/214] Loss: 1.0437 Time: 32.476
Epoch [10/99] Step [180/214] Loss: 1.2467 Time: 32.603
Epoch [10/99] Step [190/214] Loss: 1.2359 Time: 32.729
Epoch [10/99] Step [200/214] Loss: 1.2456 Time: 32.855
Epoch [10/99] Step [210/214] Loss: 1.0794 Time: 32.981
Epoch [11/99] Step [10/214] Loss: 1.1232 Time: 33.157
Epoch [11/99] Step [20/214] Loss: 1.0616 Time: 33.283
Epoch [11/99] Step [30/214] Loss: 1.1305 Time: 33.409
Epoch [11/99] Step [40/214] Loss: 1.3269 Time: 33.535
Epoch [11/99] Step [50/214] Loss: 1.1482 Time: 33.662
Epoch [11/99] Step [60/214] Loss: 1.2050 Time: 33.788
Epoch [11/99] Step [70/214] Loss: 1.1810 Time: 33.915
Epoch [11/99] Step [80/214] Loss: 1.2005 Time: 34.041
Epoch [11/99] Step [90/214] Loss: 1.1668 Time: 34.167
Epoch [11/99] Step [100/214] Loss: 1.2415 Time: 34.294
Epoch [11/99] Step [110/214] Loss: 1.1394 Time: 34.42
Epoch [11/99] Step [120/214] Loss: 1.1381 Time: 34.547
Epoch [11/99] Step [130/214] Loss: 1.2366 Time: 34.673
Epoch [11/99] Step [140/214] Loss: 1.2328 Time: 34.799
Epoch [11/99] Step [150/214] Loss: 1.2964 Time: 34.925
Epoch [11/99] Step [160/214] Loss: 1.1966 Time: 35.051
Epoch [11/99] Step [170/214] Loss: 1.2461 Time: 35.178
Epoch [11/99] Step [180/214] Loss: 1.2520 Time: 35.304
Epoch [11/99] Step [190/214] Loss: 1.1518 Time: 35.431
Epoch [11/99] Step [200/214] Loss: 1.2316 Time: 35.557
Epoch [11/99] Step [210/214] Loss: 1.1760 Time: 35.684
Epoch [12/99] Step [10/214] Loss: 1.1129 Time: 35.859
Epoch [12/99] Step [20/214] Loss: 1.3273 Time: 35.986
Epoch [12/99] Step [30/214] Loss: 1.1955 Time: 36.112
Epoch [12/99] Step [40/214] Loss: 1.1422 Time: 36.239
Epoch [12/99] Step [50/214] Loss: 1.3228 Time: 36.365
Epoch [12/99] Step [60/214] Loss: 1.2216 Time: 36.492
Epoch [12/99] Step [70/214] Loss: 1.1464 Time: 36.618
Epoch [12/99] Step [80/214] Loss: 1.1875 Time: 36.745
Epoch [12/99] Step [90/214] Loss: 1.1446 Time: 36.872
Epoch [12/99] Step [100/214] Loss: 1.1455 Time: 36.998
Epoch [12/99] Step [110/214] Loss: 1.2744 Time: 37.124
Epoch [12/99] Step [120/214] Loss: 1.0696 Time: 37.251
Epoch [12/99] Step [130/214] Loss: 1.1998 Time: 37.377
Epoch [12/99] Step [140/214] Loss: 1.1044 Time: 37.504
Epoch [12/99] Step [150/214] Loss: 1.2911 Time: 37.63
Epoch [12/99] Step [160/214] Loss: 1.2343 Time: 37.756
Epoch [12/99] Step [170/214] Loss: 1.2971 Time: 37.883
Epoch [12/99] Step [180/214] Loss: 1.2185 Time: 38.009
Epoch [12/99] Step [190/214] Loss: 1.1372 Time: 38.135
Epoch [12/99] Step [200/214] Loss: 1.2605 Time: 38.262
Epoch [12/99] Step [210/214] Loss: 1.1669 Time: 38.388
Epoch [13/99] Step [10/214] Loss: 1.2232 Time: 38.564
Epoch [13/99] Step [20/214] Loss: 1.2376 Time: 38.69
Epoch [13/99] Step [30/214] Loss: 1.2853 Time: 38.817
Epoch [13/99] Step [40/214] Loss: 1.1591 Time: 38.944
Epoch [13/99] Step [50/214] Loss: 1.2743 Time: 39.071
Epoch [13/99] Step [60/214] Loss: 1.1263 Time: 39.197
Epoch [13/99] Step [70/214] Loss: 1.1427 Time: 39.324
Epoch [13/99] Step [80/214] Loss: 1.2884 Time: 39.45
Epoch [13/99] Step [90/214] Loss: 1.1955 Time: 39.577
Epoch [13/99] Step [100/214] Loss: 1.2941 Time: 39.704
Epoch [13/99] Step [110/214] Loss: 1.2274 Time: 39.83
Epoch [13/99] Step [120/214] Loss: 1.1338 Time: 39.957
Epoch [13/99] Step [130/214] Loss: 1.2724 Time: 40.083
Epoch [13/99] Step [140/214] Loss: 1.2533 Time: 40.21
Epoch [13/99] Step [150/214] Loss: 1.1862 Time: 40.337
Epoch [13/99] Step [160/214] Loss: 1.1861 Time: 40.463
Epoch [13/99] Step [170/214] Loss: 1.2002 Time: 40.59
Epoch [13/99] Step [180/214] Loss: 1.2315 Time: 40.716
Epoch [13/99] Step [190/214] Loss: 1.2073 Time: 40.843
Epoch [13/99] Step [200/214] Loss: 1.1570 Time: 40.969
Epoch [13/99] Step [210/214] Loss: 1.2462 Time: 41.096
Epoch [14/99] Step [10/214] Loss: 1.1302 Time: 41.271
Epoch [14/99] Step [20/214] Loss: 1.2368 Time: 41.398
Epoch [14/99] Step [30/214] Loss: 1.2985 Time: 41.524
Epoch [14/99] Step [40/214] Loss: 1.2158 Time: 41.651
Epoch [14/99] Step [50/214] Loss: 1.1334 Time: 41.778
Epoch [14/99] Step [60/214] Loss: 1.2316 Time: 41.904
Epoch [14/99] Step [70/214] Loss: 1.1894 Time: 42.031
Epoch [14/99] Step [80/214] Loss: 1.2106 Time: 42.157
Epoch [14/99] Step [90/214] Loss: 1.2587 Time: 42.284
Epoch [14/99] Step [100/214] Loss: 1.2109 Time: 42.41
Epoch [14/99] Step [110/214] Loss: 1.2105 Time: 42.537
Epoch [14/99] Step [120/214] Loss: 1.1680 Time: 42.663
Epoch [14/99] Step [130/214] Loss: 1.1431 Time: 42.79
Epoch [14/99] Step [140/214] Loss: 1.1228 Time: 42.917
Epoch [14/99] Step [150/214] Loss: 1.1817 Time: 43.043
Epoch [14/99] Step [160/214] Loss: 1.2325 Time: 43.17
Epoch [14/99] Step [170/214] Loss: 1.1450 Time: 43.296
Epoch [14/99] Step [180/214] Loss: 1.1783 Time: 43.423
Epoch [14/99] Step [190/214] Loss: 1.1479 Time: 43.55
Epoch [14/99] Step [200/214] Loss: 1.2160 Time: 43.676
Epoch [14/99] Step [210/214] Loss: 1.3063 Time: 43.803
Epoch [15/99] Step [10/214] Loss: 1.3846 Time: 43.978
Epoch [15/99] Step [20/214] Loss: 1.1695 Time: 44.104
Epoch [15/99] Step [30/214] Loss: 1.1446 Time: 44.231
Epoch [15/99] Step [40/214] Loss: 1.2181 Time: 44.357
Epoch [15/99] Step [50/214] Loss: 1.1006 Time: 44.484
Epoch [15/99] Step [60/214] Loss: 1.3125 Time: 44.611
Epoch [15/99] Step [70/214] Loss: 1.1657 Time: 44.737
Epoch [15/99] Step [80/214] Loss: 1.2222 Time: 44.864
Epoch [15/99] Step [90/214] Loss: 1.1760 Time: 44.99
Epoch [15/99] Step [100/214] Loss: 1.2589 Time: 45.117
Epoch [15/99] Step [110/214] Loss: 1.1566 Time: 45.244
Epoch [15/99] Step [120/214] Loss: 1.1664 Time: 45.37
Epoch [15/99] Step [130/214] Loss: 1.1299 Time: 45.496
Epoch [15/99] Step [140/214] Loss: 1.1928 Time: 45.622
Epoch [15/99] Step [150/214] Loss: 1.2353 Time: 45.749
Epoch [15/99] Step [160/214] Loss: 1.1527 Time: 45.875
Epoch [15/99] Step [170/214] Loss: 1.1938 Time: 46.002
Epoch [15/99] Step [180/214] Loss: 1.2835 Time: 46.128
Epoch [15/99] Step [190/214] Loss: 1.2450 Time: 46.254
Epoch [15/99] Step [200/214] Loss: 1.1852 Time: 46.381
Epoch [15/99] Step [210/214] Loss: 1.2418 Time: 46.507
Epoch [16/99] Step [10/214] Loss: 1.0248 Time: 46.682
Epoch [16/99] Step [20/214] Loss: 1.2148 Time: 46.809
Epoch [16/99] Step [30/214] Loss: 1.2682 Time: 46.936
Epoch [16/99] Step [40/214] Loss: 1.1714 Time: 47.062
Epoch [16/99] Step [50/214] Loss: 1.2008 Time: 47.188
Epoch [16/99] Step [60/214] Loss: 1.2753 Time: 47.315
Epoch [16/99] Step [70/214] Loss: 1.0985 Time: 47.442
Epoch [16/99] Step [80/214] Loss: 1.2996 Time: 47.569
Epoch [16/99] Step [90/214] Loss: 1.1966 Time: 47.695
Epoch [16/99] Step [100/214] Loss: 1.2577 Time: 47.821
Epoch [16/99] Step [110/214] Loss: 1.1703 Time: 47.948
Epoch [16/99] Step [120/214] Loss: 1.0866 Time: 48.074
Epoch [16/99] Step [130/214] Loss: 1.1985 Time: 48.201
Epoch [16/99] Step [140/214] Loss: 1.1691 Time: 48.328
Epoch [16/99] Step [150/214] Loss: 1.0726 Time: 48.454
Epoch [16/99] Step [160/214] Loss: 1.1790 Time: 48.581
Epoch [16/99] Step [170/214] Loss: 1.1356 Time: 48.707
Epoch [16/99] Step [180/214] Loss: 1.1904 Time: 48.833
Epoch [16/99] Step [190/214] Loss: 1.1722 Time: 48.96
Epoch [16/99] Step [200/214] Loss: 1.1817 Time: 49.087
Epoch [16/99] Step [210/214] Loss: 1.2120 Time: 49.213
Epoch [17/99] Step [10/214] Loss: 1.1669 Time: 49.389
Epoch [17/99] Step [20/214] Loss: 1.2361 Time: 49.516
Epoch [17/99] Step [30/214] Loss: 1.2397 Time: 49.642
Epoch [17/99] Step [40/214] Loss: 1.2072 Time: 49.768
Epoch [17/99] Step [50/214] Loss: 1.2093 Time: 49.894
Epoch [17/99] Step [60/214] Loss: 1.1213 Time: 50.021
Epoch [17/99] Step [70/214] Loss: 1.2476 Time: 50.147
Epoch [17/99] Step [80/214] Loss: 1.1197 Time: 50.274
Epoch [17/99] Step [90/214] Loss: 1.1494 Time: 50.4
Epoch [17/99] Step [100/214] Loss: 1.0814 Time: 50.527
Epoch [17/99] Step [110/214] Loss: 1.1190 Time: 50.653
Epoch [17/99] Step [120/214] Loss: 1.2236 Time: 50.78
Epoch [17/99] Step [130/214] Loss: 1.2813 Time: 50.907
Epoch [17/99] Step [140/214] Loss: 1.2701 Time: 51.033
Epoch [17/99] Step [150/214] Loss: 1.1385 Time: 51.159
Epoch [17/99] Step [160/214] Loss: 1.1508 Time: 51.286
Epoch [17/99] Step [170/214] Loss: 1.2956 Time: 51.412
Epoch [17/99] Step [180/214] Loss: 1.2257 Time: 51.539
Epoch [17/99] Step [190/214] Loss: 1.1809 Time: 51.665
Epoch [17/99] Step [200/214] Loss: 1.2986 Time: 51.791
Epoch [17/99] Step [210/214] Loss: 1.1909 Time: 51.918
Epoch [18/99] Step [10/214] Loss: 1.1498 Time: 52.093
Epoch [18/99] Step [20/214] Loss: 1.2425 Time: 52.22
Epoch [18/99] Step [30/214] Loss: 1.2334 Time: 52.347
Epoch [18/99] Step [40/214] Loss: 1.2080 Time: 52.473
Epoch [18/99] Step [50/214] Loss: 1.1702 Time: 52.6
Epoch [18/99] Step [60/214] Loss: 1.2053 Time: 52.726
Epoch [18/99] Step [70/214] Loss: 1.2295 Time: 52.852
Epoch [18/99] Step [80/214] Loss: 1.1821 Time: 52.979
Epoch [18/99] Step [90/214] Loss: 1.2258 Time: 53.105
Epoch [18/99] Step [100/214] Loss: 1.3948 Time: 53.231
Epoch [18/99] Step [110/214] Loss: 1.2097 Time: 53.358
Epoch [18/99] Step [120/214] Loss: 1.1570 Time: 53.484
Epoch [18/99] Step [130/214] Loss: 1.1830 Time: 53.611
Epoch [18/99] Step [140/214] Loss: 1.1567 Time: 53.738
Epoch [18/99] Step [150/214] Loss: 1.1609 Time: 53.864
Epoch [18/99] Step [160/214] Loss: 1.1858 Time: 53.99
Epoch [18/99] Step [170/214] Loss: 1.2682 Time: 54.117
Epoch [18/99] Step [180/214] Loss: 1.2860 Time: 54.243
Epoch [18/99] Step [190/214] Loss: 1.2746 Time: 54.37
Epoch [18/99] Step [200/214] Loss: 1.1638 Time: 54.496
Epoch [18/99] Step [210/214] Loss: 1.1582 Time: 54.627
Epoch [19/99] Step [10/214] Loss: 1.1559 Time: 54.802
Epoch [19/99] Step [20/214] Loss: 1.1850 Time: 54.928
Epoch [19/99] Step [30/214] Loss: 1.1897 Time: 55.054
Epoch [19/99] Step [40/214] Loss: 1.1201 Time: 55.181
Epoch [19/99] Step [50/214] Loss: 1.3247 Time: 55.308
Epoch [19/99] Step [60/214] Loss: 1.2025 Time: 55.434
Epoch [19/99] Step [70/214] Loss: 1.2414 Time: 55.561
Epoch [19/99] Step [80/214] Loss: 1.0814 Time: 55.687
Epoch [19/99] Step [90/214] Loss: 1.1887 Time: 55.813
Epoch [19/99] Step [100/214] Loss: 1.1441 Time: 55.94
Epoch [19/99] Step [110/214] Loss: 1.2589 Time: 56.066
Epoch [19/99] Step [120/214] Loss: 1.2044 Time: 56.192
Epoch [19/99] Step [130/214] Loss: 1.1532 Time: 56.319
Epoch [19/99] Step [140/214] Loss: 1.1066 Time: 56.446
Epoch [19/99] Step [150/214] Loss: 1.2742 Time: 56.572
Epoch [19/99] Step [160/214] Loss: 1.1510 Time: 56.699
Epoch [19/99] Step [170/214] Loss: 1.0692 Time: 56.825
Epoch [19/99] Step [180/214] Loss: 1.2121 Time: 56.951
Epoch [19/99] Step [190/214] Loss: 1.1889 Time: 57.077
Epoch [19/99] Step [200/214] Loss: 1.2349 Time: 57.204
Epoch [19/99] Step [210/214] Loss: 1.1297 Time: 57.33
Epoch [20/99] Step [10/214] Loss: 1.3316 Time: 57.505
Epoch [20/99] Step [20/214] Loss: 1.1664 Time: 57.631
Epoch [20/99] Step [30/214] Loss: 1.2578 Time: 57.758
Epoch [20/99] Step [40/214] Loss: 1.2311 Time: 57.884
Epoch [20/99] Step [50/214] Loss: 1.1550 Time: 58.01
Epoch [20/99] Step [60/214] Loss: 1.2579 Time: 58.137
Epoch [20/99] Step [70/214] Loss: 1.1924 Time: 58.263
Epoch [20/99] Step [80/214] Loss: 1.3698 Time: 58.39
Epoch [20/99] Step [90/214] Loss: 1.1773 Time: 58.516
Epoch [20/99] Step [100/214] Loss: 1.1219 Time: 58.643
Epoch [20/99] Step [110/214] Loss: 1.2925 Time: 58.769
Epoch [20/99] Step [120/214] Loss: 1.1944 Time: 58.896
Epoch [20/99] Step [130/214] Loss: 1.1203 Time: 59.022
Epoch [20/99] Step [140/214] Loss: 1.1526 Time: 59.148
Epoch [20/99] Step [150/214] Loss: 1.1558 Time: 59.275
Epoch [20/99] Step [160/214] Loss: 1.1760 Time: 59.401
Epoch [20/99] Step [170/214] Loss: 1.1462 Time: 59.528
Epoch [20/99] Step [180/214] Loss: 1.2352 Time: 59.654
Epoch [20/99] Step [190/214] Loss: 1.1409 Time: 59.78
Epoch [20/99] Step [200/214] Loss: 1.2357 Time: 59.907
Epoch [20/99] Step [210/214] Loss: 1.1607 Time: 60.033
Epoch [21/99] Step [10/214] Loss: 1.3781 Time: 60.209
Epoch [21/99] Step [20/214] Loss: 1.2141 Time: 60.335
Epoch [21/99] Step [30/214] Loss: 1.1705 Time: 60.461
Epoch [21/99] Step [40/214] Loss: 1.2078 Time: 60.588
Epoch [21/99] Step [50/214] Loss: 1.1123 Time: 60.714
Epoch [21/99] Step [60/214] Loss: 1.2203 Time: 60.841
Epoch [21/99] Step [70/214] Loss: 1.1560 Time: 60.967
Epoch [21/99] Step [80/214] Loss: 1.2280 Time: 61.094
Epoch [21/99] Step [90/214] Loss: 1.1745 Time: 61.22
Epoch [21/99] Step [100/214] Loss: 1.1892 Time: 61.346
Epoch [21/99] Step [110/214] Loss: 1.1540 Time: 61.473
Epoch [21/99] Step [120/214] Loss: 1.2219 Time: 61.599
Epoch [21/99] Step [130/214] Loss: 1.1230 Time: 61.726
Epoch [21/99] Step [140/214] Loss: 1.1287 Time: 61.853
Epoch [21/99] Step [150/214] Loss: 1.1957 Time: 61.979
Epoch [21/99] Step [160/214] Loss: 1.2158 Time: 62.105
Epoch [21/99] Step [170/214] Loss: 1.1814 Time: 62.232
Epoch [21/99] Step [180/214] Loss: 1.2122 Time: 62.358
Epoch [21/99] Step [190/214] Loss: 1.2387 Time: 62.484
Epoch [21/99] Step [200/214] Loss: 1.2783 Time: 62.61
Epoch [21/99] Step [210/214] Loss: 1.2487 Time: 62.737
Epoch [22/99] Step [10/214] Loss: 1.1983 Time: 62.912
Epoch [22/99] Step [20/214] Loss: 1.1572 Time: 63.038
Epoch [22/99] Step [30/214] Loss: 1.0853 Time: 63.164
Epoch [22/99] Step [40/214] Loss: 1.1689 Time: 63.291
Epoch [22/99] Step [50/214] Loss: 1.1314 Time: 63.417
Epoch [22/99] Step [60/214] Loss: 1.1821 Time: 63.543
Epoch [22/99] Step [70/214] Loss: 1.2365 Time: 63.67
Epoch [22/99] Step [80/214] Loss: 1.2501 Time: 63.796
Epoch [22/99] Step [90/214] Loss: 1.1083 Time: 63.922
Epoch [22/99] Step [100/214] Loss: 1.3022 Time: 64.048
Epoch [22/99] Step [110/214] Loss: 1.2365 Time: 64.175
Epoch [22/99] Step [120/214] Loss: 1.2199 Time: 64.301
Epoch [22/99] Step [130/214] Loss: 1.0937 Time: 64.428
Epoch [22/99] Step [140/214] Loss: 1.2047 Time: 64.555
Epoch [22/99] Step [150/214] Loss: 1.1613 Time: 64.682
Epoch [22/99] Step [160/214] Loss: 1.1817 Time: 64.808
Epoch [22/99] Step [170/214] Loss: 1.2148 Time: 64.934
Epoch [22/99] Step [180/214] Loss: 1.2411 Time: 65.06
Epoch [22/99] Step [190/214] Loss: 1.1134 Time: 65.187
Epoch [22/99] Step [200/214] Loss: 1.1212 Time: 65.313
Epoch [22/99] Step [210/214] Loss: 1.2272 Time: 65.439
Epoch [23/99] Step [10/214] Loss: 1.2565 Time: 65.614
Epoch [23/99] Step [20/214] Loss: 1.0599 Time: 65.741
Epoch [23/99] Step [30/214] Loss: 1.1350 Time: 65.867
Epoch [23/99] Step [40/214] Loss: 1.1466 Time: 65.994
Epoch [23/99] Step [50/214] Loss: 1.1482 Time: 66.12
Epoch [23/99] Step [60/214] Loss: 1.2051 Time: 66.246
Epoch [23/99] Step [70/214] Loss: 1.1820 Time: 66.373
Epoch [23/99] Step [80/214] Loss: 1.2276 Time: 66.5
Epoch [23/99] Step [90/214] Loss: 1.1846 Time: 66.626
Epoch [23/99] Step [100/214] Loss: 1.1993 Time: 66.752
Epoch [23/99] Step [110/214] Loss: 1.1895 Time: 66.879
Epoch [23/99] Step [120/214] Loss: 1.2020 Time: 67.005
Epoch [23/99] Step [130/214] Loss: 1.1888 Time: 67.131
Epoch [23/99] Step [140/214] Loss: 1.2055 Time: 67.258
Epoch [23/99] Step [150/214] Loss: 1.2114 Time: 67.385
Epoch [23/99] Step [160/214] Loss: 1.1459 Time: 67.511
Epoch [23/99] Step [170/214] Loss: 1.2320 Time: 67.637
Epoch [23/99] Step [180/214] Loss: 1.2246 Time: 67.764
Epoch [23/99] Step [190/214] Loss: 1.2106 Time: 67.89
Epoch [23/99] Step [200/214] Loss: 1.2878 Time: 68.016
Epoch [23/99] Step [210/214] Loss: 1.1513 Time: 68.143
Epoch [24/99] Step [10/214] Loss: 1.1302 Time: 68.318
Epoch [24/99] Step [20/214] Loss: 1.2187 Time: 68.444
Epoch [24/99] Step [30/214] Loss: 1.2885 Time: 68.57
Epoch [24/99] Step [40/214] Loss: 1.2073 Time: 68.696
Epoch [24/99] Step [50/214] Loss: 1.3442 Time: 68.822
Epoch [24/99] Step [60/214] Loss: 1.2492 Time: 68.948
Epoch [24/99] Step [70/214] Loss: 1.1877 Time: 69.075
Epoch [24/99] Step [80/214] Loss: 1.1588 Time: 69.201
Epoch [24/99] Step [90/214] Loss: 1.1635 Time: 69.327
Epoch [24/99] Step [100/214] Loss: 1.1670 Time: 69.453
Epoch [24/99] Step [110/214] Loss: 1.2061 Time: 69.58
Epoch [24/99] Step [120/214] Loss: 1.0404 Time: 69.706
Epoch [24/99] Step [130/214] Loss: 1.3159 Time: 69.832
Epoch [24/99] Step [140/214] Loss: 1.2498 Time: 69.959
Epoch [24/99] Step [150/214] Loss: 1.2080 Time: 70.085
Epoch [24/99] Step [160/214] Loss: 1.1449 Time: 70.211
Epoch [24/99] Step [170/214] Loss: 1.2447 Time: 70.337
Epoch [24/99] Step [180/214] Loss: 1.3013 Time: 70.464
Epoch [24/99] Step [190/214] Loss: 1.2209 Time: 70.591
Epoch [24/99] Step [200/214] Loss: 1.2657 Time: 70.717
Epoch [24/99] Step [210/214] Loss: 1.2402 Time: 70.844
Epoch [25/99] Step [10/214] Loss: 1.2810 Time: 71.019
Epoch [25/99] Step [20/214] Loss: 1.1936 Time: 71.145
Epoch [25/99] Step [30/214] Loss: 1.0888 Time: 71.271
Epoch [25/99] Step [40/214] Loss: 1.1155 Time: 71.398
Epoch [25/99] Step [50/214] Loss: 1.1102 Time: 71.524
Epoch [25/99] Step [60/214] Loss: 1.1630 Time: 71.651
Epoch [25/99] Step [70/214] Loss: 1.1941 Time: 71.777
Epoch [25/99] Step [80/214] Loss: 1.2310 Time: 71.903
Epoch [25/99] Step [90/214] Loss: 1.1358 Time: 72.029
Epoch [25/99] Step [100/214] Loss: 1.2128 Time: 72.156
Epoch [25/99] Step [110/214] Loss: 1.1384 Time: 72.283
Epoch [25/99] Step [120/214] Loss: 1.2258 Time: 72.409
Epoch [25/99] Step [130/214] Loss: 1.1683 Time: 72.536
Epoch [25/99] Step [140/214] Loss: 1.2363 Time: 72.662
Epoch [25/99] Step [150/214] Loss: 1.1942 Time: 72.789
Epoch [25/99] Step [160/214] Loss: 1.2355 Time: 72.915
Epoch [25/99] Step [170/214] Loss: 1.1531 Time: 73.041
Epoch [25/99] Step [180/214] Loss: 1.2331 Time: 73.168
Epoch [25/99] Step [190/214] Loss: 1.1620 Time: 73.294
Epoch [25/99] Step [200/214] Loss: 1.1435 Time: 73.421
Epoch [25/99] Step [210/214] Loss: 1.1889 Time: 73.548
Epoch [26/99] Step [10/214] Loss: 1.3172 Time: 73.722
Epoch [26/99] Step [20/214] Loss: 1.1846 Time: 73.848
Epoch [26/99] Step [30/214] Loss: 1.0961 Time: 73.975
Epoch [26/99] Step [40/214] Loss: 1.3118 Time: 74.101
Epoch [26/99] Step [50/214] Loss: 1.1975 Time: 74.228
Epoch [26/99] Step [60/214] Loss: 1.1607 Time: 74.354
Epoch [26/99] Step [70/214] Loss: 1.1785 Time: 74.481
Epoch [26/99] Step [80/214] Loss: 1.1478 Time: 74.607
Epoch [26/99] Step [90/214] Loss: 1.1631 Time: 74.734
Epoch [26/99] Step [100/214] Loss: 1.0998 Time: 74.86
Epoch [26/99] Step [110/214] Loss: 1.3171 Time: 74.987
Epoch [26/99] Step [120/214] Loss: 1.1941 Time: 75.113
Epoch [26/99] Step [130/214] Loss: 1.2370 Time: 75.239
Epoch [26/99] Step [140/214] Loss: 1.1331 Time: 75.366
Epoch [26/99] Step [150/214] Loss: 1.1479 Time: 75.492
Epoch [26/99] Step [160/214] Loss: 1.2386 Time: 75.619
Epoch [26/99] Step [170/214] Loss: 1.1620 Time: 75.745
Epoch [26/99] Step [180/214] Loss: 1.1964 Time: 75.871
Epoch [26/99] Step [190/214] Loss: 1.1681 Time: 75.997
Epoch [26/99] Step [200/214] Loss: 1.2703 Time: 76.123
Epoch [26/99] Step [210/214] Loss: 1.2091 Time: 76.249
Epoch [27/99] Step [10/214] Loss: 1.1462 Time: 76.424
Epoch [27/99] Step [20/214] Loss: 1.2844 Time: 76.551
Epoch [27/99] Step [30/214] Loss: 1.1935 Time: 76.677
Epoch [27/99] Step [40/214] Loss: 1.2598 Time: 76.804
Epoch [27/99] Step [50/214] Loss: 1.2199 Time: 76.93
Epoch [27/99] Step [60/214] Loss: 1.2841 Time: 77.057
Epoch [27/99] Step [70/214] Loss: 1.1865 Time: 77.183
Epoch [27/99] Step [80/214] Loss: 1.2138 Time: 77.309
Epoch [27/99] Step [90/214] Loss: 1.1893 Time: 77.435
Epoch [27/99] Step [100/214] Loss: 1.2275 Time: 77.562
Epoch [27/99] Step [110/214] Loss: 1.1271 Time: 77.688
Epoch [27/99] Step [120/214] Loss: 1.2080 Time: 77.814
Epoch [27/99] Step [130/214] Loss: 1.2666 Time: 77.94
Epoch [27/99] Step [140/214] Loss: 1.2964 Time: 78.067
Epoch [27/99] Step [150/214] Loss: 1.3659 Time: 78.193
Epoch [27/99] Step [160/214] Loss: 1.2165 Time: 78.319
Epoch [27/99] Step [170/214] Loss: 1.2706 Time: 78.446
Epoch [27/99] Step [180/214] Loss: 1.2783 Time: 78.572
Epoch [27/99] Step [190/214] Loss: 1.1407 Time: 78.698
Epoch [27/99] Step [200/214] Loss: 1.2521 Time: 78.825
Epoch [27/99] Step [210/214] Loss: 1.1396 Time: 78.951
Epoch [28/99] Step [10/214] Loss: 1.1721 Time: 79.126
Epoch [28/99] Step [20/214] Loss: 1.2423 Time: 79.252
Epoch [28/99] Step [30/214] Loss: 1.1853 Time: 79.378
Epoch [28/99] Step [40/214] Loss: 1.0855 Time: 79.504
Epoch [28/99] Step [50/214] Loss: 1.2514 Time: 79.631
Epoch [28/99] Step [60/214] Loss: 1.2453 Time: 79.757
Epoch [28/99] Step [70/214] Loss: 1.2006 Time: 79.883
Epoch [28/99] Step [80/214] Loss: 1.2233 Time: 80.009
Epoch [28/99] Step [90/214] Loss: 1.1897 Time: 80.135
Epoch [28/99] Step [100/214] Loss: 1.1998 Time: 80.261
Epoch [28/99] Step [110/214] Loss: 1.1993 Time: 80.388
Epoch [28/99] Step [120/214] Loss: 1.1472 Time: 80.514
Epoch [28/99] Step [130/214] Loss: 1.3107 Time: 80.64
Epoch [28/99] Step [140/214] Loss: 1.1769 Time: 80.766
Epoch [28/99] Step [150/214] Loss: 1.1402 Time: 80.892
Epoch [28/99] Step [160/214] Loss: 1.1403 Time: 81.019
Epoch [28/99] Step [170/214] Loss: 1.2515 Time: 81.145
Epoch [28/99] Step [180/214] Loss: 1.1641 Time: 81.272
Epoch [28/99] Step [190/214] Loss: 1.3589 Time: 81.398
Epoch [28/99] Step [200/214] Loss: 1.1478 Time: 81.524
Epoch [28/99] Step [210/214] Loss: 1.3140 Time: 81.65
Epoch [29/99] Step [10/214] Loss: 1.1517 Time: 81.826
Epoch [29/99] Step [20/214] Loss: 1.1604 Time: 81.952
Epoch [29/99] Step [30/214] Loss: 1.1543 Time: 82.079
Epoch [29/99] Step [40/214] Loss: 1.2276 Time: 82.205
Epoch [29/99] Step [50/214] Loss: 1.3266 Time: 82.332
Epoch [29/99] Step [60/214] Loss: 1.2675 Time: 82.458
Epoch [29/99] Step [70/214] Loss: 1.1564 Time: 82.585
Epoch [29/99] Step [80/214] Loss: 1.1984 Time: 82.711
Epoch [29/99] Step [90/214] Loss: 1.1381 Time: 82.838
Epoch [29/99] Step [100/214] Loss: 1.1768 Time: 82.964
Epoch [29/99] Step [110/214] Loss: 1.2138 Time: 83.091
Epoch [29/99] Step [120/214] Loss: 1.2012 Time: 83.218
Epoch [29/99] Step [130/214] Loss: 1.1487 Time: 83.344
Epoch [29/99] Step [140/214] Loss: 1.2968 Time: 83.471
Epoch [29/99] Step [150/214] Loss: 1.2196 Time: 83.597
Epoch [29/99] Step [160/214] Loss: 1.1759 Time: 83.723
Epoch [29/99] Step [170/214] Loss: 1.0559 Time: 83.85
Epoch [29/99] Step [180/214] Loss: 1.1432 Time: 83.976
Epoch [29/99] Step [190/214] Loss: 1.1581 Time: 84.102
Epoch [29/99] Step [200/214] Loss: 1.2542 Time: 84.229
Epoch [29/99] Step [210/214] Loss: 1.1755 Time: 84.356
Epoch [30/99] Step [10/214] Loss: 1.1992 Time: 84.532
Epoch [30/99] Step [20/214] Loss: 1.2277 Time: 84.664
Epoch [30/99] Step [30/214] Loss: 1.2182 Time: 84.791
Epoch [30/99] Step [40/214] Loss: 1.2035 Time: 84.918
Epoch [30/99] Step [50/214] Loss: 1.0825 Time: 85.045
Epoch [30/99] Step [60/214] Loss: 1.1389 Time: 85.172
Epoch [30/99] Step [70/214] Loss: 1.3049 Time: 85.299
Epoch [30/99] Step [80/214] Loss: 1.3283 Time: 85.426
Epoch [30/99] Step [90/214] Loss: 1.1048 Time: 85.553
Epoch [30/99] Step [100/214] Loss: 1.1076 Time: 85.679
Epoch [30/99] Step [110/214] Loss: 1.3078 Time: 85.806
Epoch [30/99] Step [120/214] Loss: 1.2575 Time: 85.933
Epoch [30/99] Step [130/214] Loss: 1.2766 Time: 86.06
Epoch [30/99] Step [140/214] Loss: 1.2650 Time: 86.186
Epoch [30/99] Step [150/214] Loss: 1.2343 Time: 86.313
Epoch [30/99] Step [160/214] Loss: 1.1272 Time: 86.44
Epoch [30/99] Step [170/214] Loss: 1.2643 Time: 86.567
Epoch [30/99] Step [180/214] Loss: 1.2050 Time: 86.694
Epoch [30/99] Step [190/214] Loss: 1.2192 Time: 86.821
Epoch [30/99] Step [200/214] Loss: 1.1362 Time: 86.948
Epoch [30/99] Step [210/214] Loss: 1.2304 Time: 87.075
Epoch [31/99] Step [10/214] Loss: 1.1619 Time: 87.251
Epoch [31/99] Step [20/214] Loss: 1.3029 Time: 87.378
Epoch [31/99] Step [30/214] Loss: 1.2350 Time: 87.505
Epoch [31/99] Step [40/214] Loss: 1.1529 Time: 87.631
Epoch [31/99] Step [50/214] Loss: 1.2549 Time: 87.758
Epoch [31/99] Step [60/214] Loss: 1.3080 Time: 87.885
Epoch [31/99] Step [70/214] Loss: 1.3851 Time: 88.012
Epoch [31/99] Step [80/214] Loss: 1.1387 Time: 88.139
Epoch [31/99] Step [90/214] Loss: 1.2260 Time: 88.265
Epoch [31/99] Step [100/214] Loss: 1.1316 Time: 88.392
Epoch [31/99] Step [110/214] Loss: 1.1067 Time: 88.519
Epoch [31/99] Step [120/214] Loss: 1.1781 Time: 88.646
Epoch [31/99] Step [130/214] Loss: 1.2099 Time: 88.773
Epoch [31/99] Step [140/214] Loss: 1.2665 Time: 88.9
Epoch [31/99] Step [150/214] Loss: 1.2464 Time: 89.027
Epoch [31/99] Step [160/214] Loss: 1.1548 Time: 89.154
Epoch [31/99] Step [170/214] Loss: 1.1838 Time: 89.281
Epoch [31/99] Step [180/214] Loss: 1.1929 Time: 89.408
Epoch [31/99] Step [190/214] Loss: 1.2150 Time: 89.534
Epoch [31/99] Step [200/214] Loss: 1.2459 Time: 89.661
Epoch [31/99] Step [210/214] Loss: 1.1790 Time: 89.788
Epoch [32/99] Step [10/214] Loss: 1.1627 Time: 89.964
Epoch [32/99] Step [20/214] Loss: 1.1157 Time: 90.091
Epoch [32/99] Step [30/214] Loss: 1.2316 Time: 90.218
Epoch [32/99] Step [40/214] Loss: 1.1737 Time: 90.345
Epoch [32/99] Step [50/214] Loss: 1.2866 Time: 90.472
Epoch [32/99] Step [60/214] Loss: 1.0721 Time: 90.599
Epoch [32/99] Step [70/214] Loss: 1.3270 Time: 90.726
Epoch [32/99] Step [80/214] Loss: 1.2016 Time: 90.853
Epoch [32/99] Step [90/214] Loss: 1.3105 Time: 90.98
Epoch [32/99] Step [100/214] Loss: 1.2204 Time: 91.107
Epoch [32/99] Step [110/214] Loss: 1.1186 Time: 91.234
Epoch [32/99] Step [120/214] Loss: 1.2324 Time: 91.361
Epoch [32/99] Step [130/214] Loss: 1.2222 Time: 91.488
Epoch [32/99] Step [140/214] Loss: 1.1250 Time: 91.614
Epoch [32/99] Step [150/214] Loss: 1.2747 Time: 91.741
Epoch [32/99] Step [160/214] Loss: 1.1271 Time: 91.868
Epoch [32/99] Step [170/214] Loss: 1.2702 Time: 91.995
Epoch [32/99] Step [180/214] Loss: 1.1578 Time: 92.122
Epoch [32/99] Step [190/214] Loss: 1.1951 Time: 92.249
Epoch [32/99] Step [200/214] Loss: 1.1975 Time: 92.376
Epoch [32/99] Step [210/214] Loss: 1.3523 Time: 92.503
Epoch [33/99] Step [10/214] Loss: 1.1669 Time: 92.678
Epoch [33/99] Step [20/214] Loss: 1.2044 Time: 92.805
Epoch [33/99] Step [30/214] Loss: 1.1662 Time: 92.932
Epoch [33/99] Step [40/214] Loss: 1.3138 Time: 93.059
Epoch [33/99] Step [50/214] Loss: 1.1863 Time: 93.186
Epoch [33/99] Step [60/214] Loss: 1.2387 Time: 93.313
Epoch [33/99] Step [70/214] Loss: 1.2199 Time: 93.44
Epoch [33/99] Step [80/214] Loss: 1.2810 Time: 93.567
Epoch [33/99] Step [90/214] Loss: 1.2411 Time: 93.694
Epoch [33/99] Step [100/214] Loss: 1.2580 Time: 93.821
Epoch [33/99] Step [110/214] Loss: 1.2323 Time: 93.948
Epoch [33/99] Step [120/214] Loss: 1.2284 Time: 94.075
Epoch [33/99] Step [130/214] Loss: 1.3172 Time: 94.202
Epoch [33/99] Step [140/214] Loss: 1.1261 Time: 94.329
Epoch [33/99] Step [150/214] Loss: 1.1876 Time: 94.455
Epoch [33/99] Step [160/214] Loss: 1.1854 Time: 94.582
Epoch [33/99] Step [170/214] Loss: 1.2386 Time: 94.709
Epoch [33/99] Step [180/214] Loss: 1.2379 Time: 94.836
Epoch [33/99] Step [190/214] Loss: 1.1442 Time: 94.963
Epoch [33/99] Step [200/214] Loss: 1.1859 Time: 95.09
Epoch [33/99] Step [210/214] Loss: 1.2220 Time: 95.217
Epoch [34/99] Step [10/214] Loss: 1.2511 Time: 95.393
Epoch [34/99] Step [20/214] Loss: 1.2031 Time: 95.519
Epoch [34/99] Step [30/214] Loss: 1.2358 Time: 95.647
Epoch [34/99] Step [40/214] Loss: 1.1289 Time: 95.773
Epoch [34/99] Step [50/214] Loss: 1.2578 Time: 95.9
Epoch [34/99] Step [60/214] Loss: 1.1466 Time: 96.027
Epoch [34/99] Step [70/214] Loss: 1.1791 Time: 96.154
Epoch [34/99] Step [80/214] Loss: 1.1470 Time: 96.281
Epoch [34/99] Step [90/214] Loss: 1.1477 Time: 96.408
Epoch [34/99] Step [100/214] Loss: 1.2981 Time: 96.535
Epoch [34/99] Step [110/214] Loss: 1.2283 Time: 96.662
Epoch [34/99] Step [120/214] Loss: 1.2279 Time: 96.789
Epoch [34/99] Step [130/214] Loss: 1.2879 Time: 96.916
Epoch [34/99] Step [140/214] Loss: 1.1914 Time: 97.042
Epoch [34/99] Step [150/214] Loss: 1.2311 Time: 97.169
Epoch [34/99] Step [160/214] Loss: 1.3000 Time: 97.296
Epoch [34/99] Step [170/214] Loss: 1.1723 Time: 97.423
Epoch [34/99] Step [180/214] Loss: 1.2412 Time: 97.55
Epoch [34/99] Step [190/214] Loss: 1.2612 Time: 97.677
Epoch [34/99] Step [200/214] Loss: 1.2718 Time: 97.804
Epoch [34/99] Step [210/214] Loss: 1.1660 Time: 97.931
Epoch [35/99] Step [10/214] Loss: 1.2876 Time: 98.107
Epoch [35/99] Step [20/214] Loss: 1.2325 Time: 98.234
Epoch [35/99] Step [30/214] Loss: 1.1169 Time: 98.361
Epoch [35/99] Step [40/214] Loss: 1.1296 Time: 98.488
Epoch [35/99] Step [50/214] Loss: 1.2029 Time: 98.615
Epoch [35/99] Step [60/214] Loss: 1.1101 Time: 98.742
Epoch [35/99] Step [70/214] Loss: 1.2231 Time: 98.869
Epoch [35/99] Step [80/214] Loss: 1.1754 Time: 98.996
Epoch [35/99] Step [90/214] Loss: 1.2033 Time: 99.123
Epoch [35/99] Step [100/214] Loss: 1.2399 Time: 99.25
Epoch [35/99] Step [110/214] Loss: 1.1751 Time: 99.377
Epoch [35/99] Step [120/214] Loss: 1.2438 Time: 99.504
Epoch [35/99] Step [130/214] Loss: 1.1055 Time: 99.631
Epoch [35/99] Step [140/214] Loss: 1.2619 Time: 99.758
Epoch [35/99] Step [150/214] Loss: 1.1900 Time: 99.885
Epoch [35/99] Step [160/214] Loss: 1.1254 Time: 100.012
Epoch [35/99] Step [170/214] Loss: 1.2622 Time: 100.139
Epoch [35/99] Step [180/214] Loss: 1.1412 Time: 100.266
Epoch [35/99] Step [190/214] Loss: 1.1886 Time: 100.393
Epoch [35/99] Step [200/214] Loss: 1.2304 Time: 100.52
Epoch [35/99] Step [210/214] Loss: 1.1641 Time: 100.647
Epoch [36/99] Step [10/214] Loss: 1.1726 Time: 100.823
Epoch [36/99] Step [20/214] Loss: 1.2093 Time: 100.95
Epoch [36/99] Step [30/214] Loss: 1.1918 Time: 101.077
Epoch [36/99] Step [40/214] Loss: 1.2122 Time: 101.204
Epoch [36/99] Step [50/214] Loss: 1.2515 Time: 101.331
Epoch [36/99] Step [60/214] Loss: 1.1400 Time: 101.458
Epoch [36/99] Step [70/214] Loss: 1.2028 Time: 101.585
Epoch [36/99] Step [80/214] Loss: 1.2379 Time: 101.712
Epoch [36/99] Step [90/214] Loss: 1.1601 Time: 101.839
Epoch [36/99] Step [100/214] Loss: 1.1594 Time: 101.966
Epoch [36/99] Step [110/214] Loss: 1.3089 Time: 102.093
Epoch [36/99] Step [120/214] Loss: 1.1590 Time: 102.219
Epoch [36/99] Step [130/214] Loss: 1.2095 Time: 102.346
Epoch [36/99] Step [140/214] Loss: 1.2709 Time: 102.473
Epoch [36/99] Step [150/214] Loss: 1.1884 Time: 102.6
Epoch [36/99] Step [160/214] Loss: 1.1804 Time: 102.727
Epoch [36/99] Step [170/214] Loss: 1.1306 Time: 102.854
Epoch [36/99] Step [180/214] Loss: 1.2426 Time: 102.98
Epoch [36/99] Step [190/214] Loss: 1.1392 Time: 103.107
Epoch [36/99] Step [200/214] Loss: 1.0417 Time: 103.234
Epoch [36/99] Step [210/214] Loss: 1.2367 Time: 103.361
Epoch [37/99] Step [10/214] Loss: 1.2308 Time: 103.537
Epoch [37/99] Step [20/214] Loss: 1.1883 Time: 103.663
Epoch [37/99] Step [30/214] Loss: 1.1575 Time: 103.79
Epoch [37/99] Step [40/214] Loss: 1.2001 Time: 103.917
Epoch [37/99] Step [50/214] Loss: 1.2320 Time: 104.044
Epoch [37/99] Step [60/214] Loss: 1.2075 Time: 104.171
Epoch [37/99] Step [70/214] Loss: 1.1952 Time: 104.298
Epoch [37/99] Step [80/214] Loss: 1.0830 Time: 104.425
Epoch [37/99] Step [90/214] Loss: 1.2191 Time: 104.552
Epoch [37/99] Step [100/214] Loss: 1.1397 Time: 104.678
Epoch [37/99] Step [110/214] Loss: 1.3020 Time: 104.805
Epoch [37/99] Step [120/214] Loss: 1.2208 Time: 104.933
Epoch [37/99] Step [130/214] Loss: 1.2620 Time: 105.06
Epoch [37/99] Step [140/214] Loss: 1.2502 Time: 105.187
Epoch [37/99] Step [150/214] Loss: 1.2494 Time: 105.313
Epoch [37/99] Step [160/214] Loss: 1.1948 Time: 105.441
Epoch [37/99] Step [170/214] Loss: 1.1690 Time: 105.568
Epoch [37/99] Step [180/214] Loss: 1.2895 Time: 105.695
Epoch [37/99] Step [190/214] Loss: 1.1507 Time: 105.822
Epoch [37/99] Step [200/214] Loss: 1.1394 Time: 105.948
Epoch [37/99] Step [210/214] Loss: 1.3048 Time: 106.075
Epoch [38/99] Step [10/214] Loss: 1.2634 Time: 106.252
Epoch [38/99] Step [20/214] Loss: 1.1162 Time: 106.378
Epoch [38/99] Step [30/214] Loss: 1.1707 Time: 106.505
Epoch [38/99] Step [40/214] Loss: 1.1473 Time: 106.632
Epoch [38/99] Step [50/214] Loss: 1.1512 Time: 106.758
Epoch [38/99] Step [60/214] Loss: 1.1456 Time: 106.885
Epoch [38/99] Step [70/214] Loss: 1.2636 Time: 107.012
Epoch [38/99] Step [80/214] Loss: 1.1407 Time: 107.139
Epoch [38/99] Step [90/214] Loss: 1.1365 Time: 107.266
Epoch [38/99] Step [100/214] Loss: 1.1904 Time: 107.393
Epoch [38/99] Step [110/214] Loss: 1.1548 Time: 107.52
Epoch [38/99] Step [120/214] Loss: 1.1383 Time: 107.647
Epoch [38/99] Step [130/214] Loss: 1.2767 Time: 107.774
Epoch [38/99] Step [140/214] Loss: 1.1992 Time: 107.901
Epoch [38/99] Step [150/214] Loss: 1.2065 Time: 108.028
Epoch [38/99] Step [160/214] Loss: 1.1041 Time: 108.154
Epoch [38/99] Step [170/214] Loss: 1.2021 Time: 108.281
Epoch [38/99] Step [180/214] Loss: 1.1752 Time: 108.408
Epoch [38/99] Step [190/214] Loss: 1.2346 Time: 108.535
Epoch [38/99] Step [200/214] Loss: 1.2286 Time: 108.662
Epoch [38/99] Step [210/214] Loss: 1.1457 Time: 108.789
Epoch [39/99] Step [10/214] Loss: 1.0687 Time: 108.965
Epoch [39/99] Step [20/214] Loss: 1.1714 Time: 109.092
Epoch [39/99] Step [30/214] Loss: 1.2054 Time: 109.219
Epoch [39/99] Step [40/214] Loss: 1.1970 Time: 109.346
Epoch [39/99] Step [50/214] Loss: 1.2091 Time: 109.473
Epoch [39/99] Step [60/214] Loss: 1.2734 Time: 109.6
Epoch [39/99] Step [70/214] Loss: 1.1662 Time: 109.727
Epoch [39/99] Step [80/214] Loss: 1.2921 Time: 109.853
Epoch [39/99] Step [90/214] Loss: 1.1682 Time: 109.981
Epoch [39/99] Step [100/214] Loss: 1.1833 Time: 110.108
Epoch [39/99] Step [110/214] Loss: 1.3026 Time: 110.235
Epoch [39/99] Step [120/214] Loss: 1.2133 Time: 110.362
Epoch [39/99] Step [130/214] Loss: 1.2772 Time: 110.489
Epoch [39/99] Step [140/214] Loss: 1.1917 Time: 110.616
Epoch [39/99] Step [150/214] Loss: 1.2340 Time: 110.743
Epoch [39/99] Step [160/214] Loss: 1.1925 Time: 110.87
Epoch [39/99] Step [170/214] Loss: 1.2633 Time: 110.997
Epoch [39/99] Step [180/214] Loss: 1.1500 Time: 111.124
Epoch [39/99] Step [190/214] Loss: 1.1946 Time: 111.251
Epoch [39/99] Step [200/214] Loss: 1.1694 Time: 111.378
Epoch [39/99] Step [210/214] Loss: 1.1241 Time: 111.505
Epoch [40/99] Step [10/214] Loss: 1.1944 Time: 111.68
Epoch [40/99] Step [20/214] Loss: 1.1231 Time: 111.808
Epoch [40/99] Step [30/214] Loss: 1.1525 Time: 111.935
Epoch [40/99] Step [40/214] Loss: 1.2125 Time: 112.061
Epoch [40/99] Step [50/214] Loss: 1.1410 Time: 112.188
Epoch [40/99] Step [60/214] Loss: 1.2681 Time: 112.315
Epoch [40/99] Step [70/214] Loss: 1.2326 Time: 112.442
Epoch [40/99] Step [80/214] Loss: 1.1617 Time: 112.569
Epoch [40/99] Step [90/214] Loss: 1.1570 Time: 112.697
Epoch [40/99] Step [100/214] Loss: 1.1872 Time: 112.824
Epoch [40/99] Step [110/214] Loss: 1.2054 Time: 112.951
Epoch [40/99] Step [120/214] Loss: 1.2682 Time: 113.078
Epoch [40/99] Step [130/214] Loss: 1.1626 Time: 113.205
Epoch [40/99] Step [140/214] Loss: 1.2043 Time: 113.332
Epoch [40/99] Step [150/214] Loss: 1.1931 Time: 113.459
Epoch [40/99] Step [160/214] Loss: 1.2780 Time: 113.585
Epoch [40/99] Step [170/214] Loss: 1.0941 Time: 113.713
Epoch [40/99] Step [180/214] Loss: 1.2497 Time: 113.839
Epoch [40/99] Step [190/214] Loss: 1.1398 Time: 113.966
Epoch [40/99] Step [200/214] Loss: 1.1815 Time: 114.093
Epoch [40/99] Step [210/214] Loss: 1.2090 Time: 114.22
Epoch [41/99] Step [10/214] Loss: 1.2365 Time: 114.396
Epoch [41/99] Step [20/214] Loss: 1.2339 Time: 114.523
Epoch [41/99] Step [30/214] Loss: 1.2390 Time: 114.652
Epoch [41/99] Step [40/214] Loss: 1.1332 Time: 114.779
Epoch [41/99] Step [50/214] Loss: 1.2580 Time: 114.906
Epoch [41/99] Step [60/214] Loss: 1.0731 Time: 115.033
Epoch [41/99] Step [70/214] Loss: 1.0892 Time: 115.16
Epoch [41/99] Step [80/214] Loss: 1.1102 Time: 115.287
Epoch [41/99] Step [90/214] Loss: 1.1899 Time: 115.414
Epoch [41/99] Step [100/214] Loss: 1.1704 Time: 115.541
Epoch [41/99] Step [110/214] Loss: 1.2857 Time: 115.668
Epoch [41/99] Step [120/214] Loss: 1.2343 Time: 115.795
Epoch [41/99] Step [130/214] Loss: 1.1928 Time: 115.922
Epoch [41/99] Step [140/214] Loss: 1.1839 Time: 116.049
Epoch [41/99] Step [150/214] Loss: 1.3062 Time: 116.176
Epoch [41/99] Step [160/214] Loss: 1.1688 Time: 116.303
Epoch [41/99] Step [170/214] Loss: 1.1741 Time: 116.43
Epoch [41/99] Step [180/214] Loss: 1.2350 Time: 116.557
Epoch [41/99] Step [190/214] Loss: 1.1961 Time: 116.684
Epoch [41/99] Step [200/214] Loss: 1.1483 Time: 116.81
Epoch [41/99] Step [210/214] Loss: 1.1635 Time: 116.937
Epoch [42/99] Step [10/214] Loss: 1.2371 Time: 117.113
Epoch [42/99] Step [20/214] Loss: 1.1708 Time: 117.24
Epoch [42/99] Step [30/214] Loss: 1.1776 Time: 117.367
Epoch [42/99] Step [40/214] Loss: 1.1651 Time: 117.494
Epoch [42/99] Step [50/214] Loss: 1.1239 Time: 117.621
Epoch [42/99] Step [60/214] Loss: 1.1779 Time: 117.748
Epoch [42/99] Step [70/214] Loss: 1.2755 Time: 117.875
Epoch [42/99] Step [80/214] Loss: 1.1191 Time: 118.001
Epoch [42/99] Step [90/214] Loss: 1.1344 Time: 118.128
Epoch [42/99] Step [100/214] Loss: 1.1462 Time: 118.255
Epoch [42/99] Step [110/214] Loss: 1.1611 Time: 118.382
Epoch [42/99] Step [120/214] Loss: 1.1665 Time: 118.509
Epoch [42/99] Step [130/214] Loss: 1.1873 Time: 118.636
Epoch [42/99] Step [140/214] Loss: 1.2617 Time: 118.762
Epoch [42/99] Step [150/214] Loss: 1.2424 Time: 118.889
Epoch [42/99] Step [160/214] Loss: 1.2685 Time: 119.016
Epoch [42/99] Step [170/214] Loss: 1.1519 Time: 119.144
Epoch [42/99] Step [180/214] Loss: 1.2093 Time: 119.271
Epoch [42/99] Step [190/214] Loss: 1.1400 Time: 119.398
Epoch [42/99] Step [200/214] Loss: 1.2241 Time: 119.524
Epoch [42/99] Step [210/214] Loss: 1.2165 Time: 119.651
Epoch [43/99] Step [10/214] Loss: 1.1886 Time: 119.827
Epoch [43/99] Step [20/214] Loss: 1.2035 Time: 119.955
Epoch [43/99] Step [30/214] Loss: 1.3116 Time: 120.081
Epoch [43/99] Step [40/214] Loss: 1.1901 Time: 120.208
Epoch [43/99] Step [50/214] Loss: 1.2179 Time: 120.335
Epoch [43/99] Step [60/214] Loss: 1.2542 Time: 120.462
Epoch [43/99] Step [70/214] Loss: 1.2284 Time: 120.589
Epoch [43/99] Step [80/214] Loss: 1.2550 Time: 120.716
Epoch [43/99] Step [90/214] Loss: 1.1252 Time: 120.843
Epoch [43/99] Step [100/214] Loss: 1.1721 Time: 120.97
Epoch [43/99] Step [110/214] Loss: 1.1978 Time: 121.097
Epoch [43/99] Step [120/214] Loss: 1.2409 Time: 121.224
Epoch [43/99] Step [130/214] Loss: 1.2706 Time: 121.351
Epoch [43/99] Step [140/214] Loss: 1.1621 Time: 121.478
Epoch [43/99] Step [150/214] Loss: 1.3147 Time: 121.605
Epoch [43/99] Step [160/214] Loss: 1.1810 Time: 121.732
Epoch [43/99] Step [170/214] Loss: 1.2010 Time: 121.859
Epoch [43/99] Step [180/214] Loss: 1.2722 Time: 121.986
Epoch [43/99] Step [190/214] Loss: 1.3256 Time: 122.113
Epoch [43/99] Step [200/214] Loss: 1.2005 Time: 122.24
Epoch [43/99] Step [210/214] Loss: 1.2605 Time: 122.367
Epoch [44/99] Step [10/214] Loss: 1.2614 Time: 122.542
Epoch [44/99] Step [20/214] Loss: 1.2744 Time: 122.669
Epoch [44/99] Step [30/214] Loss: 1.1353 Time: 122.796
Epoch [44/99] Step [40/214] Loss: 1.1175 Time: 122.923
Epoch [44/99] Step [50/214] Loss: 1.2486 Time: 123.05
Epoch [44/99] Step [60/214] Loss: 1.1626 Time: 123.177
Epoch [44/99] Step [70/214] Loss: 1.2419 Time: 123.304
Epoch [44/99] Step [80/214] Loss: 1.2392 Time: 123.431
Epoch [44/99] Step [90/214] Loss: 1.1737 Time: 123.558
Epoch [44/99] Step [100/214] Loss: 1.1326 Time: 123.685
Epoch [44/99] Step [110/214] Loss: 1.1597 Time: 123.812
Epoch [44/99] Step [120/214] Loss: 1.2460 Time: 123.939
Epoch [44/99] Step [130/214] Loss: 1.1699 Time: 124.066
Epoch [44/99] Step [140/214] Loss: 1.1848 Time: 124.193
Epoch [44/99] Step [150/214] Loss: 1.2034 Time: 124.32
Epoch [44/99] Step [160/214] Loss: 1.2376 Time: 124.446
Epoch [44/99] Step [170/214] Loss: 1.0759 Time: 124.573
Epoch [44/99] Step [180/214] Loss: 1.0876 Time: 124.7
Epoch [44/99] Step [190/214] Loss: 1.0829 Time: 124.828
Epoch [44/99] Step [200/214] Loss: 1.1700 Time: 124.955
Epoch [44/99] Step [210/214] Loss: 1.2412 Time: 125.082
Epoch [45/99] Step [10/214] Loss: 1.1898 Time: 125.258
Epoch [45/99] Step [20/214] Loss: 1.2223 Time: 125.384
Epoch [45/99] Step [30/214] Loss: 1.2436 Time: 125.511
Epoch [45/99] Step [40/214] Loss: 1.1828 Time: 125.638
Epoch [45/99] Step [50/214] Loss: 1.1319 Time: 125.766
Epoch [45/99] Step [60/214] Loss: 1.1614 Time: 125.892
Epoch [45/99] Step [70/214] Loss: 1.2029 Time: 126.019
Epoch [45/99] Step [80/214] Loss: 1.2875 Time: 126.146
Epoch [45/99] Step [90/214] Loss: 1.2585 Time: 126.273
Epoch [45/99] Step [100/214] Loss: 1.1943 Time: 126.4
Epoch [45/99] Step [110/214] Loss: 1.1637 Time: 126.528
Epoch [45/99] Step [120/214] Loss: 1.2294 Time: 126.654
Epoch [45/99] Step [130/214] Loss: 1.2087 Time: 126.781
Epoch [45/99] Step [140/214] Loss: 1.1065 Time: 126.908
Epoch [45/99] Step [150/214] Loss: 1.1092 Time: 127.035
Epoch [45/99] Step [160/214] Loss: 1.2679 Time: 127.162
Epoch [45/99] Step [170/214] Loss: 1.1437 Time: 127.289
Epoch [45/99] Step [180/214] Loss: 1.2173 Time: 127.416
Epoch [45/99] Step [190/214] Loss: 1.2452 Time: 127.543
Epoch [45/99] Step [200/214] Loss: 1.3335 Time: 127.67
Epoch [45/99] Step [210/214] Loss: 1.2337 Time: 127.797
Epoch [46/99] Step [10/214] Loss: 1.2097 Time: 127.973
Epoch [46/99] Step [20/214] Loss: 1.2414 Time: 128.1
Epoch [46/99] Step [30/214] Loss: 1.1474 Time: 128.227
Epoch [46/99] Step [40/214] Loss: 1.1867 Time: 128.354
Epoch [46/99] Step [50/214] Loss: 1.2660 Time: 128.481
Epoch [46/99] Step [60/214] Loss: 1.2708 Time: 128.608
Epoch [46/99] Step [70/214] Loss: 1.2759 Time: 128.734
Epoch [46/99] Step [80/214] Loss: 1.1661 Time: 128.861
Epoch [46/99] Step [90/214] Loss: 1.1433 Time: 128.988
Epoch [46/99] Step [100/214] Loss: 1.2965 Time: 129.116
Epoch [46/99] Step [110/214] Loss: 1.1555 Time: 129.242
Epoch [46/99] Step [120/214] Loss: 1.2696 Time: 129.369
Epoch [46/99] Step [130/214] Loss: 1.1590 Time: 129.496
Epoch [46/99] Step [140/214] Loss: 1.1325 Time: 129.623
Epoch [46/99] Step [150/214] Loss: 1.2305 Time: 129.75
Epoch [46/99] Step [160/214] Loss: 1.1937 Time: 129.877
Epoch [46/99] Step [170/214] Loss: 1.1803 Time: 130.004
Epoch [46/99] Step [180/214] Loss: 1.2663 Time: 130.131
Epoch [46/99] Step [190/214] Loss: 1.1864 Time: 130.258
Epoch [46/99] Step [200/214] Loss: 1.1534 Time: 130.385
Epoch [46/99] Step [210/214] Loss: 1.1902 Time: 130.512
Epoch [47/99] Step [10/214] Loss: 1.1431 Time: 130.688
Epoch [47/99] Step [20/214] Loss: 1.1151 Time: 130.815
Epoch [47/99] Step [30/214] Loss: 1.1077 Time: 130.943
Epoch [47/99] Step [40/214] Loss: 1.2000 Time: 131.069
Epoch [47/99] Step [50/214] Loss: 1.2316 Time: 131.197
Epoch [47/99] Step [60/214] Loss: 1.2214 Time: 131.323
Epoch [47/99] Step [70/214] Loss: 1.2923 Time: 131.45
Epoch [47/99] Step [80/214] Loss: 1.1163 Time: 131.577
Epoch [47/99] Step [90/214] Loss: 1.1973 Time: 131.704
Epoch [47/99] Step [100/214] Loss: 1.3164 Time: 131.831
Epoch [47/99] Step [110/214] Loss: 1.2775 Time: 131.958
Epoch [47/99] Step [120/214] Loss: 1.1697 Time: 132.085
Epoch [47/99] Step [130/214] Loss: 1.0978 Time: 132.212
Epoch [47/99] Step [140/214] Loss: 1.2803 Time: 132.338
Epoch [47/99] Step [150/214] Loss: 1.1364 Time: 132.465
Epoch [47/99] Step [160/214] Loss: 1.3100 Time: 132.593
Epoch [47/99] Step [170/214] Loss: 1.2208 Time: 132.719
Epoch [47/99] Step [180/214] Loss: 1.1665 Time: 132.846
Epoch [47/99] Step [190/214] Loss: 1.1835 Time: 132.973
Epoch [47/99] Step [200/214] Loss: 1.1885 Time: 133.1
Epoch [47/99] Step [210/214] Loss: 1.2371 Time: 133.227
Epoch [48/99] Step [10/214] Loss: 1.1548 Time: 133.404
Epoch [48/99] Step [20/214] Loss: 1.1237 Time: 133.531
Epoch [48/99] Step [30/214] Loss: 1.2486 Time: 133.658
Epoch [48/99] Step [40/214] Loss: 1.1923 Time: 133.784
Epoch [48/99] Step [50/214] Loss: 1.1034 Time: 133.912
Epoch [48/99] Step [60/214] Loss: 1.2146 Time: 134.039
Epoch [48/99] Step [70/214] Loss: 1.1798 Time: 134.166
Epoch [48/99] Step [80/214] Loss: 1.1217 Time: 134.293
Epoch [48/99] Step [90/214] Loss: 1.2126 Time: 134.42
Epoch [48/99] Step [100/214] Loss: 1.3123 Time: 134.546
Epoch [48/99] Step [110/214] Loss: 1.1425 Time: 134.674
Epoch [48/99] Step [120/214] Loss: 1.1489 Time: 134.8
Epoch [48/99] Step [130/214] Loss: 1.1278 Time: 134.928
Epoch [48/99] Step [140/214] Loss: 1.2162 Time: 135.054
Epoch [48/99] Step [150/214] Loss: 1.1927 Time: 135.182
Epoch [48/99] Step [160/214] Loss: 1.1973 Time: 135.309
Epoch [48/99] Step [170/214] Loss: 1.3106 Time: 135.436
Epoch [48/99] Step [180/214] Loss: 1.1826 Time: 135.563
Epoch [48/99] Step [190/214] Loss: 1.2316 Time: 135.69
Epoch [48/99] Step [200/214] Loss: 1.1672 Time: 135.817
Epoch [48/99] Step [210/214] Loss: 1.2836 Time: 135.943
Epoch [49/99] Step [10/214] Loss: 1.1838 Time: 136.119
Epoch [49/99] Step [20/214] Loss: 1.2120 Time: 136.246
Epoch [49/99] Step [30/214] Loss: 1.1750 Time: 136.373
Epoch [49/99] Step [40/214] Loss: 1.2160 Time: 136.5
Epoch [49/99] Step [50/214] Loss: 1.1627 Time: 136.627
Epoch [49/99] Step [60/214] Loss: 1.2405 Time: 136.754
Epoch [49/99] Step [70/214] Loss: 1.2975 Time: 136.88
Epoch [49/99] Step [80/214] Loss: 1.1370 Time: 137.007
Epoch [49/99] Step [90/214] Loss: 1.1282 Time: 137.134
Epoch [49/99] Step [100/214] Loss: 1.2084 Time: 137.262
Epoch [49/99] Step [110/214] Loss: 1.2394 Time: 137.389
Epoch [49/99] Step [120/214] Loss: 1.2505 Time: 137.516
Epoch [49/99] Step [130/214] Loss: 1.2470 Time: 137.643
Epoch [49/99] Step [140/214] Loss: 1.2274 Time: 137.769
Epoch [49/99] Step [150/214] Loss: 1.1108 Time: 137.897
Epoch [49/99] Step [160/214] Loss: 1.1342 Time: 138.023
Epoch [49/99] Step [170/214] Loss: 1.2114 Time: 138.15
Epoch [49/99] Step [180/214] Loss: 1.1870 Time: 138.277
Epoch [49/99] Step [190/214] Loss: 1.3398 Time: 138.405
Epoch [49/99] Step [200/214] Loss: 1.3073 Time: 138.532
Epoch [49/99] Step [210/214] Loss: 1.2150 Time: 138.658
Epoch [50/99] Step [10/214] Loss: 1.2026 Time: 138.834
Epoch [50/99] Step [20/214] Loss: 1.2679 Time: 138.961
Epoch [50/99] Step [30/214] Loss: 1.1014 Time: 139.088
Epoch [50/99] Step [40/214] Loss: 1.2295 Time: 139.215
Epoch [50/99] Step [50/214] Loss: 1.1996 Time: 139.342
Epoch [50/99] Step [60/214] Loss: 1.1474 Time: 139.469
Epoch [50/99] Step [70/214] Loss: 1.2116 Time: 139.596
Epoch [50/99] Step [80/214] Loss: 1.2635 Time: 139.723
Epoch [50/99] Step [90/214] Loss: 1.2176 Time: 139.85
Epoch [50/99] Step [100/214] Loss: 1.1223 Time: 139.977
Epoch [50/99] Step [110/214] Loss: 1.1540 Time: 140.103
Epoch [50/99] Step [120/214] Loss: 1.2247 Time: 140.231
Epoch [50/99] Step [130/214] Loss: 1.2610 Time: 140.358
Epoch [50/99] Step [140/214] Loss: 1.1784 Time: 140.485
Epoch [50/99] Step [150/214] Loss: 1.1552 Time: 140.612
Epoch [50/99] Step [160/214] Loss: 1.2977 Time: 140.739
Epoch [50/99] Step [170/214] Loss: 1.1631 Time: 140.866
Epoch [50/99] Step [180/214] Loss: 1.2479 Time: 140.993
Epoch [50/99] Step [190/214] Loss: 1.2554 Time: 141.12
Epoch [50/99] Step [200/214] Loss: 1.1605 Time: 141.247
Epoch [50/99] Step [210/214] Loss: 1.1440 Time: 141.374
Epoch [51/99] Step [10/214] Loss: 1.1882 Time: 141.55
Epoch [51/99] Step [20/214] Loss: 1.0780 Time: 141.677
Epoch [51/99] Step [30/214] Loss: 1.1644 Time: 141.804
Epoch [51/99] Step [40/214] Loss: 1.1420 Time: 141.931
Epoch [51/99] Step [50/214] Loss: 1.2686 Time: 142.058
Epoch [51/99] Step [60/214] Loss: 1.0931 Time: 142.185
Epoch [51/99] Step [70/214] Loss: 1.3399 Time: 142.311
Epoch [51/99] Step [80/214] Loss: 1.1362 Time: 142.439
Epoch [51/99] Step [90/214] Loss: 1.1791 Time: 142.565
Epoch [51/99] Step [100/214] Loss: 1.1957 Time: 142.692
Epoch [51/99] Step [110/214] Loss: 1.1641 Time: 142.82
Epoch [51/99] Step [120/214] Loss: 1.2977 Time: 142.946
Epoch [51/99] Step [130/214] Loss: 1.1347 Time: 143.073
Epoch [51/99] Step [140/214] Loss: 1.1338 Time: 143.2
Epoch [51/99] Step [150/214] Loss: 1.1910 Time: 143.328
Epoch [51/99] Step [160/214] Loss: 1.2608 Time: 143.454
Epoch [51/99] Step [170/214] Loss: 1.2320 Time: 143.581
Epoch [51/99] Step [180/214] Loss: 1.1379 Time: 143.708
Epoch [51/99] Step [190/214] Loss: 1.2204 Time: 143.836
Epoch [51/99] Step [200/214] Loss: 1.2037 Time: 143.963
Epoch [51/99] Step [210/214] Loss: 1.1738 Time: 144.09
Epoch [52/99] Step [10/214] Loss: 1.2238 Time: 144.266
Epoch [52/99] Step [20/214] Loss: 1.1452 Time: 144.393
Epoch [52/99] Step [30/214] Loss: 1.1888 Time: 144.52
Epoch [52/99] Step [40/214] Loss: 1.1425 Time: 144.652
Epoch [52/99] Step [50/214] Loss: 1.1352 Time: 144.779
Epoch [52/99] Step [60/214] Loss: 1.1611 Time: 144.906
Epoch [52/99] Step [70/214] Loss: 1.2159 Time: 145.033
Epoch [52/99] Step [80/214] Loss: 1.2037 Time: 145.16
Epoch [52/99] Step [90/214] Loss: 1.2936 Time: 145.287
Epoch [52/99] Step [100/214] Loss: 1.2607 Time: 145.415
Epoch [52/99] Step [110/214] Loss: 1.1952 Time: 145.542
Epoch [52/99] Step [120/214] Loss: 1.1815 Time: 145.669
Epoch [52/99] Step [130/214] Loss: 1.2857 Time: 145.796
Epoch [52/99] Step [140/214] Loss: 1.2175 Time: 145.923
Epoch [52/99] Step [150/214] Loss: 1.4002 Time: 146.05
Epoch [52/99] Step [160/214] Loss: 1.1197 Time: 146.177
Epoch [52/99] Step [170/214] Loss: 1.3185 Time: 146.304
Epoch [52/99] Step [180/214] Loss: 1.1919 Time: 146.431
Epoch [52/99] Step [190/214] Loss: 1.3551 Time: 146.558
Epoch [52/99] Step [200/214] Loss: 1.1959 Time: 146.685
Epoch [52/99] Step [210/214] Loss: 1.1950 Time: 146.812
Epoch [53/99] Step [10/214] Loss: 1.0724 Time: 146.987
Epoch [53/99] Step [20/214] Loss: 1.2673 Time: 147.114
Epoch [53/99] Step [30/214] Loss: 1.1489 Time: 147.241
Epoch [53/99] Step [40/214] Loss: 1.1884 Time: 147.368
Epoch [53/99] Step [50/214] Loss: 1.2317 Time: 147.495
Epoch [53/99] Step [60/214] Loss: 1.1291 Time: 147.623
Epoch [53/99] Step [70/214] Loss: 1.2876 Time: 147.749
Epoch [53/99] Step [80/214] Loss: 1.2225 Time: 147.876
Epoch [53/99] Step [90/214] Loss: 1.1127 Time: 148.003
Epoch [53/99] Step [100/214] Loss: 1.0999 Time: 148.13
Epoch [53/99] Step [110/214] Loss: 1.2728 Time: 148.257
Epoch [53/99] Step [120/214] Loss: 1.2368 Time: 148.384
Epoch [53/99] Step [130/214] Loss: 1.1495 Time: 148.511
Epoch [53/99] Step [140/214] Loss: 1.1902 Time: 148.638
Epoch [53/99] Step [150/214] Loss: 1.2964 Time: 148.765
Epoch [53/99] Step [160/214] Loss: 1.1742 Time: 148.892
Epoch [53/99] Step [170/214] Loss: 1.1489 Time: 149.019
Epoch [53/99] Step [180/214] Loss: 1.1842 Time: 149.146
Epoch [53/99] Step [190/214] Loss: 1.1038 Time: 149.273
Epoch [53/99] Step [200/214] Loss: 1.1314 Time: 149.4
Epoch [53/99] Step [210/214] Loss: 1.2264 Time: 149.527
Epoch [54/99] Step [10/214] Loss: 1.2288 Time: 149.703
Epoch [54/99] Step [20/214] Loss: 1.3507 Time: 149.83
Epoch [54/99] Step [30/214] Loss: 1.1613 Time: 149.957
Epoch [54/99] Step [40/214] Loss: 1.1279 Time: 150.084
Epoch [54/99] Step [50/214] Loss: 1.2437 Time: 150.211
Epoch [54/99] Step [60/214] Loss: 1.2335 Time: 150.338
Epoch [54/99] Step [70/214] Loss: 1.2973 Time: 150.464
Epoch [54/99] Step [80/214] Loss: 1.2000 Time: 150.591
Epoch [54/99] Step [90/214] Loss: 1.1850 Time: 150.718
Epoch [54/99] Step [100/214] Loss: 1.1685 Time: 150.845
Epoch [54/99] Step [110/214] Loss: 1.2897 Time: 150.972
Epoch [54/99] Step [120/214] Loss: 1.0086 Time: 151.099
Epoch [54/99] Step [130/214] Loss: 1.2843 Time: 151.226
Epoch [54/99] Step [140/214] Loss: 1.2928 Time: 151.353
Epoch [54/99] Step [150/214] Loss: 1.2852 Time: 151.48
Epoch [54/99] Step [160/214] Loss: 1.1742 Time: 151.607
Epoch [54/99] Step [170/214] Loss: 1.1186 Time: 151.734
Epoch [54/99] Step [180/214] Loss: 1.1596 Time: 151.861
Epoch [54/99] Step [190/214] Loss: 1.1329 Time: 151.988
Epoch [54/99] Step [200/214] Loss: 1.2697 Time: 152.115
Epoch [54/99] Step [210/214] Loss: 1.1997 Time: 152.242
Epoch [55/99] Step [10/214] Loss: 1.0579 Time: 152.417
Epoch [55/99] Step [20/214] Loss: 1.1414 Time: 152.544
Epoch [55/99] Step [30/214] Loss: 1.1881 Time: 152.671
Epoch [55/99] Step [40/214] Loss: 1.1480 Time: 152.798
Epoch [55/99] Step [50/214] Loss: 1.2692 Time: 152.925
Epoch [55/99] Step [60/214] Loss: 1.3139 Time: 153.052
Epoch [55/99] Step [70/214] Loss: 1.1435 Time: 153.178
Epoch [55/99] Step [80/214] Loss: 1.2010 Time: 153.305
Epoch [55/99] Step [90/214] Loss: 1.2951 Time: 153.432
Epoch [55/99] Step [100/214] Loss: 1.1671 Time: 153.559
Epoch [55/99] Step [110/214] Loss: 1.2558 Time: 153.686
Epoch [55/99] Step [120/214] Loss: 1.1423 Time: 153.813
Epoch [55/99] Step [130/214] Loss: 1.2063 Time: 153.94
Epoch [55/99] Step [140/214] Loss: 1.2478 Time: 154.066
Epoch [55/99] Step [150/214] Loss: 1.2404 Time: 154.193
Epoch [55/99] Step [160/214] Loss: 1.1389 Time: 154.32
Epoch [55/99] Step [170/214] Loss: 1.3430 Time: 154.447
Epoch [55/99] Step [180/214] Loss: 1.1791 Time: 154.574
Epoch [55/99] Step [190/214] Loss: 1.2036 Time: 154.701
Epoch [55/99] Step [200/214] Loss: 1.1819 Time: 154.828
Epoch [55/99] Step [210/214] Loss: 1.2354 Time: 154.955
Epoch [56/99] Step [10/214] Loss: 1.1596 Time: 155.13
Epoch [56/99] Step [20/214] Loss: 1.2130 Time: 155.257
Epoch [56/99] Step [30/214] Loss: 1.1745 Time: 155.384
Epoch [56/99] Step [40/214] Loss: 1.1320 Time: 155.511
Epoch [56/99] Step [50/214] Loss: 1.1536 Time: 155.638
Epoch [56/99] Step [60/214] Loss: 1.2953 Time: 155.765
Epoch [56/99] Step [70/214] Loss: 1.3200 Time: 155.892
Epoch [56/99] Step [80/214] Loss: 1.2416 Time: 156.019
Epoch [56/99] Step [90/214] Loss: 1.1748 Time: 156.146
Epoch [56/99] Step [100/214] Loss: 1.0959 Time: 156.272
Epoch [56/99] Step [110/214] Loss: 1.1808 Time: 156.399
Epoch [56/99] Step [120/214] Loss: 1.2325 Time: 156.526
Epoch [56/99] Step [130/214] Loss: 1.1601 Time: 156.653
Epoch [56/99] Step [140/214] Loss: 1.1759 Time: 156.78
Epoch [56/99] Step [150/214] Loss: 1.1820 Time: 156.907
Epoch [56/99] Step [160/214] Loss: 1.1992 Time: 157.034
Epoch [56/99] Step [170/214] Loss: 1.1269 Time: 157.161
Epoch [56/99] Step [180/214] Loss: 1.2350 Time: 157.288
Epoch [56/99] Step [190/214] Loss: 1.2564 Time: 157.415
Epoch [56/99] Step [200/214] Loss: 1.1842 Time: 157.542
Epoch [56/99] Step [210/214] Loss: 1.1410 Time: 157.669
Epoch [57/99] Step [10/214] Loss: 1.1716 Time: 157.845
Epoch [57/99] Step [20/214] Loss: 1.2242 Time: 157.972
Epoch [57/99] Step [30/214] Loss: 1.2098 Time: 158.099
Epoch [57/99] Step [40/214] Loss: 1.1208 Time: 158.226
Epoch [57/99] Step [50/214] Loss: 1.3005 Time: 158.353
Epoch [57/99] Step [60/214] Loss: 1.1549 Time: 158.48
Epoch [57/99] Step [70/214] Loss: 1.1721 Time: 158.607
Epoch [57/99] Step [80/214] Loss: 1.2334 Time: 158.734
Epoch [57/99] Step [90/214] Loss: 1.1505 Time: 158.861
Epoch [57/99] Step [100/214] Loss: 1.2509 Time: 158.988
Epoch [57/99] Step [110/214] Loss: 1.1469 Time: 159.115
Epoch [57/99] Step [120/214] Loss: 1.3343 Time: 159.241
Epoch [57/99] Step [130/214] Loss: 1.3454 Time: 159.369
Epoch [57/99] Step [140/214] Loss: 1.2218 Time: 159.496
Epoch [57/99] Step [150/214] Loss: 1.1762 Time: 159.623
Epoch [57/99] Step [160/214] Loss: 1.1527 Time: 159.75
Epoch [57/99] Step [170/214] Loss: 1.2678 Time: 159.877
Epoch [57/99] Step [180/214] Loss: 1.0983 Time: 160.004
Epoch [57/99] Step [190/214] Loss: 1.1944 Time: 160.131
Epoch [57/99] Step [200/214] Loss: 1.1629 Time: 160.258
Epoch [57/99] Step [210/214] Loss: 1.2761 Time: 160.385
Epoch [58/99] Step [10/214] Loss: 1.1825 Time: 160.561
Epoch [58/99] Step [20/214] Loss: 1.1448 Time: 160.687
Epoch [58/99] Step [30/214] Loss: 1.1347 Time: 160.814
Epoch [58/99] Step [40/214] Loss: 1.1588 Time: 160.941
Epoch [58/99] Step [50/214] Loss: 1.1218 Time: 161.068
Epoch [58/99] Step [60/214] Loss: 1.2305 Time: 161.195
Epoch [58/99] Step [70/214] Loss: 1.0786 Time: 161.322
Epoch [58/99] Step [80/214] Loss: 1.1658 Time: 161.449
Epoch [58/99] Step [90/214] Loss: 1.2051 Time: 161.576
Epoch [58/99] Step [100/214] Loss: 1.2291 Time: 161.703
Epoch [58/99] Step [110/214] Loss: 1.3451 Time: 161.83
Epoch [58/99] Step [120/214] Loss: 1.2285 Time: 161.957
Epoch [58/99] Step [130/214] Loss: 1.1939 Time: 162.084
Epoch [58/99] Step [140/214] Loss: 1.2452 Time: 162.211
Epoch [58/99] Step [150/214] Loss: 1.2636 Time: 162.338
Epoch [58/99] Step [160/214] Loss: 1.2699 Time: 162.465
Epoch [58/99] Step [170/214] Loss: 1.1437 Time: 162.591
Epoch [58/99] Step [180/214] Loss: 1.0978 Time: 162.718
Epoch [58/99] Step [190/214] Loss: 1.1755 Time: 162.845
Epoch [58/99] Step [200/214] Loss: 1.2155 Time: 162.972
Epoch [58/99] Step [210/214] Loss: 1.1887 Time: 163.099
Epoch [59/99] Step [10/214] Loss: 1.1546 Time: 163.275
Epoch [59/99] Step [20/214] Loss: 1.0751 Time: 163.402
Epoch [59/99] Step [30/214] Loss: 1.1378 Time: 163.529
Epoch [59/99] Step [40/214] Loss: 1.2102 Time: 163.656
Epoch [59/99] Step [50/214] Loss: 1.1911 Time: 163.783
Epoch [59/99] Step [60/214] Loss: 1.1440 Time: 163.91
Epoch [59/99] Step [70/214] Loss: 1.1314 Time: 164.036
Epoch [59/99] Step [80/214] Loss: 1.1754 Time: 164.163
Epoch [59/99] Step [90/214] Loss: 1.1692 Time: 164.29
Epoch [59/99] Step [100/214] Loss: 1.2808 Time: 164.417
Epoch [59/99] Step [110/214] Loss: 1.2418 Time: 164.544
Epoch [59/99] Step [120/214] Loss: 1.2635 Time: 164.671
Epoch [59/99] Step [130/214] Loss: 1.3086 Time: 164.799
Epoch [59/99] Step [140/214] Loss: 1.2461 Time: 164.925
Epoch [59/99] Step [150/214] Loss: 1.1593 Time: 165.052
Epoch [59/99] Step [160/214] Loss: 1.2199 Time: 165.179
Epoch [59/99] Step [170/214] Loss: 1.1619 Time: 165.306
Epoch [59/99] Step [180/214] Loss: 1.1780 Time: 165.433
Epoch [59/99] Step [190/214] Loss: 1.2731 Time: 165.56
Epoch [59/99] Step [200/214] Loss: 1.2694 Time: 165.687
Epoch [59/99] Step [210/214] Loss: 1.2572 Time: 165.814
Epoch [60/99] Step [10/214] Loss: 1.1855 Time: 165.99
Epoch [60/99] Step [20/214] Loss: 1.1951 Time: 166.117
Epoch [60/99] Step [30/214] Loss: 1.1725 Time: 166.244
Epoch [60/99] Step [40/214] Loss: 1.1767 Time: 166.37
Epoch [60/99] Step [50/214] Loss: 1.2540 Time: 166.498
Epoch [60/99] Step [60/214] Loss: 1.2474 Time: 166.624
Epoch [60/99] Step [70/214] Loss: 1.2219 Time: 166.751
Epoch [60/99] Step [80/214] Loss: 1.2098 Time: 166.879
Epoch [60/99] Step [90/214] Loss: 1.2983 Time: 167.005
Epoch [60/99] Step [100/214] Loss: 1.2686 Time: 167.132
Epoch [60/99] Step [110/214] Loss: 1.1299 Time: 167.259
Epoch [60/99] Step [120/214] Loss: 1.2367 Time: 167.386
Epoch [60/99] Step [130/214] Loss: 1.2116 Time: 167.513
Epoch [60/99] Step [140/214] Loss: 1.2067 Time: 167.641
Epoch [60/99] Step [150/214] Loss: 1.1177 Time: 167.767
Epoch [60/99] Step [160/214] Loss: 1.0637 Time: 167.894
Epoch [60/99] Step [170/214] Loss: 1.1611 Time: 168.021
Epoch [60/99] Step [180/214] Loss: 1.2092 Time: 168.148
Epoch [60/99] Step [190/214] Loss: 1.2089 Time: 168.276
Epoch [60/99] Step [200/214] Loss: 1.2314 Time: 168.402
Epoch [60/99] Step [210/214] Loss: 1.0756 Time: 168.529
Epoch [61/99] Step [10/214] Loss: 1.2183 Time: 168.705
Epoch [61/99] Step [20/214] Loss: 1.2090 Time: 168.833
Epoch [61/99] Step [30/214] Loss: 1.1890 Time: 168.959
Epoch [61/99] Step [40/214] Loss: 1.3409 Time: 169.087
Epoch [61/99] Step [50/214] Loss: 1.2323 Time: 169.214
Epoch [61/99] Step [60/214] Loss: 1.1989 Time: 169.34
Epoch [61/99] Step [70/214] Loss: 1.2607 Time: 169.467
Epoch [61/99] Step [80/214] Loss: 1.2536 Time: 169.594
Epoch [61/99] Step [90/214] Loss: 1.1610 Time: 169.721
Epoch [61/99] Step [100/214] Loss: 1.2841 Time: 169.848
Epoch [61/99] Step [110/214] Loss: 1.2334 Time: 169.975
Epoch [61/99] Step [120/214] Loss: 1.2386 Time: 170.102
Epoch [61/99] Step [130/214] Loss: 1.1454 Time: 170.229
Epoch [61/99] Step [140/214] Loss: 1.2267 Time: 170.355
Epoch [61/99] Step [150/214] Loss: 1.1614 Time: 170.482
Epoch [61/99] Step [160/214] Loss: 1.2711 Time: 170.609
Epoch [61/99] Step [170/214] Loss: 1.1061 Time: 170.736
Epoch [61/99] Step [180/214] Loss: 1.1941 Time: 170.863
Epoch [61/99] Step [190/214] Loss: 1.2113 Time: 170.99
Epoch [61/99] Step [200/214] Loss: 1.1796 Time: 171.117
Epoch [61/99] Step [210/214] Loss: 1.2392 Time: 171.244
Epoch [62/99] Step [10/214] Loss: 1.2128 Time: 171.42
Epoch [62/99] Step [20/214] Loss: 1.1585 Time: 171.547
Epoch [62/99] Step [30/214] Loss: 1.1474 Time: 171.674
Epoch [62/99] Step [40/214] Loss: 1.1767 Time: 171.801
Epoch [62/99] Step [50/214] Loss: 1.2879 Time: 171.928
Epoch [62/99] Step [60/214] Loss: 1.1432 Time: 172.055
Epoch [62/99] Step [70/214] Loss: 1.1785 Time: 172.182
Epoch [62/99] Step [80/214] Loss: 1.1979 Time: 172.308
Epoch [62/99] Step [90/214] Loss: 1.1222 Time: 172.435
Epoch [62/99] Step [100/214] Loss: 1.1373 Time: 172.562
Epoch [62/99] Step [110/214] Loss: 1.2424 Time: 172.689
Epoch [62/99] Step [120/214] Loss: 1.1195 Time: 172.816
Epoch [62/99] Step [130/214] Loss: 1.2160 Time: 172.943
Epoch [62/99] Step [140/214] Loss: 1.1497 Time: 173.07
Epoch [62/99] Step [150/214] Loss: 1.2358 Time: 173.197
Epoch [62/99] Step [160/214] Loss: 1.1963 Time: 173.324
Epoch [62/99] Step [170/214] Loss: 1.0655 Time: 173.451
Epoch [62/99] Step [180/214] Loss: 1.1887 Time: 173.578
Epoch [62/99] Step [190/214] Loss: 1.1424 Time: 173.705
Epoch [62/99] Step [200/214] Loss: 1.2834 Time: 173.832
Epoch [62/99] Step [210/214] Loss: 1.1650 Time: 173.959
Epoch [63/99] Step [10/214] Loss: 1.1409 Time: 174.135
Epoch [63/99] Step [20/214] Loss: 1.1677 Time: 174.262
Epoch [63/99] Step [30/214] Loss: 1.2116 Time: 174.389
Epoch [63/99] Step [40/214] Loss: 1.3490 Time: 174.516
Epoch [63/99] Step [50/214] Loss: 1.2268 Time: 174.65
Epoch [63/99] Step [60/214] Loss: 1.1619 Time: 174.777
Epoch [63/99] Step [70/214] Loss: 1.2800 Time: 174.904
Epoch [63/99] Step [80/214] Loss: 1.2226 Time: 175.031
Epoch [63/99] Step [90/214] Loss: 1.3260 Time: 175.158
Epoch [63/99] Step [100/214] Loss: 1.1171 Time: 175.285
Epoch [63/99] Step [110/214] Loss: 1.1663 Time: 175.411
Epoch [63/99] Step [120/214] Loss: 1.2089 Time: 175.538
Epoch [63/99] Step [130/214] Loss: 1.1348 Time: 175.665
Epoch [63/99] Step [140/214] Loss: 1.1927 Time: 175.792
Epoch [63/99] Step [150/214] Loss: 1.2331 Time: 175.918
Epoch [63/99] Step [160/214] Loss: 1.0792 Time: 176.045
Epoch [63/99] Step [170/214] Loss: 1.1687 Time: 176.172
Epoch [63/99] Step [180/214] Loss: 1.3138 Time: 176.299
Epoch [63/99] Step [190/214] Loss: 1.1930 Time: 176.426
Epoch [63/99] Step [200/214] Loss: 1.3022 Time: 176.553
Epoch [63/99] Step [210/214] Loss: 1.1646 Time: 176.68
Epoch [64/99] Step [10/214] Loss: 1.1500 Time: 176.856
Epoch [64/99] Step [20/214] Loss: 1.2011 Time: 176.983
Epoch [64/99] Step [30/214] Loss: 1.2510 Time: 177.11
Epoch [64/99] Step [40/214] Loss: 1.1834 Time: 177.236
Epoch [64/99] Step [50/214] Loss: 1.1236 Time: 177.363
Epoch [64/99] Step [60/214] Loss: 1.2805 Time: 177.49
Epoch [64/99] Step [70/214] Loss: 1.1663 Time: 177.617
Epoch [64/99] Step [80/214] Loss: 1.2543 Time: 177.744
Epoch [64/99] Step [90/214] Loss: 1.1481 Time: 177.87
Epoch [64/99] Step [100/214] Loss: 1.1629 Time: 177.997
Epoch [64/99] Step [110/214] Loss: 1.2932 Time: 178.124
Epoch [64/99] Step [120/214] Loss: 1.2078 Time: 178.252
Epoch [64/99] Step [130/214] Loss: 1.1625 Time: 178.379
Epoch [64/99] Step [140/214] Loss: 1.1650 Time: 178.505
Epoch [64/99] Step [150/214] Loss: 1.2490 Time: 178.632
Epoch [64/99] Step [160/214] Loss: 1.1880 Time: 178.759
Epoch [64/99] Step [170/214] Loss: 1.2531 Time: 178.886
Epoch [64/99] Step [180/214] Loss: 1.2478 Time: 179.013
Epoch [64/99] Step [190/214] Loss: 1.1549 Time: 179.14
Epoch [64/99] Step [200/214] Loss: 1.1375 Time: 179.266
Epoch [64/99] Step [210/214] Loss: 1.3072 Time: 179.393
Epoch [65/99] Step [10/214] Loss: 1.1726 Time: 179.569
Epoch [65/99] Step [20/214] Loss: 1.1961 Time: 179.696
Epoch [65/99] Step [30/214] Loss: 1.1444 Time: 179.823
Epoch [65/99] Step [40/214] Loss: 1.0835 Time: 179.95
Epoch [65/99] Step [50/214] Loss: 1.1438 Time: 180.077
Epoch [65/99] Step [60/214] Loss: 1.1723 Time: 180.204
Epoch [65/99] Step [70/214] Loss: 1.2464 Time: 180.331
Epoch [65/99] Step [80/214] Loss: 1.1950 Time: 180.458
Epoch [65/99] Step [90/214] Loss: 1.2370 Time: 180.585
Epoch [65/99] Step [100/214] Loss: 1.1474 Time: 180.711
Epoch [65/99] Step [110/214] Loss: 1.1409 Time: 180.839
Epoch [65/99] Step [120/214] Loss: 1.1747 Time: 180.966
Epoch [65/99] Step [130/214] Loss: 1.2511 Time: 181.093
Epoch [65/99] Step [140/214] Loss: 1.2497 Time: 181.22
Epoch [65/99] Step [150/214] Loss: 1.1125 Time: 181.347
Epoch [65/99] Step [160/214] Loss: 1.1890 Time: 181.474
Epoch [65/99] Step [170/214] Loss: 1.1785 Time: 181.601
Epoch [65/99] Step [180/214] Loss: 1.1264 Time: 181.727
Epoch [65/99] Step [190/214] Loss: 1.1020 Time: 181.854
Epoch [65/99] Step [200/214] Loss: 1.1883 Time: 181.981
Epoch [65/99] Step [210/214] Loss: 1.1881 Time: 182.108
Epoch [66/99] Step [10/214] Loss: 1.1702 Time: 182.284
Epoch [66/99] Step [20/214] Loss: 1.1333 Time: 182.411
Epoch [66/99] Step [30/214] Loss: 1.2210 Time: 182.538
Epoch [66/99] Step [40/214] Loss: 1.3161 Time: 182.665
Epoch [66/99] Step [50/214] Loss: 1.2019 Time: 182.792
Epoch [66/99] Step [60/214] Loss: 1.3470 Time: 182.919
Epoch [66/99] Step [70/214] Loss: 1.1667 Time: 183.046
Epoch [66/99] Step [80/214] Loss: 1.2547 Time: 183.173
Epoch [66/99] Step [90/214] Loss: 1.2187 Time: 183.301
Epoch [66/99] Step [100/214] Loss: 1.2006 Time: 183.428
Epoch [66/99] Step [110/214] Loss: 1.2143 Time: 183.554
Epoch [66/99] Step [120/214] Loss: 1.1374 Time: 183.681
Epoch [66/99] Step [130/214] Loss: 1.1964 Time: 183.808
Epoch [66/99] Step [140/214] Loss: 1.2624 Time: 183.935
Epoch [66/99] Step [150/214] Loss: 1.1990 Time: 184.062
Epoch [66/99] Step [160/214] Loss: 1.1500 Time: 184.189
Epoch [66/99] Step [170/214] Loss: 1.3338 Time: 184.316
Epoch [66/99] Step [180/214] Loss: 1.1986 Time: 184.443
Epoch [66/99] Step [190/214] Loss: 1.2001 Time: 184.57
Epoch [66/99] Step [200/214] Loss: 1.1578 Time: 184.697
Epoch [66/99] Step [210/214] Loss: 1.1725 Time: 184.824
Epoch [67/99] Step [10/214] Loss: 1.1889 Time: 185.0
Epoch [67/99] Step [20/214] Loss: 1.2069 Time: 185.127
Epoch [67/99] Step [30/214] Loss: 1.0953 Time: 185.254
Epoch [67/99] Step [40/214] Loss: 1.1614 Time: 185.381
Epoch [67/99] Step [50/214] Loss: 1.1188 Time: 185.508
Epoch [67/99] Step [60/214] Loss: 1.1535 Time: 185.636
Epoch [67/99] Step [70/214] Loss: 1.0868 Time: 185.763
Epoch [67/99] Step [80/214] Loss: 1.2120 Time: 185.89
Epoch [67/99] Step [90/214] Loss: 1.2125 Time: 186.016
Epoch [67/99] Step [100/214] Loss: 1.1789 Time: 186.143
Epoch [67/99] Step [110/214] Loss: 1.2547 Time: 186.27
Epoch [67/99] Step [120/214] Loss: 1.1993 Time: 186.397
Epoch [67/99] Step [130/214] Loss: 1.1320 Time: 186.523
Epoch [67/99] Step [140/214] Loss: 1.1543 Time: 186.651
Epoch [67/99] Step [150/214] Loss: 1.2330 Time: 186.778
Epoch [67/99] Step [160/214] Loss: 1.1153 Time: 186.905
Epoch [67/99] Step [170/214] Loss: 1.1554 Time: 187.032
Epoch [67/99] Step [180/214] Loss: 1.2435 Time: 187.159
Epoch [67/99] Step [190/214] Loss: 1.1392 Time: 187.286
Epoch [67/99] Step [200/214] Loss: 1.1846 Time: 187.412
Epoch [67/99] Step [210/214] Loss: 1.2470 Time: 187.539
Epoch [68/99] Step [10/214] Loss: 1.2078 Time: 187.715
Epoch [68/99] Step [20/214] Loss: 1.0941 Time: 187.842
Epoch [68/99] Step [30/214] Loss: 1.2067 Time: 187.969
Epoch [68/99] Step [40/214] Loss: 1.3269 Time: 188.096
Epoch [68/99] Step [50/214] Loss: 1.1437 Time: 188.223
Epoch [68/99] Step [60/214] Loss: 1.1286 Time: 188.35
Epoch [68/99] Step [70/214] Loss: 1.1867 Time: 188.477
Epoch [68/99] Step [80/214] Loss: 1.2123 Time: 188.603
Epoch [68/99] Step [90/214] Loss: 1.1352 Time: 188.731
Epoch [68/99] Step [100/214] Loss: 1.1152 Time: 188.857
Epoch [68/99] Step [110/214] Loss: 1.2123 Time: 188.984
Epoch [68/99] Step [120/214] Loss: 1.2490 Time: 189.111
Epoch [68/99] Step [130/214] Loss: 1.2101 Time: 189.238
Epoch [68/99] Step [140/214] Loss: 1.2022 Time: 189.365
Epoch [68/99] Step [150/214] Loss: 1.2650 Time: 189.492
Epoch [68/99] Step [160/214] Loss: 1.2319 Time: 189.619
Epoch [68/99] Step [170/214] Loss: 1.1127 Time: 189.746
Epoch [68/99] Step [180/214] Loss: 1.2801 Time: 189.873
Epoch [68/99] Step [190/214] Loss: 1.1028 Time: 190.0
Epoch [68/99] Step [200/214] Loss: 1.2886 Time: 190.127
Epoch [68/99] Step [210/214] Loss: 1.1521 Time: 190.254
Epoch [69/99] Step [10/214] Loss: 1.1793 Time: 190.43
Epoch [69/99] Step [20/214] Loss: 1.1204 Time: 190.556
Epoch [69/99] Step [30/214] Loss: 1.2654 Time: 190.683
Epoch [69/99] Step [40/214] Loss: 1.2806 Time: 190.81
Epoch [69/99] Step [50/214] Loss: 1.1326 Time: 190.937
Epoch [69/99] Step [60/214] Loss: 1.1443 Time: 191.064
Epoch [69/99] Step [70/214] Loss: 1.2090 Time: 191.191
Epoch [69/99] Step [80/214] Loss: 1.2821 Time: 191.317
Epoch [69/99] Step [90/214] Loss: 1.2150 Time: 191.445
Epoch [69/99] Step [100/214] Loss: 1.0899 Time: 191.572
Epoch [69/99] Step [110/214] Loss: 1.1739 Time: 191.699
Epoch [69/99] Step [120/214] Loss: 1.2741 Time: 191.826
Epoch [69/99] Step [130/214] Loss: 1.1515 Time: 191.953
Epoch [69/99] Step [140/214] Loss: 1.1941 Time: 192.079
Epoch [69/99] Step [150/214] Loss: 1.2913 Time: 192.206
Epoch [69/99] Step [160/214] Loss: 1.1220 Time: 192.333
Epoch [69/99] Step [170/214] Loss: 1.2468 Time: 192.46
Epoch [69/99] Step [180/214] Loss: 1.1553 Time: 192.587
Epoch [69/99] Step [190/214] Loss: 1.2053 Time: 192.713
Epoch [69/99] Step [200/214] Loss: 1.1730 Time: 192.84
Epoch [69/99] Step [210/214] Loss: 1.2195 Time: 192.967
Epoch [70/99] Step [10/214] Loss: 1.1607 Time: 193.143
Epoch [70/99] Step [20/214] Loss: 1.1278 Time: 193.27
Epoch [70/99] Step [30/214] Loss: 1.3292 Time: 193.397
Epoch [70/99] Step [40/214] Loss: 1.2907 Time: 193.524
Epoch [70/99] Step [50/214] Loss: 1.2394 Time: 193.651
Epoch [70/99] Step [60/214] Loss: 1.1247 Time: 193.778
Epoch [70/99] Step [70/214] Loss: 1.2329 Time: 193.905
Epoch [70/99] Step [80/214] Loss: 1.2395 Time: 194.032
Epoch [70/99] Step [90/214] Loss: 1.3550 Time: 194.158
Epoch [70/99] Step [100/214] Loss: 1.1400 Time: 194.285
Epoch [70/99] Step [110/214] Loss: 1.1127 Time: 194.412
Epoch [70/99] Step [120/214] Loss: 1.2339 Time: 194.54
Epoch [70/99] Step [130/214] Loss: 1.2099 Time: 194.667
Epoch [70/99] Step [140/214] Loss: 1.1629 Time: 194.793
Epoch [70/99] Step [150/214] Loss: 1.1937 Time: 194.92
Epoch [70/99] Step [160/214] Loss: 1.2952 Time: 195.047
Epoch [70/99] Step [170/214] Loss: 1.2021 Time: 195.174
Epoch [70/99] Step [180/214] Loss: 1.1403 Time: 195.301
Epoch [70/99] Step [190/214] Loss: 1.1247 Time: 195.428
Epoch [70/99] Step [200/214] Loss: 1.1126 Time: 195.555
Epoch [70/99] Step [210/214] Loss: 1.1449 Time: 195.682
Epoch [71/99] Step [10/214] Loss: 1.2385 Time: 195.857
Epoch [71/99] Step [20/214] Loss: 1.1808 Time: 195.984
Epoch [71/99] Step [30/214] Loss: 1.1566 Time: 196.111
Epoch [71/99] Step [40/214] Loss: 1.0891 Time: 196.238
Epoch [71/99] Step [50/214] Loss: 1.3184 Time: 196.365
Epoch [71/99] Step [60/214] Loss: 1.1486 Time: 196.492
Epoch [71/99] Step [70/214] Loss: 1.1337 Time: 196.619
Epoch [71/99] Step [80/214] Loss: 1.2873 Time: 196.746
Epoch [71/99] Step [90/214] Loss: 1.1442 Time: 196.873
Epoch [71/99] Step [100/214] Loss: 1.1129 Time: 197.0
Epoch [71/99] Step [110/214] Loss: 1.2439 Time: 197.127
Epoch [71/99] Step [120/214] Loss: 1.1339 Time: 197.254
Epoch [71/99] Step [130/214] Loss: 1.1860 Time: 197.381
Epoch [71/99] Step [140/214] Loss: 1.0824 Time: 197.508
Epoch [71/99] Step [150/214] Loss: 1.2668 Time: 197.635
Epoch [71/99] Step [160/214] Loss: 1.2089 Time: 197.761
Epoch [71/99] Step [170/214] Loss: 1.2499 Time: 197.888
Epoch [71/99] Step [180/214] Loss: 1.2252 Time: 198.015
Epoch [71/99] Step [190/214] Loss: 1.2216 Time: 198.142
Epoch [71/99] Step [200/214] Loss: 1.2334 Time: 198.27
Epoch [71/99] Step [210/214] Loss: 1.2865 Time: 198.397
Epoch [72/99] Step [10/214] Loss: 1.2329 Time: 198.573
Epoch [72/99] Step [20/214] Loss: 1.1872 Time: 198.699
Epoch [72/99] Step [30/214] Loss: 1.1212 Time: 198.826
Epoch [72/99] Step [40/214] Loss: 1.1718 Time: 198.953
Epoch [72/99] Step [50/214] Loss: 1.1760 Time: 199.08
Epoch [72/99] Step [60/214] Loss: 1.2414 Time: 199.207
Epoch [72/99] Step [70/214] Loss: 1.2537 Time: 199.334
Epoch [72/99] Step [80/214] Loss: 1.1441 Time: 199.461
Epoch [72/99] Step [90/214] Loss: 1.1777 Time: 199.588
Epoch [72/99] Step [100/214] Loss: 1.2759 Time: 199.715
Epoch [72/99] Step [110/214] Loss: 1.2201 Time: 199.842
Epoch [72/99] Step [120/214] Loss: 1.2811 Time: 199.969
Epoch [72/99] Step [130/214] Loss: 1.2358 Time: 200.096
Epoch [72/99] Step [140/214] Loss: 1.1168 Time: 200.223
Epoch [72/99] Step [150/214] Loss: 1.1749 Time: 200.35
Epoch [72/99] Step [160/214] Loss: 1.1221 Time: 200.476
Epoch [72/99] Step [170/214] Loss: 1.2188 Time: 200.603
Epoch [72/99] Step [180/214] Loss: 1.1999 Time: 200.73
Epoch [72/99] Step [190/214] Loss: 1.1468 Time: 200.857
Epoch [72/99] Step [200/214] Loss: 1.1994 Time: 200.984
Epoch [72/99] Step [210/214] Loss: 1.2177 Time: 201.112
Epoch [73/99] Step [10/214] Loss: 1.1390 Time: 201.288
Epoch [73/99] Step [20/214] Loss: 1.1312 Time: 201.415
Epoch [73/99] Step [30/214] Loss: 1.2622 Time: 201.542
Epoch [73/99] Step [40/214] Loss: 1.2090 Time: 201.669
Epoch [73/99] Step [50/214] Loss: 1.1986 Time: 201.796
Epoch [73/99] Step [60/214] Loss: 1.2034 Time: 201.923
Epoch [73/99] Step [70/214] Loss: 1.2493 Time: 202.049
Epoch [73/99] Step [80/214] Loss: 1.1478 Time: 202.176
Epoch [73/99] Step [90/214] Loss: 1.2136 Time: 202.304
Epoch [73/99] Step [100/214] Loss: 1.1612 Time: 202.43
Epoch [73/99] Step [110/214] Loss: 1.2464 Time: 202.557
Epoch [73/99] Step [120/214] Loss: 1.1456 Time: 202.684
Epoch [73/99] Step [130/214] Loss: 1.3020 Time: 202.812
Epoch [73/99] Step [140/214] Loss: 1.2751 Time: 202.939
Epoch [73/99] Step [150/214] Loss: 1.2036 Time: 203.066
Epoch [73/99] Step [160/214] Loss: 1.1500 Time: 203.193
Epoch [73/99] Step [170/214] Loss: 1.2501 Time: 203.32
Epoch [73/99] Step [180/214] Loss: 1.2380 Time: 203.447
Epoch [73/99] Step [190/214] Loss: 1.1770 Time: 203.574
Epoch [73/99] Step [200/214] Loss: 1.1735 Time: 203.701
Epoch [73/99] Step [210/214] Loss: 1.1567 Time: 203.828
Epoch [74/99] Step [10/214] Loss: 1.2252 Time: 204.005
Epoch [74/99] Step [20/214] Loss: 1.1565 Time: 204.131
Epoch [74/99] Step [30/214] Loss: 1.2110 Time: 204.258
Epoch [74/99] Step [40/214] Loss: 1.1867 Time: 204.385
Epoch [74/99] Step [50/214] Loss: 1.1151 Time: 204.512
Epoch [74/99] Step [60/214] Loss: 1.2358 Time: 204.64
Epoch [74/99] Step [70/214] Loss: 1.0665 Time: 204.767
Epoch [74/99] Step [80/214] Loss: 1.2583 Time: 204.894
Epoch [74/99] Step [90/214] Loss: 1.2069 Time: 205.021
Epoch [74/99] Step [100/214] Loss: 1.2857 Time: 205.148
Epoch [74/99] Step [110/214] Loss: 1.2275 Time: 205.275
Epoch [74/99] Step [120/214] Loss: 1.1055 Time: 205.401
Epoch [74/99] Step [130/214] Loss: 1.2509 Time: 205.529
Epoch [74/99] Step [140/214] Loss: 1.2074 Time: 205.655
Epoch [74/99] Step [150/214] Loss: 1.1429 Time: 205.782
Epoch [74/99] Step [160/214] Loss: 1.2635 Time: 205.909
Epoch [74/99] Step [170/214] Loss: 1.2126 Time: 206.036
Epoch [74/99] Step [180/214] Loss: 1.2043 Time: 206.163
Epoch [74/99] Step [190/214] Loss: 1.2342 Time: 206.29
Epoch [74/99] Step [200/214] Loss: 1.2576 Time: 206.417
Epoch [74/99] Step [210/214] Loss: 1.1674 Time: 206.544
Epoch [75/99] Step [10/214] Loss: 1.1993 Time: 206.719
Epoch [75/99] Step [20/214] Loss: 1.1943 Time: 206.847
Epoch [75/99] Step [30/214] Loss: 1.4123 Time: 206.974
Epoch [75/99] Step [40/214] Loss: 1.1446 Time: 207.1
Epoch [75/99] Step [50/214] Loss: 1.1129 Time: 207.227
Epoch [75/99] Step [60/214] Loss: 1.1109 Time: 207.354
Epoch [75/99] Step [70/214] Loss: 1.2005 Time: 207.481
Epoch [75/99] Step [80/214] Loss: 1.1970 Time: 207.608
Epoch [75/99] Step [90/214] Loss: 1.2659 Time: 207.735
Epoch [75/99] Step [100/214] Loss: 1.1317 Time: 207.862
Epoch [75/99] Step [110/214] Loss: 1.1687 Time: 207.989
Epoch [75/99] Step [120/214] Loss: 1.1309 Time: 208.116
Epoch [75/99] Step [130/214] Loss: 1.2520 Time: 208.243
Epoch [75/99] Step [140/214] Loss: 1.2821 Time: 208.37
Epoch [75/99] Step [150/214] Loss: 1.2569 Time: 208.497
Epoch [75/99] Step [160/214] Loss: 1.1477 Time: 208.624
Epoch [75/99] Step [170/214] Loss: 1.1165 Time: 208.751
Epoch [75/99] Step [180/214] Loss: 1.1957 Time: 208.878
Epoch [75/99] Step [190/214] Loss: 1.1514 Time: 209.005
Epoch [75/99] Step [200/214] Loss: 1.2628 Time: 209.132
Epoch [75/99] Step [210/214] Loss: 1.1962 Time: 209.259
Epoch [76/99] Step [10/214] Loss: 1.1552 Time: 209.434
Epoch [76/99] Step [20/214] Loss: 1.1862 Time: 209.561
Epoch [76/99] Step [30/214] Loss: 1.1545 Time: 209.688
Epoch [76/99] Step [40/214] Loss: 1.1796 Time: 209.815
Epoch [76/99] Step [50/214] Loss: 1.2514 Time: 209.942
Epoch [76/99] Step [60/214] Loss: 1.2070 Time: 210.069
Epoch [76/99] Step [70/214] Loss: 1.1812 Time: 210.196
Epoch [76/99] Step [80/214] Loss: 1.1597 Time: 210.323
Epoch [76/99] Step [90/214] Loss: 1.0758 Time: 210.45
Epoch [76/99] Step [100/214] Loss: 1.2819 Time: 210.576
Epoch [76/99] Step [110/214] Loss: 1.2093 Time: 210.704
Epoch [76/99] Step [120/214] Loss: 1.2464 Time: 210.83
Epoch [76/99] Step [130/214] Loss: 1.2038 Time: 210.957
Epoch [76/99] Step [140/214] Loss: 1.2552 Time: 211.085
Epoch [76/99] Step [150/214] Loss: 1.1709 Time: 211.212
Epoch [76/99] Step [160/214] Loss: 1.2200 Time: 211.339
Epoch [76/99] Step [170/214] Loss: 1.2828 Time: 211.465
Epoch [76/99] Step [180/214] Loss: 1.2061 Time: 211.592
Epoch [76/99] Step [190/214] Loss: 1.1532 Time: 211.719
Epoch [76/99] Step [200/214] Loss: 1.1991 Time: 211.846
Epoch [76/99] Step [210/214] Loss: 1.1877 Time: 211.973
Epoch [77/99] Step [10/214] Loss: 1.1766 Time: 212.149
Epoch [77/99] Step [20/214] Loss: 1.3059 Time: 212.276
Epoch [77/99] Step [30/214] Loss: 1.1996 Time: 212.403
Epoch [77/99] Step [40/214] Loss: 1.1639 Time: 212.53
Epoch [77/99] Step [50/214] Loss: 1.1373 Time: 212.657
Epoch [77/99] Step [60/214] Loss: 1.1485 Time: 212.784
Epoch [77/99] Step [70/214] Loss: 1.1915 Time: 212.911
Epoch [77/99] Step [80/214] Loss: 1.2261 Time: 213.037
Epoch [77/99] Step [90/214] Loss: 1.0935 Time: 213.164
Epoch [77/99] Step [100/214] Loss: 1.1738 Time: 213.291
Epoch [77/99] Step [110/214] Loss: 1.1858 Time: 213.418
Epoch [77/99] Step [120/214] Loss: 1.1445 Time: 213.545
Epoch [77/99] Step [130/214] Loss: 1.2183 Time: 213.672
Epoch [77/99] Step [140/214] Loss: 1.3270 Time: 213.799
Epoch [77/99] Step [150/214] Loss: 1.1220 Time: 213.926
Epoch [77/99] Step [160/214] Loss: 1.3074 Time: 214.053
Epoch [77/99] Step [170/214] Loss: 1.1465 Time: 214.18
Epoch [77/99] Step [180/214] Loss: 1.1545 Time: 214.307
Epoch [77/99] Step [190/214] Loss: 1.1298 Time: 214.434
Epoch [77/99] Step [200/214] Loss: 1.2192 Time: 214.561
Epoch [77/99] Step [210/214] Loss: 1.2417 Time: 214.688
Epoch [78/99] Step [10/214] Loss: 1.2563 Time: 214.864
Epoch [78/99] Step [20/214] Loss: 1.2583 Time: 214.991
Epoch [78/99] Step [30/214] Loss: 1.1496 Time: 215.118
Epoch [78/99] Step [40/214] Loss: 1.1410 Time: 215.245
Epoch [78/99] Step [50/214] Loss: 1.1137 Time: 215.372
Epoch [78/99] Step [60/214] Loss: 1.2546 Time: 215.498
Epoch [78/99] Step [70/214] Loss: 1.2954 Time: 215.625
Epoch [78/99] Step [80/214] Loss: 1.1275 Time: 215.752
Epoch [78/99] Step [90/214] Loss: 1.1971 Time: 215.879
Epoch [78/99] Step [100/214] Loss: 1.2169 Time: 216.006
Epoch [78/99] Step [110/214] Loss: 1.1778 Time: 216.133
Epoch [78/99] Step [120/214] Loss: 1.1803 Time: 216.26
Epoch [78/99] Step [130/214] Loss: 1.3123 Time: 216.387
Epoch [78/99] Step [140/214] Loss: 1.2100 Time: 216.514
Epoch [78/99] Step [150/214] Loss: 1.2026 Time: 216.641
Epoch [78/99] Step [160/214] Loss: 1.1775 Time: 216.768
Epoch [78/99] Step [170/214] Loss: 1.1885 Time: 216.895
Epoch [78/99] Step [180/214] Loss: 1.0870 Time: 217.022
Epoch [78/99] Step [190/214] Loss: 1.2094 Time: 217.149
Epoch [78/99] Step [200/214] Loss: 1.1865 Time: 217.276
Epoch [78/99] Step [210/214] Loss: 1.2527 Time: 217.403
Epoch [79/99] Step [10/214] Loss: 1.1068 Time: 217.579
Epoch [79/99] Step [20/214] Loss: 1.2244 Time: 217.706
Epoch [79/99] Step [30/214] Loss: 1.1775 Time: 217.833
Epoch [79/99] Step [40/214] Loss: 1.1008 Time: 217.959
Epoch [79/99] Step [50/214] Loss: 1.2030 Time: 218.086
Epoch [79/99] Step [60/214] Loss: 1.2140 Time: 218.213
Epoch [79/99] Step [70/214] Loss: 1.2001 Time: 218.34
Epoch [79/99] Step [80/214] Loss: 1.1701 Time: 218.467
Epoch [79/99] Step [90/214] Loss: 1.2762 Time: 218.594
Epoch [79/99] Step [100/214] Loss: 1.1327 Time: 218.721
Epoch [79/99] Step [110/214] Loss: 1.0981 Time: 218.848
Epoch [79/99] Step [120/214] Loss: 1.2332 Time: 218.975
Epoch [79/99] Step [130/214] Loss: 1.1793 Time: 219.102
Epoch [79/99] Step [140/214] Loss: 1.1462 Time: 219.229
Epoch [79/99] Step [150/214] Loss: 1.1580 Time: 219.356
Epoch [79/99] Step [160/214] Loss: 1.2149 Time: 219.483
Epoch [79/99] Step [170/214] Loss: 1.2973 Time: 219.61
Epoch [79/99] Step [180/214] Loss: 1.1841 Time: 219.737
Epoch [79/99] Step [190/214] Loss: 1.2374 Time: 219.863
Epoch [79/99] Step [200/214] Loss: 1.2182 Time: 219.99
Epoch [79/99] Step [210/214] Loss: 1.2011 Time: 220.117
Epoch [80/99] Step [10/214] Loss: 1.1914 Time: 220.293
Epoch [80/99] Step [20/214] Loss: 1.1592 Time: 220.42
Epoch [80/99] Step [30/214] Loss: 1.2671 Time: 220.547
Epoch [80/99] Step [40/214] Loss: 1.1564 Time: 220.674
Epoch [80/99] Step [50/214] Loss: 1.2152 Time: 220.801
Epoch [80/99] Step [60/214] Loss: 1.2340 Time: 220.928
Epoch [80/99] Step [70/214] Loss: 1.0544 Time: 221.056
Epoch [80/99] Step [80/214] Loss: 1.2562 Time: 221.182
Epoch [80/99] Step [90/214] Loss: 1.2310 Time: 221.309
Epoch [80/99] Step [100/214] Loss: 1.2612 Time: 221.437
Epoch [80/99] Step [110/214] Loss: 1.2307 Time: 221.564
Epoch [80/99] Step [120/214] Loss: 1.2044 Time: 221.691
Epoch [80/99] Step [130/214] Loss: 1.1778 Time: 221.818
Epoch [80/99] Step [140/214] Loss: 1.1001 Time: 221.945
Epoch [80/99] Step [150/214] Loss: 1.3000 Time: 222.072
Epoch [80/99] Step [160/214] Loss: 1.1467 Time: 222.199
Epoch [80/99] Step [170/214] Loss: 1.1303 Time: 222.326
Epoch [80/99] Step [180/214] Loss: 1.0938 Time: 222.453
Epoch [80/99] Step [190/214] Loss: 1.2515 Time: 222.58
Epoch [80/99] Step [200/214] Loss: 1.1393 Time: 222.707
Epoch [80/99] Step [210/214] Loss: 1.1698 Time: 222.834
Epoch [81/99] Step [10/214] Loss: 1.1165 Time: 223.01
Epoch [81/99] Step [20/214] Loss: 1.2064 Time: 223.137
Epoch [81/99] Step [30/214] Loss: 1.1201 Time: 223.264
Epoch [81/99] Step [40/214] Loss: 1.2420 Time: 223.391
Epoch [81/99] Step [50/214] Loss: 1.0837 Time: 223.518
Epoch [81/99] Step [60/214] Loss: 1.2209 Time: 223.645
Epoch [81/99] Step [70/214] Loss: 1.2830 Time: 223.772
Epoch [81/99] Step [80/214] Loss: 1.1268 Time: 223.899
Epoch [81/99] Step [90/214] Loss: 1.2397 Time: 224.026
Epoch [81/99] Step [100/214] Loss: 1.2006 Time: 224.153
Epoch [81/99] Step [110/214] Loss: 1.1872 Time: 224.28
Epoch [81/99] Step [120/214] Loss: 1.1637 Time: 224.407
Epoch [81/99] Step [130/214] Loss: 1.2196 Time: 224.534
Epoch [81/99] Step [140/214] Loss: 1.2309 Time: 224.66
Epoch [81/99] Step [150/214] Loss: 1.2313 Time: 224.787
Epoch [81/99] Step [160/214] Loss: 1.2518 Time: 224.914
Epoch [81/99] Step [170/214] Loss: 1.2190 Time: 225.041
Epoch [81/99] Step [180/214] Loss: 1.1860 Time: 225.167
Epoch [81/99] Step [190/214] Loss: 1.1521 Time: 225.294
Epoch [81/99] Step [200/214] Loss: 1.1054 Time: 225.421
Epoch [81/99] Step [210/214] Loss: 1.2272 Time: 225.548
Epoch [82/99] Step [10/214] Loss: 1.1561 Time: 225.724
Epoch [82/99] Step [20/214] Loss: 1.2695 Time: 225.851
Epoch [82/99] Step [30/214] Loss: 1.2133 Time: 225.978
Epoch [82/99] Step [40/214] Loss: 1.1177 Time: 226.104
Epoch [82/99] Step [50/214] Loss: 1.2228 Time: 226.231
Epoch [82/99] Step [60/214] Loss: 1.1370 Time: 226.358
Epoch [82/99] Step [70/214] Loss: 1.1943 Time: 226.485
Epoch [82/99] Step [80/214] Loss: 1.1226 Time: 226.612
Epoch [82/99] Step [90/214] Loss: 1.1412 Time: 226.739
Epoch [82/99] Step [100/214] Loss: 1.1901 Time: 226.866
Epoch [82/99] Step [110/214] Loss: 1.2101 Time: 226.993
Epoch [82/99] Step [120/214] Loss: 1.2283 Time: 227.12
Epoch [82/99] Step [130/214] Loss: 1.1061 Time: 227.248
Epoch [82/99] Step [140/214] Loss: 1.2240 Time: 227.375
Epoch [82/99] Step [150/214] Loss: 1.3088 Time: 227.501
Epoch [82/99] Step [160/214] Loss: 1.2699 Time: 227.628
Epoch [82/99] Step [170/214] Loss: 1.2319 Time: 227.756
Epoch [82/99] Step [180/214] Loss: 1.3227 Time: 227.883
Epoch [82/99] Step [190/214] Loss: 1.1890 Time: 228.01
Epoch [82/99] Step [200/214] Loss: 1.1211 Time: 228.137
Epoch [82/99] Step [210/214] Loss: 1.2228 Time: 228.263
Epoch [83/99] Step [10/214] Loss: 1.2427 Time: 228.439
Epoch [83/99] Step [20/214] Loss: 1.2250 Time: 228.567
Epoch [83/99] Step [30/214] Loss: 1.2122 Time: 228.694
Epoch [83/99] Step [40/214] Loss: 1.2997 Time: 228.821
Epoch [83/99] Step [50/214] Loss: 1.2158 Time: 228.948
Epoch [83/99] Step [60/214] Loss: 1.2784 Time: 229.075
Epoch [83/99] Step [70/214] Loss: 1.2729 Time: 229.202
Epoch [83/99] Step [80/214] Loss: 1.2070 Time: 229.329
Epoch [83/99] Step [90/214] Loss: 1.2605 Time: 229.456
Epoch [83/99] Step [100/214] Loss: 1.1231 Time: 229.583
Epoch [83/99] Step [110/214] Loss: 1.2300 Time: 229.71
Epoch [83/99] Step [120/214] Loss: 1.1853 Time: 229.837
Epoch [83/99] Step [130/214] Loss: 1.1692 Time: 229.964
Epoch [83/99] Step [140/214] Loss: 1.1701 Time: 230.091
Epoch [83/99] Step [150/214] Loss: 1.1639 Time: 230.218
Epoch [83/99] Step [160/214] Loss: 1.3790 Time: 230.345
Epoch [83/99] Step [170/214] Loss: 1.1684 Time: 230.472
Epoch [83/99] Step [180/214] Loss: 1.1653 Time: 230.599
Epoch [83/99] Step [190/214] Loss: 1.2526 Time: 230.726
Epoch [83/99] Step [200/214] Loss: 1.1805 Time: 230.853
Epoch [83/99] Step [210/214] Loss: 1.1458 Time: 230.98
Epoch [84/99] Step [10/214] Loss: 1.3043 Time: 231.155
Epoch [84/99] Step [20/214] Loss: 1.2707 Time: 231.282
Epoch [84/99] Step [30/214] Loss: 1.2578 Time: 231.41
Epoch [84/99] Step [40/214] Loss: 1.2631 Time: 231.537
Epoch [84/99] Step [50/214] Loss: 1.1688 Time: 231.664
Epoch [84/99] Step [60/214] Loss: 1.2857 Time: 231.791
Epoch [84/99] Step [70/214] Loss: 1.2017 Time: 231.917
Epoch [84/99] Step [80/214] Loss: 1.1680 Time: 232.044
Epoch [84/99] Step [90/214] Loss: 1.2262 Time: 232.172
Epoch [84/99] Step [100/214] Loss: 1.1756 Time: 232.299
Epoch [84/99] Step [110/214] Loss: 1.1908 Time: 232.426
Epoch [84/99] Step [120/214] Loss: 1.2726 Time: 232.553
Epoch [84/99] Step [130/214] Loss: 1.3026 Time: 232.68
Epoch [84/99] Step [140/214] Loss: 1.2381 Time: 232.807
Epoch [84/99] Step [150/214] Loss: 1.2085 Time: 232.934
Epoch [84/99] Step [160/214] Loss: 1.2119 Time: 233.061
Epoch [84/99] Step [170/214] Loss: 1.1787 Time: 233.188
Epoch [84/99] Step [180/214] Loss: 1.2412 Time: 233.315
Epoch [84/99] Step [190/214] Loss: 1.1745 Time: 233.441
Epoch [84/99] Step [200/214] Loss: 1.1972 Time: 233.568
Epoch [84/99] Step [210/214] Loss: 1.1667 Time: 233.695
Epoch [85/99] Step [10/214] Loss: 1.2739 Time: 233.871
Epoch [85/99] Step [20/214] Loss: 1.1637 Time: 233.998
Epoch [85/99] Step [30/214] Loss: 1.2288 Time: 234.125
Epoch [85/99] Step [40/214] Loss: 1.2222 Time: 234.252
Epoch [85/99] Step [50/214] Loss: 1.2460 Time: 234.379
Epoch [85/99] Step [60/214] Loss: 1.2609 Time: 234.506
Epoch [85/99] Step [70/214] Loss: 1.1861 Time: 234.639
Epoch [85/99] Step [80/214] Loss: 1.2174 Time: 234.766
Epoch [85/99] Step [90/214] Loss: 1.2034 Time: 234.893
Epoch [85/99] Step [100/214] Loss: 1.2588 Time: 235.02
Epoch [85/99] Step [110/214] Loss: 1.2238 Time: 235.147
Epoch [85/99] Step [120/214] Loss: 1.0750 Time: 235.274
Epoch [85/99] Step [130/214] Loss: 1.3045 Time: 235.401
Epoch [85/99] Step [140/214] Loss: 1.2385 Time: 235.528
Epoch [85/99] Step [150/214] Loss: 1.1724 Time: 235.655
Epoch [85/99] Step [160/214] Loss: 1.3498 Time: 235.782
Epoch [85/99] Step [170/214] Loss: 1.1386 Time: 235.909
Epoch [85/99] Step [180/214] Loss: 1.1468 Time: 236.036
Epoch [85/99] Step [190/214] Loss: 1.0957 Time: 236.163
Epoch [85/99] Step [200/214] Loss: 1.3216 Time: 236.29
Epoch [85/99] Step [210/214] Loss: 1.1383 Time: 236.417
Epoch [86/99] Step [10/214] Loss: 1.1404 Time: 236.593
Epoch [86/99] Step [20/214] Loss: 1.1892 Time: 236.72
Epoch [86/99] Step [30/214] Loss: 1.1876 Time: 236.847
Epoch [86/99] Step [40/214] Loss: 1.1748 Time: 236.974
Epoch [86/99] Step [50/214] Loss: 1.1716 Time: 237.101
Epoch [86/99] Step [60/214] Loss: 1.2621 Time: 237.228
Epoch [86/99] Step [70/214] Loss: 1.2224 Time: 237.355
Epoch [86/99] Step [80/214] Loss: 1.1741 Time: 237.482
Epoch [86/99] Step [90/214] Loss: 1.2692 Time: 237.61
Epoch [86/99] Step [100/214] Loss: 1.1633 Time: 237.737
Epoch [86/99] Step [110/214] Loss: 1.1385 Time: 237.863
Epoch [86/99] Step [120/214] Loss: 1.1630 Time: 237.99
Epoch [86/99] Step [130/214] Loss: 1.1426 Time: 238.117
Epoch [86/99] Step [140/214] Loss: 1.2389 Time: 238.244
Epoch [86/99] Step [150/214] Loss: 1.2621 Time: 238.371
Epoch [86/99] Step [160/214] Loss: 1.2275 Time: 238.498
Epoch [86/99] Step [170/214] Loss: 1.1861 Time: 238.625
Epoch [86/99] Step [180/214] Loss: 1.2139 Time: 238.752
Epoch [86/99] Step [190/214] Loss: 1.3292 Time: 238.879
Epoch [86/99] Step [200/214] Loss: 1.2641 Time: 239.006
Epoch [86/99] Step [210/214] Loss: 1.1699 Time: 239.133
Epoch [87/99] Step [10/214] Loss: 1.1511 Time: 239.309
Epoch [87/99] Step [20/214] Loss: 1.2101 Time: 239.436
Epoch [87/99] Step [30/214] Loss: 1.2242 Time: 239.563
Epoch [87/99] Step [40/214] Loss: 1.2920 Time: 239.69
Epoch [87/99] Step [50/214] Loss: 1.2923 Time: 239.817
Epoch [87/99] Step [60/214] Loss: 1.1654 Time: 239.944
Epoch [87/99] Step [70/214] Loss: 1.2249 Time: 240.071
Epoch [87/99] Step [80/214] Loss: 1.1574 Time: 240.198
Epoch [87/99] Step [90/214] Loss: 1.2551 Time: 240.325
Epoch [87/99] Step [100/214] Loss: 1.1571 Time: 240.452
Epoch [87/99] Step [110/214] Loss: 1.2709 Time: 240.579
Epoch [87/99] Step [120/214] Loss: 1.1990 Time: 240.706
Epoch [87/99] Step [130/214] Loss: 1.2037 Time: 240.833
Epoch [87/99] Step [140/214] Loss: 1.2229 Time: 240.959
Epoch [87/99] Step [150/214] Loss: 1.1792 Time: 241.086
Epoch [87/99] Step [160/214] Loss: 1.2431 Time: 241.213
Epoch [87/99] Step [170/214] Loss: 1.2032 Time: 241.34
Epoch [87/99] Step [180/214] Loss: 1.1545 Time: 241.467
Epoch [87/99] Step [190/214] Loss: 1.2139 Time: 241.594
Epoch [87/99] Step [200/214] Loss: 1.2163 Time: 241.721
Epoch [87/99] Step [210/214] Loss: 1.1529 Time: 241.848
Epoch [88/99] Step [10/214] Loss: 1.1495 Time: 242.024
Epoch [88/99] Step [20/214] Loss: 1.1430 Time: 242.151
Epoch [88/99] Step [30/214] Loss: 1.1451 Time: 242.278
Epoch [88/99] Step [40/214] Loss: 1.1707 Time: 242.406
Epoch [88/99] Step [50/214] Loss: 1.2369 Time: 242.533
Epoch [88/99] Step [60/214] Loss: 1.1517 Time: 242.659
Epoch [88/99] Step [70/214] Loss: 1.1375 Time: 242.786
Epoch [88/99] Step [80/214] Loss: 1.1655 Time: 242.913
Epoch [88/99] Step [90/214] Loss: 1.2790 Time: 243.04
Epoch [88/99] Step [100/214] Loss: 1.1735 Time: 243.167
Epoch [88/99] Step [110/214] Loss: 1.2094 Time: 243.295
Epoch [88/99] Step [120/214] Loss: 1.1931 Time: 243.421
Epoch [88/99] Step [130/214] Loss: 1.3082 Time: 243.548
Epoch [88/99] Step [140/214] Loss: 1.2713 Time: 243.675
Epoch [88/99] Step [150/214] Loss: 1.1616 Time: 243.803
Epoch [88/99] Step [160/214] Loss: 1.1448 Time: 243.93
Epoch [88/99] Step [170/214] Loss: 1.1353 Time: 244.056
Epoch [88/99] Step [180/214] Loss: 1.2622 Time: 244.183
Epoch [88/99] Step [190/214] Loss: 1.2404 Time: 244.31
Epoch [88/99] Step [200/214] Loss: 1.1937 Time: 244.437
Epoch [88/99] Step [210/214] Loss: 1.2770 Time: 244.564
Epoch [89/99] Step [10/214] Loss: 1.3109 Time: 244.74
Epoch [89/99] Step [20/214] Loss: 1.2241 Time: 244.867
Epoch [89/99] Step [30/214] Loss: 1.0483 Time: 244.994
Epoch [89/99] Step [40/214] Loss: 1.2006 Time: 245.121
Epoch [89/99] Step [50/214] Loss: 1.1526 Time: 245.248
Epoch [89/99] Step [60/214] Loss: 1.3589 Time: 245.375
Epoch [89/99] Step [70/214] Loss: 1.3503 Time: 245.501
Epoch [89/99] Step [80/214] Loss: 1.1278 Time: 245.628
Epoch [89/99] Step [90/214] Loss: 1.2298 Time: 245.755
Epoch [89/99] Step [100/214] Loss: 1.1758 Time: 245.882
Epoch [89/99] Step [110/214] Loss: 1.2991 Time: 246.009
Epoch [89/99] Step [120/214] Loss: 1.1570 Time: 246.136
Epoch [89/99] Step [130/214] Loss: 1.2471 Time: 246.263
Epoch [89/99] Step [140/214] Loss: 1.1597 Time: 246.39
Epoch [89/99] Step [150/214] Loss: 1.0964 Time: 246.517
Epoch [89/99] Step [160/214] Loss: 1.1891 Time: 246.644
Epoch [89/99] Step [170/214] Loss: 1.1897 Time: 246.771
Epoch [89/99] Step [180/214] Loss: 1.1238 Time: 246.898
Epoch [89/99] Step [190/214] Loss: 1.2893 Time: 247.025
Epoch [89/99] Step [200/214] Loss: 1.3752 Time: 247.152
Epoch [89/99] Step [210/214] Loss: 1.2014 Time: 247.279
Epoch [90/99] Step [10/214] Loss: 1.1213 Time: 247.455
Epoch [90/99] Step [20/214] Loss: 1.1942 Time: 247.582
Epoch [90/99] Step [30/214] Loss: 1.2342 Time: 247.708
Epoch [90/99] Step [40/214] Loss: 1.1440 Time: 247.835
Epoch [90/99] Step [50/214] Loss: 1.2651 Time: 247.962
Epoch [90/99] Step [60/214] Loss: 1.2324 Time: 248.089
Epoch [90/99] Step [70/214] Loss: 1.1983 Time: 248.216
Epoch [90/99] Step [80/214] Loss: 1.1213 Time: 248.343
Epoch [90/99] Step [90/214] Loss: 1.2283 Time: 248.47
Epoch [90/99] Step [100/214] Loss: 1.1259 Time: 248.597
Epoch [90/99] Step [110/214] Loss: 1.1566 Time: 248.724
Epoch [90/99] Step [120/214] Loss: 1.2104 Time: 248.851
Epoch [90/99] Step [130/214] Loss: 1.2395 Time: 248.978
Epoch [90/99] Step [140/214] Loss: 1.2440 Time: 249.105
Epoch [90/99] Step [150/214] Loss: 1.3431 Time: 249.232
Epoch [90/99] Step [160/214] Loss: 1.2164 Time: 249.359
Epoch [90/99] Step [170/214] Loss: 1.3361 Time: 249.486
Epoch [90/99] Step [180/214] Loss: 1.1579 Time: 249.612
Epoch [90/99] Step [190/214] Loss: 1.1328 Time: 249.74
Epoch [90/99] Step [200/214] Loss: 1.3159 Time: 249.866
Epoch [90/99] Step [210/214] Loss: 1.2137 Time: 249.993
Epoch [91/99] Step [10/214] Loss: 1.2382 Time: 250.169
Epoch [91/99] Step [20/214] Loss: 1.1203 Time: 250.296
Epoch [91/99] Step [30/214] Loss: 1.0828 Time: 250.423
Epoch [91/99] Step [40/214] Loss: 1.2128 Time: 250.55
Epoch [91/99] Step [50/214] Loss: 1.1490 Time: 250.677
Epoch [91/99] Step [60/214] Loss: 1.2695 Time: 250.804
Epoch [91/99] Step [70/214] Loss: 1.2086 Time: 250.931
Epoch [91/99] Step [80/214] Loss: 1.1186 Time: 251.058
Epoch [91/99] Step [90/214] Loss: 1.2762 Time: 251.185
Epoch [91/99] Step [100/214] Loss: 1.1726 Time: 251.312
Epoch [91/99] Step [110/214] Loss: 1.0930 Time: 251.439
Epoch [91/99] Step [120/214] Loss: 1.1779 Time: 251.566
Epoch [91/99] Step [130/214] Loss: 1.1528 Time: 251.693
Epoch [91/99] Step [140/214] Loss: 1.2190 Time: 251.82
Epoch [91/99] Step [150/214] Loss: 1.2302 Time: 251.947
Epoch [91/99] Step [160/214] Loss: 1.1539 Time: 252.074
Epoch [91/99] Step [170/214] Loss: 1.2776 Time: 252.2
Epoch [91/99] Step [180/214] Loss: 1.1634 Time: 252.327
Epoch [91/99] Step [190/214] Loss: 1.2706 Time: 252.454
Epoch [91/99] Step [200/214] Loss: 1.1105 Time: 252.581
Epoch [91/99] Step [210/214] Loss: 1.2238 Time: 252.708
Epoch [92/99] Step [10/214] Loss: 1.3792 Time: 252.884
Epoch [92/99] Step [20/214] Loss: 1.2076 Time: 253.011
Epoch [92/99] Step [30/214] Loss: 1.2803 Time: 253.138
Epoch [92/99] Step [40/214] Loss: 1.2447 Time: 253.264
Epoch [92/99] Step [50/214] Loss: 1.2229 Time: 253.391
Epoch [92/99] Step [60/214] Loss: 1.1873 Time: 253.518
Epoch [92/99] Step [70/214] Loss: 1.1420 Time: 253.645
Epoch [92/99] Step [80/214] Loss: 1.2101 Time: 253.772
Epoch [92/99] Step [90/214] Loss: 1.2251 Time: 253.899
Epoch [92/99] Step [100/214] Loss: 1.1970 Time: 254.026
Epoch [92/99] Step [110/214] Loss: 1.2407 Time: 254.152
Epoch [92/99] Step [120/214] Loss: 1.1806 Time: 254.279
Epoch [92/99] Step [130/214] Loss: 1.1320 Time: 254.406
Epoch [92/99] Step [140/214] Loss: 1.1015 Time: 254.533
Epoch [92/99] Step [150/214] Loss: 1.1245 Time: 254.66
Epoch [92/99] Step [160/214] Loss: 1.1725 Time: 254.787
Epoch [92/99] Step [170/214] Loss: 1.1851 Time: 254.914
Epoch [92/99] Step [180/214] Loss: 1.1408 Time: 255.041
Epoch [92/99] Step [190/214] Loss: 1.1706 Time: 255.169
Epoch [92/99] Step [200/214] Loss: 1.2268 Time: 255.296
Epoch [92/99] Step [210/214] Loss: 1.2421 Time: 255.423
Epoch [93/99] Step [10/214] Loss: 1.1587 Time: 255.599
Epoch [93/99] Step [20/214] Loss: 1.2348 Time: 255.726
Epoch [93/99] Step [30/214] Loss: 1.1521 Time: 255.853
Epoch [93/99] Step [40/214] Loss: 1.1470 Time: 255.98
Epoch [93/99] Step [50/214] Loss: 1.3507 Time: 256.107
Epoch [93/99] Step [60/214] Loss: 1.1670 Time: 256.234
Epoch [93/99] Step [70/214] Loss: 1.1277 Time: 256.361
Epoch [93/99] Step [80/214] Loss: 1.1468 Time: 256.488
Epoch [93/99] Step [90/214] Loss: 1.2922 Time: 256.614
Epoch [93/99] Step [100/214] Loss: 1.1382 Time: 256.742
Epoch [93/99] Step [110/214] Loss: 1.2269 Time: 256.869
Epoch [93/99] Step [120/214] Loss: 1.1761 Time: 256.996
Epoch [93/99] Step [130/214] Loss: 1.1707 Time: 257.123
Epoch [93/99] Step [140/214] Loss: 1.1768 Time: 257.25
Epoch [93/99] Step [150/214] Loss: 1.1696 Time: 257.377
Epoch [93/99] Step [160/214] Loss: 1.2527 Time: 257.503
Epoch [93/99] Step [170/214] Loss: 1.1291 Time: 257.631
Epoch [93/99] Step [180/214] Loss: 1.2968 Time: 257.758
Epoch [93/99] Step [190/214] Loss: 1.2191 Time: 257.885
Epoch [93/99] Step [200/214] Loss: 1.2231 Time: 258.012
Epoch [93/99] Step [210/214] Loss: 1.1235 Time: 258.139
Epoch [94/99] Step [10/214] Loss: 1.1996 Time: 258.315
Epoch [94/99] Step [20/214] Loss: 1.2807 Time: 258.442
Epoch [94/99] Step [30/214] Loss: 1.1604 Time: 258.569
Epoch [94/99] Step [40/214] Loss: 1.2347 Time: 258.696
Epoch [94/99] Step [50/214] Loss: 1.1541 Time: 258.823
Epoch [94/99] Step [60/214] Loss: 1.2673 Time: 258.95
Epoch [94/99] Step [70/214] Loss: 1.2025 Time: 259.077
Epoch [94/99] Step [80/214] Loss: 1.2093 Time: 259.204
Epoch [94/99] Step [90/214] Loss: 1.1126 Time: 259.331
Epoch [94/99] Step [100/214] Loss: 1.2376 Time: 259.458
Epoch [94/99] Step [110/214] Loss: 1.1920 Time: 259.584
Epoch [94/99] Step [120/214] Loss: 1.1543 Time: 259.711
Epoch [94/99] Step [130/214] Loss: 1.1615 Time: 259.838
Epoch [94/99] Step [140/214] Loss: 1.1020 Time: 259.965
Epoch [94/99] Step [150/214] Loss: 1.2398 Time: 260.092
Epoch [94/99] Step [160/214] Loss: 1.1770 Time: 260.219
Epoch [94/99] Step [170/214] Loss: 1.1728 Time: 260.346
Epoch [94/99] Step [180/214] Loss: 1.1501 Time: 260.473
Epoch [94/99] Step [190/214] Loss: 1.2807 Time: 260.6
Epoch [94/99] Step [200/214] Loss: 1.1609 Time: 260.727
Epoch [94/99] Step [210/214] Loss: 1.2592 Time: 260.854
Epoch [95/99] Step [10/214] Loss: 1.1533 Time: 261.03
Epoch [95/99] Step [20/214] Loss: 1.1886 Time: 261.157
Epoch [95/99] Step [30/214] Loss: 1.3200 Time: 261.284
Epoch [95/99] Step [40/214] Loss: 1.1261 Time: 261.411
Epoch [95/99] Step [50/214] Loss: 1.2235 Time: 261.538
Epoch [95/99] Step [60/214] Loss: 1.2680 Time: 261.665
Epoch [95/99] Step [70/214] Loss: 1.2962 Time: 261.792
Epoch [95/99] Step [80/214] Loss: 1.2683 Time: 261.919
Epoch [95/99] Step [90/214] Loss: 1.1514 Time: 262.046
Epoch [95/99] Step [100/214] Loss: 1.1126 Time: 262.173
Epoch [95/99] Step [110/214] Loss: 1.1325 Time: 262.299
Epoch [95/99] Step [120/214] Loss: 1.1786 Time: 262.427
Epoch [95/99] Step [130/214] Loss: 1.3341 Time: 262.554
Epoch [95/99] Step [140/214] Loss: 1.2096 Time: 262.68
Epoch [95/99] Step [150/214] Loss: 1.1571 Time: 262.807
Epoch [95/99] Step [160/214] Loss: 1.2108 Time: 262.934
Epoch [95/99] Step [170/214] Loss: 1.1216 Time: 263.061
Epoch [95/99] Step [180/214] Loss: 1.1974 Time: 263.188
Epoch [95/99] Step [190/214] Loss: 1.1480 Time: 263.315
Epoch [95/99] Step [200/214] Loss: 1.2523 Time: 263.442
Epoch [95/99] Step [210/214] Loss: 1.2242 Time: 263.569
Epoch [96/99] Step [10/214] Loss: 1.1798 Time: 263.745
Epoch [96/99] Step [20/214] Loss: 1.1880 Time: 263.872
Epoch [96/99] Step [30/214] Loss: 1.2558 Time: 263.999
Epoch [96/99] Step [40/214] Loss: 1.1588 Time: 264.126
Epoch [96/99] Step [50/214] Loss: 1.3888 Time: 264.253
Epoch [96/99] Step [60/214] Loss: 1.1652 Time: 264.381
Epoch [96/99] Step [70/214] Loss: 1.2244 Time: 264.508
Epoch [96/99] Step [80/214] Loss: 1.2616 Time: 264.639
Epoch [96/99] Step [90/214] Loss: 1.1569 Time: 264.766
Epoch [96/99] Step [100/214] Loss: 1.0860 Time: 264.893
Epoch [96/99] Step [110/214] Loss: 1.1013 Time: 265.021
Epoch [96/99] Step [120/214] Loss: 1.1462 Time: 265.148
Epoch [96/99] Step [130/214] Loss: 1.2603 Time: 265.275
Epoch [96/99] Step [140/214] Loss: 1.2489 Time: 265.402
Epoch [96/99] Step [150/214] Loss: 1.1941 Time: 265.529
Epoch [96/99] Step [160/214] Loss: 1.2220 Time: 265.656
Epoch [96/99] Step [170/214] Loss: 1.2702 Time: 265.783
Epoch [96/99] Step [180/214] Loss: 1.2535 Time: 265.91
Epoch [96/99] Step [190/214] Loss: 1.1506 Time: 266.037
Epoch [96/99] Step [200/214] Loss: 1.2615 Time: 266.165
Epoch [96/99] Step [210/214] Loss: 1.2280 Time: 266.291
Epoch [97/99] Step [10/214] Loss: 1.1756 Time: 266.467
Epoch [97/99] Step [20/214] Loss: 1.0952 Time: 266.594
Epoch [97/99] Step [30/214] Loss: 1.1467 Time: 266.721
Epoch [97/99] Step [40/214] Loss: 1.2412 Time: 266.848
Epoch [97/99] Step [50/214] Loss: 1.1199 Time: 266.976
Epoch [97/99] Step [60/214] Loss: 1.2279 Time: 267.102
Epoch [97/99] Step [70/214] Loss: 1.2401 Time: 267.229
Epoch [97/99] Step [80/214] Loss: 1.1849 Time: 267.356
Epoch [97/99] Step [90/214] Loss: 1.1560 Time: 267.484
Epoch [97/99] Step [100/214] Loss: 1.1187 Time: 267.611
Epoch [97/99] Step [110/214] Loss: 1.2698 Time: 267.737
Epoch [97/99] Step [120/214] Loss: 1.1235 Time: 267.865
Epoch [97/99] Step [130/214] Loss: 1.1414 Time: 267.992
Epoch [97/99] Step [140/214] Loss: 1.2358 Time: 268.118
Epoch [97/99] Step [150/214] Loss: 1.1688 Time: 268.246
Epoch [97/99] Step [160/214] Loss: 1.1648 Time: 268.373
Epoch [97/99] Step [170/214] Loss: 1.1976 Time: 268.5
Epoch [97/99] Step [180/214] Loss: 1.1437 Time: 268.627
Epoch [97/99] Step [190/214] Loss: 1.1161 Time: 268.754
Epoch [97/99] Step [200/214] Loss: 1.0776 Time: 268.881
Epoch [97/99] Step [210/214] Loss: 1.2366 Time: 269.008
Epoch [98/99] Step [10/214] Loss: 1.3209 Time: 269.184
Epoch [98/99] Step [20/214] Loss: 1.2940 Time: 269.311
Epoch [98/99] Step [30/214] Loss: 1.1478 Time: 269.438
Epoch [98/99] Step [40/214] Loss: 1.3820 Time: 269.565
Epoch [98/99] Step [50/214] Loss: 1.2263 Time: 269.693
Epoch [98/99] Step [60/214] Loss: 1.2351 Time: 269.82
Epoch [98/99] Step [70/214] Loss: 1.1869 Time: 269.947
Epoch [98/99] Step [80/214] Loss: 1.1363 Time: 270.074
Epoch [98/99] Step [90/214] Loss: 1.0969 Time: 270.201
Epoch [98/99] Step [100/214] Loss: 1.3148 Time: 270.328
Epoch [98/99] Step [110/214] Loss: 1.1952 Time: 270.455
Epoch [98/99] Step [120/214] Loss: 1.1532 Time: 270.582
Epoch [98/99] Step [130/214] Loss: 1.1380 Time: 270.71
Epoch [98/99] Step [140/214] Loss: 1.2180 Time: 270.837
Epoch [98/99] Step [150/214] Loss: 1.1794 Time: 270.963
Epoch [98/99] Step [160/214] Loss: 1.1881 Time: 271.09
Epoch [98/99] Step [170/214] Loss: 1.2555 Time: 271.217
Epoch [98/99] Step [180/214] Loss: 1.1893 Time: 271.344
Epoch [98/99] Step [190/214] Loss: 1.2272 Time: 271.471
Epoch [98/99] Step [200/214] Loss: 1.2164 Time: 271.598
Epoch [98/99] Step [210/214] Loss: 1.1614 Time: 271.726
Epoch [99/99] Step [10/214] Loss: 1.2013 Time: 271.902
Epoch [99/99] Step [20/214] Loss: 1.1300 Time: 272.029
Epoch [99/99] Step [30/214] Loss: 1.1315 Time: 272.156
Epoch [99/99] Step [40/214] Loss: 1.3136 Time: 272.283
Epoch [99/99] Step [50/214] Loss: 1.1928 Time: 272.41
Epoch [99/99] Step [60/214] Loss: 1.1096 Time: 272.536
Epoch [99/99] Step [70/214] Loss: 1.2098 Time: 272.663
Epoch [99/99] Step [80/214] Loss: 1.1529 Time: 272.79
Epoch [99/99] Step [90/214] Loss: 1.1585 Time: 272.917
Epoch [99/99] Step [100/214] Loss: 1.1094 Time: 273.044
Epoch [99/99] Step [110/214] Loss: 1.1836 Time: 273.171
Epoch [99/99] Step [120/214] Loss: 1.2441 Time: 273.298
Epoch [99/99] Step [130/214] Loss: 1.2211 Time: 273.425
Epoch [99/99] Step [140/214] Loss: 1.1067 Time: 273.551
Epoch [99/99] Step [150/214] Loss: 1.2491 Time: 273.678
Epoch [99/99] Step [160/214] Loss: 1.2309 Time: 273.805
Epoch [99/99] Step [170/214] Loss: 1.2181 Time: 273.932
Epoch [99/99] Step [180/214] Loss: 1.2218 Time: 274.059
Epoch [99/99] Step [190/214] Loss: 1.1418 Time: 274.186
Epoch [99/99] Step [200/214] Loss: 1.1842 Time: 274.313
Epoch [99/99] Step [210/214] Loss: 1.1360 Time: 274.44
#### TRAINED MODEL CNN_LSTM training time: 274.481 total time: 274.481 ####
#### TRAINING MODEL LSTM_CNN ####
Epoch [1/99] Step [10/214] Loss: 1.2856 Time: 0.481
Epoch [1/99] Step [20/214] Loss: 1.2840 Time: 0.935
Epoch [1/99] Step [30/214] Loss: 1.2242 Time: 1.389
Epoch [1/99] Step [40/214] Loss: 1.1203 Time: 1.843
Epoch [1/99] Step [50/214] Loss: 1.1062 Time: 2.297
Epoch [1/99] Step [60/214] Loss: 1.2164 Time: 2.752
Epoch [1/99] Step [70/214] Loss: 1.2618 Time: 3.206
Epoch [1/99] Step [80/214] Loss: 1.1596 Time: 3.659
Epoch [1/99] Step [90/214] Loss: 1.2068 Time: 4.113
Epoch [1/99] Step [100/214] Loss: 1.1831 Time: 4.567
Epoch [1/99] Step [110/214] Loss: 1.2253 Time: 5.021
Epoch [1/99] Step [120/214] Loss: 1.2249 Time: 5.475
Epoch [1/99] Step [130/214] Loss: 1.2579 Time: 5.93
Epoch [1/99] Step [140/214] Loss: 1.2910 Time: 6.384
Epoch [1/99] Step [150/214] Loss: 1.1941 Time: 6.837
Epoch [1/99] Step [160/214] Loss: 1.1733 Time: 7.291
Epoch [1/99] Step [170/214] Loss: 1.1550 Time: 7.745
Epoch [1/99] Step [180/214] Loss: 1.2269 Time: 8.199
Epoch [1/99] Step [190/214] Loss: 1.2543 Time: 8.652
Epoch [1/99] Step [200/214] Loss: 1.2920 Time: 9.106
Epoch [1/99] Step [210/214] Loss: 1.1858 Time: 9.56
Epoch [2/99] Step [10/214] Loss: 1.1229 Time: 10.192
Epoch [2/99] Step [20/214] Loss: 1.1083 Time: 10.647
Epoch [2/99] Step [30/214] Loss: 1.0919 Time: 11.101
Epoch [2/99] Step [40/214] Loss: 1.2920 Time: 11.556
Epoch [2/99] Step [50/214] Loss: 1.2469 Time: 12.01
Epoch [2/99] Step [60/214] Loss: 1.2729 Time: 12.464
Epoch [2/99] Step [70/214] Loss: 1.2028 Time: 12.918
Epoch [2/99] Step [80/214] Loss: 1.2213 Time: 13.373
Epoch [2/99] Step [90/214] Loss: 1.2579 Time: 13.827
Epoch [2/99] Step [100/214] Loss: 1.1167 Time: 14.281
Epoch [2/99] Step [110/214] Loss: 1.2892 Time: 14.736
Epoch [2/99] Step [120/214] Loss: 1.3107 Time: 15.191
Epoch [2/99] Step [130/214] Loss: 1.2215 Time: 15.645
Epoch [2/99] Step [140/214] Loss: 1.1590 Time: 16.1
Epoch [2/99] Step [150/214] Loss: 1.2428 Time: 16.554
Epoch [2/99] Step [160/214] Loss: 1.2323 Time: 17.009
Epoch [2/99] Step [170/214] Loss: 1.2385 Time: 17.463
Epoch [2/99] Step [180/214] Loss: 1.1463 Time: 17.917
Epoch [2/99] Step [190/214] Loss: 1.2793 Time: 18.371
Epoch [2/99] Step [200/214] Loss: 1.2196 Time: 18.824
Epoch [2/99] Step [210/214] Loss: 1.2502 Time: 19.277
Epoch [3/99] Step [10/214] Loss: 1.2234 Time: 19.909
Epoch [3/99] Step [20/214] Loss: 1.2707 Time: 20.371
Epoch [3/99] Step [30/214] Loss: 1.2032 Time: 20.826
Epoch [3/99] Step [40/214] Loss: 1.2414 Time: 21.279
Epoch [3/99] Step [50/214] Loss: 1.2163 Time: 21.732
Epoch [3/99] Step [60/214] Loss: 1.1834 Time: 22.187
Epoch [3/99] Step [70/214] Loss: 1.1732 Time: 22.641
Epoch [3/99] Step [80/214] Loss: 1.1709 Time: 23.094
Epoch [3/99] Step [90/214] Loss: 1.2631 Time: 23.547
Epoch [3/99] Step [100/214] Loss: 1.2618 Time: 24.001
Epoch [3/99] Step [110/214] Loss: 1.2135 Time: 24.456
Epoch [3/99] Step [120/214] Loss: 1.2581 Time: 24.909
Epoch [3/99] Step [130/214] Loss: 1.1776 Time: 25.363
Epoch [3/99] Step [140/214] Loss: 1.1701 Time: 25.817
Epoch [3/99] Step [150/214] Loss: 1.1729 Time: 26.271
Epoch [3/99] Step [160/214] Loss: 1.3028 Time: 26.725
Epoch [3/99] Step [170/214] Loss: 1.2367 Time: 27.18
Epoch [3/99] Step [180/214] Loss: 1.1144 Time: 27.635
Epoch [3/99] Step [190/214] Loss: 1.3794 Time: 28.089
Epoch [3/99] Step [200/214] Loss: 1.2463 Time: 28.543
Epoch [3/99] Step [210/214] Loss: 1.1982 Time: 28.996
Epoch [4/99] Step [10/214] Loss: 1.1058 Time: 29.629
Epoch [4/99] Step [20/214] Loss: 1.2040 Time: 30.082
Epoch [4/99] Step [30/214] Loss: 1.1174 Time: 30.535
Epoch [4/99] Step [40/214] Loss: 1.0579 Time: 30.99
Epoch [4/99] Step [50/214] Loss: 1.1565 Time: 31.443
Epoch [4/99] Step [60/214] Loss: 1.3080 Time: 31.898
Epoch [4/99] Step [70/214] Loss: 1.1293 Time: 32.352
Epoch [4/99] Step [80/214] Loss: 1.1855 Time: 32.807
Epoch [4/99] Step [90/214] Loss: 1.2259 Time: 33.261
Epoch [4/99] Step [100/214] Loss: 1.1414 Time: 33.714
Epoch [4/99] Step [110/214] Loss: 1.1629 Time: 34.168
Epoch [4/99] Step [120/214] Loss: 1.2445 Time: 34.622
Epoch [4/99] Step [130/214] Loss: 1.1673 Time: 35.077
Epoch [4/99] Step [140/214] Loss: 1.2432 Time: 35.531
Epoch [4/99] Step [150/214] Loss: 1.1343 Time: 35.986
Epoch [4/99] Step [160/214] Loss: 1.2917 Time: 36.439
Epoch [4/99] Step [170/214] Loss: 1.1574 Time: 36.894
Epoch [4/99] Step [180/214] Loss: 1.3727 Time: 37.348
Epoch [4/99] Step [190/214] Loss: 1.2234 Time: 37.802
Epoch [4/99] Step [200/214] Loss: 1.1165 Time: 38.257
Epoch [4/99] Step [210/214] Loss: 1.1528 Time: 38.711
Epoch [5/99] Step [10/214] Loss: 1.2816 Time: 39.343
Epoch [5/99] Step [20/214] Loss: 1.1728 Time: 39.797
Epoch [5/99] Step [30/214] Loss: 1.2905 Time: 40.25
Epoch [5/99] Step [40/214] Loss: 1.3121 Time: 40.705
Epoch [5/99] Step [50/214] Loss: 1.2814 Time: 41.16
Epoch [5/99] Step [60/214] Loss: 1.3275 Time: 41.614
Epoch [5/99] Step [70/214] Loss: 1.2241 Time: 42.069
Epoch [5/99] Step [80/214] Loss: 1.2875 Time: 42.523
Epoch [5/99] Step [90/214] Loss: 1.1830 Time: 42.978
Epoch [5/99] Step [100/214] Loss: 1.2193 Time: 43.433
Epoch [5/99] Step [110/214] Loss: 1.2793 Time: 43.887
Epoch [5/99] Step [120/214] Loss: 1.1262 Time: 44.341
Epoch [5/99] Step [130/214] Loss: 1.2001 Time: 44.795
Epoch [5/99] Step [140/214] Loss: 1.2485 Time: 45.25
Epoch [5/99] Step [150/214] Loss: 1.1793 Time: 45.704
Epoch [5/99] Step [160/214] Loss: 1.1212 Time: 46.158
Epoch [5/99] Step [170/214] Loss: 1.2598 Time: 46.613
Epoch [5/99] Step [180/214] Loss: 1.1659 Time: 47.068
Epoch [5/99] Step [190/214] Loss: 1.3143 Time: 47.522
Epoch [5/99] Step [200/214] Loss: 1.2866 Time: 47.977
Epoch [5/99] Step [210/214] Loss: 1.1539 Time: 48.431
Epoch [6/99] Step [10/214] Loss: 1.2035 Time: 49.063
Epoch [6/99] Step [20/214] Loss: 1.1762 Time: 49.517
Epoch [6/99] Step [30/214] Loss: 1.2237 Time: 49.971
Epoch [6/99] Step [40/214] Loss: 1.2376 Time: 50.425
Epoch [6/99] Step [50/214] Loss: 1.1369 Time: 50.879
Epoch [6/99] Step [60/214] Loss: 1.1824 Time: 51.333
Epoch [6/99] Step [70/214] Loss: 1.2431 Time: 51.788
Epoch [6/99] Step [80/214] Loss: 1.1749 Time: 52.242
Epoch [6/99] Step [90/214] Loss: 1.1432 Time: 52.696
Epoch [6/99] Step [100/214] Loss: 1.1891 Time: 53.151
Epoch [6/99] Step [110/214] Loss: 1.1725 Time: 53.604
Epoch [6/99] Step [120/214] Loss: 1.1759 Time: 54.059
Epoch [6/99] Step [130/214] Loss: 1.1913 Time: 54.513
Epoch [6/99] Step [140/214] Loss: 1.2991 Time: 54.967
Epoch [6/99] Step [150/214] Loss: 1.1366 Time: 55.422
Epoch [6/99] Step [160/214] Loss: 1.2218 Time: 55.876
Epoch [6/99] Step [170/214] Loss: 1.0841 Time: 56.33
Epoch [6/99] Step [180/214] Loss: 1.2486 Time: 56.784
Epoch [6/99] Step [190/214] Loss: 1.2021 Time: 57.237
Epoch [6/99] Step [200/214] Loss: 1.1662 Time: 57.692
Epoch [6/99] Step [210/214] Loss: 1.1930 Time: 58.145
Epoch [7/99] Step [10/214] Loss: 1.3097 Time: 58.777
Epoch [7/99] Step [20/214] Loss: 1.2090 Time: 59.23
Epoch [7/99] Step [30/214] Loss: 1.2532 Time: 59.685
Epoch [7/99] Step [40/214] Loss: 1.3079 Time: 60.14
Epoch [7/99] Step [50/214] Loss: 1.1775 Time: 60.594
Epoch [7/99] Step [60/214] Loss: 1.3220 Time: 61.048
Epoch [7/99] Step [70/214] Loss: 1.2159 Time: 61.503
Epoch [7/99] Step [80/214] Loss: 1.2840 Time: 61.958
Epoch [7/99] Step [90/214] Loss: 1.1763 Time: 62.413
Epoch [7/99] Step [100/214] Loss: 1.1790 Time: 62.867
Epoch [7/99] Step [110/214] Loss: 1.2865 Time: 63.321
Epoch [7/99] Step [120/214] Loss: 1.1925 Time: 63.775
Epoch [7/99] Step [130/214] Loss: 1.2978 Time: 64.229
Epoch [7/99] Step [140/214] Loss: 1.2027 Time: 64.684
Epoch [7/99] Step [150/214] Loss: 1.1323 Time: 65.138
Epoch [7/99] Step [160/214] Loss: 1.1455 Time: 65.593
Epoch [7/99] Step [170/214] Loss: 1.2680 Time: 66.046
Epoch [7/99] Step [180/214] Loss: 1.1858 Time: 66.501
Epoch [7/99] Step [190/214] Loss: 1.1366 Time: 66.955
Epoch [7/99] Step [200/214] Loss: 1.1621 Time: 67.409
Epoch [7/99] Step [210/214] Loss: 1.2066 Time: 67.863
Epoch [8/99] Step [10/214] Loss: 1.1690 Time: 68.495
Epoch [8/99] Step [20/214] Loss: 1.3076 Time: 68.949
Epoch [8/99] Step [30/214] Loss: 1.0958 Time: 69.403
Epoch [8/99] Step [40/214] Loss: 1.3216 Time: 69.857
Epoch [8/99] Step [50/214] Loss: 1.2515 Time: 70.311
Epoch [8/99] Step [60/214] Loss: 1.2094 Time: 70.765
Epoch [8/99] Step [70/214] Loss: 1.2375 Time: 71.22
Epoch [8/99] Step [80/214] Loss: 1.3302 Time: 71.673
Epoch [8/99] Step [90/214] Loss: 1.2097 Time: 72.126
Epoch [8/99] Step [100/214] Loss: 1.1926 Time: 72.581
Epoch [8/99] Step [110/214] Loss: 1.1666 Time: 73.036
Epoch [8/99] Step [120/214] Loss: 1.1427 Time: 73.489
Epoch [8/99] Step [130/214] Loss: 1.1720 Time: 73.942
Epoch [8/99] Step [140/214] Loss: 1.2718 Time: 74.396
Epoch [8/99] Step [150/214] Loss: 1.1966 Time: 74.85
Epoch [8/99] Step [160/214] Loss: 1.0658 Time: 75.304
Epoch [8/99] Step [170/214] Loss: 1.2360 Time: 75.758
Epoch [8/99] Step [180/214] Loss: 1.3611 Time: 76.212
Epoch [8/99] Step [190/214] Loss: 1.2101 Time: 76.666
Epoch [8/99] Step [200/214] Loss: 1.2076 Time: 77.119
Epoch [8/99] Step [210/214] Loss: 1.2010 Time: 77.573
Epoch [9/99] Step [10/214] Loss: 1.2143 Time: 78.204
Epoch [9/99] Step [20/214] Loss: 1.1188 Time: 78.658
Epoch [9/99] Step [30/214] Loss: 1.2748 Time: 79.113
Epoch [9/99] Step [40/214] Loss: 1.1495 Time: 79.567
Epoch [9/99] Step [50/214] Loss: 1.2437 Time: 80.021
Epoch [9/99] Step [60/214] Loss: 1.1601 Time: 80.475
Epoch [9/99] Step [70/214] Loss: 1.2340 Time: 80.931
Epoch [9/99] Step [80/214] Loss: 1.1927 Time: 81.384
Epoch [9/99] Step [90/214] Loss: 1.2017 Time: 81.838
Epoch [9/99] Step [100/214] Loss: 1.3195 Time: 82.293
Epoch [9/99] Step [110/214] Loss: 1.2086 Time: 82.747
Epoch [9/99] Step [120/214] Loss: 1.1560 Time: 83.201
Epoch [9/99] Step [130/214] Loss: 1.1980 Time: 83.654
Epoch [9/99] Step [140/214] Loss: 1.2583 Time: 84.108
Epoch [9/99] Step [150/214] Loss: 1.1737 Time: 84.562
Epoch [9/99] Step [160/214] Loss: 1.2266 Time: 85.016
Epoch [9/99] Step [170/214] Loss: 1.1186 Time: 85.471
Epoch [9/99] Step [180/214] Loss: 1.2852 Time: 85.924
Epoch [9/99] Step [190/214] Loss: 1.1884 Time: 86.378
Epoch [9/99] Step [200/214] Loss: 1.2305 Time: 86.832
Epoch [9/99] Step [210/214] Loss: 1.1743 Time: 87.287
Epoch [10/99] Step [10/214] Loss: 1.1603 Time: 87.919
Epoch [10/99] Step [20/214] Loss: 1.2019 Time: 88.372
Epoch [10/99] Step [30/214] Loss: 1.1589 Time: 88.825
Epoch [10/99] Step [40/214] Loss: 1.2885 Time: 89.28
Epoch [10/99] Step [50/214] Loss: 1.3017 Time: 89.735
Epoch [10/99] Step [60/214] Loss: 1.2061 Time: 90.189
Epoch [10/99] Step [70/214] Loss: 1.1567 Time: 90.643
Epoch [10/99] Step [80/214] Loss: 1.1460 Time: 91.097
Epoch [10/99] Step [90/214] Loss: 1.1766 Time: 91.552
Epoch [10/99] Step [100/214] Loss: 1.1499 Time: 92.007
Epoch [10/99] Step [110/214] Loss: 1.3277 Time: 92.461
Epoch [10/99] Step [120/214] Loss: 1.1642 Time: 92.916
Epoch [10/99] Step [130/214] Loss: 1.1706 Time: 93.37
Epoch [10/99] Step [140/214] Loss: 1.2423 Time: 93.824
Epoch [10/99] Step [150/214] Loss: 1.1315 Time: 94.278
Epoch [10/99] Step [160/214] Loss: 1.2365 Time: 94.732
Epoch [10/99] Step [170/214] Loss: 1.1714 Time: 95.185
Epoch [10/99] Step [180/214] Loss: 1.0826 Time: 95.638
Epoch [10/99] Step [190/214] Loss: 1.2315 Time: 96.092
Epoch [10/99] Step [200/214] Loss: 1.1053 Time: 96.546
Epoch [10/99] Step [210/214] Loss: 1.2286 Time: 97.0
Epoch [11/99] Step [10/214] Loss: 1.1868 Time: 97.631
Epoch [11/99] Step [20/214] Loss: 1.1779 Time: 98.086
Epoch [11/99] Step [30/214] Loss: 1.2508 Time: 98.539
Epoch [11/99] Step [40/214] Loss: 1.2277 Time: 98.993
Epoch [11/99] Step [50/214] Loss: 1.1402 Time: 99.447
Epoch [11/99] Step [60/214] Loss: 1.1419 Time: 99.901
Epoch [11/99] Step [70/214] Loss: 1.1699 Time: 100.357
Epoch [11/99] Step [80/214] Loss: 1.1271 Time: 100.811
Epoch [11/99] Step [90/214] Loss: 1.2297 Time: 101.265
Epoch [11/99] Step [100/214] Loss: 1.2463 Time: 101.72
Epoch [11/99] Step [110/214] Loss: 1.2306 Time: 102.174
Epoch [11/99] Step [120/214] Loss: 1.2129 Time: 102.628
Epoch [11/99] Step [130/214] Loss: 1.1884 Time: 103.081
Epoch [11/99] Step [140/214] Loss: 1.2154 Time: 103.535
Epoch [11/99] Step [150/214] Loss: 1.3531 Time: 103.989
Epoch [11/99] Step [160/214] Loss: 1.2374 Time: 104.444
Epoch [11/99] Step [170/214] Loss: 1.1629 Time: 104.899
Epoch [11/99] Step [180/214] Loss: 1.2209 Time: 105.352
Epoch [11/99] Step [190/214] Loss: 1.1974 Time: 105.806
Epoch [11/99] Step [200/214] Loss: 1.2048 Time: 106.26
Epoch [11/99] Step [210/214] Loss: 1.2565 Time: 106.714
Epoch [12/99] Step [10/214] Loss: 1.2139 Time: 107.345
Epoch [12/99] Step [20/214] Loss: 1.1459 Time: 107.8
Epoch [12/99] Step [30/214] Loss: 1.2224 Time: 108.254
Epoch [12/99] Step [40/214] Loss: 1.2074 Time: 108.709
Epoch [12/99] Step [50/214] Loss: 1.2218 Time: 109.164
Epoch [12/99] Step [60/214] Loss: 1.2295 Time: 109.618
Epoch [12/99] Step [70/214] Loss: 1.2825 Time: 110.072
Epoch [12/99] Step [80/214] Loss: 1.1980 Time: 110.526
Epoch [12/99] Step [90/214] Loss: 1.1331 Time: 110.981
Epoch [12/99] Step [100/214] Loss: 1.2525 Time: 111.435
Epoch [12/99] Step [110/214] Loss: 1.2413 Time: 111.89
Epoch [12/99] Step [120/214] Loss: 1.1523 Time: 112.345
Epoch [12/99] Step [130/214] Loss: 1.1969 Time: 112.799
Epoch [12/99] Step [140/214] Loss: 1.2932 Time: 113.254
Epoch [12/99] Step [150/214] Loss: 1.1764 Time: 113.708
Epoch [12/99] Step [160/214] Loss: 1.1853 Time: 114.163
Epoch [12/99] Step [170/214] Loss: 1.2685 Time: 114.618
Epoch [12/99] Step [180/214] Loss: 1.1982 Time: 115.072
Epoch [12/99] Step [190/214] Loss: 1.1531 Time: 115.525
Epoch [12/99] Step [200/214] Loss: 1.1457 Time: 115.979
Epoch [12/99] Step [210/214] Loss: 1.1691 Time: 116.433
Epoch [13/99] Step [10/214] Loss: 1.0443 Time: 117.065
Epoch [13/99] Step [20/214] Loss: 1.1543 Time: 117.519
Epoch [13/99] Step [30/214] Loss: 1.1543 Time: 117.973
Epoch [13/99] Step [40/214] Loss: 1.2460 Time: 118.427
Epoch [13/99] Step [50/214] Loss: 1.2346 Time: 118.882
Epoch [13/99] Step [60/214] Loss: 1.2008 Time: 119.336
Epoch [13/99] Step [70/214] Loss: 1.1748 Time: 119.79
Epoch [13/99] Step [80/214] Loss: 1.1675 Time: 120.244
Epoch [13/99] Step [90/214] Loss: 1.1177 Time: 120.697
Epoch [13/99] Step [100/214] Loss: 1.1819 Time: 121.151
Epoch [13/99] Step [110/214] Loss: 1.2201 Time: 121.604
Epoch [13/99] Step [120/214] Loss: 1.1745 Time: 122.059
Epoch [13/99] Step [130/214] Loss: 1.1521 Time: 122.513
Epoch [13/99] Step [140/214] Loss: 1.1635 Time: 122.968
Epoch [13/99] Step [150/214] Loss: 1.1869 Time: 123.422
Epoch [13/99] Step [160/214] Loss: 1.2773 Time: 123.876
Epoch [13/99] Step [170/214] Loss: 1.2431 Time: 124.329
Epoch [13/99] Step [180/214] Loss: 1.2350 Time: 124.784
Epoch [13/99] Step [190/214] Loss: 1.2082 Time: 125.238
Epoch [13/99] Step [200/214] Loss: 1.2849 Time: 125.692
Epoch [13/99] Step [210/214] Loss: 1.2544 Time: 126.145
Epoch [14/99] Step [10/214] Loss: 1.1899 Time: 126.777
Epoch [14/99] Step [20/214] Loss: 1.2174 Time: 127.231
Epoch [14/99] Step [30/214] Loss: 1.2002 Time: 127.685
Epoch [14/99] Step [40/214] Loss: 1.2366 Time: 128.139
Epoch [14/99] Step [50/214] Loss: 1.1908 Time: 128.593
Epoch [14/99] Step [60/214] Loss: 1.2917 Time: 129.047
Epoch [14/99] Step [70/214] Loss: 1.1729 Time: 129.501
Epoch [14/99] Step [80/214] Loss: 1.1938 Time: 129.955
Epoch [14/99] Step [90/214] Loss: 1.2112 Time: 130.409
Epoch [14/99] Step [100/214] Loss: 1.2002 Time: 130.862
Epoch [14/99] Step [110/214] Loss: 1.1817 Time: 131.316
Epoch [14/99] Step [120/214] Loss: 1.2156 Time: 131.77
Epoch [14/99] Step [130/214] Loss: 1.2309 Time: 132.224
Epoch [14/99] Step [140/214] Loss: 1.3194 Time: 132.677
Epoch [14/99] Step [150/214] Loss: 1.2018 Time: 133.131
Epoch [14/99] Step [160/214] Loss: 1.2402 Time: 133.585
Epoch [14/99] Step [170/214] Loss: 1.2537 Time: 134.038
Epoch [14/99] Step [180/214] Loss: 1.3132 Time: 134.491
Epoch [14/99] Step [190/214] Loss: 1.1882 Time: 134.946
Epoch [14/99] Step [200/214] Loss: 1.1668 Time: 135.4
Epoch [14/99] Step [210/214] Loss: 1.1361 Time: 135.854
Epoch [15/99] Step [10/214] Loss: 1.2569 Time: 136.485
Epoch [15/99] Step [20/214] Loss: 1.2104 Time: 136.94
Epoch [15/99] Step [30/214] Loss: 1.1597 Time: 137.395
Epoch [15/99] Step [40/214] Loss: 1.2277 Time: 137.85
Epoch [15/99] Step [50/214] Loss: 1.1776 Time: 138.303
Epoch [15/99] Step [60/214] Loss: 1.2996 Time: 138.758
Epoch [15/99] Step [70/214] Loss: 1.1246 Time: 139.212
Epoch [15/99] Step [80/214] Loss: 1.2035 Time: 139.667
Epoch [15/99] Step [90/214] Loss: 1.1766 Time: 140.121
Epoch [15/99] Step [100/214] Loss: 1.1583 Time: 140.575
Epoch [15/99] Step [110/214] Loss: 1.1608 Time: 141.029
Epoch [15/99] Step [120/214] Loss: 1.1835 Time: 141.483
Epoch [15/99] Step [130/214] Loss: 1.3247 Time: 141.936
Epoch [15/99] Step [140/214] Loss: 1.2198 Time: 142.391
Epoch [15/99] Step [150/214] Loss: 1.3168 Time: 142.845
Epoch [15/99] Step [160/214] Loss: 1.2525 Time: 143.3
Epoch [15/99] Step [170/214] Loss: 1.1959 Time: 143.755
Epoch [15/99] Step [180/214] Loss: 1.3598 Time: 144.209
Epoch [15/99] Step [190/214] Loss: 1.1477 Time: 144.663
Epoch [15/99] Step [200/214] Loss: 1.1744 Time: 145.117
Epoch [15/99] Step [210/214] Loss: 1.0918 Time: 145.57
Epoch [16/99] Step [10/214] Loss: 1.1744 Time: 146.202
Epoch [16/99] Step [20/214] Loss: 1.1103 Time: 146.655
Epoch [16/99] Step [30/214] Loss: 1.1508 Time: 147.109
Epoch [16/99] Step [40/214] Loss: 1.2132 Time: 147.563
Epoch [16/99] Step [50/214] Loss: 1.2583 Time: 148.016
Epoch [16/99] Step [60/214] Loss: 1.1915 Time: 148.471
Epoch [16/99] Step [70/214] Loss: 1.1592 Time: 148.925
Epoch [16/99] Step [80/214] Loss: 1.2060 Time: 149.38
Epoch [16/99] Step [90/214] Loss: 1.2633 Time: 149.834
Epoch [16/99] Step [100/214] Loss: 1.2085 Time: 150.288
Epoch [16/99] Step [110/214] Loss: 1.1955 Time: 150.743
Epoch [16/99] Step [120/214] Loss: 1.2011 Time: 151.197
Epoch [16/99] Step [130/214] Loss: 1.2167 Time: 151.651
Epoch [16/99] Step [140/214] Loss: 1.2398 Time: 152.105
Epoch [16/99] Step [150/214] Loss: 1.0472 Time: 152.558
Epoch [16/99] Step [160/214] Loss: 1.2771 Time: 153.012
Epoch [16/99] Step [170/214] Loss: 1.2179 Time: 153.466
Epoch [16/99] Step [180/214] Loss: 1.2448 Time: 153.921
Epoch [16/99] Step [190/214] Loss: 1.1792 Time: 154.375
Epoch [16/99] Step [200/214] Loss: 1.2490 Time: 154.828
Epoch [16/99] Step [210/214] Loss: 1.2872 Time: 155.282
Epoch [17/99] Step [10/214] Loss: 1.2096 Time: 155.914
Epoch [17/99] Step [20/214] Loss: 1.2852 Time: 156.367
Epoch [17/99] Step [30/214] Loss: 1.1152 Time: 156.822
Epoch [17/99] Step [40/214] Loss: 1.2259 Time: 157.276
Epoch [17/99] Step [50/214] Loss: 1.2274 Time: 157.73
Epoch [17/99] Step [60/214] Loss: 1.1768 Time: 158.186
Epoch [17/99] Step [70/214] Loss: 1.2408 Time: 158.64
Epoch [17/99] Step [80/214] Loss: 1.1910 Time: 159.093
Epoch [17/99] Step [90/214] Loss: 1.1915 Time: 159.547
Epoch [17/99] Step [100/214] Loss: 1.2101 Time: 160.002
Epoch [17/99] Step [110/214] Loss: 1.2490 Time: 160.455
Epoch [17/99] Step [120/214] Loss: 1.2927 Time: 160.911
Epoch [17/99] Step [130/214] Loss: 1.2169 Time: 161.365
Epoch [17/99] Step [140/214] Loss: 1.4035 Time: 161.819
Epoch [17/99] Step [150/214] Loss: 1.1905 Time: 162.274
Epoch [17/99] Step [160/214] Loss: 1.3078 Time: 162.728
Epoch [17/99] Step [170/214] Loss: 1.1023 Time: 163.182
Epoch [17/99] Step [180/214] Loss: 1.1566 Time: 163.636
Epoch [17/99] Step [190/214] Loss: 1.2298 Time: 164.09
Epoch [17/99] Step [200/214] Loss: 1.2866 Time: 164.543
Epoch [17/99] Step [210/214] Loss: 1.2048 Time: 164.997
Epoch [18/99] Step [10/214] Loss: 1.1734 Time: 165.629
Epoch [18/99] Step [20/214] Loss: 1.1034 Time: 166.083
Epoch [18/99] Step [30/214] Loss: 1.1641 Time: 166.537
Epoch [18/99] Step [40/214] Loss: 1.2139 Time: 166.992
Epoch [18/99] Step [50/214] Loss: 1.2478 Time: 167.446
Epoch [18/99] Step [60/214] Loss: 1.2222 Time: 167.9
Epoch [18/99] Step [70/214] Loss: 1.2210 Time: 168.354
Epoch [18/99] Step [80/214] Loss: 1.1627 Time: 168.808
Epoch [18/99] Step [90/214] Loss: 1.2097 Time: 169.261
Epoch [18/99] Step [100/214] Loss: 1.4118 Time: 169.715
Epoch [18/99] Step [110/214] Loss: 1.1703 Time: 170.169
Epoch [18/99] Step [120/214] Loss: 1.1647 Time: 170.624
Epoch [18/99] Step [130/214] Loss: 1.1285 Time: 171.078
Epoch [18/99] Step [140/214] Loss: 1.1760 Time: 171.531
Epoch [18/99] Step [150/214] Loss: 1.2029 Time: 171.986
Epoch [18/99] Step [160/214] Loss: 1.2315 Time: 172.44
Epoch [18/99] Step [170/214] Loss: 1.1308 Time: 172.895
Epoch [18/99] Step [180/214] Loss: 1.2720 Time: 173.348
Epoch [18/99] Step [190/214] Loss: 1.2071 Time: 173.802
Epoch [18/99] Step [200/214] Loss: 1.1298 Time: 174.256
Epoch [18/99] Step [210/214] Loss: 1.0591 Time: 174.711
Epoch [19/99] Step [10/214] Loss: 1.1767 Time: 175.344
Epoch [19/99] Step [20/214] Loss: 1.1932 Time: 175.797
Epoch [19/99] Step [30/214] Loss: 1.1784 Time: 176.252
Epoch [19/99] Step [40/214] Loss: 1.2682 Time: 176.706
Epoch [19/99] Step [50/214] Loss: 1.1302 Time: 177.16
Epoch [19/99] Step [60/214] Loss: 1.2844 Time: 177.614
Epoch [19/99] Step [70/214] Loss: 1.0920 Time: 178.069
Epoch [19/99] Step [80/214] Loss: 1.4027 Time: 178.523
Epoch [19/99] Step [90/214] Loss: 1.2427 Time: 178.978
Epoch [19/99] Step [100/214] Loss: 1.1766 Time: 179.432
Epoch [19/99] Step [110/214] Loss: 1.1259 Time: 179.886
Epoch [19/99] Step [120/214] Loss: 1.1666 Time: 180.34
Epoch [19/99] Step [130/214] Loss: 1.2019 Time: 180.795
Epoch [19/99] Step [140/214] Loss: 1.2129 Time: 181.25
Epoch [19/99] Step [150/214] Loss: 1.3195 Time: 181.704
Epoch [19/99] Step [160/214] Loss: 1.1339 Time: 182.159
Epoch [19/99] Step [170/214] Loss: 1.1477 Time: 182.614
Epoch [19/99] Step [180/214] Loss: 1.2034 Time: 183.068
Epoch [19/99] Step [190/214] Loss: 1.2900 Time: 183.521
Epoch [19/99] Step [200/214] Loss: 1.1986 Time: 183.976
Epoch [19/99] Step [210/214] Loss: 1.2504 Time: 184.43
Epoch [20/99] Step [10/214] Loss: 1.2009 Time: 185.061
Epoch [20/99] Step [20/214] Loss: 1.2287 Time: 185.515
Epoch [20/99] Step [30/214] Loss: 1.2710 Time: 185.969
Epoch [20/99] Step [40/214] Loss: 1.1985 Time: 186.422
Epoch [20/99] Step [50/214] Loss: 1.1326 Time: 186.876
Epoch [20/99] Step [60/214] Loss: 1.1283 Time: 187.33
Epoch [20/99] Step [70/214] Loss: 1.2274 Time: 187.785
Epoch [20/99] Step [80/214] Loss: 1.1682 Time: 188.239
Epoch [20/99] Step [90/214] Loss: 1.3030 Time: 188.693
Epoch [20/99] Step [100/214] Loss: 1.3022 Time: 189.146
Epoch [20/99] Step [110/214] Loss: 1.1301 Time: 189.6
Epoch [20/99] Step [120/214] Loss: 1.1766 Time: 190.054
Epoch [20/99] Step [130/214] Loss: 1.0302 Time: 190.507
Epoch [20/99] Step [140/214] Loss: 1.1788 Time: 190.962
Epoch [20/99] Step [150/214] Loss: 1.1869 Time: 191.416
Epoch [20/99] Step [160/214] Loss: 1.1924 Time: 191.87
Epoch [20/99] Step [170/214] Loss: 1.1932 Time: 192.325
Epoch [20/99] Step [180/214] Loss: 1.2971 Time: 192.779
Epoch [20/99] Step [190/214] Loss: 1.2363 Time: 193.233
Epoch [20/99] Step [200/214] Loss: 1.2188 Time: 193.687
Epoch [20/99] Step [210/214] Loss: 1.2122 Time: 194.141
Epoch [21/99] Step [10/214] Loss: 1.3010 Time: 194.773
Epoch [21/99] Step [20/214] Loss: 1.1617 Time: 195.227
Epoch [21/99] Step [30/214] Loss: 1.2199 Time: 195.681
Epoch [21/99] Step [40/214] Loss: 1.0800 Time: 196.134
Epoch [21/99] Step [50/214] Loss: 1.2780 Time: 196.588
Epoch [21/99] Step [60/214] Loss: 1.1415 Time: 197.041
Epoch [21/99] Step [70/214] Loss: 1.1746 Time: 197.496
Epoch [21/99] Step [80/214] Loss: 1.1922 Time: 197.949
Epoch [21/99] Step [90/214] Loss: 1.2373 Time: 198.403
Epoch [21/99] Step [100/214] Loss: 1.1122 Time: 198.858
Epoch [21/99] Step [110/214] Loss: 1.1725 Time: 199.312
Epoch [21/99] Step [120/214] Loss: 1.2050 Time: 199.766
Epoch [21/99] Step [130/214] Loss: 1.2030 Time: 200.221
Epoch [21/99] Step [140/214] Loss: 1.1609 Time: 200.675
Epoch [21/99] Step [150/214] Loss: 1.1877 Time: 201.13
Epoch [21/99] Step [160/214] Loss: 1.2366 Time: 201.585
Epoch [21/99] Step [170/214] Loss: 1.1004 Time: 202.039
Epoch [21/99] Step [180/214] Loss: 1.2960 Time: 202.493
Epoch [21/99] Step [190/214] Loss: 1.2313 Time: 202.947
Epoch [21/99] Step [200/214] Loss: 1.1856 Time: 203.403
Epoch [21/99] Step [210/214] Loss: 1.2410 Time: 203.857
Epoch [22/99] Step [10/214] Loss: 1.2374 Time: 204.49
Epoch [22/99] Step [20/214] Loss: 1.1833 Time: 204.944
Epoch [22/99] Step [30/214] Loss: 1.1068 Time: 205.398
Epoch [22/99] Step [40/214] Loss: 1.2217 Time: 205.852
Epoch [22/99] Step [50/214] Loss: 1.2772 Time: 206.306
Epoch [22/99] Step [60/214] Loss: 1.2639 Time: 206.76
Epoch [22/99] Step [70/214] Loss: 1.2348 Time: 207.214
Epoch [22/99] Step [80/214] Loss: 1.1565 Time: 207.668
Epoch [22/99] Step [90/214] Loss: 1.2220 Time: 208.122
Epoch [22/99] Step [100/214] Loss: 1.2803 Time: 208.578
Epoch [22/99] Step [110/214] Loss: 1.1264 Time: 209.032
Epoch [22/99] Step [120/214] Loss: 1.1618 Time: 209.487
Epoch [22/99] Step [130/214] Loss: 1.1648 Time: 209.941
Epoch [22/99] Step [140/214] Loss: 1.3832 Time: 210.394
Epoch [22/99] Step [150/214] Loss: 1.0986 Time: 210.849
Epoch [22/99] Step [160/214] Loss: 1.1782 Time: 211.303
Epoch [22/99] Step [170/214] Loss: 1.1794 Time: 211.757
Epoch [22/99] Step [180/214] Loss: 1.2057 Time: 212.211
Epoch [22/99] Step [190/214] Loss: 1.1708 Time: 212.666
Epoch [22/99] Step [200/214] Loss: 1.2470 Time: 213.12
Epoch [22/99] Step [210/214] Loss: 1.1463 Time: 213.574
Epoch [23/99] Step [10/214] Loss: 1.1212 Time: 214.206
Epoch [23/99] Step [20/214] Loss: 1.1507 Time: 214.66
Epoch [23/99] Step [30/214] Loss: 1.1279 Time: 215.114
Epoch [23/99] Step [40/214] Loss: 1.2118 Time: 215.568
Epoch [23/99] Step [50/214] Loss: 1.1801 Time: 216.023
Epoch [23/99] Step [60/214] Loss: 1.2206 Time: 216.477
Epoch [23/99] Step [70/214] Loss: 1.3544 Time: 216.931
Epoch [23/99] Step [80/214] Loss: 1.1266 Time: 217.385
Epoch [23/99] Step [90/214] Loss: 1.1991 Time: 217.839
Epoch [23/99] Step [100/214] Loss: 1.2040 Time: 218.293
Epoch [23/99] Step [110/214] Loss: 1.0950 Time: 218.747
Epoch [23/99] Step [120/214] Loss: 1.1784 Time: 219.201
Epoch [23/99] Step [130/214] Loss: 1.1212 Time: 219.656
Epoch [23/99] Step [140/214] Loss: 1.1187 Time: 220.111
Epoch [23/99] Step [150/214] Loss: 1.1752 Time: 220.565
Epoch [23/99] Step [160/214] Loss: 1.2601 Time: 221.02
Epoch [23/99] Step [170/214] Loss: 1.1995 Time: 221.474
Epoch [23/99] Step [180/214] Loss: 1.0942 Time: 221.928
Epoch [23/99] Step [190/214] Loss: 1.1623 Time: 222.383
Epoch [23/99] Step [200/214] Loss: 1.1860 Time: 222.836
Epoch [23/99] Step [210/214] Loss: 1.2716 Time: 223.29
Epoch [24/99] Step [10/214] Loss: 1.1729 Time: 223.922
Epoch [24/99] Step [20/214] Loss: 1.1217 Time: 224.375
Epoch [24/99] Step [30/214] Loss: 1.1021 Time: 224.83
Epoch [24/99] Step [40/214] Loss: 1.2258 Time: 225.284
Epoch [24/99] Step [50/214] Loss: 1.1792 Time: 225.738
Epoch [24/99] Step [60/214] Loss: 1.1307 Time: 226.192
Epoch [24/99] Step [70/214] Loss: 1.2941 Time: 226.646
Epoch [24/99] Step [80/214] Loss: 1.2305 Time: 227.1
Epoch [24/99] Step [90/214] Loss: 1.2132 Time: 227.554
Epoch [24/99] Step [100/214] Loss: 1.2777 Time: 228.008
Epoch [24/99] Step [110/214] Loss: 1.2593 Time: 228.463
Epoch [24/99] Step [120/214] Loss: 1.1591 Time: 228.916
Epoch [24/99] Step [130/214] Loss: 1.1884 Time: 229.37
Epoch [24/99] Step [140/214] Loss: 1.1411 Time: 229.825
Epoch [24/99] Step [150/214] Loss: 1.3408 Time: 230.283
Epoch [24/99] Step [160/214] Loss: 1.2329 Time: 230.737
Epoch [24/99] Step [170/214] Loss: 1.3149 Time: 231.192
Epoch [24/99] Step [180/214] Loss: 1.1936 Time: 231.647
Epoch [24/99] Step [190/214] Loss: 1.1988 Time: 232.1
Epoch [24/99] Step [200/214] Loss: 1.2464 Time: 232.554
Epoch [24/99] Step [210/214] Loss: 1.4286 Time: 233.007
Epoch [25/99] Step [10/214] Loss: 1.1457 Time: 233.64
Epoch [25/99] Step [20/214] Loss: 1.2385 Time: 234.093
Epoch [25/99] Step [30/214] Loss: 1.1863 Time: 234.546
Epoch [25/99] Step [40/214] Loss: 1.2262 Time: 235.0
Epoch [25/99] Step [50/214] Loss: 1.1418 Time: 235.455
Epoch [25/99] Step [60/214] Loss: 1.2405 Time: 235.909
Epoch [25/99] Step [70/214] Loss: 1.1708 Time: 236.362
Epoch [25/99] Step [80/214] Loss: 1.1325 Time: 236.817
Epoch [25/99] Step [90/214] Loss: 1.1770 Time: 237.27
Epoch [25/99] Step [100/214] Loss: 1.1454 Time: 237.725
Epoch [25/99] Step [110/214] Loss: 1.2404 Time: 238.179
Epoch [25/99] Step [120/214] Loss: 1.1586 Time: 238.633
Epoch [25/99] Step [130/214] Loss: 1.2840 Time: 239.087
Epoch [25/99] Step [140/214] Loss: 1.2973 Time: 239.542
Epoch [25/99] Step [150/214] Loss: 1.2347 Time: 239.997
Epoch [25/99] Step [160/214] Loss: 1.1412 Time: 240.451
Epoch [25/99] Step [170/214] Loss: 1.2206 Time: 240.905
Epoch [25/99] Step [180/214] Loss: 1.1294 Time: 241.36
Epoch [25/99] Step [190/214] Loss: 1.2533 Time: 241.814
Epoch [25/99] Step [200/214] Loss: 1.1551 Time: 242.268
Epoch [25/99] Step [210/214] Loss: 1.1817 Time: 242.721
Epoch [26/99] Step [10/214] Loss: 1.1488 Time: 243.353
Epoch [26/99] Step [20/214] Loss: 1.3125 Time: 243.807
Epoch [26/99] Step [30/214] Loss: 1.1745 Time: 244.261
Epoch [26/99] Step [40/214] Loss: 1.1374 Time: 244.715
Epoch [26/99] Step [50/214] Loss: 1.2758 Time: 245.168
Epoch [26/99] Step [60/214] Loss: 1.1643 Time: 245.623
Epoch [26/99] Step [70/214] Loss: 1.2547 Time: 246.077
Epoch [26/99] Step [80/214] Loss: 1.0984 Time: 246.532
Epoch [26/99] Step [90/214] Loss: 1.1840 Time: 246.987
Epoch [26/99] Step [100/214] Loss: 1.1760 Time: 247.442
Epoch [26/99] Step [110/214] Loss: 1.1591 Time: 247.896
Epoch [26/99] Step [120/214] Loss: 1.3317 Time: 248.35
Epoch [26/99] Step [130/214] Loss: 1.2498 Time: 248.806
Epoch [26/99] Step [140/214] Loss: 1.1624 Time: 249.261
Epoch [26/99] Step [150/214] Loss: 1.1584 Time: 249.715
Epoch [26/99] Step [160/214] Loss: 1.3715 Time: 250.17
Epoch [26/99] Step [170/214] Loss: 1.1498 Time: 250.624
Epoch [26/99] Step [180/214] Loss: 1.2643 Time: 251.078
Epoch [26/99] Step [190/214] Loss: 1.1047 Time: 251.532
Epoch [26/99] Step [200/214] Loss: 1.1188 Time: 251.986
Epoch [26/99] Step [210/214] Loss: 1.2091 Time: 252.441
Epoch [27/99] Step [10/214] Loss: 1.1769 Time: 253.074
Epoch [27/99] Step [20/214] Loss: 1.2670 Time: 253.528
Epoch [27/99] Step [30/214] Loss: 1.1634 Time: 253.982
Epoch [27/99] Step [40/214] Loss: 1.2304 Time: 254.435
Epoch [27/99] Step [50/214] Loss: 1.1610 Time: 254.89
Epoch [27/99] Step [60/214] Loss: 1.1780 Time: 255.343
Epoch [27/99] Step [70/214] Loss: 1.1569 Time: 255.798
Epoch [27/99] Step [80/214] Loss: 1.1026 Time: 256.252
Epoch [27/99] Step [90/214] Loss: 1.1895 Time: 256.706
Epoch [27/99] Step [100/214] Loss: 1.2336 Time: 257.161
Epoch [27/99] Step [110/214] Loss: 1.2054 Time: 257.614
Epoch [27/99] Step [120/214] Loss: 1.3250 Time: 258.067
Epoch [27/99] Step [130/214] Loss: 1.2864 Time: 258.522
Epoch [27/99] Step [140/214] Loss: 1.2330 Time: 258.977
Epoch [27/99] Step [150/214] Loss: 1.1668 Time: 259.431
Epoch [27/99] Step [160/214] Loss: 1.2418 Time: 259.885
Epoch [27/99] Step [170/214] Loss: 1.2244 Time: 260.34
Epoch [27/99] Step [180/214] Loss: 1.1317 Time: 260.795
Epoch [27/99] Step [190/214] Loss: 1.1369 Time: 261.248
Epoch [27/99] Step [200/214] Loss: 1.2412 Time: 261.703
Epoch [27/99] Step [210/214] Loss: 1.2329 Time: 262.157
Epoch [28/99] Step [10/214] Loss: 1.1977 Time: 262.789
Epoch [28/99] Step [20/214] Loss: 1.0974 Time: 263.243
Epoch [28/99] Step [30/214] Loss: 1.1386 Time: 263.697
Epoch [28/99] Step [40/214] Loss: 1.3543 Time: 264.152
Epoch [28/99] Step [50/214] Loss: 1.1922 Time: 264.606
Epoch [28/99] Step [60/214] Loss: 1.2256 Time: 265.06
Epoch [28/99] Step [70/214] Loss: 1.2059 Time: 265.514
Epoch [28/99] Step [80/214] Loss: 1.1694 Time: 265.968
Epoch [28/99] Step [90/214] Loss: 1.0493 Time: 266.421
Epoch [28/99] Step [100/214] Loss: 1.1431 Time: 266.875
Epoch [28/99] Step [110/214] Loss: 1.1150 Time: 267.329
Epoch [28/99] Step [120/214] Loss: 1.2262 Time: 267.784
Epoch [28/99] Step [130/214] Loss: 1.1879 Time: 268.238
Epoch [28/99] Step [140/214] Loss: 1.1535 Time: 268.693
Epoch [28/99] Step [150/214] Loss: 1.1971 Time: 269.147
Epoch [28/99] Step [160/214] Loss: 1.2114 Time: 269.601
Epoch [28/99] Step [170/214] Loss: 1.3096 Time: 270.055
Epoch [28/99] Step [180/214] Loss: 1.1687 Time: 270.508
Epoch [28/99] Step [190/214] Loss: 1.2723 Time: 270.962
Epoch [28/99] Step [200/214] Loss: 1.2252 Time: 271.416
Epoch [28/99] Step [210/214] Loss: 1.3012 Time: 271.87
Epoch [29/99] Step [10/214] Loss: 1.3828 Time: 272.502
Epoch [29/99] Step [20/214] Loss: 1.3385 Time: 272.957
Epoch [29/99] Step [30/214] Loss: 1.1935 Time: 273.411
Epoch [29/99] Step [40/214] Loss: 1.2346 Time: 273.866
Epoch [29/99] Step [50/214] Loss: 1.2652 Time: 274.32
Epoch [29/99] Step [60/214] Loss: 1.2484 Time: 274.773
Epoch [29/99] Step [70/214] Loss: 1.1473 Time: 275.227
Epoch [29/99] Step [80/214] Loss: 1.1476 Time: 275.68
Epoch [29/99] Step [90/214] Loss: 1.1246 Time: 276.135
Epoch [29/99] Step [100/214] Loss: 1.1882 Time: 276.589
Epoch [29/99] Step [110/214] Loss: 1.2472 Time: 277.043
Epoch [29/99] Step [120/214] Loss: 1.1609 Time: 277.498
Epoch [29/99] Step [130/214] Loss: 1.2436 Time: 277.952
Epoch [29/99] Step [140/214] Loss: 1.0967 Time: 278.406
Epoch [29/99] Step [150/214] Loss: 1.1525 Time: 278.86
Epoch [29/99] Step [160/214] Loss: 1.2384 Time: 279.313
Epoch [29/99] Step [170/214] Loss: 1.2354 Time: 279.767
Epoch [29/99] Step [180/214] Loss: 1.2159 Time: 280.222
Epoch [29/99] Step [190/214] Loss: 1.1178 Time: 280.677
Epoch [29/99] Step [200/214] Loss: 1.0989 Time: 281.132
Epoch [29/99] Step [210/214] Loss: 1.1467 Time: 281.586
Epoch [30/99] Step [10/214] Loss: 1.1997 Time: 282.217
Epoch [30/99] Step [20/214] Loss: 1.1647 Time: 282.672
Epoch [30/99] Step [30/214] Loss: 1.1642 Time: 283.127
Epoch [30/99] Step [40/214] Loss: 1.2011 Time: 283.581
Epoch [30/99] Step [50/214] Loss: 1.3774 Time: 284.034
Epoch [30/99] Step [60/214] Loss: 1.2129 Time: 284.488
Epoch [30/99] Step [70/214] Loss: 1.2661 Time: 284.942
Epoch [30/99] Step [80/214] Loss: 1.1746 Time: 285.397
Epoch [30/99] Step [90/214] Loss: 1.1518 Time: 285.851
Epoch [30/99] Step [100/214] Loss: 1.1833 Time: 286.305
Epoch [30/99] Step [110/214] Loss: 1.1963 Time: 286.759
Epoch [30/99] Step [120/214] Loss: 1.2057 Time: 287.214
Epoch [30/99] Step [130/214] Loss: 1.2499 Time: 287.667
Epoch [30/99] Step [140/214] Loss: 1.2269 Time: 288.121
Epoch [30/99] Step [150/214] Loss: 1.1476 Time: 288.576
Epoch [30/99] Step [160/214] Loss: 1.1266 Time: 289.029
Epoch [30/99] Step [170/214] Loss: 1.2161 Time: 289.482
Epoch [30/99] Step [180/214] Loss: 1.1717 Time: 289.936
Epoch [30/99] Step [190/214] Loss: 1.1888 Time: 290.391
Epoch [30/99] Step [200/214] Loss: 1.2602 Time: 290.845
Epoch [30/99] Step [210/214] Loss: 1.2812 Time: 291.3
Epoch [31/99] Step [10/214] Loss: 1.2008 Time: 291.931
Epoch [31/99] Step [20/214] Loss: 1.3277 Time: 292.385
Epoch [31/99] Step [30/214] Loss: 1.2193 Time: 292.84
Epoch [31/99] Step [40/214] Loss: 1.2061 Time: 293.294
Epoch [31/99] Step [50/214] Loss: 1.1293 Time: 293.748
Epoch [31/99] Step [60/214] Loss: 1.3096 Time: 294.202
Epoch [31/99] Step [70/214] Loss: 1.1650 Time: 294.657
Epoch [31/99] Step [80/214] Loss: 1.1719 Time: 295.111
Epoch [31/99] Step [90/214] Loss: 1.0910 Time: 295.565
Epoch [31/99] Step [100/214] Loss: 1.1051 Time: 296.019
Epoch [31/99] Step [110/214] Loss: 1.2090 Time: 296.472
Epoch [31/99] Step [120/214] Loss: 1.2006 Time: 296.926
Epoch [31/99] Step [130/214] Loss: 1.2011 Time: 297.382
Epoch [31/99] Step [140/214] Loss: 1.2176 Time: 297.835
Epoch [31/99] Step [150/214] Loss: 1.2052 Time: 298.289
Epoch [31/99] Step [160/214] Loss: 1.1995 Time: 298.743
Epoch [31/99] Step [170/214] Loss: 1.2170 Time: 299.197
Epoch [31/99] Step [180/214] Loss: 1.2706 Time: 299.652
Epoch [31/99] Step [190/214] Loss: 1.1940 Time: 300.106
Epoch [31/99] Step [200/214] Loss: 1.2809 Time: 300.559
Epoch [31/99] Step [210/214] Loss: 1.2469 Time: 301.013
Epoch [32/99] Step [10/214] Loss: 1.2770 Time: 301.644
Epoch [32/99] Step [20/214] Loss: 1.2291 Time: 302.098
Epoch [32/99] Step [30/214] Loss: 1.1626 Time: 302.552
Epoch [32/99] Step [40/214] Loss: 1.2311 Time: 303.006
Epoch [32/99] Step [50/214] Loss: 1.1179 Time: 303.461
Epoch [32/99] Step [60/214] Loss: 1.1569 Time: 303.914
Epoch [32/99] Step [70/214] Loss: 1.1798 Time: 304.37
Epoch [32/99] Step [80/214] Loss: 1.2371 Time: 304.824
Epoch [32/99] Step [90/214] Loss: 1.1653 Time: 305.278
Epoch [32/99] Step [100/214] Loss: 1.2114 Time: 305.733
Epoch [32/99] Step [110/214] Loss: 1.2900 Time: 306.187
Epoch [32/99] Step [120/214] Loss: 1.1792 Time: 306.641
Epoch [32/99] Step [130/214] Loss: 1.1481 Time: 307.096
Epoch [32/99] Step [140/214] Loss: 1.2919 Time: 307.551
Epoch [32/99] Step [150/214] Loss: 1.2772 Time: 308.005
Epoch [32/99] Step [160/214] Loss: 1.2651 Time: 308.459
Epoch [32/99] Step [170/214] Loss: 1.1836 Time: 308.913
Epoch [32/99] Step [180/214] Loss: 1.3379 Time: 309.367
Epoch [32/99] Step [190/214] Loss: 1.1803 Time: 309.822
Epoch [32/99] Step [200/214] Loss: 1.2628 Time: 310.276
Epoch [32/99] Step [210/214] Loss: 1.1628 Time: 310.729
Epoch [33/99] Step [10/214] Loss: 1.2343 Time: 311.361
Epoch [33/99] Step [20/214] Loss: 1.2758 Time: 311.814
Epoch [33/99] Step [30/214] Loss: 1.2621 Time: 312.268
Epoch [33/99] Step [40/214] Loss: 1.2007 Time: 312.722
Epoch [33/99] Step [50/214] Loss: 1.1243 Time: 313.177
Epoch [33/99] Step [60/214] Loss: 1.1977 Time: 313.631
Epoch [33/99] Step [70/214] Loss: 1.2506 Time: 314.085
Epoch [33/99] Step [80/214] Loss: 1.1955 Time: 314.539
Epoch [33/99] Step [90/214] Loss: 1.1567 Time: 314.994
Epoch [33/99] Step [100/214] Loss: 1.2534 Time: 315.449
Epoch [33/99] Step [110/214] Loss: 1.1440 Time: 315.902
Epoch [33/99] Step [120/214] Loss: 1.1064 Time: 316.356
Epoch [33/99] Step [130/214] Loss: 1.2070 Time: 316.811
Epoch [33/99] Step [140/214] Loss: 1.3608 Time: 317.265
Epoch [33/99] Step [150/214] Loss: 1.1251 Time: 317.719
Epoch [33/99] Step [160/214] Loss: 1.2063 Time: 318.173
Epoch [33/99] Step [170/214] Loss: 1.2100 Time: 318.628
Epoch [33/99] Step [180/214] Loss: 1.1836 Time: 319.082
Epoch [33/99] Step [190/214] Loss: 1.1070 Time: 319.536
Epoch [33/99] Step [200/214] Loss: 1.2549 Time: 319.991
Epoch [33/99] Step [210/214] Loss: 1.1712 Time: 320.444
Epoch [34/99] Step [10/214] Loss: 1.2122 Time: 321.076
Epoch [34/99] Step [20/214] Loss: 1.1255 Time: 321.529
Epoch [34/99] Step [30/214] Loss: 1.1175 Time: 321.982
Epoch [34/99] Step [40/214] Loss: 1.1744 Time: 322.436
Epoch [34/99] Step [50/214] Loss: 1.2796 Time: 322.892
Epoch [34/99] Step [60/214] Loss: 1.1341 Time: 323.345
Epoch [34/99] Step [70/214] Loss: 1.2439 Time: 323.799
Epoch [34/99] Step [80/214] Loss: 1.2127 Time: 324.254
Epoch [34/99] Step [90/214] Loss: 1.2089 Time: 324.708
Epoch [34/99] Step [100/214] Loss: 1.1758 Time: 325.161
Epoch [34/99] Step [110/214] Loss: 1.2428 Time: 325.616
Epoch [34/99] Step [120/214] Loss: 1.2414 Time: 326.071
Epoch [34/99] Step [130/214] Loss: 1.1917 Time: 326.525
Epoch [34/99] Step [140/214] Loss: 1.2704 Time: 326.98
Epoch [34/99] Step [150/214] Loss: 1.2056 Time: 327.434
Epoch [34/99] Step [160/214] Loss: 1.2667 Time: 327.888
Epoch [34/99] Step [170/214] Loss: 1.3026 Time: 328.342
Epoch [34/99] Step [180/214] Loss: 1.2805 Time: 328.796
Epoch [34/99] Step [190/214] Loss: 1.2295 Time: 329.25
Epoch [34/99] Step [200/214] Loss: 1.2630 Time: 329.705
Epoch [34/99] Step [210/214] Loss: 1.2398 Time: 330.158
Epoch [35/99] Step [10/214] Loss: 1.3175 Time: 330.789
Epoch [35/99] Step [20/214] Loss: 1.1388 Time: 331.243
Epoch [35/99] Step [30/214] Loss: 1.2153 Time: 331.697
Epoch [35/99] Step [40/214] Loss: 1.2605 Time: 332.152
Epoch [35/99] Step [50/214] Loss: 1.1543 Time: 332.605
Epoch [35/99] Step [60/214] Loss: 1.2946 Time: 333.06
Epoch [35/99] Step [70/214] Loss: 1.1504 Time: 333.514
Epoch [35/99] Step [80/214] Loss: 1.1724 Time: 333.968
Epoch [35/99] Step [90/214] Loss: 1.1660 Time: 334.422
Epoch [35/99] Step [100/214] Loss: 1.1614 Time: 334.876
Epoch [35/99] Step [110/214] Loss: 1.2547 Time: 335.33
Epoch [35/99] Step [120/214] Loss: 1.1884 Time: 335.784
Epoch [35/99] Step [130/214] Loss: 1.3207 Time: 336.239
Epoch [35/99] Step [140/214] Loss: 1.1558 Time: 336.693
Epoch [35/99] Step [150/214] Loss: 1.3321 Time: 337.148
Epoch [35/99] Step [160/214] Loss: 1.2255 Time: 337.602
Epoch [35/99] Step [170/214] Loss: 1.2794 Time: 338.056
Epoch [35/99] Step [180/214] Loss: 1.2527 Time: 338.51
Epoch [35/99] Step [190/214] Loss: 1.1705 Time: 338.965
Epoch [35/99] Step [200/214] Loss: 1.2156 Time: 339.419
Epoch [35/99] Step [210/214] Loss: 1.1597 Time: 339.874
Epoch [36/99] Step [10/214] Loss: 1.0742 Time: 340.505
Epoch [36/99] Step [20/214] Loss: 1.2445 Time: 340.96
Epoch [36/99] Step [30/214] Loss: 1.2719 Time: 341.414
Epoch [36/99] Step [40/214] Loss: 1.1057 Time: 341.868
Epoch [36/99] Step [50/214] Loss: 1.1924 Time: 342.324
Epoch [36/99] Step [60/214] Loss: 1.1570 Time: 342.779
Epoch [36/99] Step [70/214] Loss: 1.1794 Time: 343.233
Epoch [36/99] Step [80/214] Loss: 1.1845 Time: 343.687
Epoch [36/99] Step [90/214] Loss: 1.2238 Time: 344.142
Epoch [36/99] Step [100/214] Loss: 1.2629 Time: 344.596
Epoch [36/99] Step [110/214] Loss: 1.2844 Time: 345.05
Epoch [36/99] Step [120/214] Loss: 1.2812 Time: 345.505
Epoch [36/99] Step [130/214] Loss: 1.2008 Time: 345.958
Epoch [36/99] Step [140/214] Loss: 1.2338 Time: 346.413
Epoch [36/99] Step [150/214] Loss: 1.2128 Time: 346.867
Epoch [36/99] Step [160/214] Loss: 1.1882 Time: 347.32
Epoch [36/99] Step [170/214] Loss: 1.0608 Time: 347.776
Epoch [36/99] Step [180/214] Loss: 1.1585 Time: 348.23
Epoch [36/99] Step [190/214] Loss: 1.1648 Time: 348.684
Epoch [36/99] Step [200/214] Loss: 1.2325 Time: 349.138
Epoch [36/99] Step [210/214] Loss: 1.1005 Time: 349.592
Epoch [37/99] Step [10/214] Loss: 1.1654 Time: 350.235
Epoch [37/99] Step [20/214] Loss: 1.2804 Time: 350.689
Epoch [37/99] Step [30/214] Loss: 1.1713 Time: 351.144
Epoch [37/99] Step [40/214] Loss: 1.2271 Time: 351.598
Epoch [37/99] Step [50/214] Loss: 1.2237 Time: 352.053
Epoch [37/99] Step [60/214] Loss: 1.2689 Time: 352.507
Epoch [37/99] Step [70/214] Loss: 1.3414 Time: 352.961
Epoch [37/99] Step [80/214] Loss: 1.2126 Time: 353.414
Epoch [37/99] Step [90/214] Loss: 1.2512 Time: 353.868
Epoch [37/99] Step [100/214] Loss: 1.2360 Time: 354.322
Epoch [37/99] Step [110/214] Loss: 1.1084 Time: 354.777
Epoch [37/99] Step [120/214] Loss: 1.1591 Time: 355.231
Epoch [37/99] Step [130/214] Loss: 1.1098 Time: 355.685
Epoch [37/99] Step [140/214] Loss: 1.1403 Time: 356.14
Epoch [37/99] Step [150/214] Loss: 1.1244 Time: 356.595
Epoch [37/99] Step [160/214] Loss: 1.1864 Time: 357.049
Epoch [37/99] Step [170/214] Loss: 1.1473 Time: 357.503
Epoch [37/99] Step [180/214] Loss: 1.1240 Time: 357.957
Epoch [37/99] Step [190/214] Loss: 1.1597 Time: 358.41
Epoch [37/99] Step [200/214] Loss: 1.3002 Time: 358.864
Epoch [37/99] Step [210/214] Loss: 1.1839 Time: 359.319
Epoch [38/99] Step [10/214] Loss: 1.2404 Time: 359.95
Epoch [38/99] Step [20/214] Loss: 1.1292 Time: 360.406
Epoch [38/99] Step [30/214] Loss: 1.0643 Time: 360.86
Epoch [38/99] Step [40/214] Loss: 1.2220 Time: 361.314
Epoch [38/99] Step [50/214] Loss: 1.2253 Time: 361.769
Epoch [38/99] Step [60/214] Loss: 1.1458 Time: 362.223
Epoch [38/99] Step [70/214] Loss: 1.1723 Time: 362.677
Epoch [38/99] Step [80/214] Loss: 1.2399 Time: 363.13
Epoch [38/99] Step [90/214] Loss: 1.2918 Time: 363.585
Epoch [38/99] Step [100/214] Loss: 1.2684 Time: 364.039
Epoch [38/99] Step [110/214] Loss: 1.2559 Time: 364.494
Epoch [38/99] Step [120/214] Loss: 1.1682 Time: 364.949
Epoch [38/99] Step [130/214] Loss: 1.2222 Time: 365.403
Epoch [38/99] Step [140/214] Loss: 1.2613 Time: 365.857
Epoch [38/99] Step [150/214] Loss: 1.2388 Time: 366.312
Epoch [38/99] Step [160/214] Loss: 1.3239 Time: 366.767
Epoch [38/99] Step [170/214] Loss: 1.1002 Time: 367.221
Epoch [38/99] Step [180/214] Loss: 1.1527 Time: 367.675
Epoch [38/99] Step [190/214] Loss: 1.2190 Time: 368.128
Epoch [38/99] Step [200/214] Loss: 1.1768 Time: 368.582
Epoch [38/99] Step [210/214] Loss: 1.2063 Time: 369.036
Epoch [39/99] Step [10/214] Loss: 1.3084 Time: 369.669
Epoch [39/99] Step [20/214] Loss: 1.2614 Time: 370.123
Epoch [39/99] Step [30/214] Loss: 1.2312 Time: 370.577
Epoch [39/99] Step [40/214] Loss: 1.2015 Time: 371.03
Epoch [39/99] Step [50/214] Loss: 1.2540 Time: 371.485
Epoch [39/99] Step [60/214] Loss: 1.2125 Time: 371.939
Epoch [39/99] Step [70/214] Loss: 1.0347 Time: 372.394
Epoch [39/99] Step [80/214] Loss: 1.2048 Time: 372.848
Epoch [39/99] Step [90/214] Loss: 1.1987 Time: 373.302
Epoch [39/99] Step [100/214] Loss: 1.1901 Time: 373.756
Epoch [39/99] Step [110/214] Loss: 1.2615 Time: 374.21
Epoch [39/99] Step [120/214] Loss: 1.2048 Time: 374.664
Epoch [39/99] Step [130/214] Loss: 1.2678 Time: 375.118
Epoch [39/99] Step [140/214] Loss: 1.2055 Time: 375.571
Epoch [39/99] Step [150/214] Loss: 1.2913 Time: 376.025
Epoch [39/99] Step [160/214] Loss: 1.1698 Time: 376.479
Epoch [39/99] Step [170/214] Loss: 1.2770 Time: 376.933
Epoch [39/99] Step [180/214] Loss: 1.1189 Time: 377.386
Epoch [39/99] Step [190/214] Loss: 1.1855 Time: 377.84
Epoch [39/99] Step [200/214] Loss: 1.2707 Time: 378.294
Epoch [39/99] Step [210/214] Loss: 1.1622 Time: 378.748
Epoch [40/99] Step [10/214] Loss: 1.2235 Time: 379.379
Epoch [40/99] Step [20/214] Loss: 1.1347 Time: 379.833
Epoch [40/99] Step [30/214] Loss: 1.1313 Time: 380.287
Epoch [40/99] Step [40/214] Loss: 1.2782 Time: 380.741
Epoch [40/99] Step [50/214] Loss: 1.1610 Time: 381.195
Epoch [40/99] Step [60/214] Loss: 1.2761 Time: 381.649
Epoch [40/99] Step [70/214] Loss: 1.1649 Time: 382.102
Epoch [40/99] Step [80/214] Loss: 1.1708 Time: 382.557
Epoch [40/99] Step [90/214] Loss: 1.1086 Time: 383.011
Epoch [40/99] Step [100/214] Loss: 1.3046 Time: 383.465
Epoch [40/99] Step [110/214] Loss: 1.1865 Time: 383.919
Epoch [40/99] Step [120/214] Loss: 1.1706 Time: 384.373
Epoch [40/99] Step [130/214] Loss: 1.2277 Time: 384.826
Epoch [40/99] Step [140/214] Loss: 1.1721 Time: 385.28
Epoch [40/99] Step [150/214] Loss: 1.2581 Time: 385.735
Epoch [40/99] Step [160/214] Loss: 1.1870 Time: 386.19
Epoch [40/99] Step [170/214] Loss: 1.2503 Time: 386.644
Epoch [40/99] Step [180/214] Loss: 1.1927 Time: 387.097
Epoch [40/99] Step [190/214] Loss: 1.2208 Time: 387.551
Epoch [40/99] Step [200/214] Loss: 1.1733 Time: 388.004
Epoch [40/99] Step [210/214] Loss: 1.2076 Time: 388.458
Epoch [41/99] Step [10/214] Loss: 1.2828 Time: 389.091
Epoch [41/99] Step [20/214] Loss: 1.1428 Time: 389.544
Epoch [41/99] Step [30/214] Loss: 1.2570 Time: 389.998
Epoch [41/99] Step [40/214] Loss: 1.2220 Time: 390.452
Epoch [41/99] Step [50/214] Loss: 1.2259 Time: 390.906
Epoch [41/99] Step [60/214] Loss: 1.1552 Time: 391.36
Epoch [41/99] Step [70/214] Loss: 1.2838 Time: 391.814
Epoch [41/99] Step [80/214] Loss: 1.2697 Time: 392.267
Epoch [41/99] Step [90/214] Loss: 1.1470 Time: 392.722
Epoch [41/99] Step [100/214] Loss: 1.2371 Time: 393.177
Epoch [41/99] Step [110/214] Loss: 1.0845 Time: 393.63
Epoch [41/99] Step [120/214] Loss: 1.1705 Time: 394.083
Epoch [41/99] Step [130/214] Loss: 1.2626 Time: 394.537
Epoch [41/99] Step [140/214] Loss: 1.4377 Time: 394.992
Epoch [41/99] Step [150/214] Loss: 1.1667 Time: 395.446
Epoch [41/99] Step [160/214] Loss: 1.2271 Time: 395.9
Epoch [41/99] Step [170/214] Loss: 1.1531 Time: 396.354
Epoch [41/99] Step [180/214] Loss: 1.2678 Time: 396.809
Epoch [41/99] Step [190/214] Loss: 1.2096 Time: 397.263
Epoch [41/99] Step [200/214] Loss: 1.2447 Time: 397.718
Epoch [41/99] Step [210/214] Loss: 1.2569 Time: 398.172
Epoch [42/99] Step [10/214] Loss: 1.1312 Time: 398.803
Epoch [42/99] Step [20/214] Loss: 1.0802 Time: 399.257
Epoch [42/99] Step [30/214] Loss: 1.3166 Time: 399.711
Epoch [42/99] Step [40/214] Loss: 1.3035 Time: 400.165
Epoch [42/99] Step [50/214] Loss: 1.1559 Time: 400.619
Epoch [42/99] Step [60/214] Loss: 1.2166 Time: 401.074
Epoch [42/99] Step [70/214] Loss: 1.1842 Time: 401.528
Epoch [42/99] Step [80/214] Loss: 1.2667 Time: 401.982
Epoch [42/99] Step [90/214] Loss: 1.3175 Time: 402.436
Epoch [42/99] Step [100/214] Loss: 1.2685 Time: 402.892
Epoch [42/99] Step [110/214] Loss: 1.1450 Time: 403.346
Epoch [42/99] Step [120/214] Loss: 1.1009 Time: 403.799
Epoch [42/99] Step [130/214] Loss: 1.2480 Time: 404.254
Epoch [42/99] Step [140/214] Loss: 1.3408 Time: 404.709
Epoch [42/99] Step [150/214] Loss: 1.1624 Time: 405.163
Epoch [42/99] Step [160/214] Loss: 1.2339 Time: 405.617
Epoch [42/99] Step [170/214] Loss: 1.1676 Time: 406.07
Epoch [42/99] Step [180/214] Loss: 1.1912 Time: 406.525
Epoch [42/99] Step [190/214] Loss: 1.1732 Time: 406.98
Epoch [42/99] Step [200/214] Loss: 1.1876 Time: 407.434
Epoch [42/99] Step [210/214] Loss: 1.1784 Time: 407.888
Epoch [43/99] Step [10/214] Loss: 1.1604 Time: 408.518
Epoch [43/99] Step [20/214] Loss: 1.2798 Time: 408.973
Epoch [43/99] Step [30/214] Loss: 1.2747 Time: 409.427
Epoch [43/99] Step [40/214] Loss: 1.1408 Time: 409.881
Epoch [43/99] Step [50/214] Loss: 1.3124 Time: 410.335
Epoch [43/99] Step [60/214] Loss: 1.1792 Time: 410.79
Epoch [43/99] Step [70/214] Loss: 1.1862 Time: 411.244
Epoch [43/99] Step [80/214] Loss: 1.1376 Time: 411.698
Epoch [43/99] Step [90/214] Loss: 1.1378 Time: 412.153
Epoch [43/99] Step [100/214] Loss: 1.2118 Time: 412.607
Epoch [43/99] Step [110/214] Loss: 1.1211 Time: 413.06
Epoch [43/99] Step [120/214] Loss: 1.1209 Time: 413.515
Epoch [43/99] Step [130/214] Loss: 1.1917 Time: 413.969
Epoch [43/99] Step [140/214] Loss: 1.2089 Time: 414.424
Epoch [43/99] Step [150/214] Loss: 1.1949 Time: 414.877
Epoch [43/99] Step [160/214] Loss: 1.2267 Time: 415.332
Epoch [43/99] Step [170/214] Loss: 1.0920 Time: 415.787
Epoch [43/99] Step [180/214] Loss: 1.1816 Time: 416.241
Epoch [43/99] Step [190/214] Loss: 1.1565 Time: 416.696
Epoch [43/99] Step [200/214] Loss: 1.1603 Time: 417.15
Epoch [43/99] Step [210/214] Loss: 1.2887 Time: 417.605
Epoch [44/99] Step [10/214] Loss: 1.2641 Time: 418.237
Epoch [44/99] Step [20/214] Loss: 1.1047 Time: 418.692
Epoch [44/99] Step [30/214] Loss: 1.2032 Time: 419.146
Epoch [44/99] Step [40/214] Loss: 1.3787 Time: 419.6
Epoch [44/99] Step [50/214] Loss: 1.2044 Time: 420.054
Epoch [44/99] Step [60/214] Loss: 1.1029 Time: 420.508
Epoch [44/99] Step [70/214] Loss: 1.2865 Time: 420.961
Epoch [44/99] Step [80/214] Loss: 1.1628 Time: 421.415
Epoch [44/99] Step [90/214] Loss: 1.2618 Time: 421.87
Epoch [44/99] Step [100/214] Loss: 1.1755 Time: 422.325
Epoch [44/99] Step [110/214] Loss: 1.1869 Time: 422.779
Epoch [44/99] Step [120/214] Loss: 1.1898 Time: 423.232
Epoch [44/99] Step [130/214] Loss: 1.1489 Time: 423.687
Epoch [44/99] Step [140/214] Loss: 1.1577 Time: 424.14
Epoch [44/99] Step [150/214] Loss: 1.2495 Time: 424.594
Epoch [44/99] Step [160/214] Loss: 1.1776 Time: 425.048
Epoch [44/99] Step [170/214] Loss: 1.2664 Time: 425.503
Epoch [44/99] Step [180/214] Loss: 1.1766 Time: 425.957
Epoch [44/99] Step [190/214] Loss: 1.2821 Time: 426.411
Epoch [44/99] Step [200/214] Loss: 1.2695 Time: 426.865
Epoch [44/99] Step [210/214] Loss: 1.1704 Time: 427.318
Epoch [45/99] Step [10/214] Loss: 1.1272 Time: 427.951
Epoch [45/99] Step [20/214] Loss: 1.2202 Time: 428.405
Epoch [45/99] Step [30/214] Loss: 1.1077 Time: 428.858
Epoch [45/99] Step [40/214] Loss: 1.1895 Time: 429.311
Epoch [45/99] Step [50/214] Loss: 1.1490 Time: 429.765
Epoch [45/99] Step [60/214] Loss: 1.2392 Time: 430.219
Epoch [45/99] Step [70/214] Loss: 1.1824 Time: 430.673
Epoch [45/99] Step [80/214] Loss: 1.2166 Time: 431.128
Epoch [45/99] Step [90/214] Loss: 1.2829 Time: 431.582
Epoch [45/99] Step [100/214] Loss: 1.1579 Time: 432.036
Epoch [45/99] Step [110/214] Loss: 1.1318 Time: 432.489
Epoch [45/99] Step [120/214] Loss: 1.0882 Time: 432.943
Epoch [45/99] Step [130/214] Loss: 1.1029 Time: 433.396
Epoch [45/99] Step [140/214] Loss: 1.2527 Time: 433.851
Epoch [45/99] Step [150/214] Loss: 1.1702 Time: 434.305
Epoch [45/99] Step [160/214] Loss: 1.1753 Time: 434.759
Epoch [45/99] Step [170/214] Loss: 1.3578 Time: 435.213
Epoch [45/99] Step [180/214] Loss: 1.2142 Time: 435.668
Epoch [45/99] Step [190/214] Loss: 1.0783 Time: 436.122
Epoch [45/99] Step [200/214] Loss: 1.1560 Time: 436.576
Epoch [45/99] Step [210/214] Loss: 1.1451 Time: 437.03
Epoch [46/99] Step [10/214] Loss: 1.2035 Time: 437.662
Epoch [46/99] Step [20/214] Loss: 1.2215 Time: 438.116
Epoch [46/99] Step [30/214] Loss: 1.2445 Time: 438.57
Epoch [46/99] Step [40/214] Loss: 1.2885 Time: 439.025
Epoch [46/99] Step [50/214] Loss: 1.1561 Time: 439.48
Epoch [46/99] Step [60/214] Loss: 1.3375 Time: 439.935
Epoch [46/99] Step [70/214] Loss: 1.0660 Time: 440.389
Epoch [46/99] Step [80/214] Loss: 1.1731 Time: 440.844
Epoch [46/99] Step [90/214] Loss: 1.2830 Time: 441.298
Epoch [46/99] Step [100/214] Loss: 1.1535 Time: 441.752
Epoch [46/99] Step [110/214] Loss: 1.2122 Time: 442.206
Epoch [46/99] Step [120/214] Loss: 1.1765 Time: 442.661
Epoch [46/99] Step [130/214] Loss: 1.2262 Time: 443.114
Epoch [46/99] Step [140/214] Loss: 1.2108 Time: 443.569
Epoch [46/99] Step [150/214] Loss: 1.2255 Time: 444.023
Epoch [46/99] Step [160/214] Loss: 1.1352 Time: 444.477
Epoch [46/99] Step [170/214] Loss: 1.1761 Time: 444.932
Epoch [46/99] Step [180/214] Loss: 1.2949 Time: 445.386
Epoch [46/99] Step [190/214] Loss: 1.1020 Time: 445.84
Epoch [46/99] Step [200/214] Loss: 1.1519 Time: 446.294
Epoch [46/99] Step [210/214] Loss: 1.1332 Time: 446.749
Epoch [47/99] Step [10/214] Loss: 1.0879 Time: 447.383
Epoch [47/99] Step [20/214] Loss: 1.1696 Time: 447.836
Epoch [47/99] Step [30/214] Loss: 1.2025 Time: 448.29
Epoch [47/99] Step [40/214] Loss: 1.2890 Time: 448.744
Epoch [47/99] Step [50/214] Loss: 1.1576 Time: 449.199
Epoch [47/99] Step [60/214] Loss: 1.1800 Time: 449.653
Epoch [47/99] Step [70/214] Loss: 1.1944 Time: 450.106
Epoch [47/99] Step [80/214] Loss: 1.0808 Time: 450.559
Epoch [47/99] Step [90/214] Loss: 1.1481 Time: 451.013
Epoch [47/99] Step [100/214] Loss: 1.1467 Time: 451.467
Epoch [47/99] Step [110/214] Loss: 1.2008 Time: 451.922
Epoch [47/99] Step [120/214] Loss: 1.2796 Time: 452.376
Epoch [47/99] Step [130/214] Loss: 1.2401 Time: 452.831
Epoch [47/99] Step [140/214] Loss: 1.2108 Time: 453.285
Epoch [47/99] Step [150/214] Loss: 1.1363 Time: 453.739
Epoch [47/99] Step [160/214] Loss: 1.1890 Time: 454.193
Epoch [47/99] Step [170/214] Loss: 1.2550 Time: 454.648
Epoch [47/99] Step [180/214] Loss: 1.1598 Time: 455.102
Epoch [47/99] Step [190/214] Loss: 1.3118 Time: 455.556
Epoch [47/99] Step [200/214] Loss: 1.3427 Time: 456.011
Epoch [47/99] Step [210/214] Loss: 1.1798 Time: 456.464
Epoch [48/99] Step [10/214] Loss: 1.1740 Time: 457.097
Epoch [48/99] Step [20/214] Loss: 1.2159 Time: 457.55
Epoch [48/99] Step [30/214] Loss: 1.1704 Time: 458.004
Epoch [48/99] Step [40/214] Loss: 1.1617 Time: 458.458
Epoch [48/99] Step [50/214] Loss: 1.1217 Time: 458.913
Epoch [48/99] Step [60/214] Loss: 1.2498 Time: 459.367
Epoch [48/99] Step [70/214] Loss: 1.2911 Time: 459.821
Epoch [48/99] Step [80/214] Loss: 1.3280 Time: 460.276
Epoch [48/99] Step [90/214] Loss: 1.2681 Time: 460.73
Epoch [48/99] Step [100/214] Loss: 1.1865 Time: 461.183
Epoch [48/99] Step [110/214] Loss: 1.1382 Time: 461.638
Epoch [48/99] Step [120/214] Loss: 1.2802 Time: 462.092
Epoch [48/99] Step [130/214] Loss: 1.1412 Time: 462.546
Epoch [48/99] Step [140/214] Loss: 1.2126 Time: 463.0
Epoch [48/99] Step [150/214] Loss: 1.1466 Time: 463.454
Epoch [48/99] Step [160/214] Loss: 1.1381 Time: 463.908
Epoch [48/99] Step [170/214] Loss: 1.1685 Time: 464.362
Epoch [48/99] Step [180/214] Loss: 1.1916 Time: 464.817
Epoch [48/99] Step [190/214] Loss: 1.1586 Time: 465.27
Epoch [48/99] Step [200/214] Loss: 1.2168 Time: 465.724
Epoch [48/99] Step [210/214] Loss: 1.2715 Time: 466.179
Epoch [49/99] Step [10/214] Loss: 1.2175 Time: 466.811
Epoch [49/99] Step [20/214] Loss: 1.1544 Time: 467.265
Epoch [49/99] Step [30/214] Loss: 1.2082 Time: 467.719
Epoch [49/99] Step [40/214] Loss: 1.1900 Time: 468.173
Epoch [49/99] Step [50/214] Loss: 1.2357 Time: 468.627
Epoch [49/99] Step [60/214] Loss: 1.2009 Time: 469.081
Epoch [49/99] Step [70/214] Loss: 1.2125 Time: 469.536
Epoch [49/99] Step [80/214] Loss: 1.1674 Time: 469.99
Epoch [49/99] Step [90/214] Loss: 1.2156 Time: 470.444
Epoch [49/99] Step [100/214] Loss: 1.2455 Time: 470.898
Epoch [49/99] Step [110/214] Loss: 1.2831 Time: 471.353
Epoch [49/99] Step [120/214] Loss: 1.2128 Time: 471.807
Epoch [49/99] Step [130/214] Loss: 1.1305 Time: 472.262
Epoch [49/99] Step [140/214] Loss: 1.1805 Time: 472.716
Epoch [49/99] Step [150/214] Loss: 1.2403 Time: 473.17
Epoch [49/99] Step [160/214] Loss: 1.2310 Time: 473.625
Epoch [49/99] Step [170/214] Loss: 1.2704 Time: 474.079
Epoch [49/99] Step [180/214] Loss: 1.2366 Time: 474.532
Epoch [49/99] Step [190/214] Loss: 1.2528 Time: 474.986
Epoch [49/99] Step [200/214] Loss: 1.1578 Time: 475.44
Epoch [49/99] Step [210/214] Loss: 1.2092 Time: 475.894
Epoch [50/99] Step [10/214] Loss: 1.1567 Time: 476.525
Epoch [50/99] Step [20/214] Loss: 1.1632 Time: 476.98
Epoch [50/99] Step [30/214] Loss: 1.1836 Time: 477.433
Epoch [50/99] Step [40/214] Loss: 1.1380 Time: 477.888
Epoch [50/99] Step [50/214] Loss: 1.1719 Time: 478.341
Epoch [50/99] Step [60/214] Loss: 1.2538 Time: 478.795
Epoch [50/99] Step [70/214] Loss: 1.0947 Time: 479.249
Epoch [50/99] Step [80/214] Loss: 1.0953 Time: 479.703
Epoch [50/99] Step [90/214] Loss: 1.2576 Time: 480.157
Epoch [50/99] Step [100/214] Loss: 1.1642 Time: 480.612
Epoch [50/99] Step [110/214] Loss: 1.2136 Time: 481.066
Epoch [50/99] Step [120/214] Loss: 1.1507 Time: 481.519
Epoch [50/99] Step [130/214] Loss: 1.1645 Time: 481.974
Epoch [50/99] Step [140/214] Loss: 1.1271 Time: 482.429
Epoch [50/99] Step [150/214] Loss: 1.1812 Time: 482.883
Epoch [50/99] Step [160/214] Loss: 1.1557 Time: 483.338
Epoch [50/99] Step [170/214] Loss: 1.2226 Time: 483.793
Epoch [50/99] Step [180/214] Loss: 1.1924 Time: 484.247
Epoch [50/99] Step [190/214] Loss: 1.2421 Time: 484.7
Epoch [50/99] Step [200/214] Loss: 1.2457 Time: 485.154
Epoch [50/99] Step [210/214] Loss: 1.2218 Time: 485.608
Epoch [51/99] Step [10/214] Loss: 1.2037 Time: 486.24
Epoch [51/99] Step [20/214] Loss: 1.1416 Time: 486.694
Epoch [51/99] Step [30/214] Loss: 1.1464 Time: 487.149
Epoch [51/99] Step [40/214] Loss: 1.1677 Time: 487.604
Epoch [51/99] Step [50/214] Loss: 1.2367 Time: 488.058
Epoch [51/99] Step [60/214] Loss: 1.1239 Time: 488.513
Epoch [51/99] Step [70/214] Loss: 1.1687 Time: 488.967
Epoch [51/99] Step [80/214] Loss: 1.2567 Time: 489.421
Epoch [51/99] Step [90/214] Loss: 1.1881 Time: 489.875
Epoch [51/99] Step [100/214] Loss: 1.2074 Time: 490.33
Epoch [51/99] Step [110/214] Loss: 1.2237 Time: 490.784
Epoch [51/99] Step [120/214] Loss: 1.1993 Time: 491.238
Epoch [51/99] Step [130/214] Loss: 1.2416 Time: 491.692
Epoch [51/99] Step [140/214] Loss: 1.2024 Time: 492.146
Epoch [51/99] Step [150/214] Loss: 1.1383 Time: 492.6
Epoch [51/99] Step [160/214] Loss: 1.1825 Time: 493.054
Epoch [51/99] Step [170/214] Loss: 1.1694 Time: 493.509
Epoch [51/99] Step [180/214] Loss: 1.1494 Time: 493.963
Epoch [51/99] Step [190/214] Loss: 1.1858 Time: 494.417
Epoch [51/99] Step [200/214] Loss: 1.1106 Time: 494.871
Epoch [51/99] Step [210/214] Loss: 1.1437 Time: 495.325
Epoch [52/99] Step [10/214] Loss: 1.2621 Time: 495.958
Epoch [52/99] Step [20/214] Loss: 1.1732 Time: 496.412
Epoch [52/99] Step [30/214] Loss: 1.1138 Time: 496.866
Epoch [52/99] Step [40/214] Loss: 1.0918 Time: 497.321
Epoch [52/99] Step [50/214] Loss: 1.2226 Time: 497.776
Epoch [52/99] Step [60/214] Loss: 1.1639 Time: 498.229
Epoch [52/99] Step [70/214] Loss: 1.1362 Time: 498.684
Epoch [52/99] Step [80/214] Loss: 1.1653 Time: 499.138
Epoch [52/99] Step [90/214] Loss: 1.2667 Time: 499.592
Epoch [52/99] Step [100/214] Loss: 1.2105 Time: 500.046
Epoch [52/99] Step [110/214] Loss: 1.2465 Time: 500.509
Epoch [52/99] Step [120/214] Loss: 1.1556 Time: 500.962
Epoch [52/99] Step [130/214] Loss: 1.2889 Time: 501.416
Epoch [52/99] Step [140/214] Loss: 1.3418 Time: 501.869
Epoch [52/99] Step [150/214] Loss: 1.2327 Time: 502.323
Epoch [52/99] Step [160/214] Loss: 1.1997 Time: 502.778
Epoch [52/99] Step [170/214] Loss: 1.1939 Time: 503.231
Epoch [52/99] Step [180/214] Loss: 1.2529 Time: 503.685
Epoch [52/99] Step [190/214] Loss: 1.1982 Time: 504.139
Epoch [52/99] Step [200/214] Loss: 1.1974 Time: 504.594
Epoch [52/99] Step [210/214] Loss: 1.1724 Time: 505.048
Epoch [53/99] Step [10/214] Loss: 1.2098 Time: 505.681
Epoch [53/99] Step [20/214] Loss: 1.1761 Time: 506.136
Epoch [53/99] Step [30/214] Loss: 1.2270 Time: 506.59
Epoch [53/99] Step [40/214] Loss: 1.1831 Time: 507.043
Epoch [53/99] Step [50/214] Loss: 1.1763 Time: 507.497
Epoch [53/99] Step [60/214] Loss: 1.2559 Time: 507.951
Epoch [53/99] Step [70/214] Loss: 1.1576 Time: 508.405
Epoch [53/99] Step [80/214] Loss: 1.2930 Time: 508.859
Epoch [53/99] Step [90/214] Loss: 1.1731 Time: 509.313
Epoch [53/99] Step [100/214] Loss: 1.1448 Time: 509.767
Epoch [53/99] Step [110/214] Loss: 1.0754 Time: 510.221
Epoch [53/99] Step [120/214] Loss: 1.2912 Time: 510.676
Epoch [53/99] Step [130/214] Loss: 1.1810 Time: 511.13
Epoch [53/99] Step [140/214] Loss: 1.1921 Time: 511.585
Epoch [53/99] Step [150/214] Loss: 1.2317 Time: 512.04
Epoch [53/99] Step [160/214] Loss: 1.1605 Time: 512.495
Epoch [53/99] Step [170/214] Loss: 1.1500 Time: 512.95
Epoch [53/99] Step [180/214] Loss: 1.1925 Time: 513.403
Epoch [53/99] Step [190/214] Loss: 1.1761 Time: 513.857
Epoch [53/99] Step [200/214] Loss: 1.2780 Time: 514.312
Epoch [53/99] Step [210/214] Loss: 1.1201 Time: 514.767
Epoch [54/99] Step [10/214] Loss: 1.1454 Time: 515.399
Epoch [54/99] Step [20/214] Loss: 1.2268 Time: 515.853
Epoch [54/99] Step [30/214] Loss: 1.1563 Time: 516.307
Epoch [54/99] Step [40/214] Loss: 1.1672 Time: 516.762
Epoch [54/99] Step [50/214] Loss: 1.2000 Time: 517.216
Epoch [54/99] Step [60/214] Loss: 1.3546 Time: 517.671
Epoch [54/99] Step [70/214] Loss: 1.1731 Time: 518.125
Epoch [54/99] Step [80/214] Loss: 1.1066 Time: 518.579
Epoch [54/99] Step [90/214] Loss: 1.2409 Time: 519.033
Epoch [54/99] Step [100/214] Loss: 1.3017 Time: 519.488
Epoch [54/99] Step [110/214] Loss: 1.1854 Time: 519.942
Epoch [54/99] Step [120/214] Loss: 1.1047 Time: 520.396
Epoch [54/99] Step [130/214] Loss: 1.1327 Time: 520.85
Epoch [54/99] Step [140/214] Loss: 1.1825 Time: 521.304
Epoch [54/99] Step [150/214] Loss: 1.1515 Time: 521.757
Epoch [54/99] Step [160/214] Loss: 1.1606 Time: 522.212
Epoch [54/99] Step [170/214] Loss: 1.2635 Time: 522.666
Epoch [54/99] Step [180/214] Loss: 1.3345 Time: 523.12
Epoch [54/99] Step [190/214] Loss: 1.1257 Time: 523.574
Epoch [54/99] Step [200/214] Loss: 1.0857 Time: 524.027
Epoch [54/99] Step [210/214] Loss: 1.2833 Time: 524.481
Epoch [55/99] Step [10/214] Loss: 1.1466 Time: 525.112
Epoch [55/99] Step [20/214] Loss: 1.2918 Time: 525.566
Epoch [55/99] Step [30/214] Loss: 1.3304 Time: 526.02
Epoch [55/99] Step [40/214] Loss: 1.1875 Time: 526.473
Epoch [55/99] Step [50/214] Loss: 1.2344 Time: 526.927
Epoch [55/99] Step [60/214] Loss: 1.2919 Time: 527.382
Epoch [55/99] Step [70/214] Loss: 1.1885 Time: 527.835
Epoch [55/99] Step [80/214] Loss: 1.2311 Time: 528.29
Epoch [55/99] Step [90/214] Loss: 1.2419 Time: 528.744
Epoch [55/99] Step [100/214] Loss: 1.2321 Time: 529.197
Epoch [55/99] Step [110/214] Loss: 1.1265 Time: 529.651
Epoch [55/99] Step [120/214] Loss: 1.2120 Time: 530.107
Epoch [55/99] Step [130/214] Loss: 1.1065 Time: 530.562
Epoch [55/99] Step [140/214] Loss: 1.1381 Time: 531.015
Epoch [55/99] Step [150/214] Loss: 1.1965 Time: 531.47
Epoch [55/99] Step [160/214] Loss: 1.3024 Time: 531.925
Epoch [55/99] Step [170/214] Loss: 1.2728 Time: 532.379
Epoch [55/99] Step [180/214] Loss: 1.1481 Time: 532.833
Epoch [55/99] Step [190/214] Loss: 1.0849 Time: 533.287
Epoch [55/99] Step [200/214] Loss: 1.2355 Time: 533.741
Epoch [55/99] Step [210/214] Loss: 1.1951 Time: 534.195
Epoch [56/99] Step [10/214] Loss: 1.1606 Time: 534.827
Epoch [56/99] Step [20/214] Loss: 1.1373 Time: 535.281
Epoch [56/99] Step [30/214] Loss: 1.2210 Time: 535.736
Epoch [56/99] Step [40/214] Loss: 1.1759 Time: 536.19
Epoch [56/99] Step [50/214] Loss: 1.1149 Time: 536.644
Epoch [56/99] Step [60/214] Loss: 1.1865 Time: 537.099
Epoch [56/99] Step [70/214] Loss: 1.0830 Time: 537.555
Epoch [56/99] Step [80/214] Loss: 1.1326 Time: 538.008
Epoch [56/99] Step [90/214] Loss: 1.2776 Time: 538.463
Epoch [56/99] Step [100/214] Loss: 1.1422 Time: 538.916
Epoch [56/99] Step [110/214] Loss: 1.2705 Time: 539.37
Epoch [56/99] Step [120/214] Loss: 1.1079 Time: 539.824
Epoch [56/99] Step [130/214] Loss: 1.3027 Time: 540.279
Epoch [56/99] Step [140/214] Loss: 1.2004 Time: 540.733
Epoch [56/99] Step [150/214] Loss: 1.1343 Time: 541.187
Epoch [56/99] Step [160/214] Loss: 1.1805 Time: 541.641
Epoch [56/99] Step [170/214] Loss: 1.1459 Time: 542.096
Epoch [56/99] Step [180/214] Loss: 1.1349 Time: 542.551
Epoch [56/99] Step [190/214] Loss: 1.1654 Time: 543.006
Epoch [56/99] Step [200/214] Loss: 1.1226 Time: 543.46
Epoch [56/99] Step [210/214] Loss: 1.1777 Time: 543.914
Epoch [57/99] Step [10/214] Loss: 1.1965 Time: 544.546
Epoch [57/99] Step [20/214] Loss: 1.0719 Time: 545.0
Epoch [57/99] Step [30/214] Loss: 1.2198 Time: 545.454
Epoch [57/99] Step [40/214] Loss: 1.1423 Time: 545.909
Epoch [57/99] Step [50/214] Loss: 1.2395 Time: 546.363
Epoch [57/99] Step [60/214] Loss: 1.1751 Time: 546.817
Epoch [57/99] Step [70/214] Loss: 1.1451 Time: 547.271
Epoch [57/99] Step [80/214] Loss: 1.2393 Time: 547.726
Epoch [57/99] Step [90/214] Loss: 1.2210 Time: 548.179
Epoch [57/99] Step [100/214] Loss: 1.0986 Time: 548.635
Epoch [57/99] Step [110/214] Loss: 1.2516 Time: 549.088
Epoch [57/99] Step [120/214] Loss: 1.1676 Time: 549.542
Epoch [57/99] Step [130/214] Loss: 1.1331 Time: 549.997
Epoch [57/99] Step [140/214] Loss: 1.3620 Time: 550.451
Epoch [57/99] Step [150/214] Loss: 1.2580 Time: 550.904
Epoch [57/99] Step [160/214] Loss: 1.1762 Time: 551.359
Epoch [57/99] Step [170/214] Loss: 1.2298 Time: 551.813
Epoch [57/99] Step [180/214] Loss: 1.1359 Time: 552.268
Epoch [57/99] Step [190/214] Loss: 1.1374 Time: 552.722
Epoch [57/99] Step [200/214] Loss: 1.2702 Time: 553.175
Epoch [57/99] Step [210/214] Loss: 1.1690 Time: 553.628
Epoch [58/99] Step [10/214] Loss: 1.1045 Time: 554.259
Epoch [58/99] Step [20/214] Loss: 1.2411 Time: 554.713
Epoch [58/99] Step [30/214] Loss: 1.2894 Time: 555.167
Epoch [58/99] Step [40/214] Loss: 1.2613 Time: 555.621
Epoch [58/99] Step [50/214] Loss: 1.1832 Time: 556.075
Epoch [58/99] Step [60/214] Loss: 1.2364 Time: 556.529
Epoch [58/99] Step [70/214] Loss: 1.2032 Time: 556.983
Epoch [58/99] Step [80/214] Loss: 1.1447 Time: 557.438
Epoch [58/99] Step [90/214] Loss: 1.2819 Time: 557.892
Epoch [58/99] Step [100/214] Loss: 1.1529 Time: 558.346
Epoch [58/99] Step [110/214] Loss: 1.1775 Time: 558.8
Epoch [58/99] Step [120/214] Loss: 1.1903 Time: 559.252
Epoch [58/99] Step [130/214] Loss: 1.1921 Time: 559.707
Epoch [58/99] Step [140/214] Loss: 1.1488 Time: 560.162
Epoch [58/99] Step [150/214] Loss: 1.1293 Time: 560.616
Epoch [58/99] Step [160/214] Loss: 1.1591 Time: 561.07
Epoch [58/99] Step [170/214] Loss: 1.1536 Time: 561.524
Epoch [58/99] Step [180/214] Loss: 1.2020 Time: 561.979
Epoch [58/99] Step [190/214] Loss: 1.1944 Time: 562.434
Epoch [58/99] Step [200/214] Loss: 1.2052 Time: 562.887
Epoch [58/99] Step [210/214] Loss: 1.0975 Time: 563.341
Epoch [59/99] Step [10/214] Loss: 1.2304 Time: 563.973
Epoch [59/99] Step [20/214] Loss: 1.2548 Time: 564.428
Epoch [59/99] Step [30/214] Loss: 1.1504 Time: 564.883
Epoch [59/99] Step [40/214] Loss: 1.2045 Time: 565.337
Epoch [59/99] Step [50/214] Loss: 1.2341 Time: 565.792
Epoch [59/99] Step [60/214] Loss: 1.2147 Time: 566.246
Epoch [59/99] Step [70/214] Loss: 1.2072 Time: 566.7
Epoch [59/99] Step [80/214] Loss: 1.1441 Time: 567.154
Epoch [59/99] Step [90/214] Loss: 1.2163 Time: 567.608
Epoch [59/99] Step [100/214] Loss: 1.2188 Time: 568.062
Epoch [59/99] Step [110/214] Loss: 1.2652 Time: 568.517
Epoch [59/99] Step [120/214] Loss: 1.2343 Time: 568.971
Epoch [59/99] Step [130/214] Loss: 1.1996 Time: 569.426
Epoch [59/99] Step [140/214] Loss: 1.1939 Time: 569.881
Epoch [59/99] Step [150/214] Loss: 1.1625 Time: 570.336
Epoch [59/99] Step [160/214] Loss: 1.1905 Time: 570.789
Epoch [59/99] Step [170/214] Loss: 1.2190 Time: 571.245
Epoch [59/99] Step [180/214] Loss: 1.3019 Time: 571.698
Epoch [59/99] Step [190/214] Loss: 1.1157 Time: 572.152
Epoch [59/99] Step [200/214] Loss: 1.0872 Time: 572.606
Epoch [59/99] Step [210/214] Loss: 1.1808 Time: 573.061
Epoch [60/99] Step [10/214] Loss: 1.2007 Time: 573.694
Epoch [60/99] Step [20/214] Loss: 1.2102 Time: 574.148
Epoch [60/99] Step [30/214] Loss: 1.1311 Time: 574.602
Epoch [60/99] Step [40/214] Loss: 1.1877 Time: 575.057
Epoch [60/99] Step [50/214] Loss: 1.3082 Time: 575.512
Epoch [60/99] Step [60/214] Loss: 1.1178 Time: 575.966
Epoch [60/99] Step [70/214] Loss: 1.1694 Time: 576.42
Epoch [60/99] Step [80/214] Loss: 1.2175 Time: 576.875
Epoch [60/99] Step [90/214] Loss: 1.2423 Time: 577.33
Epoch [60/99] Step [100/214] Loss: 1.2402 Time: 577.785
Epoch [60/99] Step [110/214] Loss: 1.2470 Time: 578.239
Epoch [60/99] Step [120/214] Loss: 1.1592 Time: 578.693
Epoch [60/99] Step [130/214] Loss: 1.2354 Time: 579.147
Epoch [60/99] Step [140/214] Loss: 1.1984 Time: 579.601
Epoch [60/99] Step [150/214] Loss: 1.1721 Time: 580.055
Epoch [60/99] Step [160/214] Loss: 1.0889 Time: 580.51
Epoch [60/99] Step [170/214] Loss: 1.2184 Time: 580.964
Epoch [60/99] Step [180/214] Loss: 1.0731 Time: 581.418
Epoch [60/99] Step [190/214] Loss: 1.2424 Time: 581.871
Epoch [60/99] Step [200/214] Loss: 1.2042 Time: 582.326
Epoch [60/99] Step [210/214] Loss: 1.1317 Time: 582.78
Epoch [61/99] Step [10/214] Loss: 1.2141 Time: 583.413
Epoch [61/99] Step [20/214] Loss: 1.2041 Time: 583.868
Epoch [61/99] Step [30/214] Loss: 1.2968 Time: 584.322
Epoch [61/99] Step [40/214] Loss: 1.2544 Time: 584.775
Epoch [61/99] Step [50/214] Loss: 1.2443 Time: 585.229
Epoch [61/99] Step [60/214] Loss: 1.1437 Time: 585.683
Epoch [61/99] Step [70/214] Loss: 1.2481 Time: 586.138
Epoch [61/99] Step [80/214] Loss: 1.2665 Time: 586.591
Epoch [61/99] Step [90/214] Loss: 1.2181 Time: 587.046
Epoch [61/99] Step [100/214] Loss: 1.2119 Time: 587.501
Epoch [61/99] Step [110/214] Loss: 1.1452 Time: 587.956
Epoch [61/99] Step [120/214] Loss: 1.1926 Time: 588.41
Epoch [61/99] Step [130/214] Loss: 1.1426 Time: 588.864
Epoch [61/99] Step [140/214] Loss: 1.1785 Time: 589.319
Epoch [61/99] Step [150/214] Loss: 1.2342 Time: 589.773
Epoch [61/99] Step [160/214] Loss: 1.2473 Time: 590.235
Epoch [61/99] Step [170/214] Loss: 1.2699 Time: 590.69
Epoch [61/99] Step [180/214] Loss: 1.0749 Time: 591.144
Epoch [61/99] Step [190/214] Loss: 1.1561 Time: 591.6
Epoch [61/99] Step [200/214] Loss: 1.3501 Time: 592.054
Epoch [61/99] Step [210/214] Loss: 1.1194 Time: 592.507
Epoch [62/99] Step [10/214] Loss: 1.2449 Time: 593.14
Epoch [62/99] Step [20/214] Loss: 1.2002 Time: 593.595
Epoch [62/99] Step [30/214] Loss: 1.1953 Time: 594.049
Epoch [62/99] Step [40/214] Loss: 1.2155 Time: 594.502
Epoch [62/99] Step [50/214] Loss: 1.1452 Time: 594.955
Epoch [62/99] Step [60/214] Loss: 1.0871 Time: 595.409
Epoch [62/99] Step [70/214] Loss: 1.2040 Time: 595.863
Epoch [62/99] Step [80/214] Loss: 1.2493 Time: 596.318
Epoch [62/99] Step [90/214] Loss: 1.2018 Time: 596.773
Epoch [62/99] Step [100/214] Loss: 1.2068 Time: 597.227
Epoch [62/99] Step [110/214] Loss: 1.2013 Time: 597.682
Epoch [62/99] Step [120/214] Loss: 1.1866 Time: 598.135
Epoch [62/99] Step [130/214] Loss: 1.2971 Time: 598.588
Epoch [62/99] Step [140/214] Loss: 1.2034 Time: 599.042
Epoch [62/99] Step [150/214] Loss: 1.1725 Time: 599.497
Epoch [62/99] Step [160/214] Loss: 1.1509 Time: 599.952
Epoch [62/99] Step [170/214] Loss: 1.2318 Time: 600.406
Epoch [62/99] Step [180/214] Loss: 1.2225 Time: 600.861
Epoch [62/99] Step [190/214] Loss: 1.2068 Time: 601.315
Epoch [62/99] Step [200/214] Loss: 1.3214 Time: 601.769
Epoch [62/99] Step [210/214] Loss: 1.3111 Time: 602.224
Epoch [63/99] Step [10/214] Loss: 1.3368 Time: 602.855
Epoch [63/99] Step [20/214] Loss: 1.1843 Time: 603.31
Epoch [63/99] Step [30/214] Loss: 1.3595 Time: 603.764
Epoch [63/99] Step [40/214] Loss: 1.1319 Time: 604.219
Epoch [63/99] Step [50/214] Loss: 1.2984 Time: 604.673
Epoch [63/99] Step [60/214] Loss: 1.1568 Time: 605.128
Epoch [63/99] Step [70/214] Loss: 1.2114 Time: 605.581
Epoch [63/99] Step [80/214] Loss: 1.1256 Time: 606.035
Epoch [63/99] Step [90/214] Loss: 1.2179 Time: 606.489
Epoch [63/99] Step [100/214] Loss: 1.2944 Time: 606.943
Epoch [63/99] Step [110/214] Loss: 1.2873 Time: 607.398
Epoch [63/99] Step [120/214] Loss: 1.1678 Time: 607.853
Epoch [63/99] Step [130/214] Loss: 1.2616 Time: 608.307
Epoch [63/99] Step [140/214] Loss: 1.3102 Time: 608.761
Epoch [63/99] Step [150/214] Loss: 1.1840 Time: 609.216
Epoch [63/99] Step [160/214] Loss: 1.1862 Time: 609.672
Epoch [63/99] Step [170/214] Loss: 1.2907 Time: 610.127
Epoch [63/99] Step [180/214] Loss: 1.2952 Time: 610.58
Epoch [63/99] Step [190/214] Loss: 1.1901 Time: 611.036
Epoch [63/99] Step [200/214] Loss: 1.1609 Time: 611.49
Epoch [63/99] Step [210/214] Loss: 1.3227 Time: 611.945
Epoch [64/99] Step [10/214] Loss: 1.2990 Time: 612.578
Epoch [64/99] Step [20/214] Loss: 1.1266 Time: 613.032
Epoch [64/99] Step [30/214] Loss: 1.2134 Time: 613.487
Epoch [64/99] Step [40/214] Loss: 1.1682 Time: 613.941
Epoch [64/99] Step [50/214] Loss: 1.1236 Time: 614.395
Epoch [64/99] Step [60/214] Loss: 1.1952 Time: 614.849
Epoch [64/99] Step [70/214] Loss: 1.2333 Time: 615.302
Epoch [64/99] Step [80/214] Loss: 1.2538 Time: 615.756
Epoch [64/99] Step [90/214] Loss: 1.2235 Time: 616.21
Epoch [64/99] Step [100/214] Loss: 1.1870 Time: 616.663
Epoch [64/99] Step [110/214] Loss: 1.1316 Time: 617.117
Epoch [64/99] Step [120/214] Loss: 1.2594 Time: 617.571
Epoch [64/99] Step [130/214] Loss: 1.1546 Time: 618.026
Epoch [64/99] Step [140/214] Loss: 1.1523 Time: 618.48
Epoch [64/99] Step [150/214] Loss: 1.1761 Time: 618.934
Epoch [64/99] Step [160/214] Loss: 1.0713 Time: 619.389
Epoch [64/99] Step [170/214] Loss: 1.2228 Time: 619.843
Epoch [64/99] Step [180/214] Loss: 1.3128 Time: 620.296
Epoch [64/99] Step [190/214] Loss: 1.2660 Time: 620.751
Epoch [64/99] Step [200/214] Loss: 1.2450 Time: 621.205
Epoch [64/99] Step [210/214] Loss: 1.1967 Time: 621.659
Epoch [65/99] Step [10/214] Loss: 1.1700 Time: 622.291
Epoch [65/99] Step [20/214] Loss: 1.1218 Time: 622.746
Epoch [65/99] Step [30/214] Loss: 1.2153 Time: 623.201
Epoch [65/99] Step [40/214] Loss: 1.1610 Time: 623.655
Epoch [65/99] Step [50/214] Loss: 1.2296 Time: 624.109
Epoch [65/99] Step [60/214] Loss: 1.2171 Time: 624.564
Epoch [65/99] Step [70/214] Loss: 1.1702 Time: 625.019
Epoch [65/99] Step [80/214] Loss: 1.3292 Time: 625.474
Epoch [65/99] Step [90/214] Loss: 1.1518 Time: 625.929
Epoch [65/99] Step [100/214] Loss: 1.1990 Time: 626.382
Epoch [65/99] Step [110/214] Loss: 1.1080 Time: 626.837
Epoch [65/99] Step [120/214] Loss: 1.0998 Time: 627.29
Epoch [65/99] Step [130/214] Loss: 1.1143 Time: 627.744
Epoch [65/99] Step [140/214] Loss: 1.2687 Time: 628.198
Epoch [65/99] Step [150/214] Loss: 1.1840 Time: 628.652
Epoch [65/99] Step [160/214] Loss: 1.2411 Time: 629.107
Epoch [65/99] Step [170/214] Loss: 1.1985 Time: 629.561
Epoch [65/99] Step [180/214] Loss: 1.2081 Time: 630.015
Epoch [65/99] Step [190/214] Loss: 1.2356 Time: 630.47
Epoch [65/99] Step [200/214] Loss: 1.1686 Time: 630.924
Epoch [65/99] Step [210/214] Loss: 1.2999 Time: 631.378
Epoch [66/99] Step [10/214] Loss: 1.1499 Time: 632.01
Epoch [66/99] Step [20/214] Loss: 1.1948 Time: 632.464
Epoch [66/99] Step [30/214] Loss: 1.2278 Time: 632.918
Epoch [66/99] Step [40/214] Loss: 1.1639 Time: 633.373
Epoch [66/99] Step [50/214] Loss: 1.1949 Time: 633.827
Epoch [66/99] Step [60/214] Loss: 1.1261 Time: 634.282
Epoch [66/99] Step [70/214] Loss: 1.2409 Time: 634.736
Epoch [66/99] Step [80/214] Loss: 1.2225 Time: 635.19
Epoch [66/99] Step [90/214] Loss: 1.1997 Time: 635.645
Epoch [66/99] Step [100/214] Loss: 1.3074 Time: 636.104
Epoch [66/99] Step [110/214] Loss: 1.1490 Time: 636.565
Epoch [66/99] Step [120/214] Loss: 1.1995 Time: 637.028
Epoch [66/99] Step [130/214] Loss: 1.2649 Time: 637.489
Epoch [66/99] Step [140/214] Loss: 1.3510 Time: 637.947
Epoch [66/99] Step [150/214] Loss: 1.2144 Time: 638.405
Epoch [66/99] Step [160/214] Loss: 1.1368 Time: 638.865
Epoch [66/99] Step [170/214] Loss: 1.1647 Time: 639.325
Epoch [66/99] Step [180/214] Loss: 1.1811 Time: 639.783
Epoch [66/99] Step [190/214] Loss: 1.2039 Time: 640.242
Epoch [66/99] Step [200/214] Loss: 1.1580 Time: 640.701
Epoch [66/99] Step [210/214] Loss: 1.1470 Time: 641.161
Epoch [67/99] Step [10/214] Loss: 1.2254 Time: 641.8
Epoch [67/99] Step [20/214] Loss: 1.2183 Time: 642.259
Epoch [67/99] Step [30/214] Loss: 1.2544 Time: 642.719
Epoch [67/99] Step [40/214] Loss: 1.1001 Time: 643.179
Epoch [67/99] Step [50/214] Loss: 1.2050 Time: 643.637
Epoch [67/99] Step [60/214] Loss: 1.1783 Time: 644.097
Epoch [67/99] Step [70/214] Loss: 1.3188 Time: 644.557
Epoch [67/99] Step [80/214] Loss: 1.1857 Time: 645.016
Epoch [67/99] Step [90/214] Loss: 1.2048 Time: 645.474
Epoch [67/99] Step [100/214] Loss: 1.1341 Time: 645.933
Epoch [67/99] Step [110/214] Loss: 1.2576 Time: 646.394
Epoch [67/99] Step [120/214] Loss: 1.1665 Time: 646.853
Epoch [67/99] Step [130/214] Loss: 1.1665 Time: 647.312
Epoch [67/99] Step [140/214] Loss: 1.2142 Time: 647.772
Epoch [67/99] Step [150/214] Loss: 1.1709 Time: 648.231
Epoch [67/99] Step [160/214] Loss: 1.1521 Time: 648.69
Epoch [67/99] Step [170/214] Loss: 1.2652 Time: 649.149
Epoch [67/99] Step [180/214] Loss: 1.1745 Time: 649.608
Epoch [67/99] Step [190/214] Loss: 1.2295 Time: 650.068
Epoch [67/99] Step [200/214] Loss: 1.1251 Time: 650.529
Epoch [67/99] Step [210/214] Loss: 1.1525 Time: 650.988
Epoch [68/99] Step [10/214] Loss: 1.2054 Time: 651.628
Epoch [68/99] Step [20/214] Loss: 1.1653 Time: 652.087
Epoch [68/99] Step [30/214] Loss: 1.1342 Time: 652.546
Epoch [68/99] Step [40/214] Loss: 1.2298 Time: 653.005
Epoch [68/99] Step [50/214] Loss: 1.1886 Time: 653.465
Epoch [68/99] Step [60/214] Loss: 1.2206 Time: 653.925
Epoch [68/99] Step [70/214] Loss: 1.2678 Time: 654.384
Epoch [68/99] Step [80/214] Loss: 1.0922 Time: 654.844
Epoch [68/99] Step [90/214] Loss: 1.1772 Time: 655.303
Epoch [68/99] Step [100/214] Loss: 1.1758 Time: 655.763
Epoch [68/99] Step [110/214] Loss: 1.1251 Time: 656.222
Epoch [68/99] Step [120/214] Loss: 1.1455 Time: 656.681
Epoch [68/99] Step [130/214] Loss: 1.3175 Time: 657.141
Epoch [68/99] Step [140/214] Loss: 1.2954 Time: 657.601
Epoch [68/99] Step [150/214] Loss: 1.1752 Time: 658.061
Epoch [68/99] Step [160/214] Loss: 1.2926 Time: 658.521
Epoch [68/99] Step [170/214] Loss: 1.2907 Time: 658.982
Epoch [68/99] Step [180/214] Loss: 1.3228 Time: 659.443
Epoch [68/99] Step [190/214] Loss: 1.2551 Time: 659.902
Epoch [68/99] Step [200/214] Loss: 1.2995 Time: 660.36
Epoch [68/99] Step [210/214] Loss: 1.1401 Time: 660.821
Epoch [69/99] Step [10/214] Loss: 1.1613 Time: 661.459
Epoch [69/99] Step [20/214] Loss: 1.1811 Time: 661.919
Epoch [69/99] Step [30/214] Loss: 1.1577 Time: 662.379
Epoch [69/99] Step [40/214] Loss: 1.2766 Time: 662.839
Epoch [69/99] Step [50/214] Loss: 1.2622 Time: 663.299
Epoch [69/99] Step [60/214] Loss: 1.2674 Time: 663.758
Epoch [69/99] Step [70/214] Loss: 1.2258 Time: 664.218
Epoch [69/99] Step [80/214] Loss: 1.1471 Time: 664.677
Epoch [69/99] Step [90/214] Loss: 1.1913 Time: 665.137
Epoch [69/99] Step [100/214] Loss: 1.1468 Time: 665.596
Epoch [69/99] Step [110/214] Loss: 1.1473 Time: 666.055
Epoch [69/99] Step [120/214] Loss: 1.2300 Time: 666.515
Epoch [69/99] Step [130/214] Loss: 1.1627 Time: 666.976
Epoch [69/99] Step [140/214] Loss: 1.2243 Time: 667.436
Epoch [69/99] Step [150/214] Loss: 1.1756 Time: 667.894
Epoch [69/99] Step [160/214] Loss: 1.2552 Time: 668.353
Epoch [69/99] Step [170/214] Loss: 1.1765 Time: 668.814
Epoch [69/99] Step [180/214] Loss: 1.1916 Time: 669.273
Epoch [69/99] Step [190/214] Loss: 1.2896 Time: 669.733
Epoch [69/99] Step [200/214] Loss: 1.1654 Time: 670.192
Epoch [69/99] Step [210/214] Loss: 1.2054 Time: 670.652
Epoch [70/99] Step [10/214] Loss: 1.2513 Time: 671.291
Epoch [70/99] Step [20/214] Loss: 1.2473 Time: 671.751
Epoch [70/99] Step [30/214] Loss: 1.2608 Time: 672.21
Epoch [70/99] Step [40/214] Loss: 1.2222 Time: 672.669
Epoch [70/99] Step [50/214] Loss: 1.3514 Time: 673.13
Epoch [70/99] Step [60/214] Loss: 1.2311 Time: 673.589
Epoch [70/99] Step [70/214] Loss: 1.1290 Time: 674.049
Epoch [70/99] Step [80/214] Loss: 1.2302 Time: 674.508
Epoch [70/99] Step [90/214] Loss: 1.3504 Time: 674.968
Epoch [70/99] Step [100/214] Loss: 1.2019 Time: 675.429
Epoch [70/99] Step [110/214] Loss: 1.1984 Time: 675.888
Epoch [70/99] Step [120/214] Loss: 1.1210 Time: 676.346
Epoch [70/99] Step [130/214] Loss: 1.3608 Time: 676.805
Epoch [70/99] Step [140/214] Loss: 1.3513 Time: 677.265
Epoch [70/99] Step [150/214] Loss: 1.1807 Time: 677.724
Epoch [70/99] Step [160/214] Loss: 1.1727 Time: 678.184
Epoch [70/99] Step [170/214] Loss: 1.2159 Time: 678.643
Epoch [70/99] Step [180/214] Loss: 1.2052 Time: 679.103
Epoch [70/99] Step [190/214] Loss: 1.2482 Time: 679.563
Epoch [70/99] Step [200/214] Loss: 1.2660 Time: 680.022
Epoch [70/99] Step [210/214] Loss: 1.2567 Time: 680.48
Epoch [71/99] Step [10/214] Loss: 1.1850 Time: 681.121
Epoch [71/99] Step [20/214] Loss: 1.1907 Time: 681.581
Epoch [71/99] Step [30/214] Loss: 1.1902 Time: 682.04
Epoch [71/99] Step [40/214] Loss: 1.1466 Time: 682.501
Epoch [71/99] Step [50/214] Loss: 1.1802 Time: 682.961
Epoch [71/99] Step [60/214] Loss: 1.1185 Time: 683.421
Epoch [71/99] Step [70/214] Loss: 1.1662 Time: 683.881
Epoch [71/99] Step [80/214] Loss: 1.1526 Time: 684.34
Epoch [71/99] Step [90/214] Loss: 1.2688 Time: 684.8
Epoch [71/99] Step [100/214] Loss: 1.2418 Time: 685.258
Epoch [71/99] Step [110/214] Loss: 1.2821 Time: 685.719
Epoch [71/99] Step [120/214] Loss: 1.2411 Time: 686.178
Epoch [71/99] Step [130/214] Loss: 1.1319 Time: 686.638
Epoch [71/99] Step [140/214] Loss: 1.3521 Time: 687.098
Epoch [71/99] Step [150/214] Loss: 1.3012 Time: 687.557
Epoch [71/99] Step [160/214] Loss: 1.1731 Time: 688.016
Epoch [71/99] Step [170/214] Loss: 1.1701 Time: 688.477
Epoch [71/99] Step [180/214] Loss: 1.1821 Time: 688.936
Epoch [71/99] Step [190/214] Loss: 1.2938 Time: 689.395
Epoch [71/99] Step [200/214] Loss: 1.1734 Time: 689.855
Epoch [71/99] Step [210/214] Loss: 1.1675 Time: 690.315
Epoch [72/99] Step [10/214] Loss: 1.3463 Time: 690.955
Epoch [72/99] Step [20/214] Loss: 1.2053 Time: 691.415
Epoch [72/99] Step [30/214] Loss: 1.2087 Time: 691.876
Epoch [72/99] Step [40/214] Loss: 1.1111 Time: 692.335
Epoch [72/99] Step [50/214] Loss: 1.2031 Time: 692.794
Epoch [72/99] Step [60/214] Loss: 1.0960 Time: 693.254
Epoch [72/99] Step [70/214] Loss: 1.1686 Time: 693.714
Epoch [72/99] Step [80/214] Loss: 1.2260 Time: 694.173
Epoch [72/99] Step [90/214] Loss: 1.2004 Time: 694.632
Epoch [72/99] Step [100/214] Loss: 1.2313 Time: 695.092
Epoch [72/99] Step [110/214] Loss: 1.1513 Time: 695.552
Epoch [72/99] Step [120/214] Loss: 1.1328 Time: 696.012
Epoch [72/99] Step [130/214] Loss: 1.2526 Time: 696.472
Epoch [72/99] Step [140/214] Loss: 1.1248 Time: 696.933
Epoch [72/99] Step [150/214] Loss: 1.1693 Time: 697.393
Epoch [72/99] Step [160/214] Loss: 1.2882 Time: 697.852
Epoch [72/99] Step [170/214] Loss: 1.1514 Time: 698.313
Epoch [72/99] Step [180/214] Loss: 1.1879 Time: 698.773
Epoch [72/99] Step [190/214] Loss: 1.1376 Time: 699.232
Epoch [72/99] Step [200/214] Loss: 1.3150 Time: 699.692
Epoch [72/99] Step [210/214] Loss: 1.1467 Time: 700.152
Epoch [73/99] Step [10/214] Loss: 1.3466 Time: 700.792
Epoch [73/99] Step [20/214] Loss: 1.1902 Time: 701.252
Epoch [73/99] Step [30/214] Loss: 1.2551 Time: 701.713
Epoch [73/99] Step [40/214] Loss: 1.2241 Time: 702.173
Epoch [73/99] Step [50/214] Loss: 1.1022 Time: 702.633
Epoch [73/99] Step [60/214] Loss: 1.1020 Time: 703.093
Epoch [73/99] Step [70/214] Loss: 1.2633 Time: 703.553
Epoch [73/99] Step [80/214] Loss: 1.2274 Time: 704.013
Epoch [73/99] Step [90/214] Loss: 1.2940 Time: 704.473
Epoch [73/99] Step [100/214] Loss: 1.2825 Time: 704.933
Epoch [73/99] Step [110/214] Loss: 1.1820 Time: 705.394
Epoch [73/99] Step [120/214] Loss: 1.2129 Time: 705.854
Epoch [73/99] Step [130/214] Loss: 1.2102 Time: 706.315
Epoch [73/99] Step [140/214] Loss: 1.2370 Time: 706.774
Epoch [73/99] Step [150/214] Loss: 1.2048 Time: 707.234
Epoch [73/99] Step [160/214] Loss: 1.1420 Time: 707.694
Epoch [73/99] Step [170/214] Loss: 1.2201 Time: 708.155
Epoch [73/99] Step [180/214] Loss: 1.1387 Time: 708.616
Epoch [73/99] Step [190/214] Loss: 1.1887 Time: 709.077
Epoch [73/99] Step [200/214] Loss: 1.1714 Time: 709.538
Epoch [73/99] Step [210/214] Loss: 1.2043 Time: 709.999
Epoch [74/99] Step [10/214] Loss: 1.2125 Time: 710.648
Epoch [74/99] Step [20/214] Loss: 1.2410 Time: 711.109
Epoch [74/99] Step [30/214] Loss: 1.1466 Time: 711.57
Epoch [74/99] Step [40/214] Loss: 1.3151 Time: 712.031
Epoch [74/99] Step [50/214] Loss: 1.2588 Time: 712.492
Epoch [74/99] Step [60/214] Loss: 1.2081 Time: 712.953
Epoch [74/99] Step [70/214] Loss: 1.1230 Time: 713.414
Epoch [74/99] Step [80/214] Loss: 1.2996 Time: 713.876
Epoch [74/99] Step [90/214] Loss: 1.1682 Time: 714.337
Epoch [74/99] Step [100/214] Loss: 1.2255 Time: 714.797
Epoch [74/99] Step [110/214] Loss: 1.1185 Time: 715.258
Epoch [74/99] Step [120/214] Loss: 1.1668 Time: 715.719
Epoch [74/99] Step [130/214] Loss: 1.3169 Time: 716.177
Epoch [74/99] Step [140/214] Loss: 1.1248 Time: 716.638
Epoch [74/99] Step [150/214] Loss: 1.1991 Time: 717.099
Epoch [74/99] Step [160/214] Loss: 1.1543 Time: 717.561
Epoch [74/99] Step [170/214] Loss: 1.1722 Time: 718.022
Epoch [74/99] Step [180/214] Loss: 1.2566 Time: 718.481
Epoch [74/99] Step [190/214] Loss: 1.1962 Time: 718.941
Epoch [74/99] Step [200/214] Loss: 1.1584 Time: 719.402
Epoch [74/99] Step [210/214] Loss: 1.1976 Time: 719.862
Epoch [75/99] Step [10/214] Loss: 1.3671 Time: 720.501
Epoch [75/99] Step [20/214] Loss: 1.2382 Time: 720.962
Epoch [75/99] Step [30/214] Loss: 1.2172 Time: 721.424
Epoch [75/99] Step [40/214] Loss: 1.2080 Time: 721.885
Epoch [75/99] Step [50/214] Loss: 1.2579 Time: 722.347
Epoch [75/99] Step [60/214] Loss: 1.2231 Time: 722.808
Epoch [75/99] Step [70/214] Loss: 1.1545 Time: 723.268
Epoch [75/99] Step [80/214] Loss: 1.1884 Time: 723.728
Epoch [75/99] Step [90/214] Loss: 1.2154 Time: 724.189
Epoch [75/99] Step [100/214] Loss: 1.2606 Time: 724.649
Epoch [75/99] Step [110/214] Loss: 1.2435 Time: 725.111
Epoch [75/99] Step [120/214] Loss: 1.2793 Time: 725.572
Epoch [75/99] Step [130/214] Loss: 1.1555 Time: 726.034
Epoch [75/99] Step [140/214] Loss: 1.2569 Time: 726.495
Epoch [75/99] Step [150/214] Loss: 1.2006 Time: 726.958
Epoch [75/99] Step [160/214] Loss: 1.1618 Time: 727.419
Epoch [75/99] Step [170/214] Loss: 1.1825 Time: 727.881
Epoch [75/99] Step [180/214] Loss: 1.2303 Time: 728.344
Epoch [75/99] Step [190/214] Loss: 1.1778 Time: 728.806
Epoch [75/99] Step [200/214] Loss: 1.1449 Time: 729.268
Epoch [75/99] Step [210/214] Loss: 1.2309 Time: 729.73
Epoch [76/99] Step [10/214] Loss: 1.2364 Time: 730.373
Epoch [76/99] Step [20/214] Loss: 1.1838 Time: 730.836
Epoch [76/99] Step [30/214] Loss: 1.1827 Time: 731.298
Epoch [76/99] Step [40/214] Loss: 1.3262 Time: 731.761
Epoch [76/99] Step [50/214] Loss: 1.1243 Time: 732.223
Epoch [76/99] Step [60/214] Loss: 1.4307 Time: 732.686
Epoch [76/99] Step [70/214] Loss: 1.1695 Time: 733.147
Epoch [76/99] Step [80/214] Loss: 1.1321 Time: 733.609
Epoch [76/99] Step [90/214] Loss: 1.0686 Time: 734.071
Epoch [76/99] Step [100/214] Loss: 1.2051 Time: 734.533
Epoch [76/99] Step [110/214] Loss: 1.0682 Time: 734.996
Epoch [76/99] Step [120/214] Loss: 1.2532 Time: 735.458
Epoch [76/99] Step [130/214] Loss: 1.2156 Time: 735.921
Epoch [76/99] Step [140/214] Loss: 1.1511 Time: 736.383
Epoch [76/99] Step [150/214] Loss: 1.2537 Time: 736.844
Epoch [76/99] Step [160/214] Loss: 1.2204 Time: 737.307
Epoch [76/99] Step [170/214] Loss: 1.1759 Time: 737.77
Epoch [76/99] Step [180/214] Loss: 1.1293 Time: 738.233
Epoch [76/99] Step [190/214] Loss: 1.2250 Time: 738.695
Epoch [76/99] Step [200/214] Loss: 1.2194 Time: 739.157
Epoch [76/99] Step [210/214] Loss: 1.2063 Time: 739.619
Epoch [77/99] Step [10/214] Loss: 1.2316 Time: 740.263
Epoch [77/99] Step [20/214] Loss: 1.1895 Time: 740.726
Epoch [77/99] Step [30/214] Loss: 1.1590 Time: 741.188
Epoch [77/99] Step [40/214] Loss: 1.1825 Time: 741.65
Epoch [77/99] Step [50/214] Loss: 1.2543 Time: 742.112
Epoch [77/99] Step [60/214] Loss: 1.1373 Time: 742.575
Epoch [77/99] Step [70/214] Loss: 1.1625 Time: 743.037
Epoch [77/99] Step [80/214] Loss: 1.1020 Time: 743.499
Epoch [77/99] Step [90/214] Loss: 1.1624 Time: 743.961
Epoch [77/99] Step [100/214] Loss: 1.1733 Time: 744.422
Epoch [77/99] Step [110/214] Loss: 1.1469 Time: 744.884
Epoch [77/99] Step [120/214] Loss: 1.3012 Time: 745.346
Epoch [77/99] Step [130/214] Loss: 1.1806 Time: 745.808
Epoch [77/99] Step [140/214] Loss: 1.2213 Time: 746.27
Epoch [77/99] Step [150/214] Loss: 1.2075 Time: 746.733
Epoch [77/99] Step [160/214] Loss: 1.2210 Time: 747.195
Epoch [77/99] Step [170/214] Loss: 1.1572 Time: 747.657
Epoch [77/99] Step [180/214] Loss: 1.2477 Time: 748.121
Epoch [77/99] Step [190/214] Loss: 1.2596 Time: 748.583
Epoch [77/99] Step [200/214] Loss: 1.2113 Time: 749.045
Epoch [77/99] Step [210/214] Loss: 1.1485 Time: 749.507
Epoch [78/99] Step [10/214] Loss: 1.2721 Time: 750.15
Epoch [78/99] Step [20/214] Loss: 1.0981 Time: 750.612
Epoch [78/99] Step [30/214] Loss: 1.2273 Time: 751.075
Epoch [78/99] Step [40/214] Loss: 1.2602 Time: 751.537
Epoch [78/99] Step [50/214] Loss: 1.1945 Time: 751.998
Epoch [78/99] Step [60/214] Loss: 1.2569 Time: 752.462
Epoch [78/99] Step [70/214] Loss: 1.2090 Time: 752.923
Epoch [78/99] Step [80/214] Loss: 1.2097 Time: 753.385
Epoch [78/99] Step [90/214] Loss: 1.1685 Time: 753.848
Epoch [78/99] Step [100/214] Loss: 1.2134 Time: 754.309
Epoch [78/99] Step [110/214] Loss: 1.2468 Time: 754.772
Epoch [78/99] Step [120/214] Loss: 1.1357 Time: 755.234
Epoch [78/99] Step [130/214] Loss: 1.1348 Time: 755.696
Epoch [78/99] Step [140/214] Loss: 1.2483 Time: 756.159
Epoch [78/99] Step [150/214] Loss: 1.1637 Time: 756.621
Epoch [78/99] Step [160/214] Loss: 1.2124 Time: 757.082
Epoch [78/99] Step [170/214] Loss: 1.1148 Time: 757.544
Epoch [78/99] Step [180/214] Loss: 1.1706 Time: 758.006
Epoch [78/99] Step [190/214] Loss: 1.2914 Time: 758.468
Epoch [78/99] Step [200/214] Loss: 1.1510 Time: 758.932
Epoch [78/99] Step [210/214] Loss: 1.1148 Time: 759.393
Epoch [79/99] Step [10/214] Loss: 1.2295 Time: 760.036
Epoch [79/99] Step [20/214] Loss: 1.2591 Time: 760.499
Epoch [79/99] Step [30/214] Loss: 1.2954 Time: 760.961
Epoch [79/99] Step [40/214] Loss: 1.1912 Time: 761.423
Epoch [79/99] Step [50/214] Loss: 1.1775 Time: 761.887
Epoch [79/99] Step [60/214] Loss: 1.1404 Time: 762.348
Epoch [79/99] Step [70/214] Loss: 1.2384 Time: 762.81
Epoch [79/99] Step [80/214] Loss: 1.2471 Time: 763.273
Epoch [79/99] Step [90/214] Loss: 1.2518 Time: 763.734
Epoch [79/99] Step [100/214] Loss: 1.2632 Time: 764.197
Epoch [79/99] Step [110/214] Loss: 1.2185 Time: 764.66
Epoch [79/99] Step [120/214] Loss: 1.2129 Time: 765.123
Epoch [79/99] Step [130/214] Loss: 1.2637 Time: 765.585
Epoch [79/99] Step [140/214] Loss: 1.0950 Time: 766.047
Epoch [79/99] Step [150/214] Loss: 1.2347 Time: 766.51
Epoch [79/99] Step [160/214] Loss: 1.1641 Time: 766.973
Epoch [79/99] Step [170/214] Loss: 1.1141 Time: 767.436
Epoch [79/99] Step [180/214] Loss: 1.1744 Time: 767.899
Epoch [79/99] Step [190/214] Loss: 1.2563 Time: 768.36
Epoch [79/99] Step [200/214] Loss: 1.1310 Time: 768.823
Epoch [79/99] Step [210/214] Loss: 1.2690 Time: 769.286
Epoch [80/99] Step [10/214] Loss: 1.1977 Time: 769.929
Epoch [80/99] Step [20/214] Loss: 1.1908 Time: 770.391
Epoch [80/99] Step [30/214] Loss: 1.3234 Time: 770.854
Epoch [80/99] Step [40/214] Loss: 1.1864 Time: 771.316
Epoch [80/99] Step [50/214] Loss: 1.2202 Time: 771.779
Epoch [80/99] Step [60/214] Loss: 1.2610 Time: 772.241
Epoch [80/99] Step [70/214] Loss: 1.1632 Time: 772.703
Epoch [80/99] Step [80/214] Loss: 1.3135 Time: 773.165
Epoch [80/99] Step [90/214] Loss: 1.2041 Time: 773.627
Epoch [80/99] Step [100/214] Loss: 1.2747 Time: 774.09
Epoch [80/99] Step [110/214] Loss: 1.1372 Time: 774.552
Epoch [80/99] Step [120/214] Loss: 1.1146 Time: 775.014
Epoch [80/99] Step [130/214] Loss: 1.0878 Time: 775.476
Epoch [80/99] Step [140/214] Loss: 1.3188 Time: 775.938
Epoch [80/99] Step [150/214] Loss: 1.1660 Time: 776.401
Epoch [80/99] Step [160/214] Loss: 1.2367 Time: 776.862
Epoch [80/99] Step [170/214] Loss: 1.2171 Time: 777.324
Epoch [80/99] Step [180/214] Loss: 1.1752 Time: 777.786
Epoch [80/99] Step [190/214] Loss: 1.1978 Time: 778.249
Epoch [80/99] Step [200/214] Loss: 1.1923 Time: 778.71
Epoch [80/99] Step [210/214] Loss: 1.1385 Time: 779.172
Epoch [81/99] Step [10/214] Loss: 1.2375 Time: 779.815
Epoch [81/99] Step [20/214] Loss: 1.2340 Time: 780.279
Epoch [81/99] Step [30/214] Loss: 1.2007 Time: 780.741
Epoch [81/99] Step [40/214] Loss: 1.2677 Time: 781.203
Epoch [81/99] Step [50/214] Loss: 1.2484 Time: 781.666
Epoch [81/99] Step [60/214] Loss: 1.1591 Time: 782.128
Epoch [81/99] Step [70/214] Loss: 1.1986 Time: 782.59
Epoch [81/99] Step [80/214] Loss: 1.2666 Time: 783.052
Epoch [81/99] Step [90/214] Loss: 1.2462 Time: 783.516
Epoch [81/99] Step [100/214] Loss: 1.3184 Time: 783.978
Epoch [81/99] Step [110/214] Loss: 1.2002 Time: 784.441
Epoch [81/99] Step [120/214] Loss: 1.1662 Time: 784.904
Epoch [81/99] Step [130/214] Loss: 1.2026 Time: 785.367
Epoch [81/99] Step [140/214] Loss: 1.1684 Time: 785.83
Epoch [81/99] Step [150/214] Loss: 1.1699 Time: 786.291
Epoch [81/99] Step [160/214] Loss: 1.2717 Time: 786.753
Epoch [81/99] Step [170/214] Loss: 1.1490 Time: 787.215
Epoch [81/99] Step [180/214] Loss: 1.1550 Time: 787.677
Epoch [81/99] Step [190/214] Loss: 1.2141 Time: 788.139
Epoch [81/99] Step [200/214] Loss: 1.1673 Time: 788.601
Epoch [81/99] Step [210/214] Loss: 1.1626 Time: 789.064
Epoch [82/99] Step [10/214] Loss: 1.2949 Time: 789.706
Epoch [82/99] Step [20/214] Loss: 1.2613 Time: 790.168
Epoch [82/99] Step [30/214] Loss: 1.1806 Time: 790.63
Epoch [82/99] Step [40/214] Loss: 1.2228 Time: 791.091
Epoch [82/99] Step [50/214] Loss: 1.2615 Time: 791.553
Epoch [82/99] Step [60/214] Loss: 1.2211 Time: 792.016
Epoch [82/99] Step [70/214] Loss: 1.1242 Time: 792.477
Epoch [82/99] Step [80/214] Loss: 1.3035 Time: 792.939
Epoch [82/99] Step [90/214] Loss: 1.2942 Time: 793.402
Epoch [82/99] Step [100/214] Loss: 1.1885 Time: 793.864
Epoch [82/99] Step [110/214] Loss: 1.0923 Time: 794.326
Epoch [82/99] Step [120/214] Loss: 1.1995 Time: 794.789
Epoch [82/99] Step [130/214] Loss: 1.2835 Time: 795.251
Epoch [82/99] Step [140/214] Loss: 1.2143 Time: 795.713
Epoch [82/99] Step [150/214] Loss: 1.1494 Time: 796.175
Epoch [82/99] Step [160/214] Loss: 1.2288 Time: 796.637
Epoch [82/99] Step [170/214] Loss: 1.2130 Time: 797.1
Epoch [82/99] Step [180/214] Loss: 1.1075 Time: 797.562
Epoch [82/99] Step [190/214] Loss: 1.1095 Time: 798.024
Epoch [82/99] Step [200/214] Loss: 1.1974 Time: 798.486
Epoch [82/99] Step [210/214] Loss: 1.2039 Time: 798.949
Epoch [83/99] Step [10/214] Loss: 1.2856 Time: 799.593
Epoch [83/99] Step [20/214] Loss: 1.2283 Time: 800.055
Epoch [83/99] Step [30/214] Loss: 1.1707 Time: 800.518
Epoch [83/99] Step [40/214] Loss: 1.1575 Time: 800.981
Epoch [83/99] Step [50/214] Loss: 1.1554 Time: 801.444
Epoch [83/99] Step [60/214] Loss: 1.2974 Time: 801.906
Epoch [83/99] Step [70/214] Loss: 1.2684 Time: 802.368
Epoch [83/99] Step [80/214] Loss: 1.1286 Time: 802.831
Epoch [83/99] Step [90/214] Loss: 1.1374 Time: 803.293
Epoch [83/99] Step [100/214] Loss: 1.2074 Time: 803.755
Epoch [83/99] Step [110/214] Loss: 1.0984 Time: 804.217
Epoch [83/99] Step [120/214] Loss: 1.1632 Time: 804.678
Epoch [83/99] Step [130/214] Loss: 1.2813 Time: 805.142
Epoch [83/99] Step [140/214] Loss: 1.3287 Time: 805.604
Epoch [83/99] Step [150/214] Loss: 1.2800 Time: 806.066
Epoch [83/99] Step [160/214] Loss: 1.3016 Time: 806.528
Epoch [83/99] Step [170/214] Loss: 1.2914 Time: 806.99
Epoch [83/99] Step [180/214] Loss: 1.1437 Time: 807.452
Epoch [83/99] Step [190/214] Loss: 1.2504 Time: 807.913
Epoch [83/99] Step [200/214] Loss: 1.3080 Time: 808.376
Epoch [83/99] Step [210/214] Loss: 1.1789 Time: 808.838
Epoch [84/99] Step [10/214] Loss: 1.1716 Time: 809.48
Epoch [84/99] Step [20/214] Loss: 1.1607 Time: 809.942
Epoch [84/99] Step [30/214] Loss: 1.1306 Time: 810.404
Epoch [84/99] Step [40/214] Loss: 1.1762 Time: 810.865
Epoch [84/99] Step [50/214] Loss: 1.2506 Time: 811.327
Epoch [84/99] Step [60/214] Loss: 1.0680 Time: 811.79
Epoch [84/99] Step [70/214] Loss: 1.2299 Time: 812.252
Epoch [84/99] Step [80/214] Loss: 1.2097 Time: 812.714
Epoch [84/99] Step [90/214] Loss: 1.2317 Time: 813.176
Epoch [84/99] Step [100/214] Loss: 1.2158 Time: 813.639
Epoch [84/99] Step [110/214] Loss: 1.1850 Time: 814.101
Epoch [84/99] Step [120/214] Loss: 1.1855 Time: 814.563
Epoch [84/99] Step [130/214] Loss: 1.2220 Time: 815.025
Epoch [84/99] Step [140/214] Loss: 1.2524 Time: 815.488
Epoch [84/99] Step [150/214] Loss: 1.1490 Time: 815.95
Epoch [84/99] Step [160/214] Loss: 1.2376 Time: 816.412
Epoch [84/99] Step [170/214] Loss: 1.2929 Time: 816.875
Epoch [84/99] Step [180/214] Loss: 1.1737 Time: 817.338
Epoch [84/99] Step [190/214] Loss: 1.0872 Time: 817.801
Epoch [84/99] Step [200/214] Loss: 1.2176 Time: 818.264
Epoch [84/99] Step [210/214] Loss: 1.1792 Time: 818.725
Epoch [85/99] Step [10/214] Loss: 1.1136 Time: 819.369
Epoch [85/99] Step [20/214] Loss: 1.2501 Time: 819.831
Epoch [85/99] Step [30/214] Loss: 1.2566 Time: 820.293
Epoch [85/99] Step [40/214] Loss: 1.2184 Time: 820.755
Epoch [85/99] Step [50/214] Loss: 1.2868 Time: 821.217
Epoch [85/99] Step [60/214] Loss: 1.3446 Time: 821.68
Epoch [85/99] Step [70/214] Loss: 1.3332 Time: 822.142
Epoch [85/99] Step [80/214] Loss: 1.1487 Time: 822.606
Epoch [85/99] Step [90/214] Loss: 1.1672 Time: 823.069
Epoch [85/99] Step [100/214] Loss: 1.2148 Time: 823.531
Epoch [85/99] Step [110/214] Loss: 1.1583 Time: 823.993
Epoch [85/99] Step [120/214] Loss: 1.2277 Time: 824.455
Epoch [85/99] Step [130/214] Loss: 1.1846 Time: 824.917
Epoch [85/99] Step [140/214] Loss: 1.1982 Time: 825.38
Epoch [85/99] Step [150/214] Loss: 1.1054 Time: 825.842
Epoch [85/99] Step [160/214] Loss: 1.2355 Time: 826.305
Epoch [85/99] Step [170/214] Loss: 1.2253 Time: 826.767
Epoch [85/99] Step [180/214] Loss: 1.1220 Time: 827.229
Epoch [85/99] Step [190/214] Loss: 1.1606 Time: 827.692
Epoch [85/99] Step [200/214] Loss: 1.3535 Time: 828.153
Epoch [85/99] Step [210/214] Loss: 1.2279 Time: 828.615
Epoch [86/99] Step [10/214] Loss: 1.2065 Time: 829.257
Epoch [86/99] Step [20/214] Loss: 1.2873 Time: 829.72
Epoch [86/99] Step [30/214] Loss: 1.2108 Time: 830.191
Epoch [86/99] Step [40/214] Loss: 1.0908 Time: 830.653
Epoch [86/99] Step [50/214] Loss: 1.2337 Time: 831.116
Epoch [86/99] Step [60/214] Loss: 1.2552 Time: 831.579
Epoch [86/99] Step [70/214] Loss: 1.1388 Time: 832.039
Epoch [86/99] Step [80/214] Loss: 1.2244 Time: 832.501
Epoch [86/99] Step [90/214] Loss: 1.3601 Time: 832.963
Epoch [86/99] Step [100/214] Loss: 1.2756 Time: 833.425
Epoch [86/99] Step [110/214] Loss: 1.2042 Time: 833.887
Epoch [86/99] Step [120/214] Loss: 1.1997 Time: 834.35
Epoch [86/99] Step [130/214] Loss: 1.1875 Time: 834.812
Epoch [86/99] Step [140/214] Loss: 1.1250 Time: 835.274
Epoch [86/99] Step [150/214] Loss: 1.2090 Time: 835.736
Epoch [86/99] Step [160/214] Loss: 1.2949 Time: 836.197
Epoch [86/99] Step [170/214] Loss: 1.1316 Time: 836.66
Epoch [86/99] Step [180/214] Loss: 1.2189 Time: 837.121
Epoch [86/99] Step [190/214] Loss: 1.1670 Time: 837.585
Epoch [86/99] Step [200/214] Loss: 1.1449 Time: 838.046
Epoch [86/99] Step [210/214] Loss: 1.1938 Time: 838.509
Epoch [87/99] Step [10/214] Loss: 1.2642 Time: 839.153
Epoch [87/99] Step [20/214] Loss: 1.2067 Time: 839.615
Epoch [87/99] Step [30/214] Loss: 1.1582 Time: 840.077
Epoch [87/99] Step [40/214] Loss: 1.1236 Time: 840.54
Epoch [87/99] Step [50/214] Loss: 1.2529 Time: 841.004
Epoch [87/99] Step [60/214] Loss: 1.2438 Time: 841.466
Epoch [87/99] Step [70/214] Loss: 1.1751 Time: 841.928
Epoch [87/99] Step [80/214] Loss: 1.0915 Time: 842.39
Epoch [87/99] Step [90/214] Loss: 1.3992 Time: 842.852
Epoch [87/99] Step [100/214] Loss: 1.2195 Time: 843.313
Epoch [87/99] Step [110/214] Loss: 1.2014 Time: 843.776
Epoch [87/99] Step [120/214] Loss: 1.1862 Time: 844.239
Epoch [87/99] Step [130/214] Loss: 1.2110 Time: 844.701
Epoch [87/99] Step [140/214] Loss: 1.2009 Time: 845.163
Epoch [87/99] Step [150/214] Loss: 1.1669 Time: 845.623
Epoch [87/99] Step [160/214] Loss: 1.2894 Time: 846.087
Epoch [87/99] Step [170/214] Loss: 1.0632 Time: 846.549
Epoch [87/99] Step [180/214] Loss: 1.2214 Time: 847.011
Epoch [87/99] Step [190/214] Loss: 1.1721 Time: 847.473
Epoch [87/99] Step [200/214] Loss: 1.1100 Time: 847.934
Epoch [87/99] Step [210/214] Loss: 1.1614 Time: 848.397
Epoch [88/99] Step [10/214] Loss: 1.1001 Time: 849.04
Epoch [88/99] Step [20/214] Loss: 1.1723 Time: 849.502
Epoch [88/99] Step [30/214] Loss: 1.1917 Time: 849.965
Epoch [88/99] Step [40/214] Loss: 1.2179 Time: 850.427
Epoch [88/99] Step [50/214] Loss: 1.1517 Time: 850.889
Epoch [88/99] Step [60/214] Loss: 1.1660 Time: 851.351
Epoch [88/99] Step [70/214] Loss: 1.1707 Time: 851.814
Epoch [88/99] Step [80/214] Loss: 1.2015 Time: 852.276
Epoch [88/99] Step [90/214] Loss: 1.1492 Time: 852.738
Epoch [88/99] Step [100/214] Loss: 1.2010 Time: 853.2
Epoch [88/99] Step [110/214] Loss: 1.1656 Time: 853.663
Epoch [88/99] Step [120/214] Loss: 1.2303 Time: 854.126
Epoch [88/99] Step [130/214] Loss: 1.2245 Time: 854.588
Epoch [88/99] Step [140/214] Loss: 1.1523 Time: 855.051
Epoch [88/99] Step [150/214] Loss: 1.2668 Time: 855.513
Epoch [88/99] Step [160/214] Loss: 1.2977 Time: 855.976
Epoch [88/99] Step [170/214] Loss: 1.1654 Time: 856.437
Epoch [88/99] Step [180/214] Loss: 1.1352 Time: 856.901
Epoch [88/99] Step [190/214] Loss: 1.2314 Time: 857.364
Epoch [88/99] Step [200/214] Loss: 1.3138 Time: 857.827
Epoch [88/99] Step [210/214] Loss: 1.2672 Time: 858.289
Epoch [89/99] Step [10/214] Loss: 1.1750 Time: 858.933
Epoch [89/99] Step [20/214] Loss: 1.1644 Time: 859.395
Epoch [89/99] Step [30/214] Loss: 1.1917 Time: 859.857
Epoch [89/99] Step [40/214] Loss: 1.2007 Time: 860.329
Epoch [89/99] Step [50/214] Loss: 1.1240 Time: 860.79
Epoch [89/99] Step [60/214] Loss: 1.0915 Time: 861.253
Epoch [89/99] Step [70/214] Loss: 1.1651 Time: 861.714
Epoch [89/99] Step [80/214] Loss: 1.2757 Time: 862.178
Epoch [89/99] Step [90/214] Loss: 1.1959 Time: 862.64
Epoch [89/99] Step [100/214] Loss: 1.1331 Time: 863.102
Epoch [89/99] Step [110/214] Loss: 1.2701 Time: 863.564
Epoch [89/99] Step [120/214] Loss: 1.1312 Time: 864.026
Epoch [89/99] Step [130/214] Loss: 1.1663 Time: 864.488
Epoch [89/99] Step [140/214] Loss: 1.2555 Time: 864.95
Epoch [89/99] Step [150/214] Loss: 1.1708 Time: 865.414
Epoch [89/99] Step [160/214] Loss: 1.1712 Time: 865.875
Epoch [89/99] Step [170/214] Loss: 1.3532 Time: 866.338
Epoch [89/99] Step [180/214] Loss: 1.2529 Time: 866.8
Epoch [89/99] Step [190/214] Loss: 1.1087 Time: 867.263
Epoch [89/99] Step [200/214] Loss: 1.2661 Time: 867.725
Epoch [89/99] Step [210/214] Loss: 1.1902 Time: 868.187
Epoch [90/99] Step [10/214] Loss: 1.1679 Time: 868.83
Epoch [90/99] Step [20/214] Loss: 1.1873 Time: 869.292
Epoch [90/99] Step [30/214] Loss: 1.1678 Time: 869.753
Epoch [90/99] Step [40/214] Loss: 1.2277 Time: 870.214
Epoch [90/99] Step [50/214] Loss: 1.1767 Time: 870.678
Epoch [90/99] Step [60/214] Loss: 1.2693 Time: 871.141
Epoch [90/99] Step [70/214] Loss: 1.1570 Time: 871.603
Epoch [90/99] Step [80/214] Loss: 1.2800 Time: 872.065
Epoch [90/99] Step [90/214] Loss: 1.1818 Time: 872.526
Epoch [90/99] Step [100/214] Loss: 1.3230 Time: 872.988
Epoch [90/99] Step [110/214] Loss: 1.2087 Time: 873.451
Epoch [90/99] Step [120/214] Loss: 1.1943 Time: 873.913
Epoch [90/99] Step [130/214] Loss: 1.1258 Time: 874.376
Epoch [90/99] Step [140/214] Loss: 1.2332 Time: 874.838
Epoch [90/99] Step [150/214] Loss: 1.2668 Time: 875.301
Epoch [90/99] Step [160/214] Loss: 1.2008 Time: 875.763
Epoch [90/99] Step [170/214] Loss: 1.2550 Time: 876.224
Epoch [90/99] Step [180/214] Loss: 1.2210 Time: 876.687
Epoch [90/99] Step [190/214] Loss: 1.1871 Time: 877.149
Epoch [90/99] Step [200/214] Loss: 1.1245 Time: 877.612
Epoch [90/99] Step [210/214] Loss: 1.1754 Time: 878.074
Epoch [91/99] Step [10/214] Loss: 1.1939 Time: 878.718
Epoch [91/99] Step [20/214] Loss: 1.1875 Time: 879.18
Epoch [91/99] Step [30/214] Loss: 1.1898 Time: 879.643
Epoch [91/99] Step [40/214] Loss: 1.2121 Time: 880.105
Epoch [91/99] Step [50/214] Loss: 1.2608 Time: 880.567
Epoch [91/99] Step [60/214] Loss: 1.1611 Time: 881.03
Epoch [91/99] Step [70/214] Loss: 1.2804 Time: 881.493
Epoch [91/99] Step [80/214] Loss: 1.2188 Time: 881.956
Epoch [91/99] Step [90/214] Loss: 1.2919 Time: 882.418
Epoch [91/99] Step [100/214] Loss: 1.2299 Time: 882.881
Epoch [91/99] Step [110/214] Loss: 1.2101 Time: 883.343
Epoch [91/99] Step [120/214] Loss: 1.2417 Time: 883.806
Epoch [91/99] Step [130/214] Loss: 1.2249 Time: 884.269
Epoch [91/99] Step [140/214] Loss: 1.2034 Time: 884.731
Epoch [91/99] Step [150/214] Loss: 1.2743 Time: 885.193
Epoch [91/99] Step [160/214] Loss: 1.1947 Time: 885.655
Epoch [91/99] Step [170/214] Loss: 1.1127 Time: 886.118
Epoch [91/99] Step [180/214] Loss: 1.1151 Time: 886.58
Epoch [91/99] Step [190/214] Loss: 1.1431 Time: 887.043
Epoch [91/99] Step [200/214] Loss: 1.1374 Time: 887.506
Epoch [91/99] Step [210/214] Loss: 1.1989 Time: 887.967
Epoch [92/99] Step [10/214] Loss: 1.2432 Time: 888.611
Epoch [92/99] Step [20/214] Loss: 1.3122 Time: 889.072
Epoch [92/99] Step [30/214] Loss: 1.1180 Time: 889.534
Epoch [92/99] Step [40/214] Loss: 1.1372 Time: 889.996
Epoch [92/99] Step [50/214] Loss: 1.2323 Time: 890.468
Epoch [92/99] Step [60/214] Loss: 1.3287 Time: 890.93
Epoch [92/99] Step [70/214] Loss: 1.2042 Time: 891.393
Epoch [92/99] Step [80/214] Loss: 1.2149 Time: 891.854
Epoch [92/99] Step [90/214] Loss: 1.1784 Time: 892.317
Epoch [92/99] Step [100/214] Loss: 1.1568 Time: 892.778
Epoch [92/99] Step [110/214] Loss: 1.3393 Time: 893.241
Epoch [92/99] Step [120/214] Loss: 1.1673 Time: 893.704
Epoch [92/99] Step [130/214] Loss: 1.2105 Time: 894.167
Epoch [92/99] Step [140/214] Loss: 1.0542 Time: 894.63
Epoch [92/99] Step [150/214] Loss: 1.1658 Time: 895.093
Epoch [92/99] Step [160/214] Loss: 1.1961 Time: 895.555
Epoch [92/99] Step [170/214] Loss: 1.1931 Time: 896.018
Epoch [92/99] Step [180/214] Loss: 1.2176 Time: 896.479
Epoch [92/99] Step [190/214] Loss: 1.2008 Time: 896.941
Epoch [92/99] Step [200/214] Loss: 1.2088 Time: 897.404
Epoch [92/99] Step [210/214] Loss: 1.2987 Time: 897.866
Epoch [93/99] Step [10/214] Loss: 1.2996 Time: 898.51
Epoch [93/99] Step [20/214] Loss: 1.1284 Time: 898.972
Epoch [93/99] Step [30/214] Loss: 1.1759 Time: 899.434
Epoch [93/99] Step [40/214] Loss: 1.3189 Time: 899.896
Epoch [93/99] Step [50/214] Loss: 1.1388 Time: 900.359
Epoch [93/99] Step [60/214] Loss: 1.1691 Time: 900.821
Epoch [93/99] Step [70/214] Loss: 1.2232 Time: 901.283
Epoch [93/99] Step [80/214] Loss: 1.2597 Time: 901.744
Epoch [93/99] Step [90/214] Loss: 1.1517 Time: 902.206
Epoch [93/99] Step [100/214] Loss: 1.2623 Time: 902.669
Epoch [93/99] Step [110/214] Loss: 1.1886 Time: 903.131
Epoch [93/99] Step [120/214] Loss: 1.1430 Time: 903.594
Epoch [93/99] Step [130/214] Loss: 1.1958 Time: 904.056
Epoch [93/99] Step [140/214] Loss: 1.1520 Time: 904.518
Epoch [93/99] Step [150/214] Loss: 1.2382 Time: 904.98
Epoch [93/99] Step [160/214] Loss: 1.3158 Time: 905.442
Epoch [93/99] Step [170/214] Loss: 1.1840 Time: 905.905
Epoch [93/99] Step [180/214] Loss: 1.1411 Time: 906.367
Epoch [93/99] Step [190/214] Loss: 1.1411 Time: 906.83
Epoch [93/99] Step [200/214] Loss: 1.2178 Time: 907.293
Epoch [93/99] Step [210/214] Loss: 1.1964 Time: 907.755
Epoch [94/99] Step [10/214] Loss: 1.2325 Time: 908.398
Epoch [94/99] Step [20/214] Loss: 1.1249 Time: 908.86
Epoch [94/99] Step [30/214] Loss: 1.2713 Time: 909.323
Epoch [94/99] Step [40/214] Loss: 1.1489 Time: 909.786
Epoch [94/99] Step [50/214] Loss: 1.0742 Time: 910.248
Epoch [94/99] Step [60/214] Loss: 1.1597 Time: 910.711
Epoch [94/99] Step [70/214] Loss: 1.1524 Time: 911.172
Epoch [94/99] Step [80/214] Loss: 1.2095 Time: 911.634
Epoch [94/99] Step [90/214] Loss: 1.1684 Time: 912.097
Epoch [94/99] Step [100/214] Loss: 1.1879 Time: 912.559
Epoch [94/99] Step [110/214] Loss: 1.1725 Time: 913.021
Epoch [94/99] Step [120/214] Loss: 1.1690 Time: 913.483
Epoch [94/99] Step [130/214] Loss: 1.1010 Time: 913.945
Epoch [94/99] Step [140/214] Loss: 1.2348 Time: 914.407
Epoch [94/99] Step [150/214] Loss: 1.1912 Time: 914.868
Epoch [94/99] Step [160/214] Loss: 1.2666 Time: 915.331
Epoch [94/99] Step [170/214] Loss: 1.2246 Time: 915.793
Epoch [94/99] Step [180/214] Loss: 1.1338 Time: 916.256
Epoch [94/99] Step [190/214] Loss: 1.0864 Time: 916.718
Epoch [94/99] Step [200/214] Loss: 1.1527 Time: 917.181
Epoch [94/99] Step [210/214] Loss: 1.2549 Time: 917.643
Epoch [95/99] Step [10/214] Loss: 1.1573 Time: 918.286
Epoch [95/99] Step [20/214] Loss: 1.1690 Time: 918.749
Epoch [95/99] Step [30/214] Loss: 1.0832 Time: 919.211
Epoch [95/99] Step [40/214] Loss: 1.3229 Time: 919.673
Epoch [95/99] Step [50/214] Loss: 1.1111 Time: 920.145
Epoch [95/99] Step [60/214] Loss: 1.2240 Time: 920.608
Epoch [95/99] Step [70/214] Loss: 1.1905 Time: 921.07
Epoch [95/99] Step [80/214] Loss: 1.2300 Time: 921.532
Epoch [95/99] Step [90/214] Loss: 1.2393 Time: 921.994
Epoch [95/99] Step [100/214] Loss: 1.2641 Time: 922.456
Epoch [95/99] Step [110/214] Loss: 1.1127 Time: 922.919
Epoch [95/99] Step [120/214] Loss: 1.0732 Time: 923.381
Epoch [95/99] Step [130/214] Loss: 1.1848 Time: 923.844
Epoch [95/99] Step [140/214] Loss: 1.0583 Time: 924.307
Epoch [95/99] Step [150/214] Loss: 1.3364 Time: 924.77
Epoch [95/99] Step [160/214] Loss: 1.1733 Time: 925.232
Epoch [95/99] Step [170/214] Loss: 1.1613 Time: 925.694
Epoch [95/99] Step [180/214] Loss: 1.0220 Time: 926.157
Epoch [95/99] Step [190/214] Loss: 1.1814 Time: 926.619
Epoch [95/99] Step [200/214] Loss: 1.1448 Time: 927.081
Epoch [95/99] Step [210/214] Loss: 1.1033 Time: 927.543
Epoch [96/99] Step [10/214] Loss: 1.1626 Time: 928.186
Epoch [96/99] Step [20/214] Loss: 1.2510 Time: 928.648
Epoch [96/99] Step [30/214] Loss: 1.3003 Time: 929.11
Epoch [96/99] Step [40/214] Loss: 1.1966 Time: 929.573
Epoch [96/99] Step [50/214] Loss: 1.1168 Time: 930.034
Epoch [96/99] Step [60/214] Loss: 1.1478 Time: 930.496
Epoch [96/99] Step [70/214] Loss: 1.1836 Time: 930.958
Epoch [96/99] Step [80/214] Loss: 1.1179 Time: 931.42
Epoch [96/99] Step [90/214] Loss: 1.2259 Time: 931.883
Epoch [96/99] Step [100/214] Loss: 1.1473 Time: 932.345
Epoch [96/99] Step [110/214] Loss: 1.2704 Time: 932.808
Epoch [96/99] Step [120/214] Loss: 1.1744 Time: 933.271
Epoch [96/99] Step [130/214] Loss: 1.2012 Time: 933.733
Epoch [96/99] Step [140/214] Loss: 1.1528 Time: 934.196
Epoch [96/99] Step [150/214] Loss: 1.2494 Time: 934.658
Epoch [96/99] Step [160/214] Loss: 1.2254 Time: 935.119
Epoch [96/99] Step [170/214] Loss: 1.1717 Time: 935.582
Epoch [96/99] Step [180/214] Loss: 1.1873 Time: 936.044
Epoch [96/99] Step [190/214] Loss: 1.1730 Time: 936.506
Epoch [96/99] Step [200/214] Loss: 1.2033 Time: 936.968
Epoch [96/99] Step [210/214] Loss: 1.1478 Time: 937.43
Epoch [97/99] Step [10/214] Loss: 1.2491 Time: 938.072
Epoch [97/99] Step [20/214] Loss: 1.1130 Time: 938.534
Epoch [97/99] Step [30/214] Loss: 1.1764 Time: 938.997
Epoch [97/99] Step [40/214] Loss: 1.1986 Time: 939.46
Epoch [97/99] Step [50/214] Loss: 1.2274 Time: 939.923
Epoch [97/99] Step [60/214] Loss: 1.2210 Time: 940.384
Epoch [97/99] Step [70/214] Loss: 1.1517 Time: 940.846
Epoch [97/99] Step [80/214] Loss: 1.2671 Time: 941.308
Epoch [97/99] Step [90/214] Loss: 1.2152 Time: 941.769
Epoch [97/99] Step [100/214] Loss: 1.1442 Time: 942.232
Epoch [97/99] Step [110/214] Loss: 1.1131 Time: 942.694
Epoch [97/99] Step [120/214] Loss: 1.1938 Time: 943.155
Epoch [97/99] Step [130/214] Loss: 1.1699 Time: 943.618
Epoch [97/99] Step [140/214] Loss: 1.1339 Time: 944.08
Epoch [97/99] Step [150/214] Loss: 1.2258 Time: 944.542
Epoch [97/99] Step [160/214] Loss: 1.1426 Time: 945.003
Epoch [97/99] Step [170/214] Loss: 1.2399 Time: 945.465
Epoch [97/99] Step [180/214] Loss: 1.2271 Time: 945.927
Epoch [97/99] Step [190/214] Loss: 1.1924 Time: 946.39
Epoch [97/99] Step [200/214] Loss: 1.1342 Time: 946.852
Epoch [97/99] Step [210/214] Loss: 1.2346 Time: 947.314
Epoch [98/99] Step [10/214] Loss: 1.2541 Time: 947.959
Epoch [98/99] Step [20/214] Loss: 1.1334 Time: 948.42
Epoch [98/99] Step [30/214] Loss: 1.1517 Time: 948.882
Epoch [98/99] Step [40/214] Loss: 1.2165 Time: 949.344
Epoch [98/99] Step [50/214] Loss: 1.1473 Time: 949.807
Epoch [98/99] Step [60/214] Loss: 1.2705 Time: 950.27
Epoch [98/99] Step [70/214] Loss: 1.1191 Time: 950.733
Epoch [98/99] Step [80/214] Loss: 1.2211 Time: 951.196
Epoch [98/99] Step [90/214] Loss: 1.1479 Time: 951.658
Epoch [98/99] Step [100/214] Loss: 1.1770 Time: 952.121
Epoch [98/99] Step [110/214] Loss: 1.2580 Time: 952.582
Epoch [98/99] Step [120/214] Loss: 1.1610 Time: 953.044
Epoch [98/99] Step [130/214] Loss: 1.1508 Time: 953.505
Epoch [98/99] Step [140/214] Loss: 1.1715 Time: 953.967
Epoch [98/99] Step [150/214] Loss: 1.1384 Time: 954.43
Epoch [98/99] Step [160/214] Loss: 1.2727 Time: 954.893
Epoch [98/99] Step [170/214] Loss: 1.1652 Time: 955.354
Epoch [98/99] Step [180/214] Loss: 1.1401 Time: 955.817
Epoch [98/99] Step [190/214] Loss: 1.0978 Time: 956.28
Epoch [98/99] Step [200/214] Loss: 1.2650 Time: 956.741
Epoch [98/99] Step [210/214] Loss: 1.1600 Time: 957.205
Epoch [99/99] Step [10/214] Loss: 1.2890 Time: 957.847
Epoch [99/99] Step [20/214] Loss: 1.0990 Time: 958.31
Epoch [99/99] Step [30/214] Loss: 1.1948 Time: 958.772
Epoch [99/99] Step [40/214] Loss: 1.1701 Time: 959.234
Epoch [99/99] Step [50/214] Loss: 1.1164 Time: 959.697
Epoch [99/99] Step [60/214] Loss: 1.0969 Time: 960.16
Epoch [99/99] Step [70/214] Loss: 1.1990 Time: 960.623
Epoch [99/99] Step [80/214] Loss: 1.2880 Time: 961.085
Epoch [99/99] Step [90/214] Loss: 1.0657 Time: 961.548
Epoch [99/99] Step [100/214] Loss: 1.2539 Time: 962.01
Epoch [99/99] Step [110/214] Loss: 1.2097 Time: 962.473
Epoch [99/99] Step [120/214] Loss: 1.1054 Time: 962.936
Epoch [99/99] Step [130/214] Loss: 1.2429 Time: 963.399
Epoch [99/99] Step [140/214] Loss: 1.1235 Time: 963.862
Epoch [99/99] Step [150/214] Loss: 1.2103 Time: 964.324
Epoch [99/99] Step [160/214] Loss: 1.1811 Time: 964.787
Epoch [99/99] Step [170/214] Loss: 1.2221 Time: 965.249
Epoch [99/99] Step [180/214] Loss: 1.1991 Time: 965.713
Epoch [99/99] Step [190/214] Loss: 1.1926 Time: 966.174
Epoch [99/99] Step [200/214] Loss: 1.1539 Time: 966.636
Epoch [99/99] Step [210/214] Loss: 1.1079 Time: 967.099
#### TRAINED MODEL LSTM_CNN training time: 967.241 total time: 1241.722 ####
#### TRAINING MODEL ParallelCNNLSTMModel ####
Epoch [1/99] Step [10/214] Loss: 1.1576 Time: 0.439
Epoch [1/99] Step [20/214] Loss: 1.2568 Time: 0.838
Epoch [1/99] Step [30/214] Loss: 1.1948 Time: 1.238
Epoch [1/99] Step [40/214] Loss: 1.2027 Time: 1.638
Epoch [1/99] Step [50/214] Loss: 1.2388 Time: 2.036
Epoch [1/99] Step [60/214] Loss: 1.2194 Time: 2.436
Epoch [1/99] Step [70/214] Loss: 1.2205 Time: 2.835
Epoch [1/99] Step [80/214] Loss: 1.2442 Time: 3.235
Epoch [1/99] Step [90/214] Loss: 1.2328 Time: 3.634
Epoch [1/99] Step [100/214] Loss: 1.2332 Time: 4.033
Epoch [1/99] Step [110/214] Loss: 1.1646 Time: 4.432
Epoch [1/99] Step [120/214] Loss: 1.2887 Time: 4.831
Epoch [1/99] Step [130/214] Loss: 1.1628 Time: 5.23
Epoch [1/99] Step [140/214] Loss: 1.2025 Time: 5.63
Epoch [1/99] Step [150/214] Loss: 1.2116 Time: 6.029
Epoch [1/99] Step [160/214] Loss: 1.2582 Time: 6.429
Epoch [1/99] Step [170/214] Loss: 1.2062 Time: 6.827
Epoch [1/99] Step [180/214] Loss: 1.2265 Time: 7.226
Epoch [1/99] Step [190/214] Loss: 1.2806 Time: 7.625
Epoch [1/99] Step [200/214] Loss: 1.1660 Time: 8.023
Epoch [1/99] Step [210/214] Loss: 1.2446 Time: 8.422
Epoch [2/99] Step [10/214] Loss: 1.2721 Time: 8.978
Epoch [2/99] Step [20/214] Loss: 1.3087 Time: 9.376
Epoch [2/99] Step [30/214] Loss: 1.2684 Time: 9.775
Epoch [2/99] Step [40/214] Loss: 1.1596 Time: 10.175
Epoch [2/99] Step [50/214] Loss: 1.3087 Time: 10.575
Epoch [2/99] Step [60/214] Loss: 1.1593 Time: 10.974
Epoch [2/99] Step [70/214] Loss: 1.2533 Time: 11.372
Epoch [2/99] Step [80/214] Loss: 1.3124 Time: 11.771
Epoch [2/99] Step [90/214] Loss: 1.2659 Time: 12.168
Epoch [2/99] Step [100/214] Loss: 1.2680 Time: 12.568
Epoch [2/99] Step [110/214] Loss: 1.1221 Time: 12.972
Epoch [2/99] Step [120/214] Loss: 1.2664 Time: 13.371
Epoch [2/99] Step [130/214] Loss: 1.1779 Time: 13.769
Epoch [2/99] Step [140/214] Loss: 1.2956 Time: 14.169
Epoch [2/99] Step [150/214] Loss: 1.2120 Time: 14.568
Epoch [2/99] Step [160/214] Loss: 1.3619 Time: 14.967
Epoch [2/99] Step [170/214] Loss: 1.1590 Time: 15.365
Epoch [2/99] Step [180/214] Loss: 1.1496 Time: 15.765
Epoch [2/99] Step [190/214] Loss: 1.2004 Time: 16.163
Epoch [2/99] Step [200/214] Loss: 1.2668 Time: 16.562
Epoch [2/99] Step [210/214] Loss: 1.2355 Time: 16.961
Epoch [3/99] Step [10/214] Loss: 1.1571 Time: 17.516
Epoch [3/99] Step [20/214] Loss: 1.1900 Time: 17.915
Epoch [3/99] Step [30/214] Loss: 1.1374 Time: 18.314
Epoch [3/99] Step [40/214] Loss: 1.1777 Time: 18.712
Epoch [3/99] Step [50/214] Loss: 1.1825 Time: 19.11
Epoch [3/99] Step [60/214] Loss: 1.2520 Time: 19.51
Epoch [3/99] Step [70/214] Loss: 1.2697 Time: 19.908
Epoch [3/99] Step [80/214] Loss: 1.1823 Time: 20.308
Epoch [3/99] Step [90/214] Loss: 1.1574 Time: 20.708
Epoch [3/99] Step [100/214] Loss: 1.1998 Time: 21.106
Epoch [3/99] Step [110/214] Loss: 1.1184 Time: 21.505
Epoch [3/99] Step [120/214] Loss: 1.1249 Time: 21.904
Epoch [3/99] Step [130/214] Loss: 1.2534 Time: 22.304
Epoch [3/99] Step [140/214] Loss: 1.2736 Time: 22.703
Epoch [3/99] Step [150/214] Loss: 1.1633 Time: 23.102
Epoch [3/99] Step [160/214] Loss: 1.2626 Time: 23.501
Epoch [3/99] Step [170/214] Loss: 1.1656 Time: 23.901
Epoch [3/99] Step [180/214] Loss: 1.2516 Time: 24.299
Epoch [3/99] Step [190/214] Loss: 1.1880 Time: 24.699
Epoch [3/99] Step [200/214] Loss: 1.1940 Time: 25.099
Epoch [3/99] Step [210/214] Loss: 1.2831 Time: 25.498
Epoch [4/99] Step [10/214] Loss: 1.2614 Time: 26.053
Epoch [4/99] Step [20/214] Loss: 1.2457 Time: 26.452
Epoch [4/99] Step [30/214] Loss: 1.2088 Time: 26.849
Epoch [4/99] Step [40/214] Loss: 1.2248 Time: 27.248
Epoch [4/99] Step [50/214] Loss: 1.1716 Time: 27.647
Epoch [4/99] Step [60/214] Loss: 1.2199 Time: 28.047
Epoch [4/99] Step [70/214] Loss: 1.2723 Time: 28.446
Epoch [4/99] Step [80/214] Loss: 1.2442 Time: 28.845
Epoch [4/99] Step [90/214] Loss: 1.2204 Time: 29.243
Epoch [4/99] Step [100/214] Loss: 1.3196 Time: 29.643
Epoch [4/99] Step [110/214] Loss: 1.3872 Time: 30.041
Epoch [4/99] Step [120/214] Loss: 1.1438 Time: 30.441
Epoch [4/99] Step [130/214] Loss: 1.1932 Time: 30.84
Epoch [4/99] Step [140/214] Loss: 1.2524 Time: 31.238
Epoch [4/99] Step [150/214] Loss: 1.3267 Time: 31.638
Epoch [4/99] Step [160/214] Loss: 1.1994 Time: 32.037
Epoch [4/99] Step [170/214] Loss: 1.2686 Time: 32.437
Epoch [4/99] Step [180/214] Loss: 1.1924 Time: 32.836
Epoch [4/99] Step [190/214] Loss: 1.1950 Time: 33.234
Epoch [4/99] Step [200/214] Loss: 1.1753 Time: 33.634
Epoch [4/99] Step [210/214] Loss: 1.2363 Time: 34.033
Epoch [5/99] Step [10/214] Loss: 1.1942 Time: 34.588
Epoch [5/99] Step [20/214] Loss: 1.2145 Time: 34.987
Epoch [5/99] Step [30/214] Loss: 1.2045 Time: 35.385
Epoch [5/99] Step [40/214] Loss: 1.1950 Time: 35.784
Epoch [5/99] Step [50/214] Loss: 1.3084 Time: 36.183
Epoch [5/99] Step [60/214] Loss: 1.2047 Time: 36.582
Epoch [5/99] Step [70/214] Loss: 1.1523 Time: 36.981
Epoch [5/99] Step [80/214] Loss: 1.2010 Time: 37.379
Epoch [5/99] Step [90/214] Loss: 1.1491 Time: 37.778
Epoch [5/99] Step [100/214] Loss: 1.2042 Time: 38.177
Epoch [5/99] Step [110/214] Loss: 1.2203 Time: 38.577
Epoch [5/99] Step [120/214] Loss: 1.2837 Time: 38.975
Epoch [5/99] Step [130/214] Loss: 1.2589 Time: 39.375
Epoch [5/99] Step [140/214] Loss: 1.2518 Time: 39.773
Epoch [5/99] Step [150/214] Loss: 1.1222 Time: 40.173
Epoch [5/99] Step [160/214] Loss: 1.1773 Time: 40.571
Epoch [5/99] Step [170/214] Loss: 1.1519 Time: 40.97
Epoch [5/99] Step [180/214] Loss: 1.2531 Time: 41.369
Epoch [5/99] Step [190/214] Loss: 1.1402 Time: 41.768
Epoch [5/99] Step [200/214] Loss: 1.1635 Time: 42.167
Epoch [5/99] Step [210/214] Loss: 1.1039 Time: 42.565
Epoch [6/99] Step [10/214] Loss: 1.0633 Time: 43.121
Epoch [6/99] Step [20/214] Loss: 1.2128 Time: 43.52
Epoch [6/99] Step [30/214] Loss: 1.2161 Time: 43.919
Epoch [6/99] Step [40/214] Loss: 1.2777 Time: 44.318
Epoch [6/99] Step [50/214] Loss: 1.0832 Time: 44.717
Epoch [6/99] Step [60/214] Loss: 1.0814 Time: 45.116
Epoch [6/99] Step [70/214] Loss: 1.2811 Time: 45.515
Epoch [6/99] Step [80/214] Loss: 1.1816 Time: 45.915
Epoch [6/99] Step [90/214] Loss: 1.2593 Time: 46.313
Epoch [6/99] Step [100/214] Loss: 1.1295 Time: 46.713
Epoch [6/99] Step [110/214] Loss: 1.1927 Time: 47.112
Epoch [6/99] Step [120/214] Loss: 1.1710 Time: 47.512
Epoch [6/99] Step [130/214] Loss: 1.2113 Time: 47.911
Epoch [6/99] Step [140/214] Loss: 1.1927 Time: 48.31
Epoch [6/99] Step [150/214] Loss: 1.0794 Time: 48.709
Epoch [6/99] Step [160/214] Loss: 1.2172 Time: 49.108
Epoch [6/99] Step [170/214] Loss: 1.0715 Time: 49.507
Epoch [6/99] Step [180/214] Loss: 1.1385 Time: 49.905
Epoch [6/99] Step [190/214] Loss: 1.2190 Time: 50.305
Epoch [6/99] Step [200/214] Loss: 1.1581 Time: 50.703
Epoch [6/99] Step [210/214] Loss: 1.2306 Time: 51.102
Epoch [7/99] Step [10/214] Loss: 1.2929 Time: 51.657
Epoch [7/99] Step [20/214] Loss: 1.2164 Time: 52.056
Epoch [7/99] Step [30/214] Loss: 1.2630 Time: 52.455
Epoch [7/99] Step [40/214] Loss: 1.1969 Time: 52.854
Epoch [7/99] Step [50/214] Loss: 1.1372 Time: 53.253
Epoch [7/99] Step [60/214] Loss: 1.2359 Time: 53.652
Epoch [7/99] Step [70/214] Loss: 1.1645 Time: 54.05
Epoch [7/99] Step [80/214] Loss: 1.3687 Time: 54.449
Epoch [7/99] Step [90/214] Loss: 1.2921 Time: 54.848
Epoch [7/99] Step [100/214] Loss: 1.2062 Time: 55.247
Epoch [7/99] Step [110/214] Loss: 1.1407 Time: 55.646
Epoch [7/99] Step [120/214] Loss: 1.1559 Time: 56.045
Epoch [7/99] Step [130/214] Loss: 1.1686 Time: 56.444
Epoch [7/99] Step [140/214] Loss: 1.2709 Time: 56.843
Epoch [7/99] Step [150/214] Loss: 1.3031 Time: 57.242
Epoch [7/99] Step [160/214] Loss: 1.2181 Time: 57.64
Epoch [7/99] Step [170/214] Loss: 1.2766 Time: 58.04
Epoch [7/99] Step [180/214] Loss: 1.1782 Time: 58.438
Epoch [7/99] Step [190/214] Loss: 1.2075 Time: 58.837
Epoch [7/99] Step [200/214] Loss: 1.1445 Time: 59.235
Epoch [7/99] Step [210/214] Loss: 1.2033 Time: 59.635
Epoch [8/99] Step [10/214] Loss: 1.1554 Time: 60.191
Epoch [8/99] Step [20/214] Loss: 1.2006 Time: 60.591
Epoch [8/99] Step [30/214] Loss: 1.1772 Time: 60.989
Epoch [8/99] Step [40/214] Loss: 1.2016 Time: 61.388
Epoch [8/99] Step [50/214] Loss: 1.2535 Time: 61.787
Epoch [8/99] Step [60/214] Loss: 1.1101 Time: 62.185
Epoch [8/99] Step [70/214] Loss: 1.1327 Time: 62.584
Epoch [8/99] Step [80/214] Loss: 1.1664 Time: 62.983
Epoch [8/99] Step [90/214] Loss: 1.1207 Time: 63.382
Epoch [8/99] Step [100/214] Loss: 1.1602 Time: 63.78
Epoch [8/99] Step [110/214] Loss: 1.1833 Time: 64.179
Epoch [8/99] Step [120/214] Loss: 1.3144 Time: 64.578
Epoch [8/99] Step [130/214] Loss: 1.1730 Time: 64.977
Epoch [8/99] Step [140/214] Loss: 1.1376 Time: 65.376
Epoch [8/99] Step [150/214] Loss: 1.1455 Time: 65.775
Epoch [8/99] Step [160/214] Loss: 1.1889 Time: 66.175
Epoch [8/99] Step [170/214] Loss: 1.2196 Time: 66.573
Epoch [8/99] Step [180/214] Loss: 1.1913 Time: 66.973
Epoch [8/99] Step [190/214] Loss: 1.2088 Time: 67.372
Epoch [8/99] Step [200/214] Loss: 1.1385 Time: 67.77
Epoch [8/99] Step [210/214] Loss: 1.2046 Time: 68.169
Epoch [9/99] Step [10/214] Loss: 1.2074 Time: 68.724
Epoch [9/99] Step [20/214] Loss: 1.1602 Time: 69.123
Epoch [9/99] Step [30/214] Loss: 1.1574 Time: 69.523
Epoch [9/99] Step [40/214] Loss: 1.1207 Time: 69.922
Epoch [9/99] Step [50/214] Loss: 1.2014 Time: 70.321
Epoch [9/99] Step [60/214] Loss: 1.1524 Time: 70.72
Epoch [9/99] Step [70/214] Loss: 1.1620 Time: 71.118
Epoch [9/99] Step [80/214] Loss: 1.1950 Time: 71.517
Epoch [9/99] Step [90/214] Loss: 1.1915 Time: 71.916
Epoch [9/99] Step [100/214] Loss: 1.2711 Time: 72.316
Epoch [9/99] Step [110/214] Loss: 1.1870 Time: 72.715
Epoch [9/99] Step [120/214] Loss: 1.2321 Time: 73.114
Epoch [9/99] Step [130/214] Loss: 1.1383 Time: 73.512
Epoch [9/99] Step [140/214] Loss: 1.2047 Time: 73.911
Epoch [9/99] Step [150/214] Loss: 1.1887 Time: 74.31
Epoch [9/99] Step [160/214] Loss: 1.2497 Time: 74.709
Epoch [9/99] Step [170/214] Loss: 1.1396 Time: 75.108
Epoch [9/99] Step [180/214] Loss: 1.2387 Time: 75.507
Epoch [9/99] Step [190/214] Loss: 1.1804 Time: 75.907
Epoch [9/99] Step [200/214] Loss: 1.2224 Time: 76.304
Epoch [9/99] Step [210/214] Loss: 1.1498 Time: 76.704
Epoch [10/99] Step [10/214] Loss: 1.2441 Time: 77.26
Epoch [10/99] Step [20/214] Loss: 1.1496 Time: 77.659
Epoch [10/99] Step [30/214] Loss: 1.2432 Time: 78.058
Epoch [10/99] Step [40/214] Loss: 1.3382 Time: 78.457
Epoch [10/99] Step [50/214] Loss: 1.2881 Time: 78.855
Epoch [10/99] Step [60/214] Loss: 1.1405 Time: 79.255
Epoch [10/99] Step [70/214] Loss: 1.2450 Time: 79.654
Epoch [10/99] Step [80/214] Loss: 1.2343 Time: 80.053
Epoch [10/99] Step [90/214] Loss: 1.1932 Time: 80.452
Epoch [10/99] Step [100/214] Loss: 1.2010 Time: 80.851
Epoch [10/99] Step [110/214] Loss: 1.1602 Time: 81.25
Epoch [10/99] Step [120/214] Loss: 1.0794 Time: 81.649
Epoch [10/99] Step [130/214] Loss: 1.1932 Time: 82.049
Epoch [10/99] Step [140/214] Loss: 1.2587 Time: 82.447
Epoch [10/99] Step [150/214] Loss: 1.1520 Time: 82.847
Epoch [10/99] Step [160/214] Loss: 1.2434 Time: 83.245
Epoch [10/99] Step [170/214] Loss: 1.1503 Time: 83.646
Epoch [10/99] Step [180/214] Loss: 1.1891 Time: 84.047
Epoch [10/99] Step [190/214] Loss: 1.1560 Time: 84.446
Epoch [10/99] Step [200/214] Loss: 1.1890 Time: 84.849
Epoch [10/99] Step [210/214] Loss: 1.2270 Time: 85.256
Epoch [11/99] Step [10/214] Loss: 1.2477 Time: 85.818
Epoch [11/99] Step [20/214] Loss: 1.0320 Time: 86.217
Epoch [11/99] Step [30/214] Loss: 1.1701 Time: 86.617
Epoch [11/99] Step [40/214] Loss: 1.3075 Time: 87.016
Epoch [11/99] Step [50/214] Loss: 1.2212 Time: 87.414
Epoch [11/99] Step [60/214] Loss: 1.1587 Time: 87.814
Epoch [11/99] Step [70/214] Loss: 1.2031 Time: 88.212
Epoch [11/99] Step [80/214] Loss: 1.1279 Time: 88.611
Epoch [11/99] Step [90/214] Loss: 1.2718 Time: 89.01
Epoch [11/99] Step [100/214] Loss: 1.2731 Time: 89.408
Epoch [11/99] Step [110/214] Loss: 1.1958 Time: 89.807
Epoch [11/99] Step [120/214] Loss: 1.2571 Time: 90.206
Epoch [11/99] Step [130/214] Loss: 1.0927 Time: 90.605
Epoch [11/99] Step [140/214] Loss: 1.1036 Time: 91.005
Epoch [11/99] Step [150/214] Loss: 1.1578 Time: 91.404
Epoch [11/99] Step [160/214] Loss: 1.2051 Time: 91.803
Epoch [11/99] Step [170/214] Loss: 1.2669 Time: 92.202
Epoch [11/99] Step [180/214] Loss: 1.2016 Time: 92.601
Epoch [11/99] Step [190/214] Loss: 1.2286 Time: 93.0
Epoch [11/99] Step [200/214] Loss: 1.2786 Time: 93.399
Epoch [11/99] Step [210/214] Loss: 1.1783 Time: 93.798
Epoch [12/99] Step [10/214] Loss: 1.1810 Time: 94.355
Epoch [12/99] Step [20/214] Loss: 1.1382 Time: 94.754
Epoch [12/99] Step [30/214] Loss: 1.0972 Time: 95.152
Epoch [12/99] Step [40/214] Loss: 1.1247 Time: 95.551
Epoch [12/99] Step [50/214] Loss: 1.2432 Time: 95.949
Epoch [12/99] Step [60/214] Loss: 1.2984 Time: 96.348
Epoch [12/99] Step [70/214] Loss: 1.2862 Time: 96.747
Epoch [12/99] Step [80/214] Loss: 1.1150 Time: 97.146
Epoch [12/99] Step [90/214] Loss: 1.3550 Time: 97.545
Epoch [12/99] Step [100/214] Loss: 1.2067 Time: 97.945
Epoch [12/99] Step [110/214] Loss: 1.1545 Time: 98.344
Epoch [12/99] Step [120/214] Loss: 1.1311 Time: 98.743
Epoch [12/99] Step [130/214] Loss: 1.1223 Time: 99.142
Epoch [12/99] Step [140/214] Loss: 1.1627 Time: 99.541
Epoch [12/99] Step [150/214] Loss: 1.2734 Time: 99.94
Epoch [12/99] Step [160/214] Loss: 1.1971 Time: 100.339
Epoch [12/99] Step [170/214] Loss: 1.1876 Time: 100.739
Epoch [12/99] Step [180/214] Loss: 1.2684 Time: 101.137
Epoch [12/99] Step [190/214] Loss: 1.1563 Time: 101.535
Epoch [12/99] Step [200/214] Loss: 1.2428 Time: 101.935
Epoch [12/99] Step [210/214] Loss: 1.2406 Time: 102.334
Epoch [13/99] Step [10/214] Loss: 1.1944 Time: 102.893
Epoch [13/99] Step [20/214] Loss: 1.2204 Time: 103.293
Epoch [13/99] Step [30/214] Loss: 1.0614 Time: 103.692
Epoch [13/99] Step [40/214] Loss: 1.2385 Time: 104.093
Epoch [13/99] Step [50/214] Loss: 1.2834 Time: 104.493
Epoch [13/99] Step [60/214] Loss: 1.2236 Time: 104.892
Epoch [13/99] Step [70/214] Loss: 1.2090 Time: 105.291
Epoch [13/99] Step [80/214] Loss: 1.1093 Time: 105.69
Epoch [13/99] Step [90/214] Loss: 1.1315 Time: 106.091
Epoch [13/99] Step [100/214] Loss: 1.1408 Time: 106.49
Epoch [13/99] Step [110/214] Loss: 1.1894 Time: 106.889
Epoch [13/99] Step [120/214] Loss: 1.1223 Time: 107.289
Epoch [13/99] Step [130/214] Loss: 1.2839 Time: 107.687
Epoch [13/99] Step [140/214] Loss: 1.1379 Time: 108.087
Epoch [13/99] Step [150/214] Loss: 1.2185 Time: 108.487
Epoch [13/99] Step [160/214] Loss: 1.3140 Time: 108.886
Epoch [13/99] Step [170/214] Loss: 1.2390 Time: 109.285
Epoch [13/99] Step [180/214] Loss: 1.2223 Time: 109.684
Epoch [13/99] Step [190/214] Loss: 1.0918 Time: 110.084
Epoch [13/99] Step [200/214] Loss: 1.2415 Time: 110.483
Epoch [13/99] Step [210/214] Loss: 1.2996 Time: 110.882
Epoch [14/99] Step [10/214] Loss: 1.1931 Time: 111.439
Epoch [14/99] Step [20/214] Loss: 1.2815 Time: 111.837
Epoch [14/99] Step [30/214] Loss: 1.2061 Time: 112.237
Epoch [14/99] Step [40/214] Loss: 1.2758 Time: 112.637
Epoch [14/99] Step [50/214] Loss: 1.1555 Time: 113.036
Epoch [14/99] Step [60/214] Loss: 1.1934 Time: 113.436
Epoch [14/99] Step [70/214] Loss: 1.1463 Time: 113.836
Epoch [14/99] Step [80/214] Loss: 1.1319 Time: 114.235
Epoch [14/99] Step [90/214] Loss: 1.1960 Time: 114.635
Epoch [14/99] Step [100/214] Loss: 1.2801 Time: 115.033
Epoch [14/99] Step [110/214] Loss: 1.1810 Time: 115.432
Epoch [14/99] Step [120/214] Loss: 1.2214 Time: 115.831
Epoch [14/99] Step [130/214] Loss: 1.1838 Time: 116.231
Epoch [14/99] Step [140/214] Loss: 1.1172 Time: 116.631
Epoch [14/99] Step [150/214] Loss: 1.2239 Time: 117.03
Epoch [14/99] Step [160/214] Loss: 1.1662 Time: 117.429
Epoch [14/99] Step [170/214] Loss: 1.2812 Time: 117.828
Epoch [14/99] Step [180/214] Loss: 1.1552 Time: 118.228
Epoch [14/99] Step [190/214] Loss: 1.1619 Time: 118.629
Epoch [14/99] Step [200/214] Loss: 1.1514 Time: 119.029
Epoch [14/99] Step [210/214] Loss: 1.0732 Time: 119.427
Epoch [15/99] Step [10/214] Loss: 1.3456 Time: 119.983
Epoch [15/99] Step [20/214] Loss: 1.1551 Time: 120.383
Epoch [15/99] Step [30/214] Loss: 1.1154 Time: 120.782
Epoch [15/99] Step [40/214] Loss: 1.1474 Time: 121.182
Epoch [15/99] Step [50/214] Loss: 1.2695 Time: 121.581
Epoch [15/99] Step [60/214] Loss: 1.2406 Time: 121.98
Epoch [15/99] Step [70/214] Loss: 1.1520 Time: 122.38
Epoch [15/99] Step [80/214] Loss: 1.2264 Time: 122.781
Epoch [15/99] Step [90/214] Loss: 1.1621 Time: 123.179
Epoch [15/99] Step [100/214] Loss: 1.2203 Time: 123.577
Epoch [15/99] Step [110/214] Loss: 1.3117 Time: 123.977
Epoch [15/99] Step [120/214] Loss: 1.2078 Time: 124.376
Epoch [15/99] Step [130/214] Loss: 1.1945 Time: 124.775
Epoch [15/99] Step [140/214] Loss: 1.1976 Time: 125.174
Epoch [15/99] Step [150/214] Loss: 1.2949 Time: 125.573
Epoch [15/99] Step [160/214] Loss: 1.1506 Time: 125.972
Epoch [15/99] Step [170/214] Loss: 1.0889 Time: 126.372
Epoch [15/99] Step [180/214] Loss: 1.1777 Time: 126.772
Epoch [15/99] Step [190/214] Loss: 1.2064 Time: 127.172
Epoch [15/99] Step [200/214] Loss: 1.2421 Time: 127.572
Epoch [15/99] Step [210/214] Loss: 1.2385 Time: 127.972
Epoch [16/99] Step [10/214] Loss: 1.2459 Time: 128.528
Epoch [16/99] Step [20/214] Loss: 1.1112 Time: 128.927
Epoch [16/99] Step [30/214] Loss: 1.1692 Time: 129.326
Epoch [16/99] Step [40/214] Loss: 1.1924 Time: 129.726
Epoch [16/99] Step [50/214] Loss: 1.1157 Time: 130.127
Epoch [16/99] Step [60/214] Loss: 1.2547 Time: 130.527
Epoch [16/99] Step [70/214] Loss: 1.1226 Time: 130.925
Epoch [16/99] Step [80/214] Loss: 1.2142 Time: 131.326
Epoch [16/99] Step [90/214] Loss: 1.1046 Time: 131.726
Epoch [16/99] Step [100/214] Loss: 1.1941 Time: 132.124
Epoch [16/99] Step [110/214] Loss: 1.1362 Time: 132.524
Epoch [16/99] Step [120/214] Loss: 1.1677 Time: 132.924
Epoch [16/99] Step [130/214] Loss: 1.2426 Time: 133.324
Epoch [16/99] Step [140/214] Loss: 1.1636 Time: 133.723
Epoch [16/99] Step [150/214] Loss: 1.1862 Time: 134.122
Epoch [16/99] Step [160/214] Loss: 1.2271 Time: 134.521
Epoch [16/99] Step [170/214] Loss: 1.1270 Time: 134.92
Epoch [16/99] Step [180/214] Loss: 1.2253 Time: 135.32
Epoch [16/99] Step [190/214] Loss: 1.1891 Time: 135.718
Epoch [16/99] Step [200/214] Loss: 1.2175 Time: 136.117
Epoch [16/99] Step [210/214] Loss: 1.2255 Time: 136.516
Epoch [17/99] Step [10/214] Loss: 1.2400 Time: 137.071
Epoch [17/99] Step [20/214] Loss: 1.0895 Time: 137.47
Epoch [17/99] Step [30/214] Loss: 1.1417 Time: 137.869
Epoch [17/99] Step [40/214] Loss: 1.1942 Time: 138.269
Epoch [17/99] Step [50/214] Loss: 1.2182 Time: 138.668
Epoch [17/99] Step [60/214] Loss: 1.2109 Time: 139.069
Epoch [17/99] Step [70/214] Loss: 1.1653 Time: 139.468
Epoch [17/99] Step [80/214] Loss: 1.1180 Time: 139.869
Epoch [17/99] Step [90/214] Loss: 1.2598 Time: 140.268
Epoch [17/99] Step [100/214] Loss: 1.1634 Time: 140.668
Epoch [17/99] Step [110/214] Loss: 1.3984 Time: 141.067
Epoch [17/99] Step [120/214] Loss: 1.1784 Time: 141.467
Epoch [17/99] Step [130/214] Loss: 1.1025 Time: 141.866
Epoch [17/99] Step [140/214] Loss: 1.1846 Time: 142.265
Epoch [17/99] Step [150/214] Loss: 1.3245 Time: 142.663
Epoch [17/99] Step [160/214] Loss: 1.2869 Time: 143.063
Epoch [17/99] Step [170/214] Loss: 1.2774 Time: 143.462
Epoch [17/99] Step [180/214] Loss: 1.2742 Time: 143.862
Epoch [17/99] Step [190/214] Loss: 1.1923 Time: 144.261
Epoch [17/99] Step [200/214] Loss: 1.1680 Time: 144.66
Epoch [17/99] Step [210/214] Loss: 1.1314 Time: 145.058
Epoch [18/99] Step [10/214] Loss: 1.2126 Time: 145.615
Epoch [18/99] Step [20/214] Loss: 1.2245 Time: 146.014
Epoch [18/99] Step [30/214] Loss: 1.1970 Time: 146.414
Epoch [18/99] Step [40/214] Loss: 1.1267 Time: 146.814
Epoch [18/99] Step [50/214] Loss: 1.1668 Time: 147.213
Epoch [18/99] Step [60/214] Loss: 1.1457 Time: 147.613
Epoch [18/99] Step [70/214] Loss: 1.2078 Time: 148.013
Epoch [18/99] Step [80/214] Loss: 1.2691 Time: 148.414
Epoch [18/99] Step [90/214] Loss: 1.1138 Time: 148.814
Epoch [18/99] Step [100/214] Loss: 1.1676 Time: 149.214
Epoch [18/99] Step [110/214] Loss: 1.1402 Time: 149.612
Epoch [18/99] Step [120/214] Loss: 1.1578 Time: 150.011
Epoch [18/99] Step [130/214] Loss: 1.0605 Time: 150.411
Epoch [18/99] Step [140/214] Loss: 1.1762 Time: 150.81
Epoch [18/99] Step [150/214] Loss: 1.2036 Time: 151.209
Epoch [18/99] Step [160/214] Loss: 1.1377 Time: 151.608
Epoch [18/99] Step [170/214] Loss: 1.1992 Time: 152.008
Epoch [18/99] Step [180/214] Loss: 1.2330 Time: 152.408
Epoch [18/99] Step [190/214] Loss: 1.1579 Time: 152.808
Epoch [18/99] Step [200/214] Loss: 1.2901 Time: 153.208
Epoch [18/99] Step [210/214] Loss: 1.1590 Time: 153.608
Epoch [19/99] Step [10/214] Loss: 1.1408 Time: 154.164
Epoch [19/99] Step [20/214] Loss: 1.1934 Time: 154.563
Epoch [19/99] Step [30/214] Loss: 1.1719 Time: 154.962
Epoch [19/99] Step [40/214] Loss: 1.1311 Time: 155.361
Epoch [19/99] Step [50/214] Loss: 1.2012 Time: 155.759
Epoch [19/99] Step [60/214] Loss: 1.3291 Time: 156.159
Epoch [19/99] Step [70/214] Loss: 1.0993 Time: 156.558
Epoch [19/99] Step [80/214] Loss: 1.1743 Time: 156.957
Epoch [19/99] Step [90/214] Loss: 1.1558 Time: 157.356
Epoch [19/99] Step [100/214] Loss: 1.1777 Time: 157.756
Epoch [19/99] Step [110/214] Loss: 1.1500 Time: 158.155
Epoch [19/99] Step [120/214] Loss: 1.2393 Time: 158.553
Epoch [19/99] Step [130/214] Loss: 1.1251 Time: 158.954
Epoch [19/99] Step [140/214] Loss: 1.2196 Time: 159.354
Epoch [19/99] Step [150/214] Loss: 1.1418 Time: 159.753
Epoch [19/99] Step [160/214] Loss: 1.1342 Time: 160.151
Epoch [19/99] Step [170/214] Loss: 1.1951 Time: 160.551
Epoch [19/99] Step [180/214] Loss: 1.1679 Time: 160.951
Epoch [19/99] Step [190/214] Loss: 1.1244 Time: 161.351
Epoch [19/99] Step [200/214] Loss: 1.0842 Time: 161.75
Epoch [19/99] Step [210/214] Loss: 1.1123 Time: 162.149
Epoch [20/99] Step [10/214] Loss: 1.0909 Time: 162.705
Epoch [20/99] Step [20/214] Loss: 1.1492 Time: 163.107
Epoch [20/99] Step [30/214] Loss: 1.1950 Time: 163.506
Epoch [20/99] Step [40/214] Loss: 1.2090 Time: 163.906
Epoch [20/99] Step [50/214] Loss: 1.2372 Time: 164.305
Epoch [20/99] Step [60/214] Loss: 1.2019 Time: 164.705
Epoch [20/99] Step [70/214] Loss: 1.1919 Time: 165.104
Epoch [20/99] Step [80/214] Loss: 1.1514 Time: 165.503
Epoch [20/99] Step [90/214] Loss: 1.1921 Time: 165.902
Epoch [20/99] Step [100/214] Loss: 1.2281 Time: 166.301
Epoch [20/99] Step [110/214] Loss: 1.0943 Time: 166.702
Epoch [20/99] Step [120/214] Loss: 1.1198 Time: 167.101
Epoch [20/99] Step [130/214] Loss: 1.1432 Time: 167.501
Epoch [20/99] Step [140/214] Loss: 1.1509 Time: 167.901
Epoch [20/99] Step [150/214] Loss: 1.3083 Time: 168.301
Epoch [20/99] Step [160/214] Loss: 1.1287 Time: 168.699
Epoch [20/99] Step [170/214] Loss: 1.1557 Time: 169.098
Epoch [20/99] Step [180/214] Loss: 1.2104 Time: 169.498
Epoch [20/99] Step [190/214] Loss: 1.1614 Time: 169.898
Epoch [20/99] Step [200/214] Loss: 1.1555 Time: 170.3
Epoch [20/99] Step [210/214] Loss: 1.1891 Time: 170.7
Epoch [21/99] Step [10/214] Loss: 1.1361 Time: 171.257
Epoch [21/99] Step [20/214] Loss: 1.0892 Time: 171.655
Epoch [21/99] Step [30/214] Loss: 1.2103 Time: 172.054
Epoch [21/99] Step [40/214] Loss: 1.2343 Time: 172.454
Epoch [21/99] Step [50/214] Loss: 1.1365 Time: 172.854
Epoch [21/99] Step [60/214] Loss: 1.1739 Time: 173.254
Epoch [21/99] Step [70/214] Loss: 1.1896 Time: 173.653
Epoch [21/99] Step [80/214] Loss: 1.1504 Time: 174.054
Epoch [21/99] Step [90/214] Loss: 1.1710 Time: 174.453
Epoch [21/99] Step [100/214] Loss: 1.1212 Time: 174.852
Epoch [21/99] Step [110/214] Loss: 1.0498 Time: 175.253
Epoch [21/99] Step [120/214] Loss: 1.2042 Time: 175.652
Epoch [21/99] Step [130/214] Loss: 1.1785 Time: 176.053
Epoch [21/99] Step [140/214] Loss: 1.1068 Time: 176.453
Epoch [21/99] Step [150/214] Loss: 1.1714 Time: 176.852
Epoch [21/99] Step [160/214] Loss: 1.1675 Time: 177.253
Epoch [21/99] Step [170/214] Loss: 1.2290 Time: 177.652
Epoch [21/99] Step [180/214] Loss: 1.1571 Time: 178.051
Epoch [21/99] Step [190/214] Loss: 1.1561 Time: 178.451
Epoch [21/99] Step [200/214] Loss: 1.0980 Time: 178.85
Epoch [21/99] Step [210/214] Loss: 1.0831 Time: 179.249
Epoch [22/99] Step [10/214] Loss: 1.0659 Time: 179.805
Epoch [22/99] Step [20/214] Loss: 1.2143 Time: 180.205
Epoch [22/99] Step [30/214] Loss: 1.0462 Time: 180.605
Epoch [22/99] Step [40/214] Loss: 1.2432 Time: 181.004
Epoch [22/99] Step [50/214] Loss: 1.2094 Time: 181.403
Epoch [22/99] Step [60/214] Loss: 1.2488 Time: 181.802
Epoch [22/99] Step [70/214] Loss: 1.1083 Time: 182.201
Epoch [22/99] Step [80/214] Loss: 1.1618 Time: 182.601
Epoch [22/99] Step [90/214] Loss: 1.1831 Time: 183.0
Epoch [22/99] Step [100/214] Loss: 1.1983 Time: 183.399
Epoch [22/99] Step [110/214] Loss: 1.1618 Time: 183.799
Epoch [22/99] Step [120/214] Loss: 1.1620 Time: 184.197
Epoch [22/99] Step [130/214] Loss: 1.2225 Time: 184.597
Epoch [22/99] Step [140/214] Loss: 1.2643 Time: 184.997
Epoch [22/99] Step [150/214] Loss: 1.1608 Time: 185.397
Epoch [22/99] Step [160/214] Loss: 1.1346 Time: 185.795
Epoch [22/99] Step [170/214] Loss: 1.1017 Time: 186.195
Epoch [22/99] Step [180/214] Loss: 1.2369 Time: 186.595
Epoch [22/99] Step [190/214] Loss: 1.2375 Time: 186.995
Epoch [22/99] Step [200/214] Loss: 1.2899 Time: 187.395
Epoch [22/99] Step [210/214] Loss: 1.1500 Time: 187.794
Epoch [23/99] Step [10/214] Loss: 1.2374 Time: 188.35
Epoch [23/99] Step [20/214] Loss: 1.0870 Time: 188.75
Epoch [23/99] Step [30/214] Loss: 1.1534 Time: 189.15
Epoch [23/99] Step [40/214] Loss: 1.2301 Time: 189.548
Epoch [23/99] Step [50/214] Loss: 1.1397 Time: 189.946
Epoch [23/99] Step [60/214] Loss: 1.0968 Time: 190.345
Epoch [23/99] Step [70/214] Loss: 1.1812 Time: 190.744
Epoch [23/99] Step [80/214] Loss: 1.1268 Time: 191.144
Epoch [23/99] Step [90/214] Loss: 1.1100 Time: 191.543
Epoch [23/99] Step [100/214] Loss: 1.1770 Time: 191.942
Epoch [23/99] Step [110/214] Loss: 1.0625 Time: 192.342
Epoch [23/99] Step [120/214] Loss: 1.0857 Time: 192.743
Epoch [23/99] Step [130/214] Loss: 1.0470 Time: 193.146
Epoch [23/99] Step [140/214] Loss: 1.1944 Time: 193.545
Epoch [23/99] Step [150/214] Loss: 1.1115 Time: 193.946
Epoch [23/99] Step [160/214] Loss: 1.1957 Time: 194.346
Epoch [23/99] Step [170/214] Loss: 1.1997 Time: 194.745
Epoch [23/99] Step [180/214] Loss: 1.0965 Time: 195.145
Epoch [23/99] Step [190/214] Loss: 1.1499 Time: 195.544
Epoch [23/99] Step [200/214] Loss: 1.0558 Time: 195.943
Epoch [23/99] Step [210/214] Loss: 1.1080 Time: 196.343
Epoch [24/99] Step [10/214] Loss: 1.2108 Time: 196.899
Epoch [24/99] Step [20/214] Loss: 1.1421 Time: 197.299
Epoch [24/99] Step [30/214] Loss: 1.1043 Time: 197.699
Epoch [24/99] Step [40/214] Loss: 1.0951 Time: 198.098
Epoch [24/99] Step [50/214] Loss: 1.1615 Time: 198.498
Epoch [24/99] Step [60/214] Loss: 1.1952 Time: 198.899
Epoch [24/99] Step [70/214] Loss: 1.1031 Time: 199.301
Epoch [24/99] Step [80/214] Loss: 1.1099 Time: 199.701
Epoch [24/99] Step [90/214] Loss: 1.1982 Time: 200.1
Epoch [24/99] Step [100/214] Loss: 1.0624 Time: 200.5
Epoch [24/99] Step [110/214] Loss: 1.2222 Time: 200.9
Epoch [24/99] Step [120/214] Loss: 1.0782 Time: 201.3
Epoch [24/99] Step [130/214] Loss: 1.1278 Time: 201.701
Epoch [24/99] Step [140/214] Loss: 1.1591 Time: 202.101
Epoch [24/99] Step [150/214] Loss: 1.1295 Time: 202.501
Epoch [24/99] Step [160/214] Loss: 1.1512 Time: 202.899
Epoch [24/99] Step [170/214] Loss: 1.1413 Time: 203.299
Epoch [24/99] Step [180/214] Loss: 1.3180 Time: 203.699
Epoch [24/99] Step [190/214] Loss: 1.3113 Time: 204.099
Epoch [24/99] Step [200/214] Loss: 1.1088 Time: 204.499
Epoch [24/99] Step [210/214] Loss: 1.0638 Time: 204.898
Epoch [25/99] Step [10/214] Loss: 1.0256 Time: 205.452
Epoch [25/99] Step [20/214] Loss: 1.1507 Time: 205.851
Epoch [25/99] Step [30/214] Loss: 1.2384 Time: 206.25
Epoch [25/99] Step [40/214] Loss: 1.2064 Time: 206.649
Epoch [25/99] Step [50/214] Loss: 1.1364 Time: 207.049
Epoch [25/99] Step [60/214] Loss: 1.2327 Time: 207.448
Epoch [25/99] Step [70/214] Loss: 1.1763 Time: 207.848
Epoch [25/99] Step [80/214] Loss: 1.1040 Time: 208.247
Epoch [25/99] Step [90/214] Loss: 1.2378 Time: 208.647
Epoch [25/99] Step [100/214] Loss: 1.0694 Time: 209.046
Epoch [25/99] Step [110/214] Loss: 1.1289 Time: 209.445
Epoch [25/99] Step [120/214] Loss: 1.0886 Time: 209.844
Epoch [25/99] Step [130/214] Loss: 1.0894 Time: 210.244
Epoch [25/99] Step [140/214] Loss: 1.3066 Time: 210.642
Epoch [25/99] Step [150/214] Loss: 1.2347 Time: 211.042
Epoch [25/99] Step [160/214] Loss: 1.1131 Time: 211.442
Epoch [25/99] Step [170/214] Loss: 1.0565 Time: 211.842
Epoch [25/99] Step [180/214] Loss: 1.1413 Time: 212.241
Epoch [25/99] Step [190/214] Loss: 1.1765 Time: 212.64
Epoch [25/99] Step [200/214] Loss: 1.1318 Time: 213.041
Epoch [25/99] Step [210/214] Loss: 1.2222 Time: 213.439
Epoch [26/99] Step [10/214] Loss: 1.2448 Time: 213.996
Epoch [26/99] Step [20/214] Loss: 1.1714 Time: 214.394
Epoch [26/99] Step [30/214] Loss: 1.1164 Time: 214.794
Epoch [26/99] Step [40/214] Loss: 1.2009 Time: 215.194
Epoch [26/99] Step [50/214] Loss: 1.1252 Time: 215.594
Epoch [26/99] Step [60/214] Loss: 1.1774 Time: 215.993
Epoch [26/99] Step [70/214] Loss: 1.2237 Time: 216.392
Epoch [26/99] Step [80/214] Loss: 1.1171 Time: 216.791
Epoch [26/99] Step [90/214] Loss: 1.1133 Time: 217.19
Epoch [26/99] Step [100/214] Loss: 1.2591 Time: 217.591
Epoch [26/99] Step [110/214] Loss: 1.1196 Time: 217.989
Epoch [26/99] Step [120/214] Loss: 1.1445 Time: 218.389
Epoch [26/99] Step [130/214] Loss: 1.2164 Time: 218.788
Epoch [26/99] Step [140/214] Loss: 1.1097 Time: 219.188
Epoch [26/99] Step [150/214] Loss: 1.1488 Time: 219.588
Epoch [26/99] Step [160/214] Loss: 1.1332 Time: 219.988
Epoch [26/99] Step [170/214] Loss: 1.1538 Time: 220.388
Epoch [26/99] Step [180/214] Loss: 1.0167 Time: 220.787
Epoch [26/99] Step [190/214] Loss: 1.1392 Time: 221.186
Epoch [26/99] Step [200/214] Loss: 1.1439 Time: 221.584
Epoch [26/99] Step [210/214] Loss: 1.0737 Time: 221.983
Epoch [27/99] Step [10/214] Loss: 1.2115 Time: 222.541
Epoch [27/99] Step [20/214] Loss: 1.0968 Time: 222.945
Epoch [27/99] Step [30/214] Loss: 1.0979 Time: 223.345
Epoch [27/99] Step [40/214] Loss: 1.0517 Time: 223.743
Epoch [27/99] Step [50/214] Loss: 1.0516 Time: 224.142
Epoch [27/99] Step [60/214] Loss: 1.0952 Time: 224.541
Epoch [27/99] Step [70/214] Loss: 1.1055 Time: 224.941
Epoch [27/99] Step [80/214] Loss: 1.0898 Time: 225.339
Epoch [27/99] Step [90/214] Loss: 1.1338 Time: 225.738
Epoch [27/99] Step [100/214] Loss: 1.1418 Time: 226.138
Epoch [27/99] Step [110/214] Loss: 1.0895 Time: 226.536
Epoch [27/99] Step [120/214] Loss: 1.1456 Time: 226.935
Epoch [27/99] Step [130/214] Loss: 1.0919 Time: 227.335
Epoch [27/99] Step [140/214] Loss: 1.2483 Time: 227.735
Epoch [27/99] Step [150/214] Loss: 1.0544 Time: 228.134
Epoch [27/99] Step [160/214] Loss: 1.0882 Time: 228.533
Epoch [27/99] Step [170/214] Loss: 1.0769 Time: 228.933
Epoch [27/99] Step [180/214] Loss: 1.0213 Time: 229.333
Epoch [27/99] Step [190/214] Loss: 1.1160 Time: 229.732
Epoch [27/99] Step [200/214] Loss: 1.0772 Time: 230.132
Epoch [27/99] Step [210/214] Loss: 1.0947 Time: 230.531
Epoch [28/99] Step [10/214] Loss: 1.0962 Time: 231.088
Epoch [28/99] Step [20/214] Loss: 1.1564 Time: 231.488
Epoch [28/99] Step [30/214] Loss: 1.1201 Time: 231.886
Epoch [28/99] Step [40/214] Loss: 1.0870 Time: 232.285
Epoch [28/99] Step [50/214] Loss: 1.0556 Time: 232.684
Epoch [28/99] Step [60/214] Loss: 1.0797 Time: 233.083
Epoch [28/99] Step [70/214] Loss: 1.0625 Time: 233.483
Epoch [28/99] Step [80/214] Loss: 1.0471 Time: 233.883
Epoch [28/99] Step [90/214] Loss: 1.1799 Time: 234.281
Epoch [28/99] Step [100/214] Loss: 1.1339 Time: 234.681
Epoch [28/99] Step [110/214] Loss: 1.1363 Time: 235.08
Epoch [28/99] Step [120/214] Loss: 1.1635 Time: 235.479
Epoch [28/99] Step [130/214] Loss: 1.0251 Time: 235.879
Epoch [28/99] Step [140/214] Loss: 1.1611 Time: 236.278
Epoch [28/99] Step [150/214] Loss: 0.9999 Time: 236.678
Epoch [28/99] Step [160/214] Loss: 1.2339 Time: 237.078
Epoch [28/99] Step [170/214] Loss: 1.1584 Time: 237.477
Epoch [28/99] Step [180/214] Loss: 1.1045 Time: 237.877
Epoch [28/99] Step [190/214] Loss: 1.1651 Time: 238.276
Epoch [28/99] Step [200/214] Loss: 1.1306 Time: 238.676
Epoch [28/99] Step [210/214] Loss: 1.1428 Time: 239.076
Epoch [29/99] Step [10/214] Loss: 1.1143 Time: 239.632
Epoch [29/99] Step [20/214] Loss: 1.1103 Time: 240.03
Epoch [29/99] Step [30/214] Loss: 1.0818 Time: 240.43
Epoch [29/99] Step [40/214] Loss: 1.1290 Time: 240.83
Epoch [29/99] Step [50/214] Loss: 1.1210 Time: 241.23
Epoch [29/99] Step [60/214] Loss: 1.0993 Time: 241.63
Epoch [29/99] Step [70/214] Loss: 1.1316 Time: 242.03
Epoch [29/99] Step [80/214] Loss: 1.0712 Time: 242.43
Epoch [29/99] Step [90/214] Loss: 1.0711 Time: 242.83
Epoch [29/99] Step [100/214] Loss: 1.2775 Time: 243.228
Epoch [29/99] Step [110/214] Loss: 1.6902 Time: 243.627
Epoch [29/99] Step [120/214] Loss: 1.0778 Time: 244.027
Epoch [29/99] Step [130/214] Loss: 1.1078 Time: 244.426
Epoch [29/99] Step [140/214] Loss: 1.0556 Time: 244.826
Epoch [29/99] Step [150/214] Loss: 1.0941 Time: 245.226
Epoch [29/99] Step [160/214] Loss: 1.0176 Time: 245.625
Epoch [29/99] Step [170/214] Loss: 1.0529 Time: 246.025
Epoch [29/99] Step [180/214] Loss: 1.0219 Time: 246.425
Epoch [29/99] Step [190/214] Loss: 1.0775 Time: 246.823
Epoch [29/99] Step [200/214] Loss: 1.0400 Time: 247.221
Epoch [29/99] Step [210/214] Loss: 1.2161 Time: 247.62
Epoch [30/99] Step [10/214] Loss: 1.0668 Time: 248.179
Epoch [30/99] Step [20/214] Loss: 1.0878 Time: 248.578
Epoch [30/99] Step [30/214] Loss: 0.9632 Time: 248.978
Epoch [30/99] Step [40/214] Loss: 1.0154 Time: 249.38
Epoch [30/99] Step [50/214] Loss: 1.2468 Time: 249.787
Epoch [30/99] Step [60/214] Loss: 1.0364 Time: 250.192
Epoch [30/99] Step [70/214] Loss: 1.0270 Time: 250.596
Epoch [30/99] Step [80/214] Loss: 0.9243 Time: 251.002
Epoch [30/99] Step [90/214] Loss: 1.2801 Time: 251.408
Epoch [30/99] Step [100/214] Loss: 1.1447 Time: 251.813
Epoch [30/99] Step [110/214] Loss: 1.0100 Time: 252.22
Epoch [30/99] Step [120/214] Loss: 1.1058 Time: 252.626
Epoch [30/99] Step [130/214] Loss: 1.1580 Time: 253.031
Epoch [30/99] Step [140/214] Loss: 1.1783 Time: 253.436
Epoch [30/99] Step [150/214] Loss: 1.1597 Time: 253.838
Epoch [30/99] Step [160/214] Loss: 1.0621 Time: 254.239
Epoch [30/99] Step [170/214] Loss: 1.0310 Time: 254.642
Epoch [30/99] Step [180/214] Loss: 1.1237 Time: 255.044
Epoch [30/99] Step [190/214] Loss: 1.1404 Time: 255.445
Epoch [30/99] Step [200/214] Loss: 1.1210 Time: 255.847
Epoch [30/99] Step [210/214] Loss: 1.2138 Time: 256.25
Epoch [31/99] Step [10/214] Loss: 1.0491 Time: 256.809
Epoch [31/99] Step [20/214] Loss: 1.0266 Time: 257.213
Epoch [31/99] Step [30/214] Loss: 0.9862 Time: 257.618
Epoch [31/99] Step [40/214] Loss: 1.0213 Time: 258.026
Epoch [31/99] Step [50/214] Loss: 1.0203 Time: 258.432
Epoch [31/99] Step [60/214] Loss: 1.0402 Time: 258.839
Epoch [31/99] Step [70/214] Loss: 1.0960 Time: 259.246
Epoch [31/99] Step [80/214] Loss: 1.0784 Time: 259.654
Epoch [31/99] Step [90/214] Loss: 0.9642 Time: 260.06
Epoch [31/99] Step [100/214] Loss: 1.0347 Time: 260.468
Epoch [31/99] Step [110/214] Loss: 1.1776 Time: 260.875
Epoch [31/99] Step [120/214] Loss: 1.1096 Time: 261.283
Epoch [31/99] Step [130/214] Loss: 1.0287 Time: 261.691
Epoch [31/99] Step [140/214] Loss: 1.2169 Time: 262.098
Epoch [31/99] Step [150/214] Loss: 1.0106 Time: 262.505
Epoch [31/99] Step [160/214] Loss: 0.9955 Time: 262.912
Epoch [31/99] Step [170/214] Loss: 1.1440 Time: 263.318
Epoch [31/99] Step [180/214] Loss: 1.0605 Time: 263.725
Epoch [31/99] Step [190/214] Loss: 0.9842 Time: 264.133
Epoch [31/99] Step [200/214] Loss: 0.9911 Time: 264.541
Epoch [31/99] Step [210/214] Loss: 1.0925 Time: 264.949
Epoch [32/99] Step [10/214] Loss: 0.9605 Time: 265.516
Epoch [32/99] Step [20/214] Loss: 1.0813 Time: 265.924
Epoch [32/99] Step [30/214] Loss: 0.9558 Time: 266.331
Epoch [32/99] Step [40/214] Loss: 0.8910 Time: 266.738
Epoch [32/99] Step [50/214] Loss: 1.2320 Time: 267.145
Epoch [32/99] Step [60/214] Loss: 1.1020 Time: 267.552
Epoch [32/99] Step [70/214] Loss: 1.0587 Time: 267.96
Epoch [32/99] Step [80/214] Loss: 0.9604 Time: 268.367
Epoch [32/99] Step [90/214] Loss: 1.0397 Time: 268.774
Epoch [32/99] Step [100/214] Loss: 1.2605 Time: 269.18
Epoch [32/99] Step [110/214] Loss: 1.1322 Time: 269.587
Epoch [32/99] Step [120/214] Loss: 1.0482 Time: 269.994
Epoch [32/99] Step [130/214] Loss: 1.1155 Time: 270.403
Epoch [32/99] Step [140/214] Loss: 1.1230 Time: 270.809
Epoch [32/99] Step [150/214] Loss: 1.0944 Time: 271.216
Epoch [32/99] Step [160/214] Loss: 1.1696 Time: 271.622
Epoch [32/99] Step [170/214] Loss: 1.0632 Time: 272.03
Epoch [32/99] Step [180/214] Loss: 1.1464 Time: 272.438
Epoch [32/99] Step [190/214] Loss: 1.0738 Time: 272.845
Epoch [32/99] Step [200/214] Loss: 1.1139 Time: 273.253
Epoch [32/99] Step [210/214] Loss: 0.9787 Time: 273.661
Epoch [33/99] Step [10/214] Loss: 1.1266 Time: 274.228
Epoch [33/99] Step [20/214] Loss: 0.9456 Time: 274.635
Epoch [33/99] Step [30/214] Loss: 0.9877 Time: 275.043
Epoch [33/99] Step [40/214] Loss: 1.0100 Time: 275.449
Epoch [33/99] Step [50/214] Loss: 1.0386 Time: 275.857
Epoch [33/99] Step [60/214] Loss: 0.9969 Time: 276.265
Epoch [33/99] Step [70/214] Loss: 1.0442 Time: 276.672
Epoch [33/99] Step [80/214] Loss: 0.9681 Time: 277.079
Epoch [33/99] Step [90/214] Loss: 1.0291 Time: 277.486
Epoch [33/99] Step [100/214] Loss: 0.9982 Time: 277.894
Epoch [33/99] Step [110/214] Loss: 1.0148 Time: 278.301
Epoch [33/99] Step [120/214] Loss: 0.8878 Time: 278.708
Epoch [33/99] Step [130/214] Loss: 0.9210 Time: 279.115
Epoch [33/99] Step [140/214] Loss: 0.9444 Time: 279.523
Epoch [33/99] Step [150/214] Loss: 0.9440 Time: 279.93
Epoch [33/99] Step [160/214] Loss: 1.0676 Time: 280.337
Epoch [33/99] Step [170/214] Loss: 1.1382 Time: 280.744
Epoch [33/99] Step [180/214] Loss: 1.0307 Time: 281.152
Epoch [33/99] Step [190/214] Loss: 0.9897 Time: 281.559
Epoch [33/99] Step [200/214] Loss: 1.1724 Time: 281.965
Epoch [33/99] Step [210/214] Loss: 1.1591 Time: 282.373
Epoch [34/99] Step [10/214] Loss: 1.0564 Time: 282.945
Epoch [34/99] Step [20/214] Loss: 1.1418 Time: 283.352
Epoch [34/99] Step [30/214] Loss: 1.0300 Time: 283.758
Epoch [34/99] Step [40/214] Loss: 0.9994 Time: 284.166
Epoch [34/99] Step [50/214] Loss: 1.0660 Time: 284.574
Epoch [34/99] Step [60/214] Loss: 1.0114 Time: 284.981
Epoch [34/99] Step [70/214] Loss: 0.9755 Time: 285.388
Epoch [34/99] Step [80/214] Loss: 0.9289 Time: 285.796
Epoch [34/99] Step [90/214] Loss: 1.0673 Time: 286.203
Epoch [34/99] Step [100/214] Loss: 0.9739 Time: 286.611
Epoch [34/99] Step [110/214] Loss: 0.9929 Time: 287.018
Epoch [34/99] Step [120/214] Loss: 0.9899 Time: 287.425
Epoch [34/99] Step [130/214] Loss: 1.0197 Time: 287.832
Epoch [34/99] Step [140/214] Loss: 1.0854 Time: 288.239
Epoch [34/99] Step [150/214] Loss: 0.9529 Time: 288.646
Epoch [34/99] Step [160/214] Loss: 1.0496 Time: 289.053
Epoch [34/99] Step [170/214] Loss: 1.0395 Time: 289.459
Epoch [34/99] Step [180/214] Loss: 1.0430 Time: 289.866
Epoch [34/99] Step [190/214] Loss: 0.9897 Time: 290.273
Epoch [34/99] Step [200/214] Loss: 0.9261 Time: 290.68
Epoch [34/99] Step [210/214] Loss: 1.0741 Time: 291.087
Epoch [35/99] Step [10/214] Loss: 0.9754 Time: 291.654
Epoch [35/99] Step [20/214] Loss: 0.9594 Time: 292.061
Epoch [35/99] Step [30/214] Loss: 1.0447 Time: 292.468
Epoch [35/99] Step [40/214] Loss: 0.9494 Time: 292.874
Epoch [35/99] Step [50/214] Loss: 1.0514 Time: 293.281
Epoch [35/99] Step [60/214] Loss: 1.0784 Time: 293.689
Epoch [35/99] Step [70/214] Loss: 0.9935 Time: 294.095
Epoch [35/99] Step [80/214] Loss: 1.0936 Time: 294.502
Epoch [35/99] Step [90/214] Loss: 1.0551 Time: 294.908
Epoch [35/99] Step [100/214] Loss: 0.8851 Time: 295.315
Epoch [35/99] Step [110/214] Loss: 1.1275 Time: 295.722
Epoch [35/99] Step [120/214] Loss: 1.1134 Time: 296.129
Epoch [35/99] Step [130/214] Loss: 0.8751 Time: 296.536
Epoch [35/99] Step [140/214] Loss: 0.9692 Time: 296.944
Epoch [35/99] Step [150/214] Loss: 0.9599 Time: 297.352
Epoch [35/99] Step [160/214] Loss: 1.0518 Time: 297.758
Epoch [35/99] Step [170/214] Loss: 0.9837 Time: 298.165
Epoch [35/99] Step [180/214] Loss: 1.0841 Time: 298.572
Epoch [35/99] Step [190/214] Loss: 1.0746 Time: 298.979
Epoch [35/99] Step [200/214] Loss: 1.0154 Time: 299.385
Epoch [35/99] Step [210/214] Loss: 0.9592 Time: 299.792
Epoch [36/99] Step [10/214] Loss: 0.8924 Time: 300.359
Epoch [36/99] Step [20/214] Loss: 1.0016 Time: 300.766
Epoch [36/99] Step [30/214] Loss: 1.1452 Time: 301.173
Epoch [36/99] Step [40/214] Loss: 0.9834 Time: 301.579
Epoch [36/99] Step [50/214] Loss: 1.0737 Time: 301.985
Epoch [36/99] Step [60/214] Loss: 0.9342 Time: 302.392
Epoch [36/99] Step [70/214] Loss: 0.8027 Time: 302.8
Epoch [36/99] Step [80/214] Loss: 0.8727 Time: 303.208
Epoch [36/99] Step [90/214] Loss: 0.9153 Time: 303.614
Epoch [36/99] Step [100/214] Loss: 0.9292 Time: 304.022
Epoch [36/99] Step [110/214] Loss: 0.9895 Time: 304.429
Epoch [36/99] Step [120/214] Loss: 1.0240 Time: 304.836
Epoch [36/99] Step [130/214] Loss: 1.1197 Time: 305.243
Epoch [36/99] Step [140/214] Loss: 1.1102 Time: 305.651
Epoch [36/99] Step [150/214] Loss: 0.9931 Time: 306.058
Epoch [36/99] Step [160/214] Loss: 1.0124 Time: 306.466
Epoch [36/99] Step [170/214] Loss: 1.0247 Time: 306.873
Epoch [36/99] Step [180/214] Loss: 0.8531 Time: 307.28
Epoch [36/99] Step [190/214] Loss: 1.1005 Time: 307.688
Epoch [36/99] Step [200/214] Loss: 1.0839 Time: 308.096
Epoch [36/99] Step [210/214] Loss: 1.0253 Time: 308.503
Epoch [37/99] Step [10/214] Loss: 0.9539 Time: 309.069
Epoch [37/99] Step [20/214] Loss: 0.8936 Time: 309.477
Epoch [37/99] Step [30/214] Loss: 1.0606 Time: 309.885
Epoch [37/99] Step [40/214] Loss: 0.9506 Time: 310.292
Epoch [37/99] Step [50/214] Loss: 0.9233 Time: 310.7
Epoch [37/99] Step [60/214] Loss: 0.9576 Time: 311.108
Epoch [37/99] Step [70/214] Loss: 1.0210 Time: 311.517
Epoch [37/99] Step [80/214] Loss: 0.9499 Time: 311.924
Epoch [37/99] Step [90/214] Loss: 0.9587 Time: 312.332
Epoch [37/99] Step [100/214] Loss: 1.0009 Time: 312.738
Epoch [37/99] Step [110/214] Loss: 0.8912 Time: 313.149
Epoch [37/99] Step [120/214] Loss: 0.8837 Time: 313.557
Epoch [37/99] Step [130/214] Loss: 0.8468 Time: 313.964
Epoch [37/99] Step [140/214] Loss: 0.8838 Time: 314.372
Epoch [37/99] Step [150/214] Loss: 0.8751 Time: 314.778
Epoch [37/99] Step [160/214] Loss: 0.8719 Time: 315.186
Epoch [37/99] Step [170/214] Loss: 0.9308 Time: 315.592
Epoch [37/99] Step [180/214] Loss: 0.9787 Time: 315.999
Epoch [37/99] Step [190/214] Loss: 1.0119 Time: 316.405
Epoch [37/99] Step [200/214] Loss: 1.0549 Time: 316.813
Epoch [37/99] Step [210/214] Loss: 0.9110 Time: 317.22
Epoch [38/99] Step [10/214] Loss: 0.9192 Time: 317.787
Epoch [38/99] Step [20/214] Loss: 0.8581 Time: 318.194
Epoch [38/99] Step [30/214] Loss: 1.1462 Time: 318.601
Epoch [38/99] Step [40/214] Loss: 0.9970 Time: 319.008
Epoch [38/99] Step [50/214] Loss: 1.0056 Time: 319.416
Epoch [38/99] Step [60/214] Loss: 0.9576 Time: 319.823
Epoch [38/99] Step [70/214] Loss: 0.9541 Time: 320.23
Epoch [38/99] Step [80/214] Loss: 0.8541 Time: 320.637
Epoch [38/99] Step [90/214] Loss: 0.9575 Time: 321.045
Epoch [38/99] Step [100/214] Loss: 0.9745 Time: 321.453
Epoch [38/99] Step [110/214] Loss: 1.1236 Time: 321.86
Epoch [38/99] Step [120/214] Loss: 0.9660 Time: 322.268
Epoch [38/99] Step [130/214] Loss: 1.0643 Time: 322.674
Epoch [38/99] Step [140/214] Loss: 1.4023 Time: 323.08
Epoch [38/99] Step [150/214] Loss: 0.9213 Time: 323.487
Epoch [38/99] Step [160/214] Loss: 1.1276 Time: 323.895
Epoch [38/99] Step [170/214] Loss: 0.8727 Time: 324.302
Epoch [38/99] Step [180/214] Loss: 1.0148 Time: 324.709
Epoch [38/99] Step [190/214] Loss: 0.8994 Time: 325.117
Epoch [38/99] Step [200/214] Loss: 0.9190 Time: 325.524
Epoch [38/99] Step [210/214] Loss: 0.9568 Time: 325.931
Epoch [39/99] Step [10/214] Loss: 0.9925 Time: 326.498
Epoch [39/99] Step [20/214] Loss: 1.0159 Time: 326.905
Epoch [39/99] Step [30/214] Loss: 1.0208 Time: 327.312
Epoch [39/99] Step [40/214] Loss: 0.9066 Time: 327.72
Epoch [39/99] Step [50/214] Loss: 0.9339 Time: 328.127
Epoch [39/99] Step [60/214] Loss: 0.9128 Time: 328.534
Epoch [39/99] Step [70/214] Loss: 0.8984 Time: 328.94
Epoch [39/99] Step [80/214] Loss: 0.8560 Time: 329.347
Epoch [39/99] Step [90/214] Loss: 0.8992 Time: 329.754
Epoch [39/99] Step [100/214] Loss: 0.8840 Time: 330.162
Epoch [39/99] Step [110/214] Loss: 0.7979 Time: 330.57
Epoch [39/99] Step [120/214] Loss: 0.9141 Time: 330.977
Epoch [39/99] Step [130/214] Loss: 0.9324 Time: 331.384
Epoch [39/99] Step [140/214] Loss: 1.0600 Time: 331.79
Epoch [39/99] Step [150/214] Loss: 0.8530 Time: 332.198
Epoch [39/99] Step [160/214] Loss: 1.0417 Time: 332.606
Epoch [39/99] Step [170/214] Loss: 0.8433 Time: 333.013
Epoch [39/99] Step [180/214] Loss: 0.9013 Time: 333.42
Epoch [39/99] Step [190/214] Loss: 1.0205 Time: 333.826
Epoch [39/99] Step [200/214] Loss: 0.8510 Time: 334.233
Epoch [39/99] Step [210/214] Loss: 1.0586 Time: 334.641
Epoch [40/99] Step [10/214] Loss: 0.9283 Time: 335.208
Epoch [40/99] Step [20/214] Loss: 0.8634 Time: 335.615
Epoch [40/99] Step [30/214] Loss: 0.9628 Time: 336.022
Epoch [40/99] Step [40/214] Loss: 0.9646 Time: 336.429
Epoch [40/99] Step [50/214] Loss: 1.1019 Time: 336.837
Epoch [40/99] Step [60/214] Loss: 0.9593 Time: 337.245
Epoch [40/99] Step [70/214] Loss: 0.8983 Time: 337.653
Epoch [40/99] Step [80/214] Loss: 0.8803 Time: 338.059
Epoch [40/99] Step [90/214] Loss: 0.9996 Time: 338.466
Epoch [40/99] Step [100/214] Loss: 0.9533 Time: 338.873
Epoch [40/99] Step [110/214] Loss: 0.9401 Time: 339.28
Epoch [40/99] Step [120/214] Loss: 0.9785 Time: 339.687
Epoch [40/99] Step [130/214] Loss: 1.0440 Time: 340.094
Epoch [40/99] Step [140/214] Loss: 0.9148 Time: 340.502
Epoch [40/99] Step [150/214] Loss: 0.9841 Time: 340.91
Epoch [40/99] Step [160/214] Loss: 1.0862 Time: 341.317
Epoch [40/99] Step [170/214] Loss: 0.8470 Time: 341.725
Epoch [40/99] Step [180/214] Loss: 0.8528 Time: 342.133
Epoch [40/99] Step [190/214] Loss: 0.8547 Time: 342.54
Epoch [40/99] Step [200/214] Loss: 0.9877 Time: 342.947
Epoch [40/99] Step [210/214] Loss: 0.8936 Time: 343.355
Epoch [41/99] Step [10/214] Loss: 1.0035 Time: 343.922
Epoch [41/99] Step [20/214] Loss: 0.8474 Time: 344.33
Epoch [41/99] Step [30/214] Loss: 0.8322 Time: 344.737
Epoch [41/99] Step [40/214] Loss: 0.8674 Time: 345.144
Epoch [41/99] Step [50/214] Loss: 0.9583 Time: 345.552
Epoch [41/99] Step [60/214] Loss: 0.7772 Time: 345.959
Epoch [41/99] Step [70/214] Loss: 1.0048 Time: 346.366
Epoch [41/99] Step [80/214] Loss: 0.9612 Time: 346.774
Epoch [41/99] Step [90/214] Loss: 0.8564 Time: 347.181
Epoch [41/99] Step [100/214] Loss: 0.8658 Time: 347.589
Epoch [41/99] Step [110/214] Loss: 0.8683 Time: 347.996
Epoch [41/99] Step [120/214] Loss: 0.9746 Time: 348.404
Epoch [41/99] Step [130/214] Loss: 0.8236 Time: 348.812
Epoch [41/99] Step [140/214] Loss: 1.0390 Time: 349.219
Epoch [41/99] Step [150/214] Loss: 0.8113 Time: 349.626
Epoch [41/99] Step [160/214] Loss: 0.8388 Time: 350.033
Epoch [41/99] Step [170/214] Loss: 0.9252 Time: 350.441
Epoch [41/99] Step [180/214] Loss: 0.8207 Time: 350.849
Epoch [41/99] Step [190/214] Loss: 0.8550 Time: 351.255
Epoch [41/99] Step [200/214] Loss: 0.9130 Time: 351.662
Epoch [41/99] Step [210/214] Loss: 0.8049 Time: 352.069
Epoch [42/99] Step [10/214] Loss: 0.7643 Time: 352.636
Epoch [42/99] Step [20/214] Loss: 0.7847 Time: 353.044
Epoch [42/99] Step [30/214] Loss: 0.8728 Time: 353.451
Epoch [42/99] Step [40/214] Loss: 0.8728 Time: 353.858
Epoch [42/99] Step [50/214] Loss: 0.9115 Time: 354.265
Epoch [42/99] Step [60/214] Loss: 0.7773 Time: 354.673
Epoch [42/99] Step [70/214] Loss: 0.7448 Time: 355.079
Epoch [42/99] Step [80/214] Loss: 0.7089 Time: 355.486
Epoch [42/99] Step [90/214] Loss: 0.9308 Time: 355.894
Epoch [42/99] Step [100/214] Loss: 0.7417 Time: 356.3
Epoch [42/99] Step [110/214] Loss: 0.8970 Time: 356.708
Epoch [42/99] Step [120/214] Loss: 0.8018 Time: 357.115
Epoch [42/99] Step [130/214] Loss: 0.9015 Time: 357.523
Epoch [42/99] Step [140/214] Loss: 0.9228 Time: 357.931
Epoch [42/99] Step [150/214] Loss: 0.8150 Time: 358.34
Epoch [42/99] Step [160/214] Loss: 0.7861 Time: 358.747
Epoch [42/99] Step [170/214] Loss: 0.7989 Time: 359.155
Epoch [42/99] Step [180/214] Loss: 0.9676 Time: 359.563
Epoch [42/99] Step [190/214] Loss: 0.9906 Time: 359.971
Epoch [42/99] Step [200/214] Loss: 0.8228 Time: 360.377
Epoch [42/99] Step [210/214] Loss: 0.7345 Time: 360.784
Epoch [43/99] Step [10/214] Loss: 0.8371 Time: 361.35
Epoch [43/99] Step [20/214] Loss: 0.7789 Time: 361.758
Epoch [43/99] Step [30/214] Loss: 0.8452 Time: 362.164
Epoch [43/99] Step [40/214] Loss: 0.9430 Time: 362.571
Epoch [43/99] Step [50/214] Loss: 0.7735 Time: 362.978
Epoch [43/99] Step [60/214] Loss: 0.7663 Time: 363.385
Epoch [43/99] Step [70/214] Loss: 0.7926 Time: 363.793
Epoch [43/99] Step [80/214] Loss: 0.9359 Time: 364.2
Epoch [43/99] Step [90/214] Loss: 0.8252 Time: 364.607
Epoch [43/99] Step [100/214] Loss: 0.9741 Time: 365.016
Epoch [43/99] Step [110/214] Loss: 0.8903 Time: 365.423
Epoch [43/99] Step [120/214] Loss: 0.8543 Time: 365.83
Epoch [43/99] Step [130/214] Loss: 0.8984 Time: 366.238
Epoch [43/99] Step [140/214] Loss: 0.8111 Time: 366.646
Epoch [43/99] Step [150/214] Loss: 1.0183 Time: 367.053
Epoch [43/99] Step [160/214] Loss: 0.8239 Time: 367.461
Epoch [43/99] Step [170/214] Loss: 0.8763 Time: 367.868
Epoch [43/99] Step [180/214] Loss: 1.0087 Time: 368.275
Epoch [43/99] Step [190/214] Loss: 0.8843 Time: 368.682
Epoch [43/99] Step [200/214] Loss: 0.8196 Time: 369.09
Epoch [43/99] Step [210/214] Loss: 0.7571 Time: 369.497
Epoch [44/99] Step [10/214] Loss: 0.8954 Time: 370.065
Epoch [44/99] Step [20/214] Loss: 0.7671 Time: 370.472
Epoch [44/99] Step [30/214] Loss: 0.9549 Time: 370.878
Epoch [44/99] Step [40/214] Loss: 0.7258 Time: 371.286
Epoch [44/99] Step [50/214] Loss: 0.7412 Time: 371.694
Epoch [44/99] Step [60/214] Loss: 0.7112 Time: 372.101
Epoch [44/99] Step [70/214] Loss: 0.8669 Time: 372.508
Epoch [44/99] Step [80/214] Loss: 0.8612 Time: 372.916
Epoch [44/99] Step [90/214] Loss: 0.7855 Time: 373.324
Epoch [44/99] Step [100/214] Loss: 0.9031 Time: 373.73
Epoch [44/99] Step [110/214] Loss: 0.9474 Time: 374.138
Epoch [44/99] Step [120/214] Loss: 0.7588 Time: 374.546
Epoch [44/99] Step [130/214] Loss: 0.7354 Time: 374.953
Epoch [44/99] Step [140/214] Loss: 0.9250 Time: 375.36
Epoch [44/99] Step [150/214] Loss: 0.6898 Time: 375.768
Epoch [44/99] Step [160/214] Loss: 0.8481 Time: 376.176
Epoch [44/99] Step [170/214] Loss: 0.6867 Time: 376.584
Epoch [44/99] Step [180/214] Loss: 0.8154 Time: 376.992
Epoch [44/99] Step [190/214] Loss: 1.0370 Time: 377.4
Epoch [44/99] Step [200/214] Loss: 0.7664 Time: 377.807
Epoch [44/99] Step [210/214] Loss: 0.8873 Time: 378.215
Epoch [45/99] Step [10/214] Loss: 0.8138 Time: 378.783
Epoch [45/99] Step [20/214] Loss: 0.8688 Time: 379.191
Epoch [45/99] Step [30/214] Loss: 0.8259 Time: 379.598
Epoch [45/99] Step [40/214] Loss: 0.8499 Time: 380.006
Epoch [45/99] Step [50/214] Loss: 0.7570 Time: 380.413
Epoch [45/99] Step [60/214] Loss: 0.8369 Time: 380.82
Epoch [45/99] Step [70/214] Loss: 0.9401 Time: 381.228
Epoch [45/99] Step [80/214] Loss: 0.8506 Time: 381.634
Epoch [45/99] Step [90/214] Loss: 0.9680 Time: 382.041
Epoch [45/99] Step [100/214] Loss: 0.9421 Time: 382.448
Epoch [45/99] Step [110/214] Loss: 0.7564 Time: 382.856
Epoch [45/99] Step [120/214] Loss: 0.7806 Time: 383.263
Epoch [45/99] Step [130/214] Loss: 0.8579 Time: 383.67
Epoch [45/99] Step [140/214] Loss: 0.7217 Time: 384.078
Epoch [45/99] Step [150/214] Loss: 0.9450 Time: 384.486
Epoch [45/99] Step [160/214] Loss: 0.7542 Time: 384.894
Epoch [45/99] Step [170/214] Loss: 0.9369 Time: 385.301
Epoch [45/99] Step [180/214] Loss: 0.7214 Time: 385.709
Epoch [45/99] Step [190/214] Loss: 0.8303 Time: 386.116
Epoch [45/99] Step [200/214] Loss: 0.8079 Time: 386.523
Epoch [45/99] Step [210/214] Loss: 0.8103 Time: 386.931
Epoch [46/99] Step [10/214] Loss: 0.8546 Time: 387.499
Epoch [46/99] Step [20/214] Loss: 0.8960 Time: 387.907
Epoch [46/99] Step [30/214] Loss: 0.8365 Time: 388.314
Epoch [46/99] Step [40/214] Loss: 0.9051 Time: 388.722
Epoch [46/99] Step [50/214] Loss: 0.9316 Time: 389.129
Epoch [46/99] Step [60/214] Loss: 0.8274 Time: 389.536
Epoch [46/99] Step [70/214] Loss: 0.6897 Time: 389.943
Epoch [46/99] Step [80/214] Loss: 0.9778 Time: 390.35
Epoch [46/99] Step [90/214] Loss: 0.8275 Time: 390.758
Epoch [46/99] Step [100/214] Loss: 0.8034 Time: 391.165
Epoch [46/99] Step [110/214] Loss: 0.9579 Time: 391.572
Epoch [46/99] Step [120/214] Loss: 0.8261 Time: 391.98
Epoch [46/99] Step [130/214] Loss: 0.7655 Time: 392.387
Epoch [46/99] Step [140/214] Loss: 0.6312 Time: 392.795
Epoch [46/99] Step [150/214] Loss: 0.7657 Time: 393.201
Epoch [46/99] Step [160/214] Loss: 0.7761 Time: 393.609
Epoch [46/99] Step [170/214] Loss: 0.8289 Time: 394.015
Epoch [46/99] Step [180/214] Loss: 0.8232 Time: 394.423
Epoch [46/99] Step [190/214] Loss: 0.7097 Time: 394.831
Epoch [46/99] Step [200/214] Loss: 0.7680 Time: 395.238
Epoch [46/99] Step [210/214] Loss: 0.7538 Time: 395.646
Epoch [47/99] Step [10/214] Loss: 0.6018 Time: 396.214
Epoch [47/99] Step [20/214] Loss: 0.7143 Time: 396.621
Epoch [47/99] Step [30/214] Loss: 0.9707 Time: 397.028
Epoch [47/99] Step [40/214] Loss: 0.7750 Time: 397.435
Epoch [47/99] Step [50/214] Loss: 0.7318 Time: 397.843
Epoch [47/99] Step [60/214] Loss: 0.8111 Time: 398.25
Epoch [47/99] Step [70/214] Loss: 0.9264 Time: 398.658
Epoch [47/99] Step [80/214] Loss: 0.7533 Time: 399.066
Epoch [47/99] Step [90/214] Loss: 0.7267 Time: 399.473
Epoch [47/99] Step [100/214] Loss: 0.7682 Time: 399.88
Epoch [47/99] Step [110/214] Loss: 0.8275 Time: 400.288
Epoch [47/99] Step [120/214] Loss: 0.8334 Time: 400.696
Epoch [47/99] Step [130/214] Loss: 0.8308 Time: 401.103
Epoch [47/99] Step [140/214] Loss: 0.7698 Time: 401.51
Epoch [47/99] Step [150/214] Loss: 0.6906 Time: 401.917
Epoch [47/99] Step [160/214] Loss: 0.7806 Time: 402.325
Epoch [47/99] Step [170/214] Loss: 0.7814 Time: 402.731
Epoch [47/99] Step [180/214] Loss: 0.8532 Time: 403.146
Epoch [47/99] Step [190/214] Loss: 0.8456 Time: 403.553
Epoch [47/99] Step [200/214] Loss: 0.8073 Time: 403.961
Epoch [47/99] Step [210/214] Loss: 0.6666 Time: 404.368
Epoch [48/99] Step [10/214] Loss: 0.6146 Time: 404.936
Epoch [48/99] Step [20/214] Loss: 0.6743 Time: 405.343
Epoch [48/99] Step [30/214] Loss: 0.7849 Time: 405.751
Epoch [48/99] Step [40/214] Loss: 0.6941 Time: 406.157
Epoch [48/99] Step [50/214] Loss: 0.7815 Time: 406.564
Epoch [48/99] Step [60/214] Loss: 0.8444 Time: 406.971
Epoch [48/99] Step [70/214] Loss: 0.7237 Time: 407.379
Epoch [48/99] Step [80/214] Loss: 0.7949 Time: 407.785
Epoch [48/99] Step [90/214] Loss: 1.0382 Time: 408.192
Epoch [48/99] Step [100/214] Loss: 0.9156 Time: 408.601
Epoch [48/99] Step [110/214] Loss: 0.6741 Time: 409.008
Epoch [48/99] Step [120/214] Loss: 0.8179 Time: 409.416
Epoch [48/99] Step [130/214] Loss: 0.6675 Time: 409.823
Epoch [48/99] Step [140/214] Loss: 0.8871 Time: 410.23
Epoch [48/99] Step [150/214] Loss: 0.7294 Time: 410.639
Epoch [48/99] Step [160/214] Loss: 0.7080 Time: 411.046
Epoch [48/99] Step [170/214] Loss: 0.7321 Time: 411.454
Epoch [48/99] Step [180/214] Loss: 0.7625 Time: 411.861
Epoch [48/99] Step [190/214] Loss: 0.8035 Time: 412.267
Epoch [48/99] Step [200/214] Loss: 0.6680 Time: 412.675
Epoch [48/99] Step [210/214] Loss: 0.8022 Time: 413.082
Epoch [49/99] Step [10/214] Loss: 0.7521 Time: 413.649
Epoch [49/99] Step [20/214] Loss: 0.7429 Time: 414.056
Epoch [49/99] Step [30/214] Loss: 0.6864 Time: 414.464
Epoch [49/99] Step [40/214] Loss: 0.7549 Time: 414.871
Epoch [49/99] Step [50/214] Loss: 0.7646 Time: 415.278
Epoch [49/99] Step [60/214] Loss: 0.7787 Time: 415.685
Epoch [49/99] Step [70/214] Loss: 0.7913 Time: 416.094
Epoch [49/99] Step [80/214] Loss: 0.6432 Time: 416.501
Epoch [49/99] Step [90/214] Loss: 0.5845 Time: 416.909
Epoch [49/99] Step [100/214] Loss: 0.8304 Time: 417.315
Epoch [49/99] Step [110/214] Loss: 0.6528 Time: 417.723
Epoch [49/99] Step [120/214] Loss: 0.7650 Time: 418.131
Epoch [49/99] Step [130/214] Loss: 0.7840 Time: 418.539
Epoch [49/99] Step [140/214] Loss: 0.7327 Time: 418.947
Epoch [49/99] Step [150/214] Loss: 0.7593 Time: 419.355
Epoch [49/99] Step [160/214] Loss: 0.9149 Time: 419.762
Epoch [49/99] Step [170/214] Loss: 0.7613 Time: 420.169
Epoch [49/99] Step [180/214] Loss: 0.7194 Time: 420.576
Epoch [49/99] Step [190/214] Loss: 0.7064 Time: 420.984
Epoch [49/99] Step [200/214] Loss: 0.7298 Time: 421.391
Epoch [49/99] Step [210/214] Loss: 0.7056 Time: 421.798
Epoch [50/99] Step [10/214] Loss: 0.7629 Time: 422.364
Epoch [50/99] Step [20/214] Loss: 0.6528 Time: 422.772
Epoch [50/99] Step [30/214] Loss: 0.6738 Time: 423.179
Epoch [50/99] Step [40/214] Loss: 0.6854 Time: 423.586
Epoch [50/99] Step [50/214] Loss: 0.6913 Time: 423.993
Epoch [50/99] Step [60/214] Loss: 0.6316 Time: 424.4
Epoch [50/99] Step [70/214] Loss: 0.6035 Time: 424.808
Epoch [50/99] Step [80/214] Loss: 0.6584 Time: 425.215
Epoch [50/99] Step [90/214] Loss: 0.6667 Time: 425.623
Epoch [50/99] Step [100/214] Loss: 0.6965 Time: 426.029
Epoch [50/99] Step [110/214] Loss: 0.6493 Time: 426.437
Epoch [50/99] Step [120/214] Loss: 0.8007 Time: 426.844
Epoch [50/99] Step [130/214] Loss: 0.6983 Time: 427.251
Epoch [50/99] Step [140/214] Loss: 0.8829 Time: 427.658
Epoch [50/99] Step [150/214] Loss: 0.7180 Time: 428.065
Epoch [50/99] Step [160/214] Loss: 0.8242 Time: 428.473
Epoch [50/99] Step [170/214] Loss: 0.7822 Time: 428.88
Epoch [50/99] Step [180/214] Loss: 0.7509 Time: 429.287
Epoch [50/99] Step [190/214] Loss: 0.6846 Time: 429.695
Epoch [50/99] Step [200/214] Loss: 0.6949 Time: 430.102
Epoch [50/99] Step [210/214] Loss: 0.7364 Time: 430.509
Epoch [51/99] Step [10/214] Loss: 0.6835 Time: 431.077
Epoch [51/99] Step [20/214] Loss: 0.6650 Time: 431.485
Epoch [51/99] Step [30/214] Loss: 0.5474 Time: 431.893
Epoch [51/99] Step [40/214] Loss: 0.8160 Time: 432.3
Epoch [51/99] Step [50/214] Loss: 0.6994 Time: 432.707
Epoch [51/99] Step [60/214] Loss: 0.8154 Time: 433.115
Epoch [51/99] Step [70/214] Loss: 0.7495 Time: 433.523
Epoch [51/99] Step [80/214] Loss: 0.7459 Time: 433.931
Epoch [51/99] Step [90/214] Loss: 0.6931 Time: 434.339
Epoch [51/99] Step [100/214] Loss: 0.7729 Time: 434.745
Epoch [51/99] Step [110/214] Loss: 0.7158 Time: 435.152
Epoch [51/99] Step [120/214] Loss: 0.7369 Time: 435.561
Epoch [51/99] Step [130/214] Loss: 0.6368 Time: 435.968
Epoch [51/99] Step [140/214] Loss: 0.6321 Time: 436.376
Epoch [51/99] Step [150/214] Loss: 0.6270 Time: 436.784
Epoch [51/99] Step [160/214] Loss: 0.6853 Time: 437.191
Epoch [51/99] Step [170/214] Loss: 0.6953 Time: 437.598
Epoch [51/99] Step [180/214] Loss: 0.6467 Time: 438.006
Epoch [51/99] Step [190/214] Loss: 0.7499 Time: 438.414
Epoch [51/99] Step [200/214] Loss: 0.7547 Time: 438.821
Epoch [51/99] Step [210/214] Loss: 0.8742 Time: 439.229
Epoch [52/99] Step [10/214] Loss: 0.8060 Time: 439.795
Epoch [52/99] Step [20/214] Loss: 0.6874 Time: 440.202
Epoch [52/99] Step [30/214] Loss: 0.7568 Time: 440.609
Epoch [52/99] Step [40/214] Loss: 0.7118 Time: 441.016
Epoch [52/99] Step [50/214] Loss: 0.9842 Time: 441.423
Epoch [52/99] Step [60/214] Loss: 0.7512 Time: 441.832
Epoch [52/99] Step [70/214] Loss: 0.9811 Time: 442.239
Epoch [52/99] Step [80/214] Loss: 0.7173 Time: 442.646
Epoch [52/99] Step [90/214] Loss: 0.5886 Time: 443.054
Epoch [52/99] Step [100/214] Loss: 0.7380 Time: 443.461
Epoch [52/99] Step [110/214] Loss: 0.6581 Time: 443.867
Epoch [52/99] Step [120/214] Loss: 0.6694 Time: 444.275
Epoch [52/99] Step [130/214] Loss: 0.6754 Time: 444.683
Epoch [52/99] Step [140/214] Loss: 0.7580 Time: 445.09
Epoch [52/99] Step [150/214] Loss: 0.5885 Time: 445.498
Epoch [52/99] Step [160/214] Loss: 0.6787 Time: 445.905
Epoch [52/99] Step [170/214] Loss: 0.6755 Time: 446.313
Epoch [52/99] Step [180/214] Loss: 0.6458 Time: 446.72
Epoch [52/99] Step [190/214] Loss: 0.7318 Time: 447.128
Epoch [52/99] Step [200/214] Loss: 0.5910 Time: 447.535
Epoch [52/99] Step [210/214] Loss: 0.6046 Time: 447.943
Epoch [53/99] Step [10/214] Loss: 0.6753 Time: 448.509
Epoch [53/99] Step [20/214] Loss: 0.7828 Time: 448.917
Epoch [53/99] Step [30/214] Loss: 0.6346 Time: 449.325
Epoch [53/99] Step [40/214] Loss: 0.7985 Time: 449.733
Epoch [53/99] Step [50/214] Loss: 0.7238 Time: 450.141
Epoch [53/99] Step [60/214] Loss: 0.7158 Time: 450.548
Epoch [53/99] Step [70/214] Loss: 0.5783 Time: 450.955
Epoch [53/99] Step [80/214] Loss: 0.5831 Time: 451.363
Epoch [53/99] Step [90/214] Loss: 0.8236 Time: 451.77
Epoch [53/99] Step [100/214] Loss: 0.7217 Time: 452.177
Epoch [53/99] Step [110/214] Loss: 0.7367 Time: 452.584
Epoch [53/99] Step [120/214] Loss: 0.7620 Time: 452.991
Epoch [53/99] Step [130/214] Loss: 0.5643 Time: 453.398
Epoch [53/99] Step [140/214] Loss: 0.6326 Time: 453.805
Epoch [53/99] Step [150/214] Loss: 0.7254 Time: 454.213
Epoch [53/99] Step [160/214] Loss: 0.5385 Time: 454.619
Epoch [53/99] Step [170/214] Loss: 0.7492 Time: 455.027
Epoch [53/99] Step [180/214] Loss: 0.6670 Time: 455.435
Epoch [53/99] Step [190/214] Loss: 0.6711 Time: 455.842
Epoch [53/99] Step [200/214] Loss: 0.6093 Time: 456.249
Epoch [53/99] Step [210/214] Loss: 0.7688 Time: 456.657
Epoch [54/99] Step [10/214] Loss: 0.7945 Time: 457.225
Epoch [54/99] Step [20/214] Loss: 0.6269 Time: 457.632
Epoch [54/99] Step [30/214] Loss: 0.6812 Time: 458.04
Epoch [54/99] Step [40/214] Loss: 0.5891 Time: 458.448
Epoch [54/99] Step [50/214] Loss: 0.6440 Time: 458.855
Epoch [54/99] Step [60/214] Loss: 0.7568 Time: 459.263
Epoch [54/99] Step [70/214] Loss: 0.7071 Time: 459.67
Epoch [54/99] Step [80/214] Loss: 0.6709 Time: 460.078
Epoch [54/99] Step [90/214] Loss: 0.6223 Time: 460.486
Epoch [54/99] Step [100/214] Loss: 0.7454 Time: 460.894
Epoch [54/99] Step [110/214] Loss: 0.7297 Time: 461.302
Epoch [54/99] Step [120/214] Loss: 0.7437 Time: 461.709
Epoch [54/99] Step [130/214] Loss: 0.5237 Time: 462.116
Epoch [54/99] Step [140/214] Loss: 0.8898 Time: 462.523
Epoch [54/99] Step [150/214] Loss: 0.5835 Time: 462.935
Epoch [54/99] Step [160/214] Loss: 0.5150 Time: 463.342
Epoch [54/99] Step [170/214] Loss: 0.8234 Time: 463.75
Epoch [54/99] Step [180/214] Loss: 0.6471 Time: 464.158
Epoch [54/99] Step [190/214] Loss: 0.6584 Time: 464.565
Epoch [54/99] Step [200/214] Loss: 0.7440 Time: 464.973
Epoch [54/99] Step [210/214] Loss: 0.5698 Time: 465.38
Epoch [55/99] Step [10/214] Loss: 0.5422 Time: 465.948
Epoch [55/99] Step [20/214] Loss: 0.6423 Time: 466.355
Epoch [55/99] Step [30/214] Loss: 0.6416 Time: 466.763
Epoch [55/99] Step [40/214] Loss: 0.7611 Time: 467.17
Epoch [55/99] Step [50/214] Loss: 0.6550 Time: 467.579
Epoch [55/99] Step [60/214] Loss: 0.6672 Time: 467.986
Epoch [55/99] Step [70/214] Loss: 0.6105 Time: 468.393
Epoch [55/99] Step [80/214] Loss: 0.5707 Time: 468.8
Epoch [55/99] Step [90/214] Loss: 0.7807 Time: 469.208
Epoch [55/99] Step [100/214] Loss: 0.5690 Time: 469.615
Epoch [55/99] Step [110/214] Loss: 0.4344 Time: 470.023
Epoch [55/99] Step [120/214] Loss: 0.4163 Time: 470.43
Epoch [55/99] Step [130/214] Loss: 0.5651 Time: 470.839
Epoch [55/99] Step [140/214] Loss: 0.5899 Time: 471.246
Epoch [55/99] Step [150/214] Loss: 0.5182 Time: 471.653
Epoch [55/99] Step [160/214] Loss: 0.6938 Time: 472.06
Epoch [55/99] Step [170/214] Loss: 0.5752 Time: 472.467
Epoch [55/99] Step [180/214] Loss: 0.6155 Time: 472.875
Epoch [55/99] Step [190/214] Loss: 0.5889 Time: 473.283
Epoch [55/99] Step [200/214] Loss: 0.4304 Time: 473.691
Epoch [55/99] Step [210/214] Loss: 0.6965 Time: 474.098
Epoch [56/99] Step [10/214] Loss: 0.5885 Time: 474.666
Epoch [56/99] Step [20/214] Loss: 0.6492 Time: 475.073
Epoch [56/99] Step [30/214] Loss: 0.6478 Time: 475.481
Epoch [56/99] Step [40/214] Loss: 0.5745 Time: 475.888
Epoch [56/99] Step [50/214] Loss: 0.4955 Time: 476.296
Epoch [56/99] Step [60/214] Loss: 0.6131 Time: 476.704
Epoch [56/99] Step [70/214] Loss: 0.5123 Time: 477.112
Epoch [56/99] Step [80/214] Loss: 0.7011 Time: 477.52
Epoch [56/99] Step [90/214] Loss: 0.6223 Time: 477.927
Epoch [56/99] Step [100/214] Loss: 0.6463 Time: 478.335
Epoch [56/99] Step [110/214] Loss: 0.7632 Time: 478.742
Epoch [56/99] Step [120/214] Loss: 0.6855 Time: 479.149
Epoch [56/99] Step [130/214] Loss: 0.7115 Time: 479.556
Epoch [56/99] Step [140/214] Loss: 0.6149 Time: 479.963
Epoch [56/99] Step [150/214] Loss: 0.5034 Time: 480.371
Epoch [56/99] Step [160/214] Loss: 0.5026 Time: 480.779
Epoch [56/99] Step [170/214] Loss: 0.7295 Time: 481.186
Epoch [56/99] Step [180/214] Loss: 0.6075 Time: 481.594
Epoch [56/99] Step [190/214] Loss: 0.5247 Time: 482.002
Epoch [56/99] Step [200/214] Loss: 0.5692 Time: 482.409
Epoch [56/99] Step [210/214] Loss: 0.5322 Time: 482.816
Epoch [57/99] Step [10/214] Loss: 0.6451 Time: 483.383
Epoch [57/99] Step [20/214] Loss: 0.8063 Time: 483.791
Epoch [57/99] Step [30/214] Loss: 0.6045 Time: 484.199
Epoch [57/99] Step [40/214] Loss: 0.4617 Time: 484.606
Epoch [57/99] Step [50/214] Loss: 0.5674 Time: 485.013
Epoch [57/99] Step [60/214] Loss: 0.7319 Time: 485.421
Epoch [57/99] Step [70/214] Loss: 0.5055 Time: 485.828
Epoch [57/99] Step [80/214] Loss: 0.5779 Time: 486.235
Epoch [57/99] Step [90/214] Loss: 0.6613 Time: 486.642
Epoch [57/99] Step [100/214] Loss: 0.5414 Time: 487.049
Epoch [57/99] Step [110/214] Loss: 0.5832 Time: 487.457
Epoch [57/99] Step [120/214] Loss: 0.6563 Time: 487.864
Epoch [57/99] Step [130/214] Loss: 0.4848 Time: 488.271
Epoch [57/99] Step [140/214] Loss: 0.5498 Time: 488.679
Epoch [57/99] Step [150/214] Loss: 0.6406 Time: 489.086
Epoch [57/99] Step [160/214] Loss: 0.5489 Time: 489.493
Epoch [57/99] Step [170/214] Loss: 0.5912 Time: 489.901
Epoch [57/99] Step [180/214] Loss: 0.7265 Time: 490.308
Epoch [57/99] Step [190/214] Loss: 0.6547 Time: 490.716
Epoch [57/99] Step [200/214] Loss: 0.5239 Time: 491.123
Epoch [57/99] Step [210/214] Loss: 0.4658 Time: 491.53
Epoch [58/99] Step [10/214] Loss: 0.5172 Time: 492.097
Epoch [58/99] Step [20/214] Loss: 0.6435 Time: 492.504
Epoch [58/99] Step [30/214] Loss: 0.6098 Time: 492.919
Epoch [58/99] Step [40/214] Loss: 0.6138 Time: 493.327
Epoch [58/99] Step [50/214] Loss: 0.3646 Time: 493.734
Epoch [58/99] Step [60/214] Loss: 0.6098 Time: 494.141
Epoch [58/99] Step [70/214] Loss: 0.6515 Time: 494.548
Epoch [58/99] Step [80/214] Loss: 0.7642 Time: 494.955
Epoch [58/99] Step [90/214] Loss: 0.5084 Time: 495.363
Epoch [58/99] Step [100/214] Loss: 0.6481 Time: 495.771
Epoch [58/99] Step [110/214] Loss: 0.5359 Time: 496.178
Epoch [58/99] Step [120/214] Loss: 0.4930 Time: 496.586
Epoch [58/99] Step [130/214] Loss: 0.4617 Time: 496.994
Epoch [58/99] Step [140/214] Loss: 0.5012 Time: 497.4
Epoch [58/99] Step [150/214] Loss: 0.5667 Time: 497.807
Epoch [58/99] Step [160/214] Loss: 0.4800 Time: 498.215
Epoch [58/99] Step [170/214] Loss: 0.5000 Time: 498.622
Epoch [58/99] Step [180/214] Loss: 0.5784 Time: 499.029
Epoch [58/99] Step [190/214] Loss: 0.4725 Time: 499.437
Epoch [58/99] Step [200/214] Loss: 0.6152 Time: 499.844
Epoch [58/99] Step [210/214] Loss: 0.6792 Time: 500.252
Epoch [59/99] Step [10/214] Loss: 0.5580 Time: 500.819
Epoch [59/99] Step [20/214] Loss: 0.5983 Time: 501.228
Epoch [59/99] Step [30/214] Loss: 0.4247 Time: 501.635
Epoch [59/99] Step [40/214] Loss: 0.6335 Time: 502.042
Epoch [59/99] Step [50/214] Loss: 0.6145 Time: 502.45
Epoch [59/99] Step [60/214] Loss: 0.4868 Time: 502.857
Epoch [59/99] Step [70/214] Loss: 0.4725 Time: 503.264
Epoch [59/99] Step [80/214] Loss: 0.4628 Time: 503.672
Epoch [59/99] Step [90/214] Loss: 0.5615 Time: 504.079
Epoch [59/99] Step [100/214] Loss: 0.6613 Time: 504.486
Epoch [59/99] Step [110/214] Loss: 0.5453 Time: 504.893
Epoch [59/99] Step [120/214] Loss: 0.6097 Time: 505.3
Epoch [59/99] Step [130/214] Loss: 0.5519 Time: 505.707
Epoch [59/99] Step [140/214] Loss: 0.5923 Time: 506.114
Epoch [59/99] Step [150/214] Loss: 0.5221 Time: 506.521
Epoch [59/99] Step [160/214] Loss: 0.4112 Time: 506.929
Epoch [59/99] Step [170/214] Loss: 0.5343 Time: 507.336
Epoch [59/99] Step [180/214] Loss: 0.5689 Time: 507.745
Epoch [59/99] Step [190/214] Loss: 0.6928 Time: 508.152
Epoch [59/99] Step [200/214] Loss: 0.5485 Time: 508.559
Epoch [59/99] Step [210/214] Loss: 0.4680 Time: 508.966
Epoch [60/99] Step [10/214] Loss: 0.5572 Time: 509.532
Epoch [60/99] Step [20/214] Loss: 0.6262 Time: 509.939
Epoch [60/99] Step [30/214] Loss: 0.5608 Time: 510.346
Epoch [60/99] Step [40/214] Loss: 0.6269 Time: 510.753
Epoch [60/99] Step [50/214] Loss: 0.6248 Time: 511.16
Epoch [60/99] Step [60/214] Loss: 0.5755 Time: 511.567
Epoch [60/99] Step [70/214] Loss: 0.6587 Time: 511.975
Epoch [60/99] Step [80/214] Loss: 0.5448 Time: 512.383
Epoch [60/99] Step [90/214] Loss: 0.6151 Time: 512.791
Epoch [60/99] Step [100/214] Loss: 0.5177 Time: 513.197
Epoch [60/99] Step [110/214] Loss: 0.5322 Time: 513.604
Epoch [60/99] Step [120/214] Loss: 0.5254 Time: 514.01
Epoch [60/99] Step [130/214] Loss: 0.5404 Time: 514.417
Epoch [60/99] Step [140/214] Loss: 0.4190 Time: 514.826
Epoch [60/99] Step [150/214] Loss: 0.4373 Time: 515.234
Epoch [60/99] Step [160/214] Loss: 0.5485 Time: 515.641
Epoch [60/99] Step [170/214] Loss: 0.4956 Time: 516.049
Epoch [60/99] Step [180/214] Loss: 0.5693 Time: 516.456
Epoch [60/99] Step [190/214] Loss: 0.4929 Time: 516.864
Epoch [60/99] Step [200/214] Loss: 0.4412 Time: 517.271
Epoch [60/99] Step [210/214] Loss: 0.5739 Time: 517.679
Epoch [61/99] Step [10/214] Loss: 0.6043 Time: 518.245
Epoch [61/99] Step [20/214] Loss: 0.5410 Time: 518.652
Epoch [61/99] Step [30/214] Loss: 0.5570 Time: 519.059
Epoch [61/99] Step [40/214] Loss: 0.5980 Time: 519.466
Epoch [61/99] Step [50/214] Loss: 0.5919 Time: 519.874
Epoch [61/99] Step [60/214] Loss: 0.3707 Time: 520.28
Epoch [61/99] Step [70/214] Loss: 0.5864 Time: 520.687
Epoch [61/99] Step [80/214] Loss: 0.3844 Time: 521.094
Epoch [61/99] Step [90/214] Loss: 0.5458 Time: 521.501
Epoch [61/99] Step [100/214] Loss: 0.4773 Time: 521.907
Epoch [61/99] Step [110/214] Loss: 0.5805 Time: 522.315
Epoch [61/99] Step [120/214] Loss: 0.5917 Time: 522.723
Epoch [61/99] Step [130/214] Loss: 0.5698 Time: 523.135
Epoch [61/99] Step [140/214] Loss: 0.4969 Time: 523.543
Epoch [61/99] Step [150/214] Loss: 0.5758 Time: 523.951
Epoch [61/99] Step [160/214] Loss: 0.5719 Time: 524.359
Epoch [61/99] Step [170/214] Loss: 0.5762 Time: 524.766
Epoch [61/99] Step [180/214] Loss: 0.5663 Time: 525.174
Epoch [61/99] Step [190/214] Loss: 0.6599 Time: 525.582
Epoch [61/99] Step [200/214] Loss: 0.5363 Time: 525.989
Epoch [61/99] Step [210/214] Loss: 0.4930 Time: 526.397
Epoch [62/99] Step [10/214] Loss: 0.3027 Time: 526.964
Epoch [62/99] Step [20/214] Loss: 0.5453 Time: 527.372
Epoch [62/99] Step [30/214] Loss: 0.5388 Time: 527.78
Epoch [62/99] Step [40/214] Loss: 0.5651 Time: 528.187
Epoch [62/99] Step [50/214] Loss: 0.4600 Time: 528.595
Epoch [62/99] Step [60/214] Loss: 0.6166 Time: 529.002
Epoch [62/99] Step [70/214] Loss: 0.4946 Time: 529.409
Epoch [62/99] Step [80/214] Loss: 0.5275 Time: 529.817
Epoch [62/99] Step [90/214] Loss: 0.5320 Time: 530.224
Epoch [62/99] Step [100/214] Loss: 0.4730 Time: 530.631
Epoch [62/99] Step [110/214] Loss: 0.6624 Time: 531.039
Epoch [62/99] Step [120/214] Loss: 0.5807 Time: 531.446
Epoch [62/99] Step [130/214] Loss: 0.6314 Time: 531.854
Epoch [62/99] Step [140/214] Loss: 0.5080 Time: 532.261
Epoch [62/99] Step [150/214] Loss: 0.4859 Time: 532.669
Epoch [62/99] Step [160/214] Loss: 0.5561 Time: 533.077
Epoch [62/99] Step [170/214] Loss: 0.6516 Time: 533.484
Epoch [62/99] Step [180/214] Loss: 0.4020 Time: 533.892
Epoch [62/99] Step [190/214] Loss: 0.4587 Time: 534.3
Epoch [62/99] Step [200/214] Loss: 0.4955 Time: 534.707
Epoch [62/99] Step [210/214] Loss: 0.5532 Time: 535.115
Epoch [63/99] Step [10/214] Loss: 0.4364 Time: 535.683
Epoch [63/99] Step [20/214] Loss: 0.4807 Time: 536.091
Epoch [63/99] Step [30/214] Loss: 0.4651 Time: 536.499
Epoch [63/99] Step [40/214] Loss: 0.4418 Time: 536.907
Epoch [63/99] Step [50/214] Loss: 0.3723 Time: 537.315
Epoch [63/99] Step [60/214] Loss: 0.5583 Time: 537.723
Epoch [63/99] Step [70/214] Loss: 0.4060 Time: 538.13
Epoch [63/99] Step [80/214] Loss: 0.3503 Time: 538.538
Epoch [63/99] Step [90/214] Loss: 0.4175 Time: 538.946
Epoch [63/99] Step [100/214] Loss: 0.5386 Time: 539.353
Epoch [63/99] Step [110/214] Loss: 0.5216 Time: 539.76
Epoch [63/99] Step [120/214] Loss: 0.4612 Time: 540.168
Epoch [63/99] Step [130/214] Loss: 0.5170 Time: 540.576
Epoch [63/99] Step [140/214] Loss: 0.3950 Time: 540.984
Epoch [63/99] Step [150/214] Loss: 0.5457 Time: 541.392
Epoch [63/99] Step [160/214] Loss: 0.5113 Time: 541.801
Epoch [63/99] Step [170/214] Loss: 0.6106 Time: 542.209
Epoch [63/99] Step [180/214] Loss: 0.5724 Time: 542.616
Epoch [63/99] Step [190/214] Loss: 0.4314 Time: 543.024
Epoch [63/99] Step [200/214] Loss: 0.2594 Time: 543.432
Epoch [63/99] Step [210/214] Loss: 0.6404 Time: 543.84
Epoch [64/99] Step [10/214] Loss: 0.4424 Time: 544.408
Epoch [64/99] Step [20/214] Loss: 0.5284 Time: 544.815
Epoch [64/99] Step [30/214] Loss: 0.5036 Time: 545.223
Epoch [64/99] Step [40/214] Loss: 0.3947 Time: 545.631
Epoch [64/99] Step [50/214] Loss: 0.6678 Time: 546.039
Epoch [64/99] Step [60/214] Loss: 0.3549 Time: 546.447
Epoch [64/99] Step [70/214] Loss: 0.3995 Time: 546.855
Epoch [64/99] Step [80/214] Loss: 0.4666 Time: 547.263
Epoch [64/99] Step [90/214] Loss: 0.4819 Time: 547.672
Epoch [64/99] Step [100/214] Loss: 0.4251 Time: 548.079
Epoch [64/99] Step [110/214] Loss: 0.4798 Time: 548.487
Epoch [64/99] Step [120/214] Loss: 0.4723 Time: 548.894
Epoch [64/99] Step [130/214] Loss: 0.4927 Time: 549.303
Epoch [64/99] Step [140/214] Loss: 0.5136 Time: 549.71
Epoch [64/99] Step [150/214] Loss: 0.5128 Time: 550.118
Epoch [64/99] Step [160/214] Loss: 0.5716 Time: 550.525
Epoch [64/99] Step [170/214] Loss: 0.6340 Time: 550.933
Epoch [64/99] Step [180/214] Loss: 0.5276 Time: 551.341
Epoch [64/99] Step [190/214] Loss: 0.4781 Time: 551.749
Epoch [64/99] Step [200/214] Loss: 0.3910 Time: 552.157
Epoch [64/99] Step [210/214] Loss: 0.6344 Time: 552.564
Epoch [65/99] Step [10/214] Loss: 0.3972 Time: 553.137
Epoch [65/99] Step [20/214] Loss: 0.5393 Time: 553.544
Epoch [65/99] Step [30/214] Loss: 0.4524 Time: 553.951
Epoch [65/99] Step [40/214] Loss: 0.4968 Time: 554.359
Epoch [65/99] Step [50/214] Loss: 0.4905 Time: 554.766
Epoch [65/99] Step [60/214] Loss: 0.4280 Time: 555.173
Epoch [65/99] Step [70/214] Loss: 0.4179 Time: 555.58
Epoch [65/99] Step [80/214] Loss: 0.4223 Time: 555.988
Epoch [65/99] Step [90/214] Loss: 0.4772 Time: 556.395
Epoch [65/99] Step [100/214] Loss: 0.3760 Time: 556.804
Epoch [65/99] Step [110/214] Loss: 0.5127 Time: 557.212
Epoch [65/99] Step [120/214] Loss: 0.5529 Time: 557.619
Epoch [65/99] Step [130/214] Loss: 0.5081 Time: 558.027
Epoch [65/99] Step [140/214] Loss: 0.3481 Time: 558.433
Epoch [65/99] Step [150/214] Loss: 0.4830 Time: 558.841
Epoch [65/99] Step [160/214] Loss: 0.4656 Time: 559.249
Epoch [65/99] Step [170/214] Loss: 0.3622 Time: 559.658
Epoch [65/99] Step [180/214] Loss: 0.3395 Time: 560.065
Epoch [65/99] Step [190/214] Loss: 0.3955 Time: 560.473
Epoch [65/99] Step [200/214] Loss: 0.4175 Time: 560.88
Epoch [65/99] Step [210/214] Loss: 0.4415 Time: 561.289
Epoch [66/99] Step [10/214] Loss: 0.3395 Time: 561.857
Epoch [66/99] Step [20/214] Loss: 0.5115 Time: 562.265
Epoch [66/99] Step [30/214] Loss: 0.4696 Time: 562.673
Epoch [66/99] Step [40/214] Loss: 0.3933 Time: 563.081
Epoch [66/99] Step [50/214] Loss: 0.5164 Time: 563.488
Epoch [66/99] Step [60/214] Loss: 0.4901 Time: 563.896
Epoch [66/99] Step [70/214] Loss: 0.5275 Time: 564.304
Epoch [66/99] Step [80/214] Loss: 0.5975 Time: 564.711
Epoch [66/99] Step [90/214] Loss: 0.4411 Time: 565.118
Epoch [66/99] Step [100/214] Loss: 0.6001 Time: 565.526
Epoch [66/99] Step [110/214] Loss: 0.4269 Time: 565.933
Epoch [66/99] Step [120/214] Loss: 0.5406 Time: 566.341
Epoch [66/99] Step [130/214] Loss: 0.4838 Time: 566.749
Epoch [66/99] Step [140/214] Loss: 0.4725 Time: 567.156
Epoch [66/99] Step [150/214] Loss: 0.4028 Time: 567.563
Epoch [66/99] Step [160/214] Loss: 0.3387 Time: 567.97
Epoch [66/99] Step [170/214] Loss: 0.4380 Time: 568.379
Epoch [66/99] Step [180/214] Loss: 0.3793 Time: 568.787
Epoch [66/99] Step [190/214] Loss: 0.4307 Time: 569.195
Epoch [66/99] Step [200/214] Loss: 0.3452 Time: 569.604
Epoch [66/99] Step [210/214] Loss: 0.3841 Time: 570.011
Epoch [67/99] Step [10/214] Loss: 0.4390 Time: 570.577
Epoch [67/99] Step [20/214] Loss: 0.2802 Time: 570.985
Epoch [67/99] Step [30/214] Loss: 0.3490 Time: 571.393
Epoch [67/99] Step [40/214] Loss: 0.3357 Time: 571.8
Epoch [67/99] Step [50/214] Loss: 0.3854 Time: 572.208
Epoch [67/99] Step [60/214] Loss: 0.5058 Time: 572.615
Epoch [67/99] Step [70/214] Loss: 0.4420 Time: 573.023
Epoch [67/99] Step [80/214] Loss: 0.4897 Time: 573.43
Epoch [67/99] Step [90/214] Loss: 0.3862 Time: 573.838
Epoch [67/99] Step [100/214] Loss: 0.3994 Time: 574.245
Epoch [67/99] Step [110/214] Loss: 0.5565 Time: 574.652
Epoch [67/99] Step [120/214] Loss: 0.4509 Time: 575.059
Epoch [67/99] Step [130/214] Loss: 0.4422 Time: 575.467
Epoch [67/99] Step [140/214] Loss: 0.4130 Time: 575.875
Epoch [67/99] Step [150/214] Loss: 0.3507 Time: 576.283
Epoch [67/99] Step [160/214] Loss: 0.3856 Time: 576.691
Epoch [67/99] Step [170/214] Loss: 0.5380 Time: 577.098
Epoch [67/99] Step [180/214] Loss: 0.3856 Time: 577.506
Epoch [67/99] Step [190/214] Loss: 0.4506 Time: 577.914
Epoch [67/99] Step [200/214] Loss: 0.4981 Time: 578.322
Epoch [67/99] Step [210/214] Loss: 0.3656 Time: 578.729
Epoch [68/99] Step [10/214] Loss: 0.4906 Time: 579.297
Epoch [68/99] Step [20/214] Loss: 0.4527 Time: 579.706
Epoch [68/99] Step [30/214] Loss: 0.3011 Time: 580.113
Epoch [68/99] Step [40/214] Loss: 0.3110 Time: 580.519
Epoch [68/99] Step [50/214] Loss: 0.4027 Time: 580.927
Epoch [68/99] Step [60/214] Loss: 0.4172 Time: 581.335
Epoch [68/99] Step [70/214] Loss: 0.3446 Time: 581.744
Epoch [68/99] Step [80/214] Loss: 0.3476 Time: 582.151
Epoch [68/99] Step [90/214] Loss: 0.4877 Time: 582.559
Epoch [68/99] Step [100/214] Loss: 0.5695 Time: 582.972
Epoch [68/99] Step [110/214] Loss: 0.4088 Time: 583.381
Epoch [68/99] Step [120/214] Loss: 0.5061 Time: 583.789
Epoch [68/99] Step [130/214] Loss: 0.3914 Time: 584.198
Epoch [68/99] Step [140/214] Loss: 0.5296 Time: 584.605
Epoch [68/99] Step [150/214] Loss: 0.5580 Time: 585.013
Epoch [68/99] Step [160/214] Loss: 0.3091 Time: 585.42
Epoch [68/99] Step [170/214] Loss: 0.3961 Time: 585.828
Epoch [68/99] Step [180/214] Loss: 0.5666 Time: 586.236
Epoch [68/99] Step [190/214] Loss: 0.4071 Time: 586.644
Epoch [68/99] Step [200/214] Loss: 0.5720 Time: 587.051
Epoch [68/99] Step [210/214] Loss: 0.3879 Time: 587.458
Epoch [69/99] Step [10/214] Loss: 0.4079 Time: 588.026
Epoch [69/99] Step [20/214] Loss: 0.4228 Time: 588.433
Epoch [69/99] Step [30/214] Loss: 0.4651 Time: 588.841
Epoch [69/99] Step [40/214] Loss: 0.3720 Time: 589.249
Epoch [69/99] Step [50/214] Loss: 0.4610 Time: 589.657
Epoch [69/99] Step [60/214] Loss: 0.4362 Time: 590.065
Epoch [69/99] Step [70/214] Loss: 0.5028 Time: 590.472
Epoch [69/99] Step [80/214] Loss: 0.4866 Time: 590.88
Epoch [69/99] Step [90/214] Loss: 0.4714 Time: 591.287
Epoch [69/99] Step [100/214] Loss: 0.4080 Time: 591.695
Epoch [69/99] Step [110/214] Loss: 0.4007 Time: 592.103
Epoch [69/99] Step [120/214] Loss: 0.4067 Time: 592.51
Epoch [69/99] Step [130/214] Loss: 0.4633 Time: 592.918
Epoch [69/99] Step [140/214] Loss: 0.4669 Time: 593.326
Epoch [69/99] Step [150/214] Loss: 0.4904 Time: 593.734
Epoch [69/99] Step [160/214] Loss: 0.3456 Time: 594.142
Epoch [69/99] Step [170/214] Loss: 0.4435 Time: 594.551
Epoch [69/99] Step [180/214] Loss: 0.4425 Time: 594.959
Epoch [69/99] Step [190/214] Loss: 0.2889 Time: 595.366
Epoch [69/99] Step [200/214] Loss: 0.4682 Time: 595.774
Epoch [69/99] Step [210/214] Loss: 0.5042 Time: 596.182
Epoch [70/99] Step [10/214] Loss: 0.3453 Time: 596.75
Epoch [70/99] Step [20/214] Loss: 0.3930 Time: 597.158
Epoch [70/99] Step [30/214] Loss: 0.4818 Time: 597.566
Epoch [70/99] Step [40/214] Loss: 0.3108 Time: 597.974
Epoch [70/99] Step [50/214] Loss: 0.4295 Time: 598.381
Epoch [70/99] Step [60/214] Loss: 0.4490 Time: 598.789
Epoch [70/99] Step [70/214] Loss: 0.4180 Time: 599.197
Epoch [70/99] Step [80/214] Loss: 0.2565 Time: 599.605
Epoch [70/99] Step [90/214] Loss: 0.3738 Time: 600.013
Epoch [70/99] Step [100/214] Loss: 0.3577 Time: 600.422
Epoch [70/99] Step [110/214] Loss: 0.3856 Time: 600.83
Epoch [70/99] Step [120/214] Loss: 0.4508 Time: 601.238
Epoch [70/99] Step [130/214] Loss: 0.4461 Time: 601.645
Epoch [70/99] Step [140/214] Loss: 0.3945 Time: 602.053
Epoch [70/99] Step [150/214] Loss: 0.3771 Time: 602.46
Epoch [70/99] Step [160/214] Loss: 0.4973 Time: 602.867
Epoch [70/99] Step [170/214] Loss: 0.4937 Time: 603.275
Epoch [70/99] Step [180/214] Loss: 0.4854 Time: 603.683
Epoch [70/99] Step [190/214] Loss: 0.3813 Time: 604.091
Epoch [70/99] Step [200/214] Loss: 0.4879 Time: 604.5
Epoch [70/99] Step [210/214] Loss: 0.4693 Time: 604.908
Epoch [71/99] Step [10/214] Loss: 0.4718 Time: 605.477
Epoch [71/99] Step [20/214] Loss: 0.4535 Time: 605.884
Epoch [71/99] Step [30/214] Loss: 0.5359 Time: 606.293
Epoch [71/99] Step [40/214] Loss: 0.4202 Time: 606.701
Epoch [71/99] Step [50/214] Loss: 0.4127 Time: 607.108
Epoch [71/99] Step [60/214] Loss: 0.3202 Time: 607.515
Epoch [71/99] Step [70/214] Loss: 0.3856 Time: 607.921
Epoch [71/99] Step [80/214] Loss: 0.3691 Time: 608.329
Epoch [71/99] Step [90/214] Loss: 0.5300 Time: 608.737
Epoch [71/99] Step [100/214] Loss: 0.4395 Time: 609.146
Epoch [71/99] Step [110/214] Loss: 0.3755 Time: 609.554
Epoch [71/99] Step [120/214] Loss: 0.2610 Time: 609.962
Epoch [71/99] Step [130/214] Loss: 0.3717 Time: 610.369
Epoch [71/99] Step [140/214] Loss: 0.2769 Time: 610.778
Epoch [71/99] Step [150/214] Loss: 0.3848 Time: 611.186
Epoch [71/99] Step [160/214] Loss: 0.3683 Time: 611.594
Epoch [71/99] Step [170/214] Loss: 0.4921 Time: 612.002
Epoch [71/99] Step [180/214] Loss: 0.5321 Time: 612.41
Epoch [71/99] Step [190/214] Loss: 0.4044 Time: 612.817
Epoch [71/99] Step [200/214] Loss: 0.4413 Time: 613.23
Epoch [71/99] Step [210/214] Loss: 0.3524 Time: 613.638
Epoch [72/99] Step [10/214] Loss: 0.4247 Time: 614.205
Epoch [72/99] Step [20/214] Loss: 0.4141 Time: 614.613
Epoch [72/99] Step [30/214] Loss: 0.2790 Time: 615.02
Epoch [72/99] Step [40/214] Loss: 0.2955 Time: 615.428
Epoch [72/99] Step [50/214] Loss: 0.3081 Time: 615.836
Epoch [72/99] Step [60/214] Loss: 0.4109 Time: 616.243
Epoch [72/99] Step [70/214] Loss: 0.4269 Time: 616.65
Epoch [72/99] Step [80/214] Loss: 0.3840 Time: 617.057
Epoch [72/99] Step [90/214] Loss: 0.3603 Time: 617.465
Epoch [72/99] Step [100/214] Loss: 0.4809 Time: 617.873
Epoch [72/99] Step [110/214] Loss: 0.4019 Time: 618.281
Epoch [72/99] Step [120/214] Loss: 0.2908 Time: 618.689
Epoch [72/99] Step [130/214] Loss: 0.4137 Time: 619.097
Epoch [72/99] Step [140/214] Loss: 0.3485 Time: 619.505
Epoch [72/99] Step [150/214] Loss: 0.4184 Time: 619.913
Epoch [72/99] Step [160/214] Loss: 0.4811 Time: 620.32
Epoch [72/99] Step [170/214] Loss: 0.4815 Time: 620.728
Epoch [72/99] Step [180/214] Loss: 0.3068 Time: 621.136
Epoch [72/99] Step [190/214] Loss: 0.3978 Time: 621.544
Epoch [72/99] Step [200/214] Loss: 0.2313 Time: 621.952
Epoch [72/99] Step [210/214] Loss: 0.3551 Time: 622.359
Epoch [73/99] Step [10/214] Loss: 0.4044 Time: 622.929
Epoch [73/99] Step [20/214] Loss: 0.3371 Time: 623.336
Epoch [73/99] Step [30/214] Loss: 0.4013 Time: 623.745
Epoch [73/99] Step [40/214] Loss: 0.4200 Time: 624.152
Epoch [73/99] Step [50/214] Loss: 0.2839 Time: 624.561
Epoch [73/99] Step [60/214] Loss: 0.3787 Time: 624.969
Epoch [73/99] Step [70/214] Loss: 0.3122 Time: 625.377
Epoch [73/99] Step [80/214] Loss: 0.4093 Time: 625.785
Epoch [73/99] Step [90/214] Loss: 0.3766 Time: 626.193
Epoch [73/99] Step [100/214] Loss: 0.3563 Time: 626.6
Epoch [73/99] Step [110/214] Loss: 0.4046 Time: 627.008
Epoch [73/99] Step [120/214] Loss: 0.2861 Time: 627.416
Epoch [73/99] Step [130/214] Loss: 0.3348 Time: 627.824
Epoch [73/99] Step [140/214] Loss: 0.2721 Time: 628.232
Epoch [73/99] Step [150/214] Loss: 0.2899 Time: 628.639
Epoch [73/99] Step [160/214] Loss: 0.2748 Time: 629.047
Epoch [73/99] Step [170/214] Loss: 0.2449 Time: 629.455
Epoch [73/99] Step [180/214] Loss: 0.4582 Time: 629.862
Epoch [73/99] Step [190/214] Loss: 0.4486 Time: 630.27
Epoch [73/99] Step [200/214] Loss: 0.3408 Time: 630.677
Epoch [73/99] Step [210/214] Loss: 0.2848 Time: 631.084
Epoch [74/99] Step [10/214] Loss: 0.2532 Time: 631.653
Epoch [74/99] Step [20/214] Loss: 0.2782 Time: 632.06
Epoch [74/99] Step [30/214] Loss: 0.2551 Time: 632.468
Epoch [74/99] Step [40/214] Loss: 0.2766 Time: 632.876
Epoch [74/99] Step [50/214] Loss: 0.4124 Time: 633.283
Epoch [74/99] Step [60/214] Loss: 0.2073 Time: 633.691
Epoch [74/99] Step [70/214] Loss: 0.4811 Time: 634.098
Epoch [74/99] Step [80/214] Loss: 0.4213 Time: 634.506
Epoch [74/99] Step [90/214] Loss: 0.3527 Time: 634.914
Epoch [74/99] Step [100/214] Loss: 0.3422 Time: 635.322
Epoch [74/99] Step [110/214] Loss: 0.4521 Time: 635.731
Epoch [74/99] Step [120/214] Loss: 0.3345 Time: 636.138
Epoch [74/99] Step [130/214] Loss: 0.3217 Time: 636.546
Epoch [74/99] Step [140/214] Loss: 0.4014 Time: 636.954
Epoch [74/99] Step [150/214] Loss: 0.3162 Time: 637.362
Epoch [74/99] Step [160/214] Loss: 0.2950 Time: 637.769
Epoch [74/99] Step [170/214] Loss: 0.3875 Time: 638.177
Epoch [74/99] Step [180/214] Loss: 0.3042 Time: 638.586
Epoch [74/99] Step [190/214] Loss: 0.5409 Time: 638.994
Epoch [74/99] Step [200/214] Loss: 0.3419 Time: 639.403
Epoch [74/99] Step [210/214] Loss: 0.3471 Time: 639.812
Epoch [75/99] Step [10/214] Loss: 0.3353 Time: 640.378
Epoch [75/99] Step [20/214] Loss: 0.2732 Time: 640.787
Epoch [75/99] Step [30/214] Loss: 0.3105 Time: 641.195
Epoch [75/99] Step [40/214] Loss: 0.3962 Time: 641.603
Epoch [75/99] Step [50/214] Loss: 0.2974 Time: 642.011
Epoch [75/99] Step [60/214] Loss: 0.3812 Time: 642.419
Epoch [75/99] Step [70/214] Loss: 0.1823 Time: 642.828
Epoch [75/99] Step [80/214] Loss: 0.3610 Time: 643.236
Epoch [75/99] Step [90/214] Loss: 0.2953 Time: 643.644
Epoch [75/99] Step [100/214] Loss: 0.3177 Time: 644.052
Epoch [75/99] Step [110/214] Loss: 0.3103 Time: 644.46
Epoch [75/99] Step [120/214] Loss: 0.4041 Time: 644.869
Epoch [75/99] Step [130/214] Loss: 0.2582 Time: 645.278
Epoch [75/99] Step [140/214] Loss: 0.2259 Time: 645.686
Epoch [75/99] Step [150/214] Loss: 0.3797 Time: 646.093
Epoch [75/99] Step [160/214] Loss: 0.4012 Time: 646.501
Epoch [75/99] Step [170/214] Loss: 0.3663 Time: 646.909
Epoch [75/99] Step [180/214] Loss: 0.4115 Time: 647.317
Epoch [75/99] Step [190/214] Loss: 0.3316 Time: 647.724
Epoch [75/99] Step [200/214] Loss: 0.3838 Time: 648.132
Epoch [75/99] Step [210/214] Loss: 0.3035 Time: 648.539
Epoch [76/99] Step [10/214] Loss: 0.3235 Time: 649.108
Epoch [76/99] Step [20/214] Loss: 0.2674 Time: 649.516
Epoch [76/99] Step [30/214] Loss: 0.2427 Time: 649.922
Epoch [76/99] Step [40/214] Loss: 0.3632 Time: 650.33
Epoch [76/99] Step [50/214] Loss: 0.4168 Time: 650.739
Epoch [76/99] Step [60/214] Loss: 0.2753 Time: 651.148
Epoch [76/99] Step [70/214] Loss: 0.3643 Time: 651.556
Epoch [76/99] Step [80/214] Loss: 0.2814 Time: 651.963
Epoch [76/99] Step [90/214] Loss: 0.3363 Time: 652.371
Epoch [76/99] Step [100/214] Loss: 0.3821 Time: 652.779
Epoch [76/99] Step [110/214] Loss: 0.3022 Time: 653.186
Epoch [76/99] Step [120/214] Loss: 0.3118 Time: 653.595
Epoch [76/99] Step [130/214] Loss: 0.4201 Time: 654.003
Epoch [76/99] Step [140/214] Loss: 0.2904 Time: 654.411
Epoch [76/99] Step [150/214] Loss: 0.2466 Time: 654.818
Epoch [76/99] Step [160/214] Loss: 0.3144 Time: 655.227
Epoch [76/99] Step [170/214] Loss: 0.3715 Time: 655.635
Epoch [76/99] Step [180/214] Loss: 0.2258 Time: 656.042
Epoch [76/99] Step [190/214] Loss: 0.3871 Time: 656.45
Epoch [76/99] Step [200/214] Loss: 0.3378 Time: 656.857
Epoch [76/99] Step [210/214] Loss: 0.2987 Time: 657.265
Epoch [77/99] Step [10/214] Loss: 0.1405 Time: 657.833
Epoch [77/99] Step [20/214] Loss: 0.4181 Time: 658.241
Epoch [77/99] Step [30/214] Loss: 0.2200 Time: 658.649
Epoch [77/99] Step [40/214] Loss: 0.2054 Time: 659.057
Epoch [77/99] Step [50/214] Loss: 0.3435 Time: 659.465
Epoch [77/99] Step [60/214] Loss: 0.3518 Time: 659.873
Epoch [77/99] Step [70/214] Loss: 0.2193 Time: 660.28
Epoch [77/99] Step [80/214] Loss: 0.2634 Time: 660.689
Epoch [77/99] Step [90/214] Loss: 0.4093 Time: 661.097
Epoch [77/99] Step [100/214] Loss: 0.4210 Time: 661.505
Epoch [77/99] Step [110/214] Loss: 0.4210 Time: 661.912
Epoch [77/99] Step [120/214] Loss: 0.3861 Time: 662.32
Epoch [77/99] Step [130/214] Loss: 0.3733 Time: 662.728
Epoch [77/99] Step [140/214] Loss: 0.4158 Time: 663.135
Epoch [77/99] Step [150/214] Loss: 0.4774 Time: 663.544
Epoch [77/99] Step [160/214] Loss: 0.2401 Time: 663.951
Epoch [77/99] Step [170/214] Loss: 0.1746 Time: 664.359
Epoch [77/99] Step [180/214] Loss: 0.3368 Time: 664.767
Epoch [77/99] Step [190/214] Loss: 0.3011 Time: 665.175
Epoch [77/99] Step [200/214] Loss: 0.3223 Time: 665.583
Epoch [77/99] Step [210/214] Loss: 0.2692 Time: 665.989
Epoch [78/99] Step [10/214] Loss: 0.2684 Time: 666.558
Epoch [78/99] Step [20/214] Loss: 0.3756 Time: 666.966
Epoch [78/99] Step [30/214] Loss: 0.3689 Time: 667.375
Epoch [78/99] Step [40/214] Loss: 0.4240 Time: 667.782
Epoch [78/99] Step [50/214] Loss: 0.2163 Time: 668.19
Epoch [78/99] Step [60/214] Loss: 0.1367 Time: 668.598
Epoch [78/99] Step [70/214] Loss: 0.3026 Time: 669.006
Epoch [78/99] Step [80/214] Loss: 0.2411 Time: 669.414
Epoch [78/99] Step [90/214] Loss: 0.3937 Time: 669.822
Epoch [78/99] Step [100/214] Loss: 0.3893 Time: 670.229
Epoch [78/99] Step [110/214] Loss: 0.3425 Time: 670.636
Epoch [78/99] Step [120/214] Loss: 0.3789 Time: 671.044
Epoch [78/99] Step [130/214] Loss: 0.4001 Time: 671.453
Epoch [78/99] Step [140/214] Loss: 0.3856 Time: 671.861
Epoch [78/99] Step [150/214] Loss: 0.4611 Time: 672.269
Epoch [78/99] Step [160/214] Loss: 0.3729 Time: 672.678
Epoch [78/99] Step [170/214] Loss: 0.2818 Time: 673.086
Epoch [78/99] Step [180/214] Loss: 0.3523 Time: 673.494
Epoch [78/99] Step [190/214] Loss: 0.3643 Time: 673.902
Epoch [78/99] Step [200/214] Loss: 0.2823 Time: 674.309
Epoch [78/99] Step [210/214] Loss: 0.2246 Time: 674.716
Epoch [79/99] Step [10/214] Loss: 0.3175 Time: 675.284
Epoch [79/99] Step [20/214] Loss: 0.2824 Time: 675.691
Epoch [79/99] Step [30/214] Loss: 0.3269 Time: 676.099
Epoch [79/99] Step [40/214] Loss: 0.4131 Time: 676.508
Epoch [79/99] Step [50/214] Loss: 0.2976 Time: 676.914
Epoch [79/99] Step [60/214] Loss: 0.2695 Time: 677.322
Epoch [79/99] Step [70/214] Loss: 0.3945 Time: 677.731
Epoch [79/99] Step [80/214] Loss: 0.3278 Time: 678.139
Epoch [79/99] Step [90/214] Loss: 0.4590 Time: 678.547
Epoch [79/99] Step [100/214] Loss: 0.2171 Time: 678.954
Epoch [79/99] Step [110/214] Loss: 0.2587 Time: 679.362
Epoch [79/99] Step [120/214] Loss: 0.3727 Time: 679.769
Epoch [79/99] Step [130/214] Loss: 0.2279 Time: 680.177
Epoch [79/99] Step [140/214] Loss: 0.2176 Time: 680.585
Epoch [79/99] Step [150/214] Loss: 0.1749 Time: 680.993
Epoch [79/99] Step [160/214] Loss: 0.3926 Time: 681.401
Epoch [79/99] Step [170/214] Loss: 0.3204 Time: 681.809
Epoch [79/99] Step [180/214] Loss: 0.2292 Time: 682.216
Epoch [79/99] Step [190/214] Loss: 0.3488 Time: 682.624
Epoch [79/99] Step [200/214] Loss: 0.2984 Time: 683.032
Epoch [79/99] Step [210/214] Loss: 0.2692 Time: 683.439
Epoch [80/99] Step [10/214] Loss: 0.3878 Time: 684.007
Epoch [80/99] Step [20/214] Loss: 0.3255 Time: 684.415
Epoch [80/99] Step [30/214] Loss: 0.2385 Time: 684.822
Epoch [80/99] Step [40/214] Loss: 0.3060 Time: 685.23
Epoch [80/99] Step [50/214] Loss: 0.2525 Time: 685.638
Epoch [80/99] Step [60/214] Loss: 0.2359 Time: 686.046
Epoch [80/99] Step [70/214] Loss: 0.3344 Time: 686.454
Epoch [80/99] Step [80/214] Loss: 0.2895 Time: 686.86
Epoch [80/99] Step [90/214] Loss: 0.2773 Time: 687.268
Epoch [80/99] Step [100/214] Loss: 0.3844 Time: 687.676
Epoch [80/99] Step [110/214] Loss: 0.2713 Time: 688.084
Epoch [80/99] Step [120/214] Loss: 0.2417 Time: 688.491
Epoch [80/99] Step [130/214] Loss: 0.4059 Time: 688.9
Epoch [80/99] Step [140/214] Loss: 0.2471 Time: 689.308
Epoch [80/99] Step [150/214] Loss: 0.4000 Time: 689.715
Epoch [80/99] Step [160/214] Loss: 0.2778 Time: 690.123
Epoch [80/99] Step [170/214] Loss: 0.3353 Time: 690.53
Epoch [80/99] Step [180/214] Loss: 0.3128 Time: 690.938
Epoch [80/99] Step [190/214] Loss: 0.3485 Time: 691.345
Epoch [80/99] Step [200/214] Loss: 0.5349 Time: 691.753
Epoch [80/99] Step [210/214] Loss: 0.6115 Time: 692.161
Epoch [81/99] Step [10/214] Loss: 0.4923 Time: 692.729
Epoch [81/99] Step [20/214] Loss: 0.5052 Time: 693.138
Epoch [81/99] Step [30/214] Loss: 0.3604 Time: 693.546
Epoch [81/99] Step [40/214] Loss: 0.3334 Time: 693.954
Epoch [81/99] Step [50/214] Loss: 0.3125 Time: 694.363
Epoch [81/99] Step [60/214] Loss: 0.2024 Time: 694.771
Epoch [81/99] Step [70/214] Loss: 0.3855 Time: 695.178
Epoch [81/99] Step [80/214] Loss: 0.3107 Time: 695.585
Epoch [81/99] Step [90/214] Loss: 0.2716 Time: 695.994
Epoch [81/99] Step [100/214] Loss: 0.3072 Time: 696.401
Epoch [81/99] Step [110/214] Loss: 0.2170 Time: 696.809
Epoch [81/99] Step [120/214] Loss: 0.3153 Time: 697.217
Epoch [81/99] Step [130/214] Loss: 0.1678 Time: 697.625
Epoch [81/99] Step [140/214] Loss: 0.2490 Time: 698.033
Epoch [81/99] Step [150/214] Loss: 0.2004 Time: 698.442
Epoch [81/99] Step [160/214] Loss: 0.2975 Time: 698.849
Epoch [81/99] Step [170/214] Loss: 0.3081 Time: 699.258
Epoch [81/99] Step [180/214] Loss: 0.3990 Time: 699.666
Epoch [81/99] Step [190/214] Loss: 0.2383 Time: 700.073
Epoch [81/99] Step [200/214] Loss: 0.2068 Time: 700.481
Epoch [81/99] Step [210/214] Loss: 0.2695 Time: 700.888
Epoch [82/99] Step [10/214] Loss: 0.2618 Time: 701.455
Epoch [82/99] Step [20/214] Loss: 0.2490 Time: 701.863
Epoch [82/99] Step [30/214] Loss: 0.2338 Time: 702.271
Epoch [82/99] Step [40/214] Loss: 0.1819 Time: 702.68
Epoch [82/99] Step [50/214] Loss: 0.2235 Time: 703.088
Epoch [82/99] Step [60/214] Loss: 0.2668 Time: 703.495
Epoch [82/99] Step [70/214] Loss: 0.1496 Time: 703.903
Epoch [82/99] Step [80/214] Loss: 0.2168 Time: 704.31
Epoch [82/99] Step [90/214] Loss: 0.4394 Time: 704.719
Epoch [82/99] Step [100/214] Loss: 0.2108 Time: 705.127
Epoch [82/99] Step [110/214] Loss: 0.3127 Time: 705.536
Epoch [82/99] Step [120/214] Loss: 0.3113 Time: 705.943
Epoch [82/99] Step [130/214] Loss: 0.2701 Time: 706.35
Epoch [82/99] Step [140/214] Loss: 0.2157 Time: 706.758
Epoch [82/99] Step [150/214] Loss: 0.4304 Time: 707.166
Epoch [82/99] Step [160/214] Loss: 0.1774 Time: 707.575
Epoch [82/99] Step [170/214] Loss: 0.3079 Time: 707.983
Epoch [82/99] Step [180/214] Loss: 0.2423 Time: 708.391
Epoch [82/99] Step [190/214] Loss: 0.2172 Time: 708.798
Epoch [82/99] Step [200/214] Loss: 0.4279 Time: 709.207
Epoch [82/99] Step [210/214] Loss: 0.2289 Time: 709.614
Epoch [83/99] Step [10/214] Loss: 0.3125 Time: 710.181
Epoch [83/99] Step [20/214] Loss: 0.2218 Time: 710.589
Epoch [83/99] Step [30/214] Loss: 0.2993 Time: 710.998
Epoch [83/99] Step [40/214] Loss: 0.2393 Time: 711.406
Epoch [83/99] Step [50/214] Loss: 0.2989 Time: 711.813
Epoch [83/99] Step [60/214] Loss: 0.2832 Time: 712.222
Epoch [83/99] Step [70/214] Loss: 0.2142 Time: 712.63
Epoch [83/99] Step [80/214] Loss: 0.2835 Time: 713.037
Epoch [83/99] Step [90/214] Loss: 0.2783 Time: 713.445
Epoch [83/99] Step [100/214] Loss: 0.2531 Time: 713.853
Epoch [83/99] Step [110/214] Loss: 0.2605 Time: 714.261
Epoch [83/99] Step [120/214] Loss: 0.3904 Time: 714.669
Epoch [83/99] Step [130/214] Loss: 0.1952 Time: 715.076
Epoch [83/99] Step [140/214] Loss: 0.4111 Time: 715.483
Epoch [83/99] Step [150/214] Loss: 0.2830 Time: 715.89
Epoch [83/99] Step [160/214] Loss: 0.3332 Time: 716.299
Epoch [83/99] Step [170/214] Loss: 0.2512 Time: 716.705
Epoch [83/99] Step [180/214] Loss: 0.2110 Time: 717.113
Epoch [83/99] Step [190/214] Loss: 0.2554 Time: 717.52
Epoch [83/99] Step [200/214] Loss: 0.3097 Time: 717.927
Epoch [83/99] Step [210/214] Loss: 0.2211 Time: 718.334
Epoch [84/99] Step [10/214] Loss: 0.2989 Time: 718.902
Epoch [84/99] Step [20/214] Loss: 0.2793 Time: 719.308
Epoch [84/99] Step [30/214] Loss: 0.3392 Time: 719.717
Epoch [84/99] Step [40/214] Loss: 0.1856 Time: 720.124
Epoch [84/99] Step [50/214] Loss: 0.2022 Time: 720.531
Epoch [84/99] Step [60/214] Loss: 0.2604 Time: 720.939
Epoch [84/99] Step [70/214] Loss: 0.2503 Time: 721.348
Epoch [84/99] Step [80/214] Loss: 0.2603 Time: 721.755
Epoch [84/99] Step [90/214] Loss: 0.2598 Time: 722.163
Epoch [84/99] Step [100/214] Loss: 0.2025 Time: 722.571
Epoch [84/99] Step [110/214] Loss: 0.2888 Time: 722.978
Epoch [84/99] Step [120/214] Loss: 0.2436 Time: 723.386
Epoch [84/99] Step [130/214] Loss: 0.1597 Time: 723.794
Epoch [84/99] Step [140/214] Loss: 0.2486 Time: 724.202
Epoch [84/99] Step [150/214] Loss: 0.2194 Time: 724.609
Epoch [84/99] Step [160/214] Loss: 0.2003 Time: 725.017
Epoch [84/99] Step [170/214] Loss: 0.2310 Time: 725.425
Epoch [84/99] Step [180/214] Loss: 0.2872 Time: 725.833
Epoch [84/99] Step [190/214] Loss: 0.2129 Time: 726.241
Epoch [84/99] Step [200/214] Loss: 0.2604 Time: 726.649
Epoch [84/99] Step [210/214] Loss: 0.1702 Time: 727.056
Epoch [85/99] Step [10/214] Loss: 0.2086 Time: 727.623
Epoch [85/99] Step [20/214] Loss: 0.1984 Time: 728.031
Epoch [85/99] Step [30/214] Loss: 0.2495 Time: 728.439
Epoch [85/99] Step [40/214] Loss: 0.1587 Time: 728.846
Epoch [85/99] Step [50/214] Loss: 0.3089 Time: 729.254
Epoch [85/99] Step [60/214] Loss: 0.3353 Time: 729.662
Epoch [85/99] Step [70/214] Loss: 0.2736 Time: 730.07
Epoch [85/99] Step [80/214] Loss: 0.2141 Time: 730.477
Epoch [85/99] Step [90/214] Loss: 0.2626 Time: 730.886
Epoch [85/99] Step [100/214] Loss: 0.0861 Time: 731.294
Epoch [85/99] Step [110/214] Loss: 0.2835 Time: 731.702
Epoch [85/99] Step [120/214] Loss: 0.2054 Time: 732.11
Epoch [85/99] Step [130/214] Loss: 0.1783 Time: 732.517
Epoch [85/99] Step [140/214] Loss: 0.3073 Time: 732.926
Epoch [85/99] Step [150/214] Loss: 0.3211 Time: 733.333
Epoch [85/99] Step [160/214] Loss: 0.2464 Time: 733.741
Epoch [85/99] Step [170/214] Loss: 0.3825 Time: 734.149
Epoch [85/99] Step [180/214] Loss: 0.2394 Time: 734.557
Epoch [85/99] Step [190/214] Loss: 0.3648 Time: 734.965
Epoch [85/99] Step [200/214] Loss: 0.2760 Time: 735.373
Epoch [85/99] Step [210/214] Loss: 0.2218 Time: 735.781
Epoch [86/99] Step [10/214] Loss: 0.3555 Time: 736.349
Epoch [86/99] Step [20/214] Loss: 0.3283 Time: 736.758
Epoch [86/99] Step [30/214] Loss: 0.2533 Time: 737.166
Epoch [86/99] Step [40/214] Loss: 0.1580 Time: 737.574
Epoch [86/99] Step [50/214] Loss: 0.2671 Time: 737.982
Epoch [86/99] Step [60/214] Loss: 0.2353 Time: 738.39
Epoch [86/99] Step [70/214] Loss: 0.2859 Time: 738.798
Epoch [86/99] Step [80/214] Loss: 0.3148 Time: 739.206
Epoch [86/99] Step [90/214] Loss: 0.2911 Time: 739.615
Epoch [86/99] Step [100/214] Loss: 0.2254 Time: 740.022
Epoch [86/99] Step [110/214] Loss: 0.1326 Time: 740.429
Epoch [86/99] Step [120/214] Loss: 0.2243 Time: 740.837
Epoch [86/99] Step [130/214] Loss: 0.2454 Time: 741.245
Epoch [86/99] Step [140/214] Loss: 0.2200 Time: 741.652
Epoch [86/99] Step [150/214] Loss: 0.2547 Time: 742.06
Epoch [86/99] Step [160/214] Loss: 0.1454 Time: 742.468
Epoch [86/99] Step [170/214] Loss: 0.2105 Time: 742.876
Epoch [86/99] Step [180/214] Loss: 0.2725 Time: 743.283
Epoch [86/99] Step [190/214] Loss: 0.2449 Time: 743.691
Epoch [86/99] Step [200/214] Loss: 0.1905 Time: 744.098
Epoch [86/99] Step [210/214] Loss: 0.1942 Time: 744.506
Epoch [87/99] Step [10/214] Loss: 0.2618 Time: 745.074
Epoch [87/99] Step [20/214] Loss: 0.1697 Time: 745.482
Epoch [87/99] Step [30/214] Loss: 0.2307 Time: 745.889
Epoch [87/99] Step [40/214] Loss: 0.1518 Time: 746.298
Epoch [87/99] Step [50/214] Loss: 0.2488 Time: 746.706
Epoch [87/99] Step [60/214] Loss: 0.1663 Time: 747.114
Epoch [87/99] Step [70/214] Loss: 0.2008 Time: 747.523
Epoch [87/99] Step [80/214] Loss: 0.2067 Time: 747.929
Epoch [87/99] Step [90/214] Loss: 0.1979 Time: 748.337
Epoch [87/99] Step [100/214] Loss: 0.1649 Time: 748.745
Epoch [87/99] Step [110/214] Loss: 0.2001 Time: 749.153
Epoch [87/99] Step [120/214] Loss: 0.2457 Time: 749.561
Epoch [87/99] Step [130/214] Loss: 0.1843 Time: 749.969
Epoch [87/99] Step [140/214] Loss: 0.1919 Time: 750.378
Epoch [87/99] Step [150/214] Loss: 0.2772 Time: 750.786
Epoch [87/99] Step [160/214] Loss: 0.1266 Time: 751.193
Epoch [87/99] Step [170/214] Loss: 0.2438 Time: 751.601
Epoch [87/99] Step [180/214] Loss: 0.3194 Time: 752.009
Epoch [87/99] Step [190/214] Loss: 0.1859 Time: 752.417
Epoch [87/99] Step [200/214] Loss: 0.2950 Time: 752.826
Epoch [87/99] Step [210/214] Loss: 0.1889 Time: 753.234
Epoch [88/99] Step [10/214] Loss: 0.2148 Time: 753.803
Epoch [88/99] Step [20/214] Loss: 0.2474 Time: 754.211
Epoch [88/99] Step [30/214] Loss: 1.0162 Time: 754.618
Epoch [88/99] Step [40/214] Loss: 0.4665 Time: 755.025
Epoch [88/99] Step [50/214] Loss: 0.2653 Time: 755.434
Epoch [88/99] Step [60/214] Loss: 0.2514 Time: 755.842
Epoch [88/99] Step [70/214] Loss: 0.1808 Time: 756.249
Epoch [88/99] Step [80/214] Loss: 0.1828 Time: 756.657
Epoch [88/99] Step [90/214] Loss: 0.1850 Time: 757.065
Epoch [88/99] Step [100/214] Loss: 0.3070 Time: 757.473
Epoch [88/99] Step [110/214] Loss: 0.2817 Time: 757.881
Epoch [88/99] Step [120/214] Loss: 0.2051 Time: 758.289
Epoch [88/99] Step [130/214] Loss: 0.1932 Time: 758.697
Epoch [88/99] Step [140/214] Loss: 0.3098 Time: 759.105
Epoch [88/99] Step [150/214] Loss: 0.2576 Time: 759.512
Epoch [88/99] Step [160/214] Loss: 0.1499 Time: 759.92
Epoch [88/99] Step [170/214] Loss: 0.2287 Time: 760.329
Epoch [88/99] Step [180/214] Loss: 0.2879 Time: 760.738
Epoch [88/99] Step [190/214] Loss: 0.2776 Time: 761.147
Epoch [88/99] Step [200/214] Loss: 0.2542 Time: 761.555
Epoch [88/99] Step [210/214] Loss: 0.2003 Time: 761.962
Epoch [89/99] Step [10/214] Loss: 0.2402 Time: 762.531
Epoch [89/99] Step [20/214] Loss: 0.2055 Time: 762.945
Epoch [89/99] Step [30/214] Loss: 0.3342 Time: 763.354
Epoch [89/99] Step [40/214] Loss: 0.3315 Time: 763.761
Epoch [89/99] Step [50/214] Loss: 0.2204 Time: 764.168
Epoch [89/99] Step [60/214] Loss: 0.2711 Time: 764.575
Epoch [89/99] Step [70/214] Loss: 0.3007 Time: 764.983
Epoch [89/99] Step [80/214] Loss: 0.2526 Time: 765.39
Epoch [89/99] Step [90/214] Loss: 0.1846 Time: 765.797
Epoch [89/99] Step [100/214] Loss: 0.2554 Time: 766.205
Epoch [89/99] Step [110/214] Loss: 0.2422 Time: 766.613
Epoch [89/99] Step [120/214] Loss: 0.2777 Time: 767.021
Epoch [89/99] Step [130/214] Loss: 0.2376 Time: 767.428
Epoch [89/99] Step [140/214] Loss: 0.2551 Time: 767.836
Epoch [89/99] Step [150/214] Loss: 0.2559 Time: 768.244
Epoch [89/99] Step [160/214] Loss: 0.2772 Time: 768.651
Epoch [89/99] Step [170/214] Loss: 0.2960 Time: 769.059
Epoch [89/99] Step [180/214] Loss: 0.2560 Time: 769.468
Epoch [89/99] Step [190/214] Loss: 0.1983 Time: 769.876
Epoch [89/99] Step [200/214] Loss: 0.1675 Time: 770.284
Epoch [89/99] Step [210/214] Loss: 0.2334 Time: 770.692
Epoch [90/99] Step [10/214] Loss: 0.2011 Time: 771.258
Epoch [90/99] Step [20/214] Loss: 0.1929 Time: 771.666
Epoch [90/99] Step [30/214] Loss: 0.2919 Time: 772.074
Epoch [90/99] Step [40/214] Loss: 0.1471 Time: 772.483
Epoch [90/99] Step [50/214] Loss: 0.1117 Time: 772.89
Epoch [90/99] Step [60/214] Loss: 0.1203 Time: 773.297
Epoch [90/99] Step [70/214] Loss: 0.1440 Time: 773.706
Epoch [90/99] Step [80/214] Loss: 0.1608 Time: 774.114
Epoch [90/99] Step [90/214] Loss: 0.1592 Time: 774.521
Epoch [90/99] Step [100/214] Loss: 0.1902 Time: 774.928
Epoch [90/99] Step [110/214] Loss: 0.2063 Time: 775.335
Epoch [90/99] Step [120/214] Loss: 0.1428 Time: 775.743
Epoch [90/99] Step [130/214] Loss: 0.1701 Time: 776.152
Epoch [90/99] Step [140/214] Loss: 0.1493 Time: 776.559
Epoch [90/99] Step [150/214] Loss: 0.1602 Time: 776.967
Epoch [90/99] Step [160/214] Loss: 0.2444 Time: 777.375
Epoch [90/99] Step [170/214] Loss: 0.2452 Time: 777.783
Epoch [90/99] Step [180/214] Loss: 0.2854 Time: 778.192
Epoch [90/99] Step [190/214] Loss: 0.1715 Time: 778.599
Epoch [90/99] Step [200/214] Loss: 0.3464 Time: 779.007
Epoch [90/99] Step [210/214] Loss: 0.2534 Time: 779.415
Epoch [91/99] Step [10/214] Loss: 0.2996 Time: 779.982
Epoch [91/99] Step [20/214] Loss: 0.2234 Time: 780.39
Epoch [91/99] Step [30/214] Loss: 0.2723 Time: 780.798
Epoch [91/99] Step [40/214] Loss: 0.1507 Time: 781.205
Epoch [91/99] Step [50/214] Loss: 0.0860 Time: 781.613
Epoch [91/99] Step [60/214] Loss: 0.2504 Time: 782.02
Epoch [91/99] Step [70/214] Loss: 0.1572 Time: 782.428
Epoch [91/99] Step [80/214] Loss: 0.1025 Time: 782.836
Epoch [91/99] Step [90/214] Loss: 0.1283 Time: 783.244
Epoch [91/99] Step [100/214] Loss: 0.2809 Time: 783.652
Epoch [91/99] Step [110/214] Loss: 0.2138 Time: 784.06
Epoch [91/99] Step [120/214] Loss: 0.1366 Time: 784.466
Epoch [91/99] Step [130/214] Loss: 0.2554 Time: 784.874
Epoch [91/99] Step [140/214] Loss: 0.0863 Time: 785.281
Epoch [91/99] Step [150/214] Loss: 0.1796 Time: 785.689
Epoch [91/99] Step [160/214] Loss: 0.1592 Time: 786.097
Epoch [91/99] Step [170/214] Loss: 0.2521 Time: 786.504
Epoch [91/99] Step [180/214] Loss: 0.1965 Time: 786.911
Epoch [91/99] Step [190/214] Loss: 0.2047 Time: 787.32
Epoch [91/99] Step [200/214] Loss: 0.1045 Time: 787.728
Epoch [91/99] Step [210/214] Loss: 0.3890 Time: 788.136
Epoch [92/99] Step [10/214] Loss: 0.1954 Time: 788.703
Epoch [92/99] Step [20/214] Loss: 0.2221 Time: 789.111
Epoch [92/99] Step [30/214] Loss: 0.1690 Time: 789.52
Epoch [92/99] Step [40/214] Loss: 0.1620 Time: 789.927
Epoch [92/99] Step [50/214] Loss: 0.2314 Time: 790.336
Epoch [92/99] Step [60/214] Loss: 0.2337 Time: 790.743
Epoch [92/99] Step [70/214] Loss: 0.2547 Time: 791.151
Epoch [92/99] Step [80/214] Loss: 0.1597 Time: 791.56
Epoch [92/99] Step [90/214] Loss: 0.2804 Time: 791.968
Epoch [92/99] Step [100/214] Loss: 0.1303 Time: 792.375
Epoch [92/99] Step [110/214] Loss: 0.2033 Time: 792.783
Epoch [92/99] Step [120/214] Loss: 0.2322 Time: 793.192
Epoch [92/99] Step [130/214] Loss: 0.1133 Time: 793.601
Epoch [92/99] Step [140/214] Loss: 0.1734 Time: 794.009
Epoch [92/99] Step [150/214] Loss: 0.1690 Time: 794.417
Epoch [92/99] Step [160/214] Loss: 0.2311 Time: 794.825
Epoch [92/99] Step [170/214] Loss: 0.1213 Time: 795.232
Epoch [92/99] Step [180/214] Loss: 0.2884 Time: 795.641
Epoch [92/99] Step [190/214] Loss: 0.3435 Time: 796.048
Epoch [92/99] Step [200/214] Loss: 0.2409 Time: 796.456
Epoch [92/99] Step [210/214] Loss: 0.3601 Time: 796.864
Epoch [93/99] Step [10/214] Loss: 0.2145 Time: 797.432
Epoch [93/99] Step [20/214] Loss: 0.2614 Time: 797.84
Epoch [93/99] Step [30/214] Loss: 0.2415 Time: 798.249
Epoch [93/99] Step [40/214] Loss: 0.2655 Time: 798.656
Epoch [93/99] Step [50/214] Loss: 0.1661 Time: 799.063
Epoch [93/99] Step [60/214] Loss: 0.2159 Time: 799.471
Epoch [93/99] Step [70/214] Loss: 0.4191 Time: 799.878
Epoch [93/99] Step [80/214] Loss: 0.1863 Time: 800.286
Epoch [93/99] Step [90/214] Loss: 0.1835 Time: 800.695
Epoch [93/99] Step [100/214] Loss: 0.2511 Time: 801.103
Epoch [93/99] Step [110/214] Loss: 0.1922 Time: 801.51
Epoch [93/99] Step [120/214] Loss: 0.2008 Time: 801.918
Epoch [93/99] Step [130/214] Loss: 0.1863 Time: 802.326
Epoch [93/99] Step [140/214] Loss: 0.1080 Time: 802.734
Epoch [93/99] Step [150/214] Loss: 0.2535 Time: 803.142
Epoch [93/99] Step [160/214] Loss: 0.2279 Time: 803.55
Epoch [93/99] Step [170/214] Loss: 0.1333 Time: 803.959
Epoch [93/99] Step [180/214] Loss: 0.1482 Time: 804.366
Epoch [93/99] Step [190/214] Loss: 0.2003 Time: 804.773
Epoch [93/99] Step [200/214] Loss: 0.1374 Time: 805.181
Epoch [93/99] Step [210/214] Loss: 0.0907 Time: 805.59
Epoch [94/99] Step [10/214] Loss: 0.1940 Time: 806.158
Epoch [94/99] Step [20/214] Loss: 0.2078 Time: 806.565
Epoch [94/99] Step [30/214] Loss: 0.0734 Time: 806.973
Epoch [94/99] Step [40/214] Loss: 0.0861 Time: 807.38
Epoch [94/99] Step [50/214] Loss: 0.2021 Time: 807.788
Epoch [94/99] Step [60/214] Loss: 0.1987 Time: 808.196
Epoch [94/99] Step [70/214] Loss: 0.1239 Time: 808.605
Epoch [94/99] Step [80/214] Loss: 0.1282 Time: 809.013
Epoch [94/99] Step [90/214] Loss: 0.1461 Time: 809.421
Epoch [94/99] Step [100/214] Loss: 0.2660 Time: 809.829
Epoch [94/99] Step [110/214] Loss: 0.2647 Time: 810.236
Epoch [94/99] Step [120/214] Loss: 0.2172 Time: 810.644
Epoch [94/99] Step [130/214] Loss: 0.1510 Time: 811.051
Epoch [94/99] Step [140/214] Loss: 0.2234 Time: 811.459
Epoch [94/99] Step [150/214] Loss: 0.2335 Time: 811.867
Epoch [94/99] Step [160/214] Loss: 0.1716 Time: 812.276
Epoch [94/99] Step [170/214] Loss: 0.1807 Time: 812.684
Epoch [94/99] Step [180/214] Loss: 0.2430 Time: 813.092
Epoch [94/99] Step [190/214] Loss: 0.1245 Time: 813.499
Epoch [94/99] Step [200/214] Loss: 0.1895 Time: 813.907
Epoch [94/99] Step [210/214] Loss: 0.1916 Time: 814.315
Epoch [95/99] Step [10/214] Loss: 0.1971 Time: 814.883
Epoch [95/99] Step [20/214] Loss: 0.1663 Time: 815.291
Epoch [95/99] Step [30/214] Loss: 0.3073 Time: 815.698
Epoch [95/99] Step [40/214] Loss: 0.2835 Time: 816.106
Epoch [95/99] Step [50/214] Loss: 0.1954 Time: 816.515
Epoch [95/99] Step [60/214] Loss: 0.1363 Time: 816.922
Epoch [95/99] Step [70/214] Loss: 0.1576 Time: 817.33
Epoch [95/99] Step [80/214] Loss: 0.1627 Time: 817.738
Epoch [95/99] Step [90/214] Loss: 0.1747 Time: 818.147
Epoch [95/99] Step [100/214] Loss: 0.1849 Time: 818.554
Epoch [95/99] Step [110/214] Loss: 0.1537 Time: 818.962
Epoch [95/99] Step [120/214] Loss: 0.1279 Time: 819.37
Epoch [95/99] Step [130/214] Loss: 0.2206 Time: 819.778
Epoch [95/99] Step [140/214] Loss: 0.1319 Time: 820.186
Epoch [95/99] Step [150/214] Loss: 0.1851 Time: 820.593
Epoch [95/99] Step [160/214] Loss: 0.1751 Time: 821.0
Epoch [95/99] Step [170/214] Loss: 0.0788 Time: 821.407
Epoch [95/99] Step [180/214] Loss: 0.1881 Time: 821.815
Epoch [95/99] Step [190/214] Loss: 0.1257 Time: 822.223
Epoch [95/99] Step [200/214] Loss: 0.2281 Time: 822.631
Epoch [95/99] Step [210/214] Loss: 0.0888 Time: 823.039
Epoch [96/99] Step [10/214] Loss: 0.1848 Time: 823.608
Epoch [96/99] Step [20/214] Loss: 0.1564 Time: 824.016
Epoch [96/99] Step [30/214] Loss: 0.2038 Time: 824.425
Epoch [96/99] Step [40/214] Loss: 0.1495 Time: 824.833
Epoch [96/99] Step [50/214] Loss: 0.1486 Time: 825.241
Epoch [96/99] Step [60/214] Loss: 0.1791 Time: 825.648
Epoch [96/99] Step [70/214] Loss: 0.0933 Time: 826.056
Epoch [96/99] Step [80/214] Loss: 0.1952 Time: 826.465
Epoch [96/99] Step [90/214] Loss: 0.2237 Time: 826.873
Epoch [96/99] Step [100/214] Loss: 0.2830 Time: 827.28
Epoch [96/99] Step [110/214] Loss: 0.1923 Time: 827.689
Epoch [96/99] Step [120/214] Loss: 0.0811 Time: 828.097
Epoch [96/99] Step [130/214] Loss: 0.0930 Time: 828.504
Epoch [96/99] Step [140/214] Loss: 0.1751 Time: 828.912
Epoch [96/99] Step [150/214] Loss: 0.1917 Time: 829.32
Epoch [96/99] Step [160/214] Loss: 0.1693 Time: 829.727
Epoch [96/99] Step [170/214] Loss: 0.2412 Time: 830.135
Epoch [96/99] Step [180/214] Loss: 0.1677 Time: 830.543
Epoch [96/99] Step [190/214] Loss: 0.1997 Time: 830.951
Epoch [96/99] Step [200/214] Loss: 0.1347 Time: 831.358
Epoch [96/99] Step [210/214] Loss: 0.0929 Time: 831.767
Epoch [97/99] Step [10/214] Loss: 0.1751 Time: 832.335
Epoch [97/99] Step [20/214] Loss: 0.1612 Time: 832.744
Epoch [97/99] Step [30/214] Loss: 0.1044 Time: 833.152
Epoch [97/99] Step [40/214] Loss: 0.1384 Time: 833.56
Epoch [97/99] Step [50/214] Loss: 0.0700 Time: 833.968
Epoch [97/99] Step [60/214] Loss: 0.0895 Time: 834.377
Epoch [97/99] Step [70/214] Loss: 0.2164 Time: 834.784
Epoch [97/99] Step [80/214] Loss: 0.2242 Time: 835.192
Epoch [97/99] Step [90/214] Loss: 0.1456 Time: 835.599
Epoch [97/99] Step [100/214] Loss: 0.1982 Time: 836.007
Epoch [97/99] Step [110/214] Loss: 0.1527 Time: 836.415
Epoch [97/99] Step [120/214] Loss: 0.0919 Time: 836.822
Epoch [97/99] Step [130/214] Loss: 0.0807 Time: 837.23
Epoch [97/99] Step [140/214] Loss: 0.0860 Time: 837.638
Epoch [97/99] Step [150/214] Loss: 0.1649 Time: 838.046
Epoch [97/99] Step [160/214] Loss: 0.1994 Time: 838.453
Epoch [97/99] Step [170/214] Loss: 0.1449 Time: 838.86
Epoch [97/99] Step [180/214] Loss: 0.1266 Time: 839.268
Epoch [97/99] Step [190/214] Loss: 0.2847 Time: 839.675
Epoch [97/99] Step [200/214] Loss: 0.0895 Time: 840.084
Epoch [97/99] Step [210/214] Loss: 0.2444 Time: 840.491
Epoch [98/99] Step [10/214] Loss: 0.1287 Time: 841.059
Epoch [98/99] Step [20/214] Loss: 0.1482 Time: 841.467
Epoch [98/99] Step [30/214] Loss: 0.1327 Time: 841.875
Epoch [98/99] Step [40/214] Loss: 0.1523 Time: 842.283
Epoch [98/99] Step [50/214] Loss: 0.1347 Time: 842.691
Epoch [98/99] Step [60/214] Loss: 0.1445 Time: 843.099
Epoch [98/99] Step [70/214] Loss: 0.1684 Time: 843.507
Epoch [98/99] Step [80/214] Loss: 0.1112 Time: 843.915
Epoch [98/99] Step [90/214] Loss: 0.1230 Time: 844.323
Epoch [98/99] Step [100/214] Loss: 0.1950 Time: 844.73
Epoch [98/99] Step [110/214] Loss: 0.1458 Time: 845.138
Epoch [98/99] Step [120/214] Loss: 0.1307 Time: 845.545
Epoch [98/99] Step [130/214] Loss: 0.1107 Time: 845.952
Epoch [98/99] Step [140/214] Loss: 0.1079 Time: 846.359
Epoch [98/99] Step [150/214] Loss: 0.0603 Time: 846.766
Epoch [98/99] Step [160/214] Loss: 0.1962 Time: 847.174
Epoch [98/99] Step [170/214] Loss: 0.0808 Time: 847.582
Epoch [98/99] Step [180/214] Loss: 0.1657 Time: 847.99
Epoch [98/99] Step [190/214] Loss: 0.1576 Time: 848.397
Epoch [98/99] Step [200/214] Loss: 0.1588 Time: 848.805
Epoch [98/99] Step [210/214] Loss: 0.1546 Time: 849.212
Epoch [99/99] Step [10/214] Loss: 0.1570 Time: 849.779
Epoch [99/99] Step [20/214] Loss: 0.0982 Time: 850.187
Epoch [99/99] Step [30/214] Loss: 0.1212 Time: 850.595
Epoch [99/99] Step [40/214] Loss: 0.1004 Time: 851.002
Epoch [99/99] Step [50/214] Loss: 0.2386 Time: 851.409
Epoch [99/99] Step [60/214] Loss: 0.1650 Time: 851.818
Epoch [99/99] Step [70/214] Loss: 0.1206 Time: 852.225
Epoch [99/99] Step [80/214] Loss: 0.1585 Time: 852.632
Epoch [99/99] Step [90/214] Loss: 0.1003 Time: 853.04
Epoch [99/99] Step [100/214] Loss: 0.2082 Time: 853.448
Epoch [99/99] Step [110/214] Loss: 0.1333 Time: 853.857
Epoch [99/99] Step [120/214] Loss: 0.0869 Time: 854.265
Epoch [99/99] Step [130/214] Loss: 0.0942 Time: 854.673
Epoch [99/99] Step [140/214] Loss: 0.1083 Time: 855.081
Epoch [99/99] Step [150/214] Loss: 0.1022 Time: 855.489
Epoch [99/99] Step [160/214] Loss: 0.0930 Time: 855.896
Epoch [99/99] Step [170/214] Loss: 0.1418 Time: 856.304
Epoch [99/99] Step [180/214] Loss: 0.1157 Time: 856.711
Epoch [99/99] Step [190/214] Loss: 0.1829 Time: 857.119
Epoch [99/99] Step [200/214] Loss: 0.2317 Time: 857.527
Epoch [99/99] Step [210/214] Loss: 0.1331 Time: 857.936
#### TRAINED MODEL ParallelCNNLSTMModel training time: 858.063 total time: 2099.785 ####
#### TRAINING TOTAL TIME: 2099.785 ####
Accuracy of the CNN_LSTM model on the test set: 37.98 %
Accuracy of the LSTM_CNN model on the test set: 38.22 %
Accuracy of the ParallelCNNLSTMModel model on the test set: 40.62 %
#### TIME #### TERMINO #### 2126.519 ####
#### FINITO #### TERMINO #### NO-VA-MAS ####
#### #### NO DA MAS #### TERMINO #### FINITO #### ####
#### #### 
 TOTAL_TIME: 2102.301 
 TOTAL_JOBS: 1 
 JOB_ID: 194475 
 #### ####
#### SLEEPING TIME: 2102.301 seconds ####
All guert parcero, aller!
