PATH /home/vargas/repos/forests-sounds-vargas
Hablámelo maniño, alles gut oder was??
#### #### HOI FOREST #### ####
#### #### N-JOBS 39 SBOJ-N #### ####
#### #### HOI MODELLING #### ####
#### INDICES => [reg, sid, ban, sec, men, med, sum, max, aci, bet, mmm, npp, hfq, htp, hhh, aei] <= INDICES 16 ####
0/68 ######## ################ ################ ########
0 #### MODELLING #### REGION: ==>> f.region <<== DATA ==>> f.filename.split('/')[-1]
#### #### HOI FOREST - MODELLING #### ####
#### COMBI 511 #### FIXED 7 VARIABLE 9
#### #### READING DATA FILES #### ####
370 511 #### COMBI [reg, sid, ban, sec, men, med, sum, bet, mmm, htp, hhh, aei] METRICS ####
('Plantation', '/home/vargas/repos/forests-sounds-vargas/out/data/extraction/Plantation/2_00_PSA0010-2010_dict_y_split_7_2512283_1736694580.pkl')
(297840, 12) Index(['reg', 'sid', 'ban', 'sec', 'men', 'med', 'sum', 'bet', 'mmm', 'htp',
       'hhh'],
      dtype='object') Index(['sid', 'ban', 'sec', 'men', 'med', 'sum', 'bet', 'mmm', 'htp', 'hhh',
       'aei'],
      dtype='object')
#### MERGE 68 merge_data Dataframe shape: (297840, 12) #### time: 13
#### #### SPLIT TRAIN TEST #### ####
#### CLASSES: [0 1 2 3] TOTAL 4
#### SPLIT train_test_split and CUDA: ??? cuda:0 #### time: 35
#### MODELS - TOTAL 1 ####
#### EPOCHS 11 ####
#### TRAINING MODELS ####
#### TRAINING MODEL ResNet1D ####
#### prediction torch.Size([192, 4])
Epoch [10/11] Step [33/1241] Loss: 0.1162 Time: 497.597
#### prediction torch.Size([192, 4])
Epoch [10/11] Step [66/1241] Loss: 0.1214 Time: 499.058
#### prediction torch.Size([192, 4])
Epoch [10/11] Step [99/1241] Loss: 0.0950 Time: 500.519
#### prediction torch.Size([192, 4])
Epoch [10/11] Step [132/1241] Loss: 0.0826 Time: 501.979
#### prediction torch.Size([192, 4])
Epoch [10/11] Step [165/1241] Loss: 0.0796 Time: 503.44
#### prediction torch.Size([192, 4])
Epoch [10/11] Step [198/1241] Loss: 0.0781 Time: 504.904
#### prediction torch.Size([192, 4])
Epoch [10/11] Step [231/1241] Loss: 0.0688 Time: 506.374
#### prediction torch.Size([192, 4])
Epoch [10/11] Step [264/1241] Loss: 0.0616 Time: 507.838
#### prediction torch.Size([192, 4])
Epoch [10/11] Step [297/1241] Loss: 0.0714 Time: 509.301
#### prediction torch.Size([192, 4])
Epoch [10/11] Step [330/1241] Loss: 0.1111 Time: 510.761
#### prediction torch.Size([192, 4])
Epoch [10/11] Step [363/1241] Loss: 0.0950 Time: 512.222
#### prediction torch.Size([192, 4])
Epoch [10/11] Step [396/1241] Loss: 0.1424 Time: 513.68
#### prediction torch.Size([192, 4])
Epoch [10/11] Step [429/1241] Loss: 0.0873 Time: 515.142
#### prediction torch.Size([192, 4])
Epoch [10/11] Step [462/1241] Loss: 0.0933 Time: 516.602
#### prediction torch.Size([192, 4])
Epoch [10/11] Step [495/1241] Loss: 0.0916 Time: 518.065
#### prediction torch.Size([192, 4])
Epoch [10/11] Step [528/1241] Loss: 0.0382 Time: 519.525
#### prediction torch.Size([192, 4])
Epoch [10/11] Step [561/1241] Loss: 0.0593 Time: 520.987
#### prediction torch.Size([192, 4])
Epoch [10/11] Step [594/1241] Loss: 0.1003 Time: 522.447
#### prediction torch.Size([192, 4])
Epoch [10/11] Step [627/1241] Loss: 0.0582 Time: 523.909
#### prediction torch.Size([192, 4])
Epoch [10/11] Step [660/1241] Loss: 0.1076 Time: 525.369
#### prediction torch.Size([192, 4])
Epoch [10/11] Step [693/1241] Loss: 0.1117 Time: 526.829
#### prediction torch.Size([192, 4])
Epoch [10/11] Step [726/1241] Loss: 0.0663 Time: 528.29
#### prediction torch.Size([192, 4])
Epoch [10/11] Step [759/1241] Loss: 0.1349 Time: 529.75
#### prediction torch.Size([192, 4])
Epoch [10/11] Step [792/1241] Loss: 0.1649 Time: 531.211
#### prediction torch.Size([192, 4])
Epoch [10/11] Step [825/1241] Loss: 0.0944 Time: 532.87
#### prediction torch.Size([192, 4])
Epoch [10/11] Step [858/1241] Loss: 0.1187 Time: 534.33
#### prediction torch.Size([192, 4])
Epoch [10/11] Step [891/1241] Loss: 0.0613 Time: 535.797
#### prediction torch.Size([192, 4])
Epoch [10/11] Step [924/1241] Loss: 0.0925 Time: 537.258
#### prediction torch.Size([192, 4])
Epoch [10/11] Step [957/1241] Loss: 0.0541 Time: 538.718
#### prediction torch.Size([192, 4])
Epoch [10/11] Step [990/1241] Loss: 0.0874 Time: 540.179
#### prediction torch.Size([192, 4])
Epoch [10/11] Step [1023/1241] Loss: 0.0724 Time: 541.639
#### prediction torch.Size([192, 4])
Epoch [10/11] Step [1056/1241] Loss: 0.0856 Time: 543.1
#### prediction torch.Size([192, 4])
Epoch [10/11] Step [1089/1241] Loss: 0.0697 Time: 544.56
#### prediction torch.Size([192, 4])
Epoch [10/11] Step [1122/1241] Loss: 0.0602 Time: 546.022
#### prediction torch.Size([192, 4])
Epoch [10/11] Step [1155/1241] Loss: 0.0851 Time: 547.486
#### prediction torch.Size([192, 4])
Epoch [10/11] Step [1188/1241] Loss: 0.0734 Time: 548.946
#### prediction torch.Size([192, 4])
Epoch [10/11] Step [1221/1241] Loss: 0.0675 Time: 550.407
#### TRAINED MODEL ResNet1D model training time: 606.272 total training time: 610.692 ####
#### TRAINING TOTAL TIME: 606.272 ####
Accuracy of the ResNet1D model on the test set: 85.886718 %
#### TESTING TOTAL TIME: 4.883 ####
#### TIME #### TERMINO #### 664.781 ####
#### FINITO #### TERMINO #### NO-VA-MAS ####
#### TIMES #### modelling TOTAL TOTAL ==>> 664.781 seconds
#### #### READING DATA FILES #### ####
371 511 #### COMBI [reg, sid, ban, sec, men, med, sum, bet, npp, hfq, htp, hhh] METRICS ####
('Plantation', '/home/vargas/repos/forests-sounds-vargas/out/data/extraction/Plantation/2_00_PSA0010-2010_dict_y_split_7_2512283_1736694580.pkl')
(297840, 12) Index(['reg', 'sid', 'ban', 'sec', 'men', 'med', 'sum', 'bet', 'npp', 'hfq',
       'htp'],
      dtype='object') Index(['sid', 'ban', 'sec', 'men', 'med', 'sum', 'bet', 'npp', 'hfq', 'htp',
       'hhh'],
      dtype='object')
#### MERGE 68 merge_data Dataframe shape: (297840, 12) #### time: 627
#### #### SPLIT TRAIN TEST #### ####
#### CLASSES: [0 1 2 3] TOTAL 4
#### SPLIT train_test_split and CUDA: ??? cuda:0 #### time: 35
#### MODELS - TOTAL 1 ####
#### EPOCHS 11 ####
#### TRAINING MODELS ####
#### TRAINING MODEL ResNet1D ####
#### prediction torch.Size([192, 4])
Epoch [10/11] Step [33/1241] Loss: 0.1804 Time: 499.201
#### prediction torch.Size([192, 4])
Epoch [10/11] Step [66/1241] Loss: 0.1790 Time: 500.666
#### prediction torch.Size([192, 4])
Epoch [10/11] Step [99/1241] Loss: 0.1793 Time: 502.13
#### prediction torch.Size([192, 4])
Epoch [10/11] Step [132/1241] Loss: 0.1363 Time: 503.603
#### prediction torch.Size([192, 4])
Epoch [10/11] Step [165/1241] Loss: 0.2670 Time: 505.069
#### prediction torch.Size([192, 4])
Epoch [10/11] Step [198/1241] Loss: 0.2074 Time: 506.531
#### prediction torch.Size([192, 4])
Epoch [10/11] Step [231/1241] Loss: 0.1893 Time: 507.995
#### prediction torch.Size([192, 4])
Epoch [10/11] Step [264/1241] Loss: 0.2337 Time: 509.46
#### prediction torch.Size([192, 4])
Epoch [10/11] Step [297/1241] Loss: 0.2090 Time: 510.923
#### prediction torch.Size([192, 4])
Epoch [10/11] Step [330/1241] Loss: 0.2119 Time: 512.386
#### prediction torch.Size([192, 4])
Epoch [10/11] Step [363/1241] Loss: 0.1499 Time: 513.851
#### prediction torch.Size([192, 4])
Epoch [10/11] Step [396/1241] Loss: 0.2402 Time: 515.315
#### prediction torch.Size([192, 4])
Epoch [10/11] Step [429/1241] Loss: 0.1982 Time: 516.781
#### prediction torch.Size([192, 4])
Epoch [10/11] Step [462/1241] Loss: 0.1577 Time: 518.246
#### prediction torch.Size([192, 4])
Epoch [10/11] Step [495/1241] Loss: 0.1527 Time: 519.71
#### prediction torch.Size([192, 4])
Epoch [10/11] Step [528/1241] Loss: 0.1819 Time: 521.174
#### prediction torch.Size([192, 4])
Epoch [10/11] Step [561/1241] Loss: 0.2059 Time: 522.638
#### prediction torch.Size([192, 4])
Epoch [10/11] Step [594/1241] Loss: 0.2230 Time: 524.102
#### prediction torch.Size([192, 4])
Epoch [10/11] Step [627/1241] Loss: 0.2280 Time: 525.567
#### prediction torch.Size([192, 4])
Epoch [10/11] Step [660/1241] Loss: 0.2176 Time: 527.031
#### prediction torch.Size([192, 4])
Epoch [10/11] Step [693/1241] Loss: 0.1746 Time: 528.495
#### prediction torch.Size([192, 4])
Epoch [10/11] Step [726/1241] Loss: 0.1791 Time: 529.959
#### prediction torch.Size([192, 4])
Epoch [10/11] Step [759/1241] Loss: 0.2115 Time: 531.423
#### prediction torch.Size([192, 4])
Epoch [10/11] Step [792/1241] Loss: 0.2549 Time: 532.9
#### prediction torch.Size([192, 4])
Epoch [10/11] Step [825/1241] Loss: 0.2260 Time: 534.375
#### prediction torch.Size([192, 4])
Epoch [10/11] Step [858/1241] Loss: 0.1816 Time: 535.839
#### prediction torch.Size([192, 4])
Epoch [10/11] Step [891/1241] Loss: 0.2008 Time: 537.303
#### prediction torch.Size([192, 4])
Epoch [10/11] Step [924/1241] Loss: 0.1637 Time: 538.768
#### prediction torch.Size([192, 4])
Epoch [10/11] Step [957/1241] Loss: 0.2230 Time: 540.233
#### prediction torch.Size([192, 4])
Epoch [10/11] Step [990/1241] Loss: 0.2040 Time: 541.7
#### prediction torch.Size([192, 4])
Epoch [10/11] Step [1023/1241] Loss: 0.1707 Time: 543.165
#### prediction torch.Size([192, 4])
Epoch [10/11] Step [1056/1241] Loss: 0.1962 Time: 544.63
#### prediction torch.Size([192, 4])
Epoch [10/11] Step [1089/1241] Loss: 0.1652 Time: 546.099
#### prediction torch.Size([192, 4])
Epoch [10/11] Step [1122/1241] Loss: 0.2187 Time: 547.565
#### prediction torch.Size([192, 4])
Epoch [10/11] Step [1155/1241] Loss: 0.1902 Time: 549.03
#### prediction torch.Size([192, 4])
Epoch [10/11] Step [1188/1241] Loss: 0.1574 Time: 550.495
#### prediction torch.Size([192, 4])
Epoch [10/11] Step [1221/1241] Loss: 0.1692 Time: 551.96
#### TRAINED MODEL ResNet1D model training time: 608.167 total training time: 611.637 ####
#### TRAINING TOTAL TIME: 608.168 ####
Accuracy of the ResNet1D model on the test set: 90.43614 %
#### TESTING TOTAL TIME: 4.557 ####
#### TIME #### TERMINO #### 1328.549 ####
#### FINITO #### TERMINO #### NO-VA-MAS ####
#### TIMES #### modelling TOTAL TOTAL ==>> 1328.549 seconds
#### #### READING DATA FILES #### ####
372 511 #### COMBI [reg, sid, ban, sec, men, med, sum, bet, npp, hfq, htp, aei] METRICS ####
('Plantation', '/home/vargas/repos/forests-sounds-vargas/out/data/extraction/Plantation/2_00_PSA0010-2010_dict_y_split_7_2512283_1736694580.pkl')
(297840, 12) Index(['reg', 'sid', 'ban', 'sec', 'men', 'med', 'sum', 'bet', 'npp', 'hfq',
       'htp'],
      dtype='object') Index(['sid', 'ban', 'sec', 'men', 'med', 'sum', 'bet', 'npp', 'hfq', 'htp',
       'aei'],
      dtype='object')
#### MERGE 68 merge_data Dataframe shape: (297840, 12) #### time: 629
#### #### SPLIT TRAIN TEST #### ####
#### CLASSES: [0 1 2 3] TOTAL 4
#### SPLIT train_test_split and CUDA: ??? cuda:0 #### time: 35
#### MODELS - TOTAL 1 ####
#### EPOCHS 11 ####
#### TRAINING MODELS ####
#### TRAINING MODEL ResNet1D ####
#### prediction torch.Size([192, 4])
Epoch [10/11] Step [33/1241] Loss: 0.2882 Time: 498.903
#### prediction torch.Size([192, 4])
Epoch [10/11] Step [66/1241] Loss: 0.1812 Time: 500.361
#### prediction torch.Size([192, 4])
Epoch [10/11] Step [99/1241] Loss: 0.1570 Time: 501.818
#### prediction torch.Size([192, 4])
Epoch [10/11] Step [132/1241] Loss: 0.1552 Time: 503.274
#### prediction torch.Size([192, 4])
Epoch [10/11] Step [165/1241] Loss: 0.1927 Time: 504.734
#### prediction torch.Size([192, 4])
Epoch [10/11] Step [198/1241] Loss: 0.1969 Time: 506.191
#### prediction torch.Size([192, 4])
Epoch [10/11] Step [231/1241] Loss: 0.1584 Time: 507.649
#### prediction torch.Size([192, 4])
Epoch [10/11] Step [264/1241] Loss: 0.2424 Time: 509.106
#### prediction torch.Size([192, 4])
Epoch [10/11] Step [297/1241] Loss: 0.1951 Time: 510.564
#### prediction torch.Size([192, 4])
Epoch [10/11] Step [330/1241] Loss: 0.1415 Time: 512.022
#### prediction torch.Size([192, 4])
Epoch [10/11] Step [363/1241] Loss: 0.1858 Time: 513.479
#### prediction torch.Size([192, 4])
Epoch [10/11] Step [396/1241] Loss: 0.2148 Time: 515.12
#### prediction torch.Size([192, 4])
Epoch [10/11] Step [429/1241] Loss: 0.2025 Time: 516.577
#### prediction torch.Size([192, 4])
Epoch [10/11] Step [462/1241] Loss: 0.1752 Time: 518.033
#### prediction torch.Size([192, 4])
Epoch [10/11] Step [495/1241] Loss: 0.2464 Time: 519.491
#### prediction torch.Size([192, 4])
Epoch [10/11] Step [528/1241] Loss: 0.2088 Time: 520.948
#### prediction torch.Size([192, 4])
Epoch [10/11] Step [561/1241] Loss: 0.2244 Time: 522.405
#### prediction torch.Size([192, 4])
Epoch [10/11] Step [594/1241] Loss: 0.1787 Time: 523.863
#### prediction torch.Size([192, 4])
Epoch [10/11] Step [627/1241] Loss: 0.1619 Time: 525.32
#### prediction torch.Size([192, 4])
Epoch [10/11] Step [660/1241] Loss: 0.1985 Time: 526.779
#### prediction torch.Size([192, 4])
Epoch [10/11] Step [693/1241] Loss: 0.2019 Time: 528.244
#### prediction torch.Size([192, 4])
Epoch [10/11] Step [726/1241] Loss: 0.1774 Time: 529.702
#### prediction torch.Size([192, 4])
Epoch [10/11] Step [759/1241] Loss: 0.1849 Time: 531.162
#### prediction torch.Size([192, 4])
Epoch [10/11] Step [792/1241] Loss: 0.1412 Time: 532.618
#### prediction torch.Size([192, 4])
Epoch [10/11] Step [825/1241] Loss: 0.2115 Time: 534.075
#### prediction torch.Size([192, 4])
Epoch [10/11] Step [858/1241] Loss: 0.1513 Time: 535.53
#### prediction torch.Size([192, 4])
Epoch [10/11] Step [891/1241] Loss: 0.2726 Time: 536.987
#### prediction torch.Size([192, 4])
Epoch [10/11] Step [924/1241] Loss: 0.2242 Time: 538.443
#### prediction torch.Size([192, 4])
Epoch [10/11] Step [957/1241] Loss: 0.2029 Time: 539.899
#### prediction torch.Size([192, 4])
Epoch [10/11] Step [990/1241] Loss: 0.1645 Time: 541.359
#### prediction torch.Size([192, 4])
Epoch [10/11] Step [1023/1241] Loss: 0.2055 Time: 542.818
#### prediction torch.Size([192, 4])
Epoch [10/11] Step [1056/1241] Loss: 0.1456 Time: 544.276
#### prediction torch.Size([192, 4])
Epoch [10/11] Step [1089/1241] Loss: 0.2191 Time: 545.731
#### prediction torch.Size([192, 4])
Epoch [10/11] Step [1122/1241] Loss: 0.1795 Time: 547.186
#### prediction torch.Size([192, 4])
Epoch [10/11] Step [1155/1241] Loss: 0.1897 Time: 548.642
#### prediction torch.Size([192, 4])
Epoch [10/11] Step [1188/1241] Loss: 0.2215 Time: 550.098
#### prediction torch.Size([192, 4])
Epoch [10/11] Step [1221/1241] Loss: 0.1439 Time: 551.554
#### TRAINED MODEL ResNet1D model training time: 607.219 total training time: 610.711 ####
#### TRAINING TOTAL TIME: 607.219 ####
Accuracy of the ResNet1D model on the test set: 91.290626 %
#### TESTING TOTAL TIME: 4.685 ####
#### TIME #### TERMINO #### 1992.386 ####
#### FINITO #### TERMINO #### NO-VA-MAS ####
#### TIMES #### modelling TOTAL TOTAL ==>> 1992.386 seconds
#### #### READING DATA FILES #### ####
373 511 #### COMBI [reg, sid, ban, sec, men, med, sum, bet, npp, hfq, hhh, aei] METRICS ####
('Plantation', '/home/vargas/repos/forests-sounds-vargas/out/data/extraction/Plantation/2_00_PSA0010-2010_dict_y_split_7_2512283_1736694580.pkl')
(297840, 12) Index(['reg', 'sid', 'ban', 'sec', 'men', 'med', 'sum', 'bet', 'npp', 'hfq',
       'hhh'],
      dtype='object') Index(['sid', 'ban', 'sec', 'men', 'med', 'sum', 'bet', 'npp', 'hfq', 'hhh',
       'aei'],
      dtype='object')
#### MERGE 68 merge_data Dataframe shape: (297840, 12) #### time: 628
#### #### SPLIT TRAIN TEST #### ####
#### CLASSES: [0 1 2 3] TOTAL 4
#### SPLIT train_test_split and CUDA: ??? cuda:0 #### time: 35
#### MODELS - TOTAL 1 ####
#### EPOCHS 11 ####
#### TRAINING MODELS ####
#### TRAINING MODEL ResNet1D ####
#### prediction torch.Size([192, 4])
Epoch [10/11] Step [33/1241] Loss: 0.2052 Time: 494.716
#### prediction torch.Size([192, 4])
Epoch [10/11] Step [66/1241] Loss: 0.1508 Time: 496.164
#### prediction torch.Size([192, 4])
Epoch [10/11] Step [99/1241] Loss: 0.2290 Time: 497.614
#### prediction torch.Size([192, 4])
Epoch [10/11] Step [132/1241] Loss: 0.1999 Time: 499.064
#### prediction torch.Size([192, 4])
Epoch [10/11] Step [165/1241] Loss: 0.2803 Time: 500.514
#### prediction torch.Size([192, 4])
Epoch [10/11] Step [198/1241] Loss: 0.1802 Time: 501.964
#### prediction torch.Size([192, 4])
Epoch [10/11] Step [231/1241] Loss: 0.2829 Time: 503.414
#### prediction torch.Size([192, 4])
Epoch [10/11] Step [264/1241] Loss: 0.1712 Time: 504.863
#### prediction torch.Size([192, 4])
Epoch [10/11] Step [297/1241] Loss: 0.1782 Time: 506.312
#### prediction torch.Size([192, 4])
Epoch [10/11] Step [330/1241] Loss: 0.1577 Time: 507.762
#### prediction torch.Size([192, 4])
Epoch [10/11] Step [363/1241] Loss: 0.1733 Time: 509.216
#### prediction torch.Size([192, 4])
Epoch [10/11] Step [396/1241] Loss: 0.2024 Time: 510.666
#### prediction torch.Size([192, 4])
Epoch [10/11] Step [429/1241] Loss: 0.1627 Time: 512.119
#### prediction torch.Size([192, 4])
Epoch [10/11] Step [462/1241] Loss: 0.1579 Time: 513.569
#### prediction torch.Size([192, 4])
Epoch [10/11] Step [495/1241] Loss: 0.2111 Time: 515.018
#### prediction torch.Size([192, 4])
Epoch [10/11] Step [528/1241] Loss: 0.1589 Time: 516.467
#### prediction torch.Size([192, 4])
Epoch [10/11] Step [561/1241] Loss: 0.2660 Time: 517.916
#### prediction torch.Size([192, 4])
Epoch [10/11] Step [594/1241] Loss: 0.1979 Time: 519.366
#### prediction torch.Size([192, 4])
Epoch [10/11] Step [627/1241] Loss: 0.2109 Time: 520.815
#### prediction torch.Size([192, 4])
Epoch [10/11] Step [660/1241] Loss: 0.2130 Time: 522.265
#### prediction torch.Size([192, 4])
Epoch [10/11] Step [693/1241] Loss: 0.1844 Time: 523.715
#### prediction torch.Size([192, 4])
Epoch [10/11] Step [726/1241] Loss: 0.1462 Time: 525.175
#### prediction torch.Size([192, 4])
Epoch [10/11] Step [759/1241] Loss: 0.1975 Time: 526.625
#### prediction torch.Size([192, 4])
Epoch [10/11] Step [792/1241] Loss: 0.1810 Time: 528.074
#### prediction torch.Size([192, 4])
Epoch [10/11] Step [825/1241] Loss: 0.1626 Time: 529.525
#### prediction torch.Size([192, 4])
Epoch [10/11] Step [858/1241] Loss: 0.2189 Time: 530.974
#### prediction torch.Size([192, 4])
Epoch [10/11] Step [891/1241] Loss: 0.1415 Time: 532.425
#### prediction torch.Size([192, 4])
Epoch [10/11] Step [924/1241] Loss: 0.1992 Time: 533.876
#### prediction torch.Size([192, 4])
Epoch [10/11] Step [957/1241] Loss: 0.1687 Time: 535.325
#### prediction torch.Size([192, 4])
Epoch [10/11] Step [990/1241] Loss: 0.1887 Time: 536.773
#### prediction torch.Size([192, 4])
Epoch [10/11] Step [1023/1241] Loss: 0.2353 Time: 538.226
#### prediction torch.Size([192, 4])
Epoch [10/11] Step [1056/1241] Loss: 0.1458 Time: 539.675
#### prediction torch.Size([192, 4])
Epoch [10/11] Step [1089/1241] Loss: 0.1274 Time: 541.125
#### prediction torch.Size([192, 4])
Epoch [10/11] Step [1122/1241] Loss: 0.1821 Time: 542.574
#### prediction torch.Size([192, 4])
Epoch [10/11] Step [1155/1241] Loss: 0.1576 Time: 544.024
#### prediction torch.Size([192, 4])
Epoch [10/11] Step [1188/1241] Loss: 0.1521 Time: 545.473
#### prediction torch.Size([192, 4])
Epoch [10/11] Step [1221/1241] Loss: 0.1494 Time: 547.101
#### TRAINED MODEL ResNet1D model training time: 602.533 total training time: 605.799 ####
#### TRAINING TOTAL TIME: 602.533 ####
Accuracy of the ResNet1D model on the test set: 91.664988 %
#### TESTING TOTAL TIME: 4.501 ####
#### TIME #### TERMINO #### 2651.411 ####
#### FINITO #### TERMINO #### NO-VA-MAS ####
#### TIMES #### modelling TOTAL TOTAL ==>> 2651.411 seconds
#### #### READING DATA FILES #### ####
374 511 #### COMBI [reg, sid, ban, sec, men, med, sum, bet, npp, htp, hhh, aei] METRICS ####
('Plantation', '/home/vargas/repos/forests-sounds-vargas/out/data/extraction/Plantation/2_00_PSA0010-2010_dict_y_split_7_2512283_1736694580.pkl')
(297840, 12) Index(['reg', 'sid', 'ban', 'sec', 'men', 'med', 'sum', 'bet', 'npp', 'htp',
       'hhh'],
      dtype='object') Index(['sid', 'ban', 'sec', 'men', 'med', 'sum', 'bet', 'npp', 'htp', 'hhh',
       'aei'],
      dtype='object')
#### MERGE 68 merge_data Dataframe shape: (297840, 12) #### time: 622
#### #### SPLIT TRAIN TEST #### ####
#### CLASSES: [0 1 2 3] TOTAL 4
#### SPLIT train_test_split and CUDA: ??? cuda:0 #### time: 35
#### MODELS - TOTAL 1 ####
#### EPOCHS 11 ####
#### TRAINING MODELS ####
#### TRAINING MODEL ResNet1D ####
#### prediction torch.Size([192, 4])
Epoch [10/11] Step [33/1241] Loss: 0.1609 Time: 493.004
#### prediction torch.Size([192, 4])
Epoch [10/11] Step [66/1241] Loss: 0.1252 Time: 494.454
#### prediction torch.Size([192, 4])
Epoch [10/11] Step [99/1241] Loss: 0.1708 Time: 495.906
#### prediction torch.Size([192, 4])
Epoch [10/11] Step [132/1241] Loss: 0.0910 Time: 497.365
#### prediction torch.Size([192, 4])
Epoch [10/11] Step [165/1241] Loss: 0.1450 Time: 498.814
#### prediction torch.Size([192, 4])
Epoch [10/11] Step [198/1241] Loss: 0.1746 Time: 500.263
#### prediction torch.Size([192, 4])
Epoch [10/11] Step [231/1241] Loss: 0.2104 Time: 501.713
#### prediction torch.Size([192, 4])
Epoch [10/11] Step [264/1241] Loss: 0.1275 Time: 503.164
#### prediction torch.Size([192, 4])
Epoch [10/11] Step [297/1241] Loss: 0.1979 Time: 504.613
#### prediction torch.Size([192, 4])
Epoch [10/11] Step [330/1241] Loss: 0.1527 Time: 506.062
#### prediction torch.Size([192, 4])
Epoch [10/11] Step [363/1241] Loss: 0.1110 Time: 507.512
#### prediction torch.Size([192, 4])
Epoch [10/11] Step [396/1241] Loss: 0.1472 Time: 508.96
#### prediction torch.Size([192, 4])
Epoch [10/11] Step [429/1241] Loss: 0.1293 Time: 510.409
#### prediction torch.Size([192, 4])
Epoch [10/11] Step [462/1241] Loss: 0.1604 Time: 511.86
#### prediction torch.Size([192, 4])
Epoch [10/11] Step [495/1241] Loss: 0.1838 Time: 513.309
#### prediction torch.Size([192, 4])
Epoch [10/11] Step [528/1241] Loss: 0.2235 Time: 514.759
#### prediction torch.Size([192, 4])
Epoch [10/11] Step [561/1241] Loss: 0.1224 Time: 516.208
#### prediction torch.Size([192, 4])
Epoch [10/11] Step [594/1241] Loss: 0.1466 Time: 517.657
#### prediction torch.Size([192, 4])
Epoch [10/11] Step [627/1241] Loss: 0.1940 Time: 519.107
#### prediction torch.Size([192, 4])
Epoch [10/11] Step [660/1241] Loss: 0.1404 Time: 520.558
#### prediction torch.Size([192, 4])
Epoch [10/11] Step [693/1241] Loss: 0.1194 Time: 522.008
#### prediction torch.Size([192, 4])
Epoch [10/11] Step [726/1241] Loss: 0.1180 Time: 523.458
#### prediction torch.Size([192, 4])
Epoch [10/11] Step [759/1241] Loss: 0.1433 Time: 524.908
#### prediction torch.Size([192, 4])
Epoch [10/11] Step [792/1241] Loss: 0.1136 Time: 526.366
#### prediction torch.Size([192, 4])
Epoch [10/11] Step [825/1241] Loss: 0.1504 Time: 527.817
#### prediction torch.Size([192, 4])
Epoch [10/11] Step [858/1241] Loss: 0.1419 Time: 529.288
#### prediction torch.Size([192, 4])
Epoch [10/11] Step [891/1241] Loss: 0.1633 Time: 530.743
#### prediction torch.Size([192, 4])
Epoch [10/11] Step [924/1241] Loss: 0.1528 Time: 532.193
#### prediction torch.Size([192, 4])
Epoch [10/11] Step [957/1241] Loss: 0.1108 Time: 533.642
#### prediction torch.Size([192, 4])
Epoch [10/11] Step [990/1241] Loss: 0.1132 Time: 535.091
#### prediction torch.Size([192, 4])
Epoch [10/11] Step [1023/1241] Loss: 0.1700 Time: 536.55
#### prediction torch.Size([192, 4])
Epoch [10/11] Step [1056/1241] Loss: 0.1309 Time: 537.998
#### prediction torch.Size([192, 4])
Epoch [10/11] Step [1089/1241] Loss: 0.1244 Time: 539.447
#### prediction torch.Size([192, 4])
Epoch [10/11] Step [1122/1241] Loss: 0.1149 Time: 540.899
#### prediction torch.Size([192, 4])
Epoch [10/11] Step [1155/1241] Loss: 0.1010 Time: 542.356
#### prediction torch.Size([192, 4])
Epoch [10/11] Step [1188/1241] Loss: 0.1634 Time: 543.812
#### prediction torch.Size([192, 4])
Epoch [10/11] Step [1221/1241] Loss: 0.1632 Time: 545.26
#### TRAINED MODEL ResNet1D model training time: 600.804 total training time: 604.013 ####
#### TRAINING TOTAL TIME: 600.804 ####
Accuracy of the ResNet1D model on the test set: 91.121072 %
#### TESTING TOTAL TIME: 4.482 ####
#### TIME #### TERMINO #### 3307.653 ####
#### FINITO #### TERMINO #### NO-VA-MAS ####
#### TIMES #### modelling TOTAL TOTAL ==>> 3307.653 seconds
#### #### READING DATA FILES #### ####
375 511 #### COMBI [reg, sid, ban, sec, men, med, sum, bet, hfq, htp, hhh, aei] METRICS ####
('Plantation', '/home/vargas/repos/forests-sounds-vargas/out/data/extraction/Plantation/2_00_PSA0010-2010_dict_y_split_7_2512283_1736694580.pkl')
(297840, 12) Index(['reg', 'sid', 'ban', 'sec', 'men', 'med', 'sum', 'bet', 'hfq', 'htp',
       'hhh'],
      dtype='object') Index(['sid', 'ban', 'sec', 'men', 'med', 'sum', 'bet', 'hfq', 'htp', 'hhh',
       'aei'],
      dtype='object')
#### MERGE 68 merge_data Dataframe shape: (297840, 12) #### time: 620
#### #### SPLIT TRAIN TEST #### ####
#### CLASSES: [0 1 2 3] TOTAL 4
#### SPLIT train_test_split and CUDA: ??? cuda:0 #### time: 35
#### MODELS - TOTAL 1 ####
#### EPOCHS 11 ####
#### TRAINING MODELS ####
#### TRAINING MODEL ResNet1D ####
#### prediction torch.Size([192, 4])
Epoch [10/11] Step [33/1241] Loss: 0.1118 Time: 492.33
#### prediction torch.Size([192, 4])
Epoch [10/11] Step [66/1241] Loss: 0.1181 Time: 493.78
#### prediction torch.Size([192, 4])
Epoch [10/11] Step [99/1241] Loss: 0.0881 Time: 495.229
#### prediction torch.Size([192, 4])
Epoch [10/11] Step [132/1241] Loss: 0.0571 Time: 496.678
#### prediction torch.Size([192, 4])
Epoch [10/11] Step [165/1241] Loss: 0.0674 Time: 498.127
#### prediction torch.Size([192, 4])
Epoch [10/11] Step [198/1241] Loss: 0.1121 Time: 499.576
#### prediction torch.Size([192, 4])
Epoch [10/11] Step [231/1241] Loss: 0.1716 Time: 501.029
#### prediction torch.Size([192, 4])
Epoch [10/11] Step [264/1241] Loss: 0.0820 Time: 502.479
#### prediction torch.Size([192, 4])
Epoch [10/11] Step [297/1241] Loss: 0.0900 Time: 503.929
#### prediction torch.Size([192, 4])
Epoch [10/11] Step [330/1241] Loss: 0.0961 Time: 505.378
#### prediction torch.Size([192, 4])
Epoch [10/11] Step [363/1241] Loss: 0.1105 Time: 506.828
#### prediction torch.Size([192, 4])
Epoch [10/11] Step [396/1241] Loss: 0.1079 Time: 508.278
#### prediction torch.Size([192, 4])
Epoch [10/11] Step [429/1241] Loss: 0.1252 Time: 509.727
#### prediction torch.Size([192, 4])
Epoch [10/11] Step [462/1241] Loss: 0.1316 Time: 511.175
#### prediction torch.Size([192, 4])
Epoch [10/11] Step [495/1241] Loss: 0.1582 Time: 512.625
#### prediction torch.Size([192, 4])
Epoch [10/11] Step [528/1241] Loss: 0.0603 Time: 514.074
#### prediction torch.Size([192, 4])
Epoch [10/11] Step [561/1241] Loss: 0.0784 Time: 515.524
#### prediction torch.Size([192, 4])
Epoch [10/11] Step [594/1241] Loss: 0.0953 Time: 516.972
#### prediction torch.Size([192, 4])
Epoch [10/11] Step [627/1241] Loss: 0.0868 Time: 518.421
#### prediction torch.Size([192, 4])
Epoch [10/11] Step [660/1241] Loss: 0.0545 Time: 519.87
#### prediction torch.Size([192, 4])
Epoch [10/11] Step [693/1241] Loss: 0.1172 Time: 521.319
#### prediction torch.Size([192, 4])
Epoch [10/11] Step [726/1241] Loss: 0.0997 Time: 522.946
#### prediction torch.Size([192, 4])
Epoch [10/11] Step [759/1241] Loss: 0.0891 Time: 524.407
#### prediction torch.Size([192, 4])
Epoch [10/11] Step [792/1241] Loss: 0.0873 Time: 525.863
#### prediction torch.Size([192, 4])
Epoch [10/11] Step [825/1241] Loss: 0.1341 Time: 527.309
#### prediction torch.Size([192, 4])
Epoch [10/11] Step [858/1241] Loss: 0.1009 Time: 528.757
#### prediction torch.Size([192, 4])
Epoch [10/11] Step [891/1241] Loss: 0.2058 Time: 530.209
#### prediction torch.Size([192, 4])
Epoch [10/11] Step [924/1241] Loss: 0.0914 Time: 531.66
#### prediction torch.Size([192, 4])
Epoch [10/11] Step [957/1241] Loss: 0.1025 Time: 533.106
#### prediction torch.Size([192, 4])
Epoch [10/11] Step [990/1241] Loss: 0.0972 Time: 534.553
#### prediction torch.Size([192, 4])
Epoch [10/11] Step [1023/1241] Loss: 0.1093 Time: 535.998
#### prediction torch.Size([192, 4])
Epoch [10/11] Step [1056/1241] Loss: 0.0936 Time: 537.444
#### prediction torch.Size([192, 4])
Epoch [10/11] Step [1089/1241] Loss: 0.0494 Time: 538.889
#### prediction torch.Size([192, 4])
Epoch [10/11] Step [1122/1241] Loss: 0.1182 Time: 540.335
#### prediction torch.Size([192, 4])
Epoch [10/11] Step [1155/1241] Loss: 0.1071 Time: 541.781
#### prediction torch.Size([192, 4])
Epoch [10/11] Step [1188/1241] Loss: 0.0462 Time: 543.227
#### prediction torch.Size([192, 4])
Epoch [10/11] Step [1221/1241] Loss: 0.1197 Time: 544.672
#### TRAINED MODEL ResNet1D model training time: 599.993 total training time: 603.411 ####
#### TRAINING TOTAL TIME: 599.993 ####
Accuracy of the ResNet1D model on the test set: 39.460784 %
#### TESTING TOTAL TIME: 4.484 ####
#### TIME #### TERMINO #### 3962.752 ####
#### FINITO #### TERMINO #### NO-VA-MAS ####
#### TIMES #### modelling TOTAL TOTAL ==>> 3962.752 seconds
#### #### READING DATA FILES #### ####
376 511 #### COMBI [reg, sid, ban, sec, men, med, sum, mmm, npp, hfq, htp, hhh] METRICS ####
('Plantation', '/home/vargas/repos/forests-sounds-vargas/out/data/extraction/Plantation/2_00_PSA0010-2010_dict_y_split_7_2512283_1736694580.pkl')
(297840, 12) Index(['reg', 'sid', 'ban', 'sec', 'men', 'med', 'sum', 'mmm', 'npp', 'hfq',
       'htp'],
      dtype='object') Index(['sid', 'ban', 'sec', 'men', 'med', 'sum', 'mmm', 'npp', 'hfq', 'htp',
       'hhh'],
      dtype='object')
#### MERGE 68 merge_data Dataframe shape: (297840, 12) #### time: 623
#### #### SPLIT TRAIN TEST #### ####
#### CLASSES: [0 1 2 3] TOTAL 4
#### SPLIT train_test_split and CUDA: ??? cuda:0 #### time: 35
#### MODELS - TOTAL 1 ####
#### EPOCHS 11 ####
#### TRAINING MODELS ####
#### TRAINING MODEL ResNet1D ####
#### prediction torch.Size([192, 4])
Epoch [10/11] Step [33/1241] Loss: 0.1168 Time: 493.115
#### prediction torch.Size([192, 4])
Epoch [10/11] Step [66/1241] Loss: 0.1544 Time: 494.566
#### prediction torch.Size([192, 4])
Epoch [10/11] Step [99/1241] Loss: 0.3321 Time: 496.016
#### prediction torch.Size([192, 4])
Epoch [10/11] Step [132/1241] Loss: 0.1790 Time: 497.465
#### prediction torch.Size([192, 4])
Epoch [10/11] Step [165/1241] Loss: 0.1636 Time: 498.915
#### prediction torch.Size([192, 4])
Epoch [10/11] Step [198/1241] Loss: 0.1372 Time: 500.364
#### prediction torch.Size([192, 4])
Epoch [10/11] Step [231/1241] Loss: 0.2010 Time: 501.82
#### prediction torch.Size([192, 4])
Epoch [10/11] Step [264/1241] Loss: 0.2507 Time: 503.269
#### prediction torch.Size([192, 4])
Epoch [10/11] Step [297/1241] Loss: 0.1778 Time: 504.718
#### prediction torch.Size([192, 4])
Epoch [10/11] Step [330/1241] Loss: 0.1301 Time: 506.167
#### prediction torch.Size([192, 4])
Epoch [10/11] Step [363/1241] Loss: 0.2628 Time: 507.617
#### prediction torch.Size([192, 4])
Epoch [10/11] Step [396/1241] Loss: 0.1756 Time: 509.067
#### prediction torch.Size([192, 4])
Epoch [10/11] Step [429/1241] Loss: 0.1402 Time: 510.516
#### prediction torch.Size([192, 4])
Epoch [10/11] Step [462/1241] Loss: 0.2341 Time: 511.965
#### prediction torch.Size([192, 4])
Epoch [10/11] Step [495/1241] Loss: 0.1538 Time: 513.413
#### prediction torch.Size([192, 4])
Epoch [10/11] Step [528/1241] Loss: 0.1812 Time: 514.863
#### prediction torch.Size([192, 4])
Epoch [10/11] Step [561/1241] Loss: 0.1935 Time: 516.313
#### prediction torch.Size([192, 4])
Epoch [10/11] Step [594/1241] Loss: 0.1707 Time: 517.766
#### prediction torch.Size([192, 4])
Epoch [10/11] Step [627/1241] Loss: 0.1870 Time: 519.215
#### prediction torch.Size([192, 4])
Epoch [10/11] Step [660/1241] Loss: 0.1583 Time: 520.665
#### prediction torch.Size([192, 4])
Epoch [10/11] Step [693/1241] Loss: 0.1003 Time: 522.113
#### prediction torch.Size([192, 4])
Epoch [10/11] Step [726/1241] Loss: 0.1741 Time: 523.563
#### prediction torch.Size([192, 4])
Epoch [10/11] Step [759/1241] Loss: 0.1509 Time: 525.012
#### prediction torch.Size([192, 4])
Epoch [10/11] Step [792/1241] Loss: 0.1853 Time: 526.462
#### prediction torch.Size([192, 4])
Epoch [10/11] Step [825/1241] Loss: 0.1172 Time: 527.912
#### prediction torch.Size([192, 4])
Epoch [10/11] Step [858/1241] Loss: 0.1925 Time: 529.361
#### prediction torch.Size([192, 4])
Epoch [10/11] Step [891/1241] Loss: 0.1306 Time: 530.811
#### prediction torch.Size([192, 4])
Epoch [10/11] Step [924/1241] Loss: 0.3211 Time: 532.274
#### prediction torch.Size([192, 4])
Epoch [10/11] Step [957/1241] Loss: 0.1076 Time: 533.728
#### prediction torch.Size([192, 4])
Epoch [10/11] Step [990/1241] Loss: 0.1736 Time: 535.183
#### prediction torch.Size([192, 4])
Epoch [10/11] Step [1023/1241] Loss: 0.1814 Time: 536.638
#### prediction torch.Size([192, 4])
Epoch [10/11] Step [1056/1241] Loss: 0.2621 Time: 538.093
#### prediction torch.Size([192, 4])
Epoch [10/11] Step [1089/1241] Loss: 0.1950 Time: 539.549
#### prediction torch.Size([192, 4])
Epoch [10/11] Step [1122/1241] Loss: 0.1932 Time: 541.004
#### prediction torch.Size([192, 4])
Epoch [10/11] Step [1155/1241] Loss: 0.1441 Time: 542.458
#### prediction torch.Size([192, 4])
Epoch [10/11] Step [1188/1241] Loss: 0.1464 Time: 543.913
#### prediction torch.Size([192, 4])
Epoch [10/11] Step [1221/1241] Loss: 0.2261 Time: 545.369
#### TRAINED MODEL ResNet1D model training time: 601.191 total training time: 604.65 ####
#### TRAINING TOTAL TIME: 601.191 ####
Accuracy of the ResNet1D model on the test set: 71.123758 %
#### TESTING TOTAL TIME: 4.513 ####
#### TIME #### TERMINO #### 4622.962 ####
#### FINITO #### TERMINO #### NO-VA-MAS ####
#### TIMES #### modelling TOTAL TOTAL ==>> 4622.962 seconds
#### #### READING DATA FILES #### ####
377 511 #### COMBI [reg, sid, ban, sec, men, med, sum, mmm, npp, hfq, htp, aei] METRICS ####
('Plantation', '/home/vargas/repos/forests-sounds-vargas/out/data/extraction/Plantation/2_00_PSA0010-2010_dict_y_split_7_2512283_1736694580.pkl')
(297840, 12) Index(['reg', 'sid', 'ban', 'sec', 'men', 'med', 'sum', 'mmm', 'npp', 'hfq',
       'htp'],
      dtype='object') Index(['sid', 'ban', 'sec', 'men', 'med', 'sum', 'mmm', 'npp', 'hfq', 'htp',
       'aei'],
      dtype='object')
#### MERGE 68 merge_data Dataframe shape: (297840, 12) #### time: 625
#### #### SPLIT TRAIN TEST #### ####
#### CLASSES: [0 1 2 3] TOTAL 4
#### SPLIT train_test_split and CUDA: ??? cuda:0 #### time: 34
#### MODELS - TOTAL 1 ####
#### EPOCHS 11 ####
#### TRAINING MODELS ####
#### TRAINING MODEL ResNet1D ####
#### prediction torch.Size([192, 4])
Epoch [10/11] Step [33/1241] Loss: 0.1150 Time: 493.664
#### prediction torch.Size([192, 4])
Epoch [10/11] Step [66/1241] Loss: 0.2019 Time: 495.135
#### prediction torch.Size([192, 4])
Epoch [10/11] Step [99/1241] Loss: 0.1226 Time: 496.616
#### prediction torch.Size([192, 4])
Epoch [10/11] Step [132/1241] Loss: 0.1674 Time: 498.087
#### prediction torch.Size([192, 4])
Epoch [10/11] Step [165/1241] Loss: 0.1457 Time: 499.56
#### prediction torch.Size([192, 4])
Epoch [10/11] Step [198/1241] Loss: 0.1879 Time: 501.206
#### prediction torch.Size([192, 4])
Epoch [10/11] Step [231/1241] Loss: 0.1749 Time: 502.66
#### prediction torch.Size([192, 4])
Epoch [10/11] Step [264/1241] Loss: 0.1916 Time: 504.112
#### prediction torch.Size([192, 4])
Epoch [10/11] Step [297/1241] Loss: 0.1509 Time: 505.563
#### prediction torch.Size([192, 4])
Epoch [10/11] Step [330/1241] Loss: 0.1426 Time: 507.014
#### prediction torch.Size([192, 4])
Epoch [10/11] Step [363/1241] Loss: 0.1483 Time: 508.482
#### prediction torch.Size([192, 4])
Epoch [10/11] Step [396/1241] Loss: 0.1549 Time: 509.936
#### prediction torch.Size([192, 4])
Epoch [10/11] Step [429/1241] Loss: 0.1475 Time: 511.403
#### prediction torch.Size([192, 4])
Epoch [10/11] Step [462/1241] Loss: 0.1764 Time: 512.889
#### prediction torch.Size([192, 4])
Epoch [10/11] Step [495/1241] Loss: 0.1708 Time: 514.34
#### prediction torch.Size([192, 4])
Epoch [10/11] Step [528/1241] Loss: 0.1923 Time: 515.793
#### prediction torch.Size([192, 4])
Epoch [10/11] Step [561/1241] Loss: 0.2609 Time: 517.245
#### prediction torch.Size([192, 4])
Epoch [10/11] Step [594/1241] Loss: 0.1441 Time: 518.697
#### prediction torch.Size([192, 4])
Epoch [10/11] Step [627/1241] Loss: 0.1953 Time: 520.15
#### prediction torch.Size([192, 4])
Epoch [10/11] Step [660/1241] Loss: 0.1571 Time: 521.601
#### prediction torch.Size([192, 4])
Epoch [10/11] Step [693/1241] Loss: 0.1327 Time: 523.053
#### prediction torch.Size([192, 4])
Epoch [10/11] Step [726/1241] Loss: 0.1540 Time: 524.506
#### prediction torch.Size([192, 4])
Epoch [10/11] Step [759/1241] Loss: 0.1380 Time: 525.958
#### prediction torch.Size([192, 4])
Epoch [10/11] Step [792/1241] Loss: 0.1154 Time: 527.41
#### prediction torch.Size([192, 4])
Epoch [10/11] Step [825/1241] Loss: 0.1765 Time: 528.863
#### prediction torch.Size([192, 4])
Epoch [10/11] Step [858/1241] Loss: 0.1941 Time: 530.316
#### prediction torch.Size([192, 4])
Epoch [10/11] Step [891/1241] Loss: 0.1254 Time: 531.777
#### prediction torch.Size([192, 4])
Epoch [10/11] Step [924/1241] Loss: 0.1826 Time: 533.228
#### prediction torch.Size([192, 4])
Epoch [10/11] Step [957/1241] Loss: 0.1146 Time: 534.679
#### prediction torch.Size([192, 4])
Epoch [10/11] Step [990/1241] Loss: 0.1854 Time: 536.132
#### prediction torch.Size([192, 4])
Epoch [10/11] Step [1023/1241] Loss: 0.1941 Time: 537.583
#### prediction torch.Size([192, 4])
Epoch [10/11] Step [1056/1241] Loss: 0.1600 Time: 539.035
#### prediction torch.Size([192, 4])
Epoch [10/11] Step [1089/1241] Loss: 0.1297 Time: 540.486
#### prediction torch.Size([192, 4])
Epoch [10/11] Step [1122/1241] Loss: 0.1597 Time: 541.938
#### prediction torch.Size([192, 4])
Epoch [10/11] Step [1155/1241] Loss: 0.1302 Time: 543.39
#### prediction torch.Size([192, 4])
Epoch [10/11] Step [1188/1241] Loss: 0.1514 Time: 544.842
#### prediction torch.Size([192, 4])
Epoch [10/11] Step [1221/1241] Loss: 0.1086 Time: 546.294
#### TRAINED MODEL ResNet1D model training time: 602.061 total training time: 605.0 ####
#### TRAINING TOTAL TIME: 602.061 ####
Accuracy of the ResNet1D model on the test set: 89.593406 %
#### TESTING TOTAL TIME: 4.497 ####
#### TIME #### TERMINO #### 5284.135 ####
#### FINITO #### TERMINO #### NO-VA-MAS ####
#### TIMES #### modelling TOTAL TOTAL ==>> 5284.135 seconds
#### #### READING DATA FILES #### ####
378 511 #### COMBI [reg, sid, ban, sec, men, med, sum, mmm, npp, hfq, hhh, aei] METRICS ####
('Plantation', '/home/vargas/repos/forests-sounds-vargas/out/data/extraction/Plantation/2_00_PSA0010-2010_dict_y_split_7_2512283_1736694580.pkl')
(297840, 12) Index(['reg', 'sid', 'ban', 'sec', 'men', 'med', 'sum', 'mmm', 'npp', 'hfq',
       'hhh'],
      dtype='object') Index(['sid', 'ban', 'sec', 'men', 'med', 'sum', 'mmm', 'npp', 'hfq', 'hhh',
       'aei'],
      dtype='object')
#### MERGE 68 merge_data Dataframe shape: (297840, 12) #### time: 622
#### #### SPLIT TRAIN TEST #### ####
#### CLASSES: [0 1 2 3] TOTAL 4
#### SPLIT train_test_split and CUDA: ??? cuda:0 #### time: 35
#### MODELS - TOTAL 1 ####
#### EPOCHS 11 ####
#### TRAINING MODELS ####
#### TRAINING MODEL ResNet1D ####
#### prediction torch.Size([192, 4])
Epoch [10/11] Step [33/1241] Loss: 0.1833 Time: 494.955
#### prediction torch.Size([192, 4])
Epoch [10/11] Step [66/1241] Loss: 0.2712 Time: 496.407
#### prediction torch.Size([192, 4])
Epoch [10/11] Step [99/1241] Loss: 0.1821 Time: 497.861
#### prediction torch.Size([192, 4])
Epoch [10/11] Step [132/1241] Loss: 0.2051 Time: 499.315
#### prediction torch.Size([192, 4])
Epoch [10/11] Step [165/1241] Loss: 0.1584 Time: 500.768
#### prediction torch.Size([192, 4])
Epoch [10/11] Step [198/1241] Loss: 0.1719 Time: 502.222
#### prediction torch.Size([192, 4])
Epoch [10/11] Step [231/1241] Loss: 0.2340 Time: 503.685
#### prediction torch.Size([192, 4])
Epoch [10/11] Step [264/1241] Loss: 0.1748 Time: 505.139
#### prediction torch.Size([192, 4])
Epoch [10/11] Step [297/1241] Loss: 0.1710 Time: 506.593
#### prediction torch.Size([192, 4])
Epoch [10/11] Step [330/1241] Loss: 0.1421 Time: 508.045
#### prediction torch.Size([192, 4])
Epoch [10/11] Step [363/1241] Loss: 0.1754 Time: 509.5
#### prediction torch.Size([192, 4])
Epoch [10/11] Step [396/1241] Loss: 0.1830 Time: 510.954
#### prediction torch.Size([192, 4])
Epoch [10/11] Step [429/1241] Loss: 0.1496 Time: 512.408
#### prediction torch.Size([192, 4])
Epoch [10/11] Step [462/1241] Loss: 0.2011 Time: 513.862
#### prediction torch.Size([192, 4])
Epoch [10/11] Step [495/1241] Loss: 0.2179 Time: 515.316
#### prediction torch.Size([192, 4])
Epoch [10/11] Step [528/1241] Loss: 0.1974 Time: 516.769
#### prediction torch.Size([192, 4])
Epoch [10/11] Step [561/1241] Loss: 0.1409 Time: 518.224
#### prediction torch.Size([192, 4])
Epoch [10/11] Step [594/1241] Loss: 0.1823 Time: 519.677
#### prediction torch.Size([192, 4])
Epoch [10/11] Step [627/1241] Loss: 0.1627 Time: 521.132
#### prediction torch.Size([192, 4])
Epoch [10/11] Step [660/1241] Loss: 0.2565 Time: 522.586
#### prediction torch.Size([192, 4])
Epoch [10/11] Step [693/1241] Loss: 0.1764 Time: 524.04
#### prediction torch.Size([192, 4])
Epoch [10/11] Step [726/1241] Loss: 0.1879 Time: 525.494
#### prediction torch.Size([192, 4])
Epoch [10/11] Step [759/1241] Loss: 0.1872 Time: 526.947
#### prediction torch.Size([192, 4])
Epoch [10/11] Step [792/1241] Loss: 0.1896 Time: 528.401
#### prediction torch.Size([192, 4])
Epoch [10/11] Step [825/1241] Loss: 0.2072 Time: 529.855
#### prediction torch.Size([192, 4])
Epoch [10/11] Step [858/1241] Loss: 0.2127 Time: 531.308
#### prediction torch.Size([192, 4])
Epoch [10/11] Step [891/1241] Loss: 0.1438 Time: 532.761
#### prediction torch.Size([192, 4])
Epoch [10/11] Step [924/1241] Loss: 0.1625 Time: 534.221
#### prediction torch.Size([192, 4])
Epoch [10/11] Step [957/1241] Loss: 0.2039 Time: 535.676
#### prediction torch.Size([192, 4])
Epoch [10/11] Step [990/1241] Loss: 0.1300 Time: 537.129
#### prediction torch.Size([192, 4])
Epoch [10/11] Step [1023/1241] Loss: 0.1814 Time: 538.761
#### prediction torch.Size([192, 4])
Epoch [10/11] Step [1056/1241] Loss: 0.2406 Time: 540.215
#### prediction torch.Size([192, 4])
Epoch [10/11] Step [1089/1241] Loss: 0.1892 Time: 541.67
#### prediction torch.Size([192, 4])
Epoch [10/11] Step [1122/1241] Loss: 0.2108 Time: 543.125
#### prediction torch.Size([192, 4])
Epoch [10/11] Step [1155/1241] Loss: 0.1509 Time: 544.58
#### prediction torch.Size([192, 4])
Epoch [10/11] Step [1188/1241] Loss: 0.2206 Time: 546.036
#### prediction torch.Size([192, 4])
Epoch [10/11] Step [1221/1241] Loss: 0.3020 Time: 547.489
#### TRAINED MODEL ResNet1D model training time: 603.148 total training time: 606.253 ####
#### TRAINING TOTAL TIME: 603.148 ####
Accuracy of the ResNet1D model on the test set: 90.815539 %
#### TESTING TOTAL TIME: 4.515 ####
#### TIME #### TERMINO #### 5942.974 ####
#### FINITO #### TERMINO #### NO-VA-MAS ####
#### TIMES #### modelling TOTAL TOTAL ==>> 5942.974 seconds
#### #### READING DATA FILES #### ####
379 511 #### COMBI [reg, sid, ban, sec, men, med, sum, mmm, npp, htp, hhh, aei] METRICS ####
('Plantation', '/home/vargas/repos/forests-sounds-vargas/out/data/extraction/Plantation/2_00_PSA0010-2010_dict_y_split_7_2512283_1736694580.pkl')
(297840, 12) Index(['reg', 'sid', 'ban', 'sec', 'men', 'med', 'sum', 'mmm', 'npp', 'htp',
       'hhh'],
      dtype='object') Index(['sid', 'ban', 'sec', 'men', 'med', 'sum', 'mmm', 'npp', 'htp', 'hhh',
       'aei'],
      dtype='object')
#### MERGE 68 merge_data Dataframe shape: (297840, 12) #### time: 631
#### #### SPLIT TRAIN TEST #### ####
#### CLASSES: [0 1 2 3] TOTAL 4
#### SPLIT train_test_split and CUDA: ??? cuda:0 #### time: 35
#### MODELS - TOTAL 1 ####
#### EPOCHS 11 ####
#### TRAINING MODELS ####
#### TRAINING MODEL ResNet1D ####
#### prediction torch.Size([192, 4])
Epoch [10/11] Step [33/1241] Loss: 0.2327 Time: 494.579
#### prediction torch.Size([192, 4])
Epoch [10/11] Step [66/1241] Loss: 0.1688 Time: 496.032
#### prediction torch.Size([192, 4])
Epoch [10/11] Step [99/1241] Loss: 0.1545 Time: 497.497
#### prediction torch.Size([192, 4])
Epoch [10/11] Step [132/1241] Loss: 0.1645 Time: 498.951
#### prediction torch.Size([192, 4])
Epoch [10/11] Step [165/1241] Loss: 0.1707 Time: 500.405
#### prediction torch.Size([192, 4])
Epoch [10/11] Step [198/1241] Loss: 0.2392 Time: 501.857
#### prediction torch.Size([192, 4])
Epoch [10/11] Step [231/1241] Loss: 0.2055 Time: 503.31
#### prediction torch.Size([192, 4])
Epoch [10/11] Step [264/1241] Loss: 0.1708 Time: 504.765
#### prediction torch.Size([192, 4])
Epoch [10/11] Step [297/1241] Loss: 0.1945 Time: 506.217
#### prediction torch.Size([192, 4])
Epoch [10/11] Step [330/1241] Loss: 0.2527 Time: 507.67
#### prediction torch.Size([192, 4])
Epoch [10/11] Step [363/1241] Loss: 0.2139 Time: 509.124
#### prediction torch.Size([192, 4])
Epoch [10/11] Step [396/1241] Loss: 0.1741 Time: 510.578
#### prediction torch.Size([192, 4])
Epoch [10/11] Step [429/1241] Loss: 0.2569 Time: 512.032
#### prediction torch.Size([192, 4])
Epoch [10/11] Step [462/1241] Loss: 0.1618 Time: 513.485
#### prediction torch.Size([192, 4])
Epoch [10/11] Step [495/1241] Loss: 0.2656 Time: 514.942
#### prediction torch.Size([192, 4])
Epoch [10/11] Step [528/1241] Loss: 0.1802 Time: 516.396
#### prediction torch.Size([192, 4])
Epoch [10/11] Step [561/1241] Loss: 0.1699 Time: 517.85
#### prediction torch.Size([192, 4])
Epoch [10/11] Step [594/1241] Loss: 0.2023 Time: 519.304
#### prediction torch.Size([192, 4])
Epoch [10/11] Step [627/1241] Loss: 0.1437 Time: 520.757
#### prediction torch.Size([192, 4])
Epoch [10/11] Step [660/1241] Loss: 0.1450 Time: 522.211
#### prediction torch.Size([192, 4])
Epoch [10/11] Step [693/1241] Loss: 0.1851 Time: 523.665
#### prediction torch.Size([192, 4])
Epoch [10/11] Step [726/1241] Loss: 0.1712 Time: 525.118
#### prediction torch.Size([192, 4])
Epoch [10/11] Step [759/1241] Loss: 0.1375 Time: 526.574
#### prediction torch.Size([192, 4])
Epoch [10/11] Step [792/1241] Loss: 0.2196 Time: 528.028
#### prediction torch.Size([192, 4])
Epoch [10/11] Step [825/1241] Loss: 0.2108 Time: 529.482
#### prediction torch.Size([192, 4])
Epoch [10/11] Step [858/1241] Loss: 0.1981 Time: 530.936
#### prediction torch.Size([192, 4])
Epoch [10/11] Step [891/1241] Loss: 0.1684 Time: 532.389
#### prediction torch.Size([192, 4])
Epoch [10/11] Step [924/1241] Loss: 0.2120 Time: 533.842
#### prediction torch.Size([192, 4])
Epoch [10/11] Step [957/1241] Loss: 0.1373 Time: 535.295
#### prediction torch.Size([192, 4])
Epoch [10/11] Step [990/1241] Loss: 0.1913 Time: 536.748
#### prediction torch.Size([192, 4])
Epoch [10/11] Step [1023/1241] Loss: 0.1696 Time: 538.201
#### prediction torch.Size([192, 4])
Epoch [10/11] Step [1056/1241] Loss: 0.2207 Time: 539.655
#### prediction torch.Size([192, 4])
Epoch [10/11] Step [1089/1241] Loss: 0.1227 Time: 541.109
#### prediction torch.Size([192, 4])
Epoch [10/11] Step [1122/1241] Loss: 0.1833 Time: 542.562
#### prediction torch.Size([192, 4])
Epoch [10/11] Step [1155/1241] Loss: 0.1348 Time: 544.028
#### prediction torch.Size([192, 4])
Epoch [10/11] Step [1188/1241] Loss: 0.1727 Time: 545.488
#### prediction torch.Size([192, 4])
Epoch [10/11] Step [1221/1241] Loss: 0.1799 Time: 546.942
#### TRAINED MODEL ResNet1D model training time: 602.696 total training time: 606.114 ####
#### TRAINING TOTAL TIME: 602.696 ####
Accuracy of the ResNet1D model on the test set: 91.6482 %
#### TESTING TOTAL TIME: 4.515 ####
#### TIME #### TERMINO #### 6609.325 ####
#### FINITO #### TERMINO #### NO-VA-MAS ####
#### TIMES #### modelling TOTAL TOTAL ==>> 6609.325 seconds
#### #### READING DATA FILES #### ####
380 511 #### COMBI [reg, sid, ban, sec, men, med, sum, mmm, hfq, htp, hhh, aei] METRICS ####
('Plantation', '/home/vargas/repos/forests-sounds-vargas/out/data/extraction/Plantation/2_00_PSA0010-2010_dict_y_split_7_2512283_1736694580.pkl')
(297840, 12) Index(['reg', 'sid', 'ban', 'sec', 'men', 'med', 'sum', 'mmm', 'hfq', 'htp',
       'hhh'],
      dtype='object') Index(['sid', 'ban', 'sec', 'men', 'med', 'sum', 'mmm', 'hfq', 'htp', 'hhh',
       'aei'],
      dtype='object')
#### MERGE 68 merge_data Dataframe shape: (297840, 12) #### time: 624
#### #### SPLIT TRAIN TEST #### ####
#### CLASSES: [0 1 2 3] TOTAL 4
#### SPLIT train_test_split and CUDA: ??? cuda:0 #### time: 34
#### MODELS - TOTAL 1 ####
#### EPOCHS 11 ####
#### TRAINING MODELS ####
#### TRAINING MODEL ResNet1D ####
#### prediction torch.Size([192, 4])
Epoch [10/11] Step [33/1241] Loss: 0.1331 Time: 495.099
#### prediction torch.Size([192, 4])
Epoch [10/11] Step [66/1241] Loss: 0.1578 Time: 496.554
#### prediction torch.Size([192, 4])
Epoch [10/11] Step [99/1241] Loss: 0.1205 Time: 498.013
#### prediction torch.Size([192, 4])
Epoch [10/11] Step [132/1241] Loss: 0.0806 Time: 499.469
#### prediction torch.Size([192, 4])
Epoch [10/11] Step [165/1241] Loss: 0.2061 Time: 500.924
#### prediction torch.Size([192, 4])
Epoch [10/11] Step [198/1241] Loss: 0.1174 Time: 502.379
#### prediction torch.Size([192, 4])
Epoch [10/11] Step [231/1241] Loss: 0.1311 Time: 503.836
#### prediction torch.Size([192, 4])
Epoch [10/11] Step [264/1241] Loss: 0.0886 Time: 505.289
#### prediction torch.Size([192, 4])
Epoch [10/11] Step [297/1241] Loss: 0.1636 Time: 506.743
#### prediction torch.Size([192, 4])
Epoch [10/11] Step [330/1241] Loss: 0.1098 Time: 508.198
#### prediction torch.Size([192, 4])
Epoch [10/11] Step [363/1241] Loss: 0.1114 Time: 509.652
#### prediction torch.Size([192, 4])
Epoch [10/11] Step [396/1241] Loss: 0.0646 Time: 511.107
#### prediction torch.Size([192, 4])
Epoch [10/11] Step [429/1241] Loss: 0.0730 Time: 512.561
#### prediction torch.Size([192, 4])
Epoch [10/11] Step [462/1241] Loss: 0.0859 Time: 514.016
#### prediction torch.Size([192, 4])
Epoch [10/11] Step [495/1241] Loss: 0.1471 Time: 515.474
#### prediction torch.Size([192, 4])
Epoch [10/11] Step [528/1241] Loss: 0.1506 Time: 517.106
#### prediction torch.Size([192, 4])
Epoch [10/11] Step [561/1241] Loss: 0.0912 Time: 518.561
#### prediction torch.Size([192, 4])
Epoch [10/11] Step [594/1241] Loss: 0.1473 Time: 520.016
#### prediction torch.Size([192, 4])
Epoch [10/11] Step [627/1241] Loss: 0.1817 Time: 521.471
#### prediction torch.Size([192, 4])
Epoch [10/11] Step [660/1241] Loss: 0.0965 Time: 522.925
#### prediction torch.Size([192, 4])
Epoch [10/11] Step [693/1241] Loss: 0.0932 Time: 524.381
#### prediction torch.Size([192, 4])
Epoch [10/11] Step [726/1241] Loss: 0.1065 Time: 525.835
#### prediction torch.Size([192, 4])
Epoch [10/11] Step [759/1241] Loss: 0.1527 Time: 527.298
#### prediction torch.Size([192, 4])
Epoch [10/11] Step [792/1241] Loss: 0.1636 Time: 528.753
#### prediction torch.Size([192, 4])
Epoch [10/11] Step [825/1241] Loss: 0.0917 Time: 530.206
#### prediction torch.Size([192, 4])
Epoch [10/11] Step [858/1241] Loss: 0.0815 Time: 531.663
#### prediction torch.Size([192, 4])
Epoch [10/11] Step [891/1241] Loss: 0.0749 Time: 533.118
#### prediction torch.Size([192, 4])
Epoch [10/11] Step [924/1241] Loss: 0.0497 Time: 534.572
#### prediction torch.Size([192, 4])
Epoch [10/11] Step [957/1241] Loss: 0.1000 Time: 536.027
#### prediction torch.Size([192, 4])
Epoch [10/11] Step [990/1241] Loss: 0.1013 Time: 537.481
#### prediction torch.Size([192, 4])
Epoch [10/11] Step [1023/1241] Loss: 0.1416 Time: 538.936
#### prediction torch.Size([192, 4])
Epoch [10/11] Step [1056/1241] Loss: 0.1446 Time: 540.391
#### prediction torch.Size([192, 4])
Epoch [10/11] Step [1089/1241] Loss: 0.1319 Time: 541.846
#### prediction torch.Size([192, 4])
Epoch [10/11] Step [1122/1241] Loss: 0.0671 Time: 543.301
#### prediction torch.Size([192, 4])
Epoch [10/11] Step [1155/1241] Loss: 0.1384 Time: 544.755
#### prediction torch.Size([192, 4])
Epoch [10/11] Step [1188/1241] Loss: 0.0699 Time: 546.212
#### prediction torch.Size([192, 4])
Epoch [10/11] Step [1221/1241] Loss: 0.0784 Time: 547.666
#### TRAINED MODEL ResNet1D model training time: 603.342 total training time: 606.802 ####
#### TRAINING TOTAL TIME: 603.343 ####
Accuracy of the ResNet1D model on the test set: 31.312114 %
#### TESTING TOTAL TIME: 4.684 ####
#### TIME #### TERMINO #### 7269.692 ####
#### FINITO #### TERMINO #### NO-VA-MAS ####
#### TIMES #### modelling TOTAL TOTAL ==>> 7269.692 seconds
#### #### READING DATA FILES #### ####
381 511 #### COMBI [reg, sid, ban, sec, men, med, sum, npp, hfq, htp, hhh, aei] METRICS ####
('Plantation', '/home/vargas/repos/forests-sounds-vargas/out/data/extraction/Plantation/2_00_PSA0010-2010_dict_y_split_7_2512283_1736694580.pkl')
(297840, 12) Index(['reg', 'sid', 'ban', 'sec', 'men', 'med', 'sum', 'npp', 'hfq', 'htp',
       'hhh'],
      dtype='object') Index(['sid', 'ban', 'sec', 'men', 'med', 'sum', 'npp', 'hfq', 'htp', 'hhh',
       'aei'],
      dtype='object')
#### MERGE 68 merge_data Dataframe shape: (297840, 12) #### time: 625
#### #### SPLIT TRAIN TEST #### ####
#### CLASSES: [0 1 2 3] TOTAL 4
#### SPLIT train_test_split and CUDA: ??? cuda:0 #### time: 35
#### MODELS - TOTAL 1 ####
#### EPOCHS 11 ####
#### TRAINING MODELS ####
#### TRAINING MODEL ResNet1D ####
#### prediction torch.Size([192, 4])
Epoch [10/11] Step [33/1241] Loss: 0.1152 Time: 494.289
#### prediction torch.Size([192, 4])
Epoch [10/11] Step [66/1241] Loss: 0.1428 Time: 495.743
#### prediction torch.Size([192, 4])
Epoch [10/11] Step [99/1241] Loss: 0.1479 Time: 497.202
#### prediction torch.Size([192, 4])
Epoch [10/11] Step [132/1241] Loss: 0.1498 Time: 498.655
#### prediction torch.Size([192, 4])
Epoch [10/11] Step [165/1241] Loss: 0.1308 Time: 500.108
#### prediction torch.Size([192, 4])
Epoch [10/11] Step [198/1241] Loss: 0.1831 Time: 501.562
#### prediction torch.Size([192, 4])
Epoch [10/11] Step [231/1241] Loss: 0.1456 Time: 503.015
#### prediction torch.Size([192, 4])
Epoch [10/11] Step [264/1241] Loss: 0.1154 Time: 504.468
#### prediction torch.Size([192, 4])
Epoch [10/11] Step [297/1241] Loss: 0.2122 Time: 505.922
#### prediction torch.Size([192, 4])
Epoch [10/11] Step [330/1241] Loss: 0.1413 Time: 507.376
#### prediction torch.Size([192, 4])
Epoch [10/11] Step [363/1241] Loss: 0.1098 Time: 508.83
#### prediction torch.Size([192, 4])
Epoch [10/11] Step [396/1241] Loss: 0.2716 Time: 510.284
#### prediction torch.Size([192, 4])
Epoch [10/11] Step [429/1241] Loss: 0.4181 Time: 511.737
#### prediction torch.Size([192, 4])
Epoch [10/11] Step [462/1241] Loss: 0.1339 Time: 513.191
#### prediction torch.Size([192, 4])
Epoch [10/11] Step [495/1241] Loss: 0.1600 Time: 514.644
#### prediction torch.Size([192, 4])
Epoch [10/11] Step [528/1241] Loss: 0.1313 Time: 516.099
#### prediction torch.Size([192, 4])
Epoch [10/11] Step [561/1241] Loss: 0.1396 Time: 517.553
#### prediction torch.Size([192, 4])
Epoch [10/11] Step [594/1241] Loss: 0.1392 Time: 519.008
#### prediction torch.Size([192, 4])
Epoch [10/11] Step [627/1241] Loss: 0.0963 Time: 520.461
#### prediction torch.Size([192, 4])
Epoch [10/11] Step [660/1241] Loss: 0.1535 Time: 521.915
#### prediction torch.Size([192, 4])
Epoch [10/11] Step [693/1241] Loss: 0.1889 Time: 523.369
#### prediction torch.Size([192, 4])
Epoch [10/11] Step [726/1241] Loss: 0.2057 Time: 524.823
#### prediction torch.Size([192, 4])
Epoch [10/11] Step [759/1241] Loss: 0.1362 Time: 526.287
#### prediction torch.Size([192, 4])
Epoch [10/11] Step [792/1241] Loss: 0.1544 Time: 527.743
#### prediction torch.Size([192, 4])
Epoch [10/11] Step [825/1241] Loss: 0.1970 Time: 529.198
#### prediction torch.Size([192, 4])
Epoch [10/11] Step [858/1241] Loss: 0.1972 Time: 530.652
#### prediction torch.Size([192, 4])
Epoch [10/11] Step [891/1241] Loss: 0.1713 Time: 532.105
#### prediction torch.Size([192, 4])
Epoch [10/11] Step [924/1241] Loss: 0.1326 Time: 533.558
#### prediction torch.Size([192, 4])
Epoch [10/11] Step [957/1241] Loss: 0.1252 Time: 535.011
#### prediction torch.Size([192, 4])
Epoch [10/11] Step [990/1241] Loss: 0.1478 Time: 536.465
#### prediction torch.Size([192, 4])
Epoch [10/11] Step [1023/1241] Loss: 0.1176 Time: 537.918
#### prediction torch.Size([192, 4])
Epoch [10/11] Step [1056/1241] Loss: 0.1602 Time: 539.373
#### prediction torch.Size([192, 4])
Epoch [10/11] Step [1089/1241] Loss: 0.1432 Time: 540.827
#### prediction torch.Size([192, 4])
Epoch [10/11] Step [1122/1241] Loss: 0.1357 Time: 542.281
#### prediction torch.Size([192, 4])
Epoch [10/11] Step [1155/1241] Loss: 0.1103 Time: 543.735
#### prediction torch.Size([192, 4])
Epoch [10/11] Step [1188/1241] Loss: 0.1140 Time: 545.189
#### prediction torch.Size([192, 4])
Epoch [10/11] Step [1221/1241] Loss: 0.1024 Time: 546.646
#### TRAINED MODEL ResNet1D model training time: 602.449 total training time: 605.801 ####
#### TRAINING TOTAL TIME: 602.449 ####
Accuracy of the ResNet1D model on the test set: 89.944265 %
#### TESTING TOTAL TIME: 4.525 ####
#### TIME #### TERMINO #### 7929.485 ####
#### FINITO #### TERMINO #### NO-VA-MAS ####
#### TIMES #### modelling TOTAL TOTAL ==>> 7929.485 seconds
#### #### READING DATA FILES #### ####
382 511 #### COMBI [reg, sid, ban, sec, men, med, sum, max, aci, bet, mmm, npp, hfq] METRICS ####
('Plantation', '/home/vargas/repos/forests-sounds-vargas/out/data/extraction/Plantation/2_00_PSA0010-2010_dict_y_split_7_2512283_1736694580.pkl')
(297840, 13) Index(['reg', 'sid', 'ban', 'sec', 'men', 'med', 'sum', 'max', 'aci', 'bet',
       'mmm'],
      dtype='object') Index(['ban', 'sec', 'men', 'med', 'sum', 'max', 'aci', 'bet', 'mmm', 'npp',
       'hfq'],
      dtype='object')
#### MERGE 68 merge_data Dataframe shape: (297840, 13) #### time: 627
#### #### SPLIT TRAIN TEST #### ####
#### CLASSES: [0 1 2 3] TOTAL 4
#### SPLIT train_test_split and CUDA: ??? cuda:0 #### time: 35
#### MODELS - TOTAL 1 ####
#### EPOCHS 11 ####
#### TRAINING MODELS ####
#### TRAINING MODEL ResNet1D ####
#### prediction torch.Size([192, 4])
Epoch [10/11] Step [33/1241] Loss: 0.2862 Time: 492.702
#### prediction torch.Size([192, 4])
Epoch [10/11] Step [66/1241] Loss: 0.2279 Time: 494.157
#### prediction torch.Size([192, 4])
Epoch [10/11] Step [99/1241] Loss: 0.2020 Time: 495.603
#### prediction torch.Size([192, 4])
Epoch [10/11] Step [132/1241] Loss: 0.2130 Time: 497.052
#### prediction torch.Size([192, 4])
Epoch [10/11] Step [165/1241] Loss: 0.2287 Time: 498.499
#### prediction torch.Size([192, 4])
Epoch [10/11] Step [198/1241] Loss: 0.2870 Time: 499.946
#### prediction torch.Size([192, 4])
Epoch [10/11] Step [231/1241] Loss: 0.1884 Time: 501.393
#### prediction torch.Size([192, 4])
Epoch [10/11] Step [264/1241] Loss: 0.3619 Time: 502.84
#### prediction torch.Size([192, 4])
Epoch [10/11] Step [297/1241] Loss: 0.2051 Time: 504.288
#### prediction torch.Size([192, 4])
Epoch [10/11] Step [330/1241] Loss: 0.1606 Time: 505.735
#### prediction torch.Size([192, 4])
Epoch [10/11] Step [363/1241] Loss: 0.2208 Time: 507.182
#### prediction torch.Size([192, 4])
Epoch [10/11] Step [396/1241] Loss: 0.2383 Time: 508.631
#### prediction torch.Size([192, 4])
Epoch [10/11] Step [429/1241] Loss: 0.1961 Time: 510.079
#### prediction torch.Size([192, 4])
Epoch [10/11] Step [462/1241] Loss: 0.2174 Time: 511.525
#### prediction torch.Size([192, 4])
Epoch [10/11] Step [495/1241] Loss: 0.1636 Time: 512.973
#### prediction torch.Size([192, 4])
Epoch [10/11] Step [528/1241] Loss: 0.2842 Time: 514.423
#### prediction torch.Size([192, 4])
Epoch [10/11] Step [561/1241] Loss: 0.2004 Time: 515.872
#### prediction torch.Size([192, 4])
Epoch [10/11] Step [594/1241] Loss: 0.1825 Time: 517.318
#### prediction torch.Size([192, 4])
Epoch [10/11] Step [627/1241] Loss: 0.1687 Time: 518.766
#### prediction torch.Size([192, 4])
Epoch [10/11] Step [660/1241] Loss: 0.2144 Time: 520.214
#### prediction torch.Size([192, 4])
Epoch [10/11] Step [693/1241] Loss: 0.1844 Time: 521.661
#### prediction torch.Size([192, 4])
Epoch [10/11] Step [726/1241] Loss: 0.1408 Time: 523.108
#### prediction torch.Size([192, 4])
Epoch [10/11] Step [759/1241] Loss: 0.2512 Time: 524.564
#### prediction torch.Size([192, 4])
Epoch [10/11] Step [792/1241] Loss: 0.2049 Time: 526.013
#### prediction torch.Size([192, 4])
Epoch [10/11] Step [825/1241] Loss: 0.2863 Time: 527.46
#### prediction torch.Size([192, 4])
Epoch [10/11] Step [858/1241] Loss: 0.1844 Time: 528.908
#### prediction torch.Size([192, 4])
Epoch [10/11] Step [891/1241] Loss: 0.1903 Time: 530.354
#### prediction torch.Size([192, 4])
Epoch [10/11] Step [924/1241] Loss: 0.1644 Time: 531.801
#### prediction torch.Size([192, 4])
Epoch [10/11] Step [957/1241] Loss: 0.2003 Time: 533.248
#### prediction torch.Size([192, 4])
Epoch [10/11] Step [990/1241] Loss: 0.2101 Time: 534.695
#### prediction torch.Size([192, 4])
Epoch [10/11] Step [1023/1241] Loss: 0.2152 Time: 536.142
#### prediction torch.Size([192, 4])
Epoch [10/11] Step [1056/1241] Loss: 0.2057 Time: 537.589
#### prediction torch.Size([192, 4])
Epoch [10/11] Step [1089/1241] Loss: 0.2816 Time: 539.037
#### prediction torch.Size([192, 4])
Epoch [10/11] Step [1122/1241] Loss: 0.2536 Time: 540.484
#### prediction torch.Size([192, 4])
Epoch [10/11] Step [1155/1241] Loss: 0.1827 Time: 541.93
#### prediction torch.Size([192, 4])
Epoch [10/11] Step [1188/1241] Loss: 0.2119 Time: 543.376
#### prediction torch.Size([192, 4])
Epoch [10/11] Step [1221/1241] Loss: 0.2210 Time: 544.827
#### TRAINED MODEL ResNet1D model training time: 600.362 total training time: 603.702 ####
#### TRAINING TOTAL TIME: 600.362 ####
Accuracy of the ResNet1D model on the test set: 75.988786 %
#### TESTING TOTAL TIME: 4.494 ####
#### TIME #### TERMINO #### 8589.635 ####
#### FINITO #### TERMINO #### NO-VA-MAS ####
#### TIMES #### modelling TOTAL TOTAL ==>> 8589.635 seconds
#### #### READING DATA FILES #### ####
383 511 #### COMBI [reg, sid, ban, sec, men, med, sum, max, aci, bet, mmm, npp, htp] METRICS ####
('Plantation', '/home/vargas/repos/forests-sounds-vargas/out/data/extraction/Plantation/2_00_PSA0010-2010_dict_y_split_7_2512283_1736694580.pkl')
(297840, 13) Index(['reg', 'sid', 'ban', 'sec', 'men', 'med', 'sum', 'max', 'aci', 'bet',
       'mmm'],
      dtype='object') Index(['ban', 'sec', 'men', 'med', 'sum', 'max', 'aci', 'bet', 'mmm', 'npp',
       'htp'],
      dtype='object')
#### MERGE 68 merge_data Dataframe shape: (297840, 13) #### time: 622
#### #### SPLIT TRAIN TEST #### ####
#### CLASSES: [0 1 2 3] TOTAL 4
#### SPLIT train_test_split and CUDA: ??? cuda:0 #### time: 35
#### MODELS - TOTAL 1 ####
#### EPOCHS 11 ####
#### TRAINING MODELS ####
#### TRAINING MODEL ResNet1D ####
#### prediction torch.Size([192, 4])
Epoch [10/11] Step [33/1241] Loss: 0.1968 Time: 494.687
#### prediction torch.Size([192, 4])
Epoch [10/11] Step [66/1241] Loss: 0.1925 Time: 496.153
#### prediction torch.Size([192, 4])
Epoch [10/11] Step [99/1241] Loss: 0.2391 Time: 497.608
#### prediction torch.Size([192, 4])
Epoch [10/11] Step [132/1241] Loss: 0.2890 Time: 499.061
#### prediction torch.Size([192, 4])
Epoch [10/11] Step [165/1241] Loss: 0.1879 Time: 500.514
#### prediction torch.Size([192, 4])
Epoch [10/11] Step [198/1241] Loss: 0.1680 Time: 501.968
#### prediction torch.Size([192, 4])
Epoch [10/11] Step [231/1241] Loss: 0.2594 Time: 503.422
#### prediction torch.Size([192, 4])
Epoch [10/11] Step [264/1241] Loss: 0.2628 Time: 504.874
#### prediction torch.Size([192, 4])
Epoch [10/11] Step [297/1241] Loss: 0.1754 Time: 506.328
#### prediction torch.Size([192, 4])
Epoch [10/11] Step [330/1241] Loss: 0.1908 Time: 507.782
#### prediction torch.Size([192, 4])
Epoch [10/11] Step [363/1241] Loss: 0.2074 Time: 509.234
#### prediction torch.Size([192, 4])
Epoch [10/11] Step [396/1241] Loss: 0.1903 Time: 510.687
#### prediction torch.Size([192, 4])
Epoch [10/11] Step [429/1241] Loss: 0.2233 Time: 512.142
#### prediction torch.Size([192, 4])
Epoch [10/11] Step [462/1241] Loss: 0.2355 Time: 513.595
#### prediction torch.Size([192, 4])
Epoch [10/11] Step [495/1241] Loss: 0.2073 Time: 515.048
#### prediction torch.Size([192, 4])
Epoch [10/11] Step [528/1241] Loss: 0.1761 Time: 516.503
#### prediction torch.Size([192, 4])
Epoch [10/11] Step [561/1241] Loss: 0.1726 Time: 517.956
#### prediction torch.Size([192, 4])
Epoch [10/11] Step [594/1241] Loss: 0.1930 Time: 519.41
#### prediction torch.Size([192, 4])
Epoch [10/11] Step [627/1241] Loss: 0.1974 Time: 520.863
#### prediction torch.Size([192, 4])
Epoch [10/11] Step [660/1241] Loss: 0.2412 Time: 522.316
#### prediction torch.Size([192, 4])
Epoch [10/11] Step [693/1241] Loss: 0.2205 Time: 523.771
#### prediction torch.Size([192, 4])
Epoch [10/11] Step [726/1241] Loss: 0.1653 Time: 525.224
#### prediction torch.Size([192, 4])
Epoch [10/11] Step [759/1241] Loss: 0.2273 Time: 526.864
#### prediction torch.Size([192, 4])
Epoch [10/11] Step [792/1241] Loss: 0.1578 Time: 528.319
#### prediction torch.Size([192, 4])
Epoch [10/11] Step [825/1241] Loss: 0.1856 Time: 529.773
#### prediction torch.Size([192, 4])
Epoch [10/11] Step [858/1241] Loss: 0.1873 Time: 531.227
#### prediction torch.Size([192, 4])
Epoch [10/11] Step [891/1241] Loss: 0.2222 Time: 532.68
#### prediction torch.Size([192, 4])
Epoch [10/11] Step [924/1241] Loss: 0.2909 Time: 534.134
#### prediction torch.Size([192, 4])
Epoch [10/11] Step [957/1241] Loss: 0.2029 Time: 535.586
#### prediction torch.Size([192, 4])
Epoch [10/11] Step [990/1241] Loss: 0.2457 Time: 537.04
#### prediction torch.Size([192, 4])
Epoch [10/11] Step [1023/1241] Loss: 0.2434 Time: 538.493
#### prediction torch.Size([192, 4])
Epoch [10/11] Step [1056/1241] Loss: 0.2242 Time: 539.946
#### prediction torch.Size([192, 4])
Epoch [10/11] Step [1089/1241] Loss: 0.1404 Time: 541.398
#### prediction torch.Size([192, 4])
Epoch [10/11] Step [1122/1241] Loss: 0.1746 Time: 542.851
#### prediction torch.Size([192, 4])
Epoch [10/11] Step [1155/1241] Loss: 0.1999 Time: 544.304
#### prediction torch.Size([192, 4])
Epoch [10/11] Step [1188/1241] Loss: 0.2242 Time: 545.757
#### prediction torch.Size([192, 4])
Epoch [10/11] Step [1221/1241] Loss: 0.1818 Time: 547.214
#### TRAINED MODEL ResNet1D model training time: 602.84 total training time: 605.861 ####
#### TRAINING TOTAL TIME: 602.841 ####
Accuracy of the ResNet1D model on the test set: 86.156997 %
#### TESTING TOTAL TIME: 4.523 ####
#### TIME #### TERMINO #### 9249.982 ####
#### FINITO #### TERMINO #### NO-VA-MAS ####
#### TIMES #### modelling TOTAL TOTAL ==>> 9249.982 seconds
#### #### READING DATA FILES #### ####
384 511 #### COMBI [reg, sid, ban, sec, men, med, sum, max, aci, bet, mmm, npp, hhh] METRICS ####
('Plantation', '/home/vargas/repos/forests-sounds-vargas/out/data/extraction/Plantation/2_00_PSA0010-2010_dict_y_split_7_2512283_1736694580.pkl')
(297840, 13) Index(['reg', 'sid', 'ban', 'sec', 'men', 'med', 'sum', 'max', 'aci', 'bet',
       'mmm'],
      dtype='object') Index(['ban', 'sec', 'men', 'med', 'sum', 'max', 'aci', 'bet', 'mmm', 'npp',
       'hhh'],
      dtype='object')
#### MERGE 68 merge_data Dataframe shape: (297840, 13) #### time: 624
#### #### SPLIT TRAIN TEST #### ####
#### CLASSES: [0 1 2 3] TOTAL 4
#### SPLIT train_test_split and CUDA: ??? cuda:0 #### time: 35
#### MODELS - TOTAL 1 ####
#### EPOCHS 11 ####
#### TRAINING MODELS ####
#### TRAINING MODEL ResNet1D ####
#### prediction torch.Size([192, 4])
Epoch [10/11] Step [33/1241] Loss: 0.1865 Time: 493.991
#### prediction torch.Size([192, 4])
Epoch [10/11] Step [66/1241] Loss: 0.1813 Time: 495.445
#### prediction torch.Size([192, 4])
Epoch [10/11] Step [99/1241] Loss: 0.2830 Time: 496.895
#### prediction torch.Size([192, 4])
Epoch [10/11] Step [132/1241] Loss: 0.1716 Time: 498.344
#### prediction torch.Size([192, 4])
Epoch [10/11] Step [165/1241] Loss: 0.2093 Time: 499.798
#### prediction torch.Size([192, 4])
Epoch [10/11] Step [198/1241] Loss: 0.2375 Time: 501.252
#### prediction torch.Size([192, 4])
Epoch [10/11] Step [231/1241] Loss: 0.2006 Time: 502.706
#### prediction torch.Size([192, 4])
Epoch [10/11] Step [264/1241] Loss: 0.2206 Time: 504.161
#### prediction torch.Size([192, 4])
Epoch [10/11] Step [297/1241] Loss: 0.1850 Time: 505.616
#### prediction torch.Size([192, 4])
Epoch [10/11] Step [330/1241] Loss: 0.1714 Time: 507.069
#### prediction torch.Size([192, 4])
Epoch [10/11] Step [363/1241] Loss: 0.2432 Time: 508.523
#### prediction torch.Size([192, 4])
Epoch [10/11] Step [396/1241] Loss: 0.2112 Time: 509.977
#### prediction torch.Size([192, 4])
Epoch [10/11] Step [429/1241] Loss: 0.1872 Time: 511.432
#### prediction torch.Size([192, 4])
Epoch [10/11] Step [462/1241] Loss: 0.2205 Time: 512.887
#### prediction torch.Size([192, 4])
Epoch [10/11] Step [495/1241] Loss: 0.2221 Time: 514.342
#### prediction torch.Size([192, 4])
Epoch [10/11] Step [528/1241] Loss: 0.2697 Time: 515.796
#### prediction torch.Size([192, 4])
Epoch [10/11] Step [561/1241] Loss: 0.1659 Time: 517.253
#### prediction torch.Size([192, 4])
Epoch [10/11] Step [594/1241] Loss: 0.2270 Time: 518.707
#### prediction torch.Size([192, 4])
Epoch [10/11] Step [627/1241] Loss: 0.1877 Time: 520.161
#### prediction torch.Size([192, 4])
Epoch [10/11] Step [660/1241] Loss: 0.2255 Time: 521.616
#### prediction torch.Size([192, 4])
Epoch [10/11] Step [693/1241] Loss: 0.1787 Time: 523.07
#### prediction torch.Size([192, 4])
Epoch [10/11] Step [726/1241] Loss: 0.1808 Time: 524.525
#### prediction torch.Size([192, 4])
Epoch [10/11] Step [759/1241] Loss: 0.2045 Time: 525.988
#### prediction torch.Size([192, 4])
Epoch [10/11] Step [792/1241] Loss: 0.1872 Time: 527.445
#### prediction torch.Size([192, 4])
Epoch [10/11] Step [825/1241] Loss: 0.1936 Time: 528.9
#### prediction torch.Size([192, 4])
Epoch [10/11] Step [858/1241] Loss: 0.1868 Time: 530.355
#### prediction torch.Size([192, 4])
Epoch [10/11] Step [891/1241] Loss: 0.1648 Time: 531.81
#### prediction torch.Size([192, 4])
Epoch [10/11] Step [924/1241] Loss: 0.2344 Time: 533.264
#### prediction torch.Size([192, 4])
Epoch [10/11] Step [957/1241] Loss: 0.2165 Time: 534.727
#### prediction torch.Size([192, 4])
Epoch [10/11] Step [990/1241] Loss: 0.2239 Time: 536.181
#### prediction torch.Size([192, 4])
Epoch [10/11] Step [1023/1241] Loss: 0.1881 Time: 537.636
#### prediction torch.Size([192, 4])
Epoch [10/11] Step [1056/1241] Loss: 0.2545 Time: 539.091
#### prediction torch.Size([192, 4])
Epoch [10/11] Step [1089/1241] Loss: 0.2428 Time: 540.545
#### prediction torch.Size([192, 4])
Epoch [10/11] Step [1122/1241] Loss: 0.2877 Time: 542.001
#### prediction torch.Size([192, 4])
Epoch [10/11] Step [1155/1241] Loss: 0.2100 Time: 543.475
#### prediction torch.Size([192, 4])
Epoch [10/11] Step [1188/1241] Loss: 0.2122 Time: 544.929
#### prediction torch.Size([192, 4])
Epoch [10/11] Step [1221/1241] Loss: 0.2053 Time: 546.384
#### TRAINED MODEL ResNet1D model training time: 602.273 total training time: 605.804 ####
#### TRAINING TOTAL TIME: 602.273 ####
Accuracy of the ResNet1D model on the test set: 70.51437 %
#### TESTING TOTAL TIME: 4.537 ####
#### TIME #### TERMINO #### 9909.977 ####
#### FINITO #### TERMINO #### NO-VA-MAS ####
#### TIMES #### modelling TOTAL TOTAL ==>> 9909.977 seconds
#### #### READING DATA FILES #### ####
385 511 #### COMBI [reg, sid, ban, sec, men, med, sum, max, aci, bet, mmm, npp, aei] METRICS ####
('Plantation', '/home/vargas/repos/forests-sounds-vargas/out/data/extraction/Plantation/2_00_PSA0010-2010_dict_y_split_7_2512283_1736694580.pkl')
(297840, 13) Index(['reg', 'sid', 'ban', 'sec', 'men', 'med', 'sum', 'max', 'aci', 'bet',
       'mmm'],
      dtype='object') Index(['ban', 'sec', 'men', 'med', 'sum', 'max', 'aci', 'bet', 'mmm', 'npp',
       'aei'],
      dtype='object')
#### MERGE 68 merge_data Dataframe shape: (297840, 13) #### time: 629
#### #### SPLIT TRAIN TEST #### ####
#### CLASSES: [0 1 2 3] TOTAL 4
#### SPLIT train_test_split and CUDA: ??? cuda:0 #### time: 35
#### MODELS - TOTAL 1 ####
#### EPOCHS 11 ####
#### TRAINING MODELS ####
#### TRAINING MODEL ResNet1D ####
#### prediction torch.Size([192, 4])
Epoch [10/11] Step [33/1241] Loss: 0.2019 Time: 495.263
#### prediction torch.Size([192, 4])
Epoch [10/11] Step [66/1241] Loss: 0.1719 Time: 496.718
#### prediction torch.Size([192, 4])
Epoch [10/11] Step [99/1241] Loss: 0.2120 Time: 498.174
#### prediction torch.Size([192, 4])
Epoch [10/11] Step [132/1241] Loss: 0.2237 Time: 499.629
#### prediction torch.Size([192, 4])
Epoch [10/11] Step [165/1241] Loss: 0.2373 Time: 501.085
#### prediction torch.Size([192, 4])
Epoch [10/11] Step [198/1241] Loss: 0.2439 Time: 502.541
#### prediction torch.Size([192, 4])
Epoch [10/11] Step [231/1241] Loss: 0.1963 Time: 503.996
#### prediction torch.Size([192, 4])
Epoch [10/11] Step [264/1241] Loss: 0.2776 Time: 505.452
#### prediction torch.Size([192, 4])
Epoch [10/11] Step [297/1241] Loss: 0.1701 Time: 506.907
#### prediction torch.Size([192, 4])
Epoch [10/11] Step [330/1241] Loss: 0.1889 Time: 508.364
#### prediction torch.Size([192, 4])
Epoch [10/11] Step [363/1241] Loss: 0.1907 Time: 509.82
#### prediction torch.Size([192, 4])
Epoch [10/11] Step [396/1241] Loss: 0.2124 Time: 511.453
#### prediction torch.Size([192, 4])
Epoch [10/11] Step [429/1241] Loss: 0.1767 Time: 512.912
#### prediction torch.Size([192, 4])
Epoch [10/11] Step [462/1241] Loss: 0.1806 Time: 514.368
#### prediction torch.Size([192, 4])
Epoch [10/11] Step [495/1241] Loss: 0.2173 Time: 515.824
#### prediction torch.Size([192, 4])
Epoch [10/11] Step [528/1241] Loss: 0.2032 Time: 517.28
#### prediction torch.Size([192, 4])
Epoch [10/11] Step [561/1241] Loss: 0.2715 Time: 518.735
#### prediction torch.Size([192, 4])
Epoch [10/11] Step [594/1241] Loss: 0.2657 Time: 520.19
#### prediction torch.Size([192, 4])
Epoch [10/11] Step [627/1241] Loss: 0.2331 Time: 521.65
#### prediction torch.Size([192, 4])
Epoch [10/11] Step [660/1241] Loss: 0.1945 Time: 523.107
#### prediction torch.Size([192, 4])
Epoch [10/11] Step [693/1241] Loss: 0.2237 Time: 524.563
#### prediction torch.Size([192, 4])
Epoch [10/11] Step [726/1241] Loss: 0.2139 Time: 526.02
#### prediction torch.Size([192, 4])
Epoch [10/11] Step [759/1241] Loss: 0.1952 Time: 527.475
#### prediction torch.Size([192, 4])
Epoch [10/11] Step [792/1241] Loss: 0.2414 Time: 528.932
#### prediction torch.Size([192, 4])
Epoch [10/11] Step [825/1241] Loss: 0.2442 Time: 530.389
#### prediction torch.Size([192, 4])
Epoch [10/11] Step [858/1241] Loss: 0.3100 Time: 531.845
#### prediction torch.Size([192, 4])
Epoch [10/11] Step [891/1241] Loss: 0.1866 Time: 533.301
#### prediction torch.Size([192, 4])
Epoch [10/11] Step [924/1241] Loss: 0.2032 Time: 534.758
#### prediction torch.Size([192, 4])
Epoch [10/11] Step [957/1241] Loss: 0.2074 Time: 536.216
#### prediction torch.Size([192, 4])
Epoch [10/11] Step [990/1241] Loss: 0.2251 Time: 537.672
#### prediction torch.Size([192, 4])
Epoch [10/11] Step [1023/1241] Loss: 0.1438 Time: 539.129
#### prediction torch.Size([192, 4])
Epoch [10/11] Step [1056/1241] Loss: 0.2225 Time: 540.585
#### prediction torch.Size([192, 4])
Epoch [10/11] Step [1089/1241] Loss: 0.2175 Time: 542.043
#### prediction torch.Size([192, 4])
Epoch [10/11] Step [1122/1241] Loss: 0.1669 Time: 543.502
#### prediction torch.Size([192, 4])
Epoch [10/11] Step [1155/1241] Loss: 0.2977 Time: 544.958
#### prediction torch.Size([192, 4])
Epoch [10/11] Step [1188/1241] Loss: 0.2195 Time: 546.414
#### prediction torch.Size([192, 4])
Epoch [10/11] Step [1221/1241] Loss: 0.1897 Time: 547.869
#### TRAINED MODEL ResNet1D model training time: 603.555 total training time: 606.787 ####
#### TRAINING TOTAL TIME: 603.556 ####
Accuracy of the ResNet1D model on the test set: 83.056339 %
#### TESTING TOTAL TIME: 4.696 ####
#### TIME #### TERMINO #### 10576.047 ####
#### FINITO #### TERMINO #### NO-VA-MAS ####
#### TIMES #### modelling TOTAL TOTAL ==>> 10576.047 seconds
#### #### READING DATA FILES #### ####
386 511 #### COMBI [reg, sid, ban, sec, men, med, sum, max, aci, bet, mmm, hfq, htp] METRICS ####
('Plantation', '/home/vargas/repos/forests-sounds-vargas/out/data/extraction/Plantation/2_00_PSA0010-2010_dict_y_split_7_2512283_1736694580.pkl')
(297840, 13) Index(['reg', 'sid', 'ban', 'sec', 'men', 'med', 'sum', 'max', 'aci', 'bet',
       'mmm'],
      dtype='object') Index(['ban', 'sec', 'men', 'med', 'sum', 'max', 'aci', 'bet', 'mmm', 'hfq',
       'htp'],
      dtype='object')
#### MERGE 68 merge_data Dataframe shape: (297840, 13) #### time: 626
#### #### SPLIT TRAIN TEST #### ####
#### CLASSES: [0 1 2 3] TOTAL 4
#### SPLIT train_test_split and CUDA: ??? cuda:0 #### time: 35
#### MODELS - TOTAL 1 ####
#### EPOCHS 11 ####
#### TRAINING MODELS ####
#### TRAINING MODEL ResNet1D ####
#### prediction torch.Size([192, 4])
Epoch [10/11] Step [33/1241] Loss: 0.1946 Time: 494.572
#### prediction torch.Size([192, 4])
Epoch [10/11] Step [66/1241] Loss: 0.2186 Time: 496.022
#### prediction torch.Size([192, 4])
Epoch [10/11] Step [99/1241] Loss: 0.1586 Time: 497.472
#### prediction torch.Size([192, 4])
Epoch [10/11] Step [132/1241] Loss: 0.1252 Time: 498.921
#### prediction torch.Size([192, 4])
Epoch [10/11] Step [165/1241] Loss: 0.2268 Time: 500.371
#### prediction torch.Size([192, 4])
Epoch [10/11] Step [198/1241] Loss: 0.3297 Time: 501.821
#### prediction torch.Size([192, 4])
Epoch [10/11] Step [231/1241] Loss: 0.3342 Time: 503.27
#### prediction torch.Size([192, 4])
Epoch [10/11] Step [264/1241] Loss: 0.2443 Time: 504.72
#### prediction torch.Size([192, 4])
Epoch [10/11] Step [297/1241] Loss: 0.2029 Time: 506.169
#### prediction torch.Size([192, 4])
Epoch [10/11] Step [330/1241] Loss: 0.1280 Time: 507.618
#### prediction torch.Size([192, 4])
Epoch [10/11] Step [363/1241] Loss: 0.1493 Time: 509.067
#### prediction torch.Size([192, 4])
Epoch [10/11] Step [396/1241] Loss: 0.3038 Time: 510.516
#### prediction torch.Size([192, 4])
Epoch [10/11] Step [429/1241] Loss: 0.1991 Time: 511.968
#### prediction torch.Size([192, 4])
Epoch [10/11] Step [462/1241] Loss: 0.1876 Time: 513.417
#### prediction torch.Size([192, 4])
Epoch [10/11] Step [495/1241] Loss: 0.1681 Time: 514.866
#### prediction torch.Size([192, 4])
Epoch [10/11] Step [528/1241] Loss: 0.1470 Time: 516.317
#### prediction torch.Size([192, 4])
Epoch [10/11] Step [561/1241] Loss: 0.1718 Time: 517.766
#### prediction torch.Size([192, 4])
Epoch [10/11] Step [594/1241] Loss: 0.1530 Time: 519.228
#### prediction torch.Size([192, 4])
Epoch [10/11] Step [627/1241] Loss: 0.1600 Time: 520.681
#### prediction torch.Size([192, 4])
Epoch [10/11] Step [660/1241] Loss: 0.2175 Time: 522.129
#### prediction torch.Size([192, 4])
Epoch [10/11] Step [693/1241] Loss: 0.2086 Time: 523.578
#### prediction torch.Size([192, 4])
Epoch [10/11] Step [726/1241] Loss: 0.2541 Time: 525.028
#### prediction torch.Size([192, 4])
Epoch [10/11] Step [759/1241] Loss: 0.2256 Time: 526.477
#### prediction torch.Size([192, 4])
Epoch [10/11] Step [792/1241] Loss: 0.1903 Time: 527.927
#### prediction torch.Size([192, 4])
Epoch [10/11] Step [825/1241] Loss: 0.1793 Time: 529.378
#### prediction torch.Size([192, 4])
Epoch [10/11] Step [858/1241] Loss: 0.1720 Time: 530.828
#### prediction torch.Size([192, 4])
Epoch [10/11] Step [891/1241] Loss: 0.2077 Time: 532.278
#### prediction torch.Size([192, 4])
Epoch [10/11] Step [924/1241] Loss: 0.1667 Time: 533.728
#### prediction torch.Size([192, 4])
Epoch [10/11] Step [957/1241] Loss: 0.2210 Time: 535.176
#### prediction torch.Size([192, 4])
Epoch [10/11] Step [990/1241] Loss: 0.2068 Time: 536.625
#### prediction torch.Size([192, 4])
Epoch [10/11] Step [1023/1241] Loss: 0.1160 Time: 538.072
#### prediction torch.Size([192, 4])
Epoch [10/11] Step [1056/1241] Loss: 0.1343 Time: 539.521
#### prediction torch.Size([192, 4])
Epoch [10/11] Step [1089/1241] Loss: 0.2728 Time: 540.97
#### prediction torch.Size([192, 4])
Epoch [10/11] Step [1122/1241] Loss: 0.1690 Time: 542.42
#### prediction torch.Size([192, 4])
Epoch [10/11] Step [1155/1241] Loss: 0.1431 Time: 543.869
#### prediction torch.Size([192, 4])
Epoch [10/11] Step [1188/1241] Loss: 0.1425 Time: 545.319
#### prediction torch.Size([192, 4])
Epoch [10/11] Step [1221/1241] Loss: 0.1759 Time: 546.941
#### TRAINED MODEL ResNet1D model training time: 602.39 total training time: 605.892 ####
#### TRAINING TOTAL TIME: 602.391 ####
Accuracy of the ResNet1D model on the test set: 34.704875 %
#### TESTING TOTAL TIME: 4.493 ####
#### TIME #### TERMINO #### 11236.689 ####
#### FINITO #### TERMINO #### NO-VA-MAS ####
#### TIMES #### modelling TOTAL TOTAL ==>> 11236.689 seconds
#### #### READING DATA FILES #### ####
387 511 #### COMBI [reg, sid, ban, sec, men, med, sum, max, aci, bet, mmm, hfq, hhh] METRICS ####
('Plantation', '/home/vargas/repos/forests-sounds-vargas/out/data/extraction/Plantation/2_00_PSA0010-2010_dict_y_split_7_2512283_1736694580.pkl')
(297840, 13) Index(['reg', 'sid', 'ban', 'sec', 'men', 'med', 'sum', 'max', 'aci', 'bet',
       'mmm'],
      dtype='object') Index(['ban', 'sec', 'men', 'med', 'sum', 'max', 'aci', 'bet', 'mmm', 'hfq',
       'hhh'],
      dtype='object')
#### MERGE 68 merge_data Dataframe shape: (297840, 13) #### time: 623
#### #### SPLIT TRAIN TEST #### ####
#### CLASSES: [0 1 2 3] TOTAL 4
#### SPLIT train_test_split and CUDA: ??? cuda:0 #### time: 35
#### MODELS - TOTAL 1 ####
#### EPOCHS 11 ####
#### TRAINING MODELS ####
#### TRAINING MODEL ResNet1D ####
#### prediction torch.Size([192, 4])
Epoch [10/11] Step [33/1241] Loss: 0.3174 Time: 492.71
#### prediction torch.Size([192, 4])
Epoch [10/11] Step [66/1241] Loss: 0.2911 Time: 494.156
#### prediction torch.Size([192, 4])
Epoch [10/11] Step [99/1241] Loss: 0.3767 Time: 495.603
#### prediction torch.Size([192, 4])
Epoch [10/11] Step [132/1241] Loss: 0.3317 Time: 497.05
#### prediction torch.Size([192, 4])
Epoch [10/11] Step [165/1241] Loss: 0.3349 Time: 498.497
#### prediction torch.Size([192, 4])
Epoch [10/11] Step [198/1241] Loss: 0.3899 Time: 499.943
#### prediction torch.Size([192, 4])
Epoch [10/11] Step [231/1241] Loss: 0.3301 Time: 501.391
#### prediction torch.Size([192, 4])
Epoch [10/11] Step [264/1241] Loss: 0.3869 Time: 502.838
#### prediction torch.Size([192, 4])
Epoch [10/11] Step [297/1241] Loss: 0.3174 Time: 504.285
#### prediction torch.Size([192, 4])
Epoch [10/11] Step [330/1241] Loss: 0.3756 Time: 505.733
#### prediction torch.Size([192, 4])
Epoch [10/11] Step [363/1241] Loss: 0.3748 Time: 507.18
#### prediction torch.Size([192, 4])
Epoch [10/11] Step [396/1241] Loss: 0.3006 Time: 508.629
#### prediction torch.Size([192, 4])
Epoch [10/11] Step [429/1241] Loss: 0.3585 Time: 510.076
#### prediction torch.Size([192, 4])
Epoch [10/11] Step [462/1241] Loss: 0.3448 Time: 511.524
#### prediction torch.Size([192, 4])
Epoch [10/11] Step [495/1241] Loss: 0.2943 Time: 512.975
#### prediction torch.Size([192, 4])
Epoch [10/11] Step [528/1241] Loss: 0.3036 Time: 514.434
#### prediction torch.Size([192, 4])
Epoch [10/11] Step [561/1241] Loss: 0.3301 Time: 515.882
#### prediction torch.Size([192, 4])
Epoch [10/11] Step [594/1241] Loss: 0.3803 Time: 517.33
#### prediction torch.Size([192, 4])
Epoch [10/11] Step [627/1241] Loss: 0.2858 Time: 518.777
#### prediction torch.Size([192, 4])
Epoch [10/11] Step [660/1241] Loss: 0.3060 Time: 520.228
#### prediction torch.Size([192, 4])
Epoch [10/11] Step [693/1241] Loss: 0.3024 Time: 521.676
#### prediction torch.Size([192, 4])
Epoch [10/11] Step [726/1241] Loss: 0.2498 Time: 523.124
#### prediction torch.Size([192, 4])
Epoch [10/11] Step [759/1241] Loss: 0.3201 Time: 524.573
#### prediction torch.Size([192, 4])
Epoch [10/11] Step [792/1241] Loss: 0.3071 Time: 526.021
#### prediction torch.Size([192, 4])
Epoch [10/11] Step [825/1241] Loss: 0.2939 Time: 527.469
#### prediction torch.Size([192, 4])
Epoch [10/11] Step [858/1241] Loss: 0.3505 Time: 528.917
#### prediction torch.Size([192, 4])
Epoch [10/11] Step [891/1241] Loss: 0.3116 Time: 530.364
#### prediction torch.Size([192, 4])
Epoch [10/11] Step [924/1241] Loss: 0.2954 Time: 531.812
#### prediction torch.Size([192, 4])
Epoch [10/11] Step [957/1241] Loss: 0.3528 Time: 533.26
#### prediction torch.Size([192, 4])
Epoch [10/11] Step [990/1241] Loss: 0.3361 Time: 534.708
#### prediction torch.Size([192, 4])
Epoch [10/11] Step [1023/1241] Loss: 0.3198 Time: 536.155
#### prediction torch.Size([192, 4])
Epoch [10/11] Step [1056/1241] Loss: 0.3083 Time: 537.603
#### prediction torch.Size([192, 4])
Epoch [10/11] Step [1089/1241] Loss: 0.3984 Time: 539.05
#### prediction torch.Size([192, 4])
Epoch [10/11] Step [1122/1241] Loss: 0.3475 Time: 540.498
#### prediction torch.Size([192, 4])
Epoch [10/11] Step [1155/1241] Loss: 0.3037 Time: 541.946
#### prediction torch.Size([192, 4])
Epoch [10/11] Step [1188/1241] Loss: 0.3482 Time: 543.4
#### prediction torch.Size([192, 4])
Epoch [10/11] Step [1221/1241] Loss: 0.4107 Time: 544.849
#### TRAINED MODEL ResNet1D model training time: 600.393 total training time: 603.542 ####
#### TRAINING TOTAL TIME: 600.393 ####
Accuracy of the ResNet1D model on the test set: 36.108313 %
#### TESTING TOTAL TIME: 4.495 ####
#### TIME #### TERMINO #### 11893.199 ####
#### FINITO #### TERMINO #### NO-VA-MAS ####
#### TIMES #### modelling TOTAL TOTAL ==>> 11893.199 seconds
#### #### READING DATA FILES #### ####
388 511 #### COMBI [reg, sid, ban, sec, men, med, sum, max, aci, bet, mmm, hfq, aei] METRICS ####
('Plantation', '/home/vargas/repos/forests-sounds-vargas/out/data/extraction/Plantation/2_00_PSA0010-2010_dict_y_split_7_2512283_1736694580.pkl')
(297840, 13) Index(['reg', 'sid', 'ban', 'sec', 'men', 'med', 'sum', 'max', 'aci', 'bet',
       'mmm'],
      dtype='object') Index(['ban', 'sec', 'men', 'med', 'sum', 'max', 'aci', 'bet', 'mmm', 'hfq',
       'aei'],
      dtype='object')
#### MERGE 68 merge_data Dataframe shape: (297840, 13) #### time: 626
#### #### SPLIT TRAIN TEST #### ####
#### CLASSES: [0 1 2 3] TOTAL 4
#### SPLIT train_test_split and CUDA: ??? cuda:0 #### time: 35
#### MODELS - TOTAL 1 ####
#### EPOCHS 11 ####
#### TRAINING MODELS ####
#### TRAINING MODEL ResNet1D ####
#### prediction torch.Size([192, 4])
Epoch [10/11] Step [33/1241] Loss: 0.3031 Time: 492.416
#### prediction torch.Size([192, 4])
Epoch [10/11] Step [66/1241] Loss: 0.2832 Time: 493.863
#### prediction torch.Size([192, 4])
Epoch [10/11] Step [99/1241] Loss: 0.3355 Time: 495.311
#### prediction torch.Size([192, 4])
Epoch [10/11] Step [132/1241] Loss: 0.2507 Time: 496.757
#### prediction torch.Size([192, 4])
Epoch [10/11] Step [165/1241] Loss: 0.3299 Time: 498.205
#### prediction torch.Size([192, 4])
Epoch [10/11] Step [198/1241] Loss: 0.4065 Time: 499.653
#### prediction torch.Size([192, 4])
Epoch [10/11] Step [231/1241] Loss: 0.3426 Time: 501.1
#### prediction torch.Size([192, 4])
Epoch [10/11] Step [264/1241] Loss: 0.3284 Time: 502.546
#### prediction torch.Size([192, 4])
Epoch [10/11] Step [297/1241] Loss: 0.2835 Time: 503.994
#### prediction torch.Size([192, 4])
Epoch [10/11] Step [330/1241] Loss: 0.3062 Time: 505.441
#### prediction torch.Size([192, 4])
Epoch [10/11] Step [363/1241] Loss: 0.3363 Time: 506.888
#### prediction torch.Size([192, 4])
Epoch [10/11] Step [396/1241] Loss: 0.3116 Time: 508.335
#### prediction torch.Size([192, 4])
Epoch [10/11] Step [429/1241] Loss: 0.3079 Time: 509.782
#### prediction torch.Size([192, 4])
Epoch [10/11] Step [462/1241] Loss: 0.3538 Time: 511.232
#### prediction torch.Size([192, 4])
Epoch [10/11] Step [495/1241] Loss: 0.2658 Time: 512.68
#### prediction torch.Size([192, 4])
Epoch [10/11] Step [528/1241] Loss: 0.3270 Time: 514.127
#### prediction torch.Size([192, 4])
Epoch [10/11] Step [561/1241] Loss: 0.2609 Time: 515.574
#### prediction torch.Size([192, 4])
Epoch [10/11] Step [594/1241] Loss: 0.3320 Time: 517.021
#### prediction torch.Size([192, 4])
Epoch [10/11] Step [627/1241] Loss: 0.3332 Time: 518.473
#### prediction torch.Size([192, 4])
Epoch [10/11] Step [660/1241] Loss: 0.3181 Time: 519.921
#### prediction torch.Size([192, 4])
Epoch [10/11] Step [693/1241] Loss: 0.3154 Time: 521.368
#### prediction torch.Size([192, 4])
Epoch [10/11] Step [726/1241] Loss: 0.2666 Time: 522.989
#### prediction torch.Size([192, 4])
Epoch [10/11] Step [759/1241] Loss: 0.3089 Time: 524.436
#### prediction torch.Size([192, 4])
Epoch [10/11] Step [792/1241] Loss: 0.3169 Time: 525.884
#### prediction torch.Size([192, 4])
Epoch [10/11] Step [825/1241] Loss: 0.2838 Time: 527.332
#### prediction torch.Size([192, 4])
Epoch [10/11] Step [858/1241] Loss: 0.2777 Time: 528.779
#### prediction torch.Size([192, 4])
Epoch [10/11] Step [891/1241] Loss: 0.2974 Time: 530.227
#### prediction torch.Size([192, 4])
Epoch [10/11] Step [924/1241] Loss: 0.3653 Time: 531.675
#### prediction torch.Size([192, 4])
Epoch [10/11] Step [957/1241] Loss: 0.2780 Time: 533.124
#### prediction torch.Size([192, 4])
Epoch [10/11] Step [990/1241] Loss: 0.3610 Time: 534.571
#### prediction torch.Size([192, 4])
Epoch [10/11] Step [1023/1241] Loss: 0.3170 Time: 536.018
#### prediction torch.Size([192, 4])
Epoch [10/11] Step [1056/1241] Loss: 0.2703 Time: 537.465
#### prediction torch.Size([192, 4])
Epoch [10/11] Step [1089/1241] Loss: 0.3424 Time: 538.913
#### prediction torch.Size([192, 4])
Epoch [10/11] Step [1122/1241] Loss: 0.3053 Time: 540.363
#### prediction torch.Size([192, 4])
Epoch [10/11] Step [1155/1241] Loss: 0.3207 Time: 541.813
#### prediction torch.Size([192, 4])
Epoch [10/11] Step [1188/1241] Loss: 0.4024 Time: 543.261
#### prediction torch.Size([192, 4])
Epoch [10/11] Step [1221/1241] Loss: 0.3507 Time: 544.708
#### TRAINED MODEL ResNet1D model training time: 600.095 total training time: 603.487 ####
#### TRAINING TOTAL TIME: 600.096 ####
Accuracy of the ResNet1D model on the test set: 35.38477 %
#### TESTING TOTAL TIME: 4.491 ####
#### TIME #### TERMINO #### 12554.723 ####
#### FINITO #### TERMINO #### NO-VA-MAS ####
#### TIMES #### modelling TOTAL TOTAL ==>> 12554.723 seconds
#### #### READING DATA FILES #### ####
389 511 #### COMBI [reg, sid, ban, sec, men, med, sum, max, aci, bet, mmm, htp, hhh] METRICS ####
('Plantation', '/home/vargas/repos/forests-sounds-vargas/out/data/extraction/Plantation/2_00_PSA0010-2010_dict_y_split_7_2512283_1736694580.pkl')
(297840, 13) Index(['reg', 'sid', 'ban', 'sec', 'men', 'med', 'sum', 'max', 'aci', 'bet',
       'mmm'],
      dtype='object') Index(['ban', 'sec', 'men', 'med', 'sum', 'max', 'aci', 'bet', 'mmm', 'htp',
       'hhh'],
      dtype='object')
#### MERGE 68 merge_data Dataframe shape: (297840, 13) #### time: 621
#### #### SPLIT TRAIN TEST #### ####
#### CLASSES: [0 1 2 3] TOTAL 4
#### SPLIT train_test_split and CUDA: ??? cuda:0 #### time: 35
#### MODELS - TOTAL 1 ####
#### EPOCHS 11 ####
#### TRAINING MODELS ####
#### TRAINING MODEL ResNet1D ####
#### prediction torch.Size([192, 4])
Epoch [10/11] Step [33/1241] Loss: 0.1758 Time: 492.872
#### prediction torch.Size([192, 4])
Epoch [10/11] Step [66/1241] Loss: 0.1535 Time: 494.321
#### prediction torch.Size([192, 4])
Epoch [10/11] Step [99/1241] Loss: 0.1630 Time: 495.77
#### prediction torch.Size([192, 4])
Epoch [10/11] Step [132/1241] Loss: 0.2234 Time: 497.22
#### prediction torch.Size([192, 4])
Epoch [10/11] Step [165/1241] Loss: 0.2335 Time: 498.67
#### prediction torch.Size([192, 4])
Epoch [10/11] Step [198/1241] Loss: 0.1640 Time: 500.119
#### prediction torch.Size([192, 4])
Epoch [10/11] Step [231/1241] Loss: 0.1594 Time: 501.57
#### prediction torch.Size([192, 4])
Epoch [10/11] Step [264/1241] Loss: 0.1529 Time: 503.019
#### prediction torch.Size([192, 4])
Epoch [10/11] Step [297/1241] Loss: 0.2236 Time: 504.469
#### prediction torch.Size([192, 4])
Epoch [10/11] Step [330/1241] Loss: 0.2593 Time: 505.919
#### prediction torch.Size([192, 4])
Epoch [10/11] Step [363/1241] Loss: 0.1874 Time: 507.368
#### prediction torch.Size([192, 4])
Epoch [10/11] Step [396/1241] Loss: 0.2268 Time: 508.818
#### prediction torch.Size([192, 4])
Epoch [10/11] Step [429/1241] Loss: 0.2367 Time: 510.266
#### prediction torch.Size([192, 4])
Epoch [10/11] Step [462/1241] Loss: 0.1590 Time: 511.716
#### prediction torch.Size([192, 4])
Epoch [10/11] Step [495/1241] Loss: 0.1526 Time: 513.166
#### prediction torch.Size([192, 4])
Epoch [10/11] Step [528/1241] Loss: 0.1726 Time: 514.618
#### prediction torch.Size([192, 4])
Epoch [10/11] Step [561/1241] Loss: 0.2102 Time: 516.068
#### prediction torch.Size([192, 4])
Epoch [10/11] Step [594/1241] Loss: 0.2363 Time: 517.517
#### prediction torch.Size([192, 4])
Epoch [10/11] Step [627/1241] Loss: 0.2210 Time: 518.967
#### prediction torch.Size([192, 4])
Epoch [10/11] Step [660/1241] Loss: 0.2067 Time: 520.417
#### prediction torch.Size([192, 4])
Epoch [10/11] Step [693/1241] Loss: 0.2445 Time: 521.876
#### prediction torch.Size([192, 4])
Epoch [10/11] Step [726/1241] Loss: 0.1739 Time: 523.325
#### prediction torch.Size([192, 4])
Epoch [10/11] Step [759/1241] Loss: 0.1699 Time: 524.775
#### prediction torch.Size([192, 4])
Epoch [10/11] Step [792/1241] Loss: 0.2040 Time: 526.226
#### prediction torch.Size([192, 4])
Epoch [10/11] Step [825/1241] Loss: 0.2047 Time: 527.675
#### prediction torch.Size([192, 4])
Epoch [10/11] Step [858/1241] Loss: 0.1220 Time: 529.125
#### prediction torch.Size([192, 4])
Epoch [10/11] Step [891/1241] Loss: 0.1844 Time: 530.576
#### prediction torch.Size([192, 4])
Epoch [10/11] Step [924/1241] Loss: 0.2640 Time: 532.027
#### prediction torch.Size([192, 4])
Epoch [10/11] Step [957/1241] Loss: 0.1494 Time: 533.478
#### prediction torch.Size([192, 4])
Epoch [10/11] Step [990/1241] Loss: 0.2020 Time: 534.928
#### prediction torch.Size([192, 4])
Epoch [10/11] Step [1023/1241] Loss: 0.2001 Time: 536.379
#### prediction torch.Size([192, 4])
Epoch [10/11] Step [1056/1241] Loss: 0.1705 Time: 537.847
#### prediction torch.Size([192, 4])
Epoch [10/11] Step [1089/1241] Loss: 0.2195 Time: 539.298
#### prediction torch.Size([192, 4])
Epoch [10/11] Step [1122/1241] Loss: 0.2032 Time: 540.747
#### prediction torch.Size([192, 4])
Epoch [10/11] Step [1155/1241] Loss: 0.1468 Time: 542.197
#### prediction torch.Size([192, 4])
Epoch [10/11] Step [1188/1241] Loss: 0.1657 Time: 543.647
#### prediction torch.Size([192, 4])
Epoch [10/11] Step [1221/1241] Loss: 0.1894 Time: 545.099
#### TRAINED MODEL ResNet1D model training time: 600.712 total training time: 604.275 ####
#### TRAINING TOTAL TIME: 600.712 ####
Accuracy of the ResNet1D model on the test set: 32.962329 %
#### TESTING TOTAL TIME: 4.512 ####
#### TIME #### TERMINO #### 13212.612 ####
#### FINITO #### TERMINO #### NO-VA-MAS ####
#### TIMES #### modelling TOTAL TOTAL ==>> 13212.612 seconds
#### #### READING DATA FILES #### ####
390 511 #### COMBI [reg, sid, ban, sec, men, med, sum, max, aci, bet, mmm, htp, aei] METRICS ####
('Plantation', '/home/vargas/repos/forests-sounds-vargas/out/data/extraction/Plantation/2_00_PSA0010-2010_dict_y_split_7_2512283_1736694580.pkl')
(297840, 13) Index(['reg', 'sid', 'ban', 'sec', 'men', 'med', 'sum', 'max', 'aci', 'bet',
       'mmm'],
      dtype='object') Index(['ban', 'sec', 'men', 'med', 'sum', 'max', 'aci', 'bet', 'mmm', 'htp',
       'aei'],
      dtype='object')
#### MERGE 68 merge_data Dataframe shape: (297840, 13) #### time: 623
#### #### SPLIT TRAIN TEST #### ####
#### CLASSES: [0 1 2 3] TOTAL 4
#### SPLIT train_test_split and CUDA: ??? cuda:0 #### time: 35
#### MODELS - TOTAL 1 ####
#### EPOCHS 11 ####
#### TRAINING MODELS ####
#### TRAINING MODEL ResNet1D ####
#### prediction torch.Size([192, 4])
Epoch [10/11] Step [33/1241] Loss: 0.2419 Time: 494.504
#### prediction torch.Size([192, 4])
Epoch [10/11] Step [66/1241] Loss: 0.1950 Time: 495.955
#### prediction torch.Size([192, 4])
Epoch [10/11] Step [99/1241] Loss: 0.2223 Time: 497.405
#### prediction torch.Size([192, 4])
Epoch [10/11] Step [132/1241] Loss: 0.1818 Time: 498.855
#### prediction torch.Size([192, 4])
Epoch [10/11] Step [165/1241] Loss: 0.2082 Time: 500.305
#### prediction torch.Size([192, 4])
Epoch [10/11] Step [198/1241] Loss: 0.1828 Time: 501.929
#### prediction torch.Size([192, 4])
Epoch [10/11] Step [231/1241] Loss: 0.4030 Time: 503.38
#### prediction torch.Size([192, 4])
Epoch [10/11] Step [264/1241] Loss: 0.2234 Time: 504.831
#### prediction torch.Size([192, 4])
Epoch [10/11] Step [297/1241] Loss: 0.2030 Time: 506.282
#### prediction torch.Size([192, 4])
Epoch [10/11] Step [330/1241] Loss: 0.1476 Time: 507.734
#### prediction torch.Size([192, 4])
Epoch [10/11] Step [363/1241] Loss: 0.1431 Time: 509.184
#### prediction torch.Size([192, 4])
Epoch [10/11] Step [396/1241] Loss: 0.2438 Time: 510.636
#### prediction torch.Size([192, 4])
Epoch [10/11] Step [429/1241] Loss: 0.2692 Time: 512.087
#### prediction torch.Size([192, 4])
Epoch [10/11] Step [462/1241] Loss: 0.1494 Time: 513.538
#### prediction torch.Size([192, 4])
Epoch [10/11] Step [495/1241] Loss: 0.2135 Time: 514.989
#### prediction torch.Size([192, 4])
Epoch [10/11] Step [528/1241] Loss: 0.1684 Time: 516.441
#### prediction torch.Size([192, 4])
Epoch [10/11] Step [561/1241] Loss: 0.2234 Time: 517.893
#### prediction torch.Size([192, 4])
Epoch [10/11] Step [594/1241] Loss: 0.1536 Time: 519.344
#### prediction torch.Size([192, 4])
Epoch [10/11] Step [627/1241] Loss: 0.1588 Time: 520.795
#### prediction torch.Size([192, 4])
Epoch [10/11] Step [660/1241] Loss: 0.2136 Time: 522.246
#### prediction torch.Size([192, 4])
Epoch [10/11] Step [693/1241] Loss: 0.2275 Time: 523.707
#### prediction torch.Size([192, 4])
Epoch [10/11] Step [726/1241] Loss: 0.1736 Time: 525.158
#### prediction torch.Size([192, 4])
Epoch [10/11] Step [759/1241] Loss: 0.2278 Time: 526.609
#### prediction torch.Size([192, 4])
Epoch [10/11] Step [792/1241] Loss: 0.1918 Time: 528.059
#### prediction torch.Size([192, 4])
Epoch [10/11] Step [825/1241] Loss: 0.1941 Time: 529.51
#### prediction torch.Size([192, 4])
Epoch [10/11] Step [858/1241] Loss: 0.2040 Time: 530.961
#### prediction torch.Size([192, 4])
Epoch [10/11] Step [891/1241] Loss: 0.2458 Time: 532.41
#### prediction torch.Size([192, 4])
Epoch [10/11] Step [924/1241] Loss: 0.2554 Time: 533.861
#### prediction torch.Size([192, 4])
Epoch [10/11] Step [957/1241] Loss: 0.1847 Time: 535.312
#### prediction torch.Size([192, 4])
Epoch [10/11] Step [990/1241] Loss: 0.2140 Time: 536.762
#### prediction torch.Size([192, 4])
Epoch [10/11] Step [1023/1241] Loss: 0.1772 Time: 538.213
#### prediction torch.Size([192, 4])
Epoch [10/11] Step [1056/1241] Loss: 0.2108 Time: 539.663
#### prediction torch.Size([192, 4])
Epoch [10/11] Step [1089/1241] Loss: 0.3609 Time: 541.113
#### prediction torch.Size([192, 4])
Epoch [10/11] Step [1122/1241] Loss: 0.1856 Time: 542.563
#### prediction torch.Size([192, 4])
Epoch [10/11] Step [1155/1241] Loss: 0.2138 Time: 544.013
#### prediction torch.Size([192, 4])
Epoch [10/11] Step [1188/1241] Loss: 0.1712 Time: 545.465
#### prediction torch.Size([192, 4])
Epoch [10/11] Step [1221/1241] Loss: 0.3893 Time: 546.914
#### TRAINED MODEL ResNet1D model training time: 602.568 total training time: 605.714 ####
#### TRAINING TOTAL TIME: 602.569 ####
Accuracy of the ResNet1D model on the test set: 30.998187 %
#### TESTING TOTAL TIME: 4.505 ####
#### TIME #### TERMINO #### 13872.364 ####
#### FINITO #### TERMINO #### NO-VA-MAS ####
#### TIMES #### modelling TOTAL TOTAL ==>> 13872.364 seconds
#### #### READING DATA FILES #### ####
391 511 #### COMBI [reg, sid, ban, sec, men, med, sum, max, aci, bet, mmm, hhh, aei] METRICS ####
('Plantation', '/home/vargas/repos/forests-sounds-vargas/out/data/extraction/Plantation/2_00_PSA0010-2010_dict_y_split_7_2512283_1736694580.pkl')
(297840, 13) Index(['reg', 'sid', 'ban', 'sec', 'men', 'med', 'sum', 'max', 'aci', 'bet',
       'mmm'],
      dtype='object') Index(['ban', 'sec', 'men', 'med', 'sum', 'max', 'aci', 'bet', 'mmm', 'hhh',
       'aei'],
      dtype='object')
#### MERGE 68 merge_data Dataframe shape: (297840, 13) #### time: 625
#### #### SPLIT TRAIN TEST #### ####
#### CLASSES: [0 1 2 3] TOTAL 4
#### SPLIT train_test_split and CUDA: ??? cuda:0 #### time: 35
#### MODELS - TOTAL 1 ####
#### EPOCHS 11 ####
#### TRAINING MODELS ####
#### TRAINING MODEL ResNet1D ####
#### prediction torch.Size([192, 4])
Epoch [10/11] Step [33/1241] Loss: 0.3246 Time: 494.55
#### prediction torch.Size([192, 4])
Epoch [10/11] Step [66/1241] Loss: 0.2637 Time: 496.003
#### prediction torch.Size([192, 4])
Epoch [10/11] Step [99/1241] Loss: 0.3111 Time: 497.456
#### prediction torch.Size([192, 4])
Epoch [10/11] Step [132/1241] Loss: 0.3683 Time: 498.909
#### prediction torch.Size([192, 4])
Epoch [10/11] Step [165/1241] Loss: 0.2335 Time: 500.364
#### prediction torch.Size([192, 4])
Epoch [10/11] Step [198/1241] Loss: 0.3204 Time: 501.817
#### prediction torch.Size([192, 4])
Epoch [10/11] Step [231/1241] Loss: 0.3172 Time: 503.271
#### prediction torch.Size([192, 4])
Epoch [10/11] Step [264/1241] Loss: 0.3417 Time: 504.724
#### prediction torch.Size([192, 4])
Epoch [10/11] Step [297/1241] Loss: 0.4119 Time: 506.178
#### prediction torch.Size([192, 4])
Epoch [10/11] Step [330/1241] Loss: 0.2591 Time: 507.633
#### prediction torch.Size([192, 4])
Epoch [10/11] Step [363/1241] Loss: 0.3646 Time: 509.086
#### prediction torch.Size([192, 4])
Epoch [10/11] Step [396/1241] Loss: 0.3151 Time: 510.54
#### prediction torch.Size([192, 4])
Epoch [10/11] Step [429/1241] Loss: 0.3237 Time: 511.994
#### prediction torch.Size([192, 4])
Epoch [10/11] Step [462/1241] Loss: 0.3498 Time: 513.449
#### prediction torch.Size([192, 4])
Epoch [10/11] Step [495/1241] Loss: 0.3331 Time: 514.903
#### prediction torch.Size([192, 4])
Epoch [10/11] Step [528/1241] Loss: 0.3635 Time: 516.358
#### prediction torch.Size([192, 4])
Epoch [10/11] Step [561/1241] Loss: 0.3315 Time: 517.815
#### prediction torch.Size([192, 4])
Epoch [10/11] Step [594/1241] Loss: 0.2934 Time: 519.272
#### prediction torch.Size([192, 4])
Epoch [10/11] Step [627/1241] Loss: 0.2665 Time: 520.726
#### prediction torch.Size([192, 4])
Epoch [10/11] Step [660/1241] Loss: 0.3965 Time: 522.186
#### prediction torch.Size([192, 4])
Epoch [10/11] Step [693/1241] Loss: 0.2047 Time: 523.642
#### prediction torch.Size([192, 4])
Epoch [10/11] Step [726/1241] Loss: 0.3572 Time: 525.096
#### prediction torch.Size([192, 4])
Epoch [10/11] Step [759/1241] Loss: 0.2587 Time: 526.551
#### prediction torch.Size([192, 4])
Epoch [10/11] Step [792/1241] Loss: 0.3342 Time: 528.004
#### prediction torch.Size([192, 4])
Epoch [10/11] Step [825/1241] Loss: 0.3116 Time: 529.457
#### prediction torch.Size([192, 4])
Epoch [10/11] Step [858/1241] Loss: 0.3257 Time: 530.91
#### prediction torch.Size([192, 4])
Epoch [10/11] Step [891/1241] Loss: 0.3187 Time: 532.365
#### prediction torch.Size([192, 4])
Epoch [10/11] Step [924/1241] Loss: 0.2893 Time: 533.819
#### prediction torch.Size([192, 4])
Epoch [10/11] Step [957/1241] Loss: 0.2703 Time: 535.273
#### prediction torch.Size([192, 4])
Epoch [10/11] Step [990/1241] Loss: 0.3100 Time: 536.726
#### prediction torch.Size([192, 4])
Epoch [10/11] Step [1023/1241] Loss: 0.3236 Time: 538.356
#### prediction torch.Size([192, 4])
Epoch [10/11] Step [1056/1241] Loss: 0.2667 Time: 539.808
#### prediction torch.Size([192, 4])
Epoch [10/11] Step [1089/1241] Loss: 0.2849 Time: 541.261
#### prediction torch.Size([192, 4])
Epoch [10/11] Step [1122/1241] Loss: 0.3260 Time: 542.713
#### prediction torch.Size([192, 4])
Epoch [10/11] Step [1155/1241] Loss: 0.3715 Time: 544.166
#### prediction torch.Size([192, 4])
Epoch [10/11] Step [1188/1241] Loss: 0.3034 Time: 545.619
#### prediction torch.Size([192, 4])
Epoch [10/11] Step [1221/1241] Loss: 0.3473 Time: 547.074
#### TRAINED MODEL ResNet1D model training time: 602.643 total training time: 606.006 ####
#### TRAINING TOTAL TIME: 602.644 ####
Accuracy of the ResNet1D model on the test set: 34.916398 %
#### TESTING TOTAL TIME: 4.537 ####
#### TIME #### TERMINO #### 14533.528 ####
#### FINITO #### TERMINO #### NO-VA-MAS ####
#### TIMES #### modelling TOTAL TOTAL ==>> 14533.528 seconds
#### #### READING DATA FILES #### ####
392 511 #### COMBI [reg, sid, ban, sec, men, med, sum, max, aci, bet, npp, hfq, htp] METRICS ####
('Plantation', '/home/vargas/repos/forests-sounds-vargas/out/data/extraction/Plantation/2_00_PSA0010-2010_dict_y_split_7_2512283_1736694580.pkl')
(297840, 13) Index(['reg', 'sid', 'ban', 'sec', 'men', 'med', 'sum', 'max', 'aci', 'bet',
       'npp'],
      dtype='object') Index(['ban', 'sec', 'men', 'med', 'sum', 'max', 'aci', 'bet', 'npp', 'hfq',
       'htp'],
      dtype='object')
#### MERGE 68 merge_data Dataframe shape: (297840, 13) #### time: 624
#### #### SPLIT TRAIN TEST #### ####
#### CLASSES: [0 1 2 3] TOTAL 4
#### SPLIT train_test_split and CUDA: ??? cuda:0 #### time: 35
#### MODELS - TOTAL 1 ####
#### EPOCHS 11 ####
#### TRAINING MODELS ####
#### TRAINING MODEL ResNet1D ####
#### prediction torch.Size([192, 4])
Epoch [10/11] Step [33/1241] Loss: 0.1523 Time: 494.547
#### prediction torch.Size([192, 4])
Epoch [10/11] Step [66/1241] Loss: 0.2536 Time: 496.0
#### prediction torch.Size([192, 4])
Epoch [10/11] Step [99/1241] Loss: 0.2276 Time: 497.455
#### prediction torch.Size([192, 4])
Epoch [10/11] Step [132/1241] Loss: 0.1871 Time: 498.908
#### prediction torch.Size([192, 4])
Epoch [10/11] Step [165/1241] Loss: 0.2150 Time: 500.363
#### prediction torch.Size([192, 4])
Epoch [10/11] Step [198/1241] Loss: 0.1601 Time: 501.817
#### prediction torch.Size([192, 4])
Epoch [10/11] Step [231/1241] Loss: 0.2186 Time: 503.271
#### prediction torch.Size([192, 4])
Epoch [10/11] Step [264/1241] Loss: 0.1959 Time: 504.725
#### prediction torch.Size([192, 4])
Epoch [10/11] Step [297/1241] Loss: 0.1991 Time: 506.18
#### prediction torch.Size([192, 4])
Epoch [10/11] Step [330/1241] Loss: 0.1769 Time: 507.634
#### prediction torch.Size([192, 4])
Epoch [10/11] Step [363/1241] Loss: 0.2673 Time: 509.088
#### prediction torch.Size([192, 4])
Epoch [10/11] Step [396/1241] Loss: 0.2403 Time: 510.542
#### prediction torch.Size([192, 4])
Epoch [10/11] Step [429/1241] Loss: 0.1976 Time: 511.995
#### prediction torch.Size([192, 4])
Epoch [10/11] Step [462/1241] Loss: 0.2406 Time: 513.451
#### prediction torch.Size([192, 4])
Epoch [10/11] Step [495/1241] Loss: 0.2111 Time: 514.906
#### prediction torch.Size([192, 4])
Epoch [10/11] Step [528/1241] Loss: 0.1817 Time: 516.361
#### prediction torch.Size([192, 4])
Epoch [10/11] Step [561/1241] Loss: 0.1594 Time: 517.819
#### prediction torch.Size([192, 4])
Epoch [10/11] Step [594/1241] Loss: 0.1777 Time: 519.274
#### prediction torch.Size([192, 4])
Epoch [10/11] Step [627/1241] Loss: 0.1837 Time: 520.727
#### prediction torch.Size([192, 4])
Epoch [10/11] Step [660/1241] Loss: 0.2325 Time: 522.192
#### prediction torch.Size([192, 4])
Epoch [10/11] Step [693/1241] Loss: 0.2515 Time: 523.645
#### prediction torch.Size([192, 4])
Epoch [10/11] Step [726/1241] Loss: 0.2131 Time: 525.098
#### prediction torch.Size([192, 4])
Epoch [10/11] Step [759/1241] Loss: 0.1630 Time: 526.553
#### prediction torch.Size([192, 4])
Epoch [10/11] Step [792/1241] Loss: 0.1711 Time: 528.007
#### prediction torch.Size([192, 4])
Epoch [10/11] Step [825/1241] Loss: 0.1829 Time: 529.461
#### prediction torch.Size([192, 4])
Epoch [10/11] Step [858/1241] Loss: 0.2012 Time: 530.916
#### prediction torch.Size([192, 4])
Epoch [10/11] Step [891/1241] Loss: 0.2323 Time: 532.371
#### prediction torch.Size([192, 4])
Epoch [10/11] Step [924/1241] Loss: 0.1544 Time: 533.826
#### prediction torch.Size([192, 4])
Epoch [10/11] Step [957/1241] Loss: 0.1755 Time: 535.279
#### prediction torch.Size([192, 4])
Epoch [10/11] Step [990/1241] Loss: 0.2269 Time: 536.734
#### prediction torch.Size([192, 4])
Epoch [10/11] Step [1023/1241] Loss: 0.1800 Time: 538.187
#### prediction torch.Size([192, 4])
Epoch [10/11] Step [1056/1241] Loss: 0.1911 Time: 539.642
#### prediction torch.Size([192, 4])
Epoch [10/11] Step [1089/1241] Loss: 0.1711 Time: 541.096
#### prediction torch.Size([192, 4])
Epoch [10/11] Step [1122/1241] Loss: 0.2442 Time: 542.551
#### prediction torch.Size([192, 4])
Epoch [10/11] Step [1155/1241] Loss: 0.1944 Time: 544.004
#### prediction torch.Size([192, 4])
Epoch [10/11] Step [1188/1241] Loss: 0.2392 Time: 545.457
#### prediction torch.Size([192, 4])
Epoch [10/11] Step [1221/1241] Loss: 0.2376 Time: 546.914
#### TRAINED MODEL ResNet1D model training time: 602.671 total training time: 607.461 ####
#### TRAINING TOTAL TIME: 602.672 ####
Accuracy of the ResNet1D model on the test set: 89.418815 %
#### TESTING TOTAL TIME: 4.516 ####
#### TIME #### TERMINO #### 15194.205 ####
#### FINITO #### TERMINO #### NO-VA-MAS ####
#### TIMES #### modelling TOTAL TOTAL ==>> 15194.205 seconds
#### #### READING DATA FILES #### ####
393 511 #### COMBI [reg, sid, ban, sec, men, med, sum, max, aci, bet, npp, hfq, hhh] METRICS ####
('Plantation', '/home/vargas/repos/forests-sounds-vargas/out/data/extraction/Plantation/2_00_PSA0010-2010_dict_y_split_7_2512283_1736694580.pkl')
(297840, 13) Index(['reg', 'sid', 'ban', 'sec', 'men', 'med', 'sum', 'max', 'aci', 'bet',
       'npp'],
      dtype='object') Index(['ban', 'sec', 'men', 'med', 'sum', 'max', 'aci', 'bet', 'npp', 'hfq',
       'hhh'],
      dtype='object')
#### MERGE 68 merge_data Dataframe shape: (297840, 13) #### time: 629
#### #### SPLIT TRAIN TEST #### ####
#### CLASSES: [0 1 2 3] TOTAL 4
#### SPLIT train_test_split and CUDA: ??? cuda:0 #### time: 35
#### MODELS - TOTAL 1 ####
#### EPOCHS 11 ####
#### TRAINING MODELS ####
#### TRAINING MODEL ResNet1D ####
#### prediction torch.Size([192, 4])
Epoch [10/11] Step [33/1241] Loss: 0.2130 Time: 494.499
#### prediction torch.Size([192, 4])
Epoch [10/11] Step [66/1241] Loss: 0.2093 Time: 495.952
#### prediction torch.Size([192, 4])
Epoch [10/11] Step [99/1241] Loss: 0.2506 Time: 497.405
#### prediction torch.Size([192, 4])
Epoch [10/11] Step [132/1241] Loss: 0.2230 Time: 498.858
#### prediction torch.Size([192, 4])
Epoch [10/11] Step [165/1241] Loss: 0.1792 Time: 500.31
#### prediction torch.Size([192, 4])
Epoch [10/11] Step [198/1241] Loss: 0.2394 Time: 501.764
#### prediction torch.Size([192, 4])
Epoch [10/11] Step [231/1241] Loss: 0.1667 Time: 503.216
#### prediction torch.Size([192, 4])
Epoch [10/11] Step [264/1241] Loss: 0.2201 Time: 504.67
#### prediction torch.Size([192, 4])
Epoch [10/11] Step [297/1241] Loss: 0.2384 Time: 506.122
#### prediction torch.Size([192, 4])
Epoch [10/11] Step [330/1241] Loss: 0.1506 Time: 507.575
#### prediction torch.Size([192, 4])
Epoch [10/11] Step [363/1241] Loss: 0.1870 Time: 509.027
#### prediction torch.Size([192, 4])
Epoch [10/11] Step [396/1241] Loss: 0.1843 Time: 510.481
#### prediction torch.Size([192, 4])
Epoch [10/11] Step [429/1241] Loss: 0.2317 Time: 511.933
#### prediction torch.Size([192, 4])
Epoch [10/11] Step [462/1241] Loss: 0.2743 Time: 513.386
#### prediction torch.Size([192, 4])
Epoch [10/11] Step [495/1241] Loss: 0.2561 Time: 514.841
#### prediction torch.Size([192, 4])
Epoch [10/11] Step [528/1241] Loss: 0.2236 Time: 516.469
#### prediction torch.Size([192, 4])
Epoch [10/11] Step [561/1241] Loss: 0.1600 Time: 517.923
#### prediction torch.Size([192, 4])
Epoch [10/11] Step [594/1241] Loss: 0.2173 Time: 519.387
#### prediction torch.Size([192, 4])
Epoch [10/11] Step [627/1241] Loss: 0.1800 Time: 520.841
#### prediction torch.Size([192, 4])
Epoch [10/11] Step [660/1241] Loss: 0.1974 Time: 522.293
#### prediction torch.Size([192, 4])
Epoch [10/11] Step [693/1241] Loss: 0.2103 Time: 523.747
#### prediction torch.Size([192, 4])
Epoch [10/11] Step [726/1241] Loss: 0.2314 Time: 525.199
#### prediction torch.Size([192, 4])
Epoch [10/11] Step [759/1241] Loss: 0.1810 Time: 526.652
#### prediction torch.Size([192, 4])
Epoch [10/11] Step [792/1241] Loss: 0.2332 Time: 528.104
#### prediction torch.Size([192, 4])
Epoch [10/11] Step [825/1241] Loss: 0.3168 Time: 529.558
#### prediction torch.Size([192, 4])
Epoch [10/11] Step [858/1241] Loss: 0.1980 Time: 531.011
#### prediction torch.Size([192, 4])
Epoch [10/11] Step [891/1241] Loss: 0.2304 Time: 532.465
#### prediction torch.Size([192, 4])
Epoch [10/11] Step [924/1241] Loss: 0.2097 Time: 533.918
#### prediction torch.Size([192, 4])
Epoch [10/11] Step [957/1241] Loss: 0.1820 Time: 535.372
#### prediction torch.Size([192, 4])
Epoch [10/11] Step [990/1241] Loss: 0.2191 Time: 536.826
#### prediction torch.Size([192, 4])
Epoch [10/11] Step [1023/1241] Loss: 0.1873 Time: 538.279
#### prediction torch.Size([192, 4])
Epoch [10/11] Step [1056/1241] Loss: 0.1860 Time: 539.734
#### prediction torch.Size([192, 4])
Epoch [10/11] Step [1089/1241] Loss: 0.1897 Time: 541.186
#### prediction torch.Size([192, 4])
Epoch [10/11] Step [1122/1241] Loss: 0.2011 Time: 542.639
#### prediction torch.Size([192, 4])
Epoch [10/11] Step [1155/1241] Loss: 0.2441 Time: 544.095
#### prediction torch.Size([192, 4])
Epoch [10/11] Step [1188/1241] Loss: 0.1814 Time: 545.55
#### prediction torch.Size([192, 4])
Epoch [10/11] Step [1221/1241] Loss: 0.2523 Time: 547.004
#### TRAINED MODEL ResNet1D model training time: 602.631 total training time: 606.108 ####
#### TRAINING TOTAL TIME: 602.631 ####
Accuracy of the ResNet1D model on the test set: 88.866506 %
#### TESTING TOTAL TIME: 4.698 ####
#### TIME #### TERMINO #### 15857.386 ####
#### FINITO #### TERMINO #### NO-VA-MAS ####
#### TIMES #### modelling TOTAL TOTAL ==>> 15857.386 seconds
#### #### READING DATA FILES #### ####
394 511 #### COMBI [reg, sid, ban, sec, men, med, sum, max, aci, bet, npp, hfq, aei] METRICS ####
('Plantation', '/home/vargas/repos/forests-sounds-vargas/out/data/extraction/Plantation/2_00_PSA0010-2010_dict_y_split_7_2512283_1736694580.pkl')
(297840, 13) Index(['reg', 'sid', 'ban', 'sec', 'men', 'med', 'sum', 'max', 'aci', 'bet',
       'npp'],
      dtype='object') Index(['ban', 'sec', 'men', 'med', 'sum', 'max', 'aci', 'bet', 'npp', 'hfq',
       'aei'],
      dtype='object')
#### MERGE 68 merge_data Dataframe shape: (297840, 13) #### time: 625
#### #### SPLIT TRAIN TEST #### ####
#### CLASSES: [0 1 2 3] TOTAL 4
#### SPLIT train_test_split and CUDA: ??? cuda:0 #### time: 35
#### MODELS - TOTAL 1 ####
#### EPOCHS 11 ####
#### TRAINING MODELS ####
#### TRAINING MODEL ResNet1D ####
#### prediction torch.Size([192, 4])
Epoch [10/11] Step [33/1241] Loss: 0.2559 Time: 494.5
#### prediction torch.Size([192, 4])
Epoch [10/11] Step [66/1241] Loss: 0.1910 Time: 495.954
#### prediction torch.Size([192, 4])
Epoch [10/11] Step [99/1241] Loss: 0.2552 Time: 497.407
#### prediction torch.Size([192, 4])
Epoch [10/11] Step [132/1241] Loss: 0.2016 Time: 498.86
#### prediction torch.Size([192, 4])
Epoch [10/11] Step [165/1241] Loss: 0.1663 Time: 500.314
#### prediction torch.Size([192, 4])
Epoch [10/11] Step [198/1241] Loss: 0.2370 Time: 501.769
#### prediction torch.Size([192, 4])
Epoch [10/11] Step [231/1241] Loss: 0.1789 Time: 503.222
#### prediction torch.Size([192, 4])
Epoch [10/11] Step [264/1241] Loss: 0.1619 Time: 504.675
#### prediction torch.Size([192, 4])
Epoch [10/11] Step [297/1241] Loss: 0.2184 Time: 506.128
#### prediction torch.Size([192, 4])
Epoch [10/11] Step [330/1241] Loss: 0.2064 Time: 507.582
#### prediction torch.Size([192, 4])
Epoch [10/11] Step [363/1241] Loss: 0.2140 Time: 509.036
#### prediction torch.Size([192, 4])
Epoch [10/11] Step [396/1241] Loss: 0.1627 Time: 510.49
#### prediction torch.Size([192, 4])
Epoch [10/11] Step [429/1241] Loss: 0.1727 Time: 511.943
#### prediction torch.Size([192, 4])
Epoch [10/11] Step [462/1241] Loss: 0.1588 Time: 513.397
#### prediction torch.Size([192, 4])
Epoch [10/11] Step [495/1241] Loss: 0.2230 Time: 514.854
#### prediction torch.Size([192, 4])
Epoch [10/11] Step [528/1241] Loss: 0.1901 Time: 516.307
#### prediction torch.Size([192, 4])
Epoch [10/11] Step [561/1241] Loss: 0.2080 Time: 517.767
#### prediction torch.Size([192, 4])
Epoch [10/11] Step [594/1241] Loss: 0.2196 Time: 519.224
#### prediction torch.Size([192, 4])
Epoch [10/11] Step [627/1241] Loss: 0.1919 Time: 520.677
#### prediction torch.Size([192, 4])
Epoch [10/11] Step [660/1241] Loss: 0.2336 Time: 522.131
#### prediction torch.Size([192, 4])
Epoch [10/11] Step [693/1241] Loss: 0.1896 Time: 523.585
#### prediction torch.Size([192, 4])
Epoch [10/11] Step [726/1241] Loss: 0.2730 Time: 525.039
#### prediction torch.Size([192, 4])
Epoch [10/11] Step [759/1241] Loss: 0.1964 Time: 526.493
#### prediction torch.Size([192, 4])
Epoch [10/11] Step [792/1241] Loss: 0.1948 Time: 527.955
#### prediction torch.Size([192, 4])
Epoch [10/11] Step [825/1241] Loss: 0.1899 Time: 529.409
#### prediction torch.Size([192, 4])
Epoch [10/11] Step [858/1241] Loss: 0.2229 Time: 530.862
#### prediction torch.Size([192, 4])
Epoch [10/11] Step [891/1241] Loss: 0.2432 Time: 532.317
#### prediction torch.Size([192, 4])
Epoch [10/11] Step [924/1241] Loss: 0.1978 Time: 533.77
#### prediction torch.Size([192, 4])
Epoch [10/11] Step [957/1241] Loss: 0.3019 Time: 535.237
#### prediction torch.Size([192, 4])
Epoch [10/11] Step [990/1241] Loss: 0.2480 Time: 536.695
#### prediction torch.Size([192, 4])
Epoch [10/11] Step [1023/1241] Loss: 0.2377 Time: 538.149
#### prediction torch.Size([192, 4])
Epoch [10/11] Step [1056/1241] Loss: 0.2123 Time: 539.604
#### prediction torch.Size([192, 4])
Epoch [10/11] Step [1089/1241] Loss: 0.2069 Time: 541.057
#### prediction torch.Size([192, 4])
Epoch [10/11] Step [1122/1241] Loss: 0.1559 Time: 542.51
#### prediction torch.Size([192, 4])
Epoch [10/11] Step [1155/1241] Loss: 0.2290 Time: 543.966
#### prediction torch.Size([192, 4])
Epoch [10/11] Step [1188/1241] Loss: 0.2118 Time: 545.42
#### prediction torch.Size([192, 4])
Epoch [10/11] Step [1221/1241] Loss: 0.1867 Time: 546.875
#### TRAINED MODEL ResNet1D model training time: 602.671 total training time: 606.447 ####
#### TRAINING TOTAL TIME: 602.672 ####
Accuracy of the ResNet1D model on the test set: 85.859858 %
#### TESTING TOTAL TIME: 4.526 ####
#### TIME #### TERMINO #### 16517.926 ####
#### FINITO #### TERMINO #### NO-VA-MAS ####
#### TIMES #### modelling TOTAL TOTAL ==>> 16517.926 seconds
#### #### READING DATA FILES #### ####
395 511 #### COMBI [reg, sid, ban, sec, men, med, sum, max, aci, bet, npp, htp, hhh] METRICS ####
('Plantation', '/home/vargas/repos/forests-sounds-vargas/out/data/extraction/Plantation/2_00_PSA0010-2010_dict_y_split_7_2512283_1736694580.pkl')
(297840, 13) Index(['reg', 'sid', 'ban', 'sec', 'men', 'med', 'sum', 'max', 'aci', 'bet',
       'npp'],
      dtype='object') Index(['ban', 'sec', 'men', 'med', 'sum', 'max', 'aci', 'bet', 'npp', 'htp',
       'hhh'],
      dtype='object')
#### MERGE 68 merge_data Dataframe shape: (297840, 13) #### time: 626
#### #### SPLIT TRAIN TEST #### ####
#### CLASSES: [0 1 2 3] TOTAL 4
#### SPLIT train_test_split and CUDA: ??? cuda:0 #### time: 35
#### MODELS - TOTAL 1 ####
#### EPOCHS 11 ####
#### TRAINING MODELS ####
#### TRAINING MODEL ResNet1D ####
#### prediction torch.Size([192, 4])
Epoch [10/11] Step [33/1241] Loss: 0.2138 Time: 493.329
#### prediction torch.Size([192, 4])
Epoch [10/11] Step [66/1241] Loss: 0.1236 Time: 494.774
#### prediction torch.Size([192, 4])
Epoch [10/11] Step [99/1241] Loss: 0.2184 Time: 496.22
#### prediction torch.Size([192, 4])
Epoch [10/11] Step [132/1241] Loss: 0.1762 Time: 497.667
#### prediction torch.Size([192, 4])
Epoch [10/11] Step [165/1241] Loss: 0.2716 Time: 499.114
#### prediction torch.Size([192, 4])
Epoch [10/11] Step [198/1241] Loss: 0.1766 Time: 500.559
#### prediction torch.Size([192, 4])
Epoch [10/11] Step [231/1241] Loss: 0.2473 Time: 502.007
#### prediction torch.Size([192, 4])
Epoch [10/11] Step [264/1241] Loss: 0.2210 Time: 503.453
#### prediction torch.Size([192, 4])
Epoch [10/11] Step [297/1241] Loss: 0.1901 Time: 504.9
#### prediction torch.Size([192, 4])
Epoch [10/11] Step [330/1241] Loss: 0.1989 Time: 506.347
#### prediction torch.Size([192, 4])
Epoch [10/11] Step [363/1241] Loss: 0.1816 Time: 507.793
#### prediction torch.Size([192, 4])
Epoch [10/11] Step [396/1241] Loss: 0.2005 Time: 509.239
#### prediction torch.Size([192, 4])
Epoch [10/11] Step [429/1241] Loss: 0.2582 Time: 510.685
#### prediction torch.Size([192, 4])
Epoch [10/11] Step [462/1241] Loss: 0.1907 Time: 512.131
#### prediction torch.Size([192, 4])
Epoch [10/11] Step [495/1241] Loss: 0.2330 Time: 513.579
#### prediction torch.Size([192, 4])
Epoch [10/11] Step [528/1241] Loss: 0.1944 Time: 515.026
#### prediction torch.Size([192, 4])
Epoch [10/11] Step [561/1241] Loss: 0.1823 Time: 516.478
#### prediction torch.Size([192, 4])
Epoch [10/11] Step [594/1241] Loss: 0.2303 Time: 517.931
#### prediction torch.Size([192, 4])
Epoch [10/11] Step [627/1241] Loss: 0.2701 Time: 519.378
#### prediction torch.Size([192, 4])
Epoch [10/11] Step [660/1241] Loss: 0.2074 Time: 520.826
#### prediction torch.Size([192, 4])
Epoch [10/11] Step [693/1241] Loss: 0.2666 Time: 522.272
#### prediction torch.Size([192, 4])
Epoch [10/11] Step [726/1241] Loss: 0.2135 Time: 523.718
#### prediction torch.Size([192, 4])
Epoch [10/11] Step [759/1241] Loss: 0.2256 Time: 525.165
#### prediction torch.Size([192, 4])
Epoch [10/11] Step [792/1241] Loss: 0.2617 Time: 526.612
#### prediction torch.Size([192, 4])
Epoch [10/11] Step [825/1241] Loss: 0.2386 Time: 528.06
#### prediction torch.Size([192, 4])
Epoch [10/11] Step [858/1241] Loss: 0.2372 Time: 529.506
#### prediction torch.Size([192, 4])
Epoch [10/11] Step [891/1241] Loss: 0.2238 Time: 530.953
#### prediction torch.Size([192, 4])
Epoch [10/11] Step [924/1241] Loss: 0.2738 Time: 532.4
#### prediction torch.Size([192, 4])
Epoch [10/11] Step [957/1241] Loss: 0.2644 Time: 533.846
#### prediction torch.Size([192, 4])
Epoch [10/11] Step [990/1241] Loss: 0.1808 Time: 535.292
#### prediction torch.Size([192, 4])
Epoch [10/11] Step [1023/1241] Loss: 0.2015 Time: 536.738
#### prediction torch.Size([192, 4])
Epoch [10/11] Step [1056/1241] Loss: 0.1882 Time: 538.185
#### prediction torch.Size([192, 4])
Epoch [10/11] Step [1089/1241] Loss: 0.2063 Time: 539.63
#### prediction torch.Size([192, 4])
Epoch [10/11] Step [1122/1241] Loss: 0.2017 Time: 541.077
#### prediction torch.Size([192, 4])
Epoch [10/11] Step [1155/1241] Loss: 0.2248 Time: 542.522
#### prediction torch.Size([192, 4])
Epoch [10/11] Step [1188/1241] Loss: 0.1881 Time: 543.972
#### prediction torch.Size([192, 4])
Epoch [10/11] Step [1221/1241] Loss: 0.2591 Time: 545.418
#### TRAINED MODEL ResNet1D model training time: 600.927 total training time: 604.376 ####
#### TRAINING TOTAL TIME: 600.928 ####
Accuracy of the ResNet1D model on the test set: 89.997985 %
#### TESTING TOTAL TIME: 4.492 ####
#### TIME #### TERMINO #### 17177.183 ####
#### FINITO #### TERMINO #### NO-VA-MAS ####
#### TIMES #### modelling TOTAL TOTAL ==>> 17177.183 seconds
#### #### READING DATA FILES #### ####
396 511 #### COMBI [reg, sid, ban, sec, men, med, sum, max, aci, bet, npp, htp, aei] METRICS ####
('Plantation', '/home/vargas/repos/forests-sounds-vargas/out/data/extraction/Plantation/2_00_PSA0010-2010_dict_y_split_7_2512283_1736694580.pkl')
(297840, 13) Index(['reg', 'sid', 'ban', 'sec', 'men', 'med', 'sum', 'max', 'aci', 'bet',
       'npp'],
      dtype='object') Index(['ban', 'sec', 'men', 'med', 'sum', 'max', 'aci', 'bet', 'npp', 'htp',
       'aei'],
      dtype='object')
#### MERGE 68 merge_data Dataframe shape: (297840, 13) #### time: 629
#### #### SPLIT TRAIN TEST #### ####
#### CLASSES: [0 1 2 3] TOTAL 4
#### SPLIT train_test_split and CUDA: ??? cuda:0 #### time: 35
#### MODELS - TOTAL 1 ####
#### EPOCHS 11 ####
#### TRAINING MODELS ####
#### TRAINING MODEL ResNet1D ####
#### prediction torch.Size([192, 4])
Epoch [10/11] Step [33/1241] Loss: 0.2611 Time: 493.174
#### prediction torch.Size([192, 4])
Epoch [10/11] Step [66/1241] Loss: 0.3286 Time: 494.629
#### prediction torch.Size([192, 4])
Epoch [10/11] Step [99/1241] Loss: 0.3026 Time: 496.083
#### prediction torch.Size([192, 4])
Epoch [10/11] Step [132/1241] Loss: 0.2798 Time: 497.538
#### prediction torch.Size([192, 4])
Epoch [10/11] Step [165/1241] Loss: 0.2211 Time: 498.992
#### prediction torch.Size([192, 4])
Epoch [10/11] Step [198/1241] Loss: 0.2737 Time: 500.446
#### prediction torch.Size([192, 4])
Epoch [10/11] Step [231/1241] Loss: 0.1780 Time: 501.9
#### prediction torch.Size([192, 4])
Epoch [10/11] Step [264/1241] Loss: 0.1843 Time: 503.355
#### prediction torch.Size([192, 4])
Epoch [10/11] Step [297/1241] Loss: 0.2469 Time: 504.811
#### prediction torch.Size([192, 4])
Epoch [10/11] Step [330/1241] Loss: 0.2216 Time: 506.264
#### prediction torch.Size([192, 4])
Epoch [10/11] Step [363/1241] Loss: 0.1887 Time: 507.719
#### prediction torch.Size([192, 4])
Epoch [10/11] Step [396/1241] Loss: 0.2503 Time: 509.175
#### prediction torch.Size([192, 4])
Epoch [10/11] Step [429/1241] Loss: 0.2056 Time: 510.63
#### prediction torch.Size([192, 4])
Epoch [10/11] Step [462/1241] Loss: 0.2054 Time: 512.093
#### prediction torch.Size([192, 4])
Epoch [10/11] Step [495/1241] Loss: 0.2339 Time: 513.55
#### prediction torch.Size([192, 4])
Epoch [10/11] Step [528/1241] Loss: 0.2197 Time: 515.006
#### prediction torch.Size([192, 4])
Epoch [10/11] Step [561/1241] Loss: 0.1843 Time: 516.461
#### prediction torch.Size([192, 4])
Epoch [10/11] Step [594/1241] Loss: 0.2243 Time: 517.915
#### prediction torch.Size([192, 4])
Epoch [10/11] Step [627/1241] Loss: 0.2238 Time: 519.37
#### prediction torch.Size([192, 4])
Epoch [10/11] Step [660/1241] Loss: 0.3623 Time: 520.825
#### prediction torch.Size([192, 4])
Epoch [10/11] Step [693/1241] Loss: 0.2158 Time: 522.281
#### prediction torch.Size([192, 4])
Epoch [10/11] Step [726/1241] Loss: 0.1505 Time: 523.735
#### prediction torch.Size([192, 4])
Epoch [10/11] Step [759/1241] Loss: 0.2491 Time: 525.366
#### prediction torch.Size([192, 4])
Epoch [10/11] Step [792/1241] Loss: 0.2558 Time: 526.821
#### prediction torch.Size([192, 4])
Epoch [10/11] Step [825/1241] Loss: 0.2402 Time: 528.277
#### prediction torch.Size([192, 4])
Epoch [10/11] Step [858/1241] Loss: 0.1837 Time: 529.731
#### prediction torch.Size([192, 4])
Epoch [10/11] Step [891/1241] Loss: 0.1888 Time: 531.184
#### prediction torch.Size([192, 4])
Epoch [10/11] Step [924/1241] Loss: 0.2046 Time: 532.64
#### prediction torch.Size([192, 4])
Epoch [10/11] Step [957/1241] Loss: 0.1996 Time: 534.095
#### prediction torch.Size([192, 4])
Epoch [10/11] Step [990/1241] Loss: 0.1983 Time: 535.549
#### prediction torch.Size([192, 4])
Epoch [10/11] Step [1023/1241] Loss: 0.2669 Time: 537.005
#### prediction torch.Size([192, 4])
Epoch [10/11] Step [1056/1241] Loss: 0.2159 Time: 538.46
#### prediction torch.Size([192, 4])
Epoch [10/11] Step [1089/1241] Loss: 0.2453 Time: 539.918
#### prediction torch.Size([192, 4])
Epoch [10/11] Step [1122/1241] Loss: 0.2089 Time: 541.373
#### prediction torch.Size([192, 4])
Epoch [10/11] Step [1155/1241] Loss: 0.2136 Time: 542.846
#### prediction torch.Size([192, 4])
Epoch [10/11] Step [1188/1241] Loss: 0.1721 Time: 544.303
#### prediction torch.Size([192, 4])
Epoch [10/11] Step [1221/1241] Loss: 0.2922 Time: 545.757
#### TRAINED MODEL ResNet1D model training time: 601.43 total training time: 604.817 ####
#### TRAINING TOTAL TIME: 601.431 ####
Accuracy of the ResNet1D model on the test set: 83.439095 %
#### TESTING TOTAL TIME: 4.554 ####
#### TIME #### TERMINO #### 17842.698 ####
#### FINITO #### TERMINO #### NO-VA-MAS ####
#### TIMES #### modelling TOTAL TOTAL ==>> 17842.698 seconds
#### #### READING DATA FILES #### ####
397 511 #### COMBI [reg, sid, ban, sec, men, med, sum, max, aci, bet, npp, hhh, aei] METRICS ####
('Plantation', '/home/vargas/repos/forests-sounds-vargas/out/data/extraction/Plantation/2_00_PSA0010-2010_dict_y_split_7_2512283_1736694580.pkl')
(297840, 13) Index(['reg', 'sid', 'ban', 'sec', 'men', 'med', 'sum', 'max', 'aci', 'bet',
       'npp'],
      dtype='object') Index(['ban', 'sec', 'men', 'med', 'sum', 'max', 'aci', 'bet', 'npp', 'hhh',
       'aei'],
      dtype='object')
#### MERGE 68 merge_data Dataframe shape: (297840, 13) #### time: 623
#### #### SPLIT TRAIN TEST #### ####
#### CLASSES: [0 1 2 3] TOTAL 4
#### SPLIT train_test_split and CUDA: ??? cuda:0 #### time: 35
#### MODELS - TOTAL 1 ####
#### EPOCHS 11 ####
#### TRAINING MODELS ####
#### TRAINING MODEL ResNet1D ####
#### prediction torch.Size([192, 4])
Epoch [10/11] Step [33/1241] Loss: 0.1847 Time: 493.547
#### prediction torch.Size([192, 4])
Epoch [10/11] Step [66/1241] Loss: 0.2829 Time: 495.0
#### prediction torch.Size([192, 4])
Epoch [10/11] Step [99/1241] Loss: 0.1878 Time: 496.455
#### prediction torch.Size([192, 4])
Epoch [10/11] Step [132/1241] Loss: 0.2132 Time: 497.91
#### prediction torch.Size([192, 4])
Epoch [10/11] Step [165/1241] Loss: 0.2060 Time: 499.364
#### prediction torch.Size([192, 4])
Epoch [10/11] Step [198/1241] Loss: 0.2451 Time: 500.82
#### prediction torch.Size([192, 4])
Epoch [10/11] Step [231/1241] Loss: 0.2261 Time: 502.276
#### prediction torch.Size([192, 4])
Epoch [10/11] Step [264/1241] Loss: 0.2782 Time: 503.729
#### prediction torch.Size([192, 4])
Epoch [10/11] Step [297/1241] Loss: 0.1941 Time: 505.185
#### prediction torch.Size([192, 4])
Epoch [10/11] Step [330/1241] Loss: 0.2192 Time: 506.639
#### prediction torch.Size([192, 4])
Epoch [10/11] Step [363/1241] Loss: 0.2517 Time: 508.095
#### prediction torch.Size([192, 4])
Epoch [10/11] Step [396/1241] Loss: 0.1825 Time: 509.554
#### prediction torch.Size([192, 4])
Epoch [10/11] Step [429/1241] Loss: 0.2691 Time: 511.012
#### prediction torch.Size([192, 4])
Epoch [10/11] Step [462/1241] Loss: 0.1892 Time: 512.472
#### prediction torch.Size([192, 4])
Epoch [10/11] Step [495/1241] Loss: 0.2001 Time: 513.944
#### prediction torch.Size([192, 4])
Epoch [10/11] Step [528/1241] Loss: 0.2243 Time: 515.405
#### prediction torch.Size([192, 4])
Epoch [10/11] Step [561/1241] Loss: 0.1883 Time: 516.863
#### prediction torch.Size([192, 4])
Epoch [10/11] Step [594/1241] Loss: 0.2661 Time: 518.324
#### prediction torch.Size([192, 4])
Epoch [10/11] Step [627/1241] Loss: 0.2196 Time: 519.781
#### prediction torch.Size([192, 4])
Epoch [10/11] Step [660/1241] Loss: 0.2076 Time: 521.237
#### prediction torch.Size([192, 4])
Epoch [10/11] Step [693/1241] Loss: 0.2260 Time: 522.692
#### prediction torch.Size([192, 4])
Epoch [10/11] Step [726/1241] Loss: 0.2082 Time: 524.151
#### prediction torch.Size([192, 4])
Epoch [10/11] Step [759/1241] Loss: 0.2105 Time: 525.609
#### prediction torch.Size([192, 4])
Epoch [10/11] Step [792/1241] Loss: 0.2684 Time: 527.066
#### prediction torch.Size([192, 4])
Epoch [10/11] Step [825/1241] Loss: 0.1562 Time: 528.523
#### prediction torch.Size([192, 4])
Epoch [10/11] Step [858/1241] Loss: 0.1774 Time: 529.981
#### prediction torch.Size([192, 4])
Epoch [10/11] Step [891/1241] Loss: 0.2930 Time: 531.439
#### prediction torch.Size([192, 4])
Epoch [10/11] Step [924/1241] Loss: 0.1791 Time: 532.899
#### prediction torch.Size([192, 4])
Epoch [10/11] Step [957/1241] Loss: 0.1872 Time: 534.358
#### prediction torch.Size([192, 4])
Epoch [10/11] Step [990/1241] Loss: 0.2730 Time: 535.816
#### prediction torch.Size([192, 4])
Epoch [10/11] Step [1023/1241] Loss: 0.1913 Time: 537.278
#### prediction torch.Size([192, 4])
Epoch [10/11] Step [1056/1241] Loss: 0.1584 Time: 538.736
#### prediction torch.Size([192, 4])
Epoch [10/11] Step [1089/1241] Loss: 0.3055 Time: 540.193
#### prediction torch.Size([192, 4])
Epoch [10/11] Step [1122/1241] Loss: 0.2282 Time: 541.658
#### prediction torch.Size([192, 4])
Epoch [10/11] Step [1155/1241] Loss: 0.1888 Time: 543.128
#### prediction torch.Size([192, 4])
Epoch [10/11] Step [1188/1241] Loss: 0.1764 Time: 544.595
#### prediction torch.Size([192, 4])
Epoch [10/11] Step [1221/1241] Loss: 0.2107 Time: 546.06
#### TRAINED MODEL ResNet1D model training time: 602.191 total training time: 605.537 ####
#### TRAINING TOTAL TIME: 602.192 ####
Accuracy of the ResNet1D model on the test set: 77.462732 %
#### TESTING TOTAL TIME: 4.56 ####
#### TIME #### TERMINO #### 18502.423 ####
#### FINITO #### TERMINO #### NO-VA-MAS ####
#### TIMES #### modelling TOTAL TOTAL ==>> 18502.423 seconds
#### #### READING DATA FILES #### ####
398 511 #### COMBI [reg, sid, ban, sec, men, med, sum, max, aci, bet, hfq, htp, hhh] METRICS ####
('Plantation', '/home/vargas/repos/forests-sounds-vargas/out/data/extraction/Plantation/2_00_PSA0010-2010_dict_y_split_7_2512283_1736694580.pkl')
(297840, 13) Index(['reg', 'sid', 'ban', 'sec', 'men', 'med', 'sum', 'max', 'aci', 'bet',
       'hfq'],
      dtype='object') Index(['ban', 'sec', 'men', 'med', 'sum', 'max', 'aci', 'bet', 'hfq', 'htp',
       'hhh'],
      dtype='object')
#### MERGE 68 merge_data Dataframe shape: (297840, 13) #### time: 625
#### #### SPLIT TRAIN TEST #### ####
#### CLASSES: [0 1 2 3] TOTAL 4
#### SPLIT train_test_split and CUDA: ??? cuda:0 #### time: 35
#### MODELS - TOTAL 1 ####
#### EPOCHS 11 ####
#### TRAINING MODELS ####
#### TRAINING MODEL ResNet1D ####
#### prediction torch.Size([192, 4])
Epoch [10/11] Step [33/1241] Loss: 0.2424 Time: 498.6
#### prediction torch.Size([192, 4])
Epoch [10/11] Step [66/1241] Loss: 0.2951 Time: 500.064
#### prediction torch.Size([192, 4])
Epoch [10/11] Step [99/1241] Loss: 0.2856 Time: 501.529
#### prediction torch.Size([192, 4])
Epoch [10/11] Step [132/1241] Loss: 0.2838 Time: 502.992
#### prediction torch.Size([192, 4])
Epoch [10/11] Step [165/1241] Loss: 0.2447 Time: 504.456
#### prediction torch.Size([192, 4])
Epoch [10/11] Step [198/1241] Loss: 0.2713 Time: 505.917
#### prediction torch.Size([192, 4])
Epoch [10/11] Step [231/1241] Loss: 0.2536 Time: 507.374
#### prediction torch.Size([192, 4])
Epoch [10/11] Step [264/1241] Loss: 0.3555 Time: 508.831
#### prediction torch.Size([192, 4])
Epoch [10/11] Step [297/1241] Loss: 0.2696 Time: 510.289
#### prediction torch.Size([192, 4])
Epoch [10/11] Step [330/1241] Loss: 0.2830 Time: 511.749
#### prediction torch.Size([192, 4])
Epoch [10/11] Step [363/1241] Loss: 0.2714 Time: 513.22
#### prediction torch.Size([192, 4])
Epoch [10/11] Step [396/1241] Loss: 0.3321 Time: 514.861
#### prediction torch.Size([192, 4])
Epoch [10/11] Step [429/1241] Loss: 0.3013 Time: 516.324
#### prediction torch.Size([192, 4])
Epoch [10/11] Step [462/1241] Loss: 0.2623 Time: 517.787
#### prediction torch.Size([192, 4])
Epoch [10/11] Step [495/1241] Loss: 0.2703 Time: 519.249
#### prediction torch.Size([192, 4])
Epoch [10/11] Step [528/1241] Loss: 0.3079 Time: 520.72
#### prediction torch.Size([192, 4])
Epoch [10/11] Step [561/1241] Loss: 0.3246 Time: 522.201
#### prediction torch.Size([192, 4])
Epoch [10/11] Step [594/1241] Loss: 0.3292 Time: 523.669
#### prediction torch.Size([192, 4])
Epoch [10/11] Step [627/1241] Loss: 0.2999 Time: 525.132
#### prediction torch.Size([192, 4])
Epoch [10/11] Step [660/1241] Loss: 0.3039 Time: 526.594
#### prediction torch.Size([192, 4])
Epoch [10/11] Step [693/1241] Loss: 0.2933 Time: 528.057
#### prediction torch.Size([192, 4])
Epoch [10/11] Step [726/1241] Loss: 0.2364 Time: 529.524
#### prediction torch.Size([192, 4])
Epoch [10/11] Step [759/1241] Loss: 0.3459 Time: 530.986
#### prediction torch.Size([192, 4])
Epoch [10/11] Step [792/1241] Loss: 0.2754 Time: 532.448
#### prediction torch.Size([192, 4])
Epoch [10/11] Step [825/1241] Loss: 0.2996 Time: 533.911
#### prediction torch.Size([192, 4])
Epoch [10/11] Step [858/1241] Loss: 0.2847 Time: 535.374
#### prediction torch.Size([192, 4])
Epoch [10/11] Step [891/1241] Loss: 0.3372 Time: 536.837
#### prediction torch.Size([192, 4])
Epoch [10/11] Step [924/1241] Loss: 0.2518 Time: 538.303
#### prediction torch.Size([192, 4])
Epoch [10/11] Step [957/1241] Loss: 0.2650 Time: 539.767
#### prediction torch.Size([192, 4])
Epoch [10/11] Step [990/1241] Loss: 0.2811 Time: 541.23
#### prediction torch.Size([192, 4])
Epoch [10/11] Step [1023/1241] Loss: 0.2634 Time: 542.703
#### prediction torch.Size([192, 4])
Epoch [10/11] Step [1056/1241] Loss: 0.3152 Time: 544.169
#### prediction torch.Size([192, 4])
Epoch [10/11] Step [1089/1241] Loss: 0.3828 Time: 545.633
#### prediction torch.Size([192, 4])
Epoch [10/11] Step [1122/1241] Loss: 0.3033 Time: 547.096
#### prediction torch.Size([192, 4])
Epoch [10/11] Step [1155/1241] Loss: 0.2920 Time: 548.558
#### prediction torch.Size([192, 4])
Epoch [10/11] Step [1188/1241] Loss: 0.2748 Time: 550.02
#### prediction torch.Size([192, 4])
Epoch [10/11] Step [1221/1241] Loss: 0.2787 Time: 551.483
#### TRAINED MODEL ResNet1D model training time: 607.467 total training time: 610.753 ####
#### TRAINING TOTAL TIME: 607.467 ####
Accuracy of the ResNet1D model on the test set: 40.004701 %
#### TESTING TOTAL TIME: 4.693 ####
#### TIME #### TERMINO #### 19168.596 ####
#### FINITO #### TERMINO #### NO-VA-MAS ####
#### TIMES #### modelling TOTAL TOTAL ==>> 19168.596 seconds
#### #### READING DATA FILES #### ####
399 511 #### COMBI [reg, sid, ban, sec, men, med, sum, max, aci, bet, hfq, htp, aei] METRICS ####
('Plantation', '/home/vargas/repos/forests-sounds-vargas/out/data/extraction/Plantation/2_00_PSA0010-2010_dict_y_split_7_2512283_1736694580.pkl')
(297840, 13) Index(['reg', 'sid', 'ban', 'sec', 'men', 'med', 'sum', 'max', 'aci', 'bet',
       'hfq'],
      dtype='object') Index(['ban', 'sec', 'men', 'med', 'sum', 'max', 'aci', 'bet', 'hfq', 'htp',
       'aei'],
      dtype='object')
#### MERGE 68 merge_data Dataframe shape: (297840, 13) #### time: 631
#### #### SPLIT TRAIN TEST #### ####
#### CLASSES: [0 1 2 3] TOTAL 4
#### SPLIT train_test_split and CUDA: ??? cuda:0 #### time: 36
#### MODELS - TOTAL 1 ####
#### EPOCHS 11 ####
#### TRAINING MODELS ####
#### TRAINING MODEL ResNet1D ####
#### prediction torch.Size([192, 4])
Epoch [10/11] Step [33/1241] Loss: 0.2480 Time: 498.656
#### prediction torch.Size([192, 4])
Epoch [10/11] Step [66/1241] Loss: 0.2381 Time: 500.118
#### prediction torch.Size([192, 4])
Epoch [10/11] Step [99/1241] Loss: 0.2245 Time: 501.578
#### prediction torch.Size([192, 4])
Epoch [10/11] Step [132/1241] Loss: 0.2284 Time: 503.038
#### prediction torch.Size([192, 4])
Epoch [10/11] Step [165/1241] Loss: 0.3285 Time: 504.509
#### prediction torch.Size([192, 4])
Epoch [10/11] Step [198/1241] Loss: 0.2337 Time: 505.973
#### prediction torch.Size([192, 4])
Epoch [10/11] Step [231/1241] Loss: 0.1978 Time: 507.437
#### prediction torch.Size([192, 4])
Epoch [10/11] Step [264/1241] Loss: 0.2004 Time: 508.9
#### prediction torch.Size([192, 4])
Epoch [10/11] Step [297/1241] Loss: 0.2552 Time: 510.362
#### prediction torch.Size([192, 4])
Epoch [10/11] Step [330/1241] Loss: 0.2386 Time: 511.827
#### prediction torch.Size([192, 4])
Epoch [10/11] Step [363/1241] Loss: 0.3039 Time: 513.29
#### prediction torch.Size([192, 4])
Epoch [10/11] Step [396/1241] Loss: 0.2108 Time: 514.753
#### prediction torch.Size([192, 4])
Epoch [10/11] Step [429/1241] Loss: 0.2722 Time: 516.217
#### prediction torch.Size([192, 4])
Epoch [10/11] Step [462/1241] Loss: 0.2092 Time: 517.682
#### prediction torch.Size([192, 4])
Epoch [10/11] Step [495/1241] Loss: 0.2553 Time: 519.145
#### prediction torch.Size([192, 4])
Epoch [10/11] Step [528/1241] Loss: 0.1837 Time: 520.614
#### prediction torch.Size([192, 4])
Epoch [10/11] Step [561/1241] Loss: 0.1959 Time: 522.08
#### prediction torch.Size([192, 4])
Epoch [10/11] Step [594/1241] Loss: 0.2179 Time: 523.544
#### prediction torch.Size([192, 4])
Epoch [10/11] Step [627/1241] Loss: 0.2865 Time: 525.007
#### prediction torch.Size([192, 4])
Epoch [10/11] Step [660/1241] Loss: 0.2164 Time: 526.473
#### prediction torch.Size([192, 4])
Epoch [10/11] Step [693/1241] Loss: 0.2676 Time: 527.938
#### prediction torch.Size([192, 4])
Epoch [10/11] Step [726/1241] Loss: 0.2427 Time: 529.401
#### prediction torch.Size([192, 4])
Epoch [10/11] Step [759/1241] Loss: 0.2017 Time: 530.863
#### prediction torch.Size([192, 4])
Epoch [10/11] Step [792/1241] Loss: 0.1836 Time: 532.328
#### prediction torch.Size([192, 4])
Epoch [10/11] Step [825/1241] Loss: 0.1929 Time: 533.801
#### prediction torch.Size([192, 4])
Epoch [10/11] Step [858/1241] Loss: 0.2132 Time: 535.262
#### prediction torch.Size([192, 4])
Epoch [10/11] Step [891/1241] Loss: 0.2201 Time: 536.72
#### prediction torch.Size([192, 4])
Epoch [10/11] Step [924/1241] Loss: 0.2642 Time: 538.177
#### prediction torch.Size([192, 4])
Epoch [10/11] Step [957/1241] Loss: 0.2424 Time: 539.639
#### prediction torch.Size([192, 4])
Epoch [10/11] Step [990/1241] Loss: 0.4060 Time: 541.102
#### prediction torch.Size([192, 4])
Epoch [10/11] Step [1023/1241] Loss: 0.2321 Time: 542.566
#### prediction torch.Size([192, 4])
Epoch [10/11] Step [1056/1241] Loss: 0.1866 Time: 544.028
#### prediction torch.Size([192, 4])
Epoch [10/11] Step [1089/1241] Loss: 0.2499 Time: 545.494
#### prediction torch.Size([192, 4])
Epoch [10/11] Step [1122/1241] Loss: 0.2047 Time: 546.955
#### prediction torch.Size([192, 4])
Epoch [10/11] Step [1155/1241] Loss: 0.2458 Time: 548.419
#### prediction torch.Size([192, 4])
Epoch [10/11] Step [1188/1241] Loss: 0.3231 Time: 549.883
#### prediction torch.Size([192, 4])
Epoch [10/11] Step [1221/1241] Loss: 0.3740 Time: 551.524
#### TRAINED MODEL ResNet1D model training time: 607.527 total training time: 611.126 ####
#### TRAINING TOTAL TIME: 607.527 ####
Accuracy of the ResNet1D model on the test set: 64.101531 %
#### TESTING TOTAL TIME: 4.558 ####
#### TIME #### TERMINO #### 19836.868 ####
#### FINITO #### TERMINO #### NO-VA-MAS ####
#### TIMES #### modelling TOTAL TOTAL ==>> 19836.868 seconds
#### #### READING DATA FILES #### ####
400 511 #### COMBI [reg, sid, ban, sec, men, med, sum, max, aci, bet, hfq, hhh, aei] METRICS ####
('Plantation', '/home/vargas/repos/forests-sounds-vargas/out/data/extraction/Plantation/2_00_PSA0010-2010_dict_y_split_7_2512283_1736694580.pkl')
(297840, 13) Index(['reg', 'sid', 'ban', 'sec', 'men', 'med', 'sum', 'max', 'aci', 'bet',
       'hfq'],
      dtype='object') Index(['ban', 'sec', 'men', 'med', 'sum', 'max', 'aci', 'bet', 'hfq', 'hhh',
       'aei'],
      dtype='object')
#### MERGE 68 merge_data Dataframe shape: (297840, 13) #### time: 631
#### #### SPLIT TRAIN TEST #### ####
#### CLASSES: [0 1 2 3] TOTAL 4
#### SPLIT train_test_split and CUDA: ??? cuda:0 #### time: 35
#### MODELS - TOTAL 1 ####
#### EPOCHS 11 ####
#### TRAINING MODELS ####
#### TRAINING MODEL ResNet1D ####
#### prediction torch.Size([192, 4])
Epoch [10/11] Step [33/1241] Loss: 0.3875 Time: 498.335
#### prediction torch.Size([192, 4])
Epoch [10/11] Step [66/1241] Loss: 0.2582 Time: 499.799
#### prediction torch.Size([192, 4])
Epoch [10/11] Step [99/1241] Loss: 0.2863 Time: 501.261
#### prediction torch.Size([192, 4])
Epoch [10/11] Step [132/1241] Loss: 0.3198 Time: 502.724
#### prediction torch.Size([192, 4])
Epoch [10/11] Step [165/1241] Loss: 0.3141 Time: 504.187
#### prediction torch.Size([192, 4])
Epoch [10/11] Step [198/1241] Loss: 0.3442 Time: 505.653
#### prediction torch.Size([192, 4])
Epoch [10/11] Step [231/1241] Loss: 0.3215 Time: 507.117
#### prediction torch.Size([192, 4])
Epoch [10/11] Step [264/1241] Loss: 0.2514 Time: 508.581
#### prediction torch.Size([192, 4])
Epoch [10/11] Step [297/1241] Loss: 0.3741 Time: 510.043
#### prediction torch.Size([192, 4])
Epoch [10/11] Step [330/1241] Loss: 0.3288 Time: 511.509
#### prediction torch.Size([192, 4])
Epoch [10/11] Step [363/1241] Loss: 0.3447 Time: 512.975
#### prediction torch.Size([192, 4])
Epoch [10/11] Step [396/1241] Loss: 0.3208 Time: 514.444
#### prediction torch.Size([192, 4])
Epoch [10/11] Step [429/1241] Loss: 0.2981 Time: 515.91
#### prediction torch.Size([192, 4])
Epoch [10/11] Step [462/1241] Loss: 0.3166 Time: 517.376
#### prediction torch.Size([192, 4])
Epoch [10/11] Step [495/1241] Loss: 0.2979 Time: 518.839
#### prediction torch.Size([192, 4])
Epoch [10/11] Step [528/1241] Loss: 0.2163 Time: 520.302
#### prediction torch.Size([192, 4])
Epoch [10/11] Step [561/1241] Loss: 0.2810 Time: 521.763
#### prediction torch.Size([192, 4])
Epoch [10/11] Step [594/1241] Loss: 0.3680 Time: 523.225
#### prediction torch.Size([192, 4])
Epoch [10/11] Step [627/1241] Loss: 0.2717 Time: 524.685
#### prediction torch.Size([192, 4])
Epoch [10/11] Step [660/1241] Loss: 0.3569 Time: 526.149
#### prediction torch.Size([192, 4])
Epoch [10/11] Step [693/1241] Loss: 0.2761 Time: 527.62
#### prediction torch.Size([192, 4])
Epoch [10/11] Step [726/1241] Loss: 0.2439 Time: 529.081
#### prediction torch.Size([192, 4])
Epoch [10/11] Step [759/1241] Loss: 0.2832 Time: 530.545
#### prediction torch.Size([192, 4])
Epoch [10/11] Step [792/1241] Loss: 0.3497 Time: 532.008
#### prediction torch.Size([192, 4])
Epoch [10/11] Step [825/1241] Loss: 0.3121 Time: 533.471
#### prediction torch.Size([192, 4])
Epoch [10/11] Step [858/1241] Loss: 0.2900 Time: 534.933
#### prediction torch.Size([192, 4])
Epoch [10/11] Step [891/1241] Loss: 0.3316 Time: 536.397
#### prediction torch.Size([192, 4])
Epoch [10/11] Step [924/1241] Loss: 0.3729 Time: 537.86
#### prediction torch.Size([192, 4])
Epoch [10/11] Step [957/1241] Loss: 0.3092 Time: 539.325
#### prediction torch.Size([192, 4])
Epoch [10/11] Step [990/1241] Loss: 0.3238 Time: 540.787
#### prediction torch.Size([192, 4])
Epoch [10/11] Step [1023/1241] Loss: 0.2289 Time: 542.251
#### prediction torch.Size([192, 4])
Epoch [10/11] Step [1056/1241] Loss: 0.2567 Time: 543.718
#### prediction torch.Size([192, 4])
Epoch [10/11] Step [1089/1241] Loss: 0.3176 Time: 545.183
#### prediction torch.Size([192, 4])
Epoch [10/11] Step [1122/1241] Loss: 0.2895 Time: 546.649
#### prediction torch.Size([192, 4])
Epoch [10/11] Step [1155/1241] Loss: 0.2898 Time: 548.114
#### prediction torch.Size([192, 4])
Epoch [10/11] Step [1188/1241] Loss: 0.3040 Time: 549.577
#### prediction torch.Size([192, 4])
Epoch [10/11] Step [1221/1241] Loss: 0.2537 Time: 551.039
#### TRAINED MODEL ResNet1D model training time: 607.106 total training time: 610.604 ####
#### TRAINING TOTAL TIME: 607.106 ####
Accuracy of the ResNet1D model on the test set: 41.037134 %
#### TESTING TOTAL TIME: 4.534 ####
#### TIME #### TERMINO #### 20503.376 ####
#### FINITO #### TERMINO #### NO-VA-MAS ####
#### TIMES #### modelling TOTAL TOTAL ==>> 20503.376 seconds
#### #### READING DATA FILES #### ####
401 511 #### COMBI [reg, sid, ban, sec, men, med, sum, max, aci, bet, htp, hhh, aei] METRICS ####
('Plantation', '/home/vargas/repos/forests-sounds-vargas/out/data/extraction/Plantation/2_00_PSA0010-2010_dict_y_split_7_2512283_1736694580.pkl')
(297840, 13) Index(['reg', 'sid', 'ban', 'sec', 'men', 'med', 'sum', 'max', 'aci', 'bet',
       'htp'],
      dtype='object') Index(['ban', 'sec', 'men', 'med', 'sum', 'max', 'aci', 'bet', 'htp', 'hhh',
       'aei'],
      dtype='object')
#### MERGE 68 merge_data Dataframe shape: (297840, 13) #### time: 629
#### #### SPLIT TRAIN TEST #### ####
#### CLASSES: [0 1 2 3] TOTAL 4
#### SPLIT train_test_split and CUDA: ??? cuda:0 #### time: 35
#### MODELS - TOTAL 1 ####
#### EPOCHS 11 ####
#### TRAINING MODELS ####
#### TRAINING MODEL ResNet1D ####
#### prediction torch.Size([192, 4])
Epoch [10/11] Step [33/1241] Loss: 0.2277 Time: 498.228
#### prediction torch.Size([192, 4])
Epoch [10/11] Step [66/1241] Loss: 0.2470 Time: 499.689
#### prediction torch.Size([192, 4])
Epoch [10/11] Step [99/1241] Loss: 0.1966 Time: 501.147
#### prediction torch.Size([192, 4])
Epoch [10/11] Step [132/1241] Loss: 0.2473 Time: 502.605
#### prediction torch.Size([192, 4])
Epoch [10/11] Step [165/1241] Loss: 0.2212 Time: 504.065
#### prediction torch.Size([192, 4])
Epoch [10/11] Step [198/1241] Loss: 0.1857 Time: 505.523
#### prediction torch.Size([192, 4])
Epoch [10/11] Step [231/1241] Loss: 0.2356 Time: 506.982
#### prediction torch.Size([192, 4])
Epoch [10/11] Step [264/1241] Loss: 0.1912 Time: 508.441
#### prediction torch.Size([192, 4])
Epoch [10/11] Step [297/1241] Loss: 0.2276 Time: 509.9
#### prediction torch.Size([192, 4])
Epoch [10/11] Step [330/1241] Loss: 0.2253 Time: 511.357
#### prediction torch.Size([192, 4])
Epoch [10/11] Step [363/1241] Loss: 0.1994 Time: 512.815
#### prediction torch.Size([192, 4])
Epoch [10/11] Step [396/1241] Loss: 0.2054 Time: 514.273
#### prediction torch.Size([192, 4])
Epoch [10/11] Step [429/1241] Loss: 0.2604 Time: 515.732
#### prediction torch.Size([192, 4])
Epoch [10/11] Step [462/1241] Loss: 0.1556 Time: 517.188
#### prediction torch.Size([192, 4])
Epoch [10/11] Step [495/1241] Loss: 0.2162 Time: 518.647
#### prediction torch.Size([192, 4])
Epoch [10/11] Step [528/1241] Loss: 0.2433 Time: 520.106
#### prediction torch.Size([192, 4])
Epoch [10/11] Step [561/1241] Loss: 0.2796 Time: 521.571
#### prediction torch.Size([192, 4])
Epoch [10/11] Step [594/1241] Loss: 0.2223 Time: 523.028
#### prediction torch.Size([192, 4])
Epoch [10/11] Step [627/1241] Loss: 0.1876 Time: 524.485
#### prediction torch.Size([192, 4])
Epoch [10/11] Step [660/1241] Loss: 0.2362 Time: 525.944
#### prediction torch.Size([192, 4])
Epoch [10/11] Step [693/1241] Loss: 0.2454 Time: 527.4
#### prediction torch.Size([192, 4])
Epoch [10/11] Step [726/1241] Loss: 0.2714 Time: 529.032
#### prediction torch.Size([192, 4])
Epoch [10/11] Step [759/1241] Loss: 0.1771 Time: 530.49
#### prediction torch.Size([192, 4])
Epoch [10/11] Step [792/1241] Loss: 0.2302 Time: 531.947
#### prediction torch.Size([192, 4])
Epoch [10/11] Step [825/1241] Loss: 0.2466 Time: 533.405
#### prediction torch.Size([192, 4])
Epoch [10/11] Step [858/1241] Loss: 0.1740 Time: 534.864
#### prediction torch.Size([192, 4])
Epoch [10/11] Step [891/1241] Loss: 0.3493 Time: 536.323
#### prediction torch.Size([192, 4])
Epoch [10/11] Step [924/1241] Loss: 0.2356 Time: 537.782
#### prediction torch.Size([192, 4])
Epoch [10/11] Step [957/1241] Loss: 0.2030 Time: 539.242
#### prediction torch.Size([192, 4])
Epoch [10/11] Step [990/1241] Loss: 0.1908 Time: 540.701
#### prediction torch.Size([192, 4])
Epoch [10/11] Step [1023/1241] Loss: 0.2661 Time: 542.159
#### prediction torch.Size([192, 4])
Epoch [10/11] Step [1056/1241] Loss: 0.2859 Time: 543.615
#### prediction torch.Size([192, 4])
Epoch [10/11] Step [1089/1241] Loss: 0.2408 Time: 545.072
#### prediction torch.Size([192, 4])
Epoch [10/11] Step [1122/1241] Loss: 0.2437 Time: 546.529
#### prediction torch.Size([192, 4])
Epoch [10/11] Step [1155/1241] Loss: 0.2491 Time: 547.99
#### prediction torch.Size([192, 4])
Epoch [10/11] Step [1188/1241] Loss: 0.2164 Time: 549.45
#### prediction torch.Size([192, 4])
Epoch [10/11] Step [1221/1241] Loss: 0.1868 Time: 550.915
#### TRAINED MODEL ResNet1D model training time: 606.707 total training time: 610.866 ####
#### TRAINING TOTAL TIME: 606.708 ####
Accuracy of the ResNet1D model on the test set: 50.725222 %
#### TESTING TOTAL TIME: 4.542 ####
#### TIME #### TERMINO #### 21169.016 ####
#### FINITO #### TERMINO #### NO-VA-MAS ####
#### TIMES #### modelling TOTAL TOTAL ==>> 21169.016 seconds
#### #### READING DATA FILES #### ####
402 511 #### COMBI [reg, sid, ban, sec, men, med, sum, max, aci, mmm, npp, hfq, htp] METRICS ####
('Plantation', '/home/vargas/repos/forests-sounds-vargas/out/data/extraction/Plantation/2_00_PSA0010-2010_dict_y_split_7_2512283_1736694580.pkl')
(297840, 13) Index(['reg', 'sid', 'ban', 'sec', 'men', 'med', 'sum', 'max', 'aci', 'mmm',
       'npp'],
      dtype='object') Index(['ban', 'sec', 'men', 'med', 'sum', 'max', 'aci', 'mmm', 'npp', 'hfq',
       'htp'],
      dtype='object')
#### MERGE 68 merge_data Dataframe shape: (297840, 13) #### time: 629
#### #### SPLIT TRAIN TEST #### ####
#### CLASSES: [0 1 2 3] TOTAL 4
#### SPLIT train_test_split and CUDA: ??? cuda:0 #### time: 35
#### MODELS - TOTAL 1 ####
#### EPOCHS 11 ####
#### TRAINING MODELS ####
#### TRAINING MODEL ResNet1D ####
#### prediction torch.Size([192, 4])
Epoch [10/11] Step [33/1241] Loss: 0.2155 Time: 497.536
#### prediction torch.Size([192, 4])
Epoch [10/11] Step [66/1241] Loss: 0.2153 Time: 498.998
#### prediction torch.Size([192, 4])
Epoch [10/11] Step [99/1241] Loss: 0.2524 Time: 500.461
#### prediction torch.Size([192, 4])
Epoch [10/11] Step [132/1241] Loss: 0.1689 Time: 501.923
#### prediction torch.Size([192, 4])
Epoch [10/11] Step [165/1241] Loss: 0.3019 Time: 503.384
#### prediction torch.Size([192, 4])
Epoch [10/11] Step [198/1241] Loss: 0.2248 Time: 504.847
#### prediction torch.Size([192, 4])
Epoch [10/11] Step [231/1241] Loss: 0.1551 Time: 506.306
#### prediction torch.Size([192, 4])
Epoch [10/11] Step [264/1241] Loss: 0.2171 Time: 507.77
#### prediction torch.Size([192, 4])
Epoch [10/11] Step [297/1241] Loss: 0.2520 Time: 509.235
#### prediction torch.Size([192, 4])
Epoch [10/11] Step [330/1241] Loss: 0.2065 Time: 510.699
#### prediction torch.Size([192, 4])
Epoch [10/11] Step [363/1241] Loss: 0.2207 Time: 512.163
#### prediction torch.Size([192, 4])
Epoch [10/11] Step [396/1241] Loss: 0.2241 Time: 513.626
#### prediction torch.Size([192, 4])
Epoch [10/11] Step [429/1241] Loss: 0.2545 Time: 515.089
#### prediction torch.Size([192, 4])
Epoch [10/11] Step [462/1241] Loss: 0.2172 Time: 516.554
#### prediction torch.Size([192, 4])
Epoch [10/11] Step [495/1241] Loss: 0.1793 Time: 518.02
#### prediction torch.Size([192, 4])
Epoch [10/11] Step [528/1241] Loss: 0.2469 Time: 519.481
#### prediction torch.Size([192, 4])
Epoch [10/11] Step [561/1241] Loss: 0.2505 Time: 520.937
#### prediction torch.Size([192, 4])
Epoch [10/11] Step [594/1241] Loss: 0.2678 Time: 522.393
#### prediction torch.Size([192, 4])
Epoch [10/11] Step [627/1241] Loss: 0.2276 Time: 523.851
#### prediction torch.Size([192, 4])
Epoch [10/11] Step [660/1241] Loss: 0.2257 Time: 525.313
#### prediction torch.Size([192, 4])
Epoch [10/11] Step [693/1241] Loss: 0.1696 Time: 526.777
#### prediction torch.Size([192, 4])
Epoch [10/11] Step [726/1241] Loss: 0.2164 Time: 528.241
#### prediction torch.Size([192, 4])
Epoch [10/11] Step [759/1241] Loss: 0.2476 Time: 529.708
#### prediction torch.Size([192, 4])
Epoch [10/11] Step [792/1241] Loss: 0.2558 Time: 531.171
#### prediction torch.Size([192, 4])
Epoch [10/11] Step [825/1241] Loss: 0.2403 Time: 532.634
#### prediction torch.Size([192, 4])
Epoch [10/11] Step [858/1241] Loss: 0.2297 Time: 534.097
#### prediction torch.Size([192, 4])
Epoch [10/11] Step [891/1241] Loss: 0.2139 Time: 535.558
#### prediction torch.Size([192, 4])
Epoch [10/11] Step [924/1241] Loss: 0.2819 Time: 537.021
#### prediction torch.Size([192, 4])
Epoch [10/11] Step [957/1241] Loss: 0.2535 Time: 538.486
#### prediction torch.Size([192, 4])
Epoch [10/11] Step [990/1241] Loss: 0.1904 Time: 539.948
#### prediction torch.Size([192, 4])
Epoch [10/11] Step [1023/1241] Loss: 0.2693 Time: 541.413
#### prediction torch.Size([192, 4])
Epoch [10/11] Step [1056/1241] Loss: 0.2610 Time: 542.875
#### prediction torch.Size([192, 4])
Epoch [10/11] Step [1089/1241] Loss: 0.2595 Time: 544.338
#### prediction torch.Size([192, 4])
Epoch [10/11] Step [1122/1241] Loss: 0.2337 Time: 545.802
#### prediction torch.Size([192, 4])
Epoch [10/11] Step [1155/1241] Loss: 0.2045 Time: 547.269
#### prediction torch.Size([192, 4])
Epoch [10/11] Step [1188/1241] Loss: 0.2281 Time: 548.734
#### prediction torch.Size([192, 4])
Epoch [10/11] Step [1221/1241] Loss: 0.2735 Time: 550.197
#### TRAINED MODEL ResNet1D model training time: 606.635 total training time: 610.062 ####
#### TRAINING TOTAL TIME: 606.636 ####
Accuracy of the ResNet1D model on the test set: 68.06339 %
#### TESTING TOTAL TIME: 4.573 ####
#### TIME #### TERMINO #### 21833.288 ####
#### FINITO #### TERMINO #### NO-VA-MAS ####
#### TIMES #### modelling TOTAL TOTAL ==>> 21833.288 seconds
#### #### READING DATA FILES #### ####
403 511 #### COMBI [reg, sid, ban, sec, men, med, sum, max, aci, mmm, npp, hfq, hhh] METRICS ####
('Plantation', '/home/vargas/repos/forests-sounds-vargas/out/data/extraction/Plantation/2_00_PSA0010-2010_dict_y_split_7_2512283_1736694580.pkl')
(297840, 13) Index(['reg', 'sid', 'ban', 'sec', 'men', 'med', 'sum', 'max', 'aci', 'mmm',
       'npp'],
      dtype='object') Index(['ban', 'sec', 'men', 'med', 'sum', 'max', 'aci', 'mmm', 'npp', 'hfq',
       'hhh'],
      dtype='object')
#### MERGE 68 merge_data Dataframe shape: (297840, 13) #### time: 634
#### #### SPLIT TRAIN TEST #### ####
#### CLASSES: [0 1 2 3] TOTAL 4
#### SPLIT train_test_split and CUDA: ??? cuda:0 #### time: 35
#### MODELS - TOTAL 1 ####
#### EPOCHS 11 ####
#### TRAINING MODELS ####
#### TRAINING MODEL ResNet1D ####
#### prediction torch.Size([192, 4])
Epoch [10/11] Step [33/1241] Loss: 0.2550 Time: 494.652
#### prediction torch.Size([192, 4])
Epoch [10/11] Step [66/1241] Loss: 0.2199 Time: 496.108
#### prediction torch.Size([192, 4])
Epoch [10/11] Step [99/1241] Loss: 0.2246 Time: 497.564
#### prediction torch.Size([192, 4])
Epoch [10/11] Step [132/1241] Loss: 0.2547 Time: 499.021
#### prediction torch.Size([192, 4])
Epoch [10/11] Step [165/1241] Loss: 0.2656 Time: 500.478
#### prediction torch.Size([192, 4])
Epoch [10/11] Step [198/1241] Loss: 0.2244 Time: 502.11
#### prediction torch.Size([192, 4])
Epoch [10/11] Step [231/1241] Loss: 0.2022 Time: 503.578
#### prediction torch.Size([192, 4])
Epoch [10/11] Step [264/1241] Loss: 0.3990 Time: 505.036
#### prediction torch.Size([192, 4])
Epoch [10/11] Step [297/1241] Loss: 0.2675 Time: 506.496
#### prediction torch.Size([192, 4])
Epoch [10/11] Step [330/1241] Loss: 0.1706 Time: 507.957
#### prediction torch.Size([192, 4])
Epoch [10/11] Step [363/1241] Loss: 0.2093 Time: 509.417
#### prediction torch.Size([192, 4])
Epoch [10/11] Step [396/1241] Loss: 0.1984 Time: 510.874
#### prediction torch.Size([192, 4])
Epoch [10/11] Step [429/1241] Loss: 0.2668 Time: 512.332
#### prediction torch.Size([192, 4])
Epoch [10/11] Step [462/1241] Loss: 0.2674 Time: 513.804
#### prediction torch.Size([192, 4])
Epoch [10/11] Step [495/1241] Loss: 0.1950 Time: 515.281
#### prediction torch.Size([192, 4])
Epoch [10/11] Step [528/1241] Loss: 0.1958 Time: 516.757
#### prediction torch.Size([192, 4])
Epoch [10/11] Step [561/1241] Loss: 0.2309 Time: 518.232
#### prediction torch.Size([192, 4])
Epoch [10/11] Step [594/1241] Loss: 0.1991 Time: 519.709
#### prediction torch.Size([192, 4])
Epoch [10/11] Step [627/1241] Loss: 0.2924 Time: 521.184
#### prediction torch.Size([192, 4])
Epoch [10/11] Step [660/1241] Loss: 0.1808 Time: 522.659
#### prediction torch.Size([192, 4])
Epoch [10/11] Step [693/1241] Loss: 0.2733 Time: 524.135
#### prediction torch.Size([192, 4])
Epoch [10/11] Step [726/1241] Loss: 0.1895 Time: 525.613
#### prediction torch.Size([192, 4])
Epoch [10/11] Step [759/1241] Loss: 0.2080 Time: 527.088
#### prediction torch.Size([192, 4])
Epoch [10/11] Step [792/1241] Loss: 0.2618 Time: 528.56
#### prediction torch.Size([192, 4])
Epoch [10/11] Step [825/1241] Loss: 0.2729 Time: 530.036
#### prediction torch.Size([192, 4])
Epoch [10/11] Step [858/1241] Loss: 0.3011 Time: 531.512
#### prediction torch.Size([192, 4])
Epoch [10/11] Step [891/1241] Loss: 0.2195 Time: 532.988
#### prediction torch.Size([192, 4])
Epoch [10/11] Step [924/1241] Loss: 0.2586 Time: 534.465
#### prediction torch.Size([192, 4])
Epoch [10/11] Step [957/1241] Loss: 0.2385 Time: 535.942
#### prediction torch.Size([192, 4])
Epoch [10/11] Step [990/1241] Loss: 0.2772 Time: 537.426
#### prediction torch.Size([192, 4])
Epoch [10/11] Step [1023/1241] Loss: 0.1869 Time: 538.896
#### prediction torch.Size([192, 4])
Epoch [10/11] Step [1056/1241] Loss: 0.2548 Time: 540.374
#### prediction torch.Size([192, 4])
Epoch [10/11] Step [1089/1241] Loss: 0.2111 Time: 541.851
#### prediction torch.Size([192, 4])
Epoch [10/11] Step [1122/1241] Loss: 0.2847 Time: 543.326
#### prediction torch.Size([192, 4])
Epoch [10/11] Step [1155/1241] Loss: 0.2878 Time: 544.8
#### prediction torch.Size([192, 4])
Epoch [10/11] Step [1188/1241] Loss: 0.2352 Time: 546.286
#### prediction torch.Size([192, 4])
Epoch [10/11] Step [1221/1241] Loss: 0.3633 Time: 547.756
#### TRAINED MODEL ResNet1D model training time: 603.782 total training time: 607.211 ####
#### TRAINING TOTAL TIME: 603.783 ####
Accuracy of the ResNet1D model on the test set: 81.661295 %
#### TESTING TOTAL TIME: 4.534 ####
#### TIME #### TERMINO #### 22500.315 ####
#### FINITO #### TERMINO #### NO-VA-MAS ####
#### TIMES #### modelling TOTAL TOTAL ==>> 22500.315 seconds
#### #### READING DATA FILES #### ####
404 511 #### COMBI [reg, sid, ban, sec, men, med, sum, max, aci, mmm, npp, hfq, aei] METRICS ####
('Plantation', '/home/vargas/repos/forests-sounds-vargas/out/data/extraction/Plantation/2_00_PSA0010-2010_dict_y_split_7_2512283_1736694580.pkl')
(297840, 13) Index(['reg', 'sid', 'ban', 'sec', 'men', 'med', 'sum', 'max', 'aci', 'mmm',
       'npp'],
      dtype='object') Index(['ban', 'sec', 'men', 'med', 'sum', 'max', 'aci', 'mmm', 'npp', 'hfq',
       'aei'],
      dtype='object')
#### MERGE 68 merge_data Dataframe shape: (297840, 13) #### time: 627
#### #### SPLIT TRAIN TEST #### ####
#### CLASSES: [0 1 2 3] TOTAL 4
#### SPLIT train_test_split and CUDA: ??? cuda:0 #### time: 36
#### MODELS - TOTAL 1 ####
#### EPOCHS 11 ####
#### TRAINING MODELS ####
#### TRAINING MODEL ResNet1D ####
#### prediction torch.Size([192, 4])
Epoch [10/11] Step [33/1241] Loss: 0.2363 Time: 495.205
#### prediction torch.Size([192, 4])
Epoch [10/11] Step [66/1241] Loss: 0.1995 Time: 496.659
#### prediction torch.Size([192, 4])
Epoch [10/11] Step [99/1241] Loss: 0.2100 Time: 498.159
#### prediction torch.Size([192, 4])
Epoch [10/11] Step [132/1241] Loss: 0.2324 Time: 499.65
#### prediction torch.Size([192, 4])
Epoch [10/11] Step [165/1241] Loss: 0.2058 Time: 501.139
#### prediction torch.Size([192, 4])
Epoch [10/11] Step [198/1241] Loss: 0.2722 Time: 502.627
#### prediction torch.Size([192, 4])
Epoch [10/11] Step [231/1241] Loss: 0.2740 Time: 504.105
#### prediction torch.Size([192, 4])
Epoch [10/11] Step [264/1241] Loss: 0.2006 Time: 505.575
#### prediction torch.Size([192, 4])
Epoch [10/11] Step [297/1241] Loss: 0.2623 Time: 507.044
#### prediction torch.Size([192, 4])
Epoch [10/11] Step [330/1241] Loss: 0.2175 Time: 508.516
#### prediction torch.Size([192, 4])
Epoch [10/11] Step [363/1241] Loss: 0.1907 Time: 509.986
#### prediction torch.Size([192, 4])
Epoch [10/11] Step [396/1241] Loss: 0.2023 Time: 511.456
#### prediction torch.Size([192, 4])
Epoch [10/11] Step [429/1241] Loss: 0.2275 Time: 512.929
#### prediction torch.Size([192, 4])
Epoch [10/11] Step [462/1241] Loss: 0.2201 Time: 514.399
#### prediction torch.Size([192, 4])
Epoch [10/11] Step [495/1241] Loss: 0.2094 Time: 515.87
#### prediction torch.Size([192, 4])
Epoch [10/11] Step [528/1241] Loss: 0.3029 Time: 517.342
#### prediction torch.Size([192, 4])
Epoch [10/11] Step [561/1241] Loss: 0.2960 Time: 518.812
#### prediction torch.Size([192, 4])
Epoch [10/11] Step [594/1241] Loss: 0.3606 Time: 520.283
#### prediction torch.Size([192, 4])
Epoch [10/11] Step [627/1241] Loss: 0.2127 Time: 521.752
#### prediction torch.Size([192, 4])
Epoch [10/11] Step [660/1241] Loss: 0.2734 Time: 523.224
#### prediction torch.Size([192, 4])
Epoch [10/11] Step [693/1241] Loss: 0.1833 Time: 524.695
#### prediction torch.Size([192, 4])
Epoch [10/11] Step [726/1241] Loss: 0.1792 Time: 526.161
#### prediction torch.Size([192, 4])
Epoch [10/11] Step [759/1241] Loss: 0.2560 Time: 527.63
#### prediction torch.Size([192, 4])
Epoch [10/11] Step [792/1241] Loss: 0.2222 Time: 529.101
#### prediction torch.Size([192, 4])
Epoch [10/11] Step [825/1241] Loss: 0.2105 Time: 530.573
#### prediction torch.Size([192, 4])
Epoch [10/11] Step [858/1241] Loss: 0.2250 Time: 532.044
#### prediction torch.Size([192, 4])
Epoch [10/11] Step [891/1241] Loss: 0.2707 Time: 533.523
#### prediction torch.Size([192, 4])
Epoch [10/11] Step [924/1241] Loss: 0.2711 Time: 534.997
#### prediction torch.Size([192, 4])
Epoch [10/11] Step [957/1241] Loss: 0.2214 Time: 536.47
#### prediction torch.Size([192, 4])
Epoch [10/11] Step [990/1241] Loss: 0.1888 Time: 537.941
#### prediction torch.Size([192, 4])
Epoch [10/11] Step [1023/1241] Loss: 0.2432 Time: 539.589
#### prediction torch.Size([192, 4])
Epoch [10/11] Step [1056/1241] Loss: 0.2795 Time: 541.072
#### prediction torch.Size([192, 4])
Epoch [10/11] Step [1089/1241] Loss: 0.2633 Time: 542.549
#### prediction torch.Size([192, 4])
Epoch [10/11] Step [1122/1241] Loss: 0.2590 Time: 544.008
#### prediction torch.Size([192, 4])
Epoch [10/11] Step [1155/1241] Loss: 0.2186 Time: 545.466
#### prediction torch.Size([192, 4])
Epoch [10/11] Step [1188/1241] Loss: 0.2007 Time: 546.92
#### prediction torch.Size([192, 4])
Epoch [10/11] Step [1221/1241] Loss: 0.2436 Time: 548.379
#### TRAINED MODEL ResNet1D model training time: 604.287 total training time: 608.77 ####
#### TRAINING TOTAL TIME: 604.288 ####
Accuracy of the ResNet1D model on the test set: 85.974013 %
#### TESTING TOTAL TIME: 4.519 ####
#### TIME #### TERMINO #### 23165.174 ####
#### FINITO #### TERMINO #### NO-VA-MAS ####
#### TIMES #### modelling TOTAL TOTAL ==>> 23165.174 seconds
#### #### READING DATA FILES #### ####
405 511 #### COMBI [reg, sid, ban, sec, men, med, sum, max, aci, mmm, npp, htp, hhh] METRICS ####
('Plantation', '/home/vargas/repos/forests-sounds-vargas/out/data/extraction/Plantation/2_00_PSA0010-2010_dict_y_split_7_2512283_1736694580.pkl')
(297840, 13) Index(['reg', 'sid', 'ban', 'sec', 'men', 'med', 'sum', 'max', 'aci', 'mmm',
       'npp'],
      dtype='object') Index(['ban', 'sec', 'men', 'med', 'sum', 'max', 'aci', 'mmm', 'npp', 'htp',
       'hhh'],
      dtype='object')
#### MERGE 68 merge_data Dataframe shape: (297840, 13) #### time: 631
#### #### SPLIT TRAIN TEST #### ####
#### CLASSES: [0 1 2 3] TOTAL 4
#### SPLIT train_test_split and CUDA: ??? cuda:0 #### time: 36
#### MODELS - TOTAL 1 ####
#### EPOCHS 11 ####
#### TRAINING MODELS ####
#### TRAINING MODEL ResNet1D ####
#### prediction torch.Size([192, 4])
Epoch [10/11] Step [33/1241] Loss: 0.2236 Time: 494.7
#### prediction torch.Size([192, 4])
Epoch [10/11] Step [66/1241] Loss: 0.2328 Time: 496.154
#### prediction torch.Size([192, 4])
Epoch [10/11] Step [99/1241] Loss: 0.2370 Time: 497.607
#### prediction torch.Size([192, 4])
Epoch [10/11] Step [132/1241] Loss: 0.2395 Time: 499.06
#### prediction torch.Size([192, 4])
Epoch [10/11] Step [165/1241] Loss: 0.2440 Time: 500.509
#### prediction torch.Size([192, 4])
Epoch [10/11] Step [198/1241] Loss: 0.2424 Time: 501.958
#### prediction torch.Size([192, 4])
Epoch [10/11] Step [231/1241] Loss: 0.2961 Time: 503.407
#### prediction torch.Size([192, 4])
Epoch [10/11] Step [264/1241] Loss: 0.2613 Time: 504.856
#### prediction torch.Size([192, 4])
Epoch [10/11] Step [297/1241] Loss: 0.2079 Time: 506.304
#### prediction torch.Size([192, 4])
Epoch [10/11] Step [330/1241] Loss: 0.2441 Time: 507.754
#### prediction torch.Size([192, 4])
Epoch [10/11] Step [363/1241] Loss: 0.1729 Time: 509.202
#### prediction torch.Size([192, 4])
Epoch [10/11] Step [396/1241] Loss: 0.2517 Time: 510.65
#### prediction torch.Size([192, 4])
Epoch [10/11] Step [429/1241] Loss: 0.2419 Time: 512.097
#### prediction torch.Size([192, 4])
Epoch [10/11] Step [462/1241] Loss: 0.2407 Time: 513.546
#### prediction torch.Size([192, 4])
Epoch [10/11] Step [495/1241] Loss: 0.2843 Time: 514.994
#### prediction torch.Size([192, 4])
Epoch [10/11] Step [528/1241] Loss: 0.2921 Time: 516.442
#### prediction torch.Size([192, 4])
Epoch [10/11] Step [561/1241] Loss: 0.1742 Time: 517.892
#### prediction torch.Size([192, 4])
Epoch [10/11] Step [594/1241] Loss: 0.1830 Time: 519.34
#### prediction torch.Size([192, 4])
Epoch [10/11] Step [627/1241] Loss: 0.2102 Time: 520.787
#### prediction torch.Size([192, 4])
Epoch [10/11] Step [660/1241] Loss: 0.2029 Time: 522.236
#### prediction torch.Size([192, 4])
Epoch [10/11] Step [693/1241] Loss: 0.2227 Time: 523.685
#### prediction torch.Size([192, 4])
Epoch [10/11] Step [726/1241] Loss: 0.2230 Time: 525.132
#### prediction torch.Size([192, 4])
Epoch [10/11] Step [759/1241] Loss: 0.2262 Time: 526.589
#### prediction torch.Size([192, 4])
Epoch [10/11] Step [792/1241] Loss: 0.2167 Time: 528.036
#### prediction torch.Size([192, 4])
Epoch [10/11] Step [825/1241] Loss: 0.1913 Time: 529.484
#### prediction torch.Size([192, 4])
Epoch [10/11] Step [858/1241] Loss: 0.1950 Time: 530.932
#### prediction torch.Size([192, 4])
Epoch [10/11] Step [891/1241] Loss: 0.2677 Time: 532.38
#### prediction torch.Size([192, 4])
Epoch [10/11] Step [924/1241] Loss: 0.2460 Time: 533.828
#### prediction torch.Size([192, 4])
Epoch [10/11] Step [957/1241] Loss: 0.2775 Time: 535.277
#### prediction torch.Size([192, 4])
Epoch [10/11] Step [990/1241] Loss: 0.1903 Time: 536.725
#### prediction torch.Size([192, 4])
Epoch [10/11] Step [1023/1241] Loss: 0.2248 Time: 538.174
#### prediction torch.Size([192, 4])
Epoch [10/11] Step [1056/1241] Loss: 0.1932 Time: 539.622
#### prediction torch.Size([192, 4])
Epoch [10/11] Step [1089/1241] Loss: 0.2216 Time: 541.07
#### prediction torch.Size([192, 4])
Epoch [10/11] Step [1122/1241] Loss: 0.1979 Time: 542.517
#### prediction torch.Size([192, 4])
Epoch [10/11] Step [1155/1241] Loss: 0.4940 Time: 543.965
#### prediction torch.Size([192, 4])
Epoch [10/11] Step [1188/1241] Loss: 0.2008 Time: 545.411
#### prediction torch.Size([192, 4])
Epoch [10/11] Step [1221/1241] Loss: 0.1799 Time: 546.86
#### TRAINED MODEL ResNet1D model training time: 602.429 total training time: 605.949 ####
#### TRAINING TOTAL TIME: 602.43 ####
Accuracy of the ResNet1D model on the test set: 78.396119 %
#### TESTING TOTAL TIME: 4.484 ####
#### TIME #### TERMINO #### 23829.653 ####
#### FINITO #### TERMINO #### NO-VA-MAS ####
#### TIMES #### modelling TOTAL TOTAL ==>> 23829.653 seconds
#### #### READING DATA FILES #### ####
406 511 #### COMBI [reg, sid, ban, sec, men, med, sum, max, aci, mmm, npp, htp, aei] METRICS ####
('Plantation', '/home/vargas/repos/forests-sounds-vargas/out/data/extraction/Plantation/2_00_PSA0010-2010_dict_y_split_7_2512283_1736694580.pkl')
(297840, 13) Index(['reg', 'sid', 'ban', 'sec', 'men', 'med', 'sum', 'max', 'aci', 'mmm',
       'npp'],
      dtype='object') Index(['ban', 'sec', 'men', 'med', 'sum', 'max', 'aci', 'mmm', 'npp', 'htp',
       'aei'],
      dtype='object')
#### MERGE 68 merge_data Dataframe shape: (297840, 13) #### time: 624
#### #### SPLIT TRAIN TEST #### ####
#### CLASSES: [0 1 2 3] TOTAL 4
#### SPLIT train_test_split and CUDA: ??? cuda:0 #### time: 35
#### MODELS - TOTAL 1 ####
#### EPOCHS 11 ####
#### TRAINING MODELS ####
#### TRAINING MODEL ResNet1D ####
#### prediction torch.Size([192, 4])
Epoch [10/11] Step [33/1241] Loss: 0.2267 Time: 495.316
#### prediction torch.Size([192, 4])
Epoch [10/11] Step [66/1241] Loss: 0.2651 Time: 496.773
#### prediction torch.Size([192, 4])
Epoch [10/11] Step [99/1241] Loss: 0.2831 Time: 498.224
#### prediction torch.Size([192, 4])
Epoch [10/11] Step [132/1241] Loss: 0.2456 Time: 499.676
#### prediction torch.Size([192, 4])
Epoch [10/11] Step [165/1241] Loss: 0.3044 Time: 501.131
#### prediction torch.Size([192, 4])
Epoch [10/11] Step [198/1241] Loss: 0.2103 Time: 502.583
#### prediction torch.Size([192, 4])
Epoch [10/11] Step [231/1241] Loss: 0.2298 Time: 504.037
#### prediction torch.Size([192, 4])
Epoch [10/11] Step [264/1241] Loss: 0.2753 Time: 505.489
#### prediction torch.Size([192, 4])
Epoch [10/11] Step [297/1241] Loss: 0.3270 Time: 506.941
#### prediction torch.Size([192, 4])
Epoch [10/11] Step [330/1241] Loss: 0.2062 Time: 508.392
#### prediction torch.Size([192, 4])
Epoch [10/11] Step [363/1241] Loss: 0.2667 Time: 509.843
#### prediction torch.Size([192, 4])
Epoch [10/11] Step [396/1241] Loss: 0.2284 Time: 511.296
#### prediction torch.Size([192, 4])
Epoch [10/11] Step [429/1241] Loss: 0.1730 Time: 512.748
#### prediction torch.Size([192, 4])
Epoch [10/11] Step [462/1241] Loss: 0.2357 Time: 514.199
#### prediction torch.Size([192, 4])
Epoch [10/11] Step [495/1241] Loss: 0.2030 Time: 515.651
#### prediction torch.Size([192, 4])
Epoch [10/11] Step [528/1241] Loss: 0.2286 Time: 517.28
#### prediction torch.Size([192, 4])
Epoch [10/11] Step [561/1241] Loss: 0.2291 Time: 518.734
#### prediction torch.Size([192, 4])
Epoch [10/11] Step [594/1241] Loss: 0.1793 Time: 520.185
#### prediction torch.Size([192, 4])
Epoch [10/11] Step [627/1241] Loss: 0.1780 Time: 521.636
#### prediction torch.Size([192, 4])
Epoch [10/11] Step [660/1241] Loss: 0.2074 Time: 523.088
#### prediction torch.Size([192, 4])
Epoch [10/11] Step [693/1241] Loss: 0.2040 Time: 524.54
#### prediction torch.Size([192, 4])
Epoch [10/11] Step [726/1241] Loss: 0.1981 Time: 525.993
#### prediction torch.Size([192, 4])
Epoch [10/11] Step [759/1241] Loss: 0.2565 Time: 527.461
#### prediction torch.Size([192, 4])
Epoch [10/11] Step [792/1241] Loss: 0.2172 Time: 528.914
#### prediction torch.Size([192, 4])
Epoch [10/11] Step [825/1241] Loss: 0.1768 Time: 530.367
#### prediction torch.Size([192, 4])
Epoch [10/11] Step [858/1241] Loss: 0.1789 Time: 531.821
#### prediction torch.Size([192, 4])
Epoch [10/11] Step [891/1241] Loss: 0.2185 Time: 533.275
#### prediction torch.Size([192, 4])
Epoch [10/11] Step [924/1241] Loss: 0.2557 Time: 534.731
#### prediction torch.Size([192, 4])
Epoch [10/11] Step [957/1241] Loss: 0.2140 Time: 536.184
#### prediction torch.Size([192, 4])
Epoch [10/11] Step [990/1241] Loss: 0.3514 Time: 537.636
#### prediction torch.Size([192, 4])
Epoch [10/11] Step [1023/1241] Loss: 0.1864 Time: 539.089
#### prediction torch.Size([192, 4])
Epoch [10/11] Step [1056/1241] Loss: 0.2112 Time: 540.542
#### prediction torch.Size([192, 4])
Epoch [10/11] Step [1089/1241] Loss: 0.2110 Time: 541.994
#### prediction torch.Size([192, 4])
Epoch [10/11] Step [1122/1241] Loss: 0.2490 Time: 543.446
#### prediction torch.Size([192, 4])
Epoch [10/11] Step [1155/1241] Loss: 0.1958 Time: 544.899
#### prediction torch.Size([192, 4])
Epoch [10/11] Step [1188/1241] Loss: 0.2743 Time: 546.351
#### prediction torch.Size([192, 4])
Epoch [10/11] Step [1221/1241] Loss: 0.2280 Time: 547.802
#### TRAINED MODEL ResNet1D model training time: 603.331 total training time: 606.645 ####
#### TRAINING TOTAL TIME: 603.332 ####
Accuracy of the ResNet1D model on the test set: 85.974013 %
#### TESTING TOTAL TIME: 4.651 ####
#### TIME #### TERMINO #### 24490.064 ####
#### FINITO #### TERMINO #### NO-VA-MAS ####
#### TIMES #### modelling TOTAL TOTAL ==>> 24490.064 seconds
#### #### READING DATA FILES #### ####
407 511 #### COMBI [reg, sid, ban, sec, men, med, sum, max, aci, mmm, npp, hhh, aei] METRICS ####
('Plantation', '/home/vargas/repos/forests-sounds-vargas/out/data/extraction/Plantation/2_00_PSA0010-2010_dict_y_split_7_2512283_1736694580.pkl')
(297840, 13) Index(['reg', 'sid', 'ban', 'sec', 'men', 'med', 'sum', 'max', 'aci', 'mmm',
       'npp'],
      dtype='object') Index(['ban', 'sec', 'men', 'med', 'sum', 'max', 'aci', 'mmm', 'npp', 'hhh',
       'aei'],
      dtype='object')
#### MERGE 68 merge_data Dataframe shape: (297840, 13) #### time: 624
#### #### SPLIT TRAIN TEST #### ####
#### CLASSES: [0 1 2 3] TOTAL 4
#### SPLIT train_test_split and CUDA: ??? cuda:0 #### time: 35
#### MODELS - TOTAL 1 ####
#### EPOCHS 11 ####
#### TRAINING MODELS ####
#### TRAINING MODEL ResNet1D ####
#### prediction torch.Size([192, 4])
Epoch [10/11] Step [33/1241] Loss: 0.2182 Time: 494.123
#### prediction torch.Size([192, 4])
Epoch [10/11] Step [66/1241] Loss: 0.2179 Time: 495.577
#### prediction torch.Size([192, 4])
Epoch [10/11] Step [99/1241] Loss: 0.2529 Time: 497.04
#### prediction torch.Size([192, 4])
Epoch [10/11] Step [132/1241] Loss: 0.3223 Time: 498.505
#### prediction torch.Size([192, 4])
Epoch [10/11] Step [165/1241] Loss: 0.2154 Time: 499.958
#### prediction torch.Size([192, 4])
Epoch [10/11] Step [198/1241] Loss: 0.1735 Time: 501.413
#### prediction torch.Size([192, 4])
Epoch [10/11] Step [231/1241] Loss: 0.2214 Time: 502.866
#### prediction torch.Size([192, 4])
Epoch [10/11] Step [264/1241] Loss: 0.1610 Time: 504.32
#### prediction torch.Size([192, 4])
Epoch [10/11] Step [297/1241] Loss: 0.2124 Time: 505.773
#### prediction torch.Size([192, 4])
Epoch [10/11] Step [330/1241] Loss: 0.1915 Time: 507.226
#### prediction torch.Size([192, 4])
Epoch [10/11] Step [363/1241] Loss: 0.2400 Time: 508.679
#### prediction torch.Size([192, 4])
Epoch [10/11] Step [396/1241] Loss: 0.2209 Time: 510.133
#### prediction torch.Size([192, 4])
Epoch [10/11] Step [429/1241] Loss: 0.1954 Time: 511.586
#### prediction torch.Size([192, 4])
Epoch [10/11] Step [462/1241] Loss: 0.3259 Time: 513.039
#### prediction torch.Size([192, 4])
Epoch [10/11] Step [495/1241] Loss: 0.2420 Time: 514.492
#### prediction torch.Size([192, 4])
Epoch [10/11] Step [528/1241] Loss: 0.2828 Time: 515.944
#### prediction torch.Size([192, 4])
Epoch [10/11] Step [561/1241] Loss: 0.2055 Time: 517.397
#### prediction torch.Size([192, 4])
Epoch [10/11] Step [594/1241] Loss: 0.2306 Time: 518.85
#### prediction torch.Size([192, 4])
Epoch [10/11] Step [627/1241] Loss: 0.2517 Time: 520.303
#### prediction torch.Size([192, 4])
Epoch [10/11] Step [660/1241] Loss: 0.2061 Time: 521.756
#### prediction torch.Size([192, 4])
Epoch [10/11] Step [693/1241] Loss: 0.2671 Time: 523.208
#### prediction torch.Size([192, 4])
Epoch [10/11] Step [726/1241] Loss: 0.2371 Time: 524.662
#### prediction torch.Size([192, 4])
Epoch [10/11] Step [759/1241] Loss: 0.1878 Time: 526.114
#### prediction torch.Size([192, 4])
Epoch [10/11] Step [792/1241] Loss: 0.2283 Time: 527.573
#### prediction torch.Size([192, 4])
Epoch [10/11] Step [825/1241] Loss: 0.2015 Time: 529.026
#### prediction torch.Size([192, 4])
Epoch [10/11] Step [858/1241] Loss: 0.2508 Time: 530.48
#### prediction torch.Size([192, 4])
Epoch [10/11] Step [891/1241] Loss: 0.2273 Time: 531.936
#### prediction torch.Size([192, 4])
Epoch [10/11] Step [924/1241] Loss: 0.2046 Time: 533.387
#### prediction torch.Size([192, 4])
Epoch [10/11] Step [957/1241] Loss: 0.2054 Time: 534.841
#### prediction torch.Size([192, 4])
Epoch [10/11] Step [990/1241] Loss: 0.2779 Time: 536.294
#### prediction torch.Size([192, 4])
Epoch [10/11] Step [1023/1241] Loss: 0.1882 Time: 537.746
#### prediction torch.Size([192, 4])
Epoch [10/11] Step [1056/1241] Loss: 0.1984 Time: 539.198
#### prediction torch.Size([192, 4])
Epoch [10/11] Step [1089/1241] Loss: 0.2257 Time: 540.649
#### prediction torch.Size([192, 4])
Epoch [10/11] Step [1122/1241] Loss: 0.2135 Time: 542.102
#### prediction torch.Size([192, 4])
Epoch [10/11] Step [1155/1241] Loss: 0.2679 Time: 543.554
#### prediction torch.Size([192, 4])
Epoch [10/11] Step [1188/1241] Loss: 0.1893 Time: 545.005
#### prediction torch.Size([192, 4])
Epoch [10/11] Step [1221/1241] Loss: 0.2327 Time: 546.456
#### TRAINED MODEL ResNet1D model training time: 602.14 total training time: 605.4 ####
#### TRAINING TOTAL TIME: 602.141 ####
Accuracy of the ResNet1D model on the test set: 82.875034 %
#### TESTING TOTAL TIME: 4.501 ####
#### TIME #### TERMINO #### 25148.114 ####
#### FINITO #### TERMINO #### NO-VA-MAS ####
#### TIMES #### modelling TOTAL TOTAL ==>> 25148.114 seconds
#### #### READING DATA FILES #### ####
408 511 #### COMBI [reg, sid, ban, sec, men, med, sum, max, aci, mmm, hfq, htp, hhh] METRICS ####
('Plantation', '/home/vargas/repos/forests-sounds-vargas/out/data/extraction/Plantation/2_00_PSA0010-2010_dict_y_split_7_2512283_1736694580.pkl')
(297840, 13) Index(['reg', 'sid', 'ban', 'sec', 'men', 'med', 'sum', 'max', 'aci', 'mmm',
       'hfq'],
      dtype='object') Index(['ban', 'sec', 'men', 'med', 'sum', 'max', 'aci', 'mmm', 'hfq', 'htp',
       'hhh'],
      dtype='object')
#### MERGE 68 merge_data Dataframe shape: (297840, 13) #### time: 621
#### #### SPLIT TRAIN TEST #### ####
#### CLASSES: [0 1 2 3] TOTAL 4
#### SPLIT train_test_split and CUDA: ??? cuda:0 #### time: 35
#### MODELS - TOTAL 1 ####
#### EPOCHS 11 ####
#### TRAINING MODELS ####
#### TRAINING MODEL ResNet1D ####
#### prediction torch.Size([192, 4])
Epoch [10/11] Step [33/1241] Loss: 0.2073 Time: 493.983
#### prediction torch.Size([192, 4])
Epoch [10/11] Step [66/1241] Loss: 0.3053 Time: 495.434
#### prediction torch.Size([192, 4])
Epoch [10/11] Step [99/1241] Loss: 0.1643 Time: 496.884
#### prediction torch.Size([192, 4])
Epoch [10/11] Step [132/1241] Loss: 0.2098 Time: 498.335
#### prediction torch.Size([192, 4])
Epoch [10/11] Step [165/1241] Loss: 0.2655 Time: 499.788
#### prediction torch.Size([192, 4])
Epoch [10/11] Step [198/1241] Loss: 0.4209 Time: 501.24
#### prediction torch.Size([192, 4])
Epoch [10/11] Step [231/1241] Loss: 0.2686 Time: 502.693
#### prediction torch.Size([192, 4])
Epoch [10/11] Step [264/1241] Loss: 0.2307 Time: 504.144
#### prediction torch.Size([192, 4])
Epoch [10/11] Step [297/1241] Loss: 0.2183 Time: 505.599
#### prediction torch.Size([192, 4])
Epoch [10/11] Step [330/1241] Loss: 0.1838 Time: 507.05
#### prediction torch.Size([192, 4])
Epoch [10/11] Step [363/1241] Loss: 0.1933 Time: 508.501
#### prediction torch.Size([192, 4])
Epoch [10/11] Step [396/1241] Loss: 0.2125 Time: 509.952
#### prediction torch.Size([192, 4])
Epoch [10/11] Step [429/1241] Loss: 0.2003 Time: 511.405
#### prediction torch.Size([192, 4])
Epoch [10/11] Step [462/1241] Loss: 0.3286 Time: 512.855
#### prediction torch.Size([192, 4])
Epoch [10/11] Step [495/1241] Loss: 0.2161 Time: 514.306
#### prediction torch.Size([192, 4])
Epoch [10/11] Step [528/1241] Loss: 0.2129 Time: 515.757
#### prediction torch.Size([192, 4])
Epoch [10/11] Step [561/1241] Loss: 0.2534 Time: 517.208
#### prediction torch.Size([192, 4])
Epoch [10/11] Step [594/1241] Loss: 0.2895 Time: 518.658
#### prediction torch.Size([192, 4])
Epoch [10/11] Step [627/1241] Loss: 0.2676 Time: 520.108
#### prediction torch.Size([192, 4])
Epoch [10/11] Step [660/1241] Loss: 0.2583 Time: 521.56
#### prediction torch.Size([192, 4])
Epoch [10/11] Step [693/1241] Loss: 0.1803 Time: 523.012
#### prediction torch.Size([192, 4])
Epoch [10/11] Step [726/1241] Loss: 0.2615 Time: 524.463
#### prediction torch.Size([192, 4])
Epoch [10/11] Step [759/1241] Loss: 0.1857 Time: 525.914
#### prediction torch.Size([192, 4])
Epoch [10/11] Step [792/1241] Loss: 0.2462 Time: 527.365
#### prediction torch.Size([192, 4])
Epoch [10/11] Step [825/1241] Loss: 0.1753 Time: 528.816
#### prediction torch.Size([192, 4])
Epoch [10/11] Step [858/1241] Loss: 0.2535 Time: 530.277
#### prediction torch.Size([192, 4])
Epoch [10/11] Step [891/1241] Loss: 0.1507 Time: 531.736
#### prediction torch.Size([192, 4])
Epoch [10/11] Step [924/1241] Loss: 0.2745 Time: 533.187
#### prediction torch.Size([192, 4])
Epoch [10/11] Step [957/1241] Loss: 0.2653 Time: 534.639
#### prediction torch.Size([192, 4])
Epoch [10/11] Step [990/1241] Loss: 0.2278 Time: 536.089
#### prediction torch.Size([192, 4])
Epoch [10/11] Step [1023/1241] Loss: 0.2457 Time: 537.541
#### prediction torch.Size([192, 4])
Epoch [10/11] Step [1056/1241] Loss: 0.2038 Time: 538.993
#### prediction torch.Size([192, 4])
Epoch [10/11] Step [1089/1241] Loss: 0.1703 Time: 540.445
#### prediction torch.Size([192, 4])
Epoch [10/11] Step [1122/1241] Loss: 0.2469 Time: 541.896
#### prediction torch.Size([192, 4])
Epoch [10/11] Step [1155/1241] Loss: 0.2163 Time: 543.347
#### prediction torch.Size([192, 4])
Epoch [10/11] Step [1188/1241] Loss: 0.1937 Time: 544.799
#### prediction torch.Size([192, 4])
Epoch [10/11] Step [1221/1241] Loss: 0.2057 Time: 546.25
#### TRAINED MODEL ResNet1D model training time: 601.956 total training time: 605.321 ####
#### TRAINING TOTAL TIME: 601.957 ####
Accuracy of the ResNet1D model on the test set: 37.256581 %
#### TESTING TOTAL TIME: 4.482 ####
#### TIME #### TERMINO #### 25805.048 ####
#### FINITO #### TERMINO #### NO-VA-MAS ####
#### TIMES #### modelling TOTAL TOTAL ==>> 25805.048 seconds
#### #### READING DATA FILES #### ####
409 511 #### COMBI [reg, sid, ban, sec, men, med, sum, max, aci, mmm, hfq, htp, aei] METRICS ####
('Plantation', '/home/vargas/repos/forests-sounds-vargas/out/data/extraction/Plantation/2_00_PSA0010-2010_dict_y_split_7_2512283_1736694580.pkl')
(297840, 13) Index(['reg', 'sid', 'ban', 'sec', 'men', 'med', 'sum', 'max', 'aci', 'mmm',
       'hfq'],
      dtype='object') Index(['ban', 'sec', 'men', 'med', 'sum', 'max', 'aci', 'mmm', 'hfq', 'htp',
       'aei'],
      dtype='object')
#### MERGE 68 merge_data Dataframe shape: (297840, 13) #### time: 623
#### #### SPLIT TRAIN TEST #### ####
#### CLASSES: [0 1 2 3] TOTAL 4
#### SPLIT train_test_split and CUDA: ??? cuda:0 #### time: 35
#### MODELS - TOTAL 1 ####
#### EPOCHS 11 ####
#### TRAINING MODELS ####
#### TRAINING MODEL ResNet1D ####
#### prediction torch.Size([192, 4])
Epoch [10/11] Step [33/1241] Loss: 0.2985 Time: 493.352
#### prediction torch.Size([192, 4])
Epoch [10/11] Step [66/1241] Loss: 0.2936 Time: 494.802
#### prediction torch.Size([192, 4])
Epoch [10/11] Step [99/1241] Loss: 0.3116 Time: 496.252
#### prediction torch.Size([192, 4])
Epoch [10/11] Step [132/1241] Loss: 0.2788 Time: 497.701
#### prediction torch.Size([192, 4])
Epoch [10/11] Step [165/1241] Loss: 0.2839 Time: 499.15
#### prediction torch.Size([192, 4])
Epoch [10/11] Step [198/1241] Loss: 0.2957 Time: 500.6
#### prediction torch.Size([192, 4])
Epoch [10/11] Step [231/1241] Loss: 0.2816 Time: 502.058
#### prediction torch.Size([192, 4])
Epoch [10/11] Step [264/1241] Loss: 0.2570 Time: 503.515
#### prediction torch.Size([192, 4])
Epoch [10/11] Step [297/1241] Loss: 0.3201 Time: 504.966
#### prediction torch.Size([192, 4])
Epoch [10/11] Step [330/1241] Loss: 0.3651 Time: 506.417
#### prediction torch.Size([192, 4])
Epoch [10/11] Step [363/1241] Loss: 0.2194 Time: 507.869
#### prediction torch.Size([192, 4])
Epoch [10/11] Step [396/1241] Loss: 0.2011 Time: 509.319
#### prediction torch.Size([192, 4])
Epoch [10/11] Step [429/1241] Loss: 0.2850 Time: 510.769
#### prediction torch.Size([192, 4])
Epoch [10/11] Step [462/1241] Loss: 0.2726 Time: 512.219
#### prediction torch.Size([192, 4])
Epoch [10/11] Step [495/1241] Loss: 0.2299 Time: 513.671
#### prediction torch.Size([192, 4])
Epoch [10/11] Step [528/1241] Loss: 0.3351 Time: 515.121
#### prediction torch.Size([192, 4])
Epoch [10/11] Step [561/1241] Loss: 0.2102 Time: 516.571
#### prediction torch.Size([192, 4])
Epoch [10/11] Step [594/1241] Loss: 0.2809 Time: 518.019
#### prediction torch.Size([192, 4])
Epoch [10/11] Step [627/1241] Loss: 0.2564 Time: 519.469
#### prediction torch.Size([192, 4])
Epoch [10/11] Step [660/1241] Loss: 0.2179 Time: 520.92
#### prediction torch.Size([192, 4])
Epoch [10/11] Step [693/1241] Loss: 0.2866 Time: 522.369
#### prediction torch.Size([192, 4])
Epoch [10/11] Step [726/1241] Loss: 0.3337 Time: 523.82
#### prediction torch.Size([192, 4])
Epoch [10/11] Step [759/1241] Loss: 0.2131 Time: 525.445
#### prediction torch.Size([192, 4])
Epoch [10/11] Step [792/1241] Loss: 0.3174 Time: 526.897
#### prediction torch.Size([192, 4])
Epoch [10/11] Step [825/1241] Loss: 0.2332 Time: 528.346
#### prediction torch.Size([192, 4])
Epoch [10/11] Step [858/1241] Loss: 0.3087 Time: 529.797
#### prediction torch.Size([192, 4])
Epoch [10/11] Step [891/1241] Loss: 0.3294 Time: 531.248
#### prediction torch.Size([192, 4])
Epoch [10/11] Step [924/1241] Loss: 0.2432 Time: 532.703
#### prediction torch.Size([192, 4])
Epoch [10/11] Step [957/1241] Loss: 0.2061 Time: 534.153
#### prediction torch.Size([192, 4])
Epoch [10/11] Step [990/1241] Loss: 0.3015 Time: 535.603
#### prediction torch.Size([192, 4])
Epoch [10/11] Step [1023/1241] Loss: 0.2849 Time: 537.055
#### prediction torch.Size([192, 4])
Epoch [10/11] Step [1056/1241] Loss: 0.2984 Time: 538.505
#### prediction torch.Size([192, 4])
Epoch [10/11] Step [1089/1241] Loss: 0.2454 Time: 539.955
#### prediction torch.Size([192, 4])
Epoch [10/11] Step [1122/1241] Loss: 0.2311 Time: 541.405
#### prediction torch.Size([192, 4])
Epoch [10/11] Step [1155/1241] Loss: 0.2754 Time: 542.854
#### prediction torch.Size([192, 4])
Epoch [10/11] Step [1188/1241] Loss: 0.3098 Time: 544.305
#### prediction torch.Size([192, 4])
Epoch [10/11] Step [1221/1241] Loss: 0.2142 Time: 545.754
#### TRAINED MODEL ResNet1D model training time: 601.21 total training time: 604.293 ####
#### TRAINING TOTAL TIME: 601.211 ####
Accuracy of the ResNet1D model on the test set: 45.432111 %
#### TESTING TOTAL TIME: 4.491 ####
#### TIME #### TERMINO #### 26462.737 ####
#### FINITO #### TERMINO #### NO-VA-MAS ####
#### TIMES #### modelling TOTAL TOTAL ==>> 26462.737 seconds
#### #### READING DATA FILES #### ####
410 511 #### COMBI [reg, sid, ban, sec, men, med, sum, max, aci, mmm, hfq, hhh, aei] METRICS ####
('Plantation', '/home/vargas/repos/forests-sounds-vargas/out/data/extraction/Plantation/2_00_PSA0010-2010_dict_y_split_7_2512283_1736694580.pkl')
(297840, 13) Index(['reg', 'sid', 'ban', 'sec', 'men', 'med', 'sum', 'max', 'aci', 'mmm',
       'hfq'],
      dtype='object') Index(['ban', 'sec', 'men', 'med', 'sum', 'max', 'aci', 'mmm', 'hfq', 'hhh',
       'aei'],
      dtype='object')
#### MERGE 68 merge_data Dataframe shape: (297840, 13) #### time: 623
#### #### SPLIT TRAIN TEST #### ####
#### CLASSES: [0 1 2 3] TOTAL 4
#### SPLIT train_test_split and CUDA: ??? cuda:0 #### time: 35
#### MODELS - TOTAL 1 ####
#### EPOCHS 11 ####
#### TRAINING MODELS ####
#### TRAINING MODEL ResNet1D ####
#### prediction torch.Size([192, 4])
Epoch [10/11] Step [33/1241] Loss: 0.3055 Time: 494.382
#### prediction torch.Size([192, 4])
Epoch [10/11] Step [66/1241] Loss: 0.2978 Time: 495.834
#### prediction torch.Size([192, 4])
Epoch [10/11] Step [99/1241] Loss: 0.3533 Time: 497.289
#### prediction torch.Size([192, 4])
Epoch [10/11] Step [132/1241] Loss: 0.2745 Time: 498.741
#### prediction torch.Size([192, 4])
Epoch [10/11] Step [165/1241] Loss: 0.2694 Time: 500.194
#### prediction torch.Size([192, 4])
Epoch [10/11] Step [198/1241] Loss: 0.3830 Time: 501.649
#### prediction torch.Size([192, 4])
Epoch [10/11] Step [231/1241] Loss: 0.2986 Time: 503.105
#### prediction torch.Size([192, 4])
Epoch [10/11] Step [264/1241] Loss: 0.4237 Time: 504.557
#### prediction torch.Size([192, 4])
Epoch [10/11] Step [297/1241] Loss: 0.2566 Time: 506.01
#### prediction torch.Size([192, 4])
Epoch [10/11] Step [330/1241] Loss: 0.3073 Time: 507.463
#### prediction torch.Size([192, 4])
Epoch [10/11] Step [363/1241] Loss: 0.3438 Time: 508.918
#### prediction torch.Size([192, 4])
Epoch [10/11] Step [396/1241] Loss: 0.3053 Time: 510.371
#### prediction torch.Size([192, 4])
Epoch [10/11] Step [429/1241] Loss: 0.2904 Time: 511.824
#### prediction torch.Size([192, 4])
Epoch [10/11] Step [462/1241] Loss: 0.2495 Time: 513.276
#### prediction torch.Size([192, 4])
Epoch [10/11] Step [495/1241] Loss: 0.2642 Time: 514.73
#### prediction torch.Size([192, 4])
Epoch [10/11] Step [528/1241] Loss: 0.2762 Time: 516.183
#### prediction torch.Size([192, 4])
Epoch [10/11] Step [561/1241] Loss: 0.2975 Time: 517.636
#### prediction torch.Size([192, 4])
Epoch [10/11] Step [594/1241] Loss: 0.3015 Time: 519.089
#### prediction torch.Size([192, 4])
Epoch [10/11] Step [627/1241] Loss: 0.2614 Time: 520.542
#### prediction torch.Size([192, 4])
Epoch [10/11] Step [660/1241] Loss: 0.2707 Time: 521.993
#### prediction torch.Size([192, 4])
Epoch [10/11] Step [693/1241] Loss: 0.2861 Time: 523.449
#### prediction torch.Size([192, 4])
Epoch [10/11] Step [726/1241] Loss: 0.3469 Time: 524.902
#### prediction torch.Size([192, 4])
Epoch [10/11] Step [759/1241] Loss: 0.3272 Time: 526.355
#### prediction torch.Size([192, 4])
Epoch [10/11] Step [792/1241] Loss: 0.2449 Time: 527.809
#### prediction torch.Size([192, 4])
Epoch [10/11] Step [825/1241] Loss: 0.2527 Time: 529.262
#### prediction torch.Size([192, 4])
Epoch [10/11] Step [858/1241] Loss: 0.2751 Time: 530.714
#### prediction torch.Size([192, 4])
Epoch [10/11] Step [891/1241] Loss: 0.3085 Time: 532.173
#### prediction torch.Size([192, 4])
Epoch [10/11] Step [924/1241] Loss: 0.3114 Time: 533.625
#### prediction torch.Size([192, 4])
Epoch [10/11] Step [957/1241] Loss: 0.3470 Time: 535.078
#### prediction torch.Size([192, 4])
Epoch [10/11] Step [990/1241] Loss: 0.3338 Time: 536.531
#### prediction torch.Size([192, 4])
Epoch [10/11] Step [1023/1241] Loss: 0.4082 Time: 537.986
#### prediction torch.Size([192, 4])
Epoch [10/11] Step [1056/1241] Loss: 0.2767 Time: 539.44
#### prediction torch.Size([192, 4])
Epoch [10/11] Step [1089/1241] Loss: 0.3660 Time: 540.893
#### prediction torch.Size([192, 4])
Epoch [10/11] Step [1122/1241] Loss: 0.3456 Time: 542.346
#### prediction torch.Size([192, 4])
Epoch [10/11] Step [1155/1241] Loss: 0.3241 Time: 543.799
#### prediction torch.Size([192, 4])
Epoch [10/11] Step [1188/1241] Loss: 0.3065 Time: 545.254
#### prediction torch.Size([192, 4])
Epoch [10/11] Step [1221/1241] Loss: 0.3654 Time: 546.707
#### TRAINED MODEL ResNet1D model training time: 602.452 total training time: 606.376 ####
#### TRAINING TOTAL TIME: 602.452 ####
Accuracy of the ResNet1D model on the test set: 43.634166 %
#### TESTING TOTAL TIME: 4.504 ####
#### TIME #### TERMINO #### 27123.637 ####
#### FINITO #### TERMINO #### NO-VA-MAS ####
#### TIMES #### modelling TOTAL TOTAL ==>> 27123.637 seconds
#### #### READING DATA FILES #### ####
411 511 #### COMBI [reg, sid, ban, sec, men, med, sum, max, aci, mmm, htp, hhh, aei] METRICS ####
('Plantation', '/home/vargas/repos/forests-sounds-vargas/out/data/extraction/Plantation/2_00_PSA0010-2010_dict_y_split_7_2512283_1736694580.pkl')
(297840, 13) Index(['reg', 'sid', 'ban', 'sec', 'men', 'med', 'sum', 'max', 'aci', 'mmm',
       'htp'],
      dtype='object') Index(['ban', 'sec', 'men', 'med', 'sum', 'max', 'aci', 'mmm', 'htp', 'hhh',
       'aei'],
      dtype='object')
#### MERGE 68 merge_data Dataframe shape: (297840, 13) #### time: 623
#### #### SPLIT TRAIN TEST #### ####
#### CLASSES: [0 1 2 3] TOTAL 4
#### SPLIT train_test_split and CUDA: ??? cuda:0 #### time: 35
#### MODELS - TOTAL 1 ####
#### EPOCHS 11 ####
#### TRAINING MODELS ####
#### TRAINING MODEL ResNet1D ####
#### prediction torch.Size([192, 4])
Epoch [10/11] Step [33/1241] Loss: 0.3842 Time: 494.688
#### prediction torch.Size([192, 4])
Epoch [10/11] Step [66/1241] Loss: 0.2728 Time: 496.143
#### prediction torch.Size([192, 4])
Epoch [10/11] Step [99/1241] Loss: 0.2487 Time: 497.597
#### prediction torch.Size([192, 4])
Epoch [10/11] Step [132/1241] Loss: 0.2568 Time: 499.052
#### prediction torch.Size([192, 4])
Epoch [10/11] Step [165/1241] Loss: 0.2207 Time: 500.507
#### prediction torch.Size([192, 4])
Epoch [10/11] Step [198/1241] Loss: 0.2648 Time: 501.973
#### prediction torch.Size([192, 4])
Epoch [10/11] Step [231/1241] Loss: 0.3233 Time: 503.43
#### prediction torch.Size([192, 4])
Epoch [10/11] Step [264/1241] Loss: 0.2261 Time: 504.885
#### prediction torch.Size([192, 4])
Epoch [10/11] Step [297/1241] Loss: 0.1962 Time: 506.339
#### prediction torch.Size([192, 4])
Epoch [10/11] Step [330/1241] Loss: 0.2751 Time: 507.794
#### prediction torch.Size([192, 4])
Epoch [10/11] Step [363/1241] Loss: 0.2654 Time: 509.251
#### prediction torch.Size([192, 4])
Epoch [10/11] Step [396/1241] Loss: 0.3011 Time: 510.876
#### prediction torch.Size([192, 4])
Epoch [10/11] Step [429/1241] Loss: 0.2777 Time: 512.332
#### prediction torch.Size([192, 4])
Epoch [10/11] Step [462/1241] Loss: 0.2521 Time: 513.788
#### prediction torch.Size([192, 4])
Epoch [10/11] Step [495/1241] Loss: 0.2967 Time: 515.243
#### prediction torch.Size([192, 4])
Epoch [10/11] Step [528/1241] Loss: 0.2958 Time: 516.699
#### prediction torch.Size([192, 4])
Epoch [10/11] Step [561/1241] Loss: 0.2649 Time: 518.154
#### prediction torch.Size([192, 4])
Epoch [10/11] Step [594/1241] Loss: 0.2081 Time: 519.608
#### prediction torch.Size([192, 4])
Epoch [10/11] Step [627/1241] Loss: 0.2098 Time: 521.062
#### prediction torch.Size([192, 4])
Epoch [10/11] Step [660/1241] Loss: 0.2230 Time: 522.518
#### prediction torch.Size([192, 4])
Epoch [10/11] Step [693/1241] Loss: 0.2404 Time: 523.972
#### prediction torch.Size([192, 4])
Epoch [10/11] Step [726/1241] Loss: 0.2155 Time: 525.426
#### prediction torch.Size([192, 4])
Epoch [10/11] Step [759/1241] Loss: 0.2116 Time: 526.88
#### prediction torch.Size([192, 4])
Epoch [10/11] Step [792/1241] Loss: 0.1667 Time: 528.335
#### prediction torch.Size([192, 4])
Epoch [10/11] Step [825/1241] Loss: 0.3170 Time: 529.789
#### prediction torch.Size([192, 4])
Epoch [10/11] Step [858/1241] Loss: 0.2167 Time: 531.247
#### prediction torch.Size([192, 4])
Epoch [10/11] Step [891/1241] Loss: 0.2949 Time: 532.705
#### prediction torch.Size([192, 4])
Epoch [10/11] Step [924/1241] Loss: 0.2152 Time: 534.159
#### prediction torch.Size([192, 4])
Epoch [10/11] Step [957/1241] Loss: 0.2889 Time: 535.613
#### prediction torch.Size([192, 4])
Epoch [10/11] Step [990/1241] Loss: 0.2487 Time: 537.068
#### prediction torch.Size([192, 4])
Epoch [10/11] Step [1023/1241] Loss: 0.2276 Time: 538.524
#### prediction torch.Size([192, 4])
Epoch [10/11] Step [1056/1241] Loss: 0.2335 Time: 539.979
#### prediction torch.Size([192, 4])
Epoch [10/11] Step [1089/1241] Loss: 0.3165 Time: 541.433
#### prediction torch.Size([192, 4])
Epoch [10/11] Step [1122/1241] Loss: 0.2934 Time: 542.888
#### prediction torch.Size([192, 4])
Epoch [10/11] Step [1155/1241] Loss: 0.2162 Time: 544.343
#### prediction torch.Size([192, 4])
Epoch [10/11] Step [1188/1241] Loss: 0.3957 Time: 545.798
#### prediction torch.Size([192, 4])
Epoch [10/11] Step [1221/1241] Loss: 0.2786 Time: 547.253
#### TRAINED MODEL ResNet1D model training time: 602.863 total training time: 608.371 ####
#### TRAINING TOTAL TIME: 602.863 ####
Accuracy of the ResNet1D model on the test set: 35.791029 %
#### TESTING TOTAL TIME: 4.681 ####
#### TIME #### TERMINO #### 27784.792 ####
#### FINITO #### TERMINO #### NO-VA-MAS ####
#### TIMES #### modelling TOTAL TOTAL ==>> 27784.792 seconds
#### #### READING DATA FILES #### ####
412 511 #### COMBI [reg, sid, ban, sec, men, med, sum, max, aci, npp, hfq, htp, hhh] METRICS ####
('Plantation', '/home/vargas/repos/forests-sounds-vargas/out/data/extraction/Plantation/2_00_PSA0010-2010_dict_y_split_7_2512283_1736694580.pkl')
(297840, 13) Index(['reg', 'sid', 'ban', 'sec', 'men', 'med', 'sum', 'max', 'aci', 'npp',
       'hfq'],
      dtype='object') Index(['ban', 'sec', 'men', 'med', 'sum', 'max', 'aci', 'npp', 'hfq', 'htp',
       'hhh'],
      dtype='object')
#### MERGE 68 merge_data Dataframe shape: (297840, 13) #### time: 628
#### #### SPLIT TRAIN TEST #### ####
#### CLASSES: [0 1 2 3] TOTAL 4
#### SPLIT train_test_split and CUDA: ??? cuda:0 #### time: 35
#### MODELS - TOTAL 1 ####
#### EPOCHS 11 ####
#### TRAINING MODELS ####
#### TRAINING MODEL ResNet1D ####
#### prediction torch.Size([192, 4])
Epoch [10/11] Step [33/1241] Loss: 0.2163 Time: 493.181
#### prediction torch.Size([192, 4])
Epoch [10/11] Step [66/1241] Loss: 0.1873 Time: 494.631
#### prediction torch.Size([192, 4])
Epoch [10/11] Step [99/1241] Loss: 0.2448 Time: 496.08
#### prediction torch.Size([192, 4])
Epoch [10/11] Step [132/1241] Loss: 0.2087 Time: 497.528
#### prediction torch.Size([192, 4])
Epoch [10/11] Step [165/1241] Loss: 0.2527 Time: 498.983
#### prediction torch.Size([192, 4])
Epoch [10/11] Step [198/1241] Loss: 0.2272 Time: 500.435
#### prediction torch.Size([192, 4])
Epoch [10/11] Step [231/1241] Loss: 0.2213 Time: 501.884
#### prediction torch.Size([192, 4])
Epoch [10/11] Step [264/1241] Loss: 0.2159 Time: 503.333
#### prediction torch.Size([192, 4])
Epoch [10/11] Step [297/1241] Loss: 0.3072 Time: 504.781
#### prediction torch.Size([192, 4])
Epoch [10/11] Step [330/1241] Loss: 0.2123 Time: 506.233
#### prediction torch.Size([192, 4])
Epoch [10/11] Step [363/1241] Loss: 0.1896 Time: 507.681
#### prediction torch.Size([192, 4])
Epoch [10/11] Step [396/1241] Loss: 0.2617 Time: 509.129
#### prediction torch.Size([192, 4])
Epoch [10/11] Step [429/1241] Loss: 0.2184 Time: 510.579
#### prediction torch.Size([192, 4])
Epoch [10/11] Step [462/1241] Loss: 0.3614 Time: 512.03
#### prediction torch.Size([192, 4])
Epoch [10/11] Step [495/1241] Loss: 0.2164 Time: 513.48
#### prediction torch.Size([192, 4])
Epoch [10/11] Step [528/1241] Loss: 0.2343 Time: 514.929
#### prediction torch.Size([192, 4])
Epoch [10/11] Step [561/1241] Loss: 0.2064 Time: 516.377
#### prediction torch.Size([192, 4])
Epoch [10/11] Step [594/1241] Loss: 0.1755 Time: 517.826
#### prediction torch.Size([192, 4])
Epoch [10/11] Step [627/1241] Loss: 0.2163 Time: 519.275
#### prediction torch.Size([192, 4])
Epoch [10/11] Step [660/1241] Loss: 0.2087 Time: 520.724
#### prediction torch.Size([192, 4])
Epoch [10/11] Step [693/1241] Loss: 0.2857 Time: 522.173
#### prediction torch.Size([192, 4])
Epoch [10/11] Step [726/1241] Loss: 0.2098 Time: 523.622
#### prediction torch.Size([192, 4])
Epoch [10/11] Step [759/1241] Loss: 0.1953 Time: 525.071
#### prediction torch.Size([192, 4])
Epoch [10/11] Step [792/1241] Loss: 0.2283 Time: 526.52
#### prediction torch.Size([192, 4])
Epoch [10/11] Step [825/1241] Loss: 0.2164 Time: 527.97
#### prediction torch.Size([192, 4])
Epoch [10/11] Step [858/1241] Loss: 0.1987 Time: 529.427
#### prediction torch.Size([192, 4])
Epoch [10/11] Step [891/1241] Loss: 0.2221 Time: 530.876
#### prediction torch.Size([192, 4])
Epoch [10/11] Step [924/1241] Loss: 0.1699 Time: 532.325
#### prediction torch.Size([192, 4])
Epoch [10/11] Step [957/1241] Loss: 0.1631 Time: 533.774
#### prediction torch.Size([192, 4])
Epoch [10/11] Step [990/1241] Loss: 0.2025 Time: 535.223
#### prediction torch.Size([192, 4])
Epoch [10/11] Step [1023/1241] Loss: 0.1969 Time: 536.675
#### prediction torch.Size([192, 4])
Epoch [10/11] Step [1056/1241] Loss: 0.2222 Time: 538.125
#### prediction torch.Size([192, 4])
Epoch [10/11] Step [1089/1241] Loss: 0.2098 Time: 539.574
#### prediction torch.Size([192, 4])
Epoch [10/11] Step [1122/1241] Loss: 0.2563 Time: 541.023
#### prediction torch.Size([192, 4])
Epoch [10/11] Step [1155/1241] Loss: 0.1744 Time: 542.473
#### prediction torch.Size([192, 4])
Epoch [10/11] Step [1188/1241] Loss: 0.1971 Time: 543.923
#### prediction torch.Size([192, 4])
Epoch [10/11] Step [1221/1241] Loss: 0.1777 Time: 545.551
#### TRAINED MODEL ResNet1D model training time: 601.007 total training time: 604.625 ####
#### TRAINING TOTAL TIME: 601.007 ####
Accuracy of the ResNet1D model on the test set: 46.555197 %
#### TESTING TOTAL TIME: 4.495 ####
#### TIME #### TERMINO #### 28445.068 ####
#### FINITO #### TERMINO #### NO-VA-MAS ####
#### TIMES #### modelling TOTAL TOTAL ==>> 28445.068 seconds
#### #### READING DATA FILES #### ####
413 511 #### COMBI [reg, sid, ban, sec, men, med, sum, max, aci, npp, hfq, htp, aei] METRICS ####
('Plantation', '/home/vargas/repos/forests-sounds-vargas/out/data/extraction/Plantation/2_00_PSA0010-2010_dict_y_split_7_2512283_1736694580.pkl')
(297840, 13) Index(['reg', 'sid', 'ban', 'sec', 'men', 'med', 'sum', 'max', 'aci', 'npp',
       'hfq'],
      dtype='object') Index(['ban', 'sec', 'men', 'med', 'sum', 'max', 'aci', 'npp', 'hfq', 'htp',
       'aei'],
      dtype='object')
#### MERGE 68 merge_data Dataframe shape: (297840, 13) #### time: 622
#### #### SPLIT TRAIN TEST #### ####
#### CLASSES: [0 1 2 3] TOTAL 4
#### SPLIT train_test_split and CUDA: ??? cuda:0 #### time: 36
#### MODELS - TOTAL 1 ####
#### EPOCHS 11 ####
#### TRAINING MODELS ####
#### TRAINING MODEL ResNet1D ####
#### prediction torch.Size([192, 4])
Epoch [10/11] Step [33/1241] Loss: 0.1881 Time: 493.821
#### prediction torch.Size([192, 4])
Epoch [10/11] Step [66/1241] Loss: 0.3522 Time: 495.271
#### prediction torch.Size([192, 4])
Epoch [10/11] Step [99/1241] Loss: 0.3161 Time: 496.72
#### prediction torch.Size([192, 4])
Epoch [10/11] Step [132/1241] Loss: 0.1959 Time: 498.171
#### prediction torch.Size([192, 4])
Epoch [10/11] Step [165/1241] Loss: 0.2067 Time: 499.621
#### prediction torch.Size([192, 4])
Epoch [10/11] Step [198/1241] Loss: 0.2821 Time: 501.076
#### prediction torch.Size([192, 4])
Epoch [10/11] Step [231/1241] Loss: 0.2797 Time: 502.526
#### prediction torch.Size([192, 4])
Epoch [10/11] Step [264/1241] Loss: 0.2360 Time: 503.976
#### prediction torch.Size([192, 4])
Epoch [10/11] Step [297/1241] Loss: 0.1981 Time: 505.427
#### prediction torch.Size([192, 4])
Epoch [10/11] Step [330/1241] Loss: 0.1804 Time: 506.877
#### prediction torch.Size([192, 4])
Epoch [10/11] Step [363/1241] Loss: 0.2272 Time: 508.327
#### prediction torch.Size([192, 4])
Epoch [10/11] Step [396/1241] Loss: 0.1822 Time: 509.777
#### prediction torch.Size([192, 4])
Epoch [10/11] Step [429/1241] Loss: 0.3513 Time: 511.228
#### prediction torch.Size([192, 4])
Epoch [10/11] Step [462/1241] Loss: 0.1873 Time: 512.679
#### prediction torch.Size([192, 4])
Epoch [10/11] Step [495/1241] Loss: 0.2047 Time: 514.128
#### prediction torch.Size([192, 4])
Epoch [10/11] Step [528/1241] Loss: 0.2114 Time: 515.579
#### prediction torch.Size([192, 4])
Epoch [10/11] Step [561/1241] Loss: 0.2157 Time: 517.029
#### prediction torch.Size([192, 4])
Epoch [10/11] Step [594/1241] Loss: 0.2179 Time: 518.479
#### prediction torch.Size([192, 4])
Epoch [10/11] Step [627/1241] Loss: 0.1941 Time: 519.929
#### prediction torch.Size([192, 4])
Epoch [10/11] Step [660/1241] Loss: 0.1847 Time: 521.379
#### prediction torch.Size([192, 4])
Epoch [10/11] Step [693/1241] Loss: 0.1578 Time: 522.831
#### prediction torch.Size([192, 4])
Epoch [10/11] Step [726/1241] Loss: 0.1238 Time: 524.282
#### prediction torch.Size([192, 4])
Epoch [10/11] Step [759/1241] Loss: 0.1729 Time: 525.733
#### prediction torch.Size([192, 4])
Epoch [10/11] Step [792/1241] Loss: 0.1749 Time: 527.182
#### prediction torch.Size([192, 4])
Epoch [10/11] Step [825/1241] Loss: 0.3173 Time: 528.635
#### prediction torch.Size([192, 4])
Epoch [10/11] Step [858/1241] Loss: 0.2894 Time: 530.087
#### prediction torch.Size([192, 4])
Epoch [10/11] Step [891/1241] Loss: 0.2216 Time: 531.547
#### prediction torch.Size([192, 4])
Epoch [10/11] Step [924/1241] Loss: 0.1748 Time: 532.998
#### prediction torch.Size([192, 4])
Epoch [10/11] Step [957/1241] Loss: 0.1901 Time: 534.449
#### prediction torch.Size([192, 4])
Epoch [10/11] Step [990/1241] Loss: 0.1814 Time: 535.901
#### prediction torch.Size([192, 4])
Epoch [10/11] Step [1023/1241] Loss: 0.1869 Time: 537.35
#### prediction torch.Size([192, 4])
Epoch [10/11] Step [1056/1241] Loss: 0.2486 Time: 538.803
#### prediction torch.Size([192, 4])
Epoch [10/11] Step [1089/1241] Loss: 0.2099 Time: 540.266
#### prediction torch.Size([192, 4])
Epoch [10/11] Step [1122/1241] Loss: 0.2417 Time: 541.715
#### prediction torch.Size([192, 4])
Epoch [10/11] Step [1155/1241] Loss: 0.1860 Time: 543.166
#### prediction torch.Size([192, 4])
Epoch [10/11] Step [1188/1241] Loss: 0.2290 Time: 544.616
#### prediction torch.Size([192, 4])
Epoch [10/11] Step [1221/1241] Loss: 0.3574 Time: 546.068
#### TRAINED MODEL ResNet1D model training time: 601.723 total training time: 605.017 ####
#### TRAINING TOTAL TIME: 601.723 ####
Accuracy of the ResNet1D model on the test set: 68.807078 %
#### TESTING TOTAL TIME: 4.489 ####
#### TIME #### TERMINO #### 29104.35 ####
#### FINITO #### TERMINO #### NO-VA-MAS ####
#### TIMES #### modelling TOTAL TOTAL ==>> 29104.35 seconds
#### #### READING DATA FILES #### ####
414 511 #### COMBI [reg, sid, ban, sec, men, med, sum, max, aci, npp, hfq, hhh, aei] METRICS ####
('Plantation', '/home/vargas/repos/forests-sounds-vargas/out/data/extraction/Plantation/2_00_PSA0010-2010_dict_y_split_7_2512283_1736694580.pkl')
(297840, 13) Index(['reg', 'sid', 'ban', 'sec', 'men', 'med', 'sum', 'max', 'aci', 'npp',
       'hfq'],
      dtype='object') Index(['ban', 'sec', 'men', 'med', 'sum', 'max', 'aci', 'npp', 'hfq', 'hhh',
       'aei'],
      dtype='object')
#### MERGE 68 merge_data Dataframe shape: (297840, 13) #### time: 624
#### #### SPLIT TRAIN TEST #### ####
#### CLASSES: [0 1 2 3] TOTAL 4
#### SPLIT train_test_split and CUDA: ??? cuda:0 #### time: 35
#### MODELS - TOTAL 1 ####
#### EPOCHS 11 ####
#### TRAINING MODELS ####
#### TRAINING MODEL ResNet1D ####
#### prediction torch.Size([192, 4])
Epoch [10/11] Step [33/1241] Loss: 0.2595 Time: 493.162
#### prediction torch.Size([192, 4])
Epoch [10/11] Step [66/1241] Loss: 0.2272 Time: 494.612
#### prediction torch.Size([192, 4])
Epoch [10/11] Step [99/1241] Loss: 0.3070 Time: 496.062
#### prediction torch.Size([192, 4])
Epoch [10/11] Step [132/1241] Loss: 0.2714 Time: 497.512
#### prediction torch.Size([192, 4])
Epoch [10/11] Step [165/1241] Loss: 0.3444 Time: 498.963
#### prediction torch.Size([192, 4])
Epoch [10/11] Step [198/1241] Loss: 0.2375 Time: 500.421
#### prediction torch.Size([192, 4])
Epoch [10/11] Step [231/1241] Loss: 0.2723 Time: 501.878
#### prediction torch.Size([192, 4])
Epoch [10/11] Step [264/1241] Loss: 0.2517 Time: 503.329
#### prediction torch.Size([192, 4])
Epoch [10/11] Step [297/1241] Loss: 0.2842 Time: 504.779
#### prediction torch.Size([192, 4])
Epoch [10/11] Step [330/1241] Loss: 0.2478 Time: 506.229
#### prediction torch.Size([192, 4])
Epoch [10/11] Step [363/1241] Loss: 0.1966 Time: 507.679
#### prediction torch.Size([192, 4])
Epoch [10/11] Step [396/1241] Loss: 0.3409 Time: 509.132
#### prediction torch.Size([192, 4])
Epoch [10/11] Step [429/1241] Loss: 0.2046 Time: 510.582
#### prediction torch.Size([192, 4])
Epoch [10/11] Step [462/1241] Loss: 0.2378 Time: 512.033
#### prediction torch.Size([192, 4])
Epoch [10/11] Step [495/1241] Loss: 0.3545 Time: 513.484
#### prediction torch.Size([192, 4])
Epoch [10/11] Step [528/1241] Loss: 0.2543 Time: 514.935
#### prediction torch.Size([192, 4])
Epoch [10/11] Step [561/1241] Loss: 0.3214 Time: 516.385
#### prediction torch.Size([192, 4])
Epoch [10/11] Step [594/1241] Loss: 0.2826 Time: 517.835
#### prediction torch.Size([192, 4])
Epoch [10/11] Step [627/1241] Loss: 0.1892 Time: 519.286
#### prediction torch.Size([192, 4])
Epoch [10/11] Step [660/1241] Loss: 0.2785 Time: 520.738
#### prediction torch.Size([192, 4])
Epoch [10/11] Step [693/1241] Loss: 0.2251 Time: 522.189
#### prediction torch.Size([192, 4])
Epoch [10/11] Step [726/1241] Loss: 0.2371 Time: 523.815
#### prediction torch.Size([192, 4])
Epoch [10/11] Step [759/1241] Loss: 0.1837 Time: 525.265
#### prediction torch.Size([192, 4])
Epoch [10/11] Step [792/1241] Loss: 0.3137 Time: 526.716
#### prediction torch.Size([192, 4])
Epoch [10/11] Step [825/1241] Loss: 0.2875 Time: 528.166
#### prediction torch.Size([192, 4])
Epoch [10/11] Step [858/1241] Loss: 0.1691 Time: 529.616
#### prediction torch.Size([192, 4])
Epoch [10/11] Step [891/1241] Loss: 0.2404 Time: 531.077
#### prediction torch.Size([192, 4])
Epoch [10/11] Step [924/1241] Loss: 0.2804 Time: 532.528
#### prediction torch.Size([192, 4])
Epoch [10/11] Step [957/1241] Loss: 0.1675 Time: 533.979
#### prediction torch.Size([192, 4])
Epoch [10/11] Step [990/1241] Loss: 0.2965 Time: 535.43
#### prediction torch.Size([192, 4])
Epoch [10/11] Step [1023/1241] Loss: 0.3132 Time: 536.88
#### prediction torch.Size([192, 4])
Epoch [10/11] Step [1056/1241] Loss: 0.2235 Time: 538.33
#### prediction torch.Size([192, 4])
Epoch [10/11] Step [1089/1241] Loss: 0.2081 Time: 539.782
#### prediction torch.Size([192, 4])
Epoch [10/11] Step [1122/1241] Loss: 0.2244 Time: 541.232
#### prediction torch.Size([192, 4])
Epoch [10/11] Step [1155/1241] Loss: 0.2298 Time: 542.683
#### prediction torch.Size([192, 4])
Epoch [10/11] Step [1188/1241] Loss: 0.2323 Time: 544.134
#### prediction torch.Size([192, 4])
Epoch [10/11] Step [1221/1241] Loss: 0.2237 Time: 545.584
#### TRAINED MODEL ResNet1D model training time: 601.1 total training time: 604.555 ####
#### TRAINING TOTAL TIME: 601.1 ####
Accuracy of the ResNet1D model on the test set: 70.667137 %
#### TESTING TOTAL TIME: 4.498 ####
#### TIME #### TERMINO #### 29763.677 ####
#### FINITO #### TERMINO #### NO-VA-MAS ####
#### TIMES #### modelling TOTAL TOTAL ==>> 29763.677 seconds
#### #### READING DATA FILES #### ####
415 511 #### COMBI [reg, sid, ban, sec, men, med, sum, max, aci, npp, htp, hhh, aei] METRICS ####
('Plantation', '/home/vargas/repos/forests-sounds-vargas/out/data/extraction/Plantation/2_00_PSA0010-2010_dict_y_split_7_2512283_1736694580.pkl')
(297840, 13) Index(['reg', 'sid', 'ban', 'sec', 'men', 'med', 'sum', 'max', 'aci', 'npp',
       'htp'],
      dtype='object') Index(['ban', 'sec', 'men', 'med', 'sum', 'max', 'aci', 'npp', 'htp', 'hhh',
       'aei'],
      dtype='object')
#### MERGE 68 merge_data Dataframe shape: (297840, 13) #### time: 628
#### #### SPLIT TRAIN TEST #### ####
#### CLASSES: [0 1 2 3] TOTAL 4
#### SPLIT train_test_split and CUDA: ??? cuda:0 #### time: 35
#### MODELS - TOTAL 1 ####
#### EPOCHS 11 ####
#### TRAINING MODELS ####
#### TRAINING MODEL ResNet1D ####
#### prediction torch.Size([192, 4])
Epoch [10/11] Step [33/1241] Loss: 0.2432 Time: 492.901
#### prediction torch.Size([192, 4])
Epoch [10/11] Step [66/1241] Loss: 0.3113 Time: 494.349
#### prediction torch.Size([192, 4])
Epoch [10/11] Step [99/1241] Loss: 0.2507 Time: 495.8
#### prediction torch.Size([192, 4])
Epoch [10/11] Step [132/1241] Loss: 0.1833 Time: 497.252
#### prediction torch.Size([192, 4])
Epoch [10/11] Step [165/1241] Loss: 0.2251 Time: 498.7
#### prediction torch.Size([192, 4])
Epoch [10/11] Step [198/1241] Loss: 0.2657 Time: 500.147
#### prediction torch.Size([192, 4])
Epoch [10/11] Step [231/1241] Loss: 0.2893 Time: 501.595
#### prediction torch.Size([192, 4])
Epoch [10/11] Step [264/1241] Loss: 0.1857 Time: 503.043
#### prediction torch.Size([192, 4])
Epoch [10/11] Step [297/1241] Loss: 0.1667 Time: 504.491
#### prediction torch.Size([192, 4])
Epoch [10/11] Step [330/1241] Loss: 0.2560 Time: 505.94
#### prediction torch.Size([192, 4])
Epoch [10/11] Step [363/1241] Loss: 0.1926 Time: 507.387
#### prediction torch.Size([192, 4])
Epoch [10/11] Step [396/1241] Loss: 0.2597 Time: 508.835
#### prediction torch.Size([192, 4])
Epoch [10/11] Step [429/1241] Loss: 0.2783 Time: 510.284
#### prediction torch.Size([192, 4])
Epoch [10/11] Step [462/1241] Loss: 0.2593 Time: 511.731
#### prediction torch.Size([192, 4])
Epoch [10/11] Step [495/1241] Loss: 0.1937 Time: 513.178
#### prediction torch.Size([192, 4])
Epoch [10/11] Step [528/1241] Loss: 0.2465 Time: 514.625
#### prediction torch.Size([192, 4])
Epoch [10/11] Step [561/1241] Loss: 0.2051 Time: 516.073
#### prediction torch.Size([192, 4])
Epoch [10/11] Step [594/1241] Loss: 0.2641 Time: 517.52
#### prediction torch.Size([192, 4])
Epoch [10/11] Step [627/1241] Loss: 0.3314 Time: 518.967
#### prediction torch.Size([192, 4])
Epoch [10/11] Step [660/1241] Loss: 0.2910 Time: 520.414
#### prediction torch.Size([192, 4])
Epoch [10/11] Step [693/1241] Loss: 0.1922 Time: 521.861
#### prediction torch.Size([192, 4])
Epoch [10/11] Step [726/1241] Loss: 0.3267 Time: 523.309
#### prediction torch.Size([192, 4])
Epoch [10/11] Step [759/1241] Loss: 0.1751 Time: 524.758
#### prediction torch.Size([192, 4])
Epoch [10/11] Step [792/1241] Loss: 0.1853 Time: 526.215
#### prediction torch.Size([192, 4])
Epoch [10/11] Step [825/1241] Loss: 0.2142 Time: 527.664
#### prediction torch.Size([192, 4])
Epoch [10/11] Step [858/1241] Loss: 0.2294 Time: 529.112
#### prediction torch.Size([192, 4])
Epoch [10/11] Step [891/1241] Loss: 0.2069 Time: 530.562
#### prediction torch.Size([192, 4])
Epoch [10/11] Step [924/1241] Loss: 0.1626 Time: 532.01
#### prediction torch.Size([192, 4])
Epoch [10/11] Step [957/1241] Loss: 0.1568 Time: 533.457
#### prediction torch.Size([192, 4])
Epoch [10/11] Step [990/1241] Loss: 0.2161 Time: 534.906
#### prediction torch.Size([192, 4])
Epoch [10/11] Step [1023/1241] Loss: 0.1935 Time: 536.354
#### prediction torch.Size([192, 4])
Epoch [10/11] Step [1056/1241] Loss: 0.2594 Time: 537.802
#### prediction torch.Size([192, 4])
Epoch [10/11] Step [1089/1241] Loss: 0.1990 Time: 539.251
#### prediction torch.Size([192, 4])
Epoch [10/11] Step [1122/1241] Loss: 0.2258 Time: 540.699
#### prediction torch.Size([192, 4])
Epoch [10/11] Step [1155/1241] Loss: 0.1571 Time: 542.146
#### prediction torch.Size([192, 4])
Epoch [10/11] Step [1188/1241] Loss: 0.1844 Time: 543.593
#### prediction torch.Size([192, 4])
Epoch [10/11] Step [1221/1241] Loss: 0.1951 Time: 545.041
#### TRAINED MODEL ResNet1D model training time: 600.594 total training time: 604.24 ####
#### TRAINING TOTAL TIME: 600.594 ####
Accuracy of the ResNet1D model on the test set: 74.160623 %
#### TESTING TOTAL TIME: 4.486 ####
#### TIME #### TERMINO #### 30427.589 ####
#### FINITO #### TERMINO #### NO-VA-MAS ####
#### TIMES #### modelling TOTAL TOTAL ==>> 30427.589 seconds
#### #### READING DATA FILES #### ####
416 511 #### COMBI [reg, sid, ban, sec, men, med, sum, max, aci, hfq, htp, hhh, aei] METRICS ####
('Plantation', '/home/vargas/repos/forests-sounds-vargas/out/data/extraction/Plantation/2_00_PSA0010-2010_dict_y_split_7_2512283_1736694580.pkl')
(297840, 13) Index(['reg', 'sid', 'ban', 'sec', 'men', 'med', 'sum', 'max', 'aci', 'hfq',
       'htp'],
      dtype='object') Index(['ban', 'sec', 'men', 'med', 'sum', 'max', 'aci', 'hfq', 'htp', 'hhh',
       'aei'],
      dtype='object')
#### MERGE 68 merge_data Dataframe shape: (297840, 13) #### time: 623
#### #### SPLIT TRAIN TEST #### ####
#### CLASSES: [0 1 2 3] TOTAL 4
#### SPLIT train_test_split and CUDA: ??? cuda:0 #### time: 34
#### MODELS - TOTAL 1 ####
#### EPOCHS 11 ####
#### TRAINING MODELS ####
#### TRAINING MODEL ResNet1D ####
#### prediction torch.Size([192, 4])
Epoch [10/11] Step [33/1241] Loss: 0.2093 Time: 492.843
#### prediction torch.Size([192, 4])
Epoch [10/11] Step [66/1241] Loss: 0.3782 Time: 494.291
#### prediction torch.Size([192, 4])
Epoch [10/11] Step [99/1241] Loss: 0.2588 Time: 495.738
#### prediction torch.Size([192, 4])
Epoch [10/11] Step [132/1241] Loss: 0.3262 Time: 497.187
#### prediction torch.Size([192, 4])
Epoch [10/11] Step [165/1241] Loss: 0.3460 Time: 498.64
#### prediction torch.Size([192, 4])
Epoch [10/11] Step [198/1241] Loss: 0.2934 Time: 500.266
#### prediction torch.Size([192, 4])
Epoch [10/11] Step [231/1241] Loss: 0.3126 Time: 501.714
#### prediction torch.Size([192, 4])
Epoch [10/11] Step [264/1241] Loss: 0.4968 Time: 503.162
#### prediction torch.Size([192, 4])
Epoch [10/11] Step [297/1241] Loss: 0.3004 Time: 504.611
#### prediction torch.Size([192, 4])
Epoch [10/11] Step [330/1241] Loss: 0.2410 Time: 506.059
#### prediction torch.Size([192, 4])
Epoch [10/11] Step [363/1241] Loss: 0.1873 Time: 507.509
#### prediction torch.Size([192, 4])
Epoch [10/11] Step [396/1241] Loss: 0.2458 Time: 508.956
#### prediction torch.Size([192, 4])
Epoch [10/11] Step [429/1241] Loss: 0.2354 Time: 510.403
#### prediction torch.Size([192, 4])
Epoch [10/11] Step [462/1241] Loss: 0.2893 Time: 511.851
#### prediction torch.Size([192, 4])
Epoch [10/11] Step [495/1241] Loss: 0.3094 Time: 513.299
#### prediction torch.Size([192, 4])
Epoch [10/11] Step [528/1241] Loss: 0.2669 Time: 514.746
#### prediction torch.Size([192, 4])
Epoch [10/11] Step [561/1241] Loss: 0.3045 Time: 516.193
#### prediction torch.Size([192, 4])
Epoch [10/11] Step [594/1241] Loss: 0.2348 Time: 517.641
#### prediction torch.Size([192, 4])
Epoch [10/11] Step [627/1241] Loss: 0.2123 Time: 519.09
#### prediction torch.Size([192, 4])
Epoch [10/11] Step [660/1241] Loss: 0.2481 Time: 520.537
#### prediction torch.Size([192, 4])
Epoch [10/11] Step [693/1241] Loss: 0.2215 Time: 521.985
#### prediction torch.Size([192, 4])
Epoch [10/11] Step [726/1241] Loss: 0.2917 Time: 523.432
#### prediction torch.Size([192, 4])
Epoch [10/11] Step [759/1241] Loss: 0.3014 Time: 524.879
#### prediction torch.Size([192, 4])
Epoch [10/11] Step [792/1241] Loss: 0.2864 Time: 526.327
#### prediction torch.Size([192, 4])
Epoch [10/11] Step [825/1241] Loss: 0.2339 Time: 527.778
#### prediction torch.Size([192, 4])
Epoch [10/11] Step [858/1241] Loss: 0.2152 Time: 529.228
#### prediction torch.Size([192, 4])
Epoch [10/11] Step [891/1241] Loss: 0.2284 Time: 530.677
#### prediction torch.Size([192, 4])
Epoch [10/11] Step [924/1241] Loss: 0.1922 Time: 532.126
#### prediction torch.Size([192, 4])
Epoch [10/11] Step [957/1241] Loss: 0.3142 Time: 533.574
#### prediction torch.Size([192, 4])
Epoch [10/11] Step [990/1241] Loss: 0.2469 Time: 535.021
#### prediction torch.Size([192, 4])
Epoch [10/11] Step [1023/1241] Loss: 0.3651 Time: 536.469
#### prediction torch.Size([192, 4])
Epoch [10/11] Step [1056/1241] Loss: 0.2861 Time: 537.921
#### prediction torch.Size([192, 4])
Epoch [10/11] Step [1089/1241] Loss: 0.4354 Time: 539.367
#### prediction torch.Size([192, 4])
Epoch [10/11] Step [1122/1241] Loss: 0.3108 Time: 540.815
#### prediction torch.Size([192, 4])
Epoch [10/11] Step [1155/1241] Loss: 0.2419 Time: 542.264
#### prediction torch.Size([192, 4])
Epoch [10/11] Step [1188/1241] Loss: 0.3421 Time: 543.712
#### prediction torch.Size([192, 4])
Epoch [10/11] Step [1221/1241] Loss: 0.2248 Time: 545.159
#### TRAINED MODEL ResNet1D model training time: 600.73 total training time: 604.228 ####
#### TRAINING TOTAL TIME: 600.73 ####
Accuracy of the ResNet1D model on the test set: 33.088235 %
#### TESTING TOTAL TIME: 4.482 ####
#### TIME #### TERMINO #### 31086.074 ####
#### FINITO #### TERMINO #### NO-VA-MAS ####
#### TIMES #### modelling TOTAL TOTAL ==>> 31086.074 seconds
#### #### READING DATA FILES #### ####
417 511 #### COMBI [reg, sid, ban, sec, men, med, sum, max, bet, mmm, npp, hfq, htp] METRICS ####
('Plantation', '/home/vargas/repos/forests-sounds-vargas/out/data/extraction/Plantation/2_00_PSA0010-2010_dict_y_split_7_2512283_1736694580.pkl')
(297840, 13) Index(['reg', 'sid', 'ban', 'sec', 'men', 'med', 'sum', 'max', 'bet', 'mmm',
       'npp'],
      dtype='object') Index(['ban', 'sec', 'men', 'med', 'sum', 'max', 'bet', 'mmm', 'npp', 'hfq',
       'htp'],
      dtype='object')
#### MERGE 68 merge_data Dataframe shape: (297840, 13) #### time: 625
#### #### SPLIT TRAIN TEST #### ####
#### CLASSES: [0 1 2 3] TOTAL 4
#### SPLIT train_test_split and CUDA: ??? cuda:0 #### time: 36
#### MODELS - TOTAL 1 ####
#### EPOCHS 11 ####
#### TRAINING MODELS ####
#### TRAINING MODEL ResNet1D ####
#### prediction torch.Size([192, 4])
Epoch [10/11] Step [33/1241] Loss: 0.2179 Time: 494.002
#### prediction torch.Size([192, 4])
Epoch [10/11] Step [66/1241] Loss: 0.1313 Time: 495.453
#### prediction torch.Size([192, 4])
Epoch [10/11] Step [99/1241] Loss: 0.0958 Time: 496.907
#### prediction torch.Size([192, 4])
Epoch [10/11] Step [132/1241] Loss: 0.1464 Time: 498.359
#### prediction torch.Size([192, 4])
Epoch [10/11] Step [165/1241] Loss: 0.1377 Time: 499.809
#### prediction torch.Size([192, 4])
Epoch [10/11] Step [198/1241] Loss: 0.1770 Time: 501.258
#### prediction torch.Size([192, 4])
Epoch [10/11] Step [231/1241] Loss: 0.0782 Time: 502.71
#### prediction torch.Size([192, 4])
Epoch [10/11] Step [264/1241] Loss: 0.1193 Time: 504.16
#### prediction torch.Size([192, 4])
Epoch [10/11] Step [297/1241] Loss: 0.1461 Time: 505.61
#### prediction torch.Size([192, 4])
Epoch [10/11] Step [330/1241] Loss: 0.1299 Time: 507.067
#### prediction torch.Size([192, 4])
Epoch [10/11] Step [363/1241] Loss: 0.1810 Time: 508.517
#### prediction torch.Size([192, 4])
Epoch [10/11] Step [396/1241] Loss: 0.1093 Time: 509.968
#### prediction torch.Size([192, 4])
Epoch [10/11] Step [429/1241] Loss: 0.0694 Time: 511.419
#### prediction torch.Size([192, 4])
Epoch [10/11] Step [462/1241] Loss: 0.1109 Time: 512.87
#### prediction torch.Size([192, 4])
Epoch [10/11] Step [495/1241] Loss: 0.1051 Time: 514.32
#### prediction torch.Size([192, 4])
Epoch [10/11] Step [528/1241] Loss: 0.0935 Time: 515.77
#### prediction torch.Size([192, 4])
Epoch [10/11] Step [561/1241] Loss: 0.1565 Time: 517.221
#### prediction torch.Size([192, 4])
Epoch [10/11] Step [594/1241] Loss: 0.0881 Time: 518.672
#### prediction torch.Size([192, 4])
Epoch [10/11] Step [627/1241] Loss: 0.1847 Time: 520.122
#### prediction torch.Size([192, 4])
Epoch [10/11] Step [660/1241] Loss: 0.1027 Time: 521.573
#### prediction torch.Size([192, 4])
Epoch [10/11] Step [693/1241] Loss: 0.1099 Time: 523.023
#### prediction torch.Size([192, 4])
Epoch [10/11] Step [726/1241] Loss: 0.1677 Time: 524.473
#### prediction torch.Size([192, 4])
Epoch [10/11] Step [759/1241] Loss: 0.1449 Time: 525.936
#### prediction torch.Size([192, 4])
Epoch [10/11] Step [792/1241] Loss: 0.0876 Time: 527.389
#### prediction torch.Size([192, 4])
Epoch [10/11] Step [825/1241] Loss: 0.1509 Time: 528.839
#### prediction torch.Size([192, 4])
Epoch [10/11] Step [858/1241] Loss: 0.1046 Time: 530.293
#### prediction torch.Size([192, 4])
Epoch [10/11] Step [891/1241] Loss: 0.0841 Time: 531.744
#### prediction torch.Size([192, 4])
Epoch [10/11] Step [924/1241] Loss: 0.1388 Time: 533.195
#### prediction torch.Size([192, 4])
Epoch [10/11] Step [957/1241] Loss: 0.1022 Time: 534.644
#### prediction torch.Size([192, 4])
Epoch [10/11] Step [990/1241] Loss: 0.1607 Time: 536.096
#### prediction torch.Size([192, 4])
Epoch [10/11] Step [1023/1241] Loss: 0.1034 Time: 537.723
#### prediction torch.Size([192, 4])
Epoch [10/11] Step [1056/1241] Loss: 0.0676 Time: 539.174
#### prediction torch.Size([192, 4])
Epoch [10/11] Step [1089/1241] Loss: 0.1170 Time: 540.624
#### prediction torch.Size([192, 4])
Epoch [10/11] Step [1122/1241] Loss: 0.0904 Time: 542.075
#### prediction torch.Size([192, 4])
Epoch [10/11] Step [1155/1241] Loss: 0.1686 Time: 543.526
#### prediction torch.Size([192, 4])
Epoch [10/11] Step [1188/1241] Loss: 0.1819 Time: 544.976
#### prediction torch.Size([192, 4])
Epoch [10/11] Step [1221/1241] Loss: 0.1574 Time: 546.426
#### TRAINED MODEL ResNet1D model training time: 601.923 total training time: 605.347 ####
#### TRAINING TOTAL TIME: 601.923 ####
Accuracy of the ResNet1D model on the test set: 93.31856 %
#### TESTING TOTAL TIME: 4.519 ####
#### TIME #### TERMINO #### 31749.292 ####
#### FINITO #### TERMINO #### NO-VA-MAS ####
#### TIMES #### modelling TOTAL TOTAL ==>> 31749.292 seconds
#### #### READING DATA FILES #### ####
418 511 #### COMBI [reg, sid, ban, sec, men, med, sum, max, bet, mmm, npp, hfq, hhh] METRICS ####
('Plantation', '/home/vargas/repos/forests-sounds-vargas/out/data/extraction/Plantation/2_00_PSA0010-2010_dict_y_split_7_2512283_1736694580.pkl')
(297840, 13) Index(['reg', 'sid', 'ban', 'sec', 'men', 'med', 'sum', 'max', 'bet', 'mmm',
       'npp'],
      dtype='object') Index(['ban', 'sec', 'men', 'med', 'sum', 'max', 'bet', 'mmm', 'npp', 'hfq',
       'hhh'],
      dtype='object')
#### MERGE 68 merge_data Dataframe shape: (297840, 13) #### time: 635
#### #### SPLIT TRAIN TEST #### ####
#### CLASSES: [0 1 2 3] TOTAL 4
#### SPLIT train_test_split and CUDA: ??? cuda:0 #### time: 35
#### MODELS - TOTAL 1 ####
#### EPOCHS 11 ####
#### TRAINING MODELS ####
#### TRAINING MODEL ResNet1D ####
#### prediction torch.Size([192, 4])
Epoch [10/11] Step [33/1241] Loss: 0.0772 Time: 493.293
#### prediction torch.Size([192, 4])
Epoch [10/11] Step [66/1241] Loss: 0.1414 Time: 494.746
#### prediction torch.Size([192, 4])
Epoch [10/11] Step [99/1241] Loss: 0.1277 Time: 496.201
#### prediction torch.Size([192, 4])
Epoch [10/11] Step [132/1241] Loss: 0.1522 Time: 497.652
#### prediction torch.Size([192, 4])
Epoch [10/11] Step [165/1241] Loss: 0.1480 Time: 499.103
#### prediction torch.Size([192, 4])
Epoch [10/11] Step [198/1241] Loss: 0.1331 Time: 500.556
#### prediction torch.Size([192, 4])
Epoch [10/11] Step [231/1241] Loss: 0.1384 Time: 502.006
#### prediction torch.Size([192, 4])
Epoch [10/11] Step [264/1241] Loss: 0.0988 Time: 503.458
#### prediction torch.Size([192, 4])
Epoch [10/11] Step [297/1241] Loss: 0.1403 Time: 504.91
#### prediction torch.Size([192, 4])
Epoch [10/11] Step [330/1241] Loss: 0.1305 Time: 506.362
#### prediction torch.Size([192, 4])
Epoch [10/11] Step [363/1241] Loss: 0.1590 Time: 507.814
#### prediction torch.Size([192, 4])
Epoch [10/11] Step [396/1241] Loss: 0.1092 Time: 509.266
#### prediction torch.Size([192, 4])
Epoch [10/11] Step [429/1241] Loss: 0.0944 Time: 510.718
#### prediction torch.Size([192, 4])
Epoch [10/11] Step [462/1241] Loss: 0.0853 Time: 512.169
#### prediction torch.Size([192, 4])
Epoch [10/11] Step [495/1241] Loss: 0.1241 Time: 513.621
#### prediction torch.Size([192, 4])
Epoch [10/11] Step [528/1241] Loss: 0.1692 Time: 515.082
#### prediction torch.Size([192, 4])
Epoch [10/11] Step [561/1241] Loss: 0.1672 Time: 516.535
#### prediction torch.Size([192, 4])
Epoch [10/11] Step [594/1241] Loss: 0.1113 Time: 517.987
#### prediction torch.Size([192, 4])
Epoch [10/11] Step [627/1241] Loss: 0.1404 Time: 519.44
#### prediction torch.Size([192, 4])
Epoch [10/11] Step [660/1241] Loss: 0.1030 Time: 520.892
#### prediction torch.Size([192, 4])
Epoch [10/11] Step [693/1241] Loss: 0.1510 Time: 522.344
#### prediction torch.Size([192, 4])
Epoch [10/11] Step [726/1241] Loss: 0.1365 Time: 523.797
#### prediction torch.Size([192, 4])
Epoch [10/11] Step [759/1241] Loss: 0.1105 Time: 525.249
#### prediction torch.Size([192, 4])
Epoch [10/11] Step [792/1241] Loss: 0.2720 Time: 526.703
#### prediction torch.Size([192, 4])
Epoch [10/11] Step [825/1241] Loss: 0.0891 Time: 528.157
#### prediction torch.Size([192, 4])
Epoch [10/11] Step [858/1241] Loss: 0.1409 Time: 529.609
#### prediction torch.Size([192, 4])
Epoch [10/11] Step [891/1241] Loss: 0.0949 Time: 531.061
#### prediction torch.Size([192, 4])
Epoch [10/11] Step [924/1241] Loss: 0.1641 Time: 532.512
#### prediction torch.Size([192, 4])
Epoch [10/11] Step [957/1241] Loss: 0.1221 Time: 533.965
#### prediction torch.Size([192, 4])
Epoch [10/11] Step [990/1241] Loss: 0.1476 Time: 535.432
#### prediction torch.Size([192, 4])
Epoch [10/11] Step [1023/1241] Loss: 0.1453 Time: 536.886
#### prediction torch.Size([192, 4])
Epoch [10/11] Step [1056/1241] Loss: 0.1286 Time: 538.339
#### prediction torch.Size([192, 4])
Epoch [10/11] Step [1089/1241] Loss: 0.1119 Time: 539.791
#### prediction torch.Size([192, 4])
Epoch [10/11] Step [1122/1241] Loss: 0.1561 Time: 541.243
#### prediction torch.Size([192, 4])
Epoch [10/11] Step [1155/1241] Loss: 0.1128 Time: 542.696
#### prediction torch.Size([192, 4])
Epoch [10/11] Step [1188/1241] Loss: 0.1656 Time: 544.149
#### prediction torch.Size([192, 4])
Epoch [10/11] Step [1221/1241] Loss: 0.1273 Time: 545.615
#### TRAINED MODEL ResNet1D model training time: 601.316 total training time: 605.192 ####
#### TRAINING TOTAL TIME: 601.316 ####
Accuracy of the ResNet1D model on the test set: 94.216694 %
#### TESTING TOTAL TIME: 4.524 ####
#### TIME #### TERMINO #### 32419.681 ####
#### FINITO #### TERMINO #### NO-VA-MAS ####
#### TIMES #### modelling TOTAL TOTAL ==>> 32419.681 seconds
#### #### READING DATA FILES #### ####
419 511 #### COMBI [reg, sid, ban, sec, men, med, sum, max, bet, mmm, npp, hfq, aei] METRICS ####
('Plantation', '/home/vargas/repos/forests-sounds-vargas/out/data/extraction/Plantation/2_00_PSA0010-2010_dict_y_split_7_2512283_1736694580.pkl')
(297840, 13) Index(['reg', 'sid', 'ban', 'sec', 'men', 'med', 'sum', 'max', 'bet', 'mmm',
       'npp'],
      dtype='object') Index(['ban', 'sec', 'men', 'med', 'sum', 'max', 'bet', 'mmm', 'npp', 'hfq',
       'aei'],
      dtype='object')
#### MERGE 68 merge_data Dataframe shape: (297840, 13) #### time: 624
#### #### SPLIT TRAIN TEST #### ####
#### CLASSES: [0 1 2 3] TOTAL 4
#### SPLIT train_test_split and CUDA: ??? cuda:0 #### time: 35
#### MODELS - TOTAL 1 ####
#### EPOCHS 11 ####
#### TRAINING MODELS ####
#### TRAINING MODEL ResNet1D ####
#### prediction torch.Size([192, 4])
Epoch [10/11] Step [33/1241] Loss: 0.1612 Time: 492.62
#### prediction torch.Size([192, 4])
Epoch [10/11] Step [66/1241] Loss: 0.1414 Time: 494.068
#### prediction torch.Size([192, 4])
Epoch [10/11] Step [99/1241] Loss: 0.1022 Time: 495.516
#### prediction torch.Size([192, 4])
Epoch [10/11] Step [132/1241] Loss: 0.1801 Time: 496.964
#### prediction torch.Size([192, 4])
Epoch [10/11] Step [165/1241] Loss: 0.1697 Time: 498.415
#### prediction torch.Size([192, 4])
Epoch [10/11] Step [198/1241] Loss: 0.2027 Time: 499.863
#### prediction torch.Size([192, 4])
Epoch [10/11] Step [231/1241] Loss: 0.2013 Time: 501.312
#### prediction torch.Size([192, 4])
Epoch [10/11] Step [264/1241] Loss: 0.0976 Time: 502.76
#### prediction torch.Size([192, 4])
Epoch [10/11] Step [297/1241] Loss: 0.1058 Time: 504.208
#### prediction torch.Size([192, 4])
Epoch [10/11] Step [330/1241] Loss: 0.1042 Time: 505.657
#### prediction torch.Size([192, 4])
Epoch [10/11] Step [363/1241] Loss: 0.0829 Time: 507.106
#### prediction torch.Size([192, 4])
Epoch [10/11] Step [396/1241] Loss: 0.1928 Time: 508.554
#### prediction torch.Size([192, 4])
Epoch [10/11] Step [429/1241] Loss: 0.1377 Time: 510.003
#### prediction torch.Size([192, 4])
Epoch [10/11] Step [462/1241] Loss: 0.1331 Time: 511.452
#### prediction torch.Size([192, 4])
Epoch [10/11] Step [495/1241] Loss: 0.1582 Time: 512.901
#### prediction torch.Size([192, 4])
Epoch [10/11] Step [528/1241] Loss: 0.1605 Time: 514.522
#### prediction torch.Size([192, 4])
Epoch [10/11] Step [561/1241] Loss: 0.1059 Time: 515.979
#### prediction torch.Size([192, 4])
Epoch [10/11] Step [594/1241] Loss: 0.1276 Time: 517.428
#### prediction torch.Size([192, 4])
Epoch [10/11] Step [627/1241] Loss: 0.0955 Time: 518.877
#### prediction torch.Size([192, 4])
Epoch [10/11] Step [660/1241] Loss: 0.2669 Time: 520.325
#### prediction torch.Size([192, 4])
Epoch [10/11] Step [693/1241] Loss: 0.1224 Time: 521.774
#### prediction torch.Size([192, 4])
Epoch [10/11] Step [726/1241] Loss: 0.0778 Time: 523.221
#### prediction torch.Size([192, 4])
Epoch [10/11] Step [759/1241] Loss: 0.1814 Time: 524.67
#### prediction torch.Size([192, 4])
Epoch [10/11] Step [792/1241] Loss: 0.1023 Time: 526.118
#### prediction torch.Size([192, 4])
Epoch [10/11] Step [825/1241] Loss: 0.1645 Time: 527.568
#### prediction torch.Size([192, 4])
Epoch [10/11] Step [858/1241] Loss: 0.1643 Time: 529.018
#### prediction torch.Size([192, 4])
Epoch [10/11] Step [891/1241] Loss: 0.1356 Time: 530.465
#### prediction torch.Size([192, 4])
Epoch [10/11] Step [924/1241] Loss: 0.1509 Time: 531.914
#### prediction torch.Size([192, 4])
Epoch [10/11] Step [957/1241] Loss: 0.1748 Time: 533.363
#### prediction torch.Size([192, 4])
Epoch [10/11] Step [990/1241] Loss: 0.1406 Time: 534.811
#### prediction torch.Size([192, 4])
Epoch [10/11] Step [1023/1241] Loss: 0.1411 Time: 536.259
#### prediction torch.Size([192, 4])
Epoch [10/11] Step [1056/1241] Loss: 0.1106 Time: 537.708
#### prediction torch.Size([192, 4])
Epoch [10/11] Step [1089/1241] Loss: 0.1774 Time: 539.157
#### prediction torch.Size([192, 4])
Epoch [10/11] Step [1122/1241] Loss: 0.0981 Time: 540.605
#### prediction torch.Size([192, 4])
Epoch [10/11] Step [1155/1241] Loss: 0.0724 Time: 542.053
#### prediction torch.Size([192, 4])
Epoch [10/11] Step [1188/1241] Loss: 0.1316 Time: 543.501
#### prediction torch.Size([192, 4])
Epoch [10/11] Step [1221/1241] Loss: 0.1671 Time: 544.949
#### TRAINED MODEL ResNet1D model training time: 600.355 total training time: 603.829 ####
#### TRAINING TOTAL TIME: 600.355 ####
Accuracy of the ResNet1D model on the test set: 93.87087 %
#### TESTING TOTAL TIME: 4.65 ####
#### TIME #### TERMINO #### 33077.728 ####
#### FINITO #### TERMINO #### NO-VA-MAS ####
#### TIMES #### modelling TOTAL TOTAL ==>> 33077.728 seconds
#### #### READING DATA FILES #### ####
420 511 #### COMBI [reg, sid, ban, sec, men, med, sum, max, bet, mmm, npp, htp, hhh] METRICS ####
('Plantation', '/home/vargas/repos/forests-sounds-vargas/out/data/extraction/Plantation/2_00_PSA0010-2010_dict_y_split_7_2512283_1736694580.pkl')
(297840, 13) Index(['reg', 'sid', 'ban', 'sec', 'men', 'med', 'sum', 'max', 'bet', 'mmm',
       'npp'],
      dtype='object') Index(['ban', 'sec', 'men', 'med', 'sum', 'max', 'bet', 'mmm', 'npp', 'htp',
       'hhh'],
      dtype='object')
#### MERGE 68 merge_data Dataframe shape: (297840, 13) #### time: 622
#### #### SPLIT TRAIN TEST #### ####
#### CLASSES: [0 1 2 3] TOTAL 4
#### SPLIT train_test_split and CUDA: ??? cuda:0 #### time: 35
#### MODELS - TOTAL 1 ####
#### EPOCHS 11 ####
#### TRAINING MODELS ####
#### TRAINING MODEL ResNet1D ####
#### prediction torch.Size([192, 4])
Epoch [10/11] Step [33/1241] Loss: 0.0923 Time: 494.0
#### prediction torch.Size([192, 4])
Epoch [10/11] Step [66/1241] Loss: 0.0795 Time: 495.462
#### prediction torch.Size([192, 4])
Epoch [10/11] Step [99/1241] Loss: 0.1180 Time: 496.929
#### prediction torch.Size([192, 4])
Epoch [10/11] Step [132/1241] Loss: 0.0801 Time: 498.394
#### prediction torch.Size([192, 4])
Epoch [10/11] Step [165/1241] Loss: 0.1188 Time: 499.861
#### prediction torch.Size([192, 4])
Epoch [10/11] Step [198/1241] Loss: 0.1463 Time: 501.329
#### prediction torch.Size([192, 4])
Epoch [10/11] Step [231/1241] Loss: 0.1360 Time: 502.791
#### prediction torch.Size([192, 4])
Epoch [10/11] Step [264/1241] Loss: 0.0987 Time: 504.252
#### prediction torch.Size([192, 4])
Epoch [10/11] Step [297/1241] Loss: 0.1766 Time: 505.715
#### prediction torch.Size([192, 4])
Epoch [10/11] Step [330/1241] Loss: 0.1432 Time: 507.18
#### prediction torch.Size([192, 4])
Epoch [10/11] Step [363/1241] Loss: 0.1629 Time: 508.634
#### prediction torch.Size([192, 4])
Epoch [10/11] Step [396/1241] Loss: 0.1794 Time: 510.093
#### prediction torch.Size([192, 4])
Epoch [10/11] Step [429/1241] Loss: 0.1239 Time: 511.561
#### prediction torch.Size([192, 4])
Epoch [10/11] Step [462/1241] Loss: 0.1297 Time: 513.025
#### prediction torch.Size([192, 4])
Epoch [10/11] Step [495/1241] Loss: 0.1078 Time: 514.485
#### prediction torch.Size([192, 4])
Epoch [10/11] Step [528/1241] Loss: 0.2502 Time: 515.955
#### prediction torch.Size([192, 4])
Epoch [10/11] Step [561/1241] Loss: 0.1205 Time: 517.421
#### prediction torch.Size([192, 4])
Epoch [10/11] Step [594/1241] Loss: 0.1614 Time: 518.894
#### prediction torch.Size([192, 4])
Epoch [10/11] Step [627/1241] Loss: 0.1620 Time: 520.346
#### prediction torch.Size([192, 4])
Epoch [10/11] Step [660/1241] Loss: 0.1048 Time: 521.797
#### prediction torch.Size([192, 4])
Epoch [10/11] Step [693/1241] Loss: 0.0861 Time: 523.249
#### prediction torch.Size([192, 4])
Epoch [10/11] Step [726/1241] Loss: 0.1294 Time: 524.7
#### prediction torch.Size([192, 4])
Epoch [10/11] Step [759/1241] Loss: 0.1419 Time: 526.152
#### prediction torch.Size([192, 4])
Epoch [10/11] Step [792/1241] Loss: 0.0948 Time: 527.604
#### prediction torch.Size([192, 4])
Epoch [10/11] Step [825/1241] Loss: 0.1247 Time: 529.055
#### prediction torch.Size([192, 4])
Epoch [10/11] Step [858/1241] Loss: 0.1172 Time: 530.508
#### prediction torch.Size([192, 4])
Epoch [10/11] Step [891/1241] Loss: 0.1248 Time: 531.96
#### prediction torch.Size([192, 4])
Epoch [10/11] Step [924/1241] Loss: 0.1082 Time: 533.412
#### prediction torch.Size([192, 4])
Epoch [10/11] Step [957/1241] Loss: 0.1260 Time: 534.863
#### prediction torch.Size([192, 4])
Epoch [10/11] Step [990/1241] Loss: 0.1587 Time: 536.315
#### prediction torch.Size([192, 4])
Epoch [10/11] Step [1023/1241] Loss: 0.1379 Time: 537.766
#### prediction torch.Size([192, 4])
Epoch [10/11] Step [1056/1241] Loss: 0.1307 Time: 539.217
#### prediction torch.Size([192, 4])
Epoch [10/11] Step [1089/1241] Loss: 0.1346 Time: 540.669
#### prediction torch.Size([192, 4])
Epoch [10/11] Step [1122/1241] Loss: 0.0996 Time: 542.12
#### prediction torch.Size([192, 4])
Epoch [10/11] Step [1155/1241] Loss: 0.1157 Time: 543.572
#### prediction torch.Size([192, 4])
Epoch [10/11] Step [1188/1241] Loss: 0.1417 Time: 545.023
#### prediction torch.Size([192, 4])
Epoch [10/11] Step [1221/1241] Loss: 0.1105 Time: 546.475
#### TRAINED MODEL ResNet1D model training time: 602.168 total training time: 605.714 ####
#### TRAINING TOTAL TIME: 602.168 ####
Accuracy of the ResNet1D model on the test set: 94.547408 %
#### TESTING TOTAL TIME: 4.476 ####
#### TIME #### TERMINO #### 33736.709 ####
#### FINITO #### TERMINO #### NO-VA-MAS ####
#### TIMES #### modelling TOTAL TOTAL ==>> 33736.709 seconds
#### #### READING DATA FILES #### ####
421 511 #### COMBI [reg, sid, ban, sec, men, med, sum, max, bet, mmm, npp, htp, aei] METRICS ####
('Plantation', '/home/vargas/repos/forests-sounds-vargas/out/data/extraction/Plantation/2_00_PSA0010-2010_dict_y_split_7_2512283_1736694580.pkl')
(297840, 13) Index(['reg', 'sid', 'ban', 'sec', 'men', 'med', 'sum', 'max', 'bet', 'mmm',
       'npp'],
      dtype='object') Index(['ban', 'sec', 'men', 'med', 'sum', 'max', 'bet', 'mmm', 'npp', 'htp',
       'aei'],
      dtype='object')
#### MERGE 68 merge_data Dataframe shape: (297840, 13) #### time: 629
#### #### SPLIT TRAIN TEST #### ####
#### CLASSES: [0 1 2 3] TOTAL 4
#### SPLIT train_test_split and CUDA: ??? cuda:0 #### time: 35
#### MODELS - TOTAL 1 ####
#### EPOCHS 11 ####
#### TRAINING MODELS ####
#### TRAINING MODEL ResNet1D ####
#### prediction torch.Size([192, 4])
Epoch [10/11] Step [33/1241] Loss: 0.1367 Time: 493.86
#### prediction torch.Size([192, 4])
Epoch [10/11] Step [66/1241] Loss: 0.1950 Time: 495.311
#### prediction torch.Size([192, 4])
Epoch [10/11] Step [99/1241] Loss: 0.1349 Time: 496.766
#### prediction torch.Size([192, 4])
Epoch [10/11] Step [132/1241] Loss: 0.1394 Time: 498.217
#### prediction torch.Size([192, 4])
Epoch [10/11] Step [165/1241] Loss: 0.1235 Time: 499.669
#### prediction torch.Size([192, 4])
Epoch [10/11] Step [198/1241] Loss: 0.1235 Time: 501.122
#### prediction torch.Size([192, 4])
Epoch [10/11] Step [231/1241] Loss: 0.0976 Time: 502.574
#### prediction torch.Size([192, 4])
Epoch [10/11] Step [264/1241] Loss: 0.1249 Time: 504.024
#### prediction torch.Size([192, 4])
Epoch [10/11] Step [297/1241] Loss: 0.1521 Time: 505.475
#### prediction torch.Size([192, 4])
Epoch [10/11] Step [330/1241] Loss: 0.1702 Time: 506.927
#### prediction torch.Size([192, 4])
Epoch [10/11] Step [363/1241] Loss: 0.1006 Time: 508.379
#### prediction torch.Size([192, 4])
Epoch [10/11] Step [396/1241] Loss: 0.1062 Time: 509.831
#### prediction torch.Size([192, 4])
Epoch [10/11] Step [429/1241] Loss: 0.1114 Time: 511.282
#### prediction torch.Size([192, 4])
Epoch [10/11] Step [462/1241] Loss: 0.1311 Time: 512.733
#### prediction torch.Size([192, 4])
Epoch [10/11] Step [495/1241] Loss: 0.1379 Time: 514.191
#### prediction torch.Size([192, 4])
Epoch [10/11] Step [528/1241] Loss: 0.0915 Time: 515.649
#### prediction torch.Size([192, 4])
Epoch [10/11] Step [561/1241] Loss: 0.1483 Time: 517.102
#### prediction torch.Size([192, 4])
Epoch [10/11] Step [594/1241] Loss: 0.1582 Time: 518.553
#### prediction torch.Size([192, 4])
Epoch [10/11] Step [627/1241] Loss: 0.1042 Time: 520.006
#### prediction torch.Size([192, 4])
Epoch [10/11] Step [660/1241] Loss: 0.0876 Time: 521.457
#### prediction torch.Size([192, 4])
Epoch [10/11] Step [693/1241] Loss: 0.1110 Time: 522.908
#### prediction torch.Size([192, 4])
Epoch [10/11] Step [726/1241] Loss: 0.2059 Time: 524.359
#### prediction torch.Size([192, 4])
Epoch [10/11] Step [759/1241] Loss: 0.1428 Time: 525.81
#### prediction torch.Size([192, 4])
Epoch [10/11] Step [792/1241] Loss: 0.1754 Time: 527.264
#### prediction torch.Size([192, 4])
Epoch [10/11] Step [825/1241] Loss: 0.1283 Time: 528.716
#### prediction torch.Size([192, 4])
Epoch [10/11] Step [858/1241] Loss: 0.1374 Time: 530.168
#### prediction torch.Size([192, 4])
Epoch [10/11] Step [891/1241] Loss: 0.1412 Time: 531.62
#### prediction torch.Size([192, 4])
Epoch [10/11] Step [924/1241] Loss: 0.1253 Time: 533.071
#### prediction torch.Size([192, 4])
Epoch [10/11] Step [957/1241] Loss: 0.1348 Time: 534.522
#### prediction torch.Size([192, 4])
Epoch [10/11] Step [990/1241] Loss: 0.1277 Time: 535.974
#### prediction torch.Size([192, 4])
Epoch [10/11] Step [1023/1241] Loss: 0.1464 Time: 537.426
#### prediction torch.Size([192, 4])
Epoch [10/11] Step [1056/1241] Loss: 0.1310 Time: 538.876
#### prediction torch.Size([192, 4])
Epoch [10/11] Step [1089/1241] Loss: 0.1311 Time: 540.326
#### prediction torch.Size([192, 4])
Epoch [10/11] Step [1122/1241] Loss: 0.0877 Time: 541.777
#### prediction torch.Size([192, 4])
Epoch [10/11] Step [1155/1241] Loss: 0.1398 Time: 543.227
#### prediction torch.Size([192, 4])
Epoch [10/11] Step [1188/1241] Loss: 0.1332 Time: 544.689
#### prediction torch.Size([192, 4])
Epoch [10/11] Step [1221/1241] Loss: 0.1015 Time: 546.141
#### TRAINED MODEL ResNet1D model training time: 601.839 total training time: 605.249 ####
#### TRAINING TOTAL TIME: 601.84 ####
Accuracy of the ResNet1D model on the test set: 93.38571 %
#### TESTING TOTAL TIME: 4.51 ####
#### TIME #### TERMINO #### 34401.109 ####
#### FINITO #### TERMINO #### NO-VA-MAS ####
#### TIMES #### modelling TOTAL TOTAL ==>> 34401.109 seconds
#### #### READING DATA FILES #### ####
422 511 #### COMBI [reg, sid, ban, sec, men, med, sum, max, bet, mmm, npp, hhh, aei] METRICS ####
('Plantation', '/home/vargas/repos/forests-sounds-vargas/out/data/extraction/Plantation/2_00_PSA0010-2010_dict_y_split_7_2512283_1736694580.pkl')
(297840, 13) Index(['reg', 'sid', 'ban', 'sec', 'men', 'med', 'sum', 'max', 'bet', 'mmm',
       'npp'],
      dtype='object') Index(['ban', 'sec', 'men', 'med', 'sum', 'max', 'bet', 'mmm', 'npp', 'hhh',
       'aei'],
      dtype='object')
#### MERGE 68 merge_data Dataframe shape: (297840, 13) #### time: 625
#### #### SPLIT TRAIN TEST #### ####
#### CLASSES: [0 1 2 3] TOTAL 4
#### SPLIT train_test_split and CUDA: ??? cuda:0 #### time: 35
#### MODELS - TOTAL 1 ####
#### EPOCHS 11 ####
#### TRAINING MODELS ####
#### TRAINING MODEL ResNet1D ####
#### prediction torch.Size([192, 4])
Epoch [10/11] Step [33/1241] Loss: 0.1657 Time: 493.72
#### prediction torch.Size([192, 4])
Epoch [10/11] Step [66/1241] Loss: 0.1531 Time: 495.17
#### prediction torch.Size([192, 4])
Epoch [10/11] Step [99/1241] Loss: 0.1398 Time: 496.622
#### prediction torch.Size([192, 4])
Epoch [10/11] Step [132/1241] Loss: 0.1592 Time: 498.072
#### prediction torch.Size([192, 4])
Epoch [10/11] Step [165/1241] Loss: 0.1057 Time: 499.523
#### prediction torch.Size([192, 4])
Epoch [10/11] Step [198/1241] Loss: 0.1345 Time: 500.973
#### prediction torch.Size([192, 4])
Epoch [10/11] Step [231/1241] Loss: 0.1049 Time: 502.423
#### prediction torch.Size([192, 4])
Epoch [10/11] Step [264/1241] Loss: 0.1187 Time: 503.874
#### prediction torch.Size([192, 4])
Epoch [10/11] Step [297/1241] Loss: 0.1373 Time: 505.325
#### prediction torch.Size([192, 4])
Epoch [10/11] Step [330/1241] Loss: 0.0712 Time: 506.776
#### prediction torch.Size([192, 4])
Epoch [10/11] Step [363/1241] Loss: 0.1109 Time: 508.228
#### prediction torch.Size([192, 4])
Epoch [10/11] Step [396/1241] Loss: 0.0782 Time: 509.678
#### prediction torch.Size([192, 4])
Epoch [10/11] Step [429/1241] Loss: 0.1563 Time: 511.129
#### prediction torch.Size([192, 4])
Epoch [10/11] Step [462/1241] Loss: 0.1479 Time: 512.58
#### prediction torch.Size([192, 4])
Epoch [10/11] Step [495/1241] Loss: 0.1280 Time: 514.043
#### prediction torch.Size([192, 4])
Epoch [10/11] Step [528/1241] Loss: 0.1585 Time: 515.495
#### prediction torch.Size([192, 4])
Epoch [10/11] Step [561/1241] Loss: 0.1001 Time: 516.947
#### prediction torch.Size([192, 4])
Epoch [10/11] Step [594/1241] Loss: 0.2064 Time: 518.399
#### prediction torch.Size([192, 4])
Epoch [10/11] Step [627/1241] Loss: 0.0838 Time: 519.849
#### prediction torch.Size([192, 4])
Epoch [10/11] Step [660/1241] Loss: 0.1166 Time: 521.3
#### prediction torch.Size([192, 4])
Epoch [10/11] Step [693/1241] Loss: 0.1230 Time: 522.752
#### prediction torch.Size([192, 4])
Epoch [10/11] Step [726/1241] Loss: 0.0926 Time: 524.204
#### prediction torch.Size([192, 4])
Epoch [10/11] Step [759/1241] Loss: 0.1658 Time: 525.822
#### prediction torch.Size([192, 4])
Epoch [10/11] Step [792/1241] Loss: 0.1549 Time: 527.276
#### prediction torch.Size([192, 4])
Epoch [10/11] Step [825/1241] Loss: 0.0960 Time: 528.729
#### prediction torch.Size([192, 4])
Epoch [10/11] Step [858/1241] Loss: 0.1517 Time: 530.18
#### prediction torch.Size([192, 4])
Epoch [10/11] Step [891/1241] Loss: 0.1362 Time: 531.632
#### prediction torch.Size([192, 4])
Epoch [10/11] Step [924/1241] Loss: 0.1567 Time: 533.084
#### prediction torch.Size([192, 4])
Epoch [10/11] Step [957/1241] Loss: 0.1288 Time: 534.536
#### prediction torch.Size([192, 4])
Epoch [10/11] Step [990/1241] Loss: 0.0971 Time: 535.988
#### prediction torch.Size([192, 4])
Epoch [10/11] Step [1023/1241] Loss: 0.0799 Time: 537.44
#### prediction torch.Size([192, 4])
Epoch [10/11] Step [1056/1241] Loss: 0.1184 Time: 538.891
#### prediction torch.Size([192, 4])
Epoch [10/11] Step [1089/1241] Loss: 0.1347 Time: 540.343
#### prediction torch.Size([192, 4])
Epoch [10/11] Step [1122/1241] Loss: 0.1166 Time: 541.793
#### prediction torch.Size([192, 4])
Epoch [10/11] Step [1155/1241] Loss: 0.1305 Time: 543.255
#### prediction torch.Size([192, 4])
Epoch [10/11] Step [1188/1241] Loss: 0.1206 Time: 544.713
#### prediction torch.Size([192, 4])
Epoch [10/11] Step [1221/1241] Loss: 0.1251 Time: 546.165
#### TRAINED MODEL ResNet1D model training time: 601.695 total training time: 605.056 ####
#### TRAINING TOTAL TIME: 601.695 ####
Accuracy of the ResNet1D model on the test set: 92.250873 %
#### TESTING TOTAL TIME: 4.502 ####
#### TIME #### TERMINO #### 35061.62 ####
#### FINITO #### TERMINO #### NO-VA-MAS ####
#### TIMES #### modelling TOTAL TOTAL ==>> 35061.62 seconds
#### #### READING DATA FILES #### ####
423 511 #### COMBI [reg, sid, ban, sec, men, med, sum, max, bet, mmm, hfq, htp, hhh] METRICS ####
('Plantation', '/home/vargas/repos/forests-sounds-vargas/out/data/extraction/Plantation/2_00_PSA0010-2010_dict_y_split_7_2512283_1736694580.pkl')
(297840, 13) Index(['reg', 'sid', 'ban', 'sec', 'men', 'med', 'sum', 'max', 'bet', 'mmm',
       'hfq'],
      dtype='object') Index(['ban', 'sec', 'men', 'med', 'sum', 'max', 'bet', 'mmm', 'hfq', 'htp',
       'hhh'],
      dtype='object')
#### MERGE 68 merge_data Dataframe shape: (297840, 13) #### time: 628
#### #### SPLIT TRAIN TEST #### ####
#### CLASSES: [0 1 2 3] TOTAL 4
#### SPLIT train_test_split and CUDA: ??? cuda:0 #### time: 35
#### MODELS - TOTAL 1 ####
#### EPOCHS 11 ####
#### TRAINING MODELS ####
#### TRAINING MODEL ResNet1D ####
#### prediction torch.Size([192, 4])
Epoch [10/11] Step [33/1241] Loss: 0.1131 Time: 494.424
#### prediction torch.Size([192, 4])
Epoch [10/11] Step [66/1241] Loss: 0.1226 Time: 495.876
#### prediction torch.Size([192, 4])
Epoch [10/11] Step [99/1241] Loss: 0.0834 Time: 497.328
#### prediction torch.Size([192, 4])
Epoch [10/11] Step [132/1241] Loss: 0.1241 Time: 498.78
#### prediction torch.Size([192, 4])
Epoch [10/11] Step [165/1241] Loss: 0.1460 Time: 500.233
#### prediction torch.Size([192, 4])
Epoch [10/11] Step [198/1241] Loss: 0.1224 Time: 501.686
#### prediction torch.Size([192, 4])
Epoch [10/11] Step [231/1241] Loss: 0.0836 Time: 503.139
#### prediction torch.Size([192, 4])
Epoch [10/11] Step [264/1241] Loss: 0.0920 Time: 504.59
#### prediction torch.Size([192, 4])
Epoch [10/11] Step [297/1241] Loss: 0.1430 Time: 506.044
#### prediction torch.Size([192, 4])
Epoch [10/11] Step [330/1241] Loss: 0.0810 Time: 507.496
#### prediction torch.Size([192, 4])
Epoch [10/11] Step [363/1241] Loss: 0.1211 Time: 508.95
#### prediction torch.Size([192, 4])
Epoch [10/11] Step [396/1241] Loss: 0.1029 Time: 510.41
#### prediction torch.Size([192, 4])
Epoch [10/11] Step [429/1241] Loss: 0.0884 Time: 511.864
#### prediction torch.Size([192, 4])
Epoch [10/11] Step [462/1241] Loss: 0.1429 Time: 513.317
#### prediction torch.Size([192, 4])
Epoch [10/11] Step [495/1241] Loss: 0.1034 Time: 514.769
#### prediction torch.Size([192, 4])
Epoch [10/11] Step [528/1241] Loss: 0.0754 Time: 516.222
#### prediction torch.Size([192, 4])
Epoch [10/11] Step [561/1241] Loss: 0.1061 Time: 517.674
#### prediction torch.Size([192, 4])
Epoch [10/11] Step [594/1241] Loss: 0.0678 Time: 519.135
#### prediction torch.Size([192, 4])
Epoch [10/11] Step [627/1241] Loss: 0.1083 Time: 520.586
#### prediction torch.Size([192, 4])
Epoch [10/11] Step [660/1241] Loss: 0.1554 Time: 522.04
#### prediction torch.Size([192, 4])
Epoch [10/11] Step [693/1241] Loss: 0.1174 Time: 523.494
#### prediction torch.Size([192, 4])
Epoch [10/11] Step [726/1241] Loss: 0.0900 Time: 524.945
#### prediction torch.Size([192, 4])
Epoch [10/11] Step [759/1241] Loss: 0.0926 Time: 526.398
#### prediction torch.Size([192, 4])
Epoch [10/11] Step [792/1241] Loss: 0.0943 Time: 527.854
#### prediction torch.Size([192, 4])
Epoch [10/11] Step [825/1241] Loss: 0.1108 Time: 529.319
#### prediction torch.Size([192, 4])
Epoch [10/11] Step [858/1241] Loss: 0.0946 Time: 530.771
#### prediction torch.Size([192, 4])
Epoch [10/11] Step [891/1241] Loss: 0.1171 Time: 532.224
#### prediction torch.Size([192, 4])
Epoch [10/11] Step [924/1241] Loss: 0.0857 Time: 533.676
#### prediction torch.Size([192, 4])
Epoch [10/11] Step [957/1241] Loss: 0.1681 Time: 535.128
#### prediction torch.Size([192, 4])
Epoch [10/11] Step [990/1241] Loss: 0.1086 Time: 536.58
#### prediction torch.Size([192, 4])
Epoch [10/11] Step [1023/1241] Loss: 0.1402 Time: 538.033
#### prediction torch.Size([192, 4])
Epoch [10/11] Step [1056/1241] Loss: 0.1011 Time: 539.495
#### prediction torch.Size([192, 4])
Epoch [10/11] Step [1089/1241] Loss: 0.1504 Time: 540.949
#### prediction torch.Size([192, 4])
Epoch [10/11] Step [1122/1241] Loss: 0.0826 Time: 542.402
#### prediction torch.Size([192, 4])
Epoch [10/11] Step [1155/1241] Loss: 0.0914 Time: 543.855
#### prediction torch.Size([192, 4])
Epoch [10/11] Step [1188/1241] Loss: 0.1427 Time: 545.307
#### prediction torch.Size([192, 4])
Epoch [10/11] Step [1221/1241] Loss: 0.0831 Time: 546.759
#### TRAINED MODEL ResNet1D model training time: 602.504 total training time: 606.28 ####
#### TRAINING TOTAL TIME: 602.504 ####
Accuracy of the ResNet1D model on the test set: 35.740666 %
#### TESTING TOTAL TIME: 4.513 ####
#### TIME #### TERMINO #### 35726.553 ####
#### FINITO #### TERMINO #### NO-VA-MAS ####
#### TIMES #### modelling TOTAL TOTAL ==>> 35726.553 seconds
#### #### READING DATA FILES #### ####
424 511 #### COMBI [reg, sid, ban, sec, men, med, sum, max, bet, mmm, hfq, htp, aei] METRICS ####
('Plantation', '/home/vargas/repos/forests-sounds-vargas/out/data/extraction/Plantation/2_00_PSA0010-2010_dict_y_split_7_2512283_1736694580.pkl')
(297840, 13) Index(['reg', 'sid', 'ban', 'sec', 'men', 'med', 'sum', 'max', 'bet', 'mmm',
       'hfq'],
      dtype='object') Index(['ban', 'sec', 'men', 'med', 'sum', 'max', 'bet', 'mmm', 'hfq', 'htp',
       'aei'],
      dtype='object')
#### MERGE 68 merge_data Dataframe shape: (297840, 13) #### time: 629
#### #### SPLIT TRAIN TEST #### ####
#### CLASSES: [0 1 2 3] TOTAL 4
#### SPLIT train_test_split and CUDA: ??? cuda:0 #### time: 35
#### MODELS - TOTAL 1 ####
#### EPOCHS 11 ####
#### TRAINING MODELS ####
#### TRAINING MODEL ResNet1D ####
#### prediction torch.Size([192, 4])
Epoch [10/11] Step [33/1241] Loss: 0.0989 Time: 494.244
#### prediction torch.Size([192, 4])
Epoch [10/11] Step [66/1241] Loss: 0.0701 Time: 495.702
#### prediction torch.Size([192, 4])
Epoch [10/11] Step [99/1241] Loss: 0.0601 Time: 497.157
#### prediction torch.Size([192, 4])
Epoch [10/11] Step [132/1241] Loss: 0.0761 Time: 498.612
#### prediction torch.Size([192, 4])
Epoch [10/11] Step [165/1241] Loss: 0.0783 Time: 500.069
#### prediction torch.Size([192, 4])
Epoch [10/11] Step [198/1241] Loss: 0.0955 Time: 501.525
#### prediction torch.Size([192, 4])
Epoch [10/11] Step [231/1241] Loss: 0.0847 Time: 502.982
#### prediction torch.Size([192, 4])
Epoch [10/11] Step [264/1241] Loss: 0.0644 Time: 504.442
#### prediction torch.Size([192, 4])
Epoch [10/11] Step [297/1241] Loss: 0.1161 Time: 505.9
#### prediction torch.Size([192, 4])
Epoch [10/11] Step [330/1241] Loss: 0.0947 Time: 507.355
#### prediction torch.Size([192, 4])
Epoch [10/11] Step [363/1241] Loss: 0.1185 Time: 508.809
#### prediction torch.Size([192, 4])
Epoch [10/11] Step [396/1241] Loss: 0.1153 Time: 510.436
#### prediction torch.Size([192, 4])
Epoch [10/11] Step [429/1241] Loss: 0.0813 Time: 511.889
#### prediction torch.Size([192, 4])
Epoch [10/11] Step [462/1241] Loss: 0.0911 Time: 513.342
#### prediction torch.Size([192, 4])
Epoch [10/11] Step [495/1241] Loss: 0.0994 Time: 514.796
#### prediction torch.Size([192, 4])
Epoch [10/11] Step [528/1241] Loss: 0.1268 Time: 516.25
#### prediction torch.Size([192, 4])
Epoch [10/11] Step [561/1241] Loss: 0.0680 Time: 517.703
#### prediction torch.Size([192, 4])
Epoch [10/11] Step [594/1241] Loss: 0.0781 Time: 519.157
#### prediction torch.Size([192, 4])
Epoch [10/11] Step [627/1241] Loss: 0.0556 Time: 520.611
#### prediction torch.Size([192, 4])
Epoch [10/11] Step [660/1241] Loss: 0.1985 Time: 522.064
#### prediction torch.Size([192, 4])
Epoch [10/11] Step [693/1241] Loss: 0.1313 Time: 523.519
#### prediction torch.Size([192, 4])
Epoch [10/11] Step [726/1241] Loss: 0.0565 Time: 524.974
#### prediction torch.Size([192, 4])
Epoch [10/11] Step [759/1241] Loss: 0.0931 Time: 526.428
#### prediction torch.Size([192, 4])
Epoch [10/11] Step [792/1241] Loss: 0.0863 Time: 527.881
#### prediction torch.Size([192, 4])
Epoch [10/11] Step [825/1241] Loss: 0.0489 Time: 529.335
#### prediction torch.Size([192, 4])
Epoch [10/11] Step [858/1241] Loss: 0.0955 Time: 530.788
#### prediction torch.Size([192, 4])
Epoch [10/11] Step [891/1241] Loss: 0.0866 Time: 532.24
#### prediction torch.Size([192, 4])
Epoch [10/11] Step [924/1241] Loss: 0.1018 Time: 533.694
#### prediction torch.Size([192, 4])
Epoch [10/11] Step [957/1241] Loss: 0.0690 Time: 535.159
#### prediction torch.Size([192, 4])
Epoch [10/11] Step [990/1241] Loss: 0.0707 Time: 536.612
#### prediction torch.Size([192, 4])
Epoch [10/11] Step [1023/1241] Loss: 0.0914 Time: 538.066
#### prediction torch.Size([192, 4])
Epoch [10/11] Step [1056/1241] Loss: 0.1258 Time: 539.52
#### prediction torch.Size([192, 4])
Epoch [10/11] Step [1089/1241] Loss: 0.1077 Time: 540.973
#### prediction torch.Size([192, 4])
Epoch [10/11] Step [1122/1241] Loss: 0.1188 Time: 542.426
#### prediction torch.Size([192, 4])
Epoch [10/11] Step [1155/1241] Loss: 0.0745 Time: 543.88
#### prediction torch.Size([192, 4])
Epoch [10/11] Step [1188/1241] Loss: 0.0631 Time: 545.333
#### prediction torch.Size([192, 4])
Epoch [10/11] Step [1221/1241] Loss: 0.0872 Time: 546.786
#### TRAINED MODEL ResNet1D model training time: 602.399 total training time: 605.882 ####
#### TRAINING TOTAL TIME: 602.4 ####
Accuracy of the ResNet1D model on the test set: 79.482272 %
#### TESTING TOTAL TIME: 4.683 ####
#### TIME #### TERMINO #### 36390.982 ####
#### FINITO #### TERMINO #### NO-VA-MAS ####
#### TIMES #### modelling TOTAL TOTAL ==>> 36390.982 seconds
#### #### READING DATA FILES #### ####
425 511 #### COMBI [reg, sid, ban, sec, men, med, sum, max, bet, mmm, hfq, hhh, aei] METRICS ####
('Plantation', '/home/vargas/repos/forests-sounds-vargas/out/data/extraction/Plantation/2_00_PSA0010-2010_dict_y_split_7_2512283_1736694580.pkl')
(297840, 13) Index(['reg', 'sid', 'ban', 'sec', 'men', 'med', 'sum', 'max', 'bet', 'mmm',
       'hfq'],
      dtype='object') Index(['ban', 'sec', 'men', 'med', 'sum', 'max', 'bet', 'mmm', 'hfq', 'hhh',
       'aei'],
      dtype='object')
#### MERGE 68 merge_data Dataframe shape: (297840, 13) #### time: 632
#### #### SPLIT TRAIN TEST #### ####
#### CLASSES: [0 1 2 3] TOTAL 4
#### SPLIT train_test_split and CUDA: ??? cuda:0 #### time: 35
#### MODELS - TOTAL 1 ####
#### EPOCHS 11 ####
#### TRAINING MODELS ####
#### TRAINING MODEL ResNet1D ####
#### prediction torch.Size([192, 4])
Epoch [10/11] Step [33/1241] Loss: 0.1225 Time: 493.706
#### prediction torch.Size([192, 4])
Epoch [10/11] Step [66/1241] Loss: 0.1139 Time: 495.16
#### prediction torch.Size([192, 4])
Epoch [10/11] Step [99/1241] Loss: 0.1207 Time: 496.621
#### prediction torch.Size([192, 4])
Epoch [10/11] Step [132/1241] Loss: 0.1367 Time: 498.079
#### prediction torch.Size([192, 4])
Epoch [10/11] Step [165/1241] Loss: 0.1425 Time: 499.533
#### prediction torch.Size([192, 4])
Epoch [10/11] Step [198/1241] Loss: 0.1700 Time: 500.987
#### prediction torch.Size([192, 4])
Epoch [10/11] Step [231/1241] Loss: 0.1248 Time: 502.442
#### prediction torch.Size([192, 4])
Epoch [10/11] Step [264/1241] Loss: 0.1514 Time: 503.895
#### prediction torch.Size([192, 4])
Epoch [10/11] Step [297/1241] Loss: 0.1389 Time: 505.349
#### prediction torch.Size([192, 4])
Epoch [10/11] Step [330/1241] Loss: 0.1370 Time: 506.802
#### prediction torch.Size([192, 4])
Epoch [10/11] Step [363/1241] Loss: 0.1763 Time: 508.255
#### prediction torch.Size([192, 4])
Epoch [10/11] Step [396/1241] Loss: 0.1437 Time: 509.707
#### prediction torch.Size([192, 4])
Epoch [10/11] Step [429/1241] Loss: 0.1072 Time: 511.16
#### prediction torch.Size([192, 4])
Epoch [10/11] Step [462/1241] Loss: 0.1538 Time: 512.618
#### prediction torch.Size([192, 4])
Epoch [10/11] Step [495/1241] Loss: 0.3001 Time: 514.072
#### prediction torch.Size([192, 4])
Epoch [10/11] Step [528/1241] Loss: 0.1761 Time: 515.524
#### prediction torch.Size([192, 4])
Epoch [10/11] Step [561/1241] Loss: 0.1170 Time: 516.978
#### prediction torch.Size([192, 4])
Epoch [10/11] Step [594/1241] Loss: 0.0927 Time: 518.432
#### prediction torch.Size([192, 4])
Epoch [10/11] Step [627/1241] Loss: 0.1545 Time: 519.886
#### prediction torch.Size([192, 4])
Epoch [10/11] Step [660/1241] Loss: 0.1555 Time: 521.338
#### prediction torch.Size([192, 4])
Epoch [10/11] Step [693/1241] Loss: 0.1282 Time: 522.793
#### prediction torch.Size([192, 4])
Epoch [10/11] Step [726/1241] Loss: 0.1914 Time: 524.246
#### prediction torch.Size([192, 4])
Epoch [10/11] Step [759/1241] Loss: 0.1666 Time: 525.699
#### prediction torch.Size([192, 4])
Epoch [10/11] Step [792/1241] Loss: 0.1891 Time: 527.163
#### prediction torch.Size([192, 4])
Epoch [10/11] Step [825/1241] Loss: 0.1616 Time: 528.617
#### prediction torch.Size([192, 4])
Epoch [10/11] Step [858/1241] Loss: 0.1337 Time: 530.071
#### prediction torch.Size([192, 4])
Epoch [10/11] Step [891/1241] Loss: 0.1842 Time: 531.523
#### prediction torch.Size([192, 4])
Epoch [10/11] Step [924/1241] Loss: 0.1001 Time: 532.978
#### prediction torch.Size([192, 4])
Epoch [10/11] Step [957/1241] Loss: 0.2376 Time: 534.431
#### prediction torch.Size([192, 4])
Epoch [10/11] Step [990/1241] Loss: 0.1255 Time: 535.883
#### prediction torch.Size([192, 4])
Epoch [10/11] Step [1023/1241] Loss: 0.0942 Time: 537.337
#### prediction torch.Size([192, 4])
Epoch [10/11] Step [1056/1241] Loss: 0.2189 Time: 538.791
#### prediction torch.Size([192, 4])
Epoch [10/11] Step [1089/1241] Loss: 0.1346 Time: 540.244
#### prediction torch.Size([192, 4])
Epoch [10/11] Step [1122/1241] Loss: 0.1519 Time: 541.701
#### prediction torch.Size([192, 4])
Epoch [10/11] Step [1155/1241] Loss: 0.1593 Time: 543.156
#### prediction torch.Size([192, 4])
Epoch [10/11] Step [1188/1241] Loss: 0.1174 Time: 544.609
#### prediction torch.Size([192, 4])
Epoch [10/11] Step [1221/1241] Loss: 0.2252 Time: 546.233
#### TRAINED MODEL ResNet1D model training time: 601.865 total training time: 605.556 ####
#### TRAINING TOTAL TIME: 601.866 ####
Accuracy of the ResNet1D model on the test set: 41.050564 %
#### TESTING TOTAL TIME: 4.514 ####
#### TIME #### TERMINO #### 37058.755 ####
#### FINITO #### TERMINO #### NO-VA-MAS ####
#### TIMES #### modelling TOTAL TOTAL ==>> 37058.755 seconds
#### #### READING DATA FILES #### ####
426 511 #### COMBI [reg, sid, ban, sec, men, med, sum, max, bet, mmm, htp, hhh, aei] METRICS ####
('Plantation', '/home/vargas/repos/forests-sounds-vargas/out/data/extraction/Plantation/2_00_PSA0010-2010_dict_y_split_7_2512283_1736694580.pkl')
(297840, 13) Index(['reg', 'sid', 'ban', 'sec', 'men', 'med', 'sum', 'max', 'bet', 'mmm',
       'htp'],
      dtype='object') Index(['ban', 'sec', 'men', 'med', 'sum', 'max', 'bet', 'mmm', 'htp', 'hhh',
       'aei'],
      dtype='object')
#### MERGE 68 merge_data Dataframe shape: (297840, 13) #### time: 626
#### #### SPLIT TRAIN TEST #### ####
#### CLASSES: [0 1 2 3] TOTAL 4
#### SPLIT train_test_split and CUDA: ??? cuda:0 #### time: 35
#### MODELS - TOTAL 1 ####
#### EPOCHS 11 ####
#### TRAINING MODELS ####
#### TRAINING MODEL ResNet1D ####
#### prediction torch.Size([192, 4])
Epoch [10/11] Step [33/1241] Loss: 0.1302 Time: 494.957
#### prediction torch.Size([192, 4])
Epoch [10/11] Step [66/1241] Loss: 0.1542 Time: 496.412
#### prediction torch.Size([192, 4])
Epoch [10/11] Step [99/1241] Loss: 0.0901 Time: 497.868
#### prediction torch.Size([192, 4])
Epoch [10/11] Step [132/1241] Loss: 0.0657 Time: 499.322
#### prediction torch.Size([192, 4])
Epoch [10/11] Step [165/1241] Loss: 0.0723 Time: 500.776
#### prediction torch.Size([192, 4])
Epoch [10/11] Step [198/1241] Loss: 0.2212 Time: 502.231
#### prediction torch.Size([192, 4])
Epoch [10/11] Step [231/1241] Loss: 0.0980 Time: 503.685
#### prediction torch.Size([192, 4])
Epoch [10/11] Step [264/1241] Loss: 0.2006 Time: 505.138
#### prediction torch.Size([192, 4])
Epoch [10/11] Step [297/1241] Loss: 0.0568 Time: 506.592
#### prediction torch.Size([192, 4])
Epoch [10/11] Step [330/1241] Loss: 0.0903 Time: 508.047
#### prediction torch.Size([192, 4])
Epoch [10/11] Step [363/1241] Loss: 0.1161 Time: 509.502
#### prediction torch.Size([192, 4])
Epoch [10/11] Step [396/1241] Loss: 0.1205 Time: 510.959
#### prediction torch.Size([192, 4])
Epoch [10/11] Step [429/1241] Loss: 0.0621 Time: 512.415
#### prediction torch.Size([192, 4])
Epoch [10/11] Step [462/1241] Loss: 0.0602 Time: 513.869
#### prediction torch.Size([192, 4])
Epoch [10/11] Step [495/1241] Loss: 0.0914 Time: 515.324
#### prediction torch.Size([192, 4])
Epoch [10/11] Step [528/1241] Loss: 0.1798 Time: 516.781
#### prediction torch.Size([192, 4])
Epoch [10/11] Step [561/1241] Loss: 0.1477 Time: 518.237
#### prediction torch.Size([192, 4])
Epoch [10/11] Step [594/1241] Loss: 0.0445 Time: 519.691
#### prediction torch.Size([192, 4])
Epoch [10/11] Step [627/1241] Loss: 0.0526 Time: 521.145
#### prediction torch.Size([192, 4])
Epoch [10/11] Step [660/1241] Loss: 0.0754 Time: 522.6
#### prediction torch.Size([192, 4])
Epoch [10/11] Step [693/1241] Loss: 0.1037 Time: 524.054
#### prediction torch.Size([192, 4])
Epoch [10/11] Step [726/1241] Loss: 0.0961 Time: 525.517
#### prediction torch.Size([192, 4])
Epoch [10/11] Step [759/1241] Loss: 0.0854 Time: 526.973
#### prediction torch.Size([192, 4])
Epoch [10/11] Step [792/1241] Loss: 0.0584 Time: 528.428
#### prediction torch.Size([192, 4])
Epoch [10/11] Step [825/1241] Loss: 0.0644 Time: 529.881
#### prediction torch.Size([192, 4])
Epoch [10/11] Step [858/1241] Loss: 0.1129 Time: 531.334
#### prediction torch.Size([192, 4])
Epoch [10/11] Step [891/1241] Loss: 0.0417 Time: 532.789
#### prediction torch.Size([192, 4])
Epoch [10/11] Step [924/1241] Loss: 0.0724 Time: 534.243
#### prediction torch.Size([192, 4])
Epoch [10/11] Step [957/1241] Loss: 0.0652 Time: 535.697
#### prediction torch.Size([192, 4])
Epoch [10/11] Step [990/1241] Loss: 0.1265 Time: 537.151
#### prediction torch.Size([192, 4])
Epoch [10/11] Step [1023/1241] Loss: 0.1875 Time: 538.604
#### prediction torch.Size([192, 4])
Epoch [10/11] Step [1056/1241] Loss: 0.1855 Time: 540.058
#### prediction torch.Size([192, 4])
Epoch [10/11] Step [1089/1241] Loss: 0.1264 Time: 541.516
#### prediction torch.Size([192, 4])
Epoch [10/11] Step [1122/1241] Loss: 0.0997 Time: 542.972
#### prediction torch.Size([192, 4])
Epoch [10/11] Step [1155/1241] Loss: 0.0592 Time: 544.426
#### prediction torch.Size([192, 4])
Epoch [10/11] Step [1188/1241] Loss: 0.1709 Time: 545.88
#### prediction torch.Size([192, 4])
Epoch [10/11] Step [1221/1241] Loss: 0.0480 Time: 547.336
#### TRAINED MODEL ResNet1D model training time: 603.15 total training time: 606.83 ####
#### TRAINING TOTAL TIME: 603.151 ####
Accuracy of the ResNet1D model on the test set: 75.493554 %
#### TESTING TOTAL TIME: 4.518 ####
#### TIME #### TERMINO #### 37721.466 ####
#### FINITO #### TERMINO #### NO-VA-MAS ####
#### TIMES #### modelling TOTAL TOTAL ==>> 37721.466 seconds
#### #### READING DATA FILES #### ####
427 511 #### COMBI [reg, sid, ban, sec, men, med, sum, max, bet, npp, hfq, htp, hhh] METRICS ####
('Plantation', '/home/vargas/repos/forests-sounds-vargas/out/data/extraction/Plantation/2_00_PSA0010-2010_dict_y_split_7_2512283_1736694580.pkl')
(297840, 13) Index(['reg', 'sid', 'ban', 'sec', 'men', 'med', 'sum', 'max', 'bet', 'npp',
       'hfq'],
      dtype='object') Index(['ban', 'sec', 'men', 'med', 'sum', 'max', 'bet', 'npp', 'hfq', 'htp',
       'hhh'],
      dtype='object')
#### MERGE 68 merge_data Dataframe shape: (297840, 13) #### time: 625
#### #### SPLIT TRAIN TEST #### ####
#### CLASSES: [0 1 2 3] TOTAL 4
#### SPLIT train_test_split and CUDA: ??? cuda:0 #### time: 35
#### MODELS - TOTAL 1 ####
#### EPOCHS 11 ####
#### TRAINING MODELS ####
#### TRAINING MODEL ResNet1D ####
#### prediction torch.Size([192, 4])
Epoch [10/11] Step [33/1241] Loss: 0.1153 Time: 495.533
#### prediction torch.Size([192, 4])
Epoch [10/11] Step [66/1241] Loss: 0.0995 Time: 496.988
#### prediction torch.Size([192, 4])
Epoch [10/11] Step [99/1241] Loss: 0.1296 Time: 498.445
#### prediction torch.Size([192, 4])
Epoch [10/11] Step [132/1241] Loss: 0.1279 Time: 499.901
#### prediction torch.Size([192, 4])
Epoch [10/11] Step [165/1241] Loss: 0.0898 Time: 501.357
#### prediction torch.Size([192, 4])
Epoch [10/11] Step [198/1241] Loss: 0.1336 Time: 502.812
#### prediction torch.Size([192, 4])
Epoch [10/11] Step [231/1241] Loss: 0.1322 Time: 504.268
#### prediction torch.Size([192, 4])
Epoch [10/11] Step [264/1241] Loss: 0.0930 Time: 505.723
#### prediction torch.Size([192, 4])
Epoch [10/11] Step [297/1241] Loss: 0.1011 Time: 507.178
#### prediction torch.Size([192, 4])
Epoch [10/11] Step [330/1241] Loss: 0.1446 Time: 508.633
#### prediction torch.Size([192, 4])
Epoch [10/11] Step [363/1241] Loss: 0.0849 Time: 510.088
#### prediction torch.Size([192, 4])
Epoch [10/11] Step [396/1241] Loss: 0.0973 Time: 511.546
#### prediction torch.Size([192, 4])
Epoch [10/11] Step [429/1241] Loss: 0.1309 Time: 513.001
#### prediction torch.Size([192, 4])
Epoch [10/11] Step [462/1241] Loss: 0.1165 Time: 514.456
#### prediction torch.Size([192, 4])
Epoch [10/11] Step [495/1241] Loss: 0.0830 Time: 515.913
#### prediction torch.Size([192, 4])
Epoch [10/11] Step [528/1241] Loss: 0.1101 Time: 517.369
#### prediction torch.Size([192, 4])
Epoch [10/11] Step [561/1241] Loss: 0.0962 Time: 518.826
#### prediction torch.Size([192, 4])
Epoch [10/11] Step [594/1241] Loss: 0.1556 Time: 520.282
#### prediction torch.Size([192, 4])
Epoch [10/11] Step [627/1241] Loss: 0.0604 Time: 521.738
#### prediction torch.Size([192, 4])
Epoch [10/11] Step [660/1241] Loss: 0.1453 Time: 523.194
#### prediction torch.Size([192, 4])
Epoch [10/11] Step [693/1241] Loss: 0.1406 Time: 524.654
#### prediction torch.Size([192, 4])
Epoch [10/11] Step [726/1241] Loss: 0.0836 Time: 526.286
#### prediction torch.Size([192, 4])
Epoch [10/11] Step [759/1241] Loss: 0.1346 Time: 527.742
#### prediction torch.Size([192, 4])
Epoch [10/11] Step [792/1241] Loss: 0.1009 Time: 529.199
#### prediction torch.Size([192, 4])
Epoch [10/11] Step [825/1241] Loss: 0.1009 Time: 530.655
#### prediction torch.Size([192, 4])
Epoch [10/11] Step [858/1241] Loss: 0.1039 Time: 532.112
#### prediction torch.Size([192, 4])
Epoch [10/11] Step [891/1241] Loss: 0.0965 Time: 533.568
#### prediction torch.Size([192, 4])
Epoch [10/11] Step [924/1241] Loss: 0.1170 Time: 535.022
#### prediction torch.Size([192, 4])
Epoch [10/11] Step [957/1241] Loss: 0.1096 Time: 536.479
#### prediction torch.Size([192, 4])
Epoch [10/11] Step [990/1241] Loss: 0.1217 Time: 537.933
#### prediction torch.Size([192, 4])
Epoch [10/11] Step [1023/1241] Loss: 0.1150 Time: 539.39
#### prediction torch.Size([192, 4])
Epoch [10/11] Step [1056/1241] Loss: 0.1410 Time: 540.846
#### prediction torch.Size([192, 4])
Epoch [10/11] Step [1089/1241] Loss: 0.0921 Time: 542.306
#### prediction torch.Size([192, 4])
Epoch [10/11] Step [1122/1241] Loss: 0.1254 Time: 543.763
#### prediction torch.Size([192, 4])
Epoch [10/11] Step [1155/1241] Loss: 0.1082 Time: 545.218
#### prediction torch.Size([192, 4])
Epoch [10/11] Step [1188/1241] Loss: 0.1132 Time: 546.677
#### prediction torch.Size([192, 4])
Epoch [10/11] Step [1221/1241] Loss: 0.0800 Time: 548.133
#### TRAINED MODEL ResNet1D model training time: 603.79 total training time: 607.157 ####
#### TRAINING TOTAL TIME: 603.791 ####
Accuracy of the ResNet1D model on the test set: 91.653237 %
#### TESTING TOTAL TIME: 4.503 ####
#### TIME #### TERMINO #### 38382.271 ####
#### FINITO #### TERMINO #### NO-VA-MAS ####
#### TIMES #### modelling TOTAL TOTAL ==>> 38382.271 seconds
#### #### READING DATA FILES #### ####
428 511 #### COMBI [reg, sid, ban, sec, men, med, sum, max, bet, npp, hfq, htp, aei] METRICS ####
('Plantation', '/home/vargas/repos/forests-sounds-vargas/out/data/extraction/Plantation/2_00_PSA0010-2010_dict_y_split_7_2512283_1736694580.pkl')
(297840, 13) Index(['reg', 'sid', 'ban', 'sec', 'men', 'med', 'sum', 'max', 'bet', 'npp',
       'hfq'],
      dtype='object') Index(['ban', 'sec', 'men', 'med', 'sum', 'max', 'bet', 'npp', 'hfq', 'htp',
       'aei'],
      dtype='object')
#### MERGE 68 merge_data Dataframe shape: (297840, 13) #### time: 624
#### #### SPLIT TRAIN TEST #### ####
#### CLASSES: [0 1 2 3] TOTAL 4
#### SPLIT train_test_split and CUDA: ??? cuda:0 #### time: 35
#### MODELS - TOTAL 1 ####
#### EPOCHS 11 ####
#### TRAINING MODELS ####
#### TRAINING MODEL ResNet1D ####
#### prediction torch.Size([192, 4])
Epoch [10/11] Step [33/1241] Loss: 0.1294 Time: 495.44
#### prediction torch.Size([192, 4])
Epoch [10/11] Step [66/1241] Loss: 0.1477 Time: 496.897
#### prediction torch.Size([192, 4])
Epoch [10/11] Step [99/1241] Loss: 0.1406 Time: 498.354
#### prediction torch.Size([192, 4])
Epoch [10/11] Step [132/1241] Loss: 0.1089 Time: 499.811
#### prediction torch.Size([192, 4])
Epoch [10/11] Step [165/1241] Loss: 0.1401 Time: 501.267
#### prediction torch.Size([192, 4])
Epoch [10/11] Step [198/1241] Loss: 0.1099 Time: 502.724
#### prediction torch.Size([192, 4])
Epoch [10/11] Step [231/1241] Loss: 0.0855 Time: 504.18
#### prediction torch.Size([192, 4])
Epoch [10/11] Step [264/1241] Loss: 0.1235 Time: 505.637
#### prediction torch.Size([192, 4])
Epoch [10/11] Step [297/1241] Loss: 0.1043 Time: 507.093
#### prediction torch.Size([192, 4])
Epoch [10/11] Step [330/1241] Loss: 0.1606 Time: 508.549
#### prediction torch.Size([192, 4])
Epoch [10/11] Step [363/1241] Loss: 0.1077 Time: 510.006
#### prediction torch.Size([192, 4])
Epoch [10/11] Step [396/1241] Loss: 0.1140 Time: 511.463
#### prediction torch.Size([192, 4])
Epoch [10/11] Step [429/1241] Loss: 0.1341 Time: 512.922
#### prediction torch.Size([192, 4])
Epoch [10/11] Step [462/1241] Loss: 0.1079 Time: 514.387
#### prediction torch.Size([192, 4])
Epoch [10/11] Step [495/1241] Loss: 0.1253 Time: 515.846
#### prediction torch.Size([192, 4])
Epoch [10/11] Step [528/1241] Loss: 0.0896 Time: 517.3
#### prediction torch.Size([192, 4])
Epoch [10/11] Step [561/1241] Loss: 0.0919 Time: 518.752
#### prediction torch.Size([192, 4])
Epoch [10/11] Step [594/1241] Loss: 0.1351 Time: 520.205
#### prediction torch.Size([192, 4])
Epoch [10/11] Step [627/1241] Loss: 0.1436 Time: 521.657
#### prediction torch.Size([192, 4])
Epoch [10/11] Step [660/1241] Loss: 0.1142 Time: 523.109
#### prediction torch.Size([192, 4])
Epoch [10/11] Step [693/1241] Loss: 0.1606 Time: 524.565
#### prediction torch.Size([192, 4])
Epoch [10/11] Step [726/1241] Loss: 0.1217 Time: 526.018
#### prediction torch.Size([192, 4])
Epoch [10/11] Step [759/1241] Loss: 0.1002 Time: 527.471
#### prediction torch.Size([192, 4])
Epoch [10/11] Step [792/1241] Loss: 0.1463 Time: 528.924
#### prediction torch.Size([192, 4])
Epoch [10/11] Step [825/1241] Loss: 0.0979 Time: 530.377
#### prediction torch.Size([192, 4])
Epoch [10/11] Step [858/1241] Loss: 0.1451 Time: 531.83
#### prediction torch.Size([192, 4])
Epoch [10/11] Step [891/1241] Loss: 0.0959 Time: 533.282
#### prediction torch.Size([192, 4])
Epoch [10/11] Step [924/1241] Loss: 0.1064 Time: 534.735
#### prediction torch.Size([192, 4])
Epoch [10/11] Step [957/1241] Loss: 0.1320 Time: 536.186
#### prediction torch.Size([192, 4])
Epoch [10/11] Step [990/1241] Loss: 0.1234 Time: 537.639
#### prediction torch.Size([192, 4])
Epoch [10/11] Step [1023/1241] Loss: 0.1846 Time: 539.091
#### prediction torch.Size([192, 4])
Epoch [10/11] Step [1056/1241] Loss: 0.1223 Time: 540.544
#### prediction torch.Size([192, 4])
Epoch [10/11] Step [1089/1241] Loss: 0.1174 Time: 541.999
#### prediction torch.Size([192, 4])
Epoch [10/11] Step [1122/1241] Loss: 0.1473 Time: 543.451
#### prediction torch.Size([192, 4])
Epoch [10/11] Step [1155/1241] Loss: 0.1079 Time: 544.905
#### prediction torch.Size([192, 4])
Epoch [10/11] Step [1188/1241] Loss: 0.1490 Time: 546.357
#### prediction torch.Size([192, 4])
Epoch [10/11] Step [1221/1241] Loss: 0.1115 Time: 547.81
#### TRAINED MODEL ResNet1D model training time: 603.577 total training time: 607.318 ####
#### TRAINING TOTAL TIME: 603.578 ####
Accuracy of the ResNet1D model on the test set: 91.534045 %
#### TESTING TOTAL TIME: 4.51 ####
#### TIME #### TERMINO #### 39042.537 ####
#### FINITO #### TERMINO #### NO-VA-MAS ####
#### TIMES #### modelling TOTAL TOTAL ==>> 39042.537 seconds
#### #### READING DATA FILES #### ####
429 511 #### COMBI [reg, sid, ban, sec, men, med, sum, max, bet, npp, hfq, hhh, aei] METRICS ####
('Plantation', '/home/vargas/repos/forests-sounds-vargas/out/data/extraction/Plantation/2_00_PSA0010-2010_dict_y_split_7_2512283_1736694580.pkl')
(297840, 13) Index(['reg', 'sid', 'ban', 'sec', 'men', 'med', 'sum', 'max', 'bet', 'npp',
       'hfq'],
      dtype='object') Index(['ban', 'sec', 'men', 'med', 'sum', 'max', 'bet', 'npp', 'hfq', 'hhh',
       'aei'],
      dtype='object')
#### MERGE 68 merge_data Dataframe shape: (297840, 13) #### time: 626
#### #### SPLIT TRAIN TEST #### ####
#### CLASSES: [0 1 2 3] TOTAL 4
#### SPLIT train_test_split and CUDA: ??? cuda:0 #### time: 35
#### MODELS - TOTAL 1 ####
#### EPOCHS 11 ####
#### TRAINING MODELS ####
#### TRAINING MODEL ResNet1D ####
#### prediction torch.Size([192, 4])
Epoch [10/11] Step [33/1241] Loss: 0.1094 Time: 494.641
#### prediction torch.Size([192, 4])
Epoch [10/11] Step [66/1241] Loss: 0.2335 Time: 496.097
#### prediction torch.Size([192, 4])
Epoch [10/11] Step [99/1241] Loss: 0.1077 Time: 497.55
#### prediction torch.Size([192, 4])
Epoch [10/11] Step [132/1241] Loss: 0.0988 Time: 499.003
#### prediction torch.Size([192, 4])
Epoch [10/11] Step [165/1241] Loss: 0.1121 Time: 500.458
#### prediction torch.Size([192, 4])
Epoch [10/11] Step [198/1241] Loss: 0.1425 Time: 502.084
#### prediction torch.Size([192, 4])
Epoch [10/11] Step [231/1241] Loss: 0.1126 Time: 503.538
#### prediction torch.Size([192, 4])
Epoch [10/11] Step [264/1241] Loss: 0.1381 Time: 504.993
#### prediction torch.Size([192, 4])
Epoch [10/11] Step [297/1241] Loss: 0.1424 Time: 506.448
#### prediction torch.Size([192, 4])
Epoch [10/11] Step [330/1241] Loss: 0.1478 Time: 507.902
#### prediction torch.Size([192, 4])
Epoch [10/11] Step [363/1241] Loss: 0.1463 Time: 509.355
#### prediction torch.Size([192, 4])
Epoch [10/11] Step [396/1241] Loss: 0.1430 Time: 510.812
#### prediction torch.Size([192, 4])
Epoch [10/11] Step [429/1241] Loss: 0.1106 Time: 512.268
#### prediction torch.Size([192, 4])
Epoch [10/11] Step [462/1241] Loss: 0.1136 Time: 513.724
#### prediction torch.Size([192, 4])
Epoch [10/11] Step [495/1241] Loss: 0.1376 Time: 515.179
#### prediction torch.Size([192, 4])
Epoch [10/11] Step [528/1241] Loss: 0.1268 Time: 516.633
#### prediction torch.Size([192, 4])
Epoch [10/11] Step [561/1241] Loss: 0.0911 Time: 518.088
#### prediction torch.Size([192, 4])
Epoch [10/11] Step [594/1241] Loss: 0.0950 Time: 519.542
#### prediction torch.Size([192, 4])
Epoch [10/11] Step [627/1241] Loss: 0.1085 Time: 520.996
#### prediction torch.Size([192, 4])
Epoch [10/11] Step [660/1241] Loss: 0.1340 Time: 522.458
#### prediction torch.Size([192, 4])
Epoch [10/11] Step [693/1241] Loss: 0.2065 Time: 523.914
#### prediction torch.Size([192, 4])
Epoch [10/11] Step [726/1241] Loss: 0.1450 Time: 525.371
#### prediction torch.Size([192, 4])
Epoch [10/11] Step [759/1241] Loss: 0.1111 Time: 526.824
#### prediction torch.Size([192, 4])
Epoch [10/11] Step [792/1241] Loss: 0.1379 Time: 528.277
#### prediction torch.Size([192, 4])
Epoch [10/11] Step [825/1241] Loss: 0.1186 Time: 529.73
#### prediction torch.Size([192, 4])
Epoch [10/11] Step [858/1241] Loss: 0.1000 Time: 531.184
#### prediction torch.Size([192, 4])
Epoch [10/11] Step [891/1241] Loss: 0.2399 Time: 532.639
#### prediction torch.Size([192, 4])
Epoch [10/11] Step [924/1241] Loss: 0.1124 Time: 534.092
#### prediction torch.Size([192, 4])
Epoch [10/11] Step [957/1241] Loss: 0.0834 Time: 535.547
#### prediction torch.Size([192, 4])
Epoch [10/11] Step [990/1241] Loss: 0.1557 Time: 537.002
#### prediction torch.Size([192, 4])
Epoch [10/11] Step [1023/1241] Loss: 0.1539 Time: 538.455
#### prediction torch.Size([192, 4])
Epoch [10/11] Step [1056/1241] Loss: 0.1249 Time: 539.907
#### prediction torch.Size([192, 4])
Epoch [10/11] Step [1089/1241] Loss: 0.1221 Time: 541.367
#### prediction torch.Size([192, 4])
Epoch [10/11] Step [1122/1241] Loss: 0.1051 Time: 542.821
#### prediction torch.Size([192, 4])
Epoch [10/11] Step [1155/1241] Loss: 0.1425 Time: 544.275
#### prediction torch.Size([192, 4])
Epoch [10/11] Step [1188/1241] Loss: 0.1320 Time: 545.729
#### prediction torch.Size([192, 4])
Epoch [10/11] Step [1221/1241] Loss: 0.1124 Time: 547.183
#### TRAINED MODEL ResNet1D model training time: 602.964 total training time: 606.248 ####
#### TRAINING TOTAL TIME: 602.965 ####
Accuracy of the ResNet1D model on the test set: 94.026994 %
#### TESTING TOTAL TIME: 4.506 ####
#### TIME #### TERMINO #### 39703.385 ####
#### FINITO #### TERMINO #### NO-VA-MAS ####
#### TIMES #### modelling TOTAL TOTAL ==>> 39703.385 seconds
#### #### READING DATA FILES #### ####
430 511 #### COMBI [reg, sid, ban, sec, men, med, sum, max, bet, npp, htp, hhh, aei] METRICS ####
('Plantation', '/home/vargas/repos/forests-sounds-vargas/out/data/extraction/Plantation/2_00_PSA0010-2010_dict_y_split_7_2512283_1736694580.pkl')
(297840, 13) Index(['reg', 'sid', 'ban', 'sec', 'men', 'med', 'sum', 'max', 'bet', 'npp',
       'htp'],
      dtype='object') Index(['ban', 'sec', 'men', 'med', 'sum', 'max', 'bet', 'npp', 'htp', 'hhh',
       'aei'],
      dtype='object')
#### MERGE 68 merge_data Dataframe shape: (297840, 13) #### time: 625
#### #### SPLIT TRAIN TEST #### ####
#### CLASSES: [0 1 2 3] TOTAL 4
#### SPLIT train_test_split and CUDA: ??? cuda:0 #### time: 34
#### MODELS - TOTAL 1 ####
#### EPOCHS 11 ####
#### TRAINING MODELS ####
#### TRAINING MODEL ResNet1D ####
#### prediction torch.Size([192, 4])
Epoch [10/11] Step [33/1241] Loss: 0.0587 Time: 494.523
#### prediction torch.Size([192, 4])
Epoch [10/11] Step [66/1241] Loss: 0.0956 Time: 495.978
#### prediction torch.Size([192, 4])
Epoch [10/11] Step [99/1241] Loss: 0.1011 Time: 497.434
#### prediction torch.Size([192, 4])
Epoch [10/11] Step [132/1241] Loss: 0.1038 Time: 498.887
#### prediction torch.Size([192, 4])
Epoch [10/11] Step [165/1241] Loss: 0.1188 Time: 500.34
#### prediction torch.Size([192, 4])
Epoch [10/11] Step [198/1241] Loss: 0.0661 Time: 501.795
#### prediction torch.Size([192, 4])
Epoch [10/11] Step [231/1241] Loss: 0.0961 Time: 503.248
#### prediction torch.Size([192, 4])
Epoch [10/11] Step [264/1241] Loss: 0.1012 Time: 504.702
#### prediction torch.Size([192, 4])
Epoch [10/11] Step [297/1241] Loss: 0.0866 Time: 506.155
#### prediction torch.Size([192, 4])
Epoch [10/11] Step [330/1241] Loss: 0.1451 Time: 507.61
#### prediction torch.Size([192, 4])
Epoch [10/11] Step [363/1241] Loss: 0.0998 Time: 509.064
#### prediction torch.Size([192, 4])
Epoch [10/11] Step [396/1241] Loss: 0.1112 Time: 510.518
#### prediction torch.Size([192, 4])
Epoch [10/11] Step [429/1241] Loss: 0.1082 Time: 511.974
#### prediction torch.Size([192, 4])
Epoch [10/11] Step [462/1241] Loss: 0.0867 Time: 513.428
#### prediction torch.Size([192, 4])
Epoch [10/11] Step [495/1241] Loss: 0.0965 Time: 514.881
#### prediction torch.Size([192, 4])
Epoch [10/11] Step [528/1241] Loss: 0.0886 Time: 516.335
#### prediction torch.Size([192, 4])
Epoch [10/11] Step [561/1241] Loss: 0.1039 Time: 517.789
#### prediction torch.Size([192, 4])
Epoch [10/11] Step [594/1241] Loss: 0.1476 Time: 519.242
#### prediction torch.Size([192, 4])
Epoch [10/11] Step [627/1241] Loss: 0.1133 Time: 520.696
#### prediction torch.Size([192, 4])
Epoch [10/11] Step [660/1241] Loss: 0.1012 Time: 522.158
#### prediction torch.Size([192, 4])
Epoch [10/11] Step [693/1241] Loss: 0.0578 Time: 523.614
#### prediction torch.Size([192, 4])
Epoch [10/11] Step [726/1241] Loss: 0.0971 Time: 525.068
#### prediction torch.Size([192, 4])
Epoch [10/11] Step [759/1241] Loss: 0.0677 Time: 526.522
#### prediction torch.Size([192, 4])
Epoch [10/11] Step [792/1241] Loss: 0.1264 Time: 527.976
#### prediction torch.Size([192, 4])
Epoch [10/11] Step [825/1241] Loss: 0.0884 Time: 529.429
#### prediction torch.Size([192, 4])
Epoch [10/11] Step [858/1241] Loss: 0.0992 Time: 530.882
#### prediction torch.Size([192, 4])
Epoch [10/11] Step [891/1241] Loss: 0.0962 Time: 532.336
#### prediction torch.Size([192, 4])
Epoch [10/11] Step [924/1241] Loss: 0.0799 Time: 533.789
#### prediction torch.Size([192, 4])
Epoch [10/11] Step [957/1241] Loss: 0.0891 Time: 535.243
#### prediction torch.Size([192, 4])
Epoch [10/11] Step [990/1241] Loss: 0.1372 Time: 536.696
#### prediction torch.Size([192, 4])
Epoch [10/11] Step [1023/1241] Loss: 0.0716 Time: 538.322
#### prediction torch.Size([192, 4])
Epoch [10/11] Step [1056/1241] Loss: 0.0993 Time: 539.776
#### prediction torch.Size([192, 4])
Epoch [10/11] Step [1089/1241] Loss: 0.0829 Time: 541.233
#### prediction torch.Size([192, 4])
Epoch [10/11] Step [1122/1241] Loss: 0.0602 Time: 542.686
#### prediction torch.Size([192, 4])
Epoch [10/11] Step [1155/1241] Loss: 0.0845 Time: 544.14
#### prediction torch.Size([192, 4])
Epoch [10/11] Step [1188/1241] Loss: 0.0952 Time: 545.595
#### prediction torch.Size([192, 4])
Epoch [10/11] Step [1221/1241] Loss: 0.0928 Time: 547.05
#### TRAINED MODEL ResNet1D model training time: 602.657 total training time: 606.06 ####
#### TRAINING TOTAL TIME: 602.657 ####
Accuracy of the ResNet1D model on the test set: 92.116573 %
#### TESTING TOTAL TIME: 4.512 ####
#### TIME #### TERMINO #### 40363.429 ####
#### FINITO #### TERMINO #### NO-VA-MAS ####
#### TIMES #### modelling TOTAL TOTAL ==>> 40363.429 seconds
#### #### READING DATA FILES #### ####
431 511 #### COMBI [reg, sid, ban, sec, men, med, sum, max, bet, hfq, htp, hhh, aei] METRICS ####
('Plantation', '/home/vargas/repos/forests-sounds-vargas/out/data/extraction/Plantation/2_00_PSA0010-2010_dict_y_split_7_2512283_1736694580.pkl')
(297840, 13) Index(['reg', 'sid', 'ban', 'sec', 'men', 'med', 'sum', 'max', 'bet', 'hfq',
       'htp'],
      dtype='object') Index(['ban', 'sec', 'men', 'med', 'sum', 'max', 'bet', 'hfq', 'htp', 'hhh',
       'aei'],
      dtype='object')
#### MERGE 68 merge_data Dataframe shape: (297840, 13) #### time: 626
#### #### SPLIT TRAIN TEST #### ####
#### CLASSES: [0 1 2 3] TOTAL 4
#### SPLIT train_test_split and CUDA: ??? cuda:0 #### time: 35
#### MODELS - TOTAL 1 ####
#### EPOCHS 11 ####
#### TRAINING MODELS ####
#### TRAINING MODEL ResNet1D ####
#### prediction torch.Size([192, 4])
Epoch [10/11] Step [33/1241] Loss: 0.0817 Time: 494.981
#### prediction torch.Size([192, 4])
Epoch [10/11] Step [66/1241] Loss: 0.0983 Time: 496.433
#### prediction torch.Size([192, 4])
Epoch [10/11] Step [99/1241] Loss: 0.0783 Time: 497.887
#### prediction torch.Size([192, 4])
Epoch [10/11] Step [132/1241] Loss: 0.1468 Time: 499.339
#### prediction torch.Size([192, 4])
Epoch [10/11] Step [165/1241] Loss: 0.1009 Time: 500.791
#### prediction torch.Size([192, 4])
Epoch [10/11] Step [198/1241] Loss: 0.0756 Time: 502.242
#### prediction torch.Size([192, 4])
Epoch [10/11] Step [231/1241] Loss: 0.0628 Time: 503.694
#### prediction torch.Size([192, 4])
Epoch [10/11] Step [264/1241] Loss: 0.1106 Time: 505.145
#### prediction torch.Size([192, 4])
Epoch [10/11] Step [297/1241] Loss: 0.1287 Time: 506.597
#### prediction torch.Size([192, 4])
Epoch [10/11] Step [330/1241] Loss: 0.0747 Time: 508.049
#### prediction torch.Size([192, 4])
Epoch [10/11] Step [363/1241] Loss: 0.1021 Time: 509.501
#### prediction torch.Size([192, 4])
Epoch [10/11] Step [396/1241] Loss: 0.0583 Time: 510.954
#### prediction torch.Size([192, 4])
Epoch [10/11] Step [429/1241] Loss: 0.1205 Time: 512.407
#### prediction torch.Size([192, 4])
Epoch [10/11] Step [462/1241] Loss: 0.0880 Time: 513.86
#### prediction torch.Size([192, 4])
Epoch [10/11] Step [495/1241] Loss: 0.0961 Time: 515.312
#### prediction torch.Size([192, 4])
Epoch [10/11] Step [528/1241] Loss: 0.0736 Time: 516.764
#### prediction torch.Size([192, 4])
Epoch [10/11] Step [561/1241] Loss: 0.1027 Time: 518.215
#### prediction torch.Size([192, 4])
Epoch [10/11] Step [594/1241] Loss: 0.0901 Time: 519.667
#### prediction torch.Size([192, 4])
Epoch [10/11] Step [627/1241] Loss: 0.1238 Time: 521.125
#### prediction torch.Size([192, 4])
Epoch [10/11] Step [660/1241] Loss: 0.0721 Time: 522.579
#### prediction torch.Size([192, 4])
Epoch [10/11] Step [693/1241] Loss: 0.0748 Time: 524.032
#### prediction torch.Size([192, 4])
Epoch [10/11] Step [726/1241] Loss: 0.0834 Time: 525.483
#### prediction torch.Size([192, 4])
Epoch [10/11] Step [759/1241] Loss: 0.0686 Time: 526.936
#### prediction torch.Size([192, 4])
Epoch [10/11] Step [792/1241] Loss: 0.1445 Time: 528.388
#### prediction torch.Size([192, 4])
Epoch [10/11] Step [825/1241] Loss: 0.1093 Time: 529.839
#### prediction torch.Size([192, 4])
Epoch [10/11] Step [858/1241] Loss: 0.1009 Time: 531.291
#### prediction torch.Size([192, 4])
Epoch [10/11] Step [891/1241] Loss: 0.0791 Time: 532.744
#### prediction torch.Size([192, 4])
Epoch [10/11] Step [924/1241] Loss: 0.0864 Time: 534.196
#### prediction torch.Size([192, 4])
Epoch [10/11] Step [957/1241] Loss: 0.1002 Time: 535.648
#### prediction torch.Size([192, 4])
Epoch [10/11] Step [990/1241] Loss: 0.0693 Time: 537.1
#### prediction torch.Size([192, 4])
Epoch [10/11] Step [1023/1241] Loss: 0.0853 Time: 538.552
#### prediction torch.Size([192, 4])
Epoch [10/11] Step [1056/1241] Loss: 0.1091 Time: 540.005
#### prediction torch.Size([192, 4])
Epoch [10/11] Step [1089/1241] Loss: 0.0769 Time: 541.46
#### prediction torch.Size([192, 4])
Epoch [10/11] Step [1122/1241] Loss: 0.0863 Time: 542.914
#### prediction torch.Size([192, 4])
Epoch [10/11] Step [1155/1241] Loss: 0.0711 Time: 544.365
#### prediction torch.Size([192, 4])
Epoch [10/11] Step [1188/1241] Loss: 0.1508 Time: 545.817
#### prediction torch.Size([192, 4])
Epoch [10/11] Step [1221/1241] Loss: 0.0527 Time: 547.27
#### TRAINED MODEL ResNet1D model training time: 603.087 total training time: 606.529 ####
#### TRAINING TOTAL TIME: 603.087 ####
Accuracy of the ResNet1D model on the test set: 48.927276 %
#### TESTING TOTAL TIME: 4.496 ####
#### TIME #### TERMINO #### 41025.174 ####
#### FINITO #### TERMINO #### NO-VA-MAS ####
#### TIMES #### modelling TOTAL TOTAL ==>> 41025.174 seconds
#### #### READING DATA FILES #### ####
432 511 #### COMBI [reg, sid, ban, sec, men, med, sum, max, mmm, npp, hfq, htp, hhh] METRICS ####
('Plantation', '/home/vargas/repos/forests-sounds-vargas/out/data/extraction/Plantation/2_00_PSA0010-2010_dict_y_split_7_2512283_1736694580.pkl')
(297840, 13) Index(['reg', 'sid', 'ban', 'sec', 'men', 'med', 'sum', 'max', 'mmm', 'npp',
       'hfq'],
      dtype='object') Index(['ban', 'sec', 'men', 'med', 'sum', 'max', 'mmm', 'npp', 'hfq', 'htp',
       'hhh'],
      dtype='object')
#### MERGE 68 merge_data Dataframe shape: (297840, 13) #### time: 631
#### #### SPLIT TRAIN TEST #### ####
#### CLASSES: [0 1 2 3] TOTAL 4
#### SPLIT train_test_split and CUDA: ??? cuda:0 #### time: 35
#### MODELS - TOTAL 1 ####
#### EPOCHS 11 ####
#### TRAINING MODELS ####
#### TRAINING MODEL ResNet1D ####
#### prediction torch.Size([192, 4])
Epoch [10/11] Step [33/1241] Loss: 0.1030 Time: 493.225
#### prediction torch.Size([192, 4])
Epoch [10/11] Step [66/1241] Loss: 0.0595 Time: 494.677
#### prediction torch.Size([192, 4])
Epoch [10/11] Step [99/1241] Loss: 0.0644 Time: 496.13
#### prediction torch.Size([192, 4])
Epoch [10/11] Step [132/1241] Loss: 0.0724 Time: 497.584
#### prediction torch.Size([192, 4])
Epoch [10/11] Step [165/1241] Loss: 0.1104 Time: 499.032
#### prediction torch.Size([192, 4])
Epoch [10/11] Step [198/1241] Loss: 0.1078 Time: 500.48
#### prediction torch.Size([192, 4])
Epoch [10/11] Step [231/1241] Loss: 0.0723 Time: 501.929
#### prediction torch.Size([192, 4])
Epoch [10/11] Step [264/1241] Loss: 0.0773 Time: 503.376
#### prediction torch.Size([192, 4])
Epoch [10/11] Step [297/1241] Loss: 0.0930 Time: 504.826
#### prediction torch.Size([192, 4])
Epoch [10/11] Step [330/1241] Loss: 0.1082 Time: 506.274
#### prediction torch.Size([192, 4])
Epoch [10/11] Step [363/1241] Loss: 0.0539 Time: 507.722
#### prediction torch.Size([192, 4])
Epoch [10/11] Step [396/1241] Loss: 0.1384 Time: 509.169
#### prediction torch.Size([192, 4])
Epoch [10/11] Step [429/1241] Loss: 0.0718 Time: 510.617
#### prediction torch.Size([192, 4])
Epoch [10/11] Step [462/1241] Loss: 0.0592 Time: 512.065
#### prediction torch.Size([192, 4])
Epoch [10/11] Step [495/1241] Loss: 0.0559 Time: 513.513
#### prediction torch.Size([192, 4])
Epoch [10/11] Step [528/1241] Loss: 0.1247 Time: 515.145
#### prediction torch.Size([192, 4])
Epoch [10/11] Step [561/1241] Loss: 0.0751 Time: 516.593
#### prediction torch.Size([192, 4])
Epoch [10/11] Step [594/1241] Loss: 0.1074 Time: 518.043
#### prediction torch.Size([192, 4])
Epoch [10/11] Step [627/1241] Loss: 0.1136 Time: 519.491
#### prediction torch.Size([192, 4])
Epoch [10/11] Step [660/1241] Loss: 0.1464 Time: 520.939
#### prediction torch.Size([192, 4])
Epoch [10/11] Step [693/1241] Loss: 0.1218 Time: 522.388
#### prediction torch.Size([192, 4])
Epoch [10/11] Step [726/1241] Loss: 0.0458 Time: 523.835
#### prediction torch.Size([192, 4])
Epoch [10/11] Step [759/1241] Loss: 0.0983 Time: 525.284
#### prediction torch.Size([192, 4])
Epoch [10/11] Step [792/1241] Loss: 0.0818 Time: 526.733
#### prediction torch.Size([192, 4])
Epoch [10/11] Step [825/1241] Loss: 0.0700 Time: 528.181
#### prediction torch.Size([192, 4])
Epoch [10/11] Step [858/1241] Loss: 0.0924 Time: 529.63
#### prediction torch.Size([192, 4])
Epoch [10/11] Step [891/1241] Loss: 0.0816 Time: 531.078
#### prediction torch.Size([192, 4])
Epoch [10/11] Step [924/1241] Loss: 0.0908 Time: 532.526
#### prediction torch.Size([192, 4])
Epoch [10/11] Step [957/1241] Loss: 0.0786 Time: 533.974
#### prediction torch.Size([192, 4])
Epoch [10/11] Step [990/1241] Loss: 0.0723 Time: 535.426
#### prediction torch.Size([192, 4])
Epoch [10/11] Step [1023/1241] Loss: 0.0778 Time: 536.875
#### prediction torch.Size([192, 4])
Epoch [10/11] Step [1056/1241] Loss: 0.0710 Time: 538.322
#### prediction torch.Size([192, 4])
Epoch [10/11] Step [1089/1241] Loss: 0.0894 Time: 539.77
#### prediction torch.Size([192, 4])
Epoch [10/11] Step [1122/1241] Loss: 0.0911 Time: 541.219
#### prediction torch.Size([192, 4])
Epoch [10/11] Step [1155/1241] Loss: 0.0720 Time: 542.668
#### prediction torch.Size([192, 4])
Epoch [10/11] Step [1188/1241] Loss: 0.1198 Time: 544.123
#### prediction torch.Size([192, 4])
Epoch [10/11] Step [1221/1241] Loss: 0.1196 Time: 545.58
#### TRAINED MODEL ResNet1D model training time: 601.015 total training time: 604.514 ####
#### TRAINING TOTAL TIME: 601.015 ####
Accuracy of the ResNet1D model on the test set: 88.198362 %
#### TESTING TOTAL TIME: 4.708 ####
#### TIME #### TERMINO #### 41689.952 ####
#### FINITO #### TERMINO #### NO-VA-MAS ####
#### TIMES #### modelling TOTAL TOTAL ==>> 41689.952 seconds
#### #### READING DATA FILES #### ####
433 511 #### COMBI [reg, sid, ban, sec, men, med, sum, max, mmm, npp, hfq, htp, aei] METRICS ####
('Plantation', '/home/vargas/repos/forests-sounds-vargas/out/data/extraction/Plantation/2_00_PSA0010-2010_dict_y_split_7_2512283_1736694580.pkl')
(297840, 13) Index(['reg', 'sid', 'ban', 'sec', 'men', 'med', 'sum', 'max', 'mmm', 'npp',
       'hfq'],
      dtype='object') Index(['ban', 'sec', 'men', 'med', 'sum', 'max', 'mmm', 'npp', 'hfq', 'htp',
       'aei'],
      dtype='object')
#### MERGE 68 merge_data Dataframe shape: (297840, 13) #### time: 623
#### #### SPLIT TRAIN TEST #### ####
#### CLASSES: [0 1 2 3] TOTAL 4
#### SPLIT train_test_split and CUDA: ??? cuda:0 #### time: 35
#### MODELS - TOTAL 1 ####
#### EPOCHS 11 ####
#### TRAINING MODELS ####
#### TRAINING MODEL ResNet1D ####
#### prediction torch.Size([192, 4])
Epoch [10/11] Step [33/1241] Loss: 0.0595 Time: 494.335
#### prediction torch.Size([192, 4])
Epoch [10/11] Step [66/1241] Loss: 0.0566 Time: 495.805
#### prediction torch.Size([192, 4])
Epoch [10/11] Step [99/1241] Loss: 0.1311 Time: 497.261
#### prediction torch.Size([192, 4])
Epoch [10/11] Step [132/1241] Loss: 0.0612 Time: 498.716
#### prediction torch.Size([192, 4])
Epoch [10/11] Step [165/1241] Loss: 0.3096 Time: 500.171
#### prediction torch.Size([192, 4])
Epoch [10/11] Step [198/1241] Loss: 0.0735 Time: 501.626
#### prediction torch.Size([192, 4])
Epoch [10/11] Step [231/1241] Loss: 0.0551 Time: 503.082
#### prediction torch.Size([192, 4])
Epoch [10/11] Step [264/1241] Loss: 0.0827 Time: 504.536
#### prediction torch.Size([192, 4])
Epoch [10/11] Step [297/1241] Loss: 0.1142 Time: 505.999
#### prediction torch.Size([192, 4])
Epoch [10/11] Step [330/1241] Loss: 0.0990 Time: 507.467
#### prediction torch.Size([192, 4])
Epoch [10/11] Step [363/1241] Loss: 0.1210 Time: 508.921
#### prediction torch.Size([192, 4])
Epoch [10/11] Step [396/1241] Loss: 0.1179 Time: 510.378
#### prediction torch.Size([192, 4])
Epoch [10/11] Step [429/1241] Loss: 0.0614 Time: 511.832
#### prediction torch.Size([192, 4])
Epoch [10/11] Step [462/1241] Loss: 0.0522 Time: 513.287
#### prediction torch.Size([192, 4])
Epoch [10/11] Step [495/1241] Loss: 0.0789 Time: 514.742
#### prediction torch.Size([192, 4])
Epoch [10/11] Step [528/1241] Loss: 0.0993 Time: 516.203
#### prediction torch.Size([192, 4])
Epoch [10/11] Step [561/1241] Loss: 0.1519 Time: 517.663
#### prediction torch.Size([192, 4])
Epoch [10/11] Step [594/1241] Loss: 0.0598 Time: 519.12
#### prediction torch.Size([192, 4])
Epoch [10/11] Step [627/1241] Loss: 0.0910 Time: 520.576
#### prediction torch.Size([192, 4])
Epoch [10/11] Step [660/1241] Loss: 0.0652 Time: 522.031
#### prediction torch.Size([192, 4])
Epoch [10/11] Step [693/1241] Loss: 0.2006 Time: 523.486
#### prediction torch.Size([192, 4])
Epoch [10/11] Step [726/1241] Loss: 0.0738 Time: 524.941
#### prediction torch.Size([192, 4])
Epoch [10/11] Step [759/1241] Loss: 0.0550 Time: 526.396
#### prediction torch.Size([192, 4])
Epoch [10/11] Step [792/1241] Loss: 0.0561 Time: 527.85
#### prediction torch.Size([192, 4])
Epoch [10/11] Step [825/1241] Loss: 0.0836 Time: 529.304
#### prediction torch.Size([192, 4])
Epoch [10/11] Step [858/1241] Loss: 0.0454 Time: 530.759
#### prediction torch.Size([192, 4])
Epoch [10/11] Step [891/1241] Loss: 0.0651 Time: 532.215
#### prediction torch.Size([192, 4])
Epoch [10/11] Step [924/1241] Loss: 0.0665 Time: 533.67
#### prediction torch.Size([192, 4])
Epoch [10/11] Step [957/1241] Loss: 0.0589 Time: 535.126
#### prediction torch.Size([192, 4])
Epoch [10/11] Step [990/1241] Loss: 0.1115 Time: 536.584
#### prediction torch.Size([192, 4])
Epoch [10/11] Step [1023/1241] Loss: 0.0816 Time: 538.041
#### prediction torch.Size([192, 4])
Epoch [10/11] Step [1056/1241] Loss: 0.1217 Time: 539.496
#### prediction torch.Size([192, 4])
Epoch [10/11] Step [1089/1241] Loss: 0.0543 Time: 540.952
#### prediction torch.Size([192, 4])
Epoch [10/11] Step [1122/1241] Loss: 0.1117 Time: 542.408
#### prediction torch.Size([192, 4])
Epoch [10/11] Step [1155/1241] Loss: 0.0738 Time: 543.863
#### prediction torch.Size([192, 4])
Epoch [10/11] Step [1188/1241] Loss: 0.0570 Time: 545.318
#### prediction torch.Size([192, 4])
Epoch [10/11] Step [1221/1241] Loss: 0.1024 Time: 546.782
#### TRAINED MODEL ResNet1D model training time: 602.631 total training time: 606.033 ####
#### TRAINING TOTAL TIME: 602.631 ####
Accuracy of the ResNet1D model on the test set: 83.496172 %
#### TESTING TOTAL TIME: 4.516 ####
#### TIME #### TERMINO #### 42349.794 ####
#### FINITO #### TERMINO #### NO-VA-MAS ####
#### TIMES #### modelling TOTAL TOTAL ==>> 42349.794 seconds
#### #### READING DATA FILES #### ####
434 511 #### COMBI [reg, sid, ban, sec, men, med, sum, max, mmm, npp, hfq, hhh, aei] METRICS ####
('Plantation', '/home/vargas/repos/forests-sounds-vargas/out/data/extraction/Plantation/2_00_PSA0010-2010_dict_y_split_7_2512283_1736694580.pkl')
(297840, 13) Index(['reg', 'sid', 'ban', 'sec', 'men', 'med', 'sum', 'max', 'mmm', 'npp',
       'hfq'],
      dtype='object') Index(['ban', 'sec', 'men', 'med', 'sum', 'max', 'mmm', 'npp', 'hfq', 'hhh',
       'aei'],
      dtype='object')
#### MERGE 68 merge_data Dataframe shape: (297840, 13) #### time: 624
#### #### SPLIT TRAIN TEST #### ####
#### CLASSES: [0 1 2 3] TOTAL 4
#### SPLIT train_test_split and CUDA: ??? cuda:0 #### time: 35
#### MODELS - TOTAL 1 ####
#### EPOCHS 11 ####
#### TRAINING MODELS ####
#### TRAINING MODEL ResNet1D ####
#### prediction torch.Size([192, 4])
Epoch [10/11] Step [33/1241] Loss: 0.2260 Time: 493.246
#### prediction torch.Size([192, 4])
Epoch [10/11] Step [66/1241] Loss: 0.1633 Time: 494.695
#### prediction torch.Size([192, 4])
Epoch [10/11] Step [99/1241] Loss: 0.1464 Time: 496.143
#### prediction torch.Size([192, 4])
Epoch [10/11] Step [132/1241] Loss: 0.1480 Time: 497.593
#### prediction torch.Size([192, 4])
Epoch [10/11] Step [165/1241] Loss: 0.1849 Time: 499.043
#### prediction torch.Size([192, 4])
Epoch [10/11] Step [198/1241] Loss: 0.2568 Time: 500.492
#### prediction torch.Size([192, 4])
Epoch [10/11] Step [231/1241] Loss: 0.2027 Time: 501.941
#### prediction torch.Size([192, 4])
Epoch [10/11] Step [264/1241] Loss: 0.2107 Time: 503.39
#### prediction torch.Size([192, 4])
Epoch [10/11] Step [297/1241] Loss: 0.2701 Time: 504.838
#### prediction torch.Size([192, 4])
Epoch [10/11] Step [330/1241] Loss: 0.1754 Time: 506.286
#### prediction torch.Size([192, 4])
Epoch [10/11] Step [363/1241] Loss: 0.1770 Time: 507.738
#### prediction torch.Size([192, 4])
Epoch [10/11] Step [396/1241] Loss: 0.1802 Time: 509.187
#### prediction torch.Size([192, 4])
Epoch [10/11] Step [429/1241] Loss: 0.1912 Time: 510.635
#### prediction torch.Size([192, 4])
Epoch [10/11] Step [462/1241] Loss: 0.1692 Time: 512.085
#### prediction torch.Size([192, 4])
Epoch [10/11] Step [495/1241] Loss: 0.1704 Time: 513.533
#### prediction torch.Size([192, 4])
Epoch [10/11] Step [528/1241] Loss: 0.1850 Time: 514.982
#### prediction torch.Size([192, 4])
Epoch [10/11] Step [561/1241] Loss: 0.1353 Time: 516.439
#### prediction torch.Size([192, 4])
Epoch [10/11] Step [594/1241] Loss: 0.1735 Time: 517.89
#### prediction torch.Size([192, 4])
Epoch [10/11] Step [627/1241] Loss: 0.2501 Time: 519.34
#### prediction torch.Size([192, 4])
Epoch [10/11] Step [660/1241] Loss: 0.1337 Time: 520.791
#### prediction torch.Size([192, 4])
Epoch [10/11] Step [693/1241] Loss: 0.1727 Time: 522.241
#### prediction torch.Size([192, 4])
Epoch [10/11] Step [726/1241] Loss: 0.1583 Time: 523.69
#### prediction torch.Size([192, 4])
Epoch [10/11] Step [759/1241] Loss: 0.2019 Time: 525.139
#### prediction torch.Size([192, 4])
Epoch [10/11] Step [792/1241] Loss: 0.2191 Time: 526.588
#### prediction torch.Size([192, 4])
Epoch [10/11] Step [825/1241] Loss: 0.1770 Time: 528.038
#### prediction torch.Size([192, 4])
Epoch [10/11] Step [858/1241] Loss: 0.2832 Time: 529.488
#### prediction torch.Size([192, 4])
Epoch [10/11] Step [891/1241] Loss: 0.2008 Time: 530.937
#### prediction torch.Size([192, 4])
Epoch [10/11] Step [924/1241] Loss: 0.2162 Time: 532.387
#### prediction torch.Size([192, 4])
Epoch [10/11] Step [957/1241] Loss: 0.1875 Time: 533.835
#### prediction torch.Size([192, 4])
Epoch [10/11] Step [990/1241] Loss: 0.1561 Time: 535.285
#### prediction torch.Size([192, 4])
Epoch [10/11] Step [1023/1241] Loss: 0.1702 Time: 536.733
#### prediction torch.Size([192, 4])
Epoch [10/11] Step [1056/1241] Loss: 0.2208 Time: 538.186
#### prediction torch.Size([192, 4])
Epoch [10/11] Step [1089/1241] Loss: 0.3415 Time: 539.636
#### prediction torch.Size([192, 4])
Epoch [10/11] Step [1122/1241] Loss: 0.2188 Time: 541.084
#### prediction torch.Size([192, 4])
Epoch [10/11] Step [1155/1241] Loss: 0.1950 Time: 542.534
#### prediction torch.Size([192, 4])
Epoch [10/11] Step [1188/1241] Loss: 0.1750 Time: 543.983
#### prediction torch.Size([192, 4])
Epoch [10/11] Step [1221/1241] Loss: 0.1779 Time: 545.432
#### TRAINED MODEL ResNet1D model training time: 601.023 total training time: 604.214 ####
#### TRAINING TOTAL TIME: 601.023 ####
Accuracy of the ResNet1D model on the test set: 90.959911 %
#### TESTING TOTAL TIME: 4.478 ####
#### TIME #### TERMINO #### 43007.697 ####
#### FINITO #### TERMINO #### NO-VA-MAS ####
#### TIMES #### modelling TOTAL TOTAL ==>> 43007.697 seconds
#### #### READING DATA FILES #### ####
435 511 #### COMBI [reg, sid, ban, sec, men, med, sum, max, mmm, npp, htp, hhh, aei] METRICS ####
('Plantation', '/home/vargas/repos/forests-sounds-vargas/out/data/extraction/Plantation/2_00_PSA0010-2010_dict_y_split_7_2512283_1736694580.pkl')
(297840, 13) Index(['reg', 'sid', 'ban', 'sec', 'men', 'med', 'sum', 'max', 'mmm', 'npp',
       'htp'],
      dtype='object') Index(['ban', 'sec', 'men', 'med', 'sum', 'max', 'mmm', 'npp', 'htp', 'hhh',
       'aei'],
      dtype='object')
#### MERGE 68 merge_data Dataframe shape: (297840, 13) #### time: 624
#### #### SPLIT TRAIN TEST #### ####
#### CLASSES: [0 1 2 3] TOTAL 4
#### SPLIT train_test_split and CUDA: ??? cuda:0 #### time: 35
#### MODELS - TOTAL 1 ####
#### EPOCHS 11 ####
#### TRAINING MODELS ####
#### TRAINING MODEL ResNet1D ####
#### prediction torch.Size([192, 4])
Epoch [10/11] Step [33/1241] Loss: 0.1521 Time: 494.599
#### prediction torch.Size([192, 4])
Epoch [10/11] Step [66/1241] Loss: 0.0859 Time: 496.053
#### prediction torch.Size([192, 4])
Epoch [10/11] Step [99/1241] Loss: 0.1149 Time: 497.506
#### prediction torch.Size([192, 4])
Epoch [10/11] Step [132/1241] Loss: 0.1141 Time: 498.961
#### prediction torch.Size([192, 4])
Epoch [10/11] Step [165/1241] Loss: 0.0800 Time: 500.415
#### prediction torch.Size([192, 4])
Epoch [10/11] Step [198/1241] Loss: 0.0913 Time: 501.868
#### prediction torch.Size([192, 4])
Epoch [10/11] Step [231/1241] Loss: 0.0846 Time: 503.323
#### prediction torch.Size([192, 4])
Epoch [10/11] Step [264/1241] Loss: 0.2169 Time: 504.778
#### prediction torch.Size([192, 4])
Epoch [10/11] Step [297/1241] Loss: 0.1015 Time: 506.232
#### prediction torch.Size([192, 4])
Epoch [10/11] Step [330/1241] Loss: 0.0434 Time: 507.686
#### prediction torch.Size([192, 4])
Epoch [10/11] Step [363/1241] Loss: 0.0764 Time: 509.142
#### prediction torch.Size([192, 4])
Epoch [10/11] Step [396/1241] Loss: 0.1011 Time: 510.596
#### prediction torch.Size([192, 4])
Epoch [10/11] Step [429/1241] Loss: 0.1088 Time: 512.049
#### prediction torch.Size([192, 4])
Epoch [10/11] Step [462/1241] Loss: 0.0689 Time: 513.503
#### prediction torch.Size([192, 4])
Epoch [10/11] Step [495/1241] Loss: 0.0671 Time: 514.957
#### prediction torch.Size([192, 4])
Epoch [10/11] Step [528/1241] Loss: 0.0988 Time: 516.419
#### prediction torch.Size([192, 4])
Epoch [10/11] Step [561/1241] Loss: 0.1134 Time: 517.873
#### prediction torch.Size([192, 4])
Epoch [10/11] Step [594/1241] Loss: 0.0833 Time: 519.328
#### prediction torch.Size([192, 4])
Epoch [10/11] Step [627/1241] Loss: 0.1062 Time: 520.783
#### prediction torch.Size([192, 4])
Epoch [10/11] Step [660/1241] Loss: 0.0726 Time: 522.236
#### prediction torch.Size([192, 4])
Epoch [10/11] Step [693/1241] Loss: 0.2448 Time: 523.691
#### prediction torch.Size([192, 4])
Epoch [10/11] Step [726/1241] Loss: 0.0976 Time: 525.146
#### prediction torch.Size([192, 4])
Epoch [10/11] Step [759/1241] Loss: 0.0816 Time: 526.762
#### prediction torch.Size([192, 4])
Epoch [10/11] Step [792/1241] Loss: 0.1321 Time: 528.215
#### prediction torch.Size([192, 4])
Epoch [10/11] Step [825/1241] Loss: 0.1121 Time: 529.671
#### prediction torch.Size([192, 4])
Epoch [10/11] Step [858/1241] Loss: 0.0700 Time: 531.124
#### prediction torch.Size([192, 4])
Epoch [10/11] Step [891/1241] Loss: 0.0873 Time: 532.577
#### prediction torch.Size([192, 4])
Epoch [10/11] Step [924/1241] Loss: 0.0997 Time: 534.032
#### prediction torch.Size([192, 4])
Epoch [10/11] Step [957/1241] Loss: 0.1142 Time: 535.485
#### prediction torch.Size([192, 4])
Epoch [10/11] Step [990/1241] Loss: 0.0796 Time: 536.939
#### prediction torch.Size([192, 4])
Epoch [10/11] Step [1023/1241] Loss: 0.1769 Time: 538.398
#### prediction torch.Size([192, 4])
Epoch [10/11] Step [1056/1241] Loss: 0.1044 Time: 539.852
#### prediction torch.Size([192, 4])
Epoch [10/11] Step [1089/1241] Loss: 0.0696 Time: 541.308
#### prediction torch.Size([192, 4])
Epoch [10/11] Step [1122/1241] Loss: 0.1178 Time: 542.764
#### prediction torch.Size([192, 4])
Epoch [10/11] Step [1155/1241] Loss: 0.0768 Time: 544.219
#### prediction torch.Size([192, 4])
Epoch [10/11] Step [1188/1241] Loss: 0.0933 Time: 545.673
#### prediction torch.Size([192, 4])
Epoch [10/11] Step [1221/1241] Loss: 0.2669 Time: 547.134
#### TRAINED MODEL ResNet1D model training time: 602.754 total training time: 606.328 ####
#### TRAINING TOTAL TIME: 602.755 ####
Accuracy of the ResNet1D model on the test set: 54.265713 %
#### TESTING TOTAL TIME: 4.52 ####
#### TIME #### TERMINO #### 43669.72 ####
#### FINITO #### TERMINO #### NO-VA-MAS ####
#### TIMES #### modelling TOTAL TOTAL ==>> 43669.72 seconds
#### #### READING DATA FILES #### ####
436 511 #### COMBI [reg, sid, ban, sec, men, med, sum, max, mmm, hfq, htp, hhh, aei] METRICS ####
('Plantation', '/home/vargas/repos/forests-sounds-vargas/out/data/extraction/Plantation/2_00_PSA0010-2010_dict_y_split_7_2512283_1736694580.pkl')
(297840, 13) Index(['reg', 'sid', 'ban', 'sec', 'men', 'med', 'sum', 'max', 'mmm', 'hfq',
       'htp'],
      dtype='object') Index(['ban', 'sec', 'men', 'med', 'sum', 'max', 'mmm', 'hfq', 'htp', 'hhh',
       'aei'],
      dtype='object')
#### MERGE 68 merge_data Dataframe shape: (297840, 13) #### time: 624
#### #### SPLIT TRAIN TEST #### ####
#### CLASSES: [0 1 2 3] TOTAL 4
#### SPLIT train_test_split and CUDA: ??? cuda:0 #### time: 35
#### MODELS - TOTAL 1 ####
#### EPOCHS 11 ####
#### TRAINING MODELS ####
#### TRAINING MODEL ResNet1D ####
#### prediction torch.Size([192, 4])
Epoch [10/11] Step [33/1241] Loss: 0.1387 Time: 495.571
#### prediction torch.Size([192, 4])
Epoch [10/11] Step [66/1241] Loss: 0.1347 Time: 497.022
#### prediction torch.Size([192, 4])
Epoch [10/11] Step [99/1241] Loss: 0.0989 Time: 498.474
#### prediction torch.Size([192, 4])
Epoch [10/11] Step [132/1241] Loss: 0.0872 Time: 499.927
#### prediction torch.Size([192, 4])
Epoch [10/11] Step [165/1241] Loss: 0.0909 Time: 501.378
#### prediction torch.Size([192, 4])
Epoch [10/11] Step [198/1241] Loss: 0.0786 Time: 502.83
#### prediction torch.Size([192, 4])
Epoch [10/11] Step [231/1241] Loss: 0.1637 Time: 504.281
#### prediction torch.Size([192, 4])
Epoch [10/11] Step [264/1241] Loss: 0.0783 Time: 505.732
#### prediction torch.Size([192, 4])
Epoch [10/11] Step [297/1241] Loss: 0.1470 Time: 507.183
#### prediction torch.Size([192, 4])
Epoch [10/11] Step [330/1241] Loss: 0.1263 Time: 508.637
#### prediction torch.Size([192, 4])
Epoch [10/11] Step [363/1241] Loss: 0.0829 Time: 510.087
#### prediction torch.Size([192, 4])
Epoch [10/11] Step [396/1241] Loss: 0.1322 Time: 511.538
#### prediction torch.Size([192, 4])
Epoch [10/11] Step [429/1241] Loss: 0.1437 Time: 512.988
#### prediction torch.Size([192, 4])
Epoch [10/11] Step [462/1241] Loss: 0.1860 Time: 514.439
#### prediction torch.Size([192, 4])
Epoch [10/11] Step [495/1241] Loss: 0.0894 Time: 515.891
#### prediction torch.Size([192, 4])
Epoch [10/11] Step [528/1241] Loss: 0.1471 Time: 517.348
#### prediction torch.Size([192, 4])
Epoch [10/11] Step [561/1241] Loss: 0.0834 Time: 518.799
#### prediction torch.Size([192, 4])
Epoch [10/11] Step [594/1241] Loss: 0.1755 Time: 520.251
#### prediction torch.Size([192, 4])
Epoch [10/11] Step [627/1241] Loss: 0.1948 Time: 521.702
#### prediction torch.Size([192, 4])
Epoch [10/11] Step [660/1241] Loss: 0.1162 Time: 523.153
#### prediction torch.Size([192, 4])
Epoch [10/11] Step [693/1241] Loss: 0.0846 Time: 524.603
#### prediction torch.Size([192, 4])
Epoch [10/11] Step [726/1241] Loss: 0.1082 Time: 526.053
#### prediction torch.Size([192, 4])
Epoch [10/11] Step [759/1241] Loss: 0.0669 Time: 527.504
#### prediction torch.Size([192, 4])
Epoch [10/11] Step [792/1241] Loss: 0.0581 Time: 528.954
#### prediction torch.Size([192, 4])
Epoch [10/11] Step [825/1241] Loss: 0.0805 Time: 530.405
#### prediction torch.Size([192, 4])
Epoch [10/11] Step [858/1241] Loss: 0.0890 Time: 531.856
#### prediction torch.Size([192, 4])
Epoch [10/11] Step [891/1241] Loss: 0.0962 Time: 533.307
#### prediction torch.Size([192, 4])
Epoch [10/11] Step [924/1241] Loss: 0.0778 Time: 534.759
#### prediction torch.Size([192, 4])
Epoch [10/11] Step [957/1241] Loss: 0.0637 Time: 536.211
#### prediction torch.Size([192, 4])
Epoch [10/11] Step [990/1241] Loss: 0.1264 Time: 537.663
#### prediction torch.Size([192, 4])
Epoch [10/11] Step [1023/1241] Loss: 0.1118 Time: 539.118
#### prediction torch.Size([192, 4])
Epoch [10/11] Step [1056/1241] Loss: 0.1278 Time: 540.569
#### prediction torch.Size([192, 4])
Epoch [10/11] Step [1089/1241] Loss: 0.1337 Time: 542.021
#### prediction torch.Size([192, 4])
Epoch [10/11] Step [1122/1241] Loss: 0.2085 Time: 543.472
#### prediction torch.Size([192, 4])
Epoch [10/11] Step [1155/1241] Loss: 0.0934 Time: 544.923
#### prediction torch.Size([192, 4])
Epoch [10/11] Step [1188/1241] Loss: 0.1086 Time: 546.382
#### prediction torch.Size([192, 4])
Epoch [10/11] Step [1221/1241] Loss: 0.1020 Time: 547.832
#### TRAINED MODEL ResNet1D model training time: 603.503 total training time: 607.195 ####
#### TRAINING TOTAL TIME: 603.503 ####
Accuracy of the ResNet1D model on the test set: 42.239122 %
#### TESTING TOTAL TIME: 4.498 ####
#### TIME #### TERMINO #### 44330.456 ####
#### FINITO #### TERMINO #### NO-VA-MAS ####
#### TIMES #### modelling TOTAL TOTAL ==>> 44330.456 seconds
#### #### READING DATA FILES #### ####
437 511 #### COMBI [reg, sid, ban, sec, men, med, sum, max, npp, hfq, htp, hhh, aei] METRICS ####
('Plantation', '/home/vargas/repos/forests-sounds-vargas/out/data/extraction/Plantation/2_00_PSA0010-2010_dict_y_split_7_2512283_1736694580.pkl')
(297840, 13) Index(['reg', 'sid', 'ban', 'sec', 'men', 'med', 'sum', 'max', 'npp', 'hfq',
       'htp'],
      dtype='object') Index(['ban', 'sec', 'men', 'med', 'sum', 'max', 'npp', 'hfq', 'htp', 'hhh',
       'aei'],
      dtype='object')
#### MERGE 68 merge_data Dataframe shape: (297840, 13) #### time: 625
#### #### SPLIT TRAIN TEST #### ####
#### CLASSES: [0 1 2 3] TOTAL 4
#### SPLIT train_test_split and CUDA: ??? cuda:0 #### time: 35
#### MODELS - TOTAL 1 ####
#### EPOCHS 11 ####
#### TRAINING MODELS ####
#### TRAINING MODEL ResNet1D ####
#### prediction torch.Size([192, 4])
Epoch [10/11] Step [33/1241] Loss: 0.1710 Time: 495.145
#### prediction torch.Size([192, 4])
Epoch [10/11] Step [66/1241] Loss: 0.1764 Time: 496.596
#### prediction torch.Size([192, 4])
Epoch [10/11] Step [99/1241] Loss: 0.1121 Time: 498.049
#### prediction torch.Size([192, 4])
Epoch [10/11] Step [132/1241] Loss: 0.2084 Time: 499.502
#### prediction torch.Size([192, 4])
Epoch [10/11] Step [165/1241] Loss: 0.1845 Time: 500.953
#### prediction torch.Size([192, 4])
Epoch [10/11] Step [198/1241] Loss: 0.1128 Time: 502.406
#### prediction torch.Size([192, 4])
Epoch [10/11] Step [231/1241] Loss: 0.1320 Time: 503.857
#### prediction torch.Size([192, 4])
Epoch [10/11] Step [264/1241] Loss: 0.1385 Time: 505.308
#### prediction torch.Size([192, 4])
Epoch [10/11] Step [297/1241] Loss: 0.1420 Time: 506.76
#### prediction torch.Size([192, 4])
Epoch [10/11] Step [330/1241] Loss: 0.1554 Time: 508.214
#### prediction torch.Size([192, 4])
Epoch [10/11] Step [363/1241] Loss: 0.1231 Time: 509.668
#### prediction torch.Size([192, 4])
Epoch [10/11] Step [396/1241] Loss: 0.1118 Time: 511.292
#### prediction torch.Size([192, 4])
Epoch [10/11] Step [429/1241] Loss: 0.1155 Time: 512.744
#### prediction torch.Size([192, 4])
Epoch [10/11] Step [462/1241] Loss: 0.1689 Time: 514.196
#### prediction torch.Size([192, 4])
Epoch [10/11] Step [495/1241] Loss: 0.1262 Time: 515.656
#### prediction torch.Size([192, 4])
Epoch [10/11] Step [528/1241] Loss: 0.1712 Time: 517.109
#### prediction torch.Size([192, 4])
Epoch [10/11] Step [561/1241] Loss: 0.1223 Time: 518.561
#### prediction torch.Size([192, 4])
Epoch [10/11] Step [594/1241] Loss: 0.1646 Time: 520.013
#### prediction torch.Size([192, 4])
Epoch [10/11] Step [627/1241] Loss: 0.1886 Time: 521.466
#### prediction torch.Size([192, 4])
Epoch [10/11] Step [660/1241] Loss: 0.2019 Time: 522.918
#### prediction torch.Size([192, 4])
Epoch [10/11] Step [693/1241] Loss: 0.1208 Time: 524.37
#### prediction torch.Size([192, 4])
Epoch [10/11] Step [726/1241] Loss: 0.1521 Time: 525.823
#### prediction torch.Size([192, 4])
Epoch [10/11] Step [759/1241] Loss: 0.1434 Time: 527.275
#### prediction torch.Size([192, 4])
Epoch [10/11] Step [792/1241] Loss: 0.1733 Time: 528.727
#### prediction torch.Size([192, 4])
Epoch [10/11] Step [825/1241] Loss: 0.1588 Time: 530.181
#### prediction torch.Size([192, 4])
Epoch [10/11] Step [858/1241] Loss: 0.1755 Time: 531.632
#### prediction torch.Size([192, 4])
Epoch [10/11] Step [891/1241] Loss: 0.1624 Time: 533.087
#### prediction torch.Size([192, 4])
Epoch [10/11] Step [924/1241] Loss: 0.1208 Time: 534.54
#### prediction torch.Size([192, 4])
Epoch [10/11] Step [957/1241] Loss: 0.1504 Time: 535.992
#### prediction torch.Size([192, 4])
Epoch [10/11] Step [990/1241] Loss: 0.1653 Time: 537.446
#### prediction torch.Size([192, 4])
Epoch [10/11] Step [1023/1241] Loss: 0.1255 Time: 538.904
#### prediction torch.Size([192, 4])
Epoch [10/11] Step [1056/1241] Loss: 0.1132 Time: 540.357
#### prediction torch.Size([192, 4])
Epoch [10/11] Step [1089/1241] Loss: 0.1335 Time: 541.809
#### prediction torch.Size([192, 4])
Epoch [10/11] Step [1122/1241] Loss: 0.1335 Time: 543.262
#### prediction torch.Size([192, 4])
Epoch [10/11] Step [1155/1241] Loss: 0.1452 Time: 544.715
#### prediction torch.Size([192, 4])
Epoch [10/11] Step [1188/1241] Loss: 0.1353 Time: 546.171
#### prediction torch.Size([192, 4])
Epoch [10/11] Step [1221/1241] Loss: 0.1006 Time: 547.623
#### TRAINED MODEL ResNet1D model training time: 603.205 total training time: 606.843 ####
#### TRAINING TOTAL TIME: 603.206 ####
Accuracy of the ResNet1D model on the test set: 89.2778 %
#### TESTING TOTAL TIME: 4.67 ####
#### TIME #### TERMINO #### 44991.16 ####
#### FINITO #### TERMINO #### NO-VA-MAS ####
#### TIMES #### modelling TOTAL TOTAL ==>> 44991.16 seconds
#### #### READING DATA FILES #### ####
438 511 #### COMBI [reg, sid, ban, sec, men, med, sum, aci, bet, mmm, npp, hfq, htp] METRICS ####
('Plantation', '/home/vargas/repos/forests-sounds-vargas/out/data/extraction/Plantation/2_00_PSA0010-2010_dict_y_split_7_2512283_1736694580.pkl')
(297840, 13) Index(['reg', 'sid', 'ban', 'sec', 'men', 'med', 'sum', 'aci', 'bet', 'mmm',
       'npp'],
      dtype='object') Index(['ban', 'sec', 'men', 'med', 'sum', 'aci', 'bet', 'mmm', 'npp', 'hfq',
       'htp'],
      dtype='object')
#### MERGE 68 merge_data Dataframe shape: (297840, 13) #### time: 628
#### #### SPLIT TRAIN TEST #### ####
#### CLASSES: [0 1 2 3] TOTAL 4
#### SPLIT train_test_split and CUDA: ??? cuda:0 #### time: 35
#### MODELS - TOTAL 1 ####
#### EPOCHS 11 ####
#### TRAINING MODELS ####
#### TRAINING MODEL ResNet1D ####
#### prediction torch.Size([192, 4])
Epoch [10/11] Step [33/1241] Loss: 0.2206 Time: 494.179
#### prediction torch.Size([192, 4])
Epoch [10/11] Step [66/1241] Loss: 0.2202 Time: 495.631
#### prediction torch.Size([192, 4])
Epoch [10/11] Step [99/1241] Loss: 0.1662 Time: 497.084
#### prediction torch.Size([192, 4])
Epoch [10/11] Step [132/1241] Loss: 0.2132 Time: 498.537
#### prediction torch.Size([192, 4])
Epoch [10/11] Step [165/1241] Loss: 0.1897 Time: 499.99
#### prediction torch.Size([192, 4])
Epoch [10/11] Step [198/1241] Loss: 0.2406 Time: 501.442
#### prediction torch.Size([192, 4])
Epoch [10/11] Step [231/1241] Loss: 0.2501 Time: 502.907
#### prediction torch.Size([192, 4])
Epoch [10/11] Step [264/1241] Loss: 0.2158 Time: 504.363
#### prediction torch.Size([192, 4])
Epoch [10/11] Step [297/1241] Loss: 0.2236 Time: 505.816
#### prediction torch.Size([192, 4])
Epoch [10/11] Step [330/1241] Loss: 0.2680 Time: 507.27
#### prediction torch.Size([192, 4])
Epoch [10/11] Step [363/1241] Loss: 0.2433 Time: 508.722
#### prediction torch.Size([192, 4])
Epoch [10/11] Step [396/1241] Loss: 0.2261 Time: 510.174
#### prediction torch.Size([192, 4])
Epoch [10/11] Step [429/1241] Loss: 0.1853 Time: 511.63
#### prediction torch.Size([192, 4])
Epoch [10/11] Step [462/1241] Loss: 0.1688 Time: 513.085
#### prediction torch.Size([192, 4])
Epoch [10/11] Step [495/1241] Loss: 0.1751 Time: 514.539
#### prediction torch.Size([192, 4])
Epoch [10/11] Step [528/1241] Loss: 0.1995 Time: 515.992
#### prediction torch.Size([192, 4])
Epoch [10/11] Step [561/1241] Loss: 0.2179 Time: 517.445
#### prediction torch.Size([192, 4])
Epoch [10/11] Step [594/1241] Loss: 0.2594 Time: 518.898
#### prediction torch.Size([192, 4])
Epoch [10/11] Step [627/1241] Loss: 0.2658 Time: 520.351
#### prediction torch.Size([192, 4])
Epoch [10/11] Step [660/1241] Loss: 0.1979 Time: 521.804
#### prediction torch.Size([192, 4])
Epoch [10/11] Step [693/1241] Loss: 0.2495 Time: 523.257
#### prediction torch.Size([192, 4])
Epoch [10/11] Step [726/1241] Loss: 0.2061 Time: 524.709
#### prediction torch.Size([192, 4])
Epoch [10/11] Step [759/1241] Loss: 0.2390 Time: 526.163
#### prediction torch.Size([192, 4])
Epoch [10/11] Step [792/1241] Loss: 0.1610 Time: 527.619
#### prediction torch.Size([192, 4])
Epoch [10/11] Step [825/1241] Loss: 0.2004 Time: 529.07
#### prediction torch.Size([192, 4])
Epoch [10/11] Step [858/1241] Loss: 0.1398 Time: 530.523
#### prediction torch.Size([192, 4])
Epoch [10/11] Step [891/1241] Loss: 0.1730 Time: 531.976
#### prediction torch.Size([192, 4])
Epoch [10/11] Step [924/1241] Loss: 0.1885 Time: 533.429
#### prediction torch.Size([192, 4])
Epoch [10/11] Step [957/1241] Loss: 0.2232 Time: 534.881
#### prediction torch.Size([192, 4])
Epoch [10/11] Step [990/1241] Loss: 0.1521 Time: 536.336
#### prediction torch.Size([192, 4])
Epoch [10/11] Step [1023/1241] Loss: 0.1616 Time: 537.79
#### prediction torch.Size([192, 4])
Epoch [10/11] Step [1056/1241] Loss: 0.2029 Time: 539.243
#### prediction torch.Size([192, 4])
Epoch [10/11] Step [1089/1241] Loss: 0.2277 Time: 540.695
#### prediction torch.Size([192, 4])
Epoch [10/11] Step [1122/1241] Loss: 0.2304 Time: 542.16
#### prediction torch.Size([192, 4])
Epoch [10/11] Step [1155/1241] Loss: 0.1814 Time: 543.614
#### prediction torch.Size([192, 4])
Epoch [10/11] Step [1188/1241] Loss: 0.2262 Time: 545.067
#### prediction torch.Size([192, 4])
Epoch [10/11] Step [1221/1241] Loss: 0.1567 Time: 546.692
#### TRAINED MODEL ResNet1D model training time: 602.252 total training time: 605.417 ####
#### TRAINING TOTAL TIME: 602.252 ####
Accuracy of the ResNet1D model on the test set: 85.232004 %
#### TESTING TOTAL TIME: 4.495 ####
#### TIME #### TERMINO #### 45653.528 ####
#### FINITO #### TERMINO #### NO-VA-MAS ####
#### TIMES #### modelling TOTAL TOTAL ==>> 45653.528 seconds
#### #### READING DATA FILES #### ####
439 511 #### COMBI [reg, sid, ban, sec, men, med, sum, aci, bet, mmm, npp, hfq, hhh] METRICS ####
('Plantation', '/home/vargas/repos/forests-sounds-vargas/out/data/extraction/Plantation/2_00_PSA0010-2010_dict_y_split_7_2512283_1736694580.pkl')
(297840, 13) Index(['reg', 'sid', 'ban', 'sec', 'men', 'med', 'sum', 'aci', 'bet', 'mmm',
       'npp'],
      dtype='object') Index(['ban', 'sec', 'men', 'med', 'sum', 'aci', 'bet', 'mmm', 'npp', 'hfq',
       'hhh'],
      dtype='object')
#### MERGE 68 merge_data Dataframe shape: (297840, 13) #### time: 623
#### #### SPLIT TRAIN TEST #### ####
#### CLASSES: [0 1 2 3] TOTAL 4
#### SPLIT train_test_split and CUDA: ??? cuda:0 #### time: 35
#### MODELS - TOTAL 1 ####
#### EPOCHS 11 ####
#### TRAINING MODELS ####
#### TRAINING MODEL ResNet1D ####
#### prediction torch.Size([192, 4])
Epoch [10/11] Step [33/1241] Loss: 0.1951 Time: 494.077
#### prediction torch.Size([192, 4])
Epoch [10/11] Step [66/1241] Loss: 0.3313 Time: 495.529
#### prediction torch.Size([192, 4])
Epoch [10/11] Step [99/1241] Loss: 0.1696 Time: 496.981
#### prediction torch.Size([192, 4])
Epoch [10/11] Step [132/1241] Loss: 0.2628 Time: 498.432
#### prediction torch.Size([192, 4])
Epoch [10/11] Step [165/1241] Loss: 0.1778 Time: 499.886
#### prediction torch.Size([192, 4])
Epoch [10/11] Step [198/1241] Loss: 0.1838 Time: 501.339
#### prediction torch.Size([192, 4])
Epoch [10/11] Step [231/1241] Loss: 0.1977 Time: 502.791
#### prediction torch.Size([192, 4])
Epoch [10/11] Step [264/1241] Loss: 0.1959 Time: 504.243
#### prediction torch.Size([192, 4])
Epoch [10/11] Step [297/1241] Loss: 0.1588 Time: 505.695
#### prediction torch.Size([192, 4])
Epoch [10/11] Step [330/1241] Loss: 0.1507 Time: 507.147
#### prediction torch.Size([192, 4])
Epoch [10/11] Step [363/1241] Loss: 0.2896 Time: 508.599
#### prediction torch.Size([192, 4])
Epoch [10/11] Step [396/1241] Loss: 0.2578 Time: 510.051
#### prediction torch.Size([192, 4])
Epoch [10/11] Step [429/1241] Loss: 0.1989 Time: 511.503
#### prediction torch.Size([192, 4])
Epoch [10/11] Step [462/1241] Loss: 0.1648 Time: 512.959
#### prediction torch.Size([192, 4])
Epoch [10/11] Step [495/1241] Loss: 0.2131 Time: 514.417
#### prediction torch.Size([192, 4])
Epoch [10/11] Step [528/1241] Loss: 0.1738 Time: 515.871
#### prediction torch.Size([192, 4])
Epoch [10/11] Step [561/1241] Loss: 0.1716 Time: 517.323
#### prediction torch.Size([192, 4])
Epoch [10/11] Step [594/1241] Loss: 0.1341 Time: 518.774
#### prediction torch.Size([192, 4])
Epoch [10/11] Step [627/1241] Loss: 0.1733 Time: 520.228
#### prediction torch.Size([192, 4])
Epoch [10/11] Step [660/1241] Loss: 0.1673 Time: 521.679
#### prediction torch.Size([192, 4])
Epoch [10/11] Step [693/1241] Loss: 0.2010 Time: 523.129
#### prediction torch.Size([192, 4])
Epoch [10/11] Step [726/1241] Loss: 0.1717 Time: 524.583
#### prediction torch.Size([192, 4])
Epoch [10/11] Step [759/1241] Loss: 0.2429 Time: 526.036
#### prediction torch.Size([192, 4])
Epoch [10/11] Step [792/1241] Loss: 0.2237 Time: 527.491
#### prediction torch.Size([192, 4])
Epoch [10/11] Step [825/1241] Loss: 0.2182 Time: 528.944
#### prediction torch.Size([192, 4])
Epoch [10/11] Step [858/1241] Loss: 0.1529 Time: 530.4
#### prediction torch.Size([192, 4])
Epoch [10/11] Step [891/1241] Loss: 0.2107 Time: 531.855
#### prediction torch.Size([192, 4])
Epoch [10/11] Step [924/1241] Loss: 0.2016 Time: 533.312
#### prediction torch.Size([192, 4])
Epoch [10/11] Step [957/1241] Loss: 0.1995 Time: 534.774
#### prediction torch.Size([192, 4])
Epoch [10/11] Step [990/1241] Loss: 0.2455 Time: 536.234
#### prediction torch.Size([192, 4])
Epoch [10/11] Step [1023/1241] Loss: 0.1699 Time: 537.712
#### prediction torch.Size([192, 4])
Epoch [10/11] Step [1056/1241] Loss: 0.1831 Time: 539.176
#### prediction torch.Size([192, 4])
Epoch [10/11] Step [1089/1241] Loss: 0.2646 Time: 540.637
#### prediction torch.Size([192, 4])
Epoch [10/11] Step [1122/1241] Loss: 0.2268 Time: 542.101
#### prediction torch.Size([192, 4])
Epoch [10/11] Step [1155/1241] Loss: 0.2224 Time: 543.576
#### prediction torch.Size([192, 4])
Epoch [10/11] Step [1188/1241] Loss: 0.1874 Time: 545.036
#### prediction torch.Size([192, 4])
Epoch [10/11] Step [1221/1241] Loss: 0.1910 Time: 546.494
#### TRAINED MODEL ResNet1D model training time: 602.474 total training time: 605.651 ####
#### TRAINING TOTAL TIME: 602.474 ####
Accuracy of the ResNet1D model on the test set: 85.112812 %
#### TESTING TOTAL TIME: 4.541 ####
#### TIME #### TERMINO #### 46312.311 ####
#### FINITO #### TERMINO #### NO-VA-MAS ####
#### TIMES #### modelling TOTAL TOTAL ==>> 46312.311 seconds
#### #### READING DATA FILES #### ####
440 511 #### COMBI [reg, sid, ban, sec, men, med, sum, aci, bet, mmm, npp, hfq, aei] METRICS ####
('Plantation', '/home/vargas/repos/forests-sounds-vargas/out/data/extraction/Plantation/2_00_PSA0010-2010_dict_y_split_7_2512283_1736694580.pkl')
(297840, 13) Index(['reg', 'sid', 'ban', 'sec', 'men', 'med', 'sum', 'aci', 'bet', 'mmm',
       'npp'],
      dtype='object') Index(['ban', 'sec', 'men', 'med', 'sum', 'aci', 'bet', 'mmm', 'npp', 'hfq',
       'aei'],
      dtype='object')
#### MERGE 68 merge_data Dataframe shape: (297840, 13) #### time: 625
#### #### SPLIT TRAIN TEST #### ####
#### CLASSES: [0 1 2 3] TOTAL 4
#### SPLIT train_test_split and CUDA: ??? cuda:0 #### time: 35
#### MODELS - TOTAL 1 ####
#### EPOCHS 11 ####
#### TRAINING MODELS ####
#### TRAINING MODEL ResNet1D ####
#### prediction torch.Size([192, 4])
Epoch [10/11] Step [33/1241] Loss: 0.1835 Time: 494.733
#### prediction torch.Size([192, 4])
Epoch [10/11] Step [66/1241] Loss: 0.1941 Time: 496.186
#### prediction torch.Size([192, 4])
Epoch [10/11] Step [99/1241] Loss: 0.2098 Time: 497.641
#### prediction torch.Size([192, 4])
Epoch [10/11] Step [132/1241] Loss: 0.1977 Time: 499.094
#### prediction torch.Size([192, 4])
Epoch [10/11] Step [165/1241] Loss: 0.1820 Time: 500.547
#### prediction torch.Size([192, 4])
Epoch [10/11] Step [198/1241] Loss: 0.1647 Time: 502.001
#### prediction torch.Size([192, 4])
Epoch [10/11] Step [231/1241] Loss: 0.1912 Time: 503.454
#### prediction torch.Size([192, 4])
Epoch [10/11] Step [264/1241] Loss: 0.2419 Time: 504.91
#### prediction torch.Size([192, 4])
Epoch [10/11] Step [297/1241] Loss: 0.1829 Time: 506.363
#### prediction torch.Size([192, 4])
Epoch [10/11] Step [330/1241] Loss: 0.1412 Time: 507.818
#### prediction torch.Size([192, 4])
Epoch [10/11] Step [363/1241] Loss: 0.1549 Time: 509.271
#### prediction torch.Size([192, 4])
Epoch [10/11] Step [396/1241] Loss: 0.1512 Time: 510.728
#### prediction torch.Size([192, 4])
Epoch [10/11] Step [429/1241] Loss: 0.2013 Time: 512.182
#### prediction torch.Size([192, 4])
Epoch [10/11] Step [462/1241] Loss: 0.1999 Time: 513.636
#### prediction torch.Size([192, 4])
Epoch [10/11] Step [495/1241] Loss: 0.2258 Time: 515.088
#### prediction torch.Size([192, 4])
Epoch [10/11] Step [528/1241] Loss: 0.2146 Time: 516.541
#### prediction torch.Size([192, 4])
Epoch [10/11] Step [561/1241] Loss: 0.1623 Time: 517.994
#### prediction torch.Size([192, 4])
Epoch [10/11] Step [594/1241] Loss: 0.1606 Time: 519.446
#### prediction torch.Size([192, 4])
Epoch [10/11] Step [627/1241] Loss: 0.2474 Time: 520.899
#### prediction torch.Size([192, 4])
Epoch [10/11] Step [660/1241] Loss: 0.1716 Time: 522.352
#### prediction torch.Size([192, 4])
Epoch [10/11] Step [693/1241] Loss: 0.1902 Time: 523.805
#### prediction torch.Size([192, 4])
Epoch [10/11] Step [726/1241] Loss: 0.1935 Time: 525.43
#### prediction torch.Size([192, 4])
Epoch [10/11] Step [759/1241] Loss: 0.2206 Time: 526.884
#### prediction torch.Size([192, 4])
Epoch [10/11] Step [792/1241] Loss: 0.1393 Time: 528.337
#### prediction torch.Size([192, 4])
Epoch [10/11] Step [825/1241] Loss: 0.2514 Time: 529.789
#### prediction torch.Size([192, 4])
Epoch [10/11] Step [858/1241] Loss: 0.2256 Time: 531.243
#### prediction torch.Size([192, 4])
Epoch [10/11] Step [891/1241] Loss: 0.2109 Time: 532.696
#### prediction torch.Size([192, 4])
Epoch [10/11] Step [924/1241] Loss: 0.1368 Time: 534.153
#### prediction torch.Size([192, 4])
Epoch [10/11] Step [957/1241] Loss: 0.2118 Time: 535.605
#### prediction torch.Size([192, 4])
Epoch [10/11] Step [990/1241] Loss: 0.1822 Time: 537.06
#### prediction torch.Size([192, 4])
Epoch [10/11] Step [1023/1241] Loss: 0.1956 Time: 538.513
#### prediction torch.Size([192, 4])
Epoch [10/11] Step [1056/1241] Loss: 0.1798 Time: 539.977
#### prediction torch.Size([192, 4])
Epoch [10/11] Step [1089/1241] Loss: 0.2029 Time: 541.432
#### prediction torch.Size([192, 4])
Epoch [10/11] Step [1122/1241] Loss: 0.2900 Time: 542.887
#### prediction torch.Size([192, 4])
Epoch [10/11] Step [1155/1241] Loss: 0.2065 Time: 544.34
#### prediction torch.Size([192, 4])
Epoch [10/11] Step [1188/1241] Loss: 0.1878 Time: 545.794
#### prediction torch.Size([192, 4])
Epoch [10/11] Step [1221/1241] Loss: 0.1816 Time: 547.247
#### TRAINED MODEL ResNet1D model training time: 602.865 total training time: 609.049 ####
#### TRAINING TOTAL TIME: 602.866 ####
Accuracy of the ResNet1D model on the test set: 87.91801 %
#### TESTING TOTAL TIME: 4.506 ####
#### TIME #### TERMINO #### 46975.989 ####
#### FINITO #### TERMINO #### NO-VA-MAS ####
#### TIMES #### modelling TOTAL TOTAL ==>> 46975.989 seconds
#### #### READING DATA FILES #### ####
441 511 #### COMBI [reg, sid, ban, sec, men, med, sum, aci, bet, mmm, npp, htp, hhh] METRICS ####
('Plantation', '/home/vargas/repos/forests-sounds-vargas/out/data/extraction/Plantation/2_00_PSA0010-2010_dict_y_split_7_2512283_1736694580.pkl')
(297840, 13) Index(['reg', 'sid', 'ban', 'sec', 'men', 'med', 'sum', 'aci', 'bet', 'mmm',
       'npp'],
      dtype='object') Index(['ban', 'sec', 'men', 'med', 'sum', 'aci', 'bet', 'mmm', 'npp', 'htp',
       'hhh'],
      dtype='object')
#### MERGE 68 merge_data Dataframe shape: (297840, 13) #### time: 626
#### #### SPLIT TRAIN TEST #### ####
#### CLASSES: [0 1 2 3] TOTAL 4
#### SPLIT train_test_split and CUDA: ??? cuda:0 #### time: 35
#### MODELS - TOTAL 1 ####
#### EPOCHS 11 ####
#### TRAINING MODELS ####
#### TRAINING MODEL ResNet1D ####
#### prediction torch.Size([192, 4])
Epoch [10/11] Step [33/1241] Loss: 0.2051 Time: 493.499
#### prediction torch.Size([192, 4])
Epoch [10/11] Step [66/1241] Loss: 0.2159 Time: 494.955
#### prediction torch.Size([192, 4])
Epoch [10/11] Step [99/1241] Loss: 0.2265 Time: 496.408
#### prediction torch.Size([192, 4])
Epoch [10/11] Step [132/1241] Loss: 0.2230 Time: 497.866
#### prediction torch.Size([192, 4])
Epoch [10/11] Step [165/1241] Loss: 0.2120 Time: 499.322
#### prediction torch.Size([192, 4])
Epoch [10/11] Step [198/1241] Loss: 0.1862 Time: 500.777
#### prediction torch.Size([192, 4])
Epoch [10/11] Step [231/1241] Loss: 0.2114 Time: 502.233
#### prediction torch.Size([192, 4])
Epoch [10/11] Step [264/1241] Loss: 0.2903 Time: 503.688
#### prediction torch.Size([192, 4])
Epoch [10/11] Step [297/1241] Loss: 0.1635 Time: 505.143
#### prediction torch.Size([192, 4])
Epoch [10/11] Step [330/1241] Loss: 0.1904 Time: 506.601
#### prediction torch.Size([192, 4])
Epoch [10/11] Step [363/1241] Loss: 0.1923 Time: 508.056
#### prediction torch.Size([192, 4])
Epoch [10/11] Step [396/1241] Loss: 0.2617 Time: 509.512
#### prediction torch.Size([192, 4])
Epoch [10/11] Step [429/1241] Loss: 0.1997 Time: 510.976
#### prediction torch.Size([192, 4])
Epoch [10/11] Step [462/1241] Loss: 0.2024 Time: 512.432
#### prediction torch.Size([192, 4])
Epoch [10/11] Step [495/1241] Loss: 0.2948 Time: 513.888
#### prediction torch.Size([192, 4])
Epoch [10/11] Step [528/1241] Loss: 0.1837 Time: 515.346
#### prediction torch.Size([192, 4])
Epoch [10/11] Step [561/1241] Loss: 0.1742 Time: 516.8
#### prediction torch.Size([192, 4])
Epoch [10/11] Step [594/1241] Loss: 0.1483 Time: 518.255
#### prediction torch.Size([192, 4])
Epoch [10/11] Step [627/1241] Loss: 0.2012 Time: 519.709
#### prediction torch.Size([192, 4])
Epoch [10/11] Step [660/1241] Loss: 0.2808 Time: 521.165
#### prediction torch.Size([192, 4])
Epoch [10/11] Step [693/1241] Loss: 0.1892 Time: 522.621
#### prediction torch.Size([192, 4])
Epoch [10/11] Step [726/1241] Loss: 0.2107 Time: 524.077
#### prediction torch.Size([192, 4])
Epoch [10/11] Step [759/1241] Loss: 0.1923 Time: 525.533
#### prediction torch.Size([192, 4])
Epoch [10/11] Step [792/1241] Loss: 0.1776 Time: 526.988
#### prediction torch.Size([192, 4])
Epoch [10/11] Step [825/1241] Loss: 0.2401 Time: 528.443
#### prediction torch.Size([192, 4])
Epoch [10/11] Step [858/1241] Loss: 0.2286 Time: 529.898
#### prediction torch.Size([192, 4])
Epoch [10/11] Step [891/1241] Loss: 0.1739 Time: 531.353
#### prediction torch.Size([192, 4])
Epoch [10/11] Step [924/1241] Loss: 0.1413 Time: 532.811
#### prediction torch.Size([192, 4])
Epoch [10/11] Step [957/1241] Loss: 0.1794 Time: 534.266
#### prediction torch.Size([192, 4])
Epoch [10/11] Step [990/1241] Loss: 0.2399 Time: 535.724
#### prediction torch.Size([192, 4])
Epoch [10/11] Step [1023/1241] Loss: 0.2047 Time: 537.181
#### prediction torch.Size([192, 4])
Epoch [10/11] Step [1056/1241] Loss: 0.1560 Time: 538.636
#### prediction torch.Size([192, 4])
Epoch [10/11] Step [1089/1241] Loss: 0.1565 Time: 540.09
#### prediction torch.Size([192, 4])
Epoch [10/11] Step [1122/1241] Loss: 0.2663 Time: 541.557
#### prediction torch.Size([192, 4])
Epoch [10/11] Step [1155/1241] Loss: 0.2245 Time: 543.017
#### prediction torch.Size([192, 4])
Epoch [10/11] Step [1188/1241] Loss: 0.1859 Time: 544.473
#### prediction torch.Size([192, 4])
Epoch [10/11] Step [1221/1241] Loss: 0.2270 Time: 545.928
#### TRAINED MODEL ResNet1D model training time: 601.75 total training time: 605.287 ####
#### TRAINING TOTAL TIME: 601.75 ####
Accuracy of the ResNet1D model on the test set: 89.299624 %
#### TESTING TOTAL TIME: 4.515 ####
#### TIME #### TERMINO #### 47633.913 ####
#### FINITO #### TERMINO #### NO-VA-MAS ####
#### TIMES #### modelling TOTAL TOTAL ==>> 47633.913 seconds
#### #### READING DATA FILES #### ####
442 511 #### COMBI [reg, sid, ban, sec, men, med, sum, aci, bet, mmm, npp, htp, aei] METRICS ####
('Plantation', '/home/vargas/repos/forests-sounds-vargas/out/data/extraction/Plantation/2_00_PSA0010-2010_dict_y_split_7_2512283_1736694580.pkl')
(297840, 13) Index(['reg', 'sid', 'ban', 'sec', 'men', 'med', 'sum', 'aci', 'bet', 'mmm',
       'npp'],
      dtype='object') Index(['ban', 'sec', 'men', 'med', 'sum', 'aci', 'bet', 'mmm', 'npp', 'htp',
       'aei'],
      dtype='object')
#### MERGE 68 merge_data Dataframe shape: (297840, 13) #### time: 621
#### #### SPLIT TRAIN TEST #### ####
#### CLASSES: [0 1 2 3] TOTAL 4
#### SPLIT train_test_split and CUDA: ??? cuda:0 #### time: 35
#### MODELS - TOTAL 1 ####
#### EPOCHS 11 ####
#### TRAINING MODELS ####
#### TRAINING MODEL ResNet1D ####
#### prediction torch.Size([192, 4])
Epoch [10/11] Step [33/1241] Loss: 0.1636 Time: 493.81
#### prediction torch.Size([192, 4])
Epoch [10/11] Step [66/1241] Loss: 0.2236 Time: 495.26
#### prediction torch.Size([192, 4])
Epoch [10/11] Step [99/1241] Loss: 0.2450 Time: 496.709
#### prediction torch.Size([192, 4])
Epoch [10/11] Step [132/1241] Loss: 0.2031 Time: 498.16
#### prediction torch.Size([192, 4])
Epoch [10/11] Step [165/1241] Loss: 0.2183 Time: 499.611
#### prediction torch.Size([192, 4])
Epoch [10/11] Step [198/1241] Loss: 0.2108 Time: 501.235
#### prediction torch.Size([192, 4])
Epoch [10/11] Step [231/1241] Loss: 0.2715 Time: 502.686
#### prediction torch.Size([192, 4])
Epoch [10/11] Step [264/1241] Loss: 0.2006 Time: 504.137
#### prediction torch.Size([192, 4])
Epoch [10/11] Step [297/1241] Loss: 0.1445 Time: 505.587
#### prediction torch.Size([192, 4])
Epoch [10/11] Step [330/1241] Loss: 0.1603 Time: 507.037
#### prediction torch.Size([192, 4])
Epoch [10/11] Step [363/1241] Loss: 0.2384 Time: 508.488
#### prediction torch.Size([192, 4])
Epoch [10/11] Step [396/1241] Loss: 0.3376 Time: 509.94
#### prediction torch.Size([192, 4])
Epoch [10/11] Step [429/1241] Loss: 0.2303 Time: 511.389
#### prediction torch.Size([192, 4])
Epoch [10/11] Step [462/1241] Loss: 0.1424 Time: 512.84
#### prediction torch.Size([192, 4])
Epoch [10/11] Step [495/1241] Loss: 0.1883 Time: 514.293
#### prediction torch.Size([192, 4])
Epoch [10/11] Step [528/1241] Loss: 0.2328 Time: 515.747
#### prediction torch.Size([192, 4])
Epoch [10/11] Step [561/1241] Loss: 0.2079 Time: 517.198
#### prediction torch.Size([192, 4])
Epoch [10/11] Step [594/1241] Loss: 0.1765 Time: 518.649
#### prediction torch.Size([192, 4])
Epoch [10/11] Step [627/1241] Loss: 0.2109 Time: 520.1
#### prediction torch.Size([192, 4])
Epoch [10/11] Step [660/1241] Loss: 0.2092 Time: 521.551
#### prediction torch.Size([192, 4])
Epoch [10/11] Step [693/1241] Loss: 0.2271 Time: 523.002
#### prediction torch.Size([192, 4])
Epoch [10/11] Step [726/1241] Loss: 0.1740 Time: 524.453
#### prediction torch.Size([192, 4])
Epoch [10/11] Step [759/1241] Loss: 0.2058 Time: 525.904
#### prediction torch.Size([192, 4])
Epoch [10/11] Step [792/1241] Loss: 0.2527 Time: 527.355
#### prediction torch.Size([192, 4])
Epoch [10/11] Step [825/1241] Loss: 0.1489 Time: 528.805
#### prediction torch.Size([192, 4])
Epoch [10/11] Step [858/1241] Loss: 0.1615 Time: 530.255
#### prediction torch.Size([192, 4])
Epoch [10/11] Step [891/1241] Loss: 0.1990 Time: 531.705
#### prediction torch.Size([192, 4])
Epoch [10/11] Step [924/1241] Loss: 0.2086 Time: 533.157
#### prediction torch.Size([192, 4])
Epoch [10/11] Step [957/1241] Loss: 0.1826 Time: 534.607
#### prediction torch.Size([192, 4])
Epoch [10/11] Step [990/1241] Loss: 0.1920 Time: 536.057
#### prediction torch.Size([192, 4])
Epoch [10/11] Step [1023/1241] Loss: 0.1611 Time: 537.51
#### prediction torch.Size([192, 4])
Epoch [10/11] Step [1056/1241] Loss: 0.2328 Time: 538.96
#### prediction torch.Size([192, 4])
Epoch [10/11] Step [1089/1241] Loss: 0.1437 Time: 540.416
#### prediction torch.Size([192, 4])
Epoch [10/11] Step [1122/1241] Loss: 0.2374 Time: 541.866
#### prediction torch.Size([192, 4])
Epoch [10/11] Step [1155/1241] Loss: 0.2354 Time: 543.317
#### prediction torch.Size([192, 4])
Epoch [10/11] Step [1188/1241] Loss: 0.1500 Time: 544.779
#### prediction torch.Size([192, 4])
Epoch [10/11] Step [1221/1241] Loss: 0.2237 Time: 546.23
#### TRAINED MODEL ResNet1D model training time: 601.941 total training time: 605.209 ####
#### TRAINING TOTAL TIME: 601.942 ####
Accuracy of the ResNet1D model on the test set: 85.885039 %
#### TESTING TOTAL TIME: 4.497 ####
#### TIME #### TERMINO #### 48290.445 ####
#### FINITO #### TERMINO #### NO-VA-MAS ####
#### TIMES #### modelling TOTAL TOTAL ==>> 48290.445 seconds
#### #### READING DATA FILES #### ####
443 511 #### COMBI [reg, sid, ban, sec, men, med, sum, aci, bet, mmm, npp, hhh, aei] METRICS ####
('Plantation', '/home/vargas/repos/forests-sounds-vargas/out/data/extraction/Plantation/2_00_PSA0010-2010_dict_y_split_7_2512283_1736694580.pkl')
(297840, 13) Index(['reg', 'sid', 'ban', 'sec', 'men', 'med', 'sum', 'aci', 'bet', 'mmm',
       'npp'],
      dtype='object') Index(['ban', 'sec', 'men', 'med', 'sum', 'aci', 'bet', 'mmm', 'npp', 'hhh',
       'aei'],
      dtype='object')
#### MERGE 68 merge_data Dataframe shape: (297840, 13) #### time: 621
#### #### SPLIT TRAIN TEST #### ####
#### CLASSES: [0 1 2 3] TOTAL 4
#### SPLIT train_test_split and CUDA: ??? cuda:0 #### time: 35
#### MODELS - TOTAL 1 ####
#### EPOCHS 11 ####
#### TRAINING MODELS ####
#### TRAINING MODEL ResNet1D ####
#### prediction torch.Size([192, 4])
Epoch [10/11] Step [33/1241] Loss: 0.1856 Time: 493.711
#### prediction torch.Size([192, 4])
Epoch [10/11] Step [66/1241] Loss: 0.3296 Time: 495.164
#### prediction torch.Size([192, 4])
Epoch [10/11] Step [99/1241] Loss: 0.2434 Time: 496.617
#### prediction torch.Size([192, 4])
Epoch [10/11] Step [132/1241] Loss: 0.1465 Time: 498.083
#### prediction torch.Size([192, 4])
Epoch [10/11] Step [165/1241] Loss: 0.1913 Time: 499.535
#### prediction torch.Size([192, 4])
Epoch [10/11] Step [198/1241] Loss: 0.2178 Time: 500.988
#### prediction torch.Size([192, 4])
Epoch [10/11] Step [231/1241] Loss: 0.1885 Time: 502.442
#### prediction torch.Size([192, 4])
Epoch [10/11] Step [264/1241] Loss: 0.2445 Time: 503.895
#### prediction torch.Size([192, 4])
Epoch [10/11] Step [297/1241] Loss: 0.2283 Time: 505.347
#### prediction torch.Size([192, 4])
Epoch [10/11] Step [330/1241] Loss: 0.2477 Time: 506.801
#### prediction torch.Size([192, 4])
Epoch [10/11] Step [363/1241] Loss: 0.2495 Time: 508.263
#### prediction torch.Size([192, 4])
Epoch [10/11] Step [396/1241] Loss: 0.1844 Time: 509.725
#### prediction torch.Size([192, 4])
Epoch [10/11] Step [429/1241] Loss: 0.1968 Time: 511.176
#### prediction torch.Size([192, 4])
Epoch [10/11] Step [462/1241] Loss: 0.2483 Time: 512.63
#### prediction torch.Size([192, 4])
Epoch [10/11] Step [495/1241] Loss: 0.1962 Time: 514.087
#### prediction torch.Size([192, 4])
Epoch [10/11] Step [528/1241] Loss: 0.2240 Time: 515.54
#### prediction torch.Size([192, 4])
Epoch [10/11] Step [561/1241] Loss: 0.1696 Time: 516.993
#### prediction torch.Size([192, 4])
Epoch [10/11] Step [594/1241] Loss: 0.1490 Time: 518.451
#### prediction torch.Size([192, 4])
Epoch [10/11] Step [627/1241] Loss: 0.1632 Time: 519.904
#### prediction torch.Size([192, 4])
Epoch [10/11] Step [660/1241] Loss: 0.1637 Time: 521.359
#### prediction torch.Size([192, 4])
Epoch [10/11] Step [693/1241] Loss: 0.1900 Time: 522.812
#### prediction torch.Size([192, 4])
Epoch [10/11] Step [726/1241] Loss: 0.1809 Time: 524.264
#### prediction torch.Size([192, 4])
Epoch [10/11] Step [759/1241] Loss: 0.1592 Time: 525.717
#### prediction torch.Size([192, 4])
Epoch [10/11] Step [792/1241] Loss: 0.2101 Time: 527.169
#### prediction torch.Size([192, 4])
Epoch [10/11] Step [825/1241] Loss: 0.2053 Time: 528.622
#### prediction torch.Size([192, 4])
Epoch [10/11] Step [858/1241] Loss: 0.2177 Time: 530.075
#### prediction torch.Size([192, 4])
Epoch [10/11] Step [891/1241] Loss: 0.1765 Time: 531.527
#### prediction torch.Size([192, 4])
Epoch [10/11] Step [924/1241] Loss: 0.2789 Time: 532.981
#### prediction torch.Size([192, 4])
Epoch [10/11] Step [957/1241] Loss: 0.1683 Time: 534.434
#### prediction torch.Size([192, 4])
Epoch [10/11] Step [990/1241] Loss: 0.2407 Time: 535.886
#### prediction torch.Size([192, 4])
Epoch [10/11] Step [1023/1241] Loss: 0.2189 Time: 537.513
#### prediction torch.Size([192, 4])
Epoch [10/11] Step [1056/1241] Loss: 0.1722 Time: 538.966
#### prediction torch.Size([192, 4])
Epoch [10/11] Step [1089/1241] Loss: 0.1414 Time: 540.421
#### prediction torch.Size([192, 4])
Epoch [10/11] Step [1122/1241] Loss: 0.1744 Time: 541.875
#### prediction torch.Size([192, 4])
Epoch [10/11] Step [1155/1241] Loss: 0.2322 Time: 543.328
#### prediction torch.Size([192, 4])
Epoch [10/11] Step [1188/1241] Loss: 0.2095 Time: 544.783
#### prediction torch.Size([192, 4])
Epoch [10/11] Step [1221/1241] Loss: 0.2827 Time: 546.231
#### TRAINED MODEL ResNet1D model training time: 601.675 total training time: 604.811 ####
#### TRAINING TOTAL TIME: 601.675 ####
Accuracy of the ResNet1D model on the test set: 87.123959 %
#### TESTING TOTAL TIME: 4.514 ####
#### TIME #### TERMINO #### 48946.587 ####
#### FINITO #### TERMINO #### NO-VA-MAS ####
#### TIMES #### modelling TOTAL TOTAL ==>> 48946.588 seconds
#### #### READING DATA FILES #### ####
444 511 #### COMBI [reg, sid, ban, sec, men, med, sum, aci, bet, mmm, hfq, htp, hhh] METRICS ####
('Plantation', '/home/vargas/repos/forests-sounds-vargas/out/data/extraction/Plantation/2_00_PSA0010-2010_dict_y_split_7_2512283_1736694580.pkl')
(297840, 13) Index(['reg', 'sid', 'ban', 'sec', 'men', 'med', 'sum', 'aci', 'bet', 'mmm',
       'hfq'],
      dtype='object') Index(['ban', 'sec', 'men', 'med', 'sum', 'aci', 'bet', 'mmm', 'hfq', 'htp',
       'hhh'],
      dtype='object')
#### MERGE 68 merge_data Dataframe shape: (297840, 13) #### time: 621
#### #### SPLIT TRAIN TEST #### ####
#### CLASSES: [0 1 2 3] TOTAL 4
#### SPLIT train_test_split and CUDA: ??? cuda:0 #### time: 35
#### MODELS - TOTAL 1 ####
#### EPOCHS 11 ####
#### TRAINING MODELS ####
#### TRAINING MODEL ResNet1D ####
#### prediction torch.Size([192, 4])
Epoch [10/11] Step [33/1241] Loss: 0.2225 Time: 493.981
#### prediction torch.Size([192, 4])
Epoch [10/11] Step [66/1241] Loss: 0.2380 Time: 495.434
#### prediction torch.Size([192, 4])
Epoch [10/11] Step [99/1241] Loss: 0.1666 Time: 496.886
#### prediction torch.Size([192, 4])
Epoch [10/11] Step [132/1241] Loss: 0.1922 Time: 498.339
#### prediction torch.Size([192, 4])
Epoch [10/11] Step [165/1241] Loss: 0.2257 Time: 499.791
#### prediction torch.Size([192, 4])
Epoch [10/11] Step [198/1241] Loss: 0.1987 Time: 501.243
#### prediction torch.Size([192, 4])
Epoch [10/11] Step [231/1241] Loss: 0.1857 Time: 502.696
#### prediction torch.Size([192, 4])
Epoch [10/11] Step [264/1241] Loss: 0.3705 Time: 504.148
#### prediction torch.Size([192, 4])
Epoch [10/11] Step [297/1241] Loss: 0.2025 Time: 505.599
#### prediction torch.Size([192, 4])
Epoch [10/11] Step [330/1241] Loss: 0.2110 Time: 507.052
#### prediction torch.Size([192, 4])
Epoch [10/11] Step [363/1241] Loss: 0.2067 Time: 508.504
#### prediction torch.Size([192, 4])
Epoch [10/11] Step [396/1241] Loss: 0.1624 Time: 509.957
#### prediction torch.Size([192, 4])
Epoch [10/11] Step [429/1241] Loss: 0.2589 Time: 511.408
#### prediction torch.Size([192, 4])
Epoch [10/11] Step [462/1241] Loss: 0.1933 Time: 512.862
#### prediction torch.Size([192, 4])
Epoch [10/11] Step [495/1241] Loss: 0.1718 Time: 514.315
#### prediction torch.Size([192, 4])
Epoch [10/11] Step [528/1241] Loss: 0.1909 Time: 515.767
#### prediction torch.Size([192, 4])
Epoch [10/11] Step [561/1241] Loss: 0.1780 Time: 517.222
#### prediction torch.Size([192, 4])
Epoch [10/11] Step [594/1241] Loss: 0.1931 Time: 518.673
#### prediction torch.Size([192, 4])
Epoch [10/11] Step [627/1241] Loss: 0.2932 Time: 520.125
#### prediction torch.Size([192, 4])
Epoch [10/11] Step [660/1241] Loss: 0.1450 Time: 521.59
#### prediction torch.Size([192, 4])
Epoch [10/11] Step [693/1241] Loss: 0.1556 Time: 523.046
#### prediction torch.Size([192, 4])
Epoch [10/11] Step [726/1241] Loss: 0.2531 Time: 524.499
#### prediction torch.Size([192, 4])
Epoch [10/11] Step [759/1241] Loss: 0.1890 Time: 525.951
#### prediction torch.Size([192, 4])
Epoch [10/11] Step [792/1241] Loss: 0.2032 Time: 527.404
#### prediction torch.Size([192, 4])
Epoch [10/11] Step [825/1241] Loss: 0.1400 Time: 528.856
#### prediction torch.Size([192, 4])
Epoch [10/11] Step [858/1241] Loss: 0.1730 Time: 530.309
#### prediction torch.Size([192, 4])
Epoch [10/11] Step [891/1241] Loss: 0.2438 Time: 531.76
#### prediction torch.Size([192, 4])
Epoch [10/11] Step [924/1241] Loss: 0.1983 Time: 533.212
#### prediction torch.Size([192, 4])
Epoch [10/11] Step [957/1241] Loss: 0.2028 Time: 534.664
#### prediction torch.Size([192, 4])
Epoch [10/11] Step [990/1241] Loss: 0.3074 Time: 536.115
#### prediction torch.Size([192, 4])
Epoch [10/11] Step [1023/1241] Loss: 0.2243 Time: 537.568
#### prediction torch.Size([192, 4])
Epoch [10/11] Step [1056/1241] Loss: 0.3003 Time: 539.02
#### prediction torch.Size([192, 4])
Epoch [10/11] Step [1089/1241] Loss: 0.2080 Time: 540.472
#### prediction torch.Size([192, 4])
Epoch [10/11] Step [1122/1241] Loss: 0.1911 Time: 541.924
#### prediction torch.Size([192, 4])
Epoch [10/11] Step [1155/1241] Loss: 0.3606 Time: 543.377
#### prediction torch.Size([192, 4])
Epoch [10/11] Step [1188/1241] Loss: 0.2191 Time: 544.829
#### prediction torch.Size([192, 4])
Epoch [10/11] Step [1221/1241] Loss: 0.1865 Time: 546.281
#### TRAINED MODEL ResNet1D model training time: 602.036 total training time: 605.326 ####
#### TRAINING TOTAL TIME: 602.037 ####
Accuracy of the ResNet1D model on the test set: 77.239457 %
#### TESTING TOTAL TIME: 4.496 ####
#### TIME #### TERMINO #### 49603.935 ####
#### FINITO #### TERMINO #### NO-VA-MAS ####
#### TIMES #### modelling TOTAL TOTAL ==>> 49603.935 seconds
#### #### READING DATA FILES #### ####
445 511 #### COMBI [reg, sid, ban, sec, men, med, sum, aci, bet, mmm, hfq, htp, aei] METRICS ####
('Plantation', '/home/vargas/repos/forests-sounds-vargas/out/data/extraction/Plantation/2_00_PSA0010-2010_dict_y_split_7_2512283_1736694580.pkl')
(297840, 13) Index(['reg', 'sid', 'ban', 'sec', 'men', 'med', 'sum', 'aci', 'bet', 'mmm',
       'hfq'],
      dtype='object') Index(['ban', 'sec', 'men', 'med', 'sum', 'aci', 'bet', 'mmm', 'hfq', 'htp',
       'aei'],
      dtype='object')
#### MERGE 68 merge_data Dataframe shape: (297840, 13) #### time: 629
#### #### SPLIT TRAIN TEST #### ####
#### CLASSES: [0 1 2 3] TOTAL 4
#### SPLIT train_test_split and CUDA: ??? cuda:0 #### time: 35
#### MODELS - TOTAL 1 ####
#### EPOCHS 11 ####
#### TRAINING MODELS ####
#### TRAINING MODEL ResNet1D ####
#### prediction torch.Size([192, 4])
Epoch [10/11] Step [33/1241] Loss: 0.2320 Time: 494.086
#### prediction torch.Size([192, 4])
Epoch [10/11] Step [66/1241] Loss: 0.1129 Time: 495.541
#### prediction torch.Size([192, 4])
Epoch [10/11] Step [99/1241] Loss: 0.1342 Time: 496.994
#### prediction torch.Size([192, 4])
Epoch [10/11] Step [132/1241] Loss: 0.1452 Time: 498.449
#### prediction torch.Size([192, 4])
Epoch [10/11] Step [165/1241] Loss: 0.1658 Time: 499.903
#### prediction torch.Size([192, 4])
Epoch [10/11] Step [198/1241] Loss: 0.2044 Time: 501.357
#### prediction torch.Size([192, 4])
Epoch [10/11] Step [231/1241] Loss: 0.1541 Time: 502.811
#### prediction torch.Size([192, 4])
Epoch [10/11] Step [264/1241] Loss: 0.1551 Time: 504.265
#### prediction torch.Size([192, 4])
Epoch [10/11] Step [297/1241] Loss: 0.1401 Time: 505.72
#### prediction torch.Size([192, 4])
Epoch [10/11] Step [330/1241] Loss: 0.1269 Time: 507.175
#### prediction torch.Size([192, 4])
Epoch [10/11] Step [363/1241] Loss: 0.2332 Time: 508.628
#### prediction torch.Size([192, 4])
Epoch [10/11] Step [396/1241] Loss: 0.1604 Time: 510.083
#### prediction torch.Size([192, 4])
Epoch [10/11] Step [429/1241] Loss: 0.1354 Time: 511.538
#### prediction torch.Size([192, 4])
Epoch [10/11] Step [462/1241] Loss: 0.1467 Time: 512.994
#### prediction torch.Size([192, 4])
Epoch [10/11] Step [495/1241] Loss: 0.1272 Time: 514.447
#### prediction torch.Size([192, 4])
Epoch [10/11] Step [528/1241] Loss: 0.1736 Time: 516.074
#### prediction torch.Size([192, 4])
Epoch [10/11] Step [561/1241] Loss: 0.2052 Time: 517.534
#### prediction torch.Size([192, 4])
Epoch [10/11] Step [594/1241] Loss: 0.1519 Time: 518.988
#### prediction torch.Size([192, 4])
Epoch [10/11] Step [627/1241] Loss: 0.1475 Time: 520.444
#### prediction torch.Size([192, 4])
Epoch [10/11] Step [660/1241] Loss: 0.1425 Time: 521.899
#### prediction torch.Size([192, 4])
Epoch [10/11] Step [693/1241] Loss: 0.3329 Time: 523.353
#### prediction torch.Size([192, 4])
Epoch [10/11] Step [726/1241] Loss: 0.2630 Time: 524.809
#### prediction torch.Size([192, 4])
Epoch [10/11] Step [759/1241] Loss: 0.1351 Time: 526.264
#### prediction torch.Size([192, 4])
Epoch [10/11] Step [792/1241] Loss: 0.2486 Time: 527.719
#### prediction torch.Size([192, 4])
Epoch [10/11] Step [825/1241] Loss: 0.1460 Time: 529.173
#### prediction torch.Size([192, 4])
Epoch [10/11] Step [858/1241] Loss: 0.2130 Time: 530.628
#### prediction torch.Size([192, 4])
Epoch [10/11] Step [891/1241] Loss: 0.1947 Time: 532.084
#### prediction torch.Size([192, 4])
Epoch [10/11] Step [924/1241] Loss: 0.1197 Time: 533.538
#### prediction torch.Size([192, 4])
Epoch [10/11] Step [957/1241] Loss: 0.2318 Time: 534.994
#### prediction torch.Size([192, 4])
Epoch [10/11] Step [990/1241] Loss: 0.1527 Time: 536.448
#### prediction torch.Size([192, 4])
Epoch [10/11] Step [1023/1241] Loss: 0.1928 Time: 537.903
#### prediction torch.Size([192, 4])
Epoch [10/11] Step [1056/1241] Loss: 0.1668 Time: 539.357
#### prediction torch.Size([192, 4])
Epoch [10/11] Step [1089/1241] Loss: 0.1562 Time: 540.812
#### prediction torch.Size([192, 4])
Epoch [10/11] Step [1122/1241] Loss: 0.1802 Time: 542.265
#### prediction torch.Size([192, 4])
Epoch [10/11] Step [1155/1241] Loss: 0.2677 Time: 543.726
#### prediction torch.Size([192, 4])
Epoch [10/11] Step [1188/1241] Loss: 0.1382 Time: 545.18
#### prediction torch.Size([192, 4])
Epoch [10/11] Step [1221/1241] Loss: 0.1862 Time: 546.644
#### TRAINED MODEL ResNet1D model training time: 602.269 total training time: 605.506 ####
#### TRAINING TOTAL TIME: 602.269 ####
Accuracy of the ResNet1D model on the test set: 46.848979 %
#### TESTING TOTAL TIME: 4.689 ####
#### TIME #### TERMINO #### 50268.768 ####
#### FINITO #### TERMINO #### NO-VA-MAS ####
#### TIMES #### modelling TOTAL TOTAL ==>> 50268.768 seconds
#### #### READING DATA FILES #### ####
446 511 #### COMBI [reg, sid, ban, sec, men, med, sum, aci, bet, mmm, hfq, hhh, aei] METRICS ####
('Plantation', '/home/vargas/repos/forests-sounds-vargas/out/data/extraction/Plantation/2_00_PSA0010-2010_dict_y_split_7_2512283_1736694580.pkl')
(297840, 13) Index(['reg', 'sid', 'ban', 'sec', 'men', 'med', 'sum', 'aci', 'bet', 'mmm',
       'hfq'],
      dtype='object') Index(['ban', 'sec', 'men', 'med', 'sum', 'aci', 'bet', 'mmm', 'hfq', 'hhh',
       'aei'],
      dtype='object')
#### MERGE 68 merge_data Dataframe shape: (297840, 13) #### time: 622
#### #### SPLIT TRAIN TEST #### ####
#### CLASSES: [0 1 2 3] TOTAL 4
#### SPLIT train_test_split and CUDA: ??? cuda:0 #### time: 35
#### MODELS - TOTAL 1 ####
#### EPOCHS 11 ####
#### TRAINING MODELS ####
#### TRAINING MODEL ResNet1D ####
#### prediction torch.Size([192, 4])
Epoch [10/11] Step [33/1241] Loss: 0.1851 Time: 493.494
#### prediction torch.Size([192, 4])
Epoch [10/11] Step [66/1241] Loss: 0.3047 Time: 494.942
#### prediction torch.Size([192, 4])
Epoch [10/11] Step [99/1241] Loss: 0.2493 Time: 496.391
#### prediction torch.Size([192, 4])
Epoch [10/11] Step [132/1241] Loss: 0.2243 Time: 497.839
#### prediction torch.Size([192, 4])
Epoch [10/11] Step [165/1241] Loss: 0.2540 Time: 499.287
#### prediction torch.Size([192, 4])
Epoch [10/11] Step [198/1241] Loss: 0.2269 Time: 500.738
#### prediction torch.Size([192, 4])
Epoch [10/11] Step [231/1241] Loss: 0.1930 Time: 502.186
#### prediction torch.Size([192, 4])
Epoch [10/11] Step [264/1241] Loss: 0.2504 Time: 503.635
#### prediction torch.Size([192, 4])
Epoch [10/11] Step [297/1241] Loss: 0.2086 Time: 505.085
#### prediction torch.Size([192, 4])
Epoch [10/11] Step [330/1241] Loss: 0.2247 Time: 506.534
#### prediction torch.Size([192, 4])
Epoch [10/11] Step [363/1241] Loss: 0.2080 Time: 507.983
#### prediction torch.Size([192, 4])
Epoch [10/11] Step [396/1241] Loss: 0.2308 Time: 509.431
#### prediction torch.Size([192, 4])
Epoch [10/11] Step [429/1241] Loss: 0.1905 Time: 510.882
#### prediction torch.Size([192, 4])
Epoch [10/11] Step [462/1241] Loss: 0.2071 Time: 512.331
#### prediction torch.Size([192, 4])
Epoch [10/11] Step [495/1241] Loss: 0.2712 Time: 513.78
#### prediction torch.Size([192, 4])
Epoch [10/11] Step [528/1241] Loss: 0.2382 Time: 515.229
#### prediction torch.Size([192, 4])
Epoch [10/11] Step [561/1241] Loss: 0.2401 Time: 516.68
#### prediction torch.Size([192, 4])
Epoch [10/11] Step [594/1241] Loss: 0.1858 Time: 518.129
#### prediction torch.Size([192, 4])
Epoch [10/11] Step [627/1241] Loss: 0.2203 Time: 519.588
#### prediction torch.Size([192, 4])
Epoch [10/11] Step [660/1241] Loss: 0.1572 Time: 521.038
#### prediction torch.Size([192, 4])
Epoch [10/11] Step [693/1241] Loss: 0.2457 Time: 522.488
#### prediction torch.Size([192, 4])
Epoch [10/11] Step [726/1241] Loss: 0.2003 Time: 523.939
#### prediction torch.Size([192, 4])
Epoch [10/11] Step [759/1241] Loss: 0.6056 Time: 525.389
#### prediction torch.Size([192, 4])
Epoch [10/11] Step [792/1241] Loss: 0.2755 Time: 526.838
#### prediction torch.Size([192, 4])
Epoch [10/11] Step [825/1241] Loss: 0.2362 Time: 528.287
#### prediction torch.Size([192, 4])
Epoch [10/11] Step [858/1241] Loss: 0.2126 Time: 529.736
#### prediction torch.Size([192, 4])
Epoch [10/11] Step [891/1241] Loss: 0.2086 Time: 531.186
#### prediction torch.Size([192, 4])
Epoch [10/11] Step [924/1241] Loss: 0.2040 Time: 532.635
#### prediction torch.Size([192, 4])
Epoch [10/11] Step [957/1241] Loss: 0.1966 Time: 534.085
#### prediction torch.Size([192, 4])
Epoch [10/11] Step [990/1241] Loss: 0.2472 Time: 535.535
#### prediction torch.Size([192, 4])
Epoch [10/11] Step [1023/1241] Loss: 0.2784 Time: 536.984
#### prediction torch.Size([192, 4])
Epoch [10/11] Step [1056/1241] Loss: 0.2693 Time: 538.433
#### prediction torch.Size([192, 4])
Epoch [10/11] Step [1089/1241] Loss: 0.2944 Time: 539.883
#### prediction torch.Size([192, 4])
Epoch [10/11] Step [1122/1241] Loss: 0.1869 Time: 541.332
#### prediction torch.Size([192, 4])
Epoch [10/11] Step [1155/1241] Loss: 0.3683 Time: 542.781
#### prediction torch.Size([192, 4])
Epoch [10/11] Step [1188/1241] Loss: 0.2300 Time: 544.23
#### prediction torch.Size([192, 4])
Epoch [10/11] Step [1221/1241] Loss: 0.2553 Time: 545.683
#### TRAINED MODEL ResNet1D model training time: 601.284 total training time: 604.681 ####
#### TRAINING TOTAL TIME: 601.284 ####
Accuracy of the ResNet1D model on the test set: 68.625772 %
#### TESTING TOTAL TIME: 4.486 ####
#### TIME #### TERMINO #### 50925.856 ####
#### FINITO #### TERMINO #### NO-VA-MAS ####
#### TIMES #### modelling TOTAL TOTAL ==>> 50925.856 seconds
#### #### READING DATA FILES #### ####
447 511 #### COMBI [reg, sid, ban, sec, men, med, sum, aci, bet, mmm, htp, hhh, aei] METRICS ####
('Plantation', '/home/vargas/repos/forests-sounds-vargas/out/data/extraction/Plantation/2_00_PSA0010-2010_dict_y_split_7_2512283_1736694580.pkl')
(297840, 13) Index(['reg', 'sid', 'ban', 'sec', 'men', 'med', 'sum', 'aci', 'bet', 'mmm',
       'htp'],
      dtype='object') Index(['ban', 'sec', 'men', 'med', 'sum', 'aci', 'bet', 'mmm', 'htp', 'hhh',
       'aei'],
      dtype='object')
#### MERGE 68 merge_data Dataframe shape: (297840, 13) #### time: 623
#### #### SPLIT TRAIN TEST #### ####
#### CLASSES: [0 1 2 3] TOTAL 4
#### SPLIT train_test_split and CUDA: ??? cuda:0 #### time: 35
#### MODELS - TOTAL 1 ####
#### EPOCHS 11 ####
#### TRAINING MODELS ####
#### TRAINING MODEL ResNet1D ####
#### prediction torch.Size([192, 4])
Epoch [10/11] Step [33/1241] Loss: 0.1315 Time: 495.034
#### prediction torch.Size([192, 4])
Epoch [10/11] Step [66/1241] Loss: 0.1864 Time: 496.487
#### prediction torch.Size([192, 4])
Epoch [10/11] Step [99/1241] Loss: 0.1371 Time: 497.939
#### prediction torch.Size([192, 4])
Epoch [10/11] Step [132/1241] Loss: 0.2244 Time: 499.392
#### prediction torch.Size([192, 4])
Epoch [10/11] Step [165/1241] Loss: 0.2045 Time: 500.845
#### prediction torch.Size([192, 4])
Epoch [10/11] Step [198/1241] Loss: 0.1086 Time: 502.297
#### prediction torch.Size([192, 4])
Epoch [10/11] Step [231/1241] Loss: 0.1414 Time: 503.75
#### prediction torch.Size([192, 4])
Epoch [10/11] Step [264/1241] Loss: 0.1576 Time: 505.203
#### prediction torch.Size([192, 4])
Epoch [10/11] Step [297/1241] Loss: 0.2119 Time: 506.655
#### prediction torch.Size([192, 4])
Epoch [10/11] Step [330/1241] Loss: 0.1337 Time: 508.108
#### prediction torch.Size([192, 4])
Epoch [10/11] Step [363/1241] Loss: 0.1541 Time: 509.56
#### prediction torch.Size([192, 4])
Epoch [10/11] Step [396/1241] Loss: 0.2332 Time: 511.012
#### prediction torch.Size([192, 4])
Epoch [10/11] Step [429/1241] Loss: 0.1243 Time: 512.466
#### prediction torch.Size([192, 4])
Epoch [10/11] Step [462/1241] Loss: 0.2179 Time: 513.918
#### prediction torch.Size([192, 4])
Epoch [10/11] Step [495/1241] Loss: 0.0948 Time: 515.371
#### prediction torch.Size([192, 4])
Epoch [10/11] Step [528/1241] Loss: 0.1209 Time: 516.823
#### prediction torch.Size([192, 4])
Epoch [10/11] Step [561/1241] Loss: 0.1311 Time: 518.277
#### prediction torch.Size([192, 4])
Epoch [10/11] Step [594/1241] Loss: 0.1343 Time: 519.73
#### prediction torch.Size([192, 4])
Epoch [10/11] Step [627/1241] Loss: 0.1890 Time: 521.188
#### prediction torch.Size([192, 4])
Epoch [10/11] Step [660/1241] Loss: 0.1322 Time: 522.641
#### prediction torch.Size([192, 4])
Epoch [10/11] Step [693/1241] Loss: 0.2243 Time: 524.095
#### prediction torch.Size([192, 4])
Epoch [10/11] Step [726/1241] Loss: 0.1990 Time: 525.548
#### prediction torch.Size([192, 4])
Epoch [10/11] Step [759/1241] Loss: 0.1796 Time: 527.001
#### prediction torch.Size([192, 4])
Epoch [10/11] Step [792/1241] Loss: 0.1157 Time: 528.453
#### prediction torch.Size([192, 4])
Epoch [10/11] Step [825/1241] Loss: 0.1278 Time: 529.905
#### prediction torch.Size([192, 4])
Epoch [10/11] Step [858/1241] Loss: 0.1437 Time: 531.357
#### prediction torch.Size([192, 4])
Epoch [10/11] Step [891/1241] Loss: 0.1297 Time: 532.81
#### prediction torch.Size([192, 4])
Epoch [10/11] Step [924/1241] Loss: 0.2176 Time: 534.262
#### prediction torch.Size([192, 4])
Epoch [10/11] Step [957/1241] Loss: 0.1660 Time: 535.715
#### prediction torch.Size([192, 4])
Epoch [10/11] Step [990/1241] Loss: 0.2522 Time: 537.168
#### prediction torch.Size([192, 4])
Epoch [10/11] Step [1023/1241] Loss: 0.4138 Time: 538.621
#### prediction torch.Size([192, 4])
Epoch [10/11] Step [1056/1241] Loss: 0.1556 Time: 540.073
#### prediction torch.Size([192, 4])
Epoch [10/11] Step [1089/1241] Loss: 0.2053 Time: 541.527
#### prediction torch.Size([192, 4])
Epoch [10/11] Step [1122/1241] Loss: 0.1184 Time: 542.979
#### prediction torch.Size([192, 4])
Epoch [10/11] Step [1155/1241] Loss: 0.1943 Time: 544.432
#### prediction torch.Size([192, 4])
Epoch [10/11] Step [1188/1241] Loss: 0.1952 Time: 545.884
#### prediction torch.Size([192, 4])
Epoch [10/11] Step [1221/1241] Loss: 0.2253 Time: 547.338
#### TRAINED MODEL ResNet1D model training time: 603.107 total training time: 606.326 ####
#### TRAINING TOTAL TIME: 603.108 ####
Accuracy of the ResNet1D model on the test set: 32.245501 %
#### TESTING TOTAL TIME: 4.494 ####
#### TIME #### TERMINO #### 51585.81 ####
#### FINITO #### TERMINO #### NO-VA-MAS ####
#### TIMES #### modelling TOTAL TOTAL ==>> 51585.81 seconds
#### #### READING DATA FILES #### ####
448 511 #### COMBI [reg, sid, ban, sec, men, med, sum, aci, bet, npp, hfq, htp, hhh] METRICS ####
('Plantation', '/home/vargas/repos/forests-sounds-vargas/out/data/extraction/Plantation/2_00_PSA0010-2010_dict_y_split_7_2512283_1736694580.pkl')
(297840, 13) Index(['reg', 'sid', 'ban', 'sec', 'men', 'med', 'sum', 'aci', 'bet', 'npp',
       'hfq'],
      dtype='object') Index(['ban', 'sec', 'men', 'med', 'sum', 'aci', 'bet', 'npp', 'hfq', 'htp',
       'hhh'],
      dtype='object')
#### MERGE 68 merge_data Dataframe shape: (297840, 13) #### time: 623
#### #### SPLIT TRAIN TEST #### ####
#### CLASSES: [0 1 2 3] TOTAL 4
#### SPLIT train_test_split and CUDA: ??? cuda:0 #### time: 35
#### MODELS - TOTAL 1 ####
#### EPOCHS 11 ####
#### TRAINING MODELS ####
#### TRAINING MODEL ResNet1D ####
#### prediction torch.Size([192, 4])
Epoch [10/11] Step [33/1241] Loss: 0.1916 Time: 494.01
#### prediction torch.Size([192, 4])
Epoch [10/11] Step [66/1241] Loss: 0.1948 Time: 495.463
#### prediction torch.Size([192, 4])
Epoch [10/11] Step [99/1241] Loss: 0.2336 Time: 496.916
#### prediction torch.Size([192, 4])
Epoch [10/11] Step [132/1241] Loss: 0.2137 Time: 498.368
#### prediction torch.Size([192, 4])
Epoch [10/11] Step [165/1241] Loss: 0.1801 Time: 499.82
#### prediction torch.Size([192, 4])
Epoch [10/11] Step [198/1241] Loss: 0.2538 Time: 501.272
#### prediction torch.Size([192, 4])
Epoch [10/11] Step [231/1241] Loss: 0.2705 Time: 502.725
#### prediction torch.Size([192, 4])
Epoch [10/11] Step [264/1241] Loss: 0.1938 Time: 504.176
#### prediction torch.Size([192, 4])
Epoch [10/11] Step [297/1241] Loss: 0.1895 Time: 505.628
#### prediction torch.Size([192, 4])
Epoch [10/11] Step [330/1241] Loss: 0.1881 Time: 507.081
#### prediction torch.Size([192, 4])
Epoch [10/11] Step [363/1241] Loss: 0.1791 Time: 508.533
#### prediction torch.Size([192, 4])
Epoch [10/11] Step [396/1241] Loss: 0.1495 Time: 509.985
#### prediction torch.Size([192, 4])
Epoch [10/11] Step [429/1241] Loss: 0.1686 Time: 511.441
#### prediction torch.Size([192, 4])
Epoch [10/11] Step [462/1241] Loss: 0.1612 Time: 512.907
#### prediction torch.Size([192, 4])
Epoch [10/11] Step [495/1241] Loss: 0.2155 Time: 514.36
#### prediction torch.Size([192, 4])
Epoch [10/11] Step [528/1241] Loss: 0.1937 Time: 515.813
#### prediction torch.Size([192, 4])
Epoch [10/11] Step [561/1241] Loss: 0.2756 Time: 517.266
#### prediction torch.Size([192, 4])
Epoch [10/11] Step [594/1241] Loss: 0.2732 Time: 518.719
#### prediction torch.Size([192, 4])
Epoch [10/11] Step [627/1241] Loss: 0.1775 Time: 520.173
#### prediction torch.Size([192, 4])
Epoch [10/11] Step [660/1241] Loss: 0.1744 Time: 521.637
#### prediction torch.Size([192, 4])
Epoch [10/11] Step [693/1241] Loss: 0.1900 Time: 523.096
#### prediction torch.Size([192, 4])
Epoch [10/11] Step [726/1241] Loss: 0.2254 Time: 524.549
#### prediction torch.Size([192, 4])
Epoch [10/11] Step [759/1241] Loss: 0.1393 Time: 526.174
#### prediction torch.Size([192, 4])
Epoch [10/11] Step [792/1241] Loss: 0.2151 Time: 527.629
#### prediction torch.Size([192, 4])
Epoch [10/11] Step [825/1241] Loss: 0.1923 Time: 529.082
#### prediction torch.Size([192, 4])
Epoch [10/11] Step [858/1241] Loss: 0.2058 Time: 530.534
#### prediction torch.Size([192, 4])
Epoch [10/11] Step [891/1241] Loss: 0.2021 Time: 531.987
#### prediction torch.Size([192, 4])
Epoch [10/11] Step [924/1241] Loss: 0.1971 Time: 533.439
#### prediction torch.Size([192, 4])
Epoch [10/11] Step [957/1241] Loss: 0.1882 Time: 534.892
#### prediction torch.Size([192, 4])
Epoch [10/11] Step [990/1241] Loss: 0.2236 Time: 536.344
#### prediction torch.Size([192, 4])
Epoch [10/11] Step [1023/1241] Loss: 0.1846 Time: 537.797
#### prediction torch.Size([192, 4])
Epoch [10/11] Step [1056/1241] Loss: 0.1791 Time: 539.249
#### prediction torch.Size([192, 4])
Epoch [10/11] Step [1089/1241] Loss: 0.1410 Time: 540.701
#### prediction torch.Size([192, 4])
Epoch [10/11] Step [1122/1241] Loss: 0.2208 Time: 542.156
#### prediction torch.Size([192, 4])
Epoch [10/11] Step [1155/1241] Loss: 0.2006 Time: 543.61
#### prediction torch.Size([192, 4])
Epoch [10/11] Step [1188/1241] Loss: 0.1701 Time: 545.062
#### prediction torch.Size([192, 4])
Epoch [10/11] Step [1221/1241] Loss: 0.2160 Time: 546.515
#### TRAINED MODEL ResNet1D model training time: 602.08 total training time: 605.61 ####
#### TRAINING TOTAL TIME: 602.081 ####
Accuracy of the ResNet1D model on the test set: 80.128593 %
#### TESTING TOTAL TIME: 4.495 ####
#### TIME #### TERMINO #### 52243.571 ####
#### FINITO #### TERMINO #### NO-VA-MAS ####
#### TIMES #### modelling TOTAL TOTAL ==>> 52243.571 seconds
#### #### READING DATA FILES #### ####
449 511 #### COMBI [reg, sid, ban, sec, men, med, sum, aci, bet, npp, hfq, htp, aei] METRICS ####
('Plantation', '/home/vargas/repos/forests-sounds-vargas/out/data/extraction/Plantation/2_00_PSA0010-2010_dict_y_split_7_2512283_1736694580.pkl')
(297840, 13) Index(['reg', 'sid', 'ban', 'sec', 'men', 'med', 'sum', 'aci', 'bet', 'npp',
       'hfq'],
      dtype='object') Index(['ban', 'sec', 'men', 'med', 'sum', 'aci', 'bet', 'npp', 'hfq', 'htp',
       'aei'],
      dtype='object')
#### MERGE 68 merge_data Dataframe shape: (297840, 13) #### time: 622
#### #### SPLIT TRAIN TEST #### ####
#### CLASSES: [0 1 2 3] TOTAL 4
#### SPLIT train_test_split and CUDA: ??? cuda:0 #### time: 35
#### MODELS - TOTAL 1 ####
#### EPOCHS 11 ####
#### TRAINING MODELS ####
#### TRAINING MODEL ResNet1D ####
#### prediction torch.Size([192, 4])
Epoch [10/11] Step [33/1241] Loss: 0.2404 Time: 494.233
#### prediction torch.Size([192, 4])
Epoch [10/11] Step [66/1241] Loss: 0.2189 Time: 495.69
#### prediction torch.Size([192, 4])
Epoch [10/11] Step [99/1241] Loss: 0.2995 Time: 497.142
#### prediction torch.Size([192, 4])
Epoch [10/11] Step [132/1241] Loss: 0.1944 Time: 498.595
#### prediction torch.Size([192, 4])
Epoch [10/11] Step [165/1241] Loss: 0.1787 Time: 500.047
#### prediction torch.Size([192, 4])
Epoch [10/11] Step [198/1241] Loss: 0.2871 Time: 501.5
#### prediction torch.Size([192, 4])
Epoch [10/11] Step [231/1241] Loss: 0.2054 Time: 502.952
#### prediction torch.Size([192, 4])
Epoch [10/11] Step [264/1241] Loss: 0.1967 Time: 504.404
#### prediction torch.Size([192, 4])
Epoch [10/11] Step [297/1241] Loss: 0.2968 Time: 505.858
#### prediction torch.Size([192, 4])
Epoch [10/11] Step [330/1241] Loss: 0.2103 Time: 507.31
#### prediction torch.Size([192, 4])
Epoch [10/11] Step [363/1241] Loss: 0.2123 Time: 508.763
#### prediction torch.Size([192, 4])
Epoch [10/11] Step [396/1241] Loss: 0.1354 Time: 510.216
#### prediction torch.Size([192, 4])
Epoch [10/11] Step [429/1241] Loss: 0.1723 Time: 511.669
#### prediction torch.Size([192, 4])
Epoch [10/11] Step [462/1241] Loss: 0.2869 Time: 513.121
#### prediction torch.Size([192, 4])
Epoch [10/11] Step [495/1241] Loss: 0.1604 Time: 514.573
#### prediction torch.Size([192, 4])
Epoch [10/11] Step [528/1241] Loss: 0.1947 Time: 516.027
#### prediction torch.Size([192, 4])
Epoch [10/11] Step [561/1241] Loss: 0.1515 Time: 517.479
#### prediction torch.Size([192, 4])
Epoch [10/11] Step [594/1241] Loss: 0.1798 Time: 518.933
#### prediction torch.Size([192, 4])
Epoch [10/11] Step [627/1241] Loss: 0.2441 Time: 520.386
#### prediction torch.Size([192, 4])
Epoch [10/11] Step [660/1241] Loss: 0.1843 Time: 521.839
#### prediction torch.Size([192, 4])
Epoch [10/11] Step [693/1241] Loss: 0.2275 Time: 523.3
#### prediction torch.Size([192, 4])
Epoch [10/11] Step [726/1241] Loss: 0.1659 Time: 524.759
#### prediction torch.Size([192, 4])
Epoch [10/11] Step [759/1241] Loss: 0.2318 Time: 526.213
#### prediction torch.Size([192, 4])
Epoch [10/11] Step [792/1241] Loss: 0.1979 Time: 527.666
#### prediction torch.Size([192, 4])
Epoch [10/11] Step [825/1241] Loss: 0.1830 Time: 529.118
#### prediction torch.Size([192, 4])
Epoch [10/11] Step [858/1241] Loss: 0.2303 Time: 530.571
#### prediction torch.Size([192, 4])
Epoch [10/11] Step [891/1241] Loss: 0.1965 Time: 532.024
#### prediction torch.Size([192, 4])
Epoch [10/11] Step [924/1241] Loss: 0.2135 Time: 533.475
#### prediction torch.Size([192, 4])
Epoch [10/11] Step [957/1241] Loss: 0.3273 Time: 534.928
#### prediction torch.Size([192, 4])
Epoch [10/11] Step [990/1241] Loss: 0.2084 Time: 536.38
#### prediction torch.Size([192, 4])
Epoch [10/11] Step [1023/1241] Loss: 0.1878 Time: 537.833
#### prediction torch.Size([192, 4])
Epoch [10/11] Step [1056/1241] Loss: 0.2041 Time: 539.286
#### prediction torch.Size([192, 4])
Epoch [10/11] Step [1089/1241] Loss: 0.2130 Time: 540.74
#### prediction torch.Size([192, 4])
Epoch [10/11] Step [1122/1241] Loss: 0.1946 Time: 542.192
#### prediction torch.Size([192, 4])
Epoch [10/11] Step [1155/1241] Loss: 0.2939 Time: 543.644
#### prediction torch.Size([192, 4])
Epoch [10/11] Step [1188/1241] Loss: 0.1644 Time: 545.098
#### prediction torch.Size([192, 4])
Epoch [10/11] Step [1221/1241] Loss: 0.1715 Time: 546.552
#### TRAINED MODEL ResNet1D model training time: 602.295 total training time: 605.841 ####
#### TRAINING TOTAL TIME: 602.296 ####
Accuracy of the ResNet1D model on the test set: 87.928082 %
#### TESTING TOTAL TIME: 4.504 ####
#### TIME #### TERMINO #### 52901.752 ####
#### FINITO #### TERMINO #### NO-VA-MAS ####
#### TIMES #### modelling TOTAL TOTAL ==>> 52901.752 seconds
#### #### READING DATA FILES #### ####
450 511 #### COMBI [reg, sid, ban, sec, men, med, sum, aci, bet, npp, hfq, hhh, aei] METRICS ####
('Plantation', '/home/vargas/repos/forests-sounds-vargas/out/data/extraction/Plantation/2_00_PSA0010-2010_dict_y_split_7_2512283_1736694580.pkl')
(297840, 13) Index(['reg', 'sid', 'ban', 'sec', 'men', 'med', 'sum', 'aci', 'bet', 'npp',
       'hfq'],
      dtype='object') Index(['ban', 'sec', 'men', 'med', 'sum', 'aci', 'bet', 'npp', 'hfq', 'hhh',
       'aei'],
      dtype='object')
#### MERGE 68 merge_data Dataframe shape: (297840, 13) #### time: 625
#### #### SPLIT TRAIN TEST #### ####
#### CLASSES: [0 1 2 3] TOTAL 4
#### SPLIT train_test_split and CUDA: ??? cuda:0 #### time: 35
#### MODELS - TOTAL 1 ####
#### EPOCHS 11 ####
#### TRAINING MODELS ####
#### TRAINING MODEL ResNet1D ####
#### prediction torch.Size([192, 4])
Epoch [10/11] Step [33/1241] Loss: 0.1812 Time: 494.117
#### prediction torch.Size([192, 4])
Epoch [10/11] Step [66/1241] Loss: 0.2193 Time: 495.568
#### prediction torch.Size([192, 4])
Epoch [10/11] Step [99/1241] Loss: 0.2201 Time: 497.021
#### prediction torch.Size([192, 4])
Epoch [10/11] Step [132/1241] Loss: 0.1627 Time: 498.472
#### prediction torch.Size([192, 4])
Epoch [10/11] Step [165/1241] Loss: 0.1749 Time: 499.923
#### prediction torch.Size([192, 4])
Epoch [10/11] Step [198/1241] Loss: 0.1570 Time: 501.374
#### prediction torch.Size([192, 4])
Epoch [10/11] Step [231/1241] Loss: 0.2784 Time: 502.826
#### prediction torch.Size([192, 4])
Epoch [10/11] Step [264/1241] Loss: 0.1803 Time: 504.277
#### prediction torch.Size([192, 4])
Epoch [10/11] Step [297/1241] Loss: 0.2419 Time: 505.728
#### prediction torch.Size([192, 4])
Epoch [10/11] Step [330/1241] Loss: 0.2289 Time: 507.18
#### prediction torch.Size([192, 4])
Epoch [10/11] Step [363/1241] Loss: 0.1497 Time: 508.632
#### prediction torch.Size([192, 4])
Epoch [10/11] Step [396/1241] Loss: 0.1785 Time: 510.255
#### prediction torch.Size([192, 4])
Epoch [10/11] Step [429/1241] Loss: 0.2080 Time: 511.707
#### prediction torch.Size([192, 4])
Epoch [10/11] Step [462/1241] Loss: 0.1903 Time: 513.158
#### prediction torch.Size([192, 4])
Epoch [10/11] Step [495/1241] Loss: 0.1658 Time: 514.609
#### prediction torch.Size([192, 4])
Epoch [10/11] Step [528/1241] Loss: 0.2221 Time: 516.059
#### prediction torch.Size([192, 4])
Epoch [10/11] Step [561/1241] Loss: 0.1706 Time: 517.511
#### prediction torch.Size([192, 4])
Epoch [10/11] Step [594/1241] Loss: 0.2321 Time: 518.963
#### prediction torch.Size([192, 4])
Epoch [10/11] Step [627/1241] Loss: 0.2406 Time: 520.414
#### prediction torch.Size([192, 4])
Epoch [10/11] Step [660/1241] Loss: 0.1642 Time: 521.866
#### prediction torch.Size([192, 4])
Epoch [10/11] Step [693/1241] Loss: 0.1722 Time: 523.327
#### prediction torch.Size([192, 4])
Epoch [10/11] Step [726/1241] Loss: 0.2344 Time: 524.779
#### prediction torch.Size([192, 4])
Epoch [10/11] Step [759/1241] Loss: 0.1712 Time: 526.231
#### prediction torch.Size([192, 4])
Epoch [10/11] Step [792/1241] Loss: 0.1567 Time: 527.684
#### prediction torch.Size([192, 4])
Epoch [10/11] Step [825/1241] Loss: 0.2055 Time: 529.136
#### prediction torch.Size([192, 4])
Epoch [10/11] Step [858/1241] Loss: 0.1862 Time: 530.587
#### prediction torch.Size([192, 4])
Epoch [10/11] Step [891/1241] Loss: 0.2096 Time: 532.04
#### prediction torch.Size([192, 4])
Epoch [10/11] Step [924/1241] Loss: 0.1799 Time: 533.491
#### prediction torch.Size([192, 4])
Epoch [10/11] Step [957/1241] Loss: 0.1394 Time: 534.942
#### prediction torch.Size([192, 4])
Epoch [10/11] Step [990/1241] Loss: 0.2254 Time: 536.395
#### prediction torch.Size([192, 4])
Epoch [10/11] Step [1023/1241] Loss: 0.2324 Time: 537.851
#### prediction torch.Size([192, 4])
Epoch [10/11] Step [1056/1241] Loss: 0.2074 Time: 539.302
#### prediction torch.Size([192, 4])
Epoch [10/11] Step [1089/1241] Loss: 0.1802 Time: 540.754
#### prediction torch.Size([192, 4])
Epoch [10/11] Step [1122/1241] Loss: 0.2661 Time: 542.207
#### prediction torch.Size([192, 4])
Epoch [10/11] Step [1155/1241] Loss: 0.1930 Time: 543.657
#### prediction torch.Size([192, 4])
Epoch [10/11] Step [1188/1241] Loss: 0.2223 Time: 545.108
#### prediction torch.Size([192, 4])
Epoch [10/11] Step [1221/1241] Loss: 0.1644 Time: 546.56
#### TRAINED MODEL ResNet1D model training time: 602.078 total training time: 605.479 ####
#### TRAINING TOTAL TIME: 602.078 ####
Accuracy of the ResNet1D model on the test set: 87.956621 %
#### TESTING TOTAL TIME: 4.659 ####
#### TIME #### TERMINO #### 53562.147 ####
#### FINITO #### TERMINO #### NO-VA-MAS ####
#### TIMES #### modelling TOTAL TOTAL ==>> 53562.147 seconds
#### #### READING DATA FILES #### ####
451 511 #### COMBI [reg, sid, ban, sec, men, med, sum, aci, bet, npp, htp, hhh, aei] METRICS ####
('Plantation', '/home/vargas/repos/forests-sounds-vargas/out/data/extraction/Plantation/2_00_PSA0010-2010_dict_y_split_7_2512283_1736694580.pkl')
(297840, 13) Index(['reg', 'sid', 'ban', 'sec', 'men', 'med', 'sum', 'aci', 'bet', 'npp',
       'htp'],
      dtype='object') Index(['ban', 'sec', 'men', 'med', 'sum', 'aci', 'bet', 'npp', 'htp', 'hhh',
       'aei'],
      dtype='object')
#### MERGE 68 merge_data Dataframe shape: (297840, 13) #### time: 623
#### #### SPLIT TRAIN TEST #### ####
#### CLASSES: [0 1 2 3] TOTAL 4
#### SPLIT train_test_split and CUDA: ??? cuda:0 #### time: 35
#### MODELS - TOTAL 1 ####
#### EPOCHS 11 ####
#### TRAINING MODELS ####
#### TRAINING MODEL ResNet1D ####
#### prediction torch.Size([192, 4])
Epoch [10/11] Step [33/1241] Loss: 0.2165 Time: 493.576
#### prediction torch.Size([192, 4])
Epoch [10/11] Step [66/1241] Loss: 0.1664 Time: 495.044
#### prediction torch.Size([192, 4])
Epoch [10/11] Step [99/1241] Loss: 0.1477 Time: 496.497
#### prediction torch.Size([192, 4])
Epoch [10/11] Step [132/1241] Loss: 0.1555 Time: 497.946
#### prediction torch.Size([192, 4])
Epoch [10/11] Step [165/1241] Loss: 0.2150 Time: 499.397
#### prediction torch.Size([192, 4])
Epoch [10/11] Step [198/1241] Loss: 0.1801 Time: 500.847
#### prediction torch.Size([192, 4])
Epoch [10/11] Step [231/1241] Loss: 0.2355 Time: 502.297
#### prediction torch.Size([192, 4])
Epoch [10/11] Step [264/1241] Loss: 0.1682 Time: 503.746
#### prediction torch.Size([192, 4])
Epoch [10/11] Step [297/1241] Loss: 0.1700 Time: 505.196
#### prediction torch.Size([192, 4])
Epoch [10/11] Step [330/1241] Loss: 0.2074 Time: 506.646
#### prediction torch.Size([192, 4])
Epoch [10/11] Step [363/1241] Loss: 0.3265 Time: 508.095
#### prediction torch.Size([192, 4])
Epoch [10/11] Step [396/1241] Loss: 0.1777 Time: 509.545
#### prediction torch.Size([192, 4])
Epoch [10/11] Step [429/1241] Loss: 0.2218 Time: 510.997
#### prediction torch.Size([192, 4])
Epoch [10/11] Step [462/1241] Loss: 0.2143 Time: 512.447
#### prediction torch.Size([192, 4])
Epoch [10/11] Step [495/1241] Loss: 0.2406 Time: 513.897
#### prediction torch.Size([192, 4])
Epoch [10/11] Step [528/1241] Loss: 0.1480 Time: 515.348
#### prediction torch.Size([192, 4])
Epoch [10/11] Step [561/1241] Loss: 0.2341 Time: 516.799
#### prediction torch.Size([192, 4])
Epoch [10/11] Step [594/1241] Loss: 0.2227 Time: 518.249
#### prediction torch.Size([192, 4])
Epoch [10/11] Step [627/1241] Loss: 0.1850 Time: 519.7
#### prediction torch.Size([192, 4])
Epoch [10/11] Step [660/1241] Loss: 0.2902 Time: 521.151
#### prediction torch.Size([192, 4])
Epoch [10/11] Step [693/1241] Loss: 0.1961 Time: 522.6
#### prediction torch.Size([192, 4])
Epoch [10/11] Step [726/1241] Loss: 0.2711 Time: 524.051
#### prediction torch.Size([192, 4])
Epoch [10/11] Step [759/1241] Loss: 0.2057 Time: 525.514
#### prediction torch.Size([192, 4])
Epoch [10/11] Step [792/1241] Loss: 0.2149 Time: 526.965
#### prediction torch.Size([192, 4])
Epoch [10/11] Step [825/1241] Loss: 0.2284 Time: 528.417
#### prediction torch.Size([192, 4])
Epoch [10/11] Step [858/1241] Loss: 0.1748 Time: 529.867
#### prediction torch.Size([192, 4])
Epoch [10/11] Step [891/1241] Loss: 0.1776 Time: 531.321
#### prediction torch.Size([192, 4])
Epoch [10/11] Step [924/1241] Loss: 0.1415 Time: 532.771
#### prediction torch.Size([192, 4])
Epoch [10/11] Step [957/1241] Loss: 0.2091 Time: 534.222
#### prediction torch.Size([192, 4])
Epoch [10/11] Step [990/1241] Loss: 0.1954 Time: 535.674
#### prediction torch.Size([192, 4])
Epoch [10/11] Step [1023/1241] Loss: 0.2352 Time: 537.126
#### prediction torch.Size([192, 4])
Epoch [10/11] Step [1056/1241] Loss: 0.1986 Time: 538.577
#### prediction torch.Size([192, 4])
Epoch [10/11] Step [1089/1241] Loss: 0.2175 Time: 540.029
#### prediction torch.Size([192, 4])
Epoch [10/11] Step [1122/1241] Loss: 0.2179 Time: 541.48
#### prediction torch.Size([192, 4])
Epoch [10/11] Step [1155/1241] Loss: 0.1465 Time: 542.931
#### prediction torch.Size([192, 4])
Epoch [10/11] Step [1188/1241] Loss: 0.2060 Time: 544.382
#### prediction torch.Size([192, 4])
Epoch [10/11] Step [1221/1241] Loss: 0.1592 Time: 546.003
#### TRAINED MODEL ResNet1D model training time: 601.483 total training time: 604.881 ####
#### TRAINING TOTAL TIME: 601.484 ####
Accuracy of the ResNet1D model on the test set: 88.413242 %
#### TESTING TOTAL TIME: 4.498 ####
#### TIME #### TERMINO #### 54219.467 ####
#### FINITO #### TERMINO #### NO-VA-MAS ####
#### TIMES #### modelling TOTAL TOTAL ==>> 54219.467 seconds
#### #### READING DATA FILES #### ####
452 511 #### COMBI [reg, sid, ban, sec, men, med, sum, aci, bet, hfq, htp, hhh, aei] METRICS ####
('Plantation', '/home/vargas/repos/forests-sounds-vargas/out/data/extraction/Plantation/2_00_PSA0010-2010_dict_y_split_7_2512283_1736694580.pkl')
(297840, 13) Index(['reg', 'sid', 'ban', 'sec', 'men', 'med', 'sum', 'aci', 'bet', 'hfq',
       'htp'],
      dtype='object') Index(['ban', 'sec', 'men', 'med', 'sum', 'aci', 'bet', 'hfq', 'htp', 'hhh',
       'aei'],
      dtype='object')
#### MERGE 68 merge_data Dataframe shape: (297840, 13) #### time: 621
#### #### SPLIT TRAIN TEST #### ####
#### CLASSES: [0 1 2 3] TOTAL 4
#### SPLIT train_test_split and CUDA: ??? cuda:0 #### time: 35
#### MODELS - TOTAL 1 ####
#### EPOCHS 11 ####
#### TRAINING MODELS ####
#### TRAINING MODEL ResNet1D ####
#### prediction torch.Size([192, 4])
Epoch [10/11] Step [33/1241] Loss: 0.2302 Time: 493.821
#### prediction torch.Size([192, 4])
Epoch [10/11] Step [66/1241] Loss: 0.2105 Time: 495.273
#### prediction torch.Size([192, 4])
Epoch [10/11] Step [99/1241] Loss: 0.1833 Time: 496.724
#### prediction torch.Size([192, 4])
Epoch [10/11] Step [132/1241] Loss: 1.4998 Time: 498.18
#### prediction torch.Size([192, 4])
Epoch [10/11] Step [165/1241] Loss: 0.5965 Time: 499.636
#### prediction torch.Size([192, 4])
Epoch [10/11] Step [198/1241] Loss: 0.5329 Time: 501.088
#### prediction torch.Size([192, 4])
Epoch [10/11] Step [231/1241] Loss: 0.5360 Time: 502.54
#### prediction torch.Size([192, 4])
Epoch [10/11] Step [264/1241] Loss: 0.5005 Time: 503.991
#### prediction torch.Size([192, 4])
Epoch [10/11] Step [297/1241] Loss: 0.4634 Time: 505.443
#### prediction torch.Size([192, 4])
Epoch [10/11] Step [330/1241] Loss: 0.4736 Time: 506.895
#### prediction torch.Size([192, 4])
Epoch [10/11] Step [363/1241] Loss: 0.4061 Time: 508.347
#### prediction torch.Size([192, 4])
Epoch [10/11] Step [396/1241] Loss: 0.5144 Time: 509.798
#### prediction torch.Size([192, 4])
Epoch [10/11] Step [429/1241] Loss: 0.4034 Time: 511.249
#### prediction torch.Size([192, 4])
Epoch [10/11] Step [462/1241] Loss: 0.3741 Time: 512.7
#### prediction torch.Size([192, 4])
Epoch [10/11] Step [495/1241] Loss: 0.4782 Time: 514.151
#### prediction torch.Size([192, 4])
Epoch [10/11] Step [528/1241] Loss: 0.3558 Time: 515.604
#### prediction torch.Size([192, 4])
Epoch [10/11] Step [561/1241] Loss: 0.3990 Time: 517.055
#### prediction torch.Size([192, 4])
Epoch [10/11] Step [594/1241] Loss: 0.4112 Time: 518.506
#### prediction torch.Size([192, 4])
Epoch [10/11] Step [627/1241] Loss: 0.3568 Time: 519.958
#### prediction torch.Size([192, 4])
Epoch [10/11] Step [660/1241] Loss: 0.3271 Time: 521.41
#### prediction torch.Size([192, 4])
Epoch [10/11] Step [693/1241] Loss: 0.2022 Time: 522.862
#### prediction torch.Size([192, 4])
Epoch [10/11] Step [726/1241] Loss: 0.3333 Time: 524.314
#### prediction torch.Size([192, 4])
Epoch [10/11] Step [759/1241] Loss: 0.2963 Time: 525.767
#### prediction torch.Size([192, 4])
Epoch [10/11] Step [792/1241] Loss: 0.3469 Time: 527.219
#### prediction torch.Size([192, 4])
Epoch [10/11] Step [825/1241] Loss: 0.2672 Time: 528.681
#### prediction torch.Size([192, 4])
Epoch [10/11] Step [858/1241] Loss: 0.2848 Time: 530.136
#### prediction torch.Size([192, 4])
Epoch [10/11] Step [891/1241] Loss: 0.1974 Time: 531.588
#### prediction torch.Size([192, 4])
Epoch [10/11] Step [924/1241] Loss: 0.3177 Time: 533.039
#### prediction torch.Size([192, 4])
Epoch [10/11] Step [957/1241] Loss: 0.2234 Time: 534.491
#### prediction torch.Size([192, 4])
Epoch [10/11] Step [990/1241] Loss: 0.2611 Time: 535.943
#### prediction torch.Size([192, 4])
Epoch [10/11] Step [1023/1241] Loss: 0.2807 Time: 537.394
#### prediction torch.Size([192, 4])
Epoch [10/11] Step [1056/1241] Loss: 0.2288 Time: 538.847
#### prediction torch.Size([192, 4])
Epoch [10/11] Step [1089/1241] Loss: 0.3023 Time: 540.299
#### prediction torch.Size([192, 4])
Epoch [10/11] Step [1122/1241] Loss: 0.2510 Time: 541.75
#### prediction torch.Size([192, 4])
Epoch [10/11] Step [1155/1241] Loss: 0.2430 Time: 543.201
#### prediction torch.Size([192, 4])
Epoch [10/11] Step [1188/1241] Loss: 0.2752 Time: 544.652
#### prediction torch.Size([192, 4])
Epoch [10/11] Step [1221/1241] Loss: 0.2396 Time: 546.104
#### TRAINED MODEL ResNet1D model training time: 601.83 total training time: 605.07 ####
#### TRAINING TOTAL TIME: 601.83 ####
Accuracy of the ResNet1D model on the test set: 62.165928 %
#### TESTING TOTAL TIME: 4.497 ####
#### TIME #### TERMINO #### 54876.507 ####
#### FINITO #### TERMINO #### NO-VA-MAS ####
#### TIMES #### modelling TOTAL TOTAL ==>> 54876.507 seconds
#### #### READING DATA FILES #### ####
453 511 #### COMBI [reg, sid, ban, sec, men, med, sum, aci, mmm, npp, hfq, htp, hhh] METRICS ####
('Plantation', '/home/vargas/repos/forests-sounds-vargas/out/data/extraction/Plantation/2_00_PSA0010-2010_dict_y_split_7_2512283_1736694580.pkl')
(297840, 13) Index(['reg', 'sid', 'ban', 'sec', 'men', 'med', 'sum', 'aci', 'mmm', 'npp',
       'hfq'],
      dtype='object') Index(['ban', 'sec', 'men', 'med', 'sum', 'aci', 'mmm', 'npp', 'hfq', 'htp',
       'hhh'],
      dtype='object')
#### MERGE 68 merge_data Dataframe shape: (297840, 13) #### time: 622
#### #### SPLIT TRAIN TEST #### ####
#### CLASSES: [0 1 2 3] TOTAL 4
#### SPLIT train_test_split and CUDA: ??? cuda:0 #### time: 35
#### MODELS - TOTAL 1 ####
#### EPOCHS 11 ####
#### TRAINING MODELS ####
#### TRAINING MODEL ResNet1D ####
#### prediction torch.Size([192, 4])
Epoch [10/11] Step [33/1241] Loss: 0.3178 Time: 493.988
#### prediction torch.Size([192, 4])
Epoch [10/11] Step [66/1241] Loss: 0.1981 Time: 495.44
#### prediction torch.Size([192, 4])
Epoch [10/11] Step [99/1241] Loss: 0.1733 Time: 496.893
#### prediction torch.Size([192, 4])
Epoch [10/11] Step [132/1241] Loss: 0.3405 Time: 498.344
#### prediction torch.Size([192, 4])
Epoch [10/11] Step [165/1241] Loss: 0.2595 Time: 499.796
#### prediction torch.Size([192, 4])
Epoch [10/11] Step [198/1241] Loss: 0.2147 Time: 501.256
#### prediction torch.Size([192, 4])
Epoch [10/11] Step [231/1241] Loss: 0.2561 Time: 502.712
#### prediction torch.Size([192, 4])
Epoch [10/11] Step [264/1241] Loss: 0.2189 Time: 504.166
#### prediction torch.Size([192, 4])
Epoch [10/11] Step [297/1241] Loss: 0.2351 Time: 505.617
#### prediction torch.Size([192, 4])
Epoch [10/11] Step [330/1241] Loss: 0.2281 Time: 507.07
#### prediction torch.Size([192, 4])
Epoch [10/11] Step [363/1241] Loss: 0.2191 Time: 508.521
#### prediction torch.Size([192, 4])
Epoch [10/11] Step [396/1241] Loss: 0.2547 Time: 509.991
#### prediction torch.Size([192, 4])
Epoch [10/11] Step [429/1241] Loss: 0.2558 Time: 511.444
#### prediction torch.Size([192, 4])
Epoch [10/11] Step [462/1241] Loss: 0.1969 Time: 512.896
#### prediction torch.Size([192, 4])
Epoch [10/11] Step [495/1241] Loss: 0.1958 Time: 514.348
#### prediction torch.Size([192, 4])
Epoch [10/11] Step [528/1241] Loss: 0.2073 Time: 515.802
#### prediction torch.Size([192, 4])
Epoch [10/11] Step [561/1241] Loss: 0.2475 Time: 517.256
#### prediction torch.Size([192, 4])
Epoch [10/11] Step [594/1241] Loss: 0.1551 Time: 518.707
#### prediction torch.Size([192, 4])
Epoch [10/11] Step [627/1241] Loss: 0.2833 Time: 520.16
#### prediction torch.Size([192, 4])
Epoch [10/11] Step [660/1241] Loss: 0.2439 Time: 521.62
#### prediction torch.Size([192, 4])
Epoch [10/11] Step [693/1241] Loss: 0.3465 Time: 523.086
#### prediction torch.Size([192, 4])
Epoch [10/11] Step [726/1241] Loss: 0.2851 Time: 524.711
#### prediction torch.Size([192, 4])
Epoch [10/11] Step [759/1241] Loss: 0.2255 Time: 526.164
#### prediction torch.Size([192, 4])
Epoch [10/11] Step [792/1241] Loss: 0.1990 Time: 527.616
#### prediction torch.Size([192, 4])
Epoch [10/11] Step [825/1241] Loss: 0.2404 Time: 529.068
#### prediction torch.Size([192, 4])
Epoch [10/11] Step [858/1241] Loss: 0.1913 Time: 530.529
#### prediction torch.Size([192, 4])
Epoch [10/11] Step [891/1241] Loss: 0.2161 Time: 531.984
#### prediction torch.Size([192, 4])
Epoch [10/11] Step [924/1241] Loss: 0.2433 Time: 533.436
#### prediction torch.Size([192, 4])
Epoch [10/11] Step [957/1241] Loss: 0.1902 Time: 534.889
#### prediction torch.Size([192, 4])
Epoch [10/11] Step [990/1241] Loss: 0.1850 Time: 536.341
#### prediction torch.Size([192, 4])
Epoch [10/11] Step [1023/1241] Loss: 0.2620 Time: 537.792
#### prediction torch.Size([192, 4])
Epoch [10/11] Step [1056/1241] Loss: 0.3048 Time: 539.244
#### prediction torch.Size([192, 4])
Epoch [10/11] Step [1089/1241] Loss: 0.2501 Time: 540.696
#### prediction torch.Size([192, 4])
Epoch [10/11] Step [1122/1241] Loss: 0.2171 Time: 542.148
#### prediction torch.Size([192, 4])
Epoch [10/11] Step [1155/1241] Loss: 0.2500 Time: 543.599
#### prediction torch.Size([192, 4])
Epoch [10/11] Step [1188/1241] Loss: 0.2509 Time: 545.051
#### prediction torch.Size([192, 4])
Epoch [10/11] Step [1221/1241] Loss: 0.2553 Time: 546.503
#### TRAINED MODEL ResNet1D model training time: 601.928 total training time: 605.342 ####
#### TRAINING TOTAL TIME: 601.928 ####
Accuracy of the ResNet1D model on the test set: 88.500537 %
#### TESTING TOTAL TIME: 4.496 ####
#### TIME #### TERMINO #### 55534.298 ####
#### FINITO #### TERMINO #### NO-VA-MAS ####
#### TIMES #### modelling TOTAL TOTAL ==>> 55534.298 seconds
#### #### READING DATA FILES #### ####
454 511 #### COMBI [reg, sid, ban, sec, men, med, sum, aci, mmm, npp, hfq, htp, aei] METRICS ####
('Plantation', '/home/vargas/repos/forests-sounds-vargas/out/data/extraction/Plantation/2_00_PSA0010-2010_dict_y_split_7_2512283_1736694580.pkl')
(297840, 13) Index(['reg', 'sid', 'ban', 'sec', 'men', 'med', 'sum', 'aci', 'mmm', 'npp',
       'hfq'],
      dtype='object') Index(['ban', 'sec', 'men', 'med', 'sum', 'aci', 'mmm', 'npp', 'hfq', 'htp',
       'aei'],
      dtype='object')
#### MERGE 68 merge_data Dataframe shape: (297840, 13) #### time: 623
#### #### SPLIT TRAIN TEST #### ####
#### CLASSES: [0 1 2 3] TOTAL 4
#### SPLIT train_test_split and CUDA: ??? cuda:0 #### time: 35
#### MODELS - TOTAL 1 ####
#### EPOCHS 11 ####
#### TRAINING MODELS ####
#### TRAINING MODEL ResNet1D ####
#### prediction torch.Size([192, 4])
Epoch [10/11] Step [33/1241] Loss: 0.1763 Time: 493.319
#### prediction torch.Size([192, 4])
Epoch [10/11] Step [66/1241] Loss: 0.2007 Time: 494.768
#### prediction torch.Size([192, 4])
Epoch [10/11] Step [99/1241] Loss: 0.1751 Time: 496.217
#### prediction torch.Size([192, 4])
Epoch [10/11] Step [132/1241] Loss: 0.2470 Time: 497.667
#### prediction torch.Size([192, 4])
Epoch [10/11] Step [165/1241] Loss: 0.1790 Time: 499.116
#### prediction torch.Size([192, 4])
Epoch [10/11] Step [198/1241] Loss: 0.2775 Time: 500.564
#### prediction torch.Size([192, 4])
Epoch [10/11] Step [231/1241] Loss: 0.2578 Time: 502.025
#### prediction torch.Size([192, 4])
Epoch [10/11] Step [264/1241] Loss: 0.2123 Time: 503.478
#### prediction torch.Size([192, 4])
Epoch [10/11] Step [297/1241] Loss: 0.1564 Time: 504.925
#### prediction torch.Size([192, 4])
Epoch [10/11] Step [330/1241] Loss: 0.2209 Time: 506.374
#### prediction torch.Size([192, 4])
Epoch [10/11] Step [363/1241] Loss: 0.1912 Time: 507.824
#### prediction torch.Size([192, 4])
Epoch [10/11] Step [396/1241] Loss: 0.2021 Time: 509.273
#### prediction torch.Size([192, 4])
Epoch [10/11] Step [429/1241] Loss: 0.1953 Time: 510.721
#### prediction torch.Size([192, 4])
Epoch [10/11] Step [462/1241] Loss: 0.2460 Time: 512.17
#### prediction torch.Size([192, 4])
Epoch [10/11] Step [495/1241] Loss: 0.2401 Time: 513.619
#### prediction torch.Size([192, 4])
Epoch [10/11] Step [528/1241] Loss: 0.2066 Time: 515.068
#### prediction torch.Size([192, 4])
Epoch [10/11] Step [561/1241] Loss: 0.1962 Time: 516.516
#### prediction torch.Size([192, 4])
Epoch [10/11] Step [594/1241] Loss: 0.1970 Time: 517.966
#### prediction torch.Size([192, 4])
Epoch [10/11] Step [627/1241] Loss: 0.1700 Time: 519.414
#### prediction torch.Size([192, 4])
Epoch [10/11] Step [660/1241] Loss: 0.1734 Time: 520.862
#### prediction torch.Size([192, 4])
Epoch [10/11] Step [693/1241] Loss: 0.2318 Time: 522.31
#### prediction torch.Size([192, 4])
Epoch [10/11] Step [726/1241] Loss: 0.2452 Time: 523.76
#### prediction torch.Size([192, 4])
Epoch [10/11] Step [759/1241] Loss: 0.2004 Time: 525.208
#### prediction torch.Size([192, 4])
Epoch [10/11] Step [792/1241] Loss: 0.2177 Time: 526.657
#### prediction torch.Size([192, 4])
Epoch [10/11] Step [825/1241] Loss: 0.2748 Time: 528.107
#### prediction torch.Size([192, 4])
Epoch [10/11] Step [858/1241] Loss: 0.1906 Time: 529.555
#### prediction torch.Size([192, 4])
Epoch [10/11] Step [891/1241] Loss: 0.1986 Time: 531.004
#### prediction torch.Size([192, 4])
Epoch [10/11] Step [924/1241] Loss: 0.1857 Time: 532.463
#### prediction torch.Size([192, 4])
Epoch [10/11] Step [957/1241] Loss: 0.1909 Time: 533.914
#### prediction torch.Size([192, 4])
Epoch [10/11] Step [990/1241] Loss: 0.2453 Time: 535.363
#### prediction torch.Size([192, 4])
Epoch [10/11] Step [1023/1241] Loss: 0.3366 Time: 536.812
#### prediction torch.Size([192, 4])
Epoch [10/11] Step [1056/1241] Loss: 0.2725 Time: 538.261
#### prediction torch.Size([192, 4])
Epoch [10/11] Step [1089/1241] Loss: 0.2738 Time: 539.709
#### prediction torch.Size([192, 4])
Epoch [10/11] Step [1122/1241] Loss: 0.2317 Time: 541.158
#### prediction torch.Size([192, 4])
Epoch [10/11] Step [1155/1241] Loss: 0.1934 Time: 542.608
#### prediction torch.Size([192, 4])
Epoch [10/11] Step [1188/1241] Loss: 0.2958 Time: 544.055
#### prediction torch.Size([192, 4])
Epoch [10/11] Step [1221/1241] Loss: 0.1946 Time: 545.503
#### TRAINED MODEL ResNet1D model training time: 601.096 total training time: 604.583 ####
#### TRAINING TOTAL TIME: 601.097 ####
Accuracy of the ResNet1D model on the test set: 88.834609 %
#### TESTING TOTAL TIME: 4.495 ####
#### TIME #### TERMINO #### 56192.576 ####
#### FINITO #### TERMINO #### NO-VA-MAS ####
#### TIMES #### modelling TOTAL TOTAL ==>> 56192.576 seconds
#### #### READING DATA FILES #### ####
455 511 #### COMBI [reg, sid, ban, sec, men, med, sum, aci, mmm, npp, hfq, hhh, aei] METRICS ####
('Plantation', '/home/vargas/repos/forests-sounds-vargas/out/data/extraction/Plantation/2_00_PSA0010-2010_dict_y_split_7_2512283_1736694580.pkl')
(297840, 13) Index(['reg', 'sid', 'ban', 'sec', 'men', 'med', 'sum', 'aci', 'mmm', 'npp',
       'hfq'],
      dtype='object') Index(['ban', 'sec', 'men', 'med', 'sum', 'aci', 'mmm', 'npp', 'hfq', 'hhh',
       'aei'],
      dtype='object')
#### MERGE 68 merge_data Dataframe shape: (297840, 13) #### time: 630
#### #### SPLIT TRAIN TEST #### ####
#### CLASSES: [0 1 2 3] TOTAL 4
#### SPLIT train_test_split and CUDA: ??? cuda:0 #### time: 35
#### MODELS - TOTAL 1 ####
#### EPOCHS 11 ####
#### TRAINING MODELS ####
#### TRAINING MODEL ResNet1D ####
#### prediction torch.Size([192, 4])
Epoch [10/11] Step [33/1241] Loss: 0.2055 Time: 493.798
#### prediction torch.Size([192, 4])
Epoch [10/11] Step [66/1241] Loss: 0.3704 Time: 495.253
#### prediction torch.Size([192, 4])
Epoch [10/11] Step [99/1241] Loss: 0.1911 Time: 496.719
#### prediction torch.Size([192, 4])
Epoch [10/11] Step [132/1241] Loss: 0.2021 Time: 498.177
#### prediction torch.Size([192, 4])
Epoch [10/11] Step [165/1241] Loss: 0.2260 Time: 499.632
#### prediction torch.Size([192, 4])
Epoch [10/11] Step [198/1241] Loss: 0.2480 Time: 501.26
#### prediction torch.Size([192, 4])
Epoch [10/11] Step [231/1241] Loss: 0.1728 Time: 502.715
#### prediction torch.Size([192, 4])
Epoch [10/11] Step [264/1241] Loss: 0.2404 Time: 504.168
#### prediction torch.Size([192, 4])
Epoch [10/11] Step [297/1241] Loss: 0.1813 Time: 505.623
#### prediction torch.Size([192, 4])
Epoch [10/11] Step [330/1241] Loss: 0.2260 Time: 507.076
#### prediction torch.Size([192, 4])
Epoch [10/11] Step [363/1241] Loss: 0.2628 Time: 508.531
#### prediction torch.Size([192, 4])
Epoch [10/11] Step [396/1241] Loss: 0.2425 Time: 509.985
#### prediction torch.Size([192, 4])
Epoch [10/11] Step [429/1241] Loss: 0.2191 Time: 511.441
#### prediction torch.Size([192, 4])
Epoch [10/11] Step [462/1241] Loss: 0.2199 Time: 512.895
#### prediction torch.Size([192, 4])
Epoch [10/11] Step [495/1241] Loss: 0.1762 Time: 514.35
#### prediction torch.Size([192, 4])
Epoch [10/11] Step [528/1241] Loss: 0.1925 Time: 515.805
#### prediction torch.Size([192, 4])
Epoch [10/11] Step [561/1241] Loss: 0.2454 Time: 517.259
#### prediction torch.Size([192, 4])
Epoch [10/11] Step [594/1241] Loss: 0.2076 Time: 518.714
#### prediction torch.Size([192, 4])
Epoch [10/11] Step [627/1241] Loss: 0.1684 Time: 520.169
#### prediction torch.Size([192, 4])
Epoch [10/11] Step [660/1241] Loss: 0.1725 Time: 521.623
#### prediction torch.Size([192, 4])
Epoch [10/11] Step [693/1241] Loss: 0.2365 Time: 523.078
#### prediction torch.Size([192, 4])
Epoch [10/11] Step [726/1241] Loss: 0.2186 Time: 524.532
#### prediction torch.Size([192, 4])
Epoch [10/11] Step [759/1241] Loss: 0.1595 Time: 525.996
#### prediction torch.Size([192, 4])
Epoch [10/11] Step [792/1241] Loss: 0.2004 Time: 527.45
#### prediction torch.Size([192, 4])
Epoch [10/11] Step [825/1241] Loss: 0.1810 Time: 528.909
#### prediction torch.Size([192, 4])
Epoch [10/11] Step [858/1241] Loss: 0.2976 Time: 530.363
#### prediction torch.Size([192, 4])
Epoch [10/11] Step [891/1241] Loss: 0.1812 Time: 531.817
#### prediction torch.Size([192, 4])
Epoch [10/11] Step [924/1241] Loss: 0.2328 Time: 533.271
#### prediction torch.Size([192, 4])
Epoch [10/11] Step [957/1241] Loss: 0.2584 Time: 534.725
#### prediction torch.Size([192, 4])
Epoch [10/11] Step [990/1241] Loss: 0.1951 Time: 536.179
#### prediction torch.Size([192, 4])
Epoch [10/11] Step [1023/1241] Loss: 0.1826 Time: 537.633
#### prediction torch.Size([192, 4])
Epoch [10/11] Step [1056/1241] Loss: 0.1727 Time: 539.088
#### prediction torch.Size([192, 4])
Epoch [10/11] Step [1089/1241] Loss: 0.3267 Time: 540.542
#### prediction torch.Size([192, 4])
Epoch [10/11] Step [1122/1241] Loss: 0.1653 Time: 541.996
#### prediction torch.Size([192, 4])
Epoch [10/11] Step [1155/1241] Loss: 0.1914 Time: 543.451
#### prediction torch.Size([192, 4])
Epoch [10/11] Step [1188/1241] Loss: 0.2247 Time: 544.905
#### prediction torch.Size([192, 4])
Epoch [10/11] Step [1221/1241] Loss: 0.1369 Time: 546.359
#### TRAINED MODEL ResNet1D model training time: 602.152 total training time: 605.553 ####
#### TRAINING TOTAL TIME: 602.152 ####
Accuracy of the ResNet1D model on the test set: 82.685334 %
#### TESTING TOTAL TIME: 4.511 ####
#### TIME #### TERMINO #### 56859.403 ####
#### FINITO #### TERMINO #### NO-VA-MAS ####
#### TIMES #### modelling TOTAL TOTAL ==>> 56859.403 seconds
#### #### READING DATA FILES #### ####
456 511 #### COMBI [reg, sid, ban, sec, men, med, sum, aci, mmm, npp, htp, hhh, aei] METRICS ####
('Plantation', '/home/vargas/repos/forests-sounds-vargas/out/data/extraction/Plantation/2_00_PSA0010-2010_dict_y_split_7_2512283_1736694580.pkl')
(297840, 13) Index(['reg', 'sid', 'ban', 'sec', 'men', 'med', 'sum', 'aci', 'mmm', 'npp',
       'htp'],
      dtype='object') Index(['ban', 'sec', 'men', 'med', 'sum', 'aci', 'mmm', 'npp', 'htp', 'hhh',
       'aei'],
      dtype='object')
#### MERGE 68 merge_data Dataframe shape: (297840, 13) #### time: 624
#### #### SPLIT TRAIN TEST #### ####
#### CLASSES: [0 1 2 3] TOTAL 4
#### SPLIT train_test_split and CUDA: ??? cuda:0 #### time: 35
#### MODELS - TOTAL 1 ####
#### EPOCHS 11 ####
#### TRAINING MODELS ####
#### TRAINING MODEL ResNet1D ####
#### prediction torch.Size([192, 4])
Epoch [10/11] Step [33/1241] Loss: 0.2581 Time: 494.197
#### prediction torch.Size([192, 4])
Epoch [10/11] Step [66/1241] Loss: 0.1888 Time: 495.65
#### prediction torch.Size([192, 4])
Epoch [10/11] Step [99/1241] Loss: 0.1713 Time: 497.111
#### prediction torch.Size([192, 4])
Epoch [10/11] Step [132/1241] Loss: 0.2595 Time: 498.562
#### prediction torch.Size([192, 4])
Epoch [10/11] Step [165/1241] Loss: 0.1823 Time: 500.02
#### prediction torch.Size([192, 4])
Epoch [10/11] Step [198/1241] Loss: 0.2259 Time: 501.473
#### prediction torch.Size([192, 4])
Epoch [10/11] Step [231/1241] Loss: 0.2650 Time: 502.924
#### prediction torch.Size([192, 4])
Epoch [10/11] Step [264/1241] Loss: 0.1763 Time: 504.376
#### prediction torch.Size([192, 4])
Epoch [10/11] Step [297/1241] Loss: 0.2225 Time: 505.828
#### prediction torch.Size([192, 4])
Epoch [10/11] Step [330/1241] Loss: 0.1927 Time: 507.281
#### prediction torch.Size([192, 4])
Epoch [10/11] Step [363/1241] Loss: 0.2175 Time: 508.732
#### prediction torch.Size([192, 4])
Epoch [10/11] Step [396/1241] Loss: 0.2196 Time: 510.184
#### prediction torch.Size([192, 4])
Epoch [10/11] Step [429/1241] Loss: 0.1926 Time: 511.636
#### prediction torch.Size([192, 4])
Epoch [10/11] Step [462/1241] Loss: 0.2666 Time: 513.088
#### prediction torch.Size([192, 4])
Epoch [10/11] Step [495/1241] Loss: 0.2439 Time: 514.54
#### prediction torch.Size([192, 4])
Epoch [10/11] Step [528/1241] Loss: 0.2045 Time: 515.992
#### prediction torch.Size([192, 4])
Epoch [10/11] Step [561/1241] Loss: 0.2597 Time: 517.445
#### prediction torch.Size([192, 4])
Epoch [10/11] Step [594/1241] Loss: 0.2188 Time: 518.897
#### prediction torch.Size([192, 4])
Epoch [10/11] Step [627/1241] Loss: 0.2717 Time: 520.349
#### prediction torch.Size([192, 4])
Epoch [10/11] Step [660/1241] Loss: 0.2138 Time: 521.8
#### prediction torch.Size([192, 4])
Epoch [10/11] Step [693/1241] Loss: 0.2370 Time: 523.252
#### prediction torch.Size([192, 4])
Epoch [10/11] Step [726/1241] Loss: 0.2448 Time: 524.703
#### prediction torch.Size([192, 4])
Epoch [10/11] Step [759/1241] Loss: 0.2159 Time: 526.158
#### prediction torch.Size([192, 4])
Epoch [10/11] Step [792/1241] Loss: 0.2683 Time: 527.611
#### prediction torch.Size([192, 4])
Epoch [10/11] Step [825/1241] Loss: 0.3008 Time: 529.066
#### prediction torch.Size([192, 4])
Epoch [10/11] Step [858/1241] Loss: 0.1875 Time: 530.518
#### prediction torch.Size([192, 4])
Epoch [10/11] Step [891/1241] Loss: 0.2173 Time: 531.97
#### prediction torch.Size([192, 4])
Epoch [10/11] Step [924/1241] Loss: 0.2804 Time: 533.422
#### prediction torch.Size([192, 4])
Epoch [10/11] Step [957/1241] Loss: 0.2240 Time: 534.875
#### prediction torch.Size([192, 4])
Epoch [10/11] Step [990/1241] Loss: 0.2542 Time: 536.327
#### prediction torch.Size([192, 4])
Epoch [10/11] Step [1023/1241] Loss: 0.2528 Time: 537.951
#### prediction torch.Size([192, 4])
Epoch [10/11] Step [1056/1241] Loss: 0.2390 Time: 539.403
#### prediction torch.Size([192, 4])
Epoch [10/11] Step [1089/1241] Loss: 0.2460 Time: 540.856
#### prediction torch.Size([192, 4])
Epoch [10/11] Step [1122/1241] Loss: 0.2569 Time: 542.308
#### prediction torch.Size([192, 4])
Epoch [10/11] Step [1155/1241] Loss: 0.2323 Time: 543.76
#### prediction torch.Size([192, 4])
Epoch [10/11] Step [1188/1241] Loss: 0.1642 Time: 545.212
#### prediction torch.Size([192, 4])
Epoch [10/11] Step [1221/1241] Loss: 0.2172 Time: 546.664
#### TRAINED MODEL ResNet1D model training time: 602.245 total training time: 605.709 ####
#### TRAINING TOTAL TIME: 602.246 ####
Accuracy of the ResNet1D model on the test set: 83.371945 %
#### TESTING TOTAL TIME: 4.494 ####
#### TIME #### TERMINO #### 57519.152 ####
#### FINITO #### TERMINO #### NO-VA-MAS ####
#### TIMES #### modelling TOTAL TOTAL ==>> 57519.152 seconds
#### #### READING DATA FILES #### ####
457 511 #### COMBI [reg, sid, ban, sec, men, med, sum, aci, mmm, hfq, htp, hhh, aei] METRICS ####
('Plantation', '/home/vargas/repos/forests-sounds-vargas/out/data/extraction/Plantation/2_00_PSA0010-2010_dict_y_split_7_2512283_1736694580.pkl')
(297840, 13) Index(['reg', 'sid', 'ban', 'sec', 'men', 'med', 'sum', 'aci', 'mmm', 'hfq',
       'htp'],
      dtype='object') Index(['ban', 'sec', 'men', 'med', 'sum', 'aci', 'mmm', 'hfq', 'htp', 'hhh',
       'aei'],
      dtype='object')
#### MERGE 68 merge_data Dataframe shape: (297840, 13) #### time: 625
#### #### SPLIT TRAIN TEST #### ####
#### CLASSES: [0 1 2 3] TOTAL 4
#### SPLIT train_test_split and CUDA: ??? cuda:0 #### time: 35
#### MODELS - TOTAL 1 ####
#### EPOCHS 11 ####
#### TRAINING MODELS ####
#### TRAINING MODEL ResNet1D ####
#### prediction torch.Size([192, 4])
Epoch [10/11] Step [33/1241] Loss: 0.1435 Time: 493.005
#### prediction torch.Size([192, 4])
Epoch [10/11] Step [66/1241] Loss: 0.1819 Time: 494.46
#### prediction torch.Size([192, 4])
Epoch [10/11] Step [99/1241] Loss: 0.1703 Time: 495.923
#### prediction torch.Size([192, 4])
Epoch [10/11] Step [132/1241] Loss: 0.2068 Time: 497.379
#### prediction torch.Size([192, 4])
Epoch [10/11] Step [165/1241] Loss: 0.1523 Time: 498.834
#### prediction torch.Size([192, 4])
Epoch [10/11] Step [198/1241] Loss: 0.2356 Time: 500.292
#### prediction torch.Size([192, 4])
Epoch [10/11] Step [231/1241] Loss: 0.2769 Time: 501.748
#### prediction torch.Size([192, 4])
Epoch [10/11] Step [264/1241] Loss: 0.2314 Time: 503.202
#### prediction torch.Size([192, 4])
Epoch [10/11] Step [297/1241] Loss: 0.2796 Time: 504.657
#### prediction torch.Size([192, 4])
Epoch [10/11] Step [330/1241] Loss: 0.1369 Time: 506.113
#### prediction torch.Size([192, 4])
Epoch [10/11] Step [363/1241] Loss: 0.2437 Time: 507.566
#### prediction torch.Size([192, 4])
Epoch [10/11] Step [396/1241] Loss: 0.1758 Time: 509.021
#### prediction torch.Size([192, 4])
Epoch [10/11] Step [429/1241] Loss: 0.2109 Time: 510.474
#### prediction torch.Size([192, 4])
Epoch [10/11] Step [462/1241] Loss: 0.2008 Time: 511.929
#### prediction torch.Size([192, 4])
Epoch [10/11] Step [495/1241] Loss: 0.1919 Time: 513.386
#### prediction torch.Size([192, 4])
Epoch [10/11] Step [528/1241] Loss: 0.1960 Time: 514.841
#### prediction torch.Size([192, 4])
Epoch [10/11] Step [561/1241] Loss: 0.1573 Time: 516.296
#### prediction torch.Size([192, 4])
Epoch [10/11] Step [594/1241] Loss: 0.2201 Time: 517.752
#### prediction torch.Size([192, 4])
Epoch [10/11] Step [627/1241] Loss: 0.1939 Time: 519.207
#### prediction torch.Size([192, 4])
Epoch [10/11] Step [660/1241] Loss: 0.2179 Time: 520.662
#### prediction torch.Size([192, 4])
Epoch [10/11] Step [693/1241] Loss: 0.1668 Time: 522.117
#### prediction torch.Size([192, 4])
Epoch [10/11] Step [726/1241] Loss: 0.1448 Time: 523.571
#### prediction torch.Size([192, 4])
Epoch [10/11] Step [759/1241] Loss: 0.2027 Time: 525.028
#### prediction torch.Size([192, 4])
Epoch [10/11] Step [792/1241] Loss: 0.1586 Time: 526.496
#### prediction torch.Size([192, 4])
Epoch [10/11] Step [825/1241] Loss: 0.3436 Time: 527.953
#### prediction torch.Size([192, 4])
Epoch [10/11] Step [858/1241] Loss: 0.2179 Time: 529.411
#### prediction torch.Size([192, 4])
Epoch [10/11] Step [891/1241] Loss: 0.1648 Time: 530.866
#### prediction torch.Size([192, 4])
Epoch [10/11] Step [924/1241] Loss: 0.1539 Time: 532.32
#### prediction torch.Size([192, 4])
Epoch [10/11] Step [957/1241] Loss: 0.1740 Time: 533.775
#### prediction torch.Size([192, 4])
Epoch [10/11] Step [990/1241] Loss: 0.2387 Time: 535.229
#### prediction torch.Size([192, 4])
Epoch [10/11] Step [1023/1241] Loss: 0.1745 Time: 536.684
#### prediction torch.Size([192, 4])
Epoch [10/11] Step [1056/1241] Loss: 0.1411 Time: 538.138
#### prediction torch.Size([192, 4])
Epoch [10/11] Step [1089/1241] Loss: 0.1718 Time: 539.593
#### prediction torch.Size([192, 4])
Epoch [10/11] Step [1122/1241] Loss: 0.3739 Time: 541.049
#### prediction torch.Size([192, 4])
Epoch [10/11] Step [1155/1241] Loss: 0.1943 Time: 542.503
#### prediction torch.Size([192, 4])
Epoch [10/11] Step [1188/1241] Loss: 0.2411 Time: 543.957
#### prediction torch.Size([192, 4])
Epoch [10/11] Step [1221/1241] Loss: 0.2774 Time: 545.411
#### TRAINED MODEL ResNet1D model training time: 601.2 total training time: 604.409 ####
#### TRAINING TOTAL TIME: 601.201 ####
Accuracy of the ResNet1D model on the test set: 17.391888 %
#### TESTING TOTAL TIME: 4.483 ####
#### TIME #### TERMINO #### 58178.519 ####
#### FINITO #### TERMINO #### NO-VA-MAS ####
#### TIMES #### modelling TOTAL TOTAL ==>> 58178.519 seconds
#### #### READING DATA FILES #### ####
458 511 #### COMBI [reg, sid, ban, sec, men, med, sum, aci, npp, hfq, htp, hhh, aei] METRICS ####
('Plantation', '/home/vargas/repos/forests-sounds-vargas/out/data/extraction/Plantation/2_00_PSA0010-2010_dict_y_split_7_2512283_1736694580.pkl')
(297840, 13) Index(['reg', 'sid', 'ban', 'sec', 'men', 'med', 'sum', 'aci', 'npp', 'hfq',
       'htp'],
      dtype='object') Index(['ban', 'sec', 'men', 'med', 'sum', 'aci', 'npp', 'hfq', 'htp', 'hhh',
       'aei'],
      dtype='object')
#### MERGE 68 merge_data Dataframe shape: (297840, 13) #### time: 626
#### #### SPLIT TRAIN TEST #### ####
#### CLASSES: [0 1 2 3] TOTAL 4
#### SPLIT train_test_split and CUDA: ??? cuda:0 #### time: 35
#### MODELS - TOTAL 1 ####
#### EPOCHS 11 ####
#### TRAINING MODELS ####
#### TRAINING MODEL ResNet1D ####
#### prediction torch.Size([192, 4])
Epoch [10/11] Step [33/1241] Loss: 0.2162 Time: 493.381
#### prediction torch.Size([192, 4])
Epoch [10/11] Step [66/1241] Loss: 0.2139 Time: 494.848
#### prediction torch.Size([192, 4])
Epoch [10/11] Step [99/1241] Loss: 0.2159 Time: 496.304
#### prediction torch.Size([192, 4])
Epoch [10/11] Step [132/1241] Loss: 0.2698 Time: 497.76
#### prediction torch.Size([192, 4])
Epoch [10/11] Step [165/1241] Loss: 0.2743 Time: 499.22
#### prediction torch.Size([192, 4])
Epoch [10/11] Step [198/1241] Loss: 0.2000 Time: 500.675
#### prediction torch.Size([192, 4])
Epoch [10/11] Step [231/1241] Loss: 0.2323 Time: 502.131
#### prediction torch.Size([192, 4])
Epoch [10/11] Step [264/1241] Loss: 0.2089 Time: 503.587
#### prediction torch.Size([192, 4])
Epoch [10/11] Step [297/1241] Loss: 0.1855 Time: 505.042
#### prediction torch.Size([192, 4])
Epoch [10/11] Step [330/1241] Loss: 0.3047 Time: 506.499
#### prediction torch.Size([192, 4])
Epoch [10/11] Step [363/1241] Loss: 0.2329 Time: 507.955
#### prediction torch.Size([192, 4])
Epoch [10/11] Step [396/1241] Loss: 0.2030 Time: 509.411
#### prediction torch.Size([192, 4])
Epoch [10/11] Step [429/1241] Loss: 0.2017 Time: 510.867
#### prediction torch.Size([192, 4])
Epoch [10/11] Step [462/1241] Loss: 0.2488 Time: 512.325
#### prediction torch.Size([192, 4])
Epoch [10/11] Step [495/1241] Loss: 0.2459 Time: 513.78
#### prediction torch.Size([192, 4])
Epoch [10/11] Step [528/1241] Loss: 0.2017 Time: 515.427
#### prediction torch.Size([192, 4])
Epoch [10/11] Step [561/1241] Loss: 0.2417 Time: 516.888
#### prediction torch.Size([192, 4])
Epoch [10/11] Step [594/1241] Loss: 0.2012 Time: 518.344
#### prediction torch.Size([192, 4])
Epoch [10/11] Step [627/1241] Loss: 0.1992 Time: 519.798
#### prediction torch.Size([192, 4])
Epoch [10/11] Step [660/1241] Loss: 0.1815 Time: 521.254
#### prediction torch.Size([192, 4])
Epoch [10/11] Step [693/1241] Loss: 0.1397 Time: 522.71
#### prediction torch.Size([192, 4])
Epoch [10/11] Step [726/1241] Loss: 0.2111 Time: 524.169
#### prediction torch.Size([192, 4])
Epoch [10/11] Step [759/1241] Loss: 0.2306 Time: 525.618
#### prediction torch.Size([192, 4])
Epoch [10/11] Step [792/1241] Loss: 0.2163 Time: 527.068
#### prediction torch.Size([192, 4])
Epoch [10/11] Step [825/1241] Loss: 0.2851 Time: 528.519
#### prediction torch.Size([192, 4])
Epoch [10/11] Step [858/1241] Loss: 0.2852 Time: 529.967
#### prediction torch.Size([192, 4])
Epoch [10/11] Step [891/1241] Loss: 0.2099 Time: 531.415
#### prediction torch.Size([192, 4])
Epoch [10/11] Step [924/1241] Loss: 0.3245 Time: 532.862
#### prediction torch.Size([192, 4])
Epoch [10/11] Step [957/1241] Loss: 0.2495 Time: 534.31
#### prediction torch.Size([192, 4])
Epoch [10/11] Step [990/1241] Loss: 0.2200 Time: 535.759
#### prediction torch.Size([192, 4])
Epoch [10/11] Step [1023/1241] Loss: 0.1837 Time: 537.207
#### prediction torch.Size([192, 4])
Epoch [10/11] Step [1056/1241] Loss: 0.2482 Time: 538.656
#### prediction torch.Size([192, 4])
Epoch [10/11] Step [1089/1241] Loss: 0.2798 Time: 540.104
#### prediction torch.Size([192, 4])
Epoch [10/11] Step [1122/1241] Loss: 0.2558 Time: 541.552
#### prediction torch.Size([192, 4])
Epoch [10/11] Step [1155/1241] Loss: 0.1898 Time: 543.001
#### prediction torch.Size([192, 4])
Epoch [10/11] Step [1188/1241] Loss: 0.2211 Time: 544.448
#### prediction torch.Size([192, 4])
Epoch [10/11] Step [1221/1241] Loss: 0.1890 Time: 545.897
#### TRAINED MODEL ResNet1D model training time: 601.296 total training time: 604.46 ####
#### TRAINING TOTAL TIME: 601.297 ####
Accuracy of the ResNet1D model on the test set: 86.271152 %
#### TESTING TOTAL TIME: 4.646 ####
#### TIME #### TERMINO #### 58840.36 ####
#### FINITO #### TERMINO #### NO-VA-MAS ####
#### TIMES #### modelling TOTAL TOTAL ==>> 58840.36 seconds
#### #### READING DATA FILES #### ####
459 511 #### COMBI [reg, sid, ban, sec, men, med, sum, bet, mmm, npp, hfq, htp, hhh] METRICS ####
('Plantation', '/home/vargas/repos/forests-sounds-vargas/out/data/extraction/Plantation/2_00_PSA0010-2010_dict_y_split_7_2512283_1736694580.pkl')
(297840, 13) Index(['reg', 'sid', 'ban', 'sec', 'men', 'med', 'sum', 'bet', 'mmm', 'npp',
       'hfq'],
      dtype='object') Index(['ban', 'sec', 'men', 'med', 'sum', 'bet', 'mmm', 'npp', 'hfq', 'htp',
       'hhh'],
      dtype='object')
#### MERGE 68 merge_data Dataframe shape: (297840, 13) #### time: 623
#### #### SPLIT TRAIN TEST #### ####
#### CLASSES: [0 1 2 3] TOTAL 4
#### SPLIT train_test_split and CUDA: ??? cuda:0 #### time: 35
#### MODELS - TOTAL 1 ####
#### EPOCHS 11 ####
#### TRAINING MODELS ####
#### TRAINING MODEL ResNet1D ####
#### prediction torch.Size([192, 4])
Epoch [10/11] Step [33/1241] Loss: 0.1107 Time: 493.881
#### prediction torch.Size([192, 4])
Epoch [10/11] Step [66/1241] Loss: 0.1734 Time: 495.331
#### prediction torch.Size([192, 4])
Epoch [10/11] Step [99/1241] Loss: 0.1212 Time: 496.777
#### prediction torch.Size([192, 4])
Epoch [10/11] Step [132/1241] Loss: 0.1497 Time: 498.224
#### prediction torch.Size([192, 4])
Epoch [10/11] Step [165/1241] Loss: 0.0960 Time: 499.676
#### prediction torch.Size([192, 4])
Epoch [10/11] Step [198/1241] Loss: 0.1905 Time: 501.123
#### prediction torch.Size([192, 4])
Epoch [10/11] Step [231/1241] Loss: 0.1339 Time: 502.569
#### prediction torch.Size([192, 4])
Epoch [10/11] Step [264/1241] Loss: 0.1039 Time: 504.017
#### prediction torch.Size([192, 4])
Epoch [10/11] Step [297/1241] Loss: 0.0792 Time: 505.462
#### prediction torch.Size([192, 4])
Epoch [10/11] Step [330/1241] Loss: 0.1335 Time: 506.909
#### prediction torch.Size([192, 4])
Epoch [10/11] Step [363/1241] Loss: 0.0909 Time: 508.356
#### prediction torch.Size([192, 4])
Epoch [10/11] Step [396/1241] Loss: 0.0956 Time: 509.803
#### prediction torch.Size([192, 4])
Epoch [10/11] Step [429/1241] Loss: 0.1002 Time: 511.251
#### prediction torch.Size([192, 4])
Epoch [10/11] Step [462/1241] Loss: 0.0972 Time: 512.698
#### prediction torch.Size([192, 4])
Epoch [10/11] Step [495/1241] Loss: 0.1221 Time: 514.146
#### prediction torch.Size([192, 4])
Epoch [10/11] Step [528/1241] Loss: 0.0727 Time: 515.593
#### prediction torch.Size([192, 4])
Epoch [10/11] Step [561/1241] Loss: 0.0724 Time: 517.04
#### prediction torch.Size([192, 4])
Epoch [10/11] Step [594/1241] Loss: 0.0876 Time: 518.487
#### prediction torch.Size([192, 4])
Epoch [10/11] Step [627/1241] Loss: 0.0937 Time: 519.934
#### prediction torch.Size([192, 4])
Epoch [10/11] Step [660/1241] Loss: 0.1266 Time: 521.38
#### prediction torch.Size([192, 4])
Epoch [10/11] Step [693/1241] Loss: 0.0855 Time: 522.826
#### prediction torch.Size([192, 4])
Epoch [10/11] Step [726/1241] Loss: 0.1131 Time: 524.274
#### prediction torch.Size([192, 4])
Epoch [10/11] Step [759/1241] Loss: 0.1356 Time: 525.741
#### prediction torch.Size([192, 4])
Epoch [10/11] Step [792/1241] Loss: 0.1140 Time: 527.196
#### prediction torch.Size([192, 4])
Epoch [10/11] Step [825/1241] Loss: 0.1433 Time: 528.651
#### prediction torch.Size([192, 4])
Epoch [10/11] Step [858/1241] Loss: 0.0978 Time: 530.107
#### prediction torch.Size([192, 4])
Epoch [10/11] Step [891/1241] Loss: 0.1229 Time: 531.561
#### prediction torch.Size([192, 4])
Epoch [10/11] Step [924/1241] Loss: 0.1055 Time: 533.014
#### prediction torch.Size([192, 4])
Epoch [10/11] Step [957/1241] Loss: 0.0840 Time: 534.47
#### prediction torch.Size([192, 4])
Epoch [10/11] Step [990/1241] Loss: 0.1043 Time: 535.925
#### prediction torch.Size([192, 4])
Epoch [10/11] Step [1023/1241] Loss: 0.1055 Time: 537.379
#### prediction torch.Size([192, 4])
Epoch [10/11] Step [1056/1241] Loss: 0.1465 Time: 538.833
#### prediction torch.Size([192, 4])
Epoch [10/11] Step [1089/1241] Loss: 0.1043 Time: 540.287
#### prediction torch.Size([192, 4])
Epoch [10/11] Step [1122/1241] Loss: 0.1370 Time: 541.741
#### prediction torch.Size([192, 4])
Epoch [10/11] Step [1155/1241] Loss: 0.1638 Time: 543.195
#### prediction torch.Size([192, 4])
Epoch [10/11] Step [1188/1241] Loss: 0.1208 Time: 544.65
#### prediction torch.Size([192, 4])
Epoch [10/11] Step [1221/1241] Loss: 0.0790 Time: 546.105
#### TRAINED MODEL ResNet1D model training time: 601.873 total training time: 605.069 ####
#### TRAINING TOTAL TIME: 601.874 ####
Accuracy of the ResNet1D model on the test set: 56.406124 %
#### TESTING TOTAL TIME: 4.516 ####
#### TIME #### TERMINO #### 59499.934 ####
#### FINITO #### TERMINO #### NO-VA-MAS ####
#### TIMES #### modelling TOTAL TOTAL ==>> 59499.934 seconds
#### #### READING DATA FILES #### ####
460 511 #### COMBI [reg, sid, ban, sec, men, med, sum, bet, mmm, npp, hfq, htp, aei] METRICS ####
('Plantation', '/home/vargas/repos/forests-sounds-vargas/out/data/extraction/Plantation/2_00_PSA0010-2010_dict_y_split_7_2512283_1736694580.pkl')
(297840, 13) Index(['reg', 'sid', 'ban', 'sec', 'men', 'med', 'sum', 'bet', 'mmm', 'npp',
       'hfq'],
      dtype='object') Index(['ban', 'sec', 'men', 'med', 'sum', 'bet', 'mmm', 'npp', 'hfq', 'htp',
       'aei'],
      dtype='object')
#### MERGE 68 merge_data Dataframe shape: (297840, 13) #### time: 621
#### #### SPLIT TRAIN TEST #### ####
#### CLASSES: [0 1 2 3] TOTAL 4
#### SPLIT train_test_split and CUDA: ??? cuda:0 #### time: 35
#### MODELS - TOTAL 1 ####
#### EPOCHS 11 ####
#### TRAINING MODELS ####
#### TRAINING MODEL ResNet1D ####
#### prediction torch.Size([192, 4])
Epoch [10/11] Step [33/1241] Loss: 0.0683 Time: 494.795
#### prediction torch.Size([192, 4])
Epoch [10/11] Step [66/1241] Loss: 0.0435 Time: 496.25
#### prediction torch.Size([192, 4])
Epoch [10/11] Step [99/1241] Loss: 0.1932 Time: 497.704
#### prediction torch.Size([192, 4])
Epoch [10/11] Step [132/1241] Loss: 0.0985 Time: 499.169
#### prediction torch.Size([192, 4])
Epoch [10/11] Step [165/1241] Loss: 0.0901 Time: 500.624
#### prediction torch.Size([192, 4])
Epoch [10/11] Step [198/1241] Loss: 0.0426 Time: 502.08
#### prediction torch.Size([192, 4])
Epoch [10/11] Step [231/1241] Loss: 0.0907 Time: 503.54
#### prediction torch.Size([192, 4])
Epoch [10/11] Step [264/1241] Loss: 0.0546 Time: 504.995
#### prediction torch.Size([192, 4])
Epoch [10/11] Step [297/1241] Loss: 0.0685 Time: 506.45
#### prediction torch.Size([192, 4])
Epoch [10/11] Step [330/1241] Loss: 0.0709 Time: 507.905
#### prediction torch.Size([192, 4])
Epoch [10/11] Step [363/1241] Loss: 0.0606 Time: 509.36
#### prediction torch.Size([192, 4])
Epoch [10/11] Step [396/1241] Loss: 0.1200 Time: 510.814
#### prediction torch.Size([192, 4])
Epoch [10/11] Step [429/1241] Loss: 0.0515 Time: 512.269
#### prediction torch.Size([192, 4])
Epoch [10/11] Step [462/1241] Loss: 0.0830 Time: 513.725
#### prediction torch.Size([192, 4])
Epoch [10/11] Step [495/1241] Loss: 0.0369 Time: 515.181
#### prediction torch.Size([192, 4])
Epoch [10/11] Step [528/1241] Loss: 0.0736 Time: 516.634
#### prediction torch.Size([192, 4])
Epoch [10/11] Step [561/1241] Loss: 0.0769 Time: 518.089
#### prediction torch.Size([192, 4])
Epoch [10/11] Step [594/1241] Loss: 0.0517 Time: 519.545
#### prediction torch.Size([192, 4])
Epoch [10/11] Step [627/1241] Loss: 0.0836 Time: 521.0
#### prediction torch.Size([192, 4])
Epoch [10/11] Step [660/1241] Loss: 0.0773 Time: 522.455
#### prediction torch.Size([192, 4])
Epoch [10/11] Step [693/1241] Loss: 0.1134 Time: 523.91
#### prediction torch.Size([192, 4])
Epoch [10/11] Step [726/1241] Loss: 0.0558 Time: 525.364
#### prediction torch.Size([192, 4])
Epoch [10/11] Step [759/1241] Loss: 0.1389 Time: 526.819
#### prediction torch.Size([192, 4])
Epoch [10/11] Step [792/1241] Loss: 0.0367 Time: 528.281
#### prediction torch.Size([192, 4])
Epoch [10/11] Step [825/1241] Loss: 0.0659 Time: 529.737
#### prediction torch.Size([192, 4])
Epoch [10/11] Step [858/1241] Loss: 0.0384 Time: 531.193
#### prediction torch.Size([192, 4])
Epoch [10/11] Step [891/1241] Loss: 0.1130 Time: 532.649
#### prediction torch.Size([192, 4])
Epoch [10/11] Step [924/1241] Loss: 0.0723 Time: 534.105
#### prediction torch.Size([192, 4])
Epoch [10/11] Step [957/1241] Loss: 0.0468 Time: 535.561
#### prediction torch.Size([192, 4])
Epoch [10/11] Step [990/1241] Loss: 0.0509 Time: 537.015
#### prediction torch.Size([192, 4])
Epoch [10/11] Step [1023/1241] Loss: 0.0832 Time: 538.47
#### prediction torch.Size([192, 4])
Epoch [10/11] Step [1056/1241] Loss: 0.0959 Time: 539.925
#### prediction torch.Size([192, 4])
Epoch [10/11] Step [1089/1241] Loss: 0.1311 Time: 541.379
#### prediction torch.Size([192, 4])
Epoch [10/11] Step [1122/1241] Loss: 0.0377 Time: 542.834
#### prediction torch.Size([192, 4])
Epoch [10/11] Step [1155/1241] Loss: 0.0638 Time: 544.29
#### prediction torch.Size([192, 4])
Epoch [10/11] Step [1188/1241] Loss: 0.0767 Time: 545.746
#### prediction torch.Size([192, 4])
Epoch [10/11] Step [1221/1241] Loss: 0.0826 Time: 547.2
#### TRAINED MODEL ResNet1D model training time: 603.047 total training time: 606.183 ####
#### TRAINING TOTAL TIME: 603.047 ####
Accuracy of the ResNet1D model on the test set: 94.22173 %
#### TESTING TOTAL TIME: 4.515 ####
#### TIME #### TERMINO #### 60158.054 ####
#### FINITO #### TERMINO #### NO-VA-MAS ####
#### TIMES #### modelling TOTAL TOTAL ==>> 60158.054 seconds
#### #### READING DATA FILES #### ####
461 511 #### COMBI [reg, sid, ban, sec, men, med, sum, bet, mmm, npp, hfq, hhh, aei] METRICS ####
('Plantation', '/home/vargas/repos/forests-sounds-vargas/out/data/extraction/Plantation/2_00_PSA0010-2010_dict_y_split_7_2512283_1736694580.pkl')
(297840, 13) Index(['reg', 'sid', 'ban', 'sec', 'men', 'med', 'sum', 'bet', 'mmm', 'npp',
       'hfq'],
      dtype='object') Index(['ban', 'sec', 'men', 'med', 'sum', 'bet', 'mmm', 'npp', 'hfq', 'hhh',
       'aei'],
      dtype='object')
#### MERGE 68 merge_data Dataframe shape: (297840, 13) #### time: 623
#### #### SPLIT TRAIN TEST #### ####
#### CLASSES: [0 1 2 3] TOTAL 4
#### SPLIT train_test_split and CUDA: ??? cuda:0 #### time: 35
#### MODELS - TOTAL 1 ####
#### EPOCHS 11 ####
#### TRAINING MODELS ####
#### TRAINING MODEL ResNet1D ####
#### prediction torch.Size([192, 4])
Epoch [10/11] Step [33/1241] Loss: 0.1601 Time: 494.838
#### prediction torch.Size([192, 4])
Epoch [10/11] Step [66/1241] Loss: 0.1435 Time: 496.292
#### prediction torch.Size([192, 4])
Epoch [10/11] Step [99/1241] Loss: 0.1515 Time: 497.746
#### prediction torch.Size([192, 4])
Epoch [10/11] Step [132/1241] Loss: 0.1531 Time: 499.203
#### prediction torch.Size([192, 4])
Epoch [10/11] Step [165/1241] Loss: 0.1627 Time: 500.663
#### prediction torch.Size([192, 4])
Epoch [10/11] Step [198/1241] Loss: 0.1236 Time: 502.118
#### prediction torch.Size([192, 4])
Epoch [10/11] Step [231/1241] Loss: 0.1731 Time: 503.574
#### prediction torch.Size([192, 4])
Epoch [10/11] Step [264/1241] Loss: 0.1418 Time: 505.03
#### prediction torch.Size([192, 4])
Epoch [10/11] Step [297/1241] Loss: 0.1483 Time: 506.485
#### prediction torch.Size([192, 4])
Epoch [10/11] Step [330/1241] Loss: 0.1639 Time: 507.939
#### prediction torch.Size([192, 4])
Epoch [10/11] Step [363/1241] Loss: 0.1503 Time: 509.393
#### prediction torch.Size([192, 4])
Epoch [10/11] Step [396/1241] Loss: 0.1332 Time: 510.846
#### prediction torch.Size([192, 4])
Epoch [10/11] Step [429/1241] Loss: 0.1245 Time: 512.301
#### prediction torch.Size([192, 4])
Epoch [10/11] Step [462/1241] Loss: 0.1093 Time: 513.756
#### prediction torch.Size([192, 4])
Epoch [10/11] Step [495/1241] Loss: 0.0951 Time: 515.211
#### prediction torch.Size([192, 4])
Epoch [10/11] Step [528/1241] Loss: 0.1485 Time: 516.667
#### prediction torch.Size([192, 4])
Epoch [10/11] Step [561/1241] Loss: 0.1767 Time: 518.121
#### prediction torch.Size([192, 4])
Epoch [10/11] Step [594/1241] Loss: 0.1547 Time: 519.576
#### prediction torch.Size([192, 4])
Epoch [10/11] Step [627/1241] Loss: 0.1297 Time: 521.031
#### prediction torch.Size([192, 4])
Epoch [10/11] Step [660/1241] Loss: 0.1246 Time: 522.485
#### prediction torch.Size([192, 4])
Epoch [10/11] Step [693/1241] Loss: 0.1605 Time: 523.94
#### prediction torch.Size([192, 4])
Epoch [10/11] Step [726/1241] Loss: 0.1015 Time: 525.394
#### prediction torch.Size([192, 4])
Epoch [10/11] Step [759/1241] Loss: 0.1027 Time: 527.022
#### prediction torch.Size([192, 4])
Epoch [10/11] Step [792/1241] Loss: 0.0645 Time: 528.476
#### prediction torch.Size([192, 4])
Epoch [10/11] Step [825/1241] Loss: 0.1224 Time: 529.942
#### prediction torch.Size([192, 4])
Epoch [10/11] Step [858/1241] Loss: 0.1351 Time: 531.401
#### prediction torch.Size([192, 4])
Epoch [10/11] Step [891/1241] Loss: 0.1122 Time: 532.858
#### prediction torch.Size([192, 4])
Epoch [10/11] Step [924/1241] Loss: 0.0884 Time: 534.312
#### prediction torch.Size([192, 4])
Epoch [10/11] Step [957/1241] Loss: 0.1491 Time: 535.769
#### prediction torch.Size([192, 4])
Epoch [10/11] Step [990/1241] Loss: 0.1313 Time: 537.224
#### prediction torch.Size([192, 4])
Epoch [10/11] Step [1023/1241] Loss: 0.1463 Time: 538.678
#### prediction torch.Size([192, 4])
Epoch [10/11] Step [1056/1241] Loss: 0.1057 Time: 540.133
#### prediction torch.Size([192, 4])
Epoch [10/11] Step [1089/1241] Loss: 0.1126 Time: 541.588
#### prediction torch.Size([192, 4])
Epoch [10/11] Step [1122/1241] Loss: 0.0821 Time: 543.042
#### prediction torch.Size([192, 4])
Epoch [10/11] Step [1155/1241] Loss: 0.1333 Time: 544.497
#### prediction torch.Size([192, 4])
Epoch [10/11] Step [1188/1241] Loss: 0.0922 Time: 545.951
#### prediction torch.Size([192, 4])
Epoch [10/11] Step [1221/1241] Loss: 0.1361 Time: 547.406
#### TRAINED MODEL ResNet1D model training time: 603.057 total training time: 606.26 ####
#### TRAINING TOTAL TIME: 603.057 ####
Accuracy of the ResNet1D model on the test set: 86.324872 %
#### TESTING TOTAL TIME: 4.503 ####
#### TIME #### TERMINO #### 60816.593 ####
#### FINITO #### TERMINO #### NO-VA-MAS ####
#### TIMES #### modelling TOTAL TOTAL ==>> 60816.593 seconds
#### #### READING DATA FILES #### ####
462 511 #### COMBI [reg, sid, ban, sec, men, med, sum, bet, mmm, npp, htp, hhh, aei] METRICS ####
('Plantation', '/home/vargas/repos/forests-sounds-vargas/out/data/extraction/Plantation/2_00_PSA0010-2010_dict_y_split_7_2512283_1736694580.pkl')
(297840, 13) Index(['reg', 'sid', 'ban', 'sec', 'men', 'med', 'sum', 'bet', 'mmm', 'npp',
       'htp'],
      dtype='object') Index(['ban', 'sec', 'men', 'med', 'sum', 'bet', 'mmm', 'npp', 'htp', 'hhh',
       'aei'],
      dtype='object')
#### MERGE 68 merge_data Dataframe shape: (297840, 13) #### time: 622
#### #### SPLIT TRAIN TEST #### ####
#### CLASSES: [0 1 2 3] TOTAL 4
#### SPLIT train_test_split and CUDA: ??? cuda:0 #### time: 35
#### MODELS - TOTAL 1 ####
#### EPOCHS 11 ####
#### TRAINING MODELS ####
#### TRAINING MODEL ResNet1D ####
#### prediction torch.Size([192, 4])
Epoch [10/11] Step [33/1241] Loss: 0.0672 Time: 493.418
#### prediction torch.Size([192, 4])
Epoch [10/11] Step [66/1241] Loss: 0.0670 Time: 494.867
#### prediction torch.Size([192, 4])
Epoch [10/11] Step [99/1241] Loss: 0.0891 Time: 496.318
#### prediction torch.Size([192, 4])
Epoch [10/11] Step [132/1241] Loss: 0.0407 Time: 497.768
#### prediction torch.Size([192, 4])
Epoch [10/11] Step [165/1241] Loss: 0.1266 Time: 499.218
#### prediction torch.Size([192, 4])
Epoch [10/11] Step [198/1241] Loss: 0.0934 Time: 500.668
#### prediction torch.Size([192, 4])
Epoch [10/11] Step [231/1241] Loss: 0.0592 Time: 502.132
#### prediction torch.Size([192, 4])
Epoch [10/11] Step [264/1241] Loss: 0.1200 Time: 503.585
#### prediction torch.Size([192, 4])
Epoch [10/11] Step [297/1241] Loss: 0.0599 Time: 505.036
#### prediction torch.Size([192, 4])
Epoch [10/11] Step [330/1241] Loss: 0.0781 Time: 506.487
#### prediction torch.Size([192, 4])
Epoch [10/11] Step [363/1241] Loss: 0.0824 Time: 507.941
#### prediction torch.Size([192, 4])
Epoch [10/11] Step [396/1241] Loss: 0.0940 Time: 509.391
#### prediction torch.Size([192, 4])
Epoch [10/11] Step [429/1241] Loss: 0.0888 Time: 510.842
#### prediction torch.Size([192, 4])
Epoch [10/11] Step [462/1241] Loss: 0.0907 Time: 512.291
#### prediction torch.Size([192, 4])
Epoch [10/11] Step [495/1241] Loss: 0.0598 Time: 513.741
#### prediction torch.Size([192, 4])
Epoch [10/11] Step [528/1241] Loss: 0.0690 Time: 515.192
#### prediction torch.Size([192, 4])
Epoch [10/11] Step [561/1241] Loss: 0.0500 Time: 516.641
#### prediction torch.Size([192, 4])
Epoch [10/11] Step [594/1241] Loss: 0.0592 Time: 518.091
#### prediction torch.Size([192, 4])
Epoch [10/11] Step [627/1241] Loss: 0.1168 Time: 519.541
#### prediction torch.Size([192, 4])
Epoch [10/11] Step [660/1241] Loss: 0.1010 Time: 520.991
#### prediction torch.Size([192, 4])
Epoch [10/11] Step [693/1241] Loss: 0.0621 Time: 522.441
#### prediction torch.Size([192, 4])
Epoch [10/11] Step [726/1241] Loss: 0.0771 Time: 523.891
#### prediction torch.Size([192, 4])
Epoch [10/11] Step [759/1241] Loss: 0.1015 Time: 525.341
#### prediction torch.Size([192, 4])
Epoch [10/11] Step [792/1241] Loss: 0.0674 Time: 526.791
#### prediction torch.Size([192, 4])
Epoch [10/11] Step [825/1241] Loss: 0.1237 Time: 528.241
#### prediction torch.Size([192, 4])
Epoch [10/11] Step [858/1241] Loss: 0.0445 Time: 529.69
#### prediction torch.Size([192, 4])
Epoch [10/11] Step [891/1241] Loss: 0.0617 Time: 531.144
#### prediction torch.Size([192, 4])
Epoch [10/11] Step [924/1241] Loss: 0.1267 Time: 532.6
#### prediction torch.Size([192, 4])
Epoch [10/11] Step [957/1241] Loss: 0.0853 Time: 534.051
#### prediction torch.Size([192, 4])
Epoch [10/11] Step [990/1241] Loss: 0.0963 Time: 535.502
#### prediction torch.Size([192, 4])
Epoch [10/11] Step [1023/1241] Loss: 0.0654 Time: 536.952
#### prediction torch.Size([192, 4])
Epoch [10/11] Step [1056/1241] Loss: 0.1185 Time: 538.404
#### prediction torch.Size([192, 4])
Epoch [10/11] Step [1089/1241] Loss: 0.1363 Time: 539.853
#### prediction torch.Size([192, 4])
Epoch [10/11] Step [1122/1241] Loss: 0.0735 Time: 541.303
#### prediction torch.Size([192, 4])
Epoch [10/11] Step [1155/1241] Loss: 0.0685 Time: 542.753
#### prediction torch.Size([192, 4])
Epoch [10/11] Step [1188/1241] Loss: 0.0911 Time: 544.203
#### prediction torch.Size([192, 4])
Epoch [10/11] Step [1221/1241] Loss: 0.0740 Time: 545.653
#### TRAINED MODEL ResNet1D model training time: 601.346 total training time: 604.69 ####
#### TRAINING TOTAL TIME: 601.347 ####
Accuracy of the ResNet1D model on the test set: 76.433656 %
#### TESTING TOTAL TIME: 4.499 ####
#### TIME #### TERMINO #### 61472.918 ####
#### FINITO #### TERMINO #### NO-VA-MAS ####
#### TIMES #### modelling TOTAL TOTAL ==>> 61472.918 seconds
#### #### READING DATA FILES #### ####
463 511 #### COMBI [reg, sid, ban, sec, men, med, sum, bet, mmm, hfq, htp, hhh, aei] METRICS ####
('Plantation', '/home/vargas/repos/forests-sounds-vargas/out/data/extraction/Plantation/2_00_PSA0010-2010_dict_y_split_7_2512283_1736694580.pkl')
(297840, 13) Index(['reg', 'sid', 'ban', 'sec', 'men', 'med', 'sum', 'bet', 'mmm', 'hfq',
       'htp'],
      dtype='object') Index(['ban', 'sec', 'men', 'med', 'sum', 'bet', 'mmm', 'hfq', 'htp', 'hhh',
       'aei'],
      dtype='object')
#### MERGE 68 merge_data Dataframe shape: (297840, 13) #### time: 621
#### #### SPLIT TRAIN TEST #### ####
#### CLASSES: [0 1 2 3] TOTAL 4
#### SPLIT train_test_split and CUDA: ??? cuda:0 #### time: 35
#### MODELS - TOTAL 1 ####
#### EPOCHS 11 ####
#### TRAINING MODELS ####
#### TRAINING MODEL ResNet1D ####
#### prediction torch.Size([192, 4])
Epoch [10/11] Step [33/1241] Loss: 0.1737 Time: 493.966
#### prediction torch.Size([192, 4])
Epoch [10/11] Step [66/1241] Loss: 0.0619 Time: 495.418
#### prediction torch.Size([192, 4])
Epoch [10/11] Step [99/1241] Loss: 0.0930 Time: 496.869
#### prediction torch.Size([192, 4])
Epoch [10/11] Step [132/1241] Loss: 0.0733 Time: 498.321
#### prediction torch.Size([192, 4])
Epoch [10/11] Step [165/1241] Loss: 0.0935 Time: 499.772
#### prediction torch.Size([192, 4])
Epoch [10/11] Step [198/1241] Loss: 0.0676 Time: 501.224
#### prediction torch.Size([192, 4])
Epoch [10/11] Step [231/1241] Loss: 0.0866 Time: 502.676
#### prediction torch.Size([192, 4])
Epoch [10/11] Step [264/1241] Loss: 0.1453 Time: 504.126
#### prediction torch.Size([192, 4])
Epoch [10/11] Step [297/1241] Loss: 0.0565 Time: 505.586
#### prediction torch.Size([192, 4])
Epoch [10/11] Step [330/1241] Loss: 0.0834 Time: 507.037
#### prediction torch.Size([192, 4])
Epoch [10/11] Step [363/1241] Loss: 0.0527 Time: 508.489
#### prediction torch.Size([192, 4])
Epoch [10/11] Step [396/1241] Loss: 0.0656 Time: 510.115
#### prediction torch.Size([192, 4])
Epoch [10/11] Step [429/1241] Loss: 0.0637 Time: 511.569
#### prediction torch.Size([192, 4])
Epoch [10/11] Step [462/1241] Loss: 0.0498 Time: 513.021
#### prediction torch.Size([192, 4])
Epoch [10/11] Step [495/1241] Loss: 0.0879 Time: 514.484
#### prediction torch.Size([192, 4])
Epoch [10/11] Step [528/1241] Loss: 0.1162 Time: 515.936
#### prediction torch.Size([192, 4])
Epoch [10/11] Step [561/1241] Loss: 0.0481 Time: 517.387
#### prediction torch.Size([192, 4])
Epoch [10/11] Step [594/1241] Loss: 0.0793 Time: 518.838
#### prediction torch.Size([192, 4])
Epoch [10/11] Step [627/1241] Loss: 0.0829 Time: 520.29
#### prediction torch.Size([192, 4])
Epoch [10/11] Step [660/1241] Loss: 0.1578 Time: 521.742
#### prediction torch.Size([192, 4])
Epoch [10/11] Step [693/1241] Loss: 0.0375 Time: 523.194
#### prediction torch.Size([192, 4])
Epoch [10/11] Step [726/1241] Loss: 0.0548 Time: 524.645
#### prediction torch.Size([192, 4])
Epoch [10/11] Step [759/1241] Loss: 0.0598 Time: 526.108
#### prediction torch.Size([192, 4])
Epoch [10/11] Step [792/1241] Loss: 0.1767 Time: 527.563
#### prediction torch.Size([192, 4])
Epoch [10/11] Step [825/1241] Loss: 0.0562 Time: 529.015
#### prediction torch.Size([192, 4])
Epoch [10/11] Step [858/1241] Loss: 0.0442 Time: 530.468
#### prediction torch.Size([192, 4])
Epoch [10/11] Step [891/1241] Loss: 0.0517 Time: 531.918
#### prediction torch.Size([192, 4])
Epoch [10/11] Step [924/1241] Loss: 0.0684 Time: 533.371
#### prediction torch.Size([192, 4])
Epoch [10/11] Step [957/1241] Loss: 0.0882 Time: 534.832
#### prediction torch.Size([192, 4])
Epoch [10/11] Step [990/1241] Loss: 0.0689 Time: 536.285
#### prediction torch.Size([192, 4])
Epoch [10/11] Step [1023/1241] Loss: 0.0607 Time: 537.738
#### prediction torch.Size([192, 4])
Epoch [10/11] Step [1056/1241] Loss: 0.1038 Time: 539.19
#### prediction torch.Size([192, 4])
Epoch [10/11] Step [1089/1241] Loss: 0.0389 Time: 540.642
#### prediction torch.Size([192, 4])
Epoch [10/11] Step [1122/1241] Loss: 0.0792 Time: 542.095
#### prediction torch.Size([192, 4])
Epoch [10/11] Step [1155/1241] Loss: 0.0584 Time: 543.546
#### prediction torch.Size([192, 4])
Epoch [10/11] Step [1188/1241] Loss: 0.0447 Time: 544.997
#### prediction torch.Size([192, 4])
Epoch [10/11] Step [1221/1241] Loss: 0.0490 Time: 546.45
#### TRAINED MODEL ResNet1D model training time: 601.998 total training time: 605.164 ####
#### TRAINING TOTAL TIME: 601.999 ####
Accuracy of the ResNet1D model on the test set: 17.5648 %
#### TESTING TOTAL TIME: 4.678 ####
#### TIME #### TERMINO #### 62130.388 ####
#### FINITO #### TERMINO #### NO-VA-MAS ####
#### TIMES #### modelling TOTAL TOTAL ==>> 62130.388 seconds
#### #### READING DATA FILES #### ####
464 511 #### COMBI [reg, sid, ban, sec, men, med, sum, bet, npp, hfq, htp, hhh, aei] METRICS ####
('Plantation', '/home/vargas/repos/forests-sounds-vargas/out/data/extraction/Plantation/2_00_PSA0010-2010_dict_y_split_7_2512283_1736694580.pkl')
(297840, 13) Index(['reg', 'sid', 'ban', 'sec', 'men', 'med', 'sum', 'bet', 'npp', 'hfq',
       'htp'],
      dtype='object') Index(['ban', 'sec', 'men', 'med', 'sum', 'bet', 'npp', 'hfq', 'htp', 'hhh',
       'aei'],
      dtype='object')
#### MERGE 68 merge_data Dataframe shape: (297840, 13) #### time: 621
#### #### SPLIT TRAIN TEST #### ####
#### CLASSES: [0 1 2 3] TOTAL 4
#### SPLIT train_test_split and CUDA: ??? cuda:0 #### time: 35
#### MODELS - TOTAL 1 ####
#### EPOCHS 11 ####
#### TRAINING MODELS ####
#### TRAINING MODEL ResNet1D ####
#### prediction torch.Size([192, 4])
Epoch [10/11] Step [33/1241] Loss: 0.1740 Time: 494.222
#### prediction torch.Size([192, 4])
Epoch [10/11] Step [66/1241] Loss: 0.1795 Time: 495.675
#### prediction torch.Size([192, 4])
Epoch [10/11] Step [99/1241] Loss: 0.1694 Time: 497.128
#### prediction torch.Size([192, 4])
Epoch [10/11] Step [132/1241] Loss: 0.1961 Time: 498.58
#### prediction torch.Size([192, 4])
Epoch [10/11] Step [165/1241] Loss: 0.1648 Time: 500.034
#### prediction torch.Size([192, 4])
Epoch [10/11] Step [198/1241] Loss: 0.2454 Time: 501.486
#### prediction torch.Size([192, 4])
Epoch [10/11] Step [231/1241] Loss: 0.1860 Time: 502.938
#### prediction torch.Size([192, 4])
Epoch [10/11] Step [264/1241] Loss: 0.1078 Time: 504.391
#### prediction torch.Size([192, 4])
Epoch [10/11] Step [297/1241] Loss: 0.2190 Time: 505.843
#### prediction torch.Size([192, 4])
Epoch [10/11] Step [330/1241] Loss: 0.1253 Time: 507.295
#### prediction torch.Size([192, 4])
Epoch [10/11] Step [363/1241] Loss: 0.1855 Time: 508.759
#### prediction torch.Size([192, 4])
Epoch [10/11] Step [396/1241] Loss: 0.2135 Time: 510.212
#### prediction torch.Size([192, 4])
Epoch [10/11] Step [429/1241] Loss: 0.1529 Time: 511.666
#### prediction torch.Size([192, 4])
Epoch [10/11] Step [462/1241] Loss: 0.2294 Time: 513.119
#### prediction torch.Size([192, 4])
Epoch [10/11] Step [495/1241] Loss: 0.1741 Time: 514.573
#### prediction torch.Size([192, 4])
Epoch [10/11] Step [528/1241] Loss: 0.1965 Time: 516.029
#### prediction torch.Size([192, 4])
Epoch [10/11] Step [561/1241] Loss: 0.2274 Time: 517.482
#### prediction torch.Size([192, 4])
Epoch [10/11] Step [594/1241] Loss: 0.2124 Time: 518.935
#### prediction torch.Size([192, 4])
Epoch [10/11] Step [627/1241] Loss: 0.2121 Time: 520.388
#### prediction torch.Size([192, 4])
Epoch [10/11] Step [660/1241] Loss: 0.1608 Time: 521.841
#### prediction torch.Size([192, 4])
Epoch [10/11] Step [693/1241] Loss: 0.2254 Time: 523.293
#### prediction torch.Size([192, 4])
Epoch [10/11] Step [726/1241] Loss: 0.1706 Time: 524.746
#### prediction torch.Size([192, 4])
Epoch [10/11] Step [759/1241] Loss: 0.1888 Time: 526.199
#### prediction torch.Size([192, 4])
Epoch [10/11] Step [792/1241] Loss: 0.2206 Time: 527.652
#### prediction torch.Size([192, 4])
Epoch [10/11] Step [825/1241] Loss: 0.1872 Time: 529.105
#### prediction torch.Size([192, 4])
Epoch [10/11] Step [858/1241] Loss: 0.2010 Time: 530.558
#### prediction torch.Size([192, 4])
Epoch [10/11] Step [891/1241] Loss: 0.1713 Time: 532.01
#### prediction torch.Size([192, 4])
Epoch [10/11] Step [924/1241] Loss: 0.1522 Time: 533.463
#### prediction torch.Size([192, 4])
Epoch [10/11] Step [957/1241] Loss: 0.1893 Time: 534.917
#### prediction torch.Size([192, 4])
Epoch [10/11] Step [990/1241] Loss: 0.1711 Time: 536.369
#### prediction torch.Size([192, 4])
Epoch [10/11] Step [1023/1241] Loss: 0.1661 Time: 537.83
#### prediction torch.Size([192, 4])
Epoch [10/11] Step [1056/1241] Loss: 0.1878 Time: 539.283
#### prediction torch.Size([192, 4])
Epoch [10/11] Step [1089/1241] Loss: 0.2866 Time: 540.737
#### prediction torch.Size([192, 4])
Epoch [10/11] Step [1122/1241] Loss: 0.2135 Time: 542.19
#### prediction torch.Size([192, 4])
Epoch [10/11] Step [1155/1241] Loss: 0.2820 Time: 543.643
#### prediction torch.Size([192, 4])
Epoch [10/11] Step [1188/1241] Loss: 0.2262 Time: 545.101
#### prediction torch.Size([192, 4])
Epoch [10/11] Step [1221/1241] Loss: 0.1558 Time: 546.726
#### TRAINED MODEL ResNet1D model training time: 602.291 total training time: 605.459 ####
#### TRAINING TOTAL TIME: 602.291 ####
Accuracy of the ResNet1D model on the test set: 78.384367 %
#### TESTING TOTAL TIME: 4.514 ####
#### TIME #### TERMINO #### 62787.681 ####
#### FINITO #### TERMINO #### NO-VA-MAS ####
#### TIMES #### modelling TOTAL TOTAL ==>> 62787.681 seconds
#### #### READING DATA FILES #### ####
465 511 #### COMBI [reg, sid, ban, sec, men, med, sum, mmm, npp, hfq, htp, hhh, aei] METRICS ####
('Plantation', '/home/vargas/repos/forests-sounds-vargas/out/data/extraction/Plantation/2_00_PSA0010-2010_dict_y_split_7_2512283_1736694580.pkl')
(297840, 13) Index(['reg', 'sid', 'ban', 'sec', 'men', 'med', 'sum', 'mmm', 'npp', 'hfq',
       'htp'],
      dtype='object') Index(['ban', 'sec', 'men', 'med', 'sum', 'mmm', 'npp', 'hfq', 'htp', 'hhh',
       'aei'],
      dtype='object')
#### MERGE 68 merge_data Dataframe shape: (297840, 13) #### time: 623
#### #### SPLIT TRAIN TEST #### ####
#### CLASSES: [0 1 2 3] TOTAL 4
#### SPLIT train_test_split and CUDA: ??? cuda:0 #### time: 35
#### MODELS - TOTAL 1 ####
#### EPOCHS 11 ####
#### TRAINING MODELS ####
#### TRAINING MODEL ResNet1D ####
#### prediction torch.Size([192, 4])
Epoch [10/11] Step [33/1241] Loss: 0.1791 Time: 493.031
#### prediction torch.Size([192, 4])
Epoch [10/11] Step [66/1241] Loss: 0.1389 Time: 494.481
#### prediction torch.Size([192, 4])
Epoch [10/11] Step [99/1241] Loss: 0.1611 Time: 495.929
#### prediction torch.Size([192, 4])
Epoch [10/11] Step [132/1241] Loss: 0.2006 Time: 497.379
#### prediction torch.Size([192, 4])
Epoch [10/11] Step [165/1241] Loss: 0.1982 Time: 498.83
#### prediction torch.Size([192, 4])
Epoch [10/11] Step [198/1241] Loss: 0.1791 Time: 500.28
#### prediction torch.Size([192, 4])
Epoch [10/11] Step [231/1241] Loss: 0.2044 Time: 501.729
#### prediction torch.Size([192, 4])
Epoch [10/11] Step [264/1241] Loss: 0.1963 Time: 503.18
#### prediction torch.Size([192, 4])
Epoch [10/11] Step [297/1241] Loss: 0.1655 Time: 504.63
#### prediction torch.Size([192, 4])
Epoch [10/11] Step [330/1241] Loss: 0.2285 Time: 506.08
#### prediction torch.Size([192, 4])
Epoch [10/11] Step [363/1241] Loss: 0.2103 Time: 507.529
#### prediction torch.Size([192, 4])
Epoch [10/11] Step [396/1241] Loss: 0.1370 Time: 508.985
#### prediction torch.Size([192, 4])
Epoch [10/11] Step [429/1241] Loss: 0.1833 Time: 510.436
#### prediction torch.Size([192, 4])
Epoch [10/11] Step [462/1241] Loss: 0.1754 Time: 511.886
#### prediction torch.Size([192, 4])
Epoch [10/11] Step [495/1241] Loss: 0.1704 Time: 513.338
#### prediction torch.Size([192, 4])
Epoch [10/11] Step [528/1241] Loss: 0.1765 Time: 514.788
#### prediction torch.Size([192, 4])
Epoch [10/11] Step [561/1241] Loss: 0.1349 Time: 516.236
#### prediction torch.Size([192, 4])
Epoch [10/11] Step [594/1241] Loss: 0.1678 Time: 517.691
#### prediction torch.Size([192, 4])
Epoch [10/11] Step [627/1241] Loss: 0.1840 Time: 519.141
#### prediction torch.Size([192, 4])
Epoch [10/11] Step [660/1241] Loss: 0.2295 Time: 520.59
#### prediction torch.Size([192, 4])
Epoch [10/11] Step [693/1241] Loss: 0.2037 Time: 522.04
#### prediction torch.Size([192, 4])
Epoch [10/11] Step [726/1241] Loss: 0.1799 Time: 523.491
#### prediction torch.Size([192, 4])
Epoch [10/11] Step [759/1241] Loss: 0.1392 Time: 524.94
#### prediction torch.Size([192, 4])
Epoch [10/11] Step [792/1241] Loss: 0.2324 Time: 526.389
#### prediction torch.Size([192, 4])
Epoch [10/11] Step [825/1241] Loss: 0.1421 Time: 527.84
#### prediction torch.Size([192, 4])
Epoch [10/11] Step [858/1241] Loss: 0.2112 Time: 529.29
#### prediction torch.Size([192, 4])
Epoch [10/11] Step [891/1241] Loss: 0.1724 Time: 530.74
#### prediction torch.Size([192, 4])
Epoch [10/11] Step [924/1241] Loss: 0.1562 Time: 532.189
#### prediction torch.Size([192, 4])
Epoch [10/11] Step [957/1241] Loss: 0.1398 Time: 533.64
#### prediction torch.Size([192, 4])
Epoch [10/11] Step [990/1241] Loss: 0.1563 Time: 535.089
#### prediction torch.Size([192, 4])
Epoch [10/11] Step [1023/1241] Loss: 0.2351 Time: 536.539
#### prediction torch.Size([192, 4])
Epoch [10/11] Step [1056/1241] Loss: 0.1815 Time: 537.99
#### prediction torch.Size([192, 4])
Epoch [10/11] Step [1089/1241] Loss: 0.1502 Time: 539.446
#### prediction torch.Size([192, 4])
Epoch [10/11] Step [1122/1241] Loss: 0.1789 Time: 540.896
#### prediction torch.Size([192, 4])
Epoch [10/11] Step [1155/1241] Loss: 0.1836 Time: 542.345
#### prediction torch.Size([192, 4])
Epoch [10/11] Step [1188/1241] Loss: 0.1433 Time: 543.796
#### prediction torch.Size([192, 4])
Epoch [10/11] Step [1221/1241] Loss: 0.1613 Time: 545.246
#### TRAINED MODEL ResNet1D model training time: 600.83 total training time: 604.035 ####
#### TRAINING TOTAL TIME: 600.831 ####
Accuracy of the ResNet1D model on the test set: 79.559495 %
#### TESTING TOTAL TIME: 4.486 ####
#### TIME #### TERMINO #### 63444.842 ####
#### FINITO #### TERMINO #### NO-VA-MAS ####
#### TIMES #### modelling TOTAL TOTAL ==>> 63444.842 seconds
#### #### READING DATA FILES #### ####
466 511 #### COMBI [reg, sid, ban, sec, men, med, sum, max, aci, bet, mmm, npp, hfq, htp] METRICS ####
('Plantation', '/home/vargas/repos/forests-sounds-vargas/out/data/extraction/Plantation/2_00_PSA0010-2010_dict_y_split_7_2512283_1736694580.pkl')
(297840, 14) Index(['reg', 'sid', 'ban', 'sec', 'men', 'med', 'sum', 'max', 'aci', 'bet',
       'mmm'],
      dtype='object') Index(['sec', 'men', 'med', 'sum', 'max', 'aci', 'bet', 'mmm', 'npp', 'hfq',
       'htp'],
      dtype='object')
#### MERGE 68 merge_data Dataframe shape: (297840, 14) #### time: 624
#### #### SPLIT TRAIN TEST #### ####
#### CLASSES: [0 1 2 3] TOTAL 4
#### SPLIT train_test_split and CUDA: ??? cuda:0 #### time: 34
#### MODELS - TOTAL 1 ####
#### EPOCHS 11 ####
#### TRAINING MODELS ####
#### TRAINING MODEL ResNet1D ####
#### prediction torch.Size([192, 4])
Epoch [10/11] Step [33/1241] Loss: 0.2983 Time: 496.691
#### prediction torch.Size([192, 4])
Epoch [10/11] Step [66/1241] Loss: 0.2215 Time: 498.155
#### prediction torch.Size([192, 4])
Epoch [10/11] Step [99/1241] Loss: 0.1916 Time: 499.619
#### prediction torch.Size([192, 4])
Epoch [10/11] Step [132/1241] Loss: 0.2627 Time: 501.084
#### prediction torch.Size([192, 4])
Epoch [10/11] Step [165/1241] Loss: 0.2123 Time: 502.548
#### prediction torch.Size([192, 4])
Epoch [10/11] Step [198/1241] Loss: 0.2310 Time: 504.013
#### prediction torch.Size([192, 4])
Epoch [10/11] Step [231/1241] Loss: 0.2145 Time: 505.477
#### prediction torch.Size([192, 4])
Epoch [10/11] Step [264/1241] Loss: 0.2659 Time: 506.942
#### prediction torch.Size([192, 4])
Epoch [10/11] Step [297/1241] Loss: 0.2502 Time: 508.406
#### prediction torch.Size([192, 4])
Epoch [10/11] Step [330/1241] Loss: 0.2065 Time: 509.882
#### prediction torch.Size([192, 4])
Epoch [10/11] Step [363/1241] Loss: 0.3415 Time: 511.35
#### prediction torch.Size([192, 4])
Epoch [10/11] Step [396/1241] Loss: 0.1918 Time: 512.815
#### prediction torch.Size([192, 4])
Epoch [10/11] Step [429/1241] Loss: 0.1954 Time: 514.28
#### prediction torch.Size([192, 4])
Epoch [10/11] Step [462/1241] Loss: 0.2453 Time: 515.744
#### prediction torch.Size([192, 4])
Epoch [10/11] Step [495/1241] Loss: 0.2016 Time: 517.209
#### prediction torch.Size([192, 4])
Epoch [10/11] Step [528/1241] Loss: 0.2513 Time: 518.677
#### prediction torch.Size([192, 4])
Epoch [10/11] Step [561/1241] Loss: 0.2532 Time: 520.142
#### prediction torch.Size([192, 4])
Epoch [10/11] Step [594/1241] Loss: 0.2800 Time: 521.606
#### prediction torch.Size([192, 4])
Epoch [10/11] Step [627/1241] Loss: 0.1562 Time: 523.069
#### prediction torch.Size([192, 4])
Epoch [10/11] Step [660/1241] Loss: 0.2248 Time: 524.532
#### prediction torch.Size([192, 4])
Epoch [10/11] Step [693/1241] Loss: 0.1964 Time: 525.996
#### prediction torch.Size([192, 4])
Epoch [10/11] Step [726/1241] Loss: 0.2470 Time: 527.633
#### prediction torch.Size([192, 4])
Epoch [10/11] Step [759/1241] Loss: 0.1910 Time: 529.096
#### prediction torch.Size([192, 4])
Epoch [10/11] Step [792/1241] Loss: 0.1785 Time: 530.562
#### prediction torch.Size([192, 4])
Epoch [10/11] Step [825/1241] Loss: 0.2670 Time: 532.026
#### prediction torch.Size([192, 4])
Epoch [10/11] Step [858/1241] Loss: 0.2356 Time: 533.489
#### prediction torch.Size([192, 4])
Epoch [10/11] Step [891/1241] Loss: 0.1322 Time: 534.953
#### prediction torch.Size([192, 4])
Epoch [10/11] Step [924/1241] Loss: 0.2124 Time: 536.417
#### prediction torch.Size([192, 4])
Epoch [10/11] Step [957/1241] Loss: 0.1684 Time: 537.881
#### prediction torch.Size([192, 4])
Epoch [10/11] Step [990/1241] Loss: 0.1938 Time: 539.344
#### prediction torch.Size([192, 4])
Epoch [10/11] Step [1023/1241] Loss: 0.2651 Time: 540.823
#### prediction torch.Size([192, 4])
Epoch [10/11] Step [1056/1241] Loss: 0.1488 Time: 542.287
#### prediction torch.Size([192, 4])
Epoch [10/11] Step [1089/1241] Loss: 0.1620 Time: 543.75
#### prediction torch.Size([192, 4])
Epoch [10/11] Step [1122/1241] Loss: 0.2250 Time: 545.215
#### prediction torch.Size([192, 4])
Epoch [10/11] Step [1155/1241] Loss: 0.1786 Time: 546.679
#### prediction torch.Size([192, 4])
Epoch [10/11] Step [1188/1241] Loss: 0.1759 Time: 548.143
#### prediction torch.Size([192, 4])
Epoch [10/11] Step [1221/1241] Loss: 0.2045 Time: 549.605
#### TRAINED MODEL ResNet1D model training time: 605.623 total training time: 608.891 ####
#### TRAINING TOTAL TIME: 605.623 ####
Accuracy of the ResNet1D model on the test set: 90.919621 %
#### TESTING TOTAL TIME: 4.644 ####
#### TIME #### TERMINO #### 64108.963 ####
#### FINITO #### TERMINO #### NO-VA-MAS ####
#### TIMES #### modelling TOTAL TOTAL ==>> 64108.963 seconds
#### #### READING DATA FILES #### ####
467 511 #### COMBI [reg, sid, ban, sec, men, med, sum, max, aci, bet, mmm, npp, hfq, hhh] METRICS ####
('Plantation', '/home/vargas/repos/forests-sounds-vargas/out/data/extraction/Plantation/2_00_PSA0010-2010_dict_y_split_7_2512283_1736694580.pkl')
(297840, 14) Index(['reg', 'sid', 'ban', 'sec', 'men', 'med', 'sum', 'max', 'aci', 'bet',
       'mmm'],
      dtype='object') Index(['sec', 'men', 'med', 'sum', 'max', 'aci', 'bet', 'mmm', 'npp', 'hfq',
       'hhh'],
      dtype='object')
#### MERGE 68 merge_data Dataframe shape: (297840, 14) #### time: 626
#### #### SPLIT TRAIN TEST #### ####
#### CLASSES: [0 1 2 3] TOTAL 4
#### SPLIT train_test_split and CUDA: ??? cuda:0 #### time: 35
#### MODELS - TOTAL 1 ####
#### EPOCHS 11 ####
#### TRAINING MODELS ####
#### TRAINING MODEL ResNet1D ####
#### prediction torch.Size([192, 4])
Epoch [10/11] Step [33/1241] Loss: 0.1940 Time: 497.283
#### prediction torch.Size([192, 4])
Epoch [10/11] Step [66/1241] Loss: 0.2243 Time: 498.745
#### prediction torch.Size([192, 4])
Epoch [10/11] Step [99/1241] Loss: 0.1748 Time: 500.208
#### prediction torch.Size([192, 4])
Epoch [10/11] Step [132/1241] Loss: 0.2732 Time: 501.669
#### prediction torch.Size([192, 4])
Epoch [10/11] Step [165/1241] Loss: 0.2136 Time: 503.13
#### prediction torch.Size([192, 4])
Epoch [10/11] Step [198/1241] Loss: 0.1871 Time: 504.592
#### prediction torch.Size([192, 4])
Epoch [10/11] Step [231/1241] Loss: 0.3055 Time: 506.055
#### prediction torch.Size([192, 4])
Epoch [10/11] Step [264/1241] Loss: 0.1993 Time: 507.516
#### prediction torch.Size([192, 4])
Epoch [10/11] Step [297/1241] Loss: 0.3566 Time: 508.989
#### prediction torch.Size([192, 4])
Epoch [10/11] Step [330/1241] Loss: 0.2542 Time: 510.452
#### prediction torch.Size([192, 4])
Epoch [10/11] Step [363/1241] Loss: 0.2227 Time: 511.915
#### prediction torch.Size([192, 4])
Epoch [10/11] Step [396/1241] Loss: 0.2126 Time: 513.377
#### prediction torch.Size([192, 4])
Epoch [10/11] Step [429/1241] Loss: 0.2119 Time: 514.839
#### prediction torch.Size([192, 4])
Epoch [10/11] Step [462/1241] Loss: 0.1938 Time: 516.3
#### prediction torch.Size([192, 4])
Epoch [10/11] Step [495/1241] Loss: 0.1951 Time: 517.766
#### prediction torch.Size([192, 4])
Epoch [10/11] Step [528/1241] Loss: 0.1968 Time: 519.227
#### prediction torch.Size([192, 4])
Epoch [10/11] Step [561/1241] Loss: 0.1956 Time: 520.689
#### prediction torch.Size([192, 4])
Epoch [10/11] Step [594/1241] Loss: 0.2480 Time: 522.15
#### prediction torch.Size([192, 4])
Epoch [10/11] Step [627/1241] Loss: 0.1678 Time: 523.612
#### prediction torch.Size([192, 4])
Epoch [10/11] Step [660/1241] Loss: 0.2303 Time: 525.075
#### prediction torch.Size([192, 4])
Epoch [10/11] Step [693/1241] Loss: 0.2231 Time: 526.535
#### prediction torch.Size([192, 4])
Epoch [10/11] Step [726/1241] Loss: 0.1603 Time: 527.997
#### prediction torch.Size([192, 4])
Epoch [10/11] Step [759/1241] Loss: 0.2062 Time: 529.459
#### prediction torch.Size([192, 4])
Epoch [10/11] Step [792/1241] Loss: 0.2172 Time: 530.921
#### prediction torch.Size([192, 4])
Epoch [10/11] Step [825/1241] Loss: 0.1878 Time: 532.383
#### prediction torch.Size([192, 4])
Epoch [10/11] Step [858/1241] Loss: 0.2285 Time: 533.845
#### prediction torch.Size([192, 4])
Epoch [10/11] Step [891/1241] Loss: 0.1824 Time: 535.307
#### prediction torch.Size([192, 4])
Epoch [10/11] Step [924/1241] Loss: 0.2017 Time: 536.769
#### prediction torch.Size([192, 4])
Epoch [10/11] Step [957/1241] Loss: 0.2058 Time: 538.241
#### prediction torch.Size([192, 4])
Epoch [10/11] Step [990/1241] Loss: 0.2078 Time: 539.702
#### prediction torch.Size([192, 4])
Epoch [10/11] Step [1023/1241] Loss: 0.1525 Time: 541.165
#### prediction torch.Size([192, 4])
Epoch [10/11] Step [1056/1241] Loss: 0.1837 Time: 542.627
#### prediction torch.Size([192, 4])
Epoch [10/11] Step [1089/1241] Loss: 0.2365 Time: 544.09
#### prediction torch.Size([192, 4])
Epoch [10/11] Step [1122/1241] Loss: 0.1946 Time: 545.552
#### prediction torch.Size([192, 4])
Epoch [10/11] Step [1155/1241] Loss: 0.1947 Time: 547.015
#### prediction torch.Size([192, 4])
Epoch [10/11] Step [1188/1241] Loss: 0.2077 Time: 548.478
#### prediction torch.Size([192, 4])
Epoch [10/11] Step [1221/1241] Loss: 0.1575 Time: 549.94
#### TRAINED MODEL ResNet1D model training time: 606.045 total training time: 609.571 ####
#### TRAINING TOTAL TIME: 606.046 ####
Accuracy of the ResNet1D model on the test set: 88.466962 %
#### TESTING TOTAL TIME: 4.584 ####
#### TIME #### TERMINO #### 64771.211 ####
#### FINITO #### TERMINO #### NO-VA-MAS ####
#### TIMES #### modelling TOTAL TOTAL ==>> 64771.211 seconds
#### #### READING DATA FILES #### ####
468 511 #### COMBI [reg, sid, ban, sec, men, med, sum, max, aci, bet, mmm, npp, hfq, aei] METRICS ####
('Plantation', '/home/vargas/repos/forests-sounds-vargas/out/data/extraction/Plantation/2_00_PSA0010-2010_dict_y_split_7_2512283_1736694580.pkl')
(297840, 14) Index(['reg', 'sid', 'ban', 'sec', 'men', 'med', 'sum', 'max', 'aci', 'bet',
       'mmm'],
      dtype='object') Index(['sec', 'men', 'med', 'sum', 'max', 'aci', 'bet', 'mmm', 'npp', 'hfq',
       'aei'],
      dtype='object')
#### MERGE 68 merge_data Dataframe shape: (297840, 14) #### time: 628
#### #### SPLIT TRAIN TEST #### ####
#### CLASSES: [0 1 2 3] TOTAL 4
#### SPLIT train_test_split and CUDA: ??? cuda:0 #### time: 35
#### MODELS - TOTAL 1 ####
#### EPOCHS 11 ####
#### TRAINING MODELS ####
#### TRAINING MODEL ResNet1D ####
#### prediction torch.Size([192, 4])
Epoch [10/11] Step [33/1241] Loss: 0.2134 Time: 497.004
#### prediction torch.Size([192, 4])
Epoch [10/11] Step [66/1241] Loss: 0.1608 Time: 498.465
#### prediction torch.Size([192, 4])
Epoch [10/11] Step [99/1241] Loss: 0.2715 Time: 499.927
#### prediction torch.Size([192, 4])
Epoch [10/11] Step [132/1241] Loss: 0.1870 Time: 501.388
#### prediction torch.Size([192, 4])
Epoch [10/11] Step [165/1241] Loss: 0.2648 Time: 502.849
#### prediction torch.Size([192, 4])
Epoch [10/11] Step [198/1241] Loss: 0.1715 Time: 504.474
#### prediction torch.Size([192, 4])
Epoch [10/11] Step [231/1241] Loss: 0.2187 Time: 505.946
#### prediction torch.Size([192, 4])
Epoch [10/11] Step [264/1241] Loss: 0.2120 Time: 507.407
#### prediction torch.Size([192, 4])
Epoch [10/11] Step [297/1241] Loss: 0.1943 Time: 508.87
#### prediction torch.Size([192, 4])
Epoch [10/11] Step [330/1241] Loss: 0.2255 Time: 510.331
#### prediction torch.Size([192, 4])
Epoch [10/11] Step [363/1241] Loss: 0.1760 Time: 511.793
#### prediction torch.Size([192, 4])
Epoch [10/11] Step [396/1241] Loss: 0.2376 Time: 513.255
#### prediction torch.Size([192, 4])
Epoch [10/11] Step [429/1241] Loss: 0.2334 Time: 514.721
#### prediction torch.Size([192, 4])
Epoch [10/11] Step [462/1241] Loss: 0.2097 Time: 516.183
#### prediction torch.Size([192, 4])
Epoch [10/11] Step [495/1241] Loss: 0.3145 Time: 517.645
#### prediction torch.Size([192, 4])
Epoch [10/11] Step [528/1241] Loss: 0.2126 Time: 519.107
#### prediction torch.Size([192, 4])
Epoch [10/11] Step [561/1241] Loss: 0.1656 Time: 520.569
#### prediction torch.Size([192, 4])
Epoch [10/11] Step [594/1241] Loss: 0.1771 Time: 522.031
#### prediction torch.Size([192, 4])
Epoch [10/11] Step [627/1241] Loss: 0.2428 Time: 523.493
#### prediction torch.Size([192, 4])
Epoch [10/11] Step [660/1241] Loss: 0.2423 Time: 524.954
#### prediction torch.Size([192, 4])
Epoch [10/11] Step [693/1241] Loss: 0.2055 Time: 526.428
#### prediction torch.Size([192, 4])
Epoch [10/11] Step [726/1241] Loss: 0.2576 Time: 527.892
#### prediction torch.Size([192, 4])
Epoch [10/11] Step [759/1241] Loss: 0.3125 Time: 529.354
#### prediction torch.Size([192, 4])
Epoch [10/11] Step [792/1241] Loss: 0.1936 Time: 530.816
#### prediction torch.Size([192, 4])
Epoch [10/11] Step [825/1241] Loss: 0.2102 Time: 532.278
#### prediction torch.Size([192, 4])
Epoch [10/11] Step [858/1241] Loss: 0.1941 Time: 533.74
#### prediction torch.Size([192, 4])
Epoch [10/11] Step [891/1241] Loss: 0.2213 Time: 535.205
#### prediction torch.Size([192, 4])
Epoch [10/11] Step [924/1241] Loss: 0.1897 Time: 536.668
#### prediction torch.Size([192, 4])
Epoch [10/11] Step [957/1241] Loss: 0.1748 Time: 538.131
#### prediction torch.Size([192, 4])
Epoch [10/11] Step [990/1241] Loss: 0.1657 Time: 539.595
#### prediction torch.Size([192, 4])
Epoch [10/11] Step [1023/1241] Loss: 0.1551 Time: 541.058
#### prediction torch.Size([192, 4])
Epoch [10/11] Step [1056/1241] Loss: 0.2560 Time: 542.519
#### prediction torch.Size([192, 4])
Epoch [10/11] Step [1089/1241] Loss: 0.1693 Time: 543.981
#### prediction torch.Size([192, 4])
Epoch [10/11] Step [1122/1241] Loss: 0.1898 Time: 545.445
#### prediction torch.Size([192, 4])
Epoch [10/11] Step [1155/1241] Loss: 0.1531 Time: 546.906
#### prediction torch.Size([192, 4])
Epoch [10/11] Step [1188/1241] Loss: 0.2287 Time: 548.369
#### prediction torch.Size([192, 4])
Epoch [10/11] Step [1221/1241] Loss: 0.2494 Time: 549.831
#### TRAINED MODEL ResNet1D model training time: 605.94 total training time: 609.107 ####
#### TRAINING TOTAL TIME: 605.941 ####
Accuracy of the ResNet1D model on the test set: 86.932581 %
#### TESTING TOTAL TIME: 4.58 ####
#### TIME #### TERMINO #### 65434.26 ####
#### FINITO #### TERMINO #### NO-VA-MAS ####
#### TIMES #### modelling TOTAL TOTAL ==>> 65434.26 seconds
#### #### READING DATA FILES #### ####
469 511 #### COMBI [reg, sid, ban, sec, men, med, sum, max, aci, bet, mmm, npp, htp, hhh] METRICS ####
('Plantation', '/home/vargas/repos/forests-sounds-vargas/out/data/extraction/Plantation/2_00_PSA0010-2010_dict_y_split_7_2512283_1736694580.pkl')
(297840, 14) Index(['reg', 'sid', 'ban', 'sec', 'men', 'med', 'sum', 'max', 'aci', 'bet',
       'mmm'],
      dtype='object') Index(['sec', 'men', 'med', 'sum', 'max', 'aci', 'bet', 'mmm', 'npp', 'htp',
       'hhh'],
      dtype='object')
#### MERGE 68 merge_data Dataframe shape: (297840, 14) #### time: 625
#### #### SPLIT TRAIN TEST #### ####
#### CLASSES: [0 1 2 3] TOTAL 4
#### SPLIT train_test_split and CUDA: ??? cuda:0 #### time: 35
#### MODELS - TOTAL 1 ####
#### EPOCHS 11 ####
#### TRAINING MODELS ####
#### TRAINING MODEL ResNet1D ####
#### prediction torch.Size([192, 4])
Epoch [10/11] Step [33/1241] Loss: 0.1761 Time: 497.41
#### prediction torch.Size([192, 4])
Epoch [10/11] Step [66/1241] Loss: 0.2089 Time: 498.867
#### prediction torch.Size([192, 4])
Epoch [10/11] Step [99/1241] Loss: 0.2247 Time: 500.325
#### prediction torch.Size([192, 4])
Epoch [10/11] Step [132/1241] Loss: 0.2052 Time: 501.783
#### prediction torch.Size([192, 4])
Epoch [10/11] Step [165/1241] Loss: 0.1838 Time: 503.241
#### prediction torch.Size([192, 4])
Epoch [10/11] Step [198/1241] Loss: 0.2516 Time: 504.706
#### prediction torch.Size([192, 4])
Epoch [10/11] Step [231/1241] Loss: 0.2512 Time: 506.165
#### prediction torch.Size([192, 4])
Epoch [10/11] Step [264/1241] Loss: 0.1669 Time: 507.623
#### prediction torch.Size([192, 4])
Epoch [10/11] Step [297/1241] Loss: 0.1391 Time: 509.081
#### prediction torch.Size([192, 4])
Epoch [10/11] Step [330/1241] Loss: 0.2181 Time: 510.54
#### prediction torch.Size([192, 4])
Epoch [10/11] Step [363/1241] Loss: 0.3444 Time: 511.998
#### prediction torch.Size([192, 4])
Epoch [10/11] Step [396/1241] Loss: 0.2052 Time: 513.455
#### prediction torch.Size([192, 4])
Epoch [10/11] Step [429/1241] Loss: 0.1833 Time: 514.918
#### prediction torch.Size([192, 4])
Epoch [10/11] Step [462/1241] Loss: 0.1475 Time: 516.377
#### prediction torch.Size([192, 4])
Epoch [10/11] Step [495/1241] Loss: 0.2507 Time: 517.834
#### prediction torch.Size([192, 4])
Epoch [10/11] Step [528/1241] Loss: 0.2130 Time: 519.293
#### prediction torch.Size([192, 4])
Epoch [10/11] Step [561/1241] Loss: 0.1975 Time: 520.751
#### prediction torch.Size([192, 4])
Epoch [10/11] Step [594/1241] Loss: 0.1332 Time: 522.209
#### prediction torch.Size([192, 4])
Epoch [10/11] Step [627/1241] Loss: 0.1584 Time: 523.668
#### prediction torch.Size([192, 4])
Epoch [10/11] Step [660/1241] Loss: 0.2213 Time: 525.127
#### prediction torch.Size([192, 4])
Epoch [10/11] Step [693/1241] Loss: 0.2687 Time: 526.584
#### prediction torch.Size([192, 4])
Epoch [10/11] Step [726/1241] Loss: 0.1635 Time: 528.042
#### prediction torch.Size([192, 4])
Epoch [10/11] Step [759/1241] Loss: 0.3008 Time: 529.501
#### prediction torch.Size([192, 4])
Epoch [10/11] Step [792/1241] Loss: 0.1674 Time: 530.96
#### prediction torch.Size([192, 4])
Epoch [10/11] Step [825/1241] Loss: 0.1521 Time: 532.418
#### prediction torch.Size([192, 4])
Epoch [10/11] Step [858/1241] Loss: 0.2244 Time: 533.887
#### prediction torch.Size([192, 4])
Epoch [10/11] Step [891/1241] Loss: 0.2087 Time: 535.345
#### prediction torch.Size([192, 4])
Epoch [10/11] Step [924/1241] Loss: 0.1675 Time: 536.804
#### prediction torch.Size([192, 4])
Epoch [10/11] Step [957/1241] Loss: 0.2321 Time: 538.262
#### prediction torch.Size([192, 4])
Epoch [10/11] Step [990/1241] Loss: 0.2371 Time: 539.721
#### prediction torch.Size([192, 4])
Epoch [10/11] Step [1023/1241] Loss: 0.1715 Time: 541.355
#### prediction torch.Size([192, 4])
Epoch [10/11] Step [1056/1241] Loss: 0.2017 Time: 542.813
#### prediction torch.Size([192, 4])
Epoch [10/11] Step [1089/1241] Loss: 0.1899 Time: 544.273
#### prediction torch.Size([192, 4])
Epoch [10/11] Step [1122/1241] Loss: 0.2329 Time: 545.731
#### prediction torch.Size([192, 4])
Epoch [10/11] Step [1155/1241] Loss: 0.1780 Time: 547.189
#### prediction torch.Size([192, 4])
Epoch [10/11] Step [1188/1241] Loss: 0.1774 Time: 548.648
#### prediction torch.Size([192, 4])
Epoch [10/11] Step [1221/1241] Loss: 0.2263 Time: 550.106
#### TRAINED MODEL ResNet1D model training time: 605.903 total training time: 609.044 ####
#### TRAINING TOTAL TIME: 605.904 ####
Accuracy of the ResNet1D model on the test set: 79.436946 %
#### TESTING TOTAL TIME: 4.578 ####
#### TIME #### TERMINO #### 66095.452 ####
#### FINITO #### TERMINO #### NO-VA-MAS ####
#### TIMES #### modelling TOTAL TOTAL ==>> 66095.452 seconds
#### #### READING DATA FILES #### ####
470 511 #### COMBI [reg, sid, ban, sec, men, med, sum, max, aci, bet, mmm, npp, htp, aei] METRICS ####
('Plantation', '/home/vargas/repos/forests-sounds-vargas/out/data/extraction/Plantation/2_00_PSA0010-2010_dict_y_split_7_2512283_1736694580.pkl')
(297840, 14) Index(['reg', 'sid', 'ban', 'sec', 'men', 'med', 'sum', 'max', 'aci', 'bet',
       'mmm'],
      dtype='object') Index(['sec', 'men', 'med', 'sum', 'max', 'aci', 'bet', 'mmm', 'npp', 'htp',
       'aei'],
      dtype='object')
#### MERGE 68 merge_data Dataframe shape: (297840, 14) #### time: 626
#### #### SPLIT TRAIN TEST #### ####
#### CLASSES: [0 1 2 3] TOTAL 4
#### SPLIT train_test_split and CUDA: ??? cuda:0 #### time: 35
#### MODELS - TOTAL 1 ####
#### EPOCHS 11 ####
#### TRAINING MODELS ####
#### TRAINING MODEL ResNet1D ####
#### prediction torch.Size([192, 4])
Epoch [10/11] Step [33/1241] Loss: 0.2491 Time: 496.471
#### prediction torch.Size([192, 4])
Epoch [10/11] Step [66/1241] Loss: 0.3498 Time: 497.932
#### prediction torch.Size([192, 4])
Epoch [10/11] Step [99/1241] Loss: 0.3087 Time: 499.394
#### prediction torch.Size([192, 4])
Epoch [10/11] Step [132/1241] Loss: 0.2304 Time: 500.855
#### prediction torch.Size([192, 4])
Epoch [10/11] Step [165/1241] Loss: 0.2465 Time: 502.322
#### prediction torch.Size([192, 4])
Epoch [10/11] Step [198/1241] Loss: 0.2349 Time: 503.783
#### prediction torch.Size([192, 4])
Epoch [10/11] Step [231/1241] Loss: 0.2529 Time: 505.245
#### prediction torch.Size([192, 4])
Epoch [10/11] Step [264/1241] Loss: 0.2157 Time: 506.707
#### prediction torch.Size([192, 4])
Epoch [10/11] Step [297/1241] Loss: 0.2151 Time: 508.169
#### prediction torch.Size([192, 4])
Epoch [10/11] Step [330/1241] Loss: 0.2513 Time: 509.632
#### prediction torch.Size([192, 4])
Epoch [10/11] Step [363/1241] Loss: 0.1920 Time: 511.095
#### prediction torch.Size([192, 4])
Epoch [10/11] Step [396/1241] Loss: 0.2111 Time: 512.561
#### prediction torch.Size([192, 4])
Epoch [10/11] Step [429/1241] Loss: 0.2348 Time: 514.025
#### prediction torch.Size([192, 4])
Epoch [10/11] Step [462/1241] Loss: 0.1451 Time: 515.488
#### prediction torch.Size([192, 4])
Epoch [10/11] Step [495/1241] Loss: 0.2041 Time: 516.95
#### prediction torch.Size([192, 4])
Epoch [10/11] Step [528/1241] Loss: 0.1969 Time: 518.414
#### prediction torch.Size([192, 4])
Epoch [10/11] Step [561/1241] Loss: 0.1786 Time: 519.877
#### prediction torch.Size([192, 4])
Epoch [10/11] Step [594/1241] Loss: 0.1851 Time: 521.34
#### prediction torch.Size([192, 4])
Epoch [10/11] Step [627/1241] Loss: 0.1836 Time: 522.805
#### prediction torch.Size([192, 4])
Epoch [10/11] Step [660/1241] Loss: 0.1946 Time: 524.27
#### prediction torch.Size([192, 4])
Epoch [10/11] Step [693/1241] Loss: 0.2020 Time: 525.734
#### prediction torch.Size([192, 4])
Epoch [10/11] Step [726/1241] Loss: 0.1774 Time: 527.196
#### prediction torch.Size([192, 4])
Epoch [10/11] Step [759/1241] Loss: 0.2476 Time: 528.659
#### prediction torch.Size([192, 4])
Epoch [10/11] Step [792/1241] Loss: 0.2507 Time: 530.122
#### prediction torch.Size([192, 4])
Epoch [10/11] Step [825/1241] Loss: 0.1862 Time: 531.592
#### prediction torch.Size([192, 4])
Epoch [10/11] Step [858/1241] Loss: 0.1885 Time: 533.062
#### prediction torch.Size([192, 4])
Epoch [10/11] Step [891/1241] Loss: 0.2095 Time: 534.525
#### prediction torch.Size([192, 4])
Epoch [10/11] Step [924/1241] Loss: 0.2037 Time: 535.988
#### prediction torch.Size([192, 4])
Epoch [10/11] Step [957/1241] Loss: 0.2086 Time: 537.452
#### prediction torch.Size([192, 4])
Epoch [10/11] Step [990/1241] Loss: 0.2496 Time: 538.916
#### prediction torch.Size([192, 4])
Epoch [10/11] Step [1023/1241] Loss: 0.1654 Time: 540.38
#### prediction torch.Size([192, 4])
Epoch [10/11] Step [1056/1241] Loss: 0.2289 Time: 541.843
#### prediction torch.Size([192, 4])
Epoch [10/11] Step [1089/1241] Loss: 0.2144 Time: 543.31
#### prediction torch.Size([192, 4])
Epoch [10/11] Step [1122/1241] Loss: 0.2321 Time: 544.771
#### prediction torch.Size([192, 4])
Epoch [10/11] Step [1155/1241] Loss: 0.2352 Time: 546.234
#### prediction torch.Size([192, 4])
Epoch [10/11] Step [1188/1241] Loss: 0.1327 Time: 547.698
#### prediction torch.Size([192, 4])
Epoch [10/11] Step [1221/1241] Loss: 0.2001 Time: 549.162
#### TRAINED MODEL ResNet1D model training time: 605.311 total training time: 609.164 ####
#### TRAINING TOTAL TIME: 605.312 ####
Accuracy of the ResNet1D model on the test set: 83.638867 %
#### TESTING TOTAL TIME: 4.586 ####
#### TIME #### TERMINO #### 66757.036 ####
#### FINITO #### TERMINO #### NO-VA-MAS ####
#### TIMES #### modelling TOTAL TOTAL ==>> 66757.036 seconds
#### #### READING DATA FILES #### ####
471 511 #### COMBI [reg, sid, ban, sec, men, med, sum, max, aci, bet, mmm, npp, hhh, aei] METRICS ####
('Plantation', '/home/vargas/repos/forests-sounds-vargas/out/data/extraction/Plantation/2_00_PSA0010-2010_dict_y_split_7_2512283_1736694580.pkl')
(297840, 14) Index(['reg', 'sid', 'ban', 'sec', 'men', 'med', 'sum', 'max', 'aci', 'bet',
       'mmm'],
      dtype='object') Index(['sec', 'men', 'med', 'sum', 'max', 'aci', 'bet', 'mmm', 'npp', 'hhh',
       'aei'],
      dtype='object')
#### MERGE 68 merge_data Dataframe shape: (297840, 14) #### time: 629
#### #### SPLIT TRAIN TEST #### ####
#### CLASSES: [0 1 2 3] TOTAL 4
#### SPLIT train_test_split and CUDA: ??? cuda:0 #### time: 35
#### MODELS - TOTAL 1 ####
#### EPOCHS 11 ####
#### TRAINING MODELS ####
#### TRAINING MODEL ResNet1D ####
#### prediction torch.Size([192, 4])
Epoch [10/11] Step [33/1241] Loss: 0.2049 Time: 497.146
#### prediction torch.Size([192, 4])
Epoch [10/11] Step [66/1241] Loss: 0.1906 Time: 498.623
#### prediction torch.Size([192, 4])
Epoch [10/11] Step [99/1241] Loss: 0.2172 Time: 500.084
#### prediction torch.Size([192, 4])
Epoch [10/11] Step [132/1241] Loss: 0.1426 Time: 501.546
#### prediction torch.Size([192, 4])
Epoch [10/11] Step [165/1241] Loss: 0.2330 Time: 503.008
#### prediction torch.Size([192, 4])
Epoch [10/11] Step [198/1241] Loss: 0.1868 Time: 504.469
#### prediction torch.Size([192, 4])
Epoch [10/11] Step [231/1241] Loss: 0.2259 Time: 505.931
#### prediction torch.Size([192, 4])
Epoch [10/11] Step [264/1241] Loss: 0.1811 Time: 507.392
#### prediction torch.Size([192, 4])
Epoch [10/11] Step [297/1241] Loss: 0.1580 Time: 508.855
#### prediction torch.Size([192, 4])
Epoch [10/11] Step [330/1241] Loss: 0.1847 Time: 510.319
#### prediction torch.Size([192, 4])
Epoch [10/11] Step [363/1241] Loss: 0.1746 Time: 511.781
#### prediction torch.Size([192, 4])
Epoch [10/11] Step [396/1241] Loss: 0.2006 Time: 513.242
#### prediction torch.Size([192, 4])
Epoch [10/11] Step [429/1241] Loss: 0.1926 Time: 514.704
#### prediction torch.Size([192, 4])
Epoch [10/11] Step [462/1241] Loss: 0.1547 Time: 516.166
#### prediction torch.Size([192, 4])
Epoch [10/11] Step [495/1241] Loss: 0.1743 Time: 517.627
#### prediction torch.Size([192, 4])
Epoch [10/11] Step [528/1241] Loss: 0.2388 Time: 519.262
#### prediction torch.Size([192, 4])
Epoch [10/11] Step [561/1241] Loss: 0.1813 Time: 520.723
#### prediction torch.Size([192, 4])
Epoch [10/11] Step [594/1241] Loss: 0.2058 Time: 522.184
#### prediction torch.Size([192, 4])
Epoch [10/11] Step [627/1241] Loss: 0.1742 Time: 523.645
#### prediction torch.Size([192, 4])
Epoch [10/11] Step [660/1241] Loss: 0.2336 Time: 525.105
#### prediction torch.Size([192, 4])
Epoch [10/11] Step [693/1241] Loss: 0.1966 Time: 526.566
#### prediction torch.Size([192, 4])
Epoch [10/11] Step [726/1241] Loss: 0.2236 Time: 528.038
#### prediction torch.Size([192, 4])
Epoch [10/11] Step [759/1241] Loss: 0.2819 Time: 529.499
#### prediction torch.Size([192, 4])
Epoch [10/11] Step [792/1241] Loss: 0.2443 Time: 530.96
#### prediction torch.Size([192, 4])
Epoch [10/11] Step [825/1241] Loss: 0.2079 Time: 532.421
#### prediction torch.Size([192, 4])
Epoch [10/11] Step [858/1241] Loss: 0.1930 Time: 533.883
#### prediction torch.Size([192, 4])
Epoch [10/11] Step [891/1241] Loss: 0.1826 Time: 535.342
#### prediction torch.Size([192, 4])
Epoch [10/11] Step [924/1241] Loss: 0.2382 Time: 536.803
#### prediction torch.Size([192, 4])
Epoch [10/11] Step [957/1241] Loss: 0.2298 Time: 538.264
#### prediction torch.Size([192, 4])
Epoch [10/11] Step [990/1241] Loss: 0.1893 Time: 539.725
#### prediction torch.Size([192, 4])
Epoch [10/11] Step [1023/1241] Loss: 0.1927 Time: 541.186
#### prediction torch.Size([192, 4])
Epoch [10/11] Step [1056/1241] Loss: 0.2480 Time: 542.646
#### prediction torch.Size([192, 4])
Epoch [10/11] Step [1089/1241] Loss: 0.2588 Time: 544.106
#### prediction torch.Size([192, 4])
Epoch [10/11] Step [1122/1241] Loss: 0.2340 Time: 545.566
#### prediction torch.Size([192, 4])
Epoch [10/11] Step [1155/1241] Loss: 0.2029 Time: 547.027
#### prediction torch.Size([192, 4])
Epoch [10/11] Step [1188/1241] Loss: 0.1320 Time: 548.486
#### prediction torch.Size([192, 4])
Epoch [10/11] Step [1221/1241] Loss: 0.1909 Time: 549.947
#### TRAINED MODEL ResNet1D model training time: 605.765 total training time: 608.926 ####
#### TRAINING TOTAL TIME: 605.766 ####
Accuracy of the ResNet1D model on the test set: 85.700376 %
#### TESTING TOTAL TIME: 4.754 ####
#### TIME #### TERMINO #### 67421.485 ####
#### FINITO #### TERMINO #### NO-VA-MAS ####
#### TIMES #### modelling TOTAL TOTAL ==>> 67421.485 seconds
#### #### READING DATA FILES #### ####
472 511 #### COMBI [reg, sid, ban, sec, men, med, sum, max, aci, bet, mmm, hfq, htp, hhh] METRICS ####
('Plantation', '/home/vargas/repos/forests-sounds-vargas/out/data/extraction/Plantation/2_00_PSA0010-2010_dict_y_split_7_2512283_1736694580.pkl')
(297840, 14) Index(['reg', 'sid', 'ban', 'sec', 'men', 'med', 'sum', 'max', 'aci', 'bet',
       'mmm'],
      dtype='object') Index(['sec', 'men', 'med', 'sum', 'max', 'aci', 'bet', 'mmm', 'hfq', 'htp',
       'hhh'],
      dtype='object')
#### MERGE 68 merge_data Dataframe shape: (297840, 14) #### time: 626
#### #### SPLIT TRAIN TEST #### ####
#### CLASSES: [0 1 2 3] TOTAL 4
#### SPLIT train_test_split and CUDA: ??? cuda:0 #### time: 35
#### MODELS - TOTAL 1 ####
#### EPOCHS 11 ####
#### TRAINING MODELS ####
#### TRAINING MODEL ResNet1D ####
#### prediction torch.Size([192, 4])
Epoch [10/11] Step [33/1241] Loss: 0.2021 Time: 496.686
#### prediction torch.Size([192, 4])
Epoch [10/11] Step [66/1241] Loss: 0.2021 Time: 498.145
#### prediction torch.Size([192, 4])
Epoch [10/11] Step [99/1241] Loss: 0.2170 Time: 499.604
#### prediction torch.Size([192, 4])
Epoch [10/11] Step [132/1241] Loss: 0.2411 Time: 501.063
#### prediction torch.Size([192, 4])
Epoch [10/11] Step [165/1241] Loss: 0.1956 Time: 502.523
#### prediction torch.Size([192, 4])
Epoch [10/11] Step [198/1241] Loss: 0.1886 Time: 503.982
#### prediction torch.Size([192, 4])
Epoch [10/11] Step [231/1241] Loss: 0.2134 Time: 505.441
#### prediction torch.Size([192, 4])
Epoch [10/11] Step [264/1241] Loss: 0.1484 Time: 506.901
#### prediction torch.Size([192, 4])
Epoch [10/11] Step [297/1241] Loss: 0.2079 Time: 508.363
#### prediction torch.Size([192, 4])
Epoch [10/11] Step [330/1241] Loss: 0.2539 Time: 509.822
#### prediction torch.Size([192, 4])
Epoch [10/11] Step [363/1241] Loss: 0.2291 Time: 511.281
#### prediction torch.Size([192, 4])
Epoch [10/11] Step [396/1241] Loss: 0.1530 Time: 512.741
#### prediction torch.Size([192, 4])
Epoch [10/11] Step [429/1241] Loss: 0.2509 Time: 514.2
#### prediction torch.Size([192, 4])
Epoch [10/11] Step [462/1241] Loss: 0.1846 Time: 515.659
#### prediction torch.Size([192, 4])
Epoch [10/11] Step [495/1241] Loss: 0.1858 Time: 517.119
#### prediction torch.Size([192, 4])
Epoch [10/11] Step [528/1241] Loss: 0.1392 Time: 518.579
#### prediction torch.Size([192, 4])
Epoch [10/11] Step [561/1241] Loss: 0.1572 Time: 520.037
#### prediction torch.Size([192, 4])
Epoch [10/11] Step [594/1241] Loss: 0.2090 Time: 521.497
#### prediction torch.Size([192, 4])
Epoch [10/11] Step [627/1241] Loss: 0.2542 Time: 522.955
#### prediction torch.Size([192, 4])
Epoch [10/11] Step [660/1241] Loss: 0.1649 Time: 524.414
#### prediction torch.Size([192, 4])
Epoch [10/11] Step [693/1241] Loss: 0.1808 Time: 525.877
#### prediction torch.Size([192, 4])
Epoch [10/11] Step [726/1241] Loss: 0.1332 Time: 527.353
#### prediction torch.Size([192, 4])
Epoch [10/11] Step [759/1241] Loss: 0.2230 Time: 528.813
#### prediction torch.Size([192, 4])
Epoch [10/11] Step [792/1241] Loss: 0.1830 Time: 530.272
#### prediction torch.Size([192, 4])
Epoch [10/11] Step [825/1241] Loss: 0.1606 Time: 531.732
#### prediction torch.Size([192, 4])
Epoch [10/11] Step [858/1241] Loss: 0.1485 Time: 533.191
#### prediction torch.Size([192, 4])
Epoch [10/11] Step [891/1241] Loss: 0.1547 Time: 534.65
#### prediction torch.Size([192, 4])
Epoch [10/11] Step [924/1241] Loss: 0.2126 Time: 536.109
#### prediction torch.Size([192, 4])
Epoch [10/11] Step [957/1241] Loss: 0.3538 Time: 537.569
#### prediction torch.Size([192, 4])
Epoch [10/11] Step [990/1241] Loss: 0.1860 Time: 539.029
#### prediction torch.Size([192, 4])
Epoch [10/11] Step [1023/1241] Loss: 0.2641 Time: 540.487
#### prediction torch.Size([192, 4])
Epoch [10/11] Step [1056/1241] Loss: 0.1970 Time: 541.948
#### prediction torch.Size([192, 4])
Epoch [10/11] Step [1089/1241] Loss: 0.2139 Time: 543.406
#### prediction torch.Size([192, 4])
Epoch [10/11] Step [1122/1241] Loss: 0.2229 Time: 544.865
#### prediction torch.Size([192, 4])
Epoch [10/11] Step [1155/1241] Loss: 0.2189 Time: 546.324
#### prediction torch.Size([192, 4])
Epoch [10/11] Step [1188/1241] Loss: 0.1568 Time: 547.784
#### prediction torch.Size([192, 4])
Epoch [10/11] Step [1221/1241] Loss: 0.2241 Time: 549.244
#### TRAINED MODEL ResNet1D model training time: 605.336 total training time: 608.493 ####
#### TRAINING TOTAL TIME: 605.336 ####
Accuracy of the ResNet1D model on the test set: 30.761483 %
#### TESTING TOTAL TIME: 4.583 ####
#### TIME #### TERMINO #### 68082.258 ####
#### FINITO #### TERMINO #### NO-VA-MAS ####
#### TIMES #### modelling TOTAL TOTAL ==>> 68082.258 seconds
#### #### READING DATA FILES #### ####
473 511 #### COMBI [reg, sid, ban, sec, men, med, sum, max, aci, bet, mmm, hfq, htp, aei] METRICS ####
('Plantation', '/home/vargas/repos/forests-sounds-vargas/out/data/extraction/Plantation/2_00_PSA0010-2010_dict_y_split_7_2512283_1736694580.pkl')
(297840, 14) Index(['reg', 'sid', 'ban', 'sec', 'men', 'med', 'sum', 'max', 'aci', 'bet',
       'mmm'],
      dtype='object') Index(['sec', 'men', 'med', 'sum', 'max', 'aci', 'bet', 'mmm', 'hfq', 'htp',
       'aei'],
      dtype='object')
#### MERGE 68 merge_data Dataframe shape: (297840, 14) #### time: 625
#### #### SPLIT TRAIN TEST #### ####
#### CLASSES: [0 1 2 3] TOTAL 4
#### SPLIT train_test_split and CUDA: ??? cuda:0 #### time: 35
#### MODELS - TOTAL 1 ####
#### EPOCHS 11 ####
#### TRAINING MODELS ####
#### TRAINING MODEL ResNet1D ####
#### prediction torch.Size([192, 4])
Epoch [10/11] Step [33/1241] Loss: 0.2223 Time: 496.598
#### prediction torch.Size([192, 4])
Epoch [10/11] Step [66/1241] Loss: 0.1504 Time: 498.062
#### prediction torch.Size([192, 4])
Epoch [10/11] Step [99/1241] Loss: 0.1031 Time: 499.521
#### prediction torch.Size([192, 4])
Epoch [10/11] Step [132/1241] Loss: 0.2205 Time: 500.979
#### prediction torch.Size([192, 4])
Epoch [10/11] Step [165/1241] Loss: 0.1596 Time: 502.437
#### prediction torch.Size([192, 4])
Epoch [10/11] Step [198/1241] Loss: 0.1377 Time: 503.895
#### prediction torch.Size([192, 4])
Epoch [10/11] Step [231/1241] Loss: 0.2752 Time: 505.366
#### prediction torch.Size([192, 4])
Epoch [10/11] Step [264/1241] Loss: 0.2409 Time: 506.826
#### prediction torch.Size([192, 4])
Epoch [10/11] Step [297/1241] Loss: 0.2223 Time: 508.284
#### prediction torch.Size([192, 4])
Epoch [10/11] Step [330/1241] Loss: 0.2087 Time: 509.745
#### prediction torch.Size([192, 4])
Epoch [10/11] Step [363/1241] Loss: 0.2027 Time: 511.203
#### prediction torch.Size([192, 4])
Epoch [10/11] Step [396/1241] Loss: 0.1401 Time: 512.66
#### prediction torch.Size([192, 4])
Epoch [10/11] Step [429/1241] Loss: 0.2911 Time: 514.119
#### prediction torch.Size([192, 4])
Epoch [10/11] Step [462/1241] Loss: 0.2389 Time: 515.576
#### prediction torch.Size([192, 4])
Epoch [10/11] Step [495/1241] Loss: 0.1501 Time: 517.034
#### prediction torch.Size([192, 4])
Epoch [10/11] Step [528/1241] Loss: 0.1752 Time: 518.504
#### prediction torch.Size([192, 4])
Epoch [10/11] Step [561/1241] Loss: 0.2022 Time: 519.969
#### prediction torch.Size([192, 4])
Epoch [10/11] Step [594/1241] Loss: 0.1635 Time: 521.428
#### prediction torch.Size([192, 4])
Epoch [10/11] Step [627/1241] Loss: 0.1081 Time: 522.886
#### prediction torch.Size([192, 4])
Epoch [10/11] Step [660/1241] Loss: 0.1579 Time: 524.343
#### prediction torch.Size([192, 4])
Epoch [10/11] Step [693/1241] Loss: 0.1911 Time: 525.808
#### prediction torch.Size([192, 4])
Epoch [10/11] Step [726/1241] Loss: 0.2069 Time: 527.271
#### prediction torch.Size([192, 4])
Epoch [10/11] Step [759/1241] Loss: 0.1733 Time: 528.73
#### prediction torch.Size([192, 4])
Epoch [10/11] Step [792/1241] Loss: 0.1239 Time: 530.188
#### prediction torch.Size([192, 4])
Epoch [10/11] Step [825/1241] Loss: 0.1817 Time: 531.645
#### prediction torch.Size([192, 4])
Epoch [10/11] Step [858/1241] Loss: 0.1979 Time: 533.104
#### prediction torch.Size([192, 4])
Epoch [10/11] Step [891/1241] Loss: 0.1562 Time: 534.562
#### prediction torch.Size([192, 4])
Epoch [10/11] Step [924/1241] Loss: 0.1859 Time: 536.02
#### prediction torch.Size([192, 4])
Epoch [10/11] Step [957/1241] Loss: 0.1504 Time: 537.478
#### prediction torch.Size([192, 4])
Epoch [10/11] Step [990/1241] Loss: 0.2380 Time: 538.939
#### prediction torch.Size([192, 4])
Epoch [10/11] Step [1023/1241] Loss: 0.1561 Time: 540.398
#### prediction torch.Size([192, 4])
Epoch [10/11] Step [1056/1241] Loss: 0.1433 Time: 541.855
#### prediction torch.Size([192, 4])
Epoch [10/11] Step [1089/1241] Loss: 0.2053 Time: 543.314
#### prediction torch.Size([192, 4])
Epoch [10/11] Step [1122/1241] Loss: 0.2012 Time: 544.772
#### prediction torch.Size([192, 4])
Epoch [10/11] Step [1155/1241] Loss: 0.1564 Time: 546.229
#### prediction torch.Size([192, 4])
Epoch [10/11] Step [1188/1241] Loss: 0.2422 Time: 547.687
#### prediction torch.Size([192, 4])
Epoch [10/11] Step [1221/1241] Loss: 0.1210 Time: 549.147
#### TRAINED MODEL ResNet1D model training time: 605.101 total training time: 608.169 ####
#### TRAINING TOTAL TIME: 605.101 ####
Accuracy of the ResNet1D model on the test set: 65.535187 %
#### TESTING TOTAL TIME: 4.576 ####
#### TIME #### TERMINO #### 68742.133 ####
#### FINITO #### TERMINO #### NO-VA-MAS ####
#### TIMES #### modelling TOTAL TOTAL ==>> 68742.133 seconds
#### #### READING DATA FILES #### ####
474 511 #### COMBI [reg, sid, ban, sec, men, med, sum, max, aci, bet, mmm, hfq, hhh, aei] METRICS ####
('Plantation', '/home/vargas/repos/forests-sounds-vargas/out/data/extraction/Plantation/2_00_PSA0010-2010_dict_y_split_7_2512283_1736694580.pkl')
(297840, 14) Index(['reg', 'sid', 'ban', 'sec', 'men', 'med', 'sum', 'max', 'aci', 'bet',
       'mmm'],
      dtype='object') Index(['sec', 'men', 'med', 'sum', 'max', 'aci', 'bet', 'mmm', 'hfq', 'hhh',
       'aei'],
      dtype='object')
#### MERGE 68 merge_data Dataframe shape: (297840, 14) #### time: 625
#### #### SPLIT TRAIN TEST #### ####
#### CLASSES: [0 1 2 3] TOTAL 4
#### SPLIT train_test_split and CUDA: ??? cuda:0 #### time: 35
#### MODELS - TOTAL 1 ####
#### EPOCHS 11 ####
#### TRAINING MODELS ####
#### TRAINING MODEL ResNet1D ####
#### prediction torch.Size([192, 4])
Epoch [10/11] Step [33/1241] Loss: 0.2334 Time: 496.739
#### prediction torch.Size([192, 4])
Epoch [10/11] Step [66/1241] Loss: 0.2547 Time: 498.199
#### prediction torch.Size([192, 4])
Epoch [10/11] Step [99/1241] Loss: 0.2291 Time: 499.657
#### prediction torch.Size([192, 4])
Epoch [10/11] Step [132/1241] Loss: 0.3136 Time: 501.115
#### prediction torch.Size([192, 4])
Epoch [10/11] Step [165/1241] Loss: 0.2206 Time: 502.575
#### prediction torch.Size([192, 4])
Epoch [10/11] Step [198/1241] Loss: 0.2301 Time: 504.034
#### prediction torch.Size([192, 4])
Epoch [10/11] Step [231/1241] Loss: 0.2173 Time: 505.492
#### prediction torch.Size([192, 4])
Epoch [10/11] Step [264/1241] Loss: 0.3181 Time: 506.951
#### prediction torch.Size([192, 4])
Epoch [10/11] Step [297/1241] Loss: 0.2682 Time: 508.415
#### prediction torch.Size([192, 4])
Epoch [10/11] Step [330/1241] Loss: 0.1823 Time: 509.874
#### prediction torch.Size([192, 4])
Epoch [10/11] Step [363/1241] Loss: 0.2018 Time: 511.333
#### prediction torch.Size([192, 4])
Epoch [10/11] Step [396/1241] Loss: 0.1896 Time: 512.791
#### prediction torch.Size([192, 4])
Epoch [10/11] Step [429/1241] Loss: 0.2299 Time: 514.25
#### prediction torch.Size([192, 4])
Epoch [10/11] Step [462/1241] Loss: 0.2757 Time: 515.71
#### prediction torch.Size([192, 4])
Epoch [10/11] Step [495/1241] Loss: 0.2858 Time: 517.168
#### prediction torch.Size([192, 4])
Epoch [10/11] Step [528/1241] Loss: 0.2101 Time: 518.628
#### prediction torch.Size([192, 4])
Epoch [10/11] Step [561/1241] Loss: 0.1998 Time: 520.087
#### prediction torch.Size([192, 4])
Epoch [10/11] Step [594/1241] Loss: 0.2389 Time: 521.545
#### prediction torch.Size([192, 4])
Epoch [10/11] Step [627/1241] Loss: 0.2754 Time: 523.004
#### prediction torch.Size([192, 4])
Epoch [10/11] Step [660/1241] Loss: 0.1984 Time: 524.47
#### prediction torch.Size([192, 4])
Epoch [10/11] Step [693/1241] Loss: 0.2650 Time: 525.928
#### prediction torch.Size([192, 4])
Epoch [10/11] Step [726/1241] Loss: 0.2047 Time: 527.388
#### prediction torch.Size([192, 4])
Epoch [10/11] Step [759/1241] Loss: 0.2416 Time: 529.02
#### prediction torch.Size([192, 4])
Epoch [10/11] Step [792/1241] Loss: 0.2132 Time: 530.48
#### prediction torch.Size([192, 4])
Epoch [10/11] Step [825/1241] Loss: 0.2452 Time: 531.939
#### prediction torch.Size([192, 4])
Epoch [10/11] Step [858/1241] Loss: 0.2882 Time: 533.399
#### prediction torch.Size([192, 4])
Epoch [10/11] Step [891/1241] Loss: 0.1987 Time: 534.859
#### prediction torch.Size([192, 4])
Epoch [10/11] Step [924/1241] Loss: 0.2611 Time: 536.318
#### prediction torch.Size([192, 4])
Epoch [10/11] Step [957/1241] Loss: 0.2423 Time: 537.778
#### prediction torch.Size([192, 4])
Epoch [10/11] Step [990/1241] Loss: 0.2484 Time: 539.237
#### prediction torch.Size([192, 4])
Epoch [10/11] Step [1023/1241] Loss: 0.1739 Time: 540.696
#### prediction torch.Size([192, 4])
Epoch [10/11] Step [1056/1241] Loss: 0.3130 Time: 542.154
#### prediction torch.Size([192, 4])
Epoch [10/11] Step [1089/1241] Loss: 0.2398 Time: 543.613
#### prediction torch.Size([192, 4])
Epoch [10/11] Step [1122/1241] Loss: 0.3641 Time: 545.073
#### prediction torch.Size([192, 4])
Epoch [10/11] Step [1155/1241] Loss: 0.2198 Time: 546.531
#### prediction torch.Size([192, 4])
Epoch [10/11] Step [1188/1241] Loss: 0.2409 Time: 547.991
#### prediction torch.Size([192, 4])
Epoch [10/11] Step [1221/1241] Loss: 0.1966 Time: 549.451
#### TRAINED MODEL ResNet1D model training time: 605.261 total training time: 610.334 ####
#### TRAINING TOTAL TIME: 605.262 ####
Accuracy of the ResNet1D model on the test set: 45.410287 %
#### TESTING TOTAL TIME: 4.594 ####
#### TIME #### TERMINO #### 69404.605 ####
#### FINITO #### TERMINO #### NO-VA-MAS ####
#### TIMES #### modelling TOTAL TOTAL ==>> 69404.605 seconds
#### #### READING DATA FILES #### ####
475 511 #### COMBI [reg, sid, ban, sec, men, med, sum, max, aci, bet, mmm, htp, hhh, aei] METRICS ####
('Plantation', '/home/vargas/repos/forests-sounds-vargas/out/data/extraction/Plantation/2_00_PSA0010-2010_dict_y_split_7_2512283_1736694580.pkl')
(297840, 14) Index(['reg', 'sid', 'ban', 'sec', 'men', 'med', 'sum', 'max', 'aci', 'bet',
       'mmm'],
      dtype='object') Index(['sec', 'men', 'med', 'sum', 'max', 'aci', 'bet', 'mmm', 'htp', 'hhh',
       'aei'],
      dtype='object')
#### MERGE 68 merge_data Dataframe shape: (297840, 14) #### time: 626
#### #### SPLIT TRAIN TEST #### ####
#### CLASSES: [0 1 2 3] TOTAL 4
#### SPLIT train_test_split and CUDA: ??? cuda:0 #### time: 35
#### MODELS - TOTAL 1 ####
#### EPOCHS 11 ####
#### TRAINING MODELS ####
#### TRAINING MODEL ResNet1D ####
#### prediction torch.Size([192, 4])
Epoch [10/11] Step [33/1241] Loss: 0.1378 Time: 497.116
#### prediction torch.Size([192, 4])
Epoch [10/11] Step [66/1241] Loss: 0.1758 Time: 498.58
#### prediction torch.Size([192, 4])
Epoch [10/11] Step [99/1241] Loss: 0.1524 Time: 500.042
#### prediction torch.Size([192, 4])
Epoch [10/11] Step [132/1241] Loss: 0.2339 Time: 501.503
#### prediction torch.Size([192, 4])
Epoch [10/11] Step [165/1241] Loss: 0.2206 Time: 502.964
#### prediction torch.Size([192, 4])
Epoch [10/11] Step [198/1241] Loss: 0.1710 Time: 504.427
#### prediction torch.Size([192, 4])
Epoch [10/11] Step [231/1241] Loss: 0.1420 Time: 505.887
#### prediction torch.Size([192, 4])
Epoch [10/11] Step [264/1241] Loss: 0.2006 Time: 507.351
#### prediction torch.Size([192, 4])
Epoch [10/11] Step [297/1241] Loss: 0.2325 Time: 508.815
#### prediction torch.Size([192, 4])
Epoch [10/11] Step [330/1241] Loss: 0.1301 Time: 510.276
#### prediction torch.Size([192, 4])
Epoch [10/11] Step [363/1241] Loss: 0.1355 Time: 511.737
#### prediction torch.Size([192, 4])
Epoch [10/11] Step [396/1241] Loss: 0.1506 Time: 513.198
#### prediction torch.Size([192, 4])
Epoch [10/11] Step [429/1241] Loss: 0.1513 Time: 514.662
#### prediction torch.Size([192, 4])
Epoch [10/11] Step [462/1241] Loss: 0.2389 Time: 516.124
#### prediction torch.Size([192, 4])
Epoch [10/11] Step [495/1241] Loss: 0.1889 Time: 517.585
#### prediction torch.Size([192, 4])
Epoch [10/11] Step [528/1241] Loss: 0.1414 Time: 519.047
#### prediction torch.Size([192, 4])
Epoch [10/11] Step [561/1241] Loss: 0.1935 Time: 520.51
#### prediction torch.Size([192, 4])
Epoch [10/11] Step [594/1241] Loss: 0.2449 Time: 521.971
#### prediction torch.Size([192, 4])
Epoch [10/11] Step [627/1241] Loss: 0.2442 Time: 523.445
#### prediction torch.Size([192, 4])
Epoch [10/11] Step [660/1241] Loss: 0.2265 Time: 524.91
#### prediction torch.Size([192, 4])
Epoch [10/11] Step [693/1241] Loss: 0.1800 Time: 526.373
#### prediction torch.Size([192, 4])
Epoch [10/11] Step [726/1241] Loss: 0.2168 Time: 527.834
#### prediction torch.Size([192, 4])
Epoch [10/11] Step [759/1241] Loss: 0.1838 Time: 529.296
#### prediction torch.Size([192, 4])
Epoch [10/11] Step [792/1241] Loss: 0.1554 Time: 530.757
#### prediction torch.Size([192, 4])
Epoch [10/11] Step [825/1241] Loss: 0.1643 Time: 532.218
#### prediction torch.Size([192, 4])
Epoch [10/11] Step [858/1241] Loss: 0.1747 Time: 533.68
#### prediction torch.Size([192, 4])
Epoch [10/11] Step [891/1241] Loss: 0.1448 Time: 535.142
#### prediction torch.Size([192, 4])
Epoch [10/11] Step [924/1241] Loss: 0.1679 Time: 536.603
#### prediction torch.Size([192, 4])
Epoch [10/11] Step [957/1241] Loss: 0.1766 Time: 538.066
#### prediction torch.Size([192, 4])
Epoch [10/11] Step [990/1241] Loss: 0.2261 Time: 539.529
#### prediction torch.Size([192, 4])
Epoch [10/11] Step [1023/1241] Loss: 0.1478 Time: 540.99
#### prediction torch.Size([192, 4])
Epoch [10/11] Step [1056/1241] Loss: 0.1830 Time: 542.452
#### prediction torch.Size([192, 4])
Epoch [10/11] Step [1089/1241] Loss: 0.1979 Time: 543.914
#### prediction torch.Size([192, 4])
Epoch [10/11] Step [1122/1241] Loss: 0.1760 Time: 545.376
#### prediction torch.Size([192, 4])
Epoch [10/11] Step [1155/1241] Loss: 0.1677 Time: 546.838
#### prediction torch.Size([192, 4])
Epoch [10/11] Step [1188/1241] Loss: 0.2107 Time: 548.299
#### prediction torch.Size([192, 4])
Epoch [10/11] Step [1221/1241] Loss: 0.1400 Time: 549.762
#### TRAINED MODEL ResNet1D model training time: 605.863 total training time: 609.145 ####
#### TRAINING TOTAL TIME: 605.863 ####
Accuracy of the ResNet1D model on the test set: 31.877854 %
#### TESTING TOTAL TIME: 4.582 ####
#### TIME #### TERMINO #### 70065.621 ####
#### FINITO #### TERMINO #### NO-VA-MAS ####
#### TIMES #### modelling TOTAL TOTAL ==>> 70065.621 seconds
#### #### READING DATA FILES #### ####
476 511 #### COMBI [reg, sid, ban, sec, men, med, sum, max, aci, bet, npp, hfq, htp, hhh] METRICS ####
('Plantation', '/home/vargas/repos/forests-sounds-vargas/out/data/extraction/Plantation/2_00_PSA0010-2010_dict_y_split_7_2512283_1736694580.pkl')
(297840, 14) Index(['reg', 'sid', 'ban', 'sec', 'men', 'med', 'sum', 'max', 'aci', 'bet',
       'npp'],
      dtype='object') Index(['sec', 'men', 'med', 'sum', 'max', 'aci', 'bet', 'npp', 'hfq', 'htp',
       'hhh'],
      dtype='object')
#### MERGE 68 merge_data Dataframe shape: (297840, 14) #### time: 630
#### #### SPLIT TRAIN TEST #### ####
#### CLASSES: [0 1 2 3] TOTAL 4
#### SPLIT train_test_split and CUDA: ??? cuda:0 #### time: 34
#### MODELS - TOTAL 1 ####
#### EPOCHS 11 ####
#### TRAINING MODELS ####
#### TRAINING MODEL ResNet1D ####
#### prediction torch.Size([192, 4])
Epoch [10/11] Step [33/1241] Loss: 0.2295 Time: 497.869
#### prediction torch.Size([192, 4])
Epoch [10/11] Step [66/1241] Loss: 0.2415 Time: 499.333
#### prediction torch.Size([192, 4])
Epoch [10/11] Step [99/1241] Loss: 0.2456 Time: 500.799
#### prediction torch.Size([192, 4])
Epoch [10/11] Step [132/1241] Loss: 0.2731 Time: 502.264
#### prediction torch.Size([192, 4])
Epoch [10/11] Step [165/1241] Loss: 0.2342 Time: 503.732
#### prediction torch.Size([192, 4])
Epoch [10/11] Step [198/1241] Loss: 0.1988 Time: 505.199
#### prediction torch.Size([192, 4])
Epoch [10/11] Step [231/1241] Loss: 0.1854 Time: 506.664
#### prediction torch.Size([192, 4])
Epoch [10/11] Step [264/1241] Loss: 0.1529 Time: 508.13
#### prediction torch.Size([192, 4])
Epoch [10/11] Step [297/1241] Loss: 0.2411 Time: 509.596
#### prediction torch.Size([192, 4])
Epoch [10/11] Step [330/1241] Loss: 0.2661 Time: 511.061
#### prediction torch.Size([192, 4])
Epoch [10/11] Step [363/1241] Loss: 0.1877 Time: 512.525
#### prediction torch.Size([192, 4])
Epoch [10/11] Step [396/1241] Loss: 0.1840 Time: 514.166
#### prediction torch.Size([192, 4])
Epoch [10/11] Step [429/1241] Loss: 0.1564 Time: 515.633
#### prediction torch.Size([192, 4])
Epoch [10/11] Step [462/1241] Loss: 0.1492 Time: 517.098
#### prediction torch.Size([192, 4])
Epoch [10/11] Step [495/1241] Loss: 0.2044 Time: 518.57
#### prediction torch.Size([192, 4])
Epoch [10/11] Step [528/1241] Loss: 0.2518 Time: 520.034
#### prediction torch.Size([192, 4])
Epoch [10/11] Step [561/1241] Loss: 0.1851 Time: 521.5
#### prediction torch.Size([192, 4])
Epoch [10/11] Step [594/1241] Loss: 0.1665 Time: 522.966
#### prediction torch.Size([192, 4])
Epoch [10/11] Step [627/1241] Loss: 0.2590 Time: 524.432
#### prediction torch.Size([192, 4])
Epoch [10/11] Step [660/1241] Loss: 0.1535 Time: 525.897
#### prediction torch.Size([192, 4])
Epoch [10/11] Step [693/1241] Loss: 0.1748 Time: 527.362
#### prediction torch.Size([192, 4])
Epoch [10/11] Step [726/1241] Loss: 0.2311 Time: 528.827
#### prediction torch.Size([192, 4])
Epoch [10/11] Step [759/1241] Loss: 0.2050 Time: 530.293
#### prediction torch.Size([192, 4])
Epoch [10/11] Step [792/1241] Loss: 0.2172 Time: 531.759
#### prediction torch.Size([192, 4])
Epoch [10/11] Step [825/1241] Loss: 0.2128 Time: 533.228
#### prediction torch.Size([192, 4])
Epoch [10/11] Step [858/1241] Loss: 0.2338 Time: 534.694
#### prediction torch.Size([192, 4])
Epoch [10/11] Step [891/1241] Loss: 0.2167 Time: 536.159
#### prediction torch.Size([192, 4])
Epoch [10/11] Step [924/1241] Loss: 0.2464 Time: 537.624
#### prediction torch.Size([192, 4])
Epoch [10/11] Step [957/1241] Loss: 0.2689 Time: 539.09
#### prediction torch.Size([192, 4])
Epoch [10/11] Step [990/1241] Loss: 0.2142 Time: 540.555
#### prediction torch.Size([192, 4])
Epoch [10/11] Step [1023/1241] Loss: 0.3410 Time: 542.021
#### prediction torch.Size([192, 4])
Epoch [10/11] Step [1056/1241] Loss: 0.1887 Time: 543.486
#### prediction torch.Size([192, 4])
Epoch [10/11] Step [1089/1241] Loss: 0.2081 Time: 544.952
#### prediction torch.Size([192, 4])
Epoch [10/11] Step [1122/1241] Loss: 0.2139 Time: 546.416
#### prediction torch.Size([192, 4])
Epoch [10/11] Step [1155/1241] Loss: 0.3757 Time: 547.885
#### prediction torch.Size([192, 4])
Epoch [10/11] Step [1188/1241] Loss: 0.2570 Time: 549.351
#### prediction torch.Size([192, 4])
Epoch [10/11] Step [1221/1241] Loss: 0.1800 Time: 550.817
#### TRAINED MODEL ResNet1D model training time: 606.861 total training time: 610.016 ####
#### TRAINING TOTAL TIME: 606.862 ####
Accuracy of the ResNet1D model on the test set: 88.458568 %
#### TESTING TOTAL TIME: 4.783 ####
#### TIME #### TERMINO #### 70732.352 ####
#### FINITO #### TERMINO #### NO-VA-MAS ####
#### TIMES #### modelling TOTAL TOTAL ==>> 70732.352 seconds
#### #### READING DATA FILES #### ####
477 511 #### COMBI [reg, sid, ban, sec, men, med, sum, max, aci, bet, npp, hfq, htp, aei] METRICS ####
('Plantation', '/home/vargas/repos/forests-sounds-vargas/out/data/extraction/Plantation/2_00_PSA0010-2010_dict_y_split_7_2512283_1736694580.pkl')
(297840, 14) Index(['reg', 'sid', 'ban', 'sec', 'men', 'med', 'sum', 'max', 'aci', 'bet',
       'npp'],
      dtype='object') Index(['sec', 'men', 'med', 'sum', 'max', 'aci', 'bet', 'npp', 'hfq', 'htp',
       'aei'],
      dtype='object')
#### MERGE 68 merge_data Dataframe shape: (297840, 14) #### time: 627
#### #### SPLIT TRAIN TEST #### ####
#### CLASSES: [0 1 2 3] TOTAL 4
#### SPLIT train_test_split and CUDA: ??? cuda:0 #### time: 35
#### MODELS - TOTAL 1 ####
#### EPOCHS 11 ####
#### TRAINING MODELS ####
#### TRAINING MODEL ResNet1D ####
#### prediction torch.Size([192, 4])
Epoch [10/11] Step [33/1241] Loss: 0.1680 Time: 498.429
#### prediction torch.Size([192, 4])
Epoch [10/11] Step [66/1241] Loss: 0.2409 Time: 499.893
#### prediction torch.Size([192, 4])
Epoch [10/11] Step [99/1241] Loss: 0.3123 Time: 501.361
#### prediction torch.Size([192, 4])
Epoch [10/11] Step [132/1241] Loss: 0.1507 Time: 502.823
#### prediction torch.Size([192, 4])
Epoch [10/11] Step [165/1241] Loss: 0.1821 Time: 504.286
#### prediction torch.Size([192, 4])
Epoch [10/11] Step [198/1241] Loss: 0.2241 Time: 505.75
#### prediction torch.Size([192, 4])
Epoch [10/11] Step [231/1241] Loss: 0.2511 Time: 507.214
#### prediction torch.Size([192, 4])
Epoch [10/11] Step [264/1241] Loss: 0.2330 Time: 508.677
#### prediction torch.Size([192, 4])
Epoch [10/11] Step [297/1241] Loss: 0.3032 Time: 510.139
#### prediction torch.Size([192, 4])
Epoch [10/11] Step [330/1241] Loss: 0.1362 Time: 511.603
#### prediction torch.Size([192, 4])
Epoch [10/11] Step [363/1241] Loss: 0.2822 Time: 513.066
#### prediction torch.Size([192, 4])
Epoch [10/11] Step [396/1241] Loss: 0.2001 Time: 514.529
#### prediction torch.Size([192, 4])
Epoch [10/11] Step [429/1241] Loss: 0.2677 Time: 516.001
#### prediction torch.Size([192, 4])
Epoch [10/11] Step [462/1241] Loss: 0.1882 Time: 517.464
#### prediction torch.Size([192, 4])
Epoch [10/11] Step [495/1241] Loss: 0.1361 Time: 518.928
#### prediction torch.Size([192, 4])
Epoch [10/11] Step [528/1241] Loss: 0.2005 Time: 520.391
#### prediction torch.Size([192, 4])
Epoch [10/11] Step [561/1241] Loss: 0.2313 Time: 521.854
#### prediction torch.Size([192, 4])
Epoch [10/11] Step [594/1241] Loss: 0.2094 Time: 523.317
#### prediction torch.Size([192, 4])
Epoch [10/11] Step [627/1241] Loss: 0.1908 Time: 524.782
#### prediction torch.Size([192, 4])
Epoch [10/11] Step [660/1241] Loss: 0.1887 Time: 526.246
#### prediction torch.Size([192, 4])
Epoch [10/11] Step [693/1241] Loss: 0.2248 Time: 527.71
#### prediction torch.Size([192, 4])
Epoch [10/11] Step [726/1241] Loss: 0.2005 Time: 529.173
#### prediction torch.Size([192, 4])
Epoch [10/11] Step [759/1241] Loss: 0.2057 Time: 530.639
#### prediction torch.Size([192, 4])
Epoch [10/11] Step [792/1241] Loss: 0.2133 Time: 532.102
#### prediction torch.Size([192, 4])
Epoch [10/11] Step [825/1241] Loss: 0.1580 Time: 533.564
#### prediction torch.Size([192, 4])
Epoch [10/11] Step [858/1241] Loss: 0.2199 Time: 535.027
#### prediction torch.Size([192, 4])
Epoch [10/11] Step [891/1241] Loss: 0.1822 Time: 536.491
#### prediction torch.Size([192, 4])
Epoch [10/11] Step [924/1241] Loss: 0.1849 Time: 537.954
#### prediction torch.Size([192, 4])
Epoch [10/11] Step [957/1241] Loss: 0.2065 Time: 539.417
#### prediction torch.Size([192, 4])
Epoch [10/11] Step [990/1241] Loss: 0.2341 Time: 540.881
#### prediction torch.Size([192, 4])
Epoch [10/11] Step [1023/1241] Loss: 0.3055 Time: 542.345
#### prediction torch.Size([192, 4])
Epoch [10/11] Step [1056/1241] Loss: 0.1643 Time: 543.809
#### prediction torch.Size([192, 4])
Epoch [10/11] Step [1089/1241] Loss: 0.2738 Time: 545.282
#### prediction torch.Size([192, 4])
Epoch [10/11] Step [1122/1241] Loss: 0.1858 Time: 546.746
#### prediction torch.Size([192, 4])
Epoch [10/11] Step [1155/1241] Loss: 0.1933 Time: 548.21
#### prediction torch.Size([192, 4])
Epoch [10/11] Step [1188/1241] Loss: 0.2443 Time: 549.675
#### prediction torch.Size([192, 4])
Epoch [10/11] Step [1221/1241] Loss: 0.2211 Time: 551.312
#### TRAINED MODEL ResNet1D model training time: 607.303 total training time: 610.375 ####
#### TRAINING TOTAL TIME: 607.304 ####
Accuracy of the ResNet1D model on the test set: 81.741875 %
#### TESTING TOTAL TIME: 4.598 ####
#### TIME #### TERMINO #### 71395.196 ####
#### FINITO #### TERMINO #### NO-VA-MAS ####
#### TIMES #### modelling TOTAL TOTAL ==>> 71395.196 seconds
#### #### READING DATA FILES #### ####
478 511 #### COMBI [reg, sid, ban, sec, men, med, sum, max, aci, bet, npp, hfq, hhh, aei] METRICS ####
('Plantation', '/home/vargas/repos/forests-sounds-vargas/out/data/extraction/Plantation/2_00_PSA0010-2010_dict_y_split_7_2512283_1736694580.pkl')
(297840, 14) Index(['reg', 'sid', 'ban', 'sec', 'men', 'med', 'sum', 'max', 'aci', 'bet',
       'npp'],
      dtype='object') Index(['sec', 'men', 'med', 'sum', 'max', 'aci', 'bet', 'npp', 'hfq', 'hhh',
       'aei'],
      dtype='object')
#### MERGE 68 merge_data Dataframe shape: (297840, 14) #### time: 627
#### #### SPLIT TRAIN TEST #### ####
#### CLASSES: [0 1 2 3] TOTAL 4
#### SPLIT train_test_split and CUDA: ??? cuda:0 #### time: 35
#### MODELS - TOTAL 1 ####
#### EPOCHS 11 ####
#### TRAINING MODELS ####
#### TRAINING MODEL ResNet1D ####
#### prediction torch.Size([192, 4])
Epoch [10/11] Step [33/1241] Loss: 0.2059 Time: 498.161
#### prediction torch.Size([192, 4])
Epoch [10/11] Step [66/1241] Loss: 0.2350 Time: 499.625
#### prediction torch.Size([192, 4])
Epoch [10/11] Step [99/1241] Loss: 0.2388 Time: 501.088
#### prediction torch.Size([192, 4])
Epoch [10/11] Step [132/1241] Loss: 0.1562 Time: 502.556
#### prediction torch.Size([192, 4])
Epoch [10/11] Step [165/1241] Loss: 0.1756 Time: 504.035
#### prediction torch.Size([192, 4])
Epoch [10/11] Step [198/1241] Loss: 0.2085 Time: 505.498
#### prediction torch.Size([192, 4])
Epoch [10/11] Step [231/1241] Loss: 0.1854 Time: 506.963
#### prediction torch.Size([192, 4])
Epoch [10/11] Step [264/1241] Loss: 0.3346 Time: 508.426
#### prediction torch.Size([192, 4])
Epoch [10/11] Step [297/1241] Loss: 0.2102 Time: 509.89
#### prediction torch.Size([192, 4])
Epoch [10/11] Step [330/1241] Loss: 0.2415 Time: 511.355
#### prediction torch.Size([192, 4])
Epoch [10/11] Step [363/1241] Loss: 0.2136 Time: 512.829
#### prediction torch.Size([192, 4])
Epoch [10/11] Step [396/1241] Loss: 0.1729 Time: 514.293
#### prediction torch.Size([192, 4])
Epoch [10/11] Step [429/1241] Loss: 0.2345 Time: 515.757
#### prediction torch.Size([192, 4])
Epoch [10/11] Step [462/1241] Loss: 0.2092 Time: 517.222
#### prediction torch.Size([192, 4])
Epoch [10/11] Step [495/1241] Loss: 0.1850 Time: 518.685
#### prediction torch.Size([192, 4])
Epoch [10/11] Step [528/1241] Loss: 0.2181 Time: 520.149
#### prediction torch.Size([192, 4])
Epoch [10/11] Step [561/1241] Loss: 0.2053 Time: 521.612
#### prediction torch.Size([192, 4])
Epoch [10/11] Step [594/1241] Loss: 0.2311 Time: 523.076
#### prediction torch.Size([192, 4])
Epoch [10/11] Step [627/1241] Loss: 0.1948 Time: 524.54
#### prediction torch.Size([192, 4])
Epoch [10/11] Step [660/1241] Loss: 0.1755 Time: 526.004
#### prediction torch.Size([192, 4])
Epoch [10/11] Step [693/1241] Loss: 0.1918 Time: 527.469
#### prediction torch.Size([192, 4])
Epoch [10/11] Step [726/1241] Loss: 0.2040 Time: 528.932
#### prediction torch.Size([192, 4])
Epoch [10/11] Step [759/1241] Loss: 0.2007 Time: 530.396
#### prediction torch.Size([192, 4])
Epoch [10/11] Step [792/1241] Loss: 0.2424 Time: 531.861
#### prediction torch.Size([192, 4])
Epoch [10/11] Step [825/1241] Loss: 0.2540 Time: 533.326
#### prediction torch.Size([192, 4])
Epoch [10/11] Step [858/1241] Loss: 0.1673 Time: 534.791
#### prediction torch.Size([192, 4])
Epoch [10/11] Step [891/1241] Loss: 0.2339 Time: 536.254
#### prediction torch.Size([192, 4])
Epoch [10/11] Step [924/1241] Loss: 0.1649 Time: 537.719
#### prediction torch.Size([192, 4])
Epoch [10/11] Step [957/1241] Loss: 0.1873 Time: 539.182
#### prediction torch.Size([192, 4])
Epoch [10/11] Step [990/1241] Loss: 0.2810 Time: 540.645
#### prediction torch.Size([192, 4])
Epoch [10/11] Step [1023/1241] Loss: 0.1920 Time: 542.118
#### prediction torch.Size([192, 4])
Epoch [10/11] Step [1056/1241] Loss: 0.1646 Time: 543.581
#### prediction torch.Size([192, 4])
Epoch [10/11] Step [1089/1241] Loss: 0.2119 Time: 545.045
#### prediction torch.Size([192, 4])
Epoch [10/11] Step [1122/1241] Loss: 0.1664 Time: 546.509
#### prediction torch.Size([192, 4])
Epoch [10/11] Step [1155/1241] Loss: 0.2048 Time: 547.973
#### prediction torch.Size([192, 4])
Epoch [10/11] Step [1188/1241] Loss: 0.1975 Time: 549.437
#### prediction torch.Size([192, 4])
Epoch [10/11] Step [1221/1241] Loss: 0.1875 Time: 550.901
#### TRAINED MODEL ResNet1D model training time: 607.074 total training time: 611.335 ####
#### TRAINING TOTAL TIME: 607.074 ####
Accuracy of the ResNet1D model on the test set: 85.15646 %
#### TESTING TOTAL TIME: 4.587 ####
#### TIME #### TERMINO #### 72058.409 ####
#### FINITO #### TERMINO #### NO-VA-MAS ####
#### TIMES #### modelling TOTAL TOTAL ==>> 72058.409 seconds
#### #### READING DATA FILES #### ####
479 511 #### COMBI [reg, sid, ban, sec, men, med, sum, max, aci, bet, npp, htp, hhh, aei] METRICS ####
('Plantation', '/home/vargas/repos/forests-sounds-vargas/out/data/extraction/Plantation/2_00_PSA0010-2010_dict_y_split_7_2512283_1736694580.pkl')
(297840, 14) Index(['reg', 'sid', 'ban', 'sec', 'men', 'med', 'sum', 'max', 'aci', 'bet',
       'npp'],
      dtype='object') Index(['sec', 'men', 'med', 'sum', 'max', 'aci', 'bet', 'npp', 'htp', 'hhh',
       'aei'],
      dtype='object')
#### MERGE 68 merge_data Dataframe shape: (297840, 14) #### time: 628
#### #### SPLIT TRAIN TEST #### ####
#### CLASSES: [0 1 2 3] TOTAL 4
#### SPLIT train_test_split and CUDA: ??? cuda:0 #### time: 35
#### MODELS - TOTAL 1 ####
#### EPOCHS 11 ####
#### TRAINING MODELS ####
#### TRAINING MODEL ResNet1D ####
#### prediction torch.Size([192, 4])
Epoch [10/11] Step [33/1241] Loss: 0.3168 Time: 497.737
#### prediction torch.Size([192, 4])
Epoch [10/11] Step [66/1241] Loss: 0.2183 Time: 499.201
#### prediction torch.Size([192, 4])
Epoch [10/11] Step [99/1241] Loss: 0.2494 Time: 500.665
#### prediction torch.Size([192, 4])
Epoch [10/11] Step [132/1241] Loss: 0.1721 Time: 502.128
#### prediction torch.Size([192, 4])
Epoch [10/11] Step [165/1241] Loss: 0.2915 Time: 503.591
#### prediction torch.Size([192, 4])
Epoch [10/11] Step [198/1241] Loss: 0.2066 Time: 505.054
#### prediction torch.Size([192, 4])
Epoch [10/11] Step [231/1241] Loss: 0.1820 Time: 506.518
#### prediction torch.Size([192, 4])
Epoch [10/11] Step [264/1241] Loss: 0.2306 Time: 507.983
#### prediction torch.Size([192, 4])
Epoch [10/11] Step [297/1241] Loss: 0.2470 Time: 509.449
#### prediction torch.Size([192, 4])
Epoch [10/11] Step [330/1241] Loss: 0.2167 Time: 510.913
#### prediction torch.Size([192, 4])
Epoch [10/11] Step [363/1241] Loss: 0.1503 Time: 512.377
#### prediction torch.Size([192, 4])
Epoch [10/11] Step [396/1241] Loss: 0.2198 Time: 513.84
#### prediction torch.Size([192, 4])
Epoch [10/11] Step [429/1241] Loss: 0.2393 Time: 515.303
#### prediction torch.Size([192, 4])
Epoch [10/11] Step [462/1241] Loss: 0.1593 Time: 516.768
#### prediction torch.Size([192, 4])
Epoch [10/11] Step [495/1241] Loss: 0.1960 Time: 518.231
#### prediction torch.Size([192, 4])
Epoch [10/11] Step [528/1241] Loss: 0.2097 Time: 519.695
#### prediction torch.Size([192, 4])
Epoch [10/11] Step [561/1241] Loss: 0.2035 Time: 521.159
#### prediction torch.Size([192, 4])
Epoch [10/11] Step [594/1241] Loss: 0.2473 Time: 522.622
#### prediction torch.Size([192, 4])
Epoch [10/11] Step [627/1241] Loss: 0.1907 Time: 524.085
#### prediction torch.Size([192, 4])
Epoch [10/11] Step [660/1241] Loss: 0.2385 Time: 525.551
#### prediction torch.Size([192, 4])
Epoch [10/11] Step [693/1241] Loss: 0.2103 Time: 527.015
#### prediction torch.Size([192, 4])
Epoch [10/11] Step [726/1241] Loss: 0.1817 Time: 528.653
#### prediction torch.Size([192, 4])
Epoch [10/11] Step [759/1241] Loss: 0.1922 Time: 530.119
#### prediction torch.Size([192, 4])
Epoch [10/11] Step [792/1241] Loss: 0.2416 Time: 531.583
#### prediction torch.Size([192, 4])
Epoch [10/11] Step [825/1241] Loss: 0.1799 Time: 533.047
#### prediction torch.Size([192, 4])
Epoch [10/11] Step [858/1241] Loss: 0.2793 Time: 534.51
#### prediction torch.Size([192, 4])
Epoch [10/11] Step [891/1241] Loss: 0.3137 Time: 535.975
#### prediction torch.Size([192, 4])
Epoch [10/11] Step [924/1241] Loss: 0.1746 Time: 537.438
#### prediction torch.Size([192, 4])
Epoch [10/11] Step [957/1241] Loss: 0.2327 Time: 538.911
#### prediction torch.Size([192, 4])
Epoch [10/11] Step [990/1241] Loss: 0.2192 Time: 540.375
#### prediction torch.Size([192, 4])
Epoch [10/11] Step [1023/1241] Loss: 0.2210 Time: 541.839
#### prediction torch.Size([192, 4])
Epoch [10/11] Step [1056/1241] Loss: 0.2402 Time: 543.303
#### prediction torch.Size([192, 4])
Epoch [10/11] Step [1089/1241] Loss: 0.2622 Time: 544.766
#### prediction torch.Size([192, 4])
Epoch [10/11] Step [1122/1241] Loss: 0.1933 Time: 546.229
#### prediction torch.Size([192, 4])
Epoch [10/11] Step [1155/1241] Loss: 0.2418 Time: 547.693
#### prediction torch.Size([192, 4])
Epoch [10/11] Step [1188/1241] Loss: 0.1925 Time: 549.156
#### prediction torch.Size([192, 4])
Epoch [10/11] Step [1221/1241] Loss: 0.2253 Time: 550.619
#### TRAINED MODEL ResNet1D model training time: 606.624 total training time: 609.884 ####
#### TRAINING TOTAL TIME: 606.625 ####
Accuracy of the ResNet1D model on the test set: 84.434596 %
#### TESTING TOTAL TIME: 4.584 ####
#### TIME #### TERMINO #### 72721.029 ####
#### FINITO #### TERMINO #### NO-VA-MAS ####
#### TIMES #### modelling TOTAL TOTAL ==>> 72721.029 seconds
#### #### READING DATA FILES #### ####
480 511 #### COMBI [reg, sid, ban, sec, men, med, sum, max, aci, bet, hfq, htp, hhh, aei] METRICS ####
('Plantation', '/home/vargas/repos/forests-sounds-vargas/out/data/extraction/Plantation/2_00_PSA0010-2010_dict_y_split_7_2512283_1736694580.pkl')
(297840, 14) Index(['reg', 'sid', 'ban', 'sec', 'men', 'med', 'sum', 'max', 'aci', 'bet',
       'hfq'],
      dtype='object') Index(['sec', 'men', 'med', 'sum', 'max', 'aci', 'bet', 'hfq', 'htp', 'hhh',
       'aei'],
      dtype='object')
#### MERGE 68 merge_data Dataframe shape: (297840, 14) #### time: 627
#### #### SPLIT TRAIN TEST #### ####
#### CLASSES: [0 1 2 3] TOTAL 4
#### SPLIT train_test_split and CUDA: ??? cuda:0 #### time: 35
#### MODELS - TOTAL 1 ####
#### EPOCHS 11 ####
#### TRAINING MODELS ####
#### TRAINING MODEL ResNet1D ####
#### prediction torch.Size([192, 4])
Epoch [10/11] Step [33/1241] Loss: 0.2900 Time: 498.196
#### prediction torch.Size([192, 4])
Epoch [10/11] Step [66/1241] Loss: 0.2600 Time: 499.66
#### prediction torch.Size([192, 4])
Epoch [10/11] Step [99/1241] Loss: 0.3212 Time: 501.127
#### prediction torch.Size([192, 4])
Epoch [10/11] Step [132/1241] Loss: 0.2333 Time: 502.592
#### prediction torch.Size([192, 4])
Epoch [10/11] Step [165/1241] Loss: 0.1848 Time: 504.057
#### prediction torch.Size([192, 4])
Epoch [10/11] Step [198/1241] Loss: 0.2632 Time: 505.523
#### prediction torch.Size([192, 4])
Epoch [10/11] Step [231/1241] Loss: 0.2003 Time: 506.99
#### prediction torch.Size([192, 4])
Epoch [10/11] Step [264/1241] Loss: 0.1843 Time: 508.454
#### prediction torch.Size([192, 4])
Epoch [10/11] Step [297/1241] Loss: 0.1984 Time: 509.921
#### prediction torch.Size([192, 4])
Epoch [10/11] Step [330/1241] Loss: 0.2410 Time: 511.385
#### prediction torch.Size([192, 4])
Epoch [10/11] Step [363/1241] Loss: 0.2982 Time: 512.85
#### prediction torch.Size([192, 4])
Epoch [10/11] Step [396/1241] Loss: 0.2060 Time: 514.314
#### prediction torch.Size([192, 4])
Epoch [10/11] Step [429/1241] Loss: 0.2878 Time: 515.781
#### prediction torch.Size([192, 4])
Epoch [10/11] Step [462/1241] Loss: 0.2091 Time: 517.245
#### prediction torch.Size([192, 4])
Epoch [10/11] Step [495/1241] Loss: 0.1676 Time: 518.709
#### prediction torch.Size([192, 4])
Epoch [10/11] Step [528/1241] Loss: 0.1850 Time: 520.174
#### prediction torch.Size([192, 4])
Epoch [10/11] Step [561/1241] Loss: 0.2134 Time: 521.639
#### prediction torch.Size([192, 4])
Epoch [10/11] Step [594/1241] Loss: 0.2683 Time: 523.105
#### prediction torch.Size([192, 4])
Epoch [10/11] Step [627/1241] Loss: 0.1922 Time: 524.569
#### prediction torch.Size([192, 4])
Epoch [10/11] Step [660/1241] Loss: 0.1566 Time: 526.034
#### prediction torch.Size([192, 4])
Epoch [10/11] Step [693/1241] Loss: 0.1768 Time: 527.5
#### prediction torch.Size([192, 4])
Epoch [10/11] Step [726/1241] Loss: 0.1824 Time: 528.965
#### prediction torch.Size([192, 4])
Epoch [10/11] Step [759/1241] Loss: 0.2969 Time: 530.43
#### prediction torch.Size([192, 4])
Epoch [10/11] Step [792/1241] Loss: 0.2034 Time: 531.895
#### prediction torch.Size([192, 4])
Epoch [10/11] Step [825/1241] Loss: 0.2283 Time: 533.359
#### prediction torch.Size([192, 4])
Epoch [10/11] Step [858/1241] Loss: 0.3007 Time: 534.824
#### prediction torch.Size([192, 4])
Epoch [10/11] Step [891/1241] Loss: 0.1767 Time: 536.296
#### prediction torch.Size([192, 4])
Epoch [10/11] Step [924/1241] Loss: 0.2081 Time: 537.767
#### prediction torch.Size([192, 4])
Epoch [10/11] Step [957/1241] Loss: 0.1903 Time: 539.231
#### prediction torch.Size([192, 4])
Epoch [10/11] Step [990/1241] Loss: 0.2652 Time: 540.699
#### prediction torch.Size([192, 4])
Epoch [10/11] Step [1023/1241] Loss: 0.1919 Time: 542.163
#### prediction torch.Size([192, 4])
Epoch [10/11] Step [1056/1241] Loss: 0.4121 Time: 543.628
#### prediction torch.Size([192, 4])
Epoch [10/11] Step [1089/1241] Loss: 0.1949 Time: 545.094
#### prediction torch.Size([192, 4])
Epoch [10/11] Step [1122/1241] Loss: 0.1674 Time: 546.558
#### prediction torch.Size([192, 4])
Epoch [10/11] Step [1155/1241] Loss: 0.1882 Time: 548.022
#### prediction torch.Size([192, 4])
Epoch [10/11] Step [1188/1241] Loss: 0.2263 Time: 549.486
#### prediction torch.Size([192, 4])
Epoch [10/11] Step [1221/1241] Loss: 0.2031 Time: 550.953
#### TRAINED MODEL ResNet1D model training time: 607.161 total training time: 610.495 ####
#### TRAINING TOTAL TIME: 607.161 ####
Accuracy of the ResNet1D model on the test set: 37.740062 %
#### TESTING TOTAL TIME: 4.599 ####
#### TIME #### TERMINO #### 73383.931 ####
#### FINITO #### TERMINO #### NO-VA-MAS ####
#### TIMES #### modelling TOTAL TOTAL ==>> 73383.931 seconds
#### #### READING DATA FILES #### ####
481 511 #### COMBI [reg, sid, ban, sec, men, med, sum, max, aci, mmm, npp, hfq, htp, hhh] METRICS ####
('Plantation', '/home/vargas/repos/forests-sounds-vargas/out/data/extraction/Plantation/2_00_PSA0010-2010_dict_y_split_7_2512283_1736694580.pkl')
(297840, 14) Index(['reg', 'sid', 'ban', 'sec', 'men', 'med', 'sum', 'max', 'aci', 'mmm',
       'npp'],
      dtype='object') Index(['sec', 'men', 'med', 'sum', 'max', 'aci', 'mmm', 'npp', 'hfq', 'htp',
       'hhh'],
      dtype='object')
#### MERGE 68 merge_data Dataframe shape: (297840, 14) #### time: 627
#### #### SPLIT TRAIN TEST #### ####
#### CLASSES: [0 1 2 3] TOTAL 4
#### SPLIT train_test_split and CUDA: ??? cuda:0 #### time: 35
#### MODELS - TOTAL 1 ####
#### EPOCHS 11 ####
#### TRAINING MODELS ####
#### TRAINING MODEL ResNet1D ####
#### prediction torch.Size([192, 4])
Epoch [10/11] Step [33/1241] Loss: 0.2315 Time: 497.409
#### prediction torch.Size([192, 4])
Epoch [10/11] Step [66/1241] Loss: 0.2250 Time: 498.871
#### prediction torch.Size([192, 4])
Epoch [10/11] Step [99/1241] Loss: 0.2608 Time: 500.334
#### prediction torch.Size([192, 4])
Epoch [10/11] Step [132/1241] Loss: 0.2438 Time: 501.795
#### prediction torch.Size([192, 4])
Epoch [10/11] Step [165/1241] Loss: 0.3944 Time: 503.258
#### prediction torch.Size([192, 4])
Epoch [10/11] Step [198/1241] Loss: 0.4155 Time: 504.907
#### prediction torch.Size([192, 4])
Epoch [10/11] Step [231/1241] Loss: 0.2399 Time: 506.369
#### prediction torch.Size([192, 4])
Epoch [10/11] Step [264/1241] Loss: 0.2336 Time: 507.831
#### prediction torch.Size([192, 4])
Epoch [10/11] Step [297/1241] Loss: 0.1947 Time: 509.294
#### prediction torch.Size([192, 4])
Epoch [10/11] Step [330/1241] Loss: 0.2595 Time: 510.756
#### prediction torch.Size([192, 4])
Epoch [10/11] Step [363/1241] Loss: 0.2359 Time: 512.218
#### prediction torch.Size([192, 4])
Epoch [10/11] Step [396/1241] Loss: 0.2912 Time: 513.679
#### prediction torch.Size([192, 4])
Epoch [10/11] Step [429/1241] Loss: 0.1860 Time: 515.141
#### prediction torch.Size([192, 4])
Epoch [10/11] Step [462/1241] Loss: 0.2372 Time: 516.603
#### prediction torch.Size([192, 4])
Epoch [10/11] Step [495/1241] Loss: 0.2268 Time: 518.065
#### prediction torch.Size([192, 4])
Epoch [10/11] Step [528/1241] Loss: 0.3086 Time: 519.529
#### prediction torch.Size([192, 4])
Epoch [10/11] Step [561/1241] Loss: 0.2430 Time: 520.991
#### prediction torch.Size([192, 4])
Epoch [10/11] Step [594/1241] Loss: 0.2287 Time: 522.455
#### prediction torch.Size([192, 4])
Epoch [10/11] Step [627/1241] Loss: 0.2529 Time: 523.917
#### prediction torch.Size([192, 4])
Epoch [10/11] Step [660/1241] Loss: 0.1700 Time: 525.38
#### prediction torch.Size([192, 4])
Epoch [10/11] Step [693/1241] Loss: 0.1931 Time: 526.843
#### prediction torch.Size([192, 4])
Epoch [10/11] Step [726/1241] Loss: 0.3083 Time: 528.306
#### prediction torch.Size([192, 4])
Epoch [10/11] Step [759/1241] Loss: 0.3092 Time: 529.769
#### prediction torch.Size([192, 4])
Epoch [10/11] Step [792/1241] Loss: 0.2218 Time: 531.233
#### prediction torch.Size([192, 4])
Epoch [10/11] Step [825/1241] Loss: 0.3595 Time: 532.696
#### prediction torch.Size([192, 4])
Epoch [10/11] Step [858/1241] Loss: 0.2596 Time: 534.167
#### prediction torch.Size([192, 4])
Epoch [10/11] Step [891/1241] Loss: 0.2495 Time: 535.631
#### prediction torch.Size([192, 4])
Epoch [10/11] Step [924/1241] Loss: 0.2061 Time: 537.095
#### prediction torch.Size([192, 4])
Epoch [10/11] Step [957/1241] Loss: 0.2733 Time: 538.559
#### prediction torch.Size([192, 4])
Epoch [10/11] Step [990/1241] Loss: 0.2480 Time: 540.022
#### prediction torch.Size([192, 4])
Epoch [10/11] Step [1023/1241] Loss: 0.1908 Time: 541.484
#### prediction torch.Size([192, 4])
Epoch [10/11] Step [1056/1241] Loss: 0.1951 Time: 542.946
#### prediction torch.Size([192, 4])
Epoch [10/11] Step [1089/1241] Loss: 0.2594 Time: 544.409
#### prediction torch.Size([192, 4])
Epoch [10/11] Step [1122/1241] Loss: 0.1968 Time: 545.871
#### prediction torch.Size([192, 4])
Epoch [10/11] Step [1155/1241] Loss: 0.2853 Time: 547.334
#### prediction torch.Size([192, 4])
Epoch [10/11] Step [1188/1241] Loss: 0.2460 Time: 548.796
#### prediction torch.Size([192, 4])
Epoch [10/11] Step [1221/1241] Loss: 0.1963 Time: 550.261
#### TRAINED MODEL ResNet1D model training time: 606.396 total training time: 609.502 ####
#### TRAINING TOTAL TIME: 606.396 ####
Accuracy of the ResNet1D model on the test set: 88.100994 %
#### TESTING TOTAL TIME: 4.599 ####
#### TIME #### TERMINO #### 74045.339 ####
#### FINITO #### TERMINO #### NO-VA-MAS ####
#### TIMES #### modelling TOTAL TOTAL ==>> 74045.339 seconds
#### #### READING DATA FILES #### ####
482 511 #### COMBI [reg, sid, ban, sec, men, med, sum, max, aci, mmm, npp, hfq, htp, aei] METRICS ####
('Plantation', '/home/vargas/repos/forests-sounds-vargas/out/data/extraction/Plantation/2_00_PSA0010-2010_dict_y_split_7_2512283_1736694580.pkl')
(297840, 14) Index(['reg', 'sid', 'ban', 'sec', 'men', 'med', 'sum', 'max', 'aci', 'mmm',
       'npp'],
      dtype='object') Index(['sec', 'men', 'med', 'sum', 'max', 'aci', 'mmm', 'npp', 'hfq', 'htp',
       'aei'],
      dtype='object')
#### MERGE 68 merge_data Dataframe shape: (297840, 14) #### time: 626
#### #### SPLIT TRAIN TEST #### ####
#### CLASSES: [0 1 2 3] TOTAL 4
#### SPLIT train_test_split and CUDA: ??? cuda:0 #### time: 35
#### MODELS - TOTAL 1 ####
#### EPOCHS 11 ####
#### TRAINING MODELS ####
#### TRAINING MODEL ResNet1D ####
#### prediction torch.Size([192, 4])
Epoch [10/11] Step [33/1241] Loss: 0.2359 Time: 499.271
#### prediction torch.Size([192, 4])
Epoch [10/11] Step [66/1241] Loss: 0.2120 Time: 500.739
#### prediction torch.Size([192, 4])
Epoch [10/11] Step [99/1241] Loss: 0.2577 Time: 502.21
#### prediction torch.Size([192, 4])
Epoch [10/11] Step [132/1241] Loss: 0.2568 Time: 503.68
#### prediction torch.Size([192, 4])
Epoch [10/11] Step [165/1241] Loss: 0.2781 Time: 505.148
#### prediction torch.Size([192, 4])
Epoch [10/11] Step [198/1241] Loss: 0.3663 Time: 506.616
#### prediction torch.Size([192, 4])
Epoch [10/11] Step [231/1241] Loss: 0.2409 Time: 508.084
#### prediction torch.Size([192, 4])
Epoch [10/11] Step [264/1241] Loss: 0.2060 Time: 509.553
#### prediction torch.Size([192, 4])
Epoch [10/11] Step [297/1241] Loss: 0.2770 Time: 511.02
#### prediction torch.Size([192, 4])
Epoch [10/11] Step [330/1241] Loss: 0.2282 Time: 512.49
#### prediction torch.Size([192, 4])
Epoch [10/11] Step [363/1241] Loss: 0.1697 Time: 513.959
#### prediction torch.Size([192, 4])
Epoch [10/11] Step [396/1241] Loss: 0.2894 Time: 515.426
#### prediction torch.Size([192, 4])
Epoch [10/11] Step [429/1241] Loss: 0.2122 Time: 516.893
#### prediction torch.Size([192, 4])
Epoch [10/11] Step [462/1241] Loss: 0.2091 Time: 518.361
#### prediction torch.Size([192, 4])
Epoch [10/11] Step [495/1241] Loss: 0.1758 Time: 519.829
#### prediction torch.Size([192, 4])
Epoch [10/11] Step [528/1241] Loss: 0.3074 Time: 521.3
#### prediction torch.Size([192, 4])
Epoch [10/11] Step [561/1241] Loss: 0.2507 Time: 522.768
#### prediction torch.Size([192, 4])
Epoch [10/11] Step [594/1241] Loss: 0.1397 Time: 524.237
#### prediction torch.Size([192, 4])
Epoch [10/11] Step [627/1241] Loss: 0.2389 Time: 525.704
#### prediction torch.Size([192, 4])
Epoch [10/11] Step [660/1241] Loss: 0.1861 Time: 527.172
#### prediction torch.Size([192, 4])
Epoch [10/11] Step [693/1241] Loss: 0.2115 Time: 528.64
#### prediction torch.Size([192, 4])
Epoch [10/11] Step [726/1241] Loss: 0.2169 Time: 530.108
#### prediction torch.Size([192, 4])
Epoch [10/11] Step [759/1241] Loss: 0.3052 Time: 531.574
#### prediction torch.Size([192, 4])
Epoch [10/11] Step [792/1241] Loss: 0.2368 Time: 533.051
#### prediction torch.Size([192, 4])
Epoch [10/11] Step [825/1241] Loss: 0.2392 Time: 534.521
#### prediction torch.Size([192, 4])
Epoch [10/11] Step [858/1241] Loss: 0.2245 Time: 535.99
#### prediction torch.Size([192, 4])
Epoch [10/11] Step [891/1241] Loss: 0.2758 Time: 537.46
#### prediction torch.Size([192, 4])
Epoch [10/11] Step [924/1241] Loss: 0.2141 Time: 538.928
#### prediction torch.Size([192, 4])
Epoch [10/11] Step [957/1241] Loss: 0.2202 Time: 540.395
#### prediction torch.Size([192, 4])
Epoch [10/11] Step [990/1241] Loss: 0.2094 Time: 541.88
#### prediction torch.Size([192, 4])
Epoch [10/11] Step [1023/1241] Loss: 0.2892 Time: 543.519
#### prediction torch.Size([192, 4])
Epoch [10/11] Step [1056/1241] Loss: 0.2423 Time: 544.989
#### prediction torch.Size([192, 4])
Epoch [10/11] Step [1089/1241] Loss: 0.2384 Time: 546.457
#### prediction torch.Size([192, 4])
Epoch [10/11] Step [1122/1241] Loss: 0.2362 Time: 547.926
#### prediction torch.Size([192, 4])
Epoch [10/11] Step [1155/1241] Loss: 0.2188 Time: 549.395
#### prediction torch.Size([192, 4])
Epoch [10/11] Step [1188/1241] Loss: 0.2512 Time: 550.866
#### prediction torch.Size([192, 4])
Epoch [10/11] Step [1221/1241] Loss: 0.2447 Time: 552.334
#### TRAINED MODEL ResNet1D model training time: 608.568 total training time: 612.155 ####
#### TRAINING TOTAL TIME: 608.568 ####
Accuracy of the ResNet1D model on the test set: 83.610328 %
#### TESTING TOTAL TIME: 4.62 ####
#### TIME #### TERMINO #### 74709.654 ####
#### FINITO #### TERMINO #### NO-VA-MAS ####
#### TIMES #### modelling TOTAL TOTAL ==>> 74709.654 seconds
#### #### READING DATA FILES #### ####
483 511 #### COMBI [reg, sid, ban, sec, men, med, sum, max, aci, mmm, npp, hfq, hhh, aei] METRICS ####
('Plantation', '/home/vargas/repos/forests-sounds-vargas/out/data/extraction/Plantation/2_00_PSA0010-2010_dict_y_split_7_2512283_1736694580.pkl')
(297840, 14) Index(['reg', 'sid', 'ban', 'sec', 'men', 'med', 'sum', 'max', 'aci', 'mmm',
       'npp'],
      dtype='object') Index(['sec', 'men', 'med', 'sum', 'max', 'aci', 'mmm', 'npp', 'hfq', 'hhh',
       'aei'],
      dtype='object')
#### MERGE 68 merge_data Dataframe shape: (297840, 14) #### time: 628
#### #### SPLIT TRAIN TEST #### ####
#### CLASSES: [0 1 2 3] TOTAL 4
#### SPLIT train_test_split and CUDA: ??? cuda:0 #### time: 35
#### MODELS - TOTAL 1 ####
#### EPOCHS 11 ####
#### TRAINING MODELS ####
#### TRAINING MODEL ResNet1D ####
#### prediction torch.Size([192, 4])
Epoch [10/11] Step [33/1241] Loss: 0.2208 Time: 498.031
#### prediction torch.Size([192, 4])
Epoch [10/11] Step [66/1241] Loss: 0.1691 Time: 499.503
#### prediction torch.Size([192, 4])
Epoch [10/11] Step [99/1241] Loss: 0.2105 Time: 500.967
#### prediction torch.Size([192, 4])
Epoch [10/11] Step [132/1241] Loss: 0.1981 Time: 502.431
#### prediction torch.Size([192, 4])
Epoch [10/11] Step [165/1241] Loss: 0.1715 Time: 503.895
#### prediction torch.Size([192, 4])
Epoch [10/11] Step [198/1241] Loss: 0.1851 Time: 505.359
#### prediction torch.Size([192, 4])
Epoch [10/11] Step [231/1241] Loss: 0.2132 Time: 506.822
#### prediction torch.Size([192, 4])
Epoch [10/11] Step [264/1241] Loss: 0.2024 Time: 508.285
#### prediction torch.Size([192, 4])
Epoch [10/11] Step [297/1241] Loss: 0.2418 Time: 509.748
#### prediction torch.Size([192, 4])
Epoch [10/11] Step [330/1241] Loss: 0.2382 Time: 511.213
#### prediction torch.Size([192, 4])
Epoch [10/11] Step [363/1241] Loss: 0.1735 Time: 512.678
#### prediction torch.Size([192, 4])
Epoch [10/11] Step [396/1241] Loss: 0.2301 Time: 514.142
#### prediction torch.Size([192, 4])
Epoch [10/11] Step [429/1241] Loss: 0.1981 Time: 515.606
#### prediction torch.Size([192, 4])
Epoch [10/11] Step [462/1241] Loss: 0.2004 Time: 517.072
#### prediction torch.Size([192, 4])
Epoch [10/11] Step [495/1241] Loss: 0.3519 Time: 518.536
#### prediction torch.Size([192, 4])
Epoch [10/11] Step [528/1241] Loss: 0.1933 Time: 520.001
#### prediction torch.Size([192, 4])
Epoch [10/11] Step [561/1241] Loss: 0.2689 Time: 521.466
#### prediction torch.Size([192, 4])
Epoch [10/11] Step [594/1241] Loss: 0.2256 Time: 522.93
#### prediction torch.Size([192, 4])
Epoch [10/11] Step [627/1241] Loss: 0.1826 Time: 524.393
#### prediction torch.Size([192, 4])
Epoch [10/11] Step [660/1241] Loss: 0.2838 Time: 525.858
#### prediction torch.Size([192, 4])
Epoch [10/11] Step [693/1241] Loss: 0.1942 Time: 527.322
#### prediction torch.Size([192, 4])
Epoch [10/11] Step [726/1241] Loss: 0.2611 Time: 528.795
#### prediction torch.Size([192, 4])
Epoch [10/11] Step [759/1241] Loss: 0.1907 Time: 530.259
#### prediction torch.Size([192, 4])
Epoch [10/11] Step [792/1241] Loss: 0.2493 Time: 531.723
#### prediction torch.Size([192, 4])
Epoch [10/11] Step [825/1241] Loss: 0.2343 Time: 533.189
#### prediction torch.Size([192, 4])
Epoch [10/11] Step [858/1241] Loss: 0.2291 Time: 534.653
#### prediction torch.Size([192, 4])
Epoch [10/11] Step [891/1241] Loss: 0.2071 Time: 536.116
#### prediction torch.Size([192, 4])
Epoch [10/11] Step [924/1241] Loss: 0.1761 Time: 537.581
#### prediction torch.Size([192, 4])
Epoch [10/11] Step [957/1241] Loss: 0.2097 Time: 539.044
#### prediction torch.Size([192, 4])
Epoch [10/11] Step [990/1241] Loss: 0.3244 Time: 540.506
#### prediction torch.Size([192, 4])
Epoch [10/11] Step [1023/1241] Loss: 0.2335 Time: 541.971
#### prediction torch.Size([192, 4])
Epoch [10/11] Step [1056/1241] Loss: 0.2732 Time: 543.435
#### prediction torch.Size([192, 4])
Epoch [10/11] Step [1089/1241] Loss: 0.2595 Time: 544.9
#### prediction torch.Size([192, 4])
Epoch [10/11] Step [1122/1241] Loss: 0.2052 Time: 546.364
#### prediction torch.Size([192, 4])
Epoch [10/11] Step [1155/1241] Loss: 0.2320 Time: 547.831
#### prediction torch.Size([192, 4])
Epoch [10/11] Step [1188/1241] Loss: 0.2754 Time: 549.296
#### prediction torch.Size([192, 4])
Epoch [10/11] Step [1221/1241] Loss: 0.2768 Time: 550.76
#### TRAINED MODEL ResNet1D model training time: 606.962 total training time: 610.078 ####
#### TRAINING TOTAL TIME: 606.962 ####
Accuracy of the ResNet1D model on the test set: 84.594077 %
#### TESTING TOTAL TIME: 4.589 ####
#### TIME #### TERMINO #### 75371.742 ####
#### FINITO #### TERMINO #### NO-VA-MAS ####
#### TIMES #### modelling TOTAL TOTAL ==>> 75371.742 seconds
#### #### READING DATA FILES #### ####
484 511 #### COMBI [reg, sid, ban, sec, men, med, sum, max, aci, mmm, npp, htp, hhh, aei] METRICS ####
('Plantation', '/home/vargas/repos/forests-sounds-vargas/out/data/extraction/Plantation/2_00_PSA0010-2010_dict_y_split_7_2512283_1736694580.pkl')
(297840, 14) Index(['reg', 'sid', 'ban', 'sec', 'men', 'med', 'sum', 'max', 'aci', 'mmm',
       'npp'],
      dtype='object') Index(['sec', 'men', 'med', 'sum', 'max', 'aci', 'mmm', 'npp', 'htp', 'hhh',
       'aei'],
      dtype='object')
#### MERGE 68 merge_data Dataframe shape: (297840, 14) #### time: 626
#### #### SPLIT TRAIN TEST #### ####
#### CLASSES: [0 1 2 3] TOTAL 4
#### SPLIT train_test_split and CUDA: ??? cuda:0 #### time: 35
#### MODELS - TOTAL 1 ####
#### EPOCHS 11 ####
#### TRAINING MODELS ####
#### TRAINING MODEL ResNet1D ####
#### prediction torch.Size([192, 4])
Epoch [10/11] Step [33/1241] Loss: 0.2085 Time: 498.164
#### prediction torch.Size([192, 4])
Epoch [10/11] Step [66/1241] Loss: 0.1784 Time: 499.629
#### prediction torch.Size([192, 4])
Epoch [10/11] Step [99/1241] Loss: 0.1907 Time: 501.093
#### prediction torch.Size([192, 4])
Epoch [10/11] Step [132/1241] Loss: 0.2244 Time: 502.559
#### prediction torch.Size([192, 4])
Epoch [10/11] Step [165/1241] Loss: 0.2265 Time: 504.023
#### prediction torch.Size([192, 4])
Epoch [10/11] Step [198/1241] Loss: 0.2698 Time: 505.487
#### prediction torch.Size([192, 4])
Epoch [10/11] Step [231/1241] Loss: 0.2257 Time: 506.952
#### prediction torch.Size([192, 4])
Epoch [10/11] Step [264/1241] Loss: 0.2804 Time: 508.415
#### prediction torch.Size([192, 4])
Epoch [10/11] Step [297/1241] Loss: 0.2463 Time: 509.88
#### prediction torch.Size([192, 4])
Epoch [10/11] Step [330/1241] Loss: 0.2702 Time: 511.343
#### prediction torch.Size([192, 4])
Epoch [10/11] Step [363/1241] Loss: 0.2688 Time: 512.808
#### prediction torch.Size([192, 4])
Epoch [10/11] Step [396/1241] Loss: 0.2544 Time: 514.273
#### prediction torch.Size([192, 4])
Epoch [10/11] Step [429/1241] Loss: 0.2194 Time: 515.739
#### prediction torch.Size([192, 4])
Epoch [10/11] Step [462/1241] Loss: 0.1936 Time: 517.204
#### prediction torch.Size([192, 4])
Epoch [10/11] Step [495/1241] Loss: 0.2241 Time: 518.67
#### prediction torch.Size([192, 4])
Epoch [10/11] Step [528/1241] Loss: 0.2589 Time: 520.302
#### prediction torch.Size([192, 4])
Epoch [10/11] Step [561/1241] Loss: 0.2909 Time: 521.768
#### prediction torch.Size([192, 4])
Epoch [10/11] Step [594/1241] Loss: 0.2784 Time: 523.232
#### prediction torch.Size([192, 4])
Epoch [10/11] Step [627/1241] Loss: 0.2010 Time: 524.697
#### prediction torch.Size([192, 4])
Epoch [10/11] Step [660/1241] Loss: 0.2231 Time: 526.161
#### prediction torch.Size([192, 4])
Epoch [10/11] Step [693/1241] Loss: 0.2009 Time: 527.634
#### prediction torch.Size([192, 4])
Epoch [10/11] Step [726/1241] Loss: 0.2389 Time: 529.098
#### prediction torch.Size([192, 4])
Epoch [10/11] Step [759/1241] Loss: 0.2301 Time: 530.563
#### prediction torch.Size([192, 4])
Epoch [10/11] Step [792/1241] Loss: 0.3219 Time: 532.029
#### prediction torch.Size([192, 4])
Epoch [10/11] Step [825/1241] Loss: 0.3108 Time: 533.492
#### prediction torch.Size([192, 4])
Epoch [10/11] Step [858/1241] Loss: 0.1695 Time: 534.957
#### prediction torch.Size([192, 4])
Epoch [10/11] Step [891/1241] Loss: 0.2883 Time: 536.421
#### prediction torch.Size([192, 4])
Epoch [10/11] Step [924/1241] Loss: 0.2500 Time: 537.887
#### prediction torch.Size([192, 4])
Epoch [10/11] Step [957/1241] Loss: 0.1863 Time: 539.35
#### prediction torch.Size([192, 4])
Epoch [10/11] Step [990/1241] Loss: 0.2466 Time: 540.814
#### prediction torch.Size([192, 4])
Epoch [10/11] Step [1023/1241] Loss: 0.2071 Time: 542.278
#### prediction torch.Size([192, 4])
Epoch [10/11] Step [1056/1241] Loss: 0.1971 Time: 543.742
#### prediction torch.Size([192, 4])
Epoch [10/11] Step [1089/1241] Loss: 0.2327 Time: 545.206
#### prediction torch.Size([192, 4])
Epoch [10/11] Step [1122/1241] Loss: 0.2018 Time: 546.676
#### prediction torch.Size([192, 4])
Epoch [10/11] Step [1155/1241] Loss: 0.2424 Time: 548.141
#### prediction torch.Size([192, 4])
Epoch [10/11] Step [1188/1241] Loss: 0.2143 Time: 549.604
#### prediction torch.Size([192, 4])
Epoch [10/11] Step [1221/1241] Loss: 0.2579 Time: 551.068
#### TRAINED MODEL ResNet1D model training time: 607.07 total training time: 610.186 ####
#### TRAINING TOTAL TIME: 607.07 ####
Accuracy of the ResNet1D model on the test set: 87.244829 %
#### TESTING TOTAL TIME: 4.763 ####
#### TIME #### TERMINO #### 76033.778 ####
#### FINITO #### TERMINO #### NO-VA-MAS ####
#### TIMES #### modelling TOTAL TOTAL ==>> 76033.778 seconds
#### #### READING DATA FILES #### ####
485 511 #### COMBI [reg, sid, ban, sec, men, med, sum, max, aci, mmm, hfq, htp, hhh, aei] METRICS ####
('Plantation', '/home/vargas/repos/forests-sounds-vargas/out/data/extraction/Plantation/2_00_PSA0010-2010_dict_y_split_7_2512283_1736694580.pkl')
(297840, 14) Index(['reg', 'sid', 'ban', 'sec', 'men', 'med', 'sum', 'max', 'aci', 'mmm',
       'hfq'],
      dtype='object') Index(['sec', 'men', 'med', 'sum', 'max', 'aci', 'mmm', 'hfq', 'htp', 'hhh',
       'aei'],
      dtype='object')
#### MERGE 68 merge_data Dataframe shape: (297840, 14) #### time: 626
#### #### SPLIT TRAIN TEST #### ####
#### CLASSES: [0 1 2 3] TOTAL 4
#### SPLIT train_test_split and CUDA: ??? cuda:0 #### time: 35
#### MODELS - TOTAL 1 ####
#### EPOCHS 11 ####
#### TRAINING MODELS ####
#### TRAINING MODEL ResNet1D ####
#### prediction torch.Size([192, 4])
Epoch [10/11] Step [33/1241] Loss: 0.5878 Time: 496.828
#### prediction torch.Size([192, 4])
Epoch [10/11] Step [66/1241] Loss: 0.6212 Time: 498.29
#### prediction torch.Size([192, 4])
Epoch [10/11] Step [99/1241] Loss: 0.4532 Time: 499.75
#### prediction torch.Size([192, 4])
Epoch [10/11] Step [132/1241] Loss: 0.4380 Time: 501.211
#### prediction torch.Size([192, 4])
Epoch [10/11] Step [165/1241] Loss: 0.4239 Time: 502.671
#### prediction torch.Size([192, 4])
Epoch [10/11] Step [198/1241] Loss: 0.4430 Time: 504.131
#### prediction torch.Size([192, 4])
Epoch [10/11] Step [231/1241] Loss: 0.5746 Time: 505.591
#### prediction torch.Size([192, 4])
Epoch [10/11] Step [264/1241] Loss: 0.5325 Time: 507.052
#### prediction torch.Size([192, 4])
Epoch [10/11] Step [297/1241] Loss: 0.4499 Time: 508.512
#### prediction torch.Size([192, 4])
Epoch [10/11] Step [330/1241] Loss: 0.3756 Time: 509.973
#### prediction torch.Size([192, 4])
Epoch [10/11] Step [363/1241] Loss: 0.4800 Time: 511.435
#### prediction torch.Size([192, 4])
Epoch [10/11] Step [396/1241] Loss: 0.4374 Time: 512.896
#### prediction torch.Size([192, 4])
Epoch [10/11] Step [429/1241] Loss: 0.5181 Time: 514.358
#### prediction torch.Size([192, 4])
Epoch [10/11] Step [462/1241] Loss: 0.4366 Time: 515.82
#### prediction torch.Size([192, 4])
Epoch [10/11] Step [495/1241] Loss: 0.4097 Time: 517.281
#### prediction torch.Size([192, 4])
Epoch [10/11] Step [528/1241] Loss: 0.4459 Time: 518.742
#### prediction torch.Size([192, 4])
Epoch [10/11] Step [561/1241] Loss: 0.4499 Time: 520.202
#### prediction torch.Size([192, 4])
Epoch [10/11] Step [594/1241] Loss: 0.4387 Time: 521.664
#### prediction torch.Size([192, 4])
Epoch [10/11] Step [627/1241] Loss: 0.3921 Time: 523.123
#### prediction torch.Size([192, 4])
Epoch [10/11] Step [660/1241] Loss: 0.4143 Time: 524.588
#### prediction torch.Size([192, 4])
Epoch [10/11] Step [693/1241] Loss: 0.4066 Time: 526.049
#### prediction torch.Size([192, 4])
Epoch [10/11] Step [726/1241] Loss: 0.3983 Time: 527.511
#### prediction torch.Size([192, 4])
Epoch [10/11] Step [759/1241] Loss: 0.4668 Time: 528.972
#### prediction torch.Size([192, 4])
Epoch [10/11] Step [792/1241] Loss: 0.4819 Time: 530.434
#### prediction torch.Size([192, 4])
Epoch [10/11] Step [825/1241] Loss: 0.3907 Time: 531.895
#### prediction torch.Size([192, 4])
Epoch [10/11] Step [858/1241] Loss: 0.4522 Time: 533.356
#### prediction torch.Size([192, 4])
Epoch [10/11] Step [891/1241] Loss: 0.4128 Time: 534.815
#### prediction torch.Size([192, 4])
Epoch [10/11] Step [924/1241] Loss: 0.3390 Time: 536.277
#### prediction torch.Size([192, 4])
Epoch [10/11] Step [957/1241] Loss: 0.3275 Time: 537.738
#### prediction torch.Size([192, 4])
Epoch [10/11] Step [990/1241] Loss: 0.4325 Time: 539.197
#### prediction torch.Size([192, 4])
Epoch [10/11] Step [1023/1241] Loss: 0.3871 Time: 540.658
#### prediction torch.Size([192, 4])
Epoch [10/11] Step [1056/1241] Loss: 0.4376 Time: 542.12
#### prediction torch.Size([192, 4])
Epoch [10/11] Step [1089/1241] Loss: 0.4153 Time: 543.582
#### prediction torch.Size([192, 4])
Epoch [10/11] Step [1122/1241] Loss: 0.3907 Time: 545.046
#### prediction torch.Size([192, 4])
Epoch [10/11] Step [1155/1241] Loss: 0.3507 Time: 546.508
#### prediction torch.Size([192, 4])
Epoch [10/11] Step [1188/1241] Loss: 0.4055 Time: 547.968
#### prediction torch.Size([192, 4])
Epoch [10/11] Step [1221/1241] Loss: 0.4838 Time: 549.428
#### TRAINED MODEL ResNet1D model training time: 605.457 total training time: 608.553 ####
#### TRAINING TOTAL TIME: 605.457 ####
Accuracy of the ResNet1D model on the test set: 27.72126 %
#### TESTING TOTAL TIME: 4.583 ####
#### TIME #### TERMINO #### 76694.03 ####
#### FINITO #### TERMINO #### NO-VA-MAS ####
#### TIMES #### modelling TOTAL TOTAL ==>> 76694.03 seconds
#### #### READING DATA FILES #### ####
486 511 #### COMBI [reg, sid, ban, sec, men, med, sum, max, aci, npp, hfq, htp, hhh, aei] METRICS ####
('Plantation', '/home/vargas/repos/forests-sounds-vargas/out/data/extraction/Plantation/2_00_PSA0010-2010_dict_y_split_7_2512283_1736694580.pkl')
(297840, 14) Index(['reg', 'sid', 'ban', 'sec', 'men', 'med', 'sum', 'max', 'aci', 'npp',
       'hfq'],
      dtype='object') Index(['sec', 'men', 'med', 'sum', 'max', 'aci', 'npp', 'hfq', 'htp', 'hhh',
       'aei'],
      dtype='object')
#### MERGE 68 merge_data Dataframe shape: (297840, 14) #### time: 625
#### #### SPLIT TRAIN TEST #### ####
#### CLASSES: [0 1 2 3] TOTAL 4
#### SPLIT train_test_split and CUDA: ??? cuda:0 #### time: 35
#### MODELS - TOTAL 1 ####
#### EPOCHS 11 ####
#### TRAINING MODELS ####
#### TRAINING MODEL ResNet1D ####
#### prediction torch.Size([192, 4])
Epoch [10/11] Step [33/1241] Loss: 0.1862 Time: 496.887
#### prediction torch.Size([192, 4])
Epoch [10/11] Step [66/1241] Loss: 0.1901 Time: 498.349
#### prediction torch.Size([192, 4])
Epoch [10/11] Step [99/1241] Loss: 0.2635 Time: 499.811
#### prediction torch.Size([192, 4])
Epoch [10/11] Step [132/1241] Loss: 0.1505 Time: 501.272
#### prediction torch.Size([192, 4])
Epoch [10/11] Step [165/1241] Loss: 0.1517 Time: 502.733
#### prediction torch.Size([192, 4])
Epoch [10/11] Step [198/1241] Loss: 0.1681 Time: 504.193
#### prediction torch.Size([192, 4])
Epoch [10/11] Step [231/1241] Loss: 0.2214 Time: 505.653
#### prediction torch.Size([192, 4])
Epoch [10/11] Step [264/1241] Loss: 0.1700 Time: 507.114
#### prediction torch.Size([192, 4])
Epoch [10/11] Step [297/1241] Loss: 0.2495 Time: 508.576
#### prediction torch.Size([192, 4])
Epoch [10/11] Step [330/1241] Loss: 0.1934 Time: 510.036
#### prediction torch.Size([192, 4])
Epoch [10/11] Step [363/1241] Loss: 0.2370 Time: 511.496
#### prediction torch.Size([192, 4])
Epoch [10/11] Step [396/1241] Loss: 0.2299 Time: 512.959
#### prediction torch.Size([192, 4])
Epoch [10/11] Step [429/1241] Loss: 0.1726 Time: 514.421
#### prediction torch.Size([192, 4])
Epoch [10/11] Step [462/1241] Loss: 0.1775 Time: 515.883
#### prediction torch.Size([192, 4])
Epoch [10/11] Step [495/1241] Loss: 0.2703 Time: 517.346
#### prediction torch.Size([192, 4])
Epoch [10/11] Step [528/1241] Loss: 0.2557 Time: 518.806
#### prediction torch.Size([192, 4])
Epoch [10/11] Step [561/1241] Loss: 0.2226 Time: 520.267
#### prediction torch.Size([192, 4])
Epoch [10/11] Step [594/1241] Loss: 0.2272 Time: 521.728
#### prediction torch.Size([192, 4])
Epoch [10/11] Step [627/1241] Loss: 0.1598 Time: 523.188
#### prediction torch.Size([192, 4])
Epoch [10/11] Step [660/1241] Loss: 0.2012 Time: 524.656
#### prediction torch.Size([192, 4])
Epoch [10/11] Step [693/1241] Loss: 0.1622 Time: 526.116
#### prediction torch.Size([192, 4])
Epoch [10/11] Step [726/1241] Loss: 0.1460 Time: 527.577
#### prediction torch.Size([192, 4])
Epoch [10/11] Step [759/1241] Loss: 0.2133 Time: 529.039
#### prediction torch.Size([192, 4])
Epoch [10/11] Step [792/1241] Loss: 0.1971 Time: 530.5
#### prediction torch.Size([192, 4])
Epoch [10/11] Step [825/1241] Loss: 0.1904 Time: 531.961
#### prediction torch.Size([192, 4])
Epoch [10/11] Step [858/1241] Loss: 0.1711 Time: 533.421
#### prediction torch.Size([192, 4])
Epoch [10/11] Step [891/1241] Loss: 0.1709 Time: 534.885
#### prediction torch.Size([192, 4])
Epoch [10/11] Step [924/1241] Loss: 0.2600 Time: 536.347
#### prediction torch.Size([192, 4])
Epoch [10/11] Step [957/1241] Loss: 0.1712 Time: 537.808
#### prediction torch.Size([192, 4])
Epoch [10/11] Step [990/1241] Loss: 0.2325 Time: 539.269
#### prediction torch.Size([192, 4])
Epoch [10/11] Step [1023/1241] Loss: 0.1448 Time: 540.73
#### prediction torch.Size([192, 4])
Epoch [10/11] Step [1056/1241] Loss: 0.2247 Time: 542.191
#### prediction torch.Size([192, 4])
Epoch [10/11] Step [1089/1241] Loss: 0.2452 Time: 543.652
#### prediction torch.Size([192, 4])
Epoch [10/11] Step [1122/1241] Loss: 0.2098 Time: 545.117
#### prediction torch.Size([192, 4])
Epoch [10/11] Step [1155/1241] Loss: 0.1263 Time: 546.577
#### prediction torch.Size([192, 4])
Epoch [10/11] Step [1188/1241] Loss: 0.1608 Time: 548.04
#### prediction torch.Size([192, 4])
Epoch [10/11] Step [1221/1241] Loss: 0.1932 Time: 549.501
#### TRAINED MODEL ResNet1D model training time: 605.64 total training time: 608.828 ####
#### TRAINING TOTAL TIME: 605.641 ####
Accuracy of the ResNet1D model on the test set: 52.749799 %
#### TESTING TOTAL TIME: 4.586 ####
#### TIME #### TERMINO #### 77355.181 ####
#### FINITO #### TERMINO #### NO-VA-MAS ####
#### TIMES #### modelling TOTAL TOTAL ==>> 77355.181 seconds
#### #### READING DATA FILES #### ####
487 511 #### COMBI [reg, sid, ban, sec, men, med, sum, max, bet, mmm, npp, hfq, htp, hhh] METRICS ####
('Plantation', '/home/vargas/repos/forests-sounds-vargas/out/data/extraction/Plantation/2_00_PSA0010-2010_dict_y_split_7_2512283_1736694580.pkl')
(297840, 14) Index(['reg', 'sid', 'ban', 'sec', 'men', 'med', 'sum', 'max', 'bet', 'mmm',
       'npp'],
      dtype='object') Index(['sec', 'men', 'med', 'sum', 'max', 'bet', 'mmm', 'npp', 'hfq', 'htp',
       'hhh'],
      dtype='object')
#### MERGE 68 merge_data Dataframe shape: (297840, 14) #### time: 625
#### #### SPLIT TRAIN TEST #### ####
#### CLASSES: [0 1 2 3] TOTAL 4
#### SPLIT train_test_split and CUDA: ??? cuda:0 #### time: 35
#### MODELS - TOTAL 1 ####
#### EPOCHS 11 ####
#### TRAINING MODELS ####
#### TRAINING MODEL ResNet1D ####
#### prediction torch.Size([192, 4])
Epoch [10/11] Step [33/1241] Loss: 0.1568 Time: 496.763
#### prediction torch.Size([192, 4])
Epoch [10/11] Step [66/1241] Loss: 0.1412 Time: 498.225
#### prediction torch.Size([192, 4])
Epoch [10/11] Step [99/1241] Loss: 0.1179 Time: 499.686
#### prediction torch.Size([192, 4])
Epoch [10/11] Step [132/1241] Loss: 0.1424 Time: 501.145
#### prediction torch.Size([192, 4])
Epoch [10/11] Step [165/1241] Loss: 0.1201 Time: 502.606
#### prediction torch.Size([192, 4])
Epoch [10/11] Step [198/1241] Loss: 0.1100 Time: 504.067
#### prediction torch.Size([192, 4])
Epoch [10/11] Step [231/1241] Loss: 0.1286 Time: 505.527
#### prediction torch.Size([192, 4])
Epoch [10/11] Step [264/1241] Loss: 0.0886 Time: 506.987
#### prediction torch.Size([192, 4])
Epoch [10/11] Step [297/1241] Loss: 0.1041 Time: 508.447
#### prediction torch.Size([192, 4])
Epoch [10/11] Step [330/1241] Loss: 0.1019 Time: 509.908
#### prediction torch.Size([192, 4])
Epoch [10/11] Step [363/1241] Loss: 0.1348 Time: 511.368
#### prediction torch.Size([192, 4])
Epoch [10/11] Step [396/1241] Loss: 0.1212 Time: 512.829
#### prediction torch.Size([192, 4])
Epoch [10/11] Step [429/1241] Loss: 0.1049 Time: 514.291
#### prediction torch.Size([192, 4])
Epoch [10/11] Step [462/1241] Loss: 0.1185 Time: 515.752
#### prediction torch.Size([192, 4])
Epoch [10/11] Step [495/1241] Loss: 0.1286 Time: 517.211
#### prediction torch.Size([192, 4])
Epoch [10/11] Step [528/1241] Loss: 0.1133 Time: 518.672
#### prediction torch.Size([192, 4])
Epoch [10/11] Step [561/1241] Loss: 0.1949 Time: 520.133
#### prediction torch.Size([192, 4])
Epoch [10/11] Step [594/1241] Loss: 0.0999 Time: 521.592
#### prediction torch.Size([192, 4])
Epoch [10/11] Step [627/1241] Loss: 0.1165 Time: 523.058
#### prediction torch.Size([192, 4])
Epoch [10/11] Step [660/1241] Loss: 0.1080 Time: 524.518
#### prediction torch.Size([192, 4])
Epoch [10/11] Step [693/1241] Loss: 0.1483 Time: 525.978
#### prediction torch.Size([192, 4])
Epoch [10/11] Step [726/1241] Loss: 0.1152 Time: 527.439
#### prediction torch.Size([192, 4])
Epoch [10/11] Step [759/1241] Loss: 0.0730 Time: 529.07
#### prediction torch.Size([192, 4])
Epoch [10/11] Step [792/1241] Loss: 0.1334 Time: 530.531
#### prediction torch.Size([192, 4])
Epoch [10/11] Step [825/1241] Loss: 0.1166 Time: 531.99
#### prediction torch.Size([192, 4])
Epoch [10/11] Step [858/1241] Loss: 0.1320 Time: 533.45
#### prediction torch.Size([192, 4])
Epoch [10/11] Step [891/1241] Loss: 0.0871 Time: 534.911
#### prediction torch.Size([192, 4])
Epoch [10/11] Step [924/1241] Loss: 0.1119 Time: 536.371
#### prediction torch.Size([192, 4])
Epoch [10/11] Step [957/1241] Loss: 0.1666 Time: 537.832
#### prediction torch.Size([192, 4])
Epoch [10/11] Step [990/1241] Loss: 0.1009 Time: 539.293
#### prediction torch.Size([192, 4])
Epoch [10/11] Step [1023/1241] Loss: 0.1239 Time: 540.754
#### prediction torch.Size([192, 4])
Epoch [10/11] Step [1056/1241] Loss: 0.1083 Time: 542.214
#### prediction torch.Size([192, 4])
Epoch [10/11] Step [1089/1241] Loss: 0.0891 Time: 543.691
#### prediction torch.Size([192, 4])
Epoch [10/11] Step [1122/1241] Loss: 0.1699 Time: 545.158
#### prediction torch.Size([192, 4])
Epoch [10/11] Step [1155/1241] Loss: 0.1316 Time: 546.618
#### prediction torch.Size([192, 4])
Epoch [10/11] Step [1188/1241] Loss: 0.1236 Time: 548.079
#### prediction torch.Size([192, 4])
Epoch [10/11] Step [1221/1241] Loss: 0.1374 Time: 549.54
#### TRAINED MODEL ResNet1D model training time: 605.414 total training time: 608.709 ####
#### TRAINING TOTAL TIME: 605.414 ####
Accuracy of the ResNet1D model on the test set: 95.465686 %
#### TESTING TOTAL TIME: 4.577 ####
#### TIME #### TERMINO #### 78016.057 ####
#### FINITO #### TERMINO #### NO-VA-MAS ####
#### TIMES #### modelling TOTAL TOTAL ==>> 78016.058 seconds
#### #### READING DATA FILES #### ####
488 511 #### COMBI [reg, sid, ban, sec, men, med, sum, max, bet, mmm, npp, hfq, htp, aei] METRICS ####
('Plantation', '/home/vargas/repos/forests-sounds-vargas/out/data/extraction/Plantation/2_00_PSA0010-2010_dict_y_split_7_2512283_1736694580.pkl')
(297840, 14) Index(['reg', 'sid', 'ban', 'sec', 'men', 'med', 'sum', 'max', 'bet', 'mmm',
       'npp'],
      dtype='object') Index(['sec', 'men', 'med', 'sum', 'max', 'bet', 'mmm', 'npp', 'hfq', 'htp',
       'aei'],
      dtype='object')
#### MERGE 68 merge_data Dataframe shape: (297840, 14) #### time: 624
#### #### SPLIT TRAIN TEST #### ####
#### CLASSES: [0 1 2 3] TOTAL 4
#### SPLIT train_test_split and CUDA: ??? cuda:0 #### time: 35
#### MODELS - TOTAL 1 ####
#### EPOCHS 11 ####
#### TRAINING MODELS ####
#### TRAINING MODEL ResNet1D ####
#### prediction torch.Size([192, 4])
Epoch [10/11] Step [33/1241] Loss: 0.1055 Time: 497.859
#### prediction torch.Size([192, 4])
Epoch [10/11] Step [66/1241] Loss: 0.0859 Time: 499.324
#### prediction torch.Size([192, 4])
Epoch [10/11] Step [99/1241] Loss: 0.1403 Time: 500.786
#### prediction torch.Size([192, 4])
Epoch [10/11] Step [132/1241] Loss: 0.0866 Time: 502.248
#### prediction torch.Size([192, 4])
Epoch [10/11] Step [165/1241] Loss: 0.0780 Time: 503.712
#### prediction torch.Size([192, 4])
Epoch [10/11] Step [198/1241] Loss: 0.0967 Time: 505.175
#### prediction torch.Size([192, 4])
Epoch [10/11] Step [231/1241] Loss: 0.0805 Time: 506.638
#### prediction torch.Size([192, 4])
Epoch [10/11] Step [264/1241] Loss: 0.1541 Time: 508.101
#### prediction torch.Size([192, 4])
Epoch [10/11] Step [297/1241] Loss: 0.0900 Time: 509.565
#### prediction torch.Size([192, 4])
Epoch [10/11] Step [330/1241] Loss: 0.1192 Time: 511.028
#### prediction torch.Size([192, 4])
Epoch [10/11] Step [363/1241] Loss: 0.1255 Time: 512.49
#### prediction torch.Size([192, 4])
Epoch [10/11] Step [396/1241] Loss: 0.1168 Time: 513.956
#### prediction torch.Size([192, 4])
Epoch [10/11] Step [429/1241] Loss: 0.1045 Time: 515.425
#### prediction torch.Size([192, 4])
Epoch [10/11] Step [462/1241] Loss: 0.1610 Time: 516.888
#### prediction torch.Size([192, 4])
Epoch [10/11] Step [495/1241] Loss: 0.0712 Time: 518.351
#### prediction torch.Size([192, 4])
Epoch [10/11] Step [528/1241] Loss: 0.0971 Time: 519.815
#### prediction torch.Size([192, 4])
Epoch [10/11] Step [561/1241] Loss: 0.0812 Time: 521.277
#### prediction torch.Size([192, 4])
Epoch [10/11] Step [594/1241] Loss: 0.0805 Time: 522.75
#### prediction torch.Size([192, 4])
Epoch [10/11] Step [627/1241] Loss: 0.0964 Time: 524.214
#### prediction torch.Size([192, 4])
Epoch [10/11] Step [660/1241] Loss: 0.1101 Time: 525.677
#### prediction torch.Size([192, 4])
Epoch [10/11] Step [693/1241] Loss: 0.0504 Time: 527.14
#### prediction torch.Size([192, 4])
Epoch [10/11] Step [726/1241] Loss: 0.0720 Time: 528.604
#### prediction torch.Size([192, 4])
Epoch [10/11] Step [759/1241] Loss: 0.1152 Time: 530.068
#### prediction torch.Size([192, 4])
Epoch [10/11] Step [792/1241] Loss: 0.1026 Time: 531.531
#### prediction torch.Size([192, 4])
Epoch [10/11] Step [825/1241] Loss: 0.0821 Time: 532.994
#### prediction torch.Size([192, 4])
Epoch [10/11] Step [858/1241] Loss: 0.1179 Time: 534.458
#### prediction torch.Size([192, 4])
Epoch [10/11] Step [891/1241] Loss: 0.0774 Time: 535.922
#### prediction torch.Size([192, 4])
Epoch [10/11] Step [924/1241] Loss: 0.0720 Time: 537.385
#### prediction torch.Size([192, 4])
Epoch [10/11] Step [957/1241] Loss: 0.1007 Time: 538.849
#### prediction torch.Size([192, 4])
Epoch [10/11] Step [990/1241] Loss: 0.1172 Time: 540.313
#### prediction torch.Size([192, 4])
Epoch [10/11] Step [1023/1241] Loss: 0.0986 Time: 541.777
#### prediction torch.Size([192, 4])
Epoch [10/11] Step [1056/1241] Loss: 0.0993 Time: 543.241
#### prediction torch.Size([192, 4])
Epoch [10/11] Step [1089/1241] Loss: 0.0746 Time: 544.709
#### prediction torch.Size([192, 4])
Epoch [10/11] Step [1122/1241] Loss: 0.1096 Time: 546.172
#### prediction torch.Size([192, 4])
Epoch [10/11] Step [1155/1241] Loss: 0.1459 Time: 547.636
#### prediction torch.Size([192, 4])
Epoch [10/11] Step [1188/1241] Loss: 0.1039 Time: 549.099
#### prediction torch.Size([192, 4])
Epoch [10/11] Step [1221/1241] Loss: 0.0898 Time: 550.562
#### TRAINED MODEL ResNet1D model training time: 606.703 total training time: 609.972 ####
#### TRAINING TOTAL TIME: 606.704 ####
Accuracy of the ResNet1D model on the test set: 88.344413 %
#### TESTING TOTAL TIME: 4.586 ####
#### TIME #### TERMINO #### 78677.183 ####
#### FINITO #### TERMINO #### NO-VA-MAS ####
#### TIMES #### modelling TOTAL TOTAL ==>> 78677.183 seconds
#### #### READING DATA FILES #### ####
489 511 #### COMBI [reg, sid, ban, sec, men, med, sum, max, bet, mmm, npp, hfq, hhh, aei] METRICS ####
('Plantation', '/home/vargas/repos/forests-sounds-vargas/out/data/extraction/Plantation/2_00_PSA0010-2010_dict_y_split_7_2512283_1736694580.pkl')
(297840, 14) Index(['reg', 'sid', 'ban', 'sec', 'men', 'med', 'sum', 'max', 'bet', 'mmm',
       'npp'],
      dtype='object') Index(['sec', 'men', 'med', 'sum', 'max', 'bet', 'mmm', 'npp', 'hfq', 'hhh',
       'aei'],
      dtype='object')
#### MERGE 68 merge_data Dataframe shape: (297840, 14) #### time: 626
#### #### SPLIT TRAIN TEST #### ####
#### CLASSES: [0 1 2 3] TOTAL 4
#### SPLIT train_test_split and CUDA: ??? cuda:0 #### time: 35
#### MODELS - TOTAL 1 ####
#### EPOCHS 11 ####
#### TRAINING MODELS ####
#### TRAINING MODEL ResNet1D ####
#### prediction torch.Size([192, 4])
Epoch [10/11] Step [33/1241] Loss: 0.1618 Time: 498.228
#### prediction torch.Size([192, 4])
Epoch [10/11] Step [66/1241] Loss: 0.1193 Time: 499.693
#### prediction torch.Size([192, 4])
Epoch [10/11] Step [99/1241] Loss: 0.1729 Time: 501.158
#### prediction torch.Size([192, 4])
Epoch [10/11] Step [132/1241] Loss: 0.1032 Time: 502.623
#### prediction torch.Size([192, 4])
Epoch [10/11] Step [165/1241] Loss: 0.1370 Time: 504.087
#### prediction torch.Size([192, 4])
Epoch [10/11] Step [198/1241] Loss: 0.1057 Time: 505.552
#### prediction torch.Size([192, 4])
Epoch [10/11] Step [231/1241] Loss: 0.1401 Time: 507.018
#### prediction torch.Size([192, 4])
Epoch [10/11] Step [264/1241] Loss: 0.1262 Time: 508.482
#### prediction torch.Size([192, 4])
Epoch [10/11] Step [297/1241] Loss: 0.1159 Time: 509.949
#### prediction torch.Size([192, 4])
Epoch [10/11] Step [330/1241] Loss: 0.1409 Time: 511.413
#### prediction torch.Size([192, 4])
Epoch [10/11] Step [363/1241] Loss: 0.1345 Time: 512.879
#### prediction torch.Size([192, 4])
Epoch [10/11] Step [396/1241] Loss: 0.1149 Time: 514.519
#### prediction torch.Size([192, 4])
Epoch [10/11] Step [429/1241] Loss: 0.1204 Time: 515.984
#### prediction torch.Size([192, 4])
Epoch [10/11] Step [462/1241] Loss: 0.1565 Time: 517.448
#### prediction torch.Size([192, 4])
Epoch [10/11] Step [495/1241] Loss: 0.1448 Time: 518.912
#### prediction torch.Size([192, 4])
Epoch [10/11] Step [528/1241] Loss: 0.1431 Time: 520.377
#### prediction torch.Size([192, 4])
Epoch [10/11] Step [561/1241] Loss: 0.0989 Time: 521.848
#### prediction torch.Size([192, 4])
Epoch [10/11] Step [594/1241] Loss: 0.1437 Time: 523.312
#### prediction torch.Size([192, 4])
Epoch [10/11] Step [627/1241] Loss: 0.1326 Time: 524.778
#### prediction torch.Size([192, 4])
Epoch [10/11] Step [660/1241] Loss: 0.1450 Time: 526.243
#### prediction torch.Size([192, 4])
Epoch [10/11] Step [693/1241] Loss: 0.0833 Time: 527.708
#### prediction torch.Size([192, 4])
Epoch [10/11] Step [726/1241] Loss: 0.1495 Time: 529.172
#### prediction torch.Size([192, 4])
Epoch [10/11] Step [759/1241] Loss: 0.1708 Time: 530.637
#### prediction torch.Size([192, 4])
Epoch [10/11] Step [792/1241] Loss: 0.1251 Time: 532.101
#### prediction torch.Size([192, 4])
Epoch [10/11] Step [825/1241] Loss: 0.1781 Time: 533.565
#### prediction torch.Size([192, 4])
Epoch [10/11] Step [858/1241] Loss: 0.1323 Time: 535.029
#### prediction torch.Size([192, 4])
Epoch [10/11] Step [891/1241] Loss: 0.1173 Time: 536.493
#### prediction torch.Size([192, 4])
Epoch [10/11] Step [924/1241] Loss: 0.1105 Time: 537.958
#### prediction torch.Size([192, 4])
Epoch [10/11] Step [957/1241] Loss: 0.1396 Time: 539.422
#### prediction torch.Size([192, 4])
Epoch [10/11] Step [990/1241] Loss: 0.1319 Time: 540.885
#### prediction torch.Size([192, 4])
Epoch [10/11] Step [1023/1241] Loss: 0.0990 Time: 542.351
#### prediction torch.Size([192, 4])
Epoch [10/11] Step [1056/1241] Loss: 0.1376 Time: 543.819
#### prediction torch.Size([192, 4])
Epoch [10/11] Step [1089/1241] Loss: 0.1523 Time: 545.285
#### prediction torch.Size([192, 4])
Epoch [10/11] Step [1122/1241] Loss: 0.1344 Time: 546.75
#### prediction torch.Size([192, 4])
Epoch [10/11] Step [1155/1241] Loss: 0.1926 Time: 548.214
#### prediction torch.Size([192, 4])
Epoch [10/11] Step [1188/1241] Loss: 0.1109 Time: 549.679
#### prediction torch.Size([192, 4])
Epoch [10/11] Step [1221/1241] Loss: 0.1663 Time: 551.15
#### TRAINED MODEL ResNet1D model training time: 607.182 total training time: 610.247 ####
#### TRAINING TOTAL TIME: 607.182 ####
Accuracy of the ResNet1D model on the test set: 94.97549 %
#### TESTING TOTAL TIME: 4.758 ####
#### TIME #### TERMINO #### 79339.427 ####
#### FINITO #### TERMINO #### NO-VA-MAS ####
#### TIMES #### modelling TOTAL TOTAL ==>> 79339.427 seconds
#### #### READING DATA FILES #### ####
490 511 #### COMBI [reg, sid, ban, sec, men, med, sum, max, bet, mmm, npp, htp, hhh, aei] METRICS ####
('Plantation', '/home/vargas/repos/forests-sounds-vargas/out/data/extraction/Plantation/2_00_PSA0010-2010_dict_y_split_7_2512283_1736694580.pkl')
(297840, 14) Index(['reg', 'sid', 'ban', 'sec', 'men', 'med', 'sum', 'max', 'bet', 'mmm',
       'npp'],
      dtype='object') Index(['sec', 'men', 'med', 'sum', 'max', 'bet', 'mmm', 'npp', 'htp', 'hhh',
       'aei'],
      dtype='object')
#### MERGE 68 merge_data Dataframe shape: (297840, 14) #### time: 626
#### #### SPLIT TRAIN TEST #### ####
#### CLASSES: [0 1 2 3] TOTAL 4
#### SPLIT train_test_split and CUDA: ??? cuda:0 #### time: 35
#### MODELS - TOTAL 1 ####
#### EPOCHS 11 ####
#### TRAINING MODELS ####
#### TRAINING MODEL ResNet1D ####
#### prediction torch.Size([192, 4])
Epoch [10/11] Step [33/1241] Loss: 0.1280 Time: 498.485
#### prediction torch.Size([192, 4])
Epoch [10/11] Step [66/1241] Loss: 0.0745 Time: 499.951
#### prediction torch.Size([192, 4])
Epoch [10/11] Step [99/1241] Loss: 0.1014 Time: 501.416
#### prediction torch.Size([192, 4])
Epoch [10/11] Step [132/1241] Loss: 0.0746 Time: 502.881
#### prediction torch.Size([192, 4])
Epoch [10/11] Step [165/1241] Loss: 0.1442 Time: 504.346
#### prediction torch.Size([192, 4])
Epoch [10/11] Step [198/1241] Loss: 0.1176 Time: 505.811
#### prediction torch.Size([192, 4])
Epoch [10/11] Step [231/1241] Loss: 0.1061 Time: 507.275
#### prediction torch.Size([192, 4])
Epoch [10/11] Step [264/1241] Loss: 0.1483 Time: 508.741
#### prediction torch.Size([192, 4])
Epoch [10/11] Step [297/1241] Loss: 0.0964 Time: 510.207
#### prediction torch.Size([192, 4])
Epoch [10/11] Step [330/1241] Loss: 0.0852 Time: 511.673
#### prediction torch.Size([192, 4])
Epoch [10/11] Step [363/1241] Loss: 0.1119 Time: 513.14
#### prediction torch.Size([192, 4])
Epoch [10/11] Step [396/1241] Loss: 0.0857 Time: 514.606
#### prediction torch.Size([192, 4])
Epoch [10/11] Step [429/1241] Loss: 0.1053 Time: 516.071
#### prediction torch.Size([192, 4])
Epoch [10/11] Step [462/1241] Loss: 0.1218 Time: 517.536
#### prediction torch.Size([192, 4])
Epoch [10/11] Step [495/1241] Loss: 0.1070 Time: 519.01
#### prediction torch.Size([192, 4])
Epoch [10/11] Step [528/1241] Loss: 0.1170 Time: 520.477
#### prediction torch.Size([192, 4])
Epoch [10/11] Step [561/1241] Loss: 0.1135 Time: 521.943
#### prediction torch.Size([192, 4])
Epoch [10/11] Step [594/1241] Loss: 0.0493 Time: 523.407
#### prediction torch.Size([192, 4])
Epoch [10/11] Step [627/1241] Loss: 0.0921 Time: 524.873
#### prediction torch.Size([192, 4])
Epoch [10/11] Step [660/1241] Loss: 0.0948 Time: 526.339
#### prediction torch.Size([192, 4])
Epoch [10/11] Step [693/1241] Loss: 0.0900 Time: 527.803
#### prediction torch.Size([192, 4])
Epoch [10/11] Step [726/1241] Loss: 0.1599 Time: 529.269
#### prediction torch.Size([192, 4])
Epoch [10/11] Step [759/1241] Loss: 0.0835 Time: 530.733
#### prediction torch.Size([192, 4])
Epoch [10/11] Step [792/1241] Loss: 0.1488 Time: 532.199
#### prediction torch.Size([192, 4])
Epoch [10/11] Step [825/1241] Loss: 0.0903 Time: 533.664
#### prediction torch.Size([192, 4])
Epoch [10/11] Step [858/1241] Loss: 0.1278 Time: 535.13
#### prediction torch.Size([192, 4])
Epoch [10/11] Step [891/1241] Loss: 0.0979 Time: 536.596
#### prediction torch.Size([192, 4])
Epoch [10/11] Step [924/1241] Loss: 0.0920 Time: 538.061
#### prediction torch.Size([192, 4])
Epoch [10/11] Step [957/1241] Loss: 0.1411 Time: 539.526
#### prediction torch.Size([192, 4])
Epoch [10/11] Step [990/1241] Loss: 0.0927 Time: 540.991
#### prediction torch.Size([192, 4])
Epoch [10/11] Step [1023/1241] Loss: 0.1147 Time: 542.46
#### prediction torch.Size([192, 4])
Epoch [10/11] Step [1056/1241] Loss: 0.0999 Time: 543.926
#### prediction torch.Size([192, 4])
Epoch [10/11] Step [1089/1241] Loss: 0.1176 Time: 545.391
#### prediction torch.Size([192, 4])
Epoch [10/11] Step [1122/1241] Loss: 0.1475 Time: 546.856
#### prediction torch.Size([192, 4])
Epoch [10/11] Step [1155/1241] Loss: 0.0675 Time: 548.321
#### prediction torch.Size([192, 4])
Epoch [10/11] Step [1188/1241] Loss: 0.0721 Time: 549.799
#### prediction torch.Size([192, 4])
Epoch [10/11] Step [1221/1241] Loss: 0.1161 Time: 551.438
#### TRAINED MODEL ResNet1D model training time: 607.481 total training time: 610.58 ####
#### TRAINING TOTAL TIME: 607.482 ####
Accuracy of the ResNet1D model on the test set: 90.504969 %
#### TESTING TOTAL TIME: 4.613 ####
#### TIME #### TERMINO #### 80001.537 ####
#### FINITO #### TERMINO #### NO-VA-MAS ####
#### TIMES #### modelling TOTAL TOTAL ==>> 80001.537 seconds
#### #### READING DATA FILES #### ####
491 511 #### COMBI [reg, sid, ban, sec, men, med, sum, max, bet, mmm, hfq, htp, hhh, aei] METRICS ####
('Plantation', '/home/vargas/repos/forests-sounds-vargas/out/data/extraction/Plantation/2_00_PSA0010-2010_dict_y_split_7_2512283_1736694580.pkl')
(297840, 14) Index(['reg', 'sid', 'ban', 'sec', 'men', 'med', 'sum', 'max', 'bet', 'mmm',
       'hfq'],
      dtype='object') Index(['sec', 'men', 'med', 'sum', 'max', 'bet', 'mmm', 'hfq', 'htp', 'hhh',
       'aei'],
      dtype='object')
#### MERGE 68 merge_data Dataframe shape: (297840, 14) #### time: 626
#### #### SPLIT TRAIN TEST #### ####
#### CLASSES: [0 1 2 3] TOTAL 4
#### SPLIT train_test_split and CUDA: ??? cuda:0 #### time: 35
#### MODELS - TOTAL 1 ####
#### EPOCHS 11 ####
#### TRAINING MODELS ####
#### TRAINING MODEL ResNet1D ####
#### prediction torch.Size([192, 4])
Epoch [10/11] Step [33/1241] Loss: 0.0529 Time: 498.001
#### prediction torch.Size([192, 4])
Epoch [10/11] Step [66/1241] Loss: 0.1521 Time: 499.465
#### prediction torch.Size([192, 4])
Epoch [10/11] Step [99/1241] Loss: 0.0932 Time: 500.929
#### prediction torch.Size([192, 4])
Epoch [10/11] Step [132/1241] Loss: 0.0663 Time: 502.391
#### prediction torch.Size([192, 4])
Epoch [10/11] Step [165/1241] Loss: 0.1455 Time: 503.856
#### prediction torch.Size([192, 4])
Epoch [10/11] Step [198/1241] Loss: 0.0978 Time: 505.319
#### prediction torch.Size([192, 4])
Epoch [10/11] Step [231/1241] Loss: 0.0747 Time: 506.781
#### prediction torch.Size([192, 4])
Epoch [10/11] Step [264/1241] Loss: 0.1241 Time: 508.246
#### prediction torch.Size([192, 4])
Epoch [10/11] Step [297/1241] Loss: 0.0883 Time: 509.71
#### prediction torch.Size([192, 4])
Epoch [10/11] Step [330/1241] Loss: 0.0740 Time: 511.176
#### prediction torch.Size([192, 4])
Epoch [10/11] Step [363/1241] Loss: 0.0950 Time: 512.639
#### prediction torch.Size([192, 4])
Epoch [10/11] Step [396/1241] Loss: 0.0696 Time: 514.102
#### prediction torch.Size([192, 4])
Epoch [10/11] Step [429/1241] Loss: 0.1649 Time: 515.564
#### prediction torch.Size([192, 4])
Epoch [10/11] Step [462/1241] Loss: 0.0645 Time: 517.032
#### prediction torch.Size([192, 4])
Epoch [10/11] Step [495/1241] Loss: 0.1247 Time: 518.495
#### prediction torch.Size([192, 4])
Epoch [10/11] Step [528/1241] Loss: 0.0733 Time: 519.958
#### prediction torch.Size([192, 4])
Epoch [10/11] Step [561/1241] Loss: 0.0794 Time: 521.421
#### prediction torch.Size([192, 4])
Epoch [10/11] Step [594/1241] Loss: 0.0856 Time: 522.884
#### prediction torch.Size([192, 4])
Epoch [10/11] Step [627/1241] Loss: 0.0441 Time: 524.348
#### prediction torch.Size([192, 4])
Epoch [10/11] Step [660/1241] Loss: 0.1040 Time: 525.811
#### prediction torch.Size([192, 4])
Epoch [10/11] Step [693/1241] Loss: 0.0567 Time: 527.273
#### prediction torch.Size([192, 4])
Epoch [10/11] Step [726/1241] Loss: 0.1840 Time: 528.738
#### prediction torch.Size([192, 4])
Epoch [10/11] Step [759/1241] Loss: 0.1246 Time: 530.201
#### prediction torch.Size([192, 4])
Epoch [10/11] Step [792/1241] Loss: 0.1148 Time: 531.663
#### prediction torch.Size([192, 4])
Epoch [10/11] Step [825/1241] Loss: 0.0541 Time: 533.127
#### prediction torch.Size([192, 4])
Epoch [10/11] Step [858/1241] Loss: 0.0497 Time: 534.589
#### prediction torch.Size([192, 4])
Epoch [10/11] Step [891/1241] Loss: 0.1576 Time: 536.051
#### prediction torch.Size([192, 4])
Epoch [10/11] Step [924/1241] Loss: 0.0606 Time: 537.514
#### prediction torch.Size([192, 4])
Epoch [10/11] Step [957/1241] Loss: 0.0846 Time: 538.979
#### prediction torch.Size([192, 4])
Epoch [10/11] Step [990/1241] Loss: 0.0681 Time: 540.445
#### prediction torch.Size([192, 4])
Epoch [10/11] Step [1023/1241] Loss: 0.1088 Time: 541.908
#### prediction torch.Size([192, 4])
Epoch [10/11] Step [1056/1241] Loss: 0.0784 Time: 543.371
#### prediction torch.Size([192, 4])
Epoch [10/11] Step [1089/1241] Loss: 0.1343 Time: 544.834
#### prediction torch.Size([192, 4])
Epoch [10/11] Step [1122/1241] Loss: 0.1055 Time: 546.297
#### prediction torch.Size([192, 4])
Epoch [10/11] Step [1155/1241] Loss: 0.1433 Time: 547.77
#### prediction torch.Size([192, 4])
Epoch [10/11] Step [1188/1241] Loss: 0.1172 Time: 549.234
#### prediction torch.Size([192, 4])
Epoch [10/11] Step [1221/1241] Loss: 0.0504 Time: 550.697
#### TRAINED MODEL ResNet1D model training time: 606.877 total training time: 610.165 ####
#### TRAINING TOTAL TIME: 606.878 ####
Accuracy of the ResNet1D model on the test set: 44.564196 %
#### TESTING TOTAL TIME: 4.589 ####
#### TIME #### TERMINO #### 80663.29 ####
#### FINITO #### TERMINO #### NO-VA-MAS ####
#### TIMES #### modelling TOTAL TOTAL ==>> 80663.29 seconds
#### #### READING DATA FILES #### ####
492 511 #### COMBI [reg, sid, ban, sec, men, med, sum, max, bet, npp, hfq, htp, hhh, aei] METRICS ####
('Plantation', '/home/vargas/repos/forests-sounds-vargas/out/data/extraction/Plantation/2_00_PSA0010-2010_dict_y_split_7_2512283_1736694580.pkl')
(297840, 14) Index(['reg', 'sid', 'ban', 'sec', 'men', 'med', 'sum', 'max', 'bet', 'npp',
       'hfq'],
      dtype='object') Index(['sec', 'men', 'med', 'sum', 'max', 'bet', 'npp', 'hfq', 'htp', 'hhh',
       'aei'],
      dtype='object')
#### MERGE 68 merge_data Dataframe shape: (297840, 14) #### time: 626
#### #### SPLIT TRAIN TEST #### ####
#### CLASSES: [0 1 2 3] TOTAL 4
#### SPLIT train_test_split and CUDA: ??? cuda:0 #### time: 35
#### MODELS - TOTAL 1 ####
#### EPOCHS 11 ####
#### TRAINING MODELS ####
#### TRAINING MODEL ResNet1D ####
#### prediction torch.Size([192, 4])
Epoch [10/11] Step [33/1241] Loss: 0.0809 Time: 497.075
#### prediction torch.Size([192, 4])
Epoch [10/11] Step [66/1241] Loss: 0.0953 Time: 498.535
#### prediction torch.Size([192, 4])
Epoch [10/11] Step [99/1241] Loss: 0.0654 Time: 499.993
#### prediction torch.Size([192, 4])
Epoch [10/11] Step [132/1241] Loss: 0.0934 Time: 501.452
#### prediction torch.Size([192, 4])
Epoch [10/11] Step [165/1241] Loss: 0.1105 Time: 502.909
#### prediction torch.Size([192, 4])
Epoch [10/11] Step [198/1241] Loss: 0.0976 Time: 504.368
#### prediction torch.Size([192, 4])
Epoch [10/11] Step [231/1241] Loss: 0.0833 Time: 505.827
#### prediction torch.Size([192, 4])
Epoch [10/11] Step [264/1241] Loss: 0.0694 Time: 507.285
#### prediction torch.Size([192, 4])
Epoch [10/11] Step [297/1241] Loss: 0.0807 Time: 508.744
#### prediction torch.Size([192, 4])
Epoch [10/11] Step [330/1241] Loss: 0.0596 Time: 510.204
#### prediction torch.Size([192, 4])
Epoch [10/11] Step [363/1241] Loss: 0.1201 Time: 511.663
#### prediction torch.Size([192, 4])
Epoch [10/11] Step [396/1241] Loss: 0.0892 Time: 513.121
#### prediction torch.Size([192, 4])
Epoch [10/11] Step [429/1241] Loss: 0.1964 Time: 514.581
#### prediction torch.Size([192, 4])
Epoch [10/11] Step [462/1241] Loss: 0.1042 Time: 516.053
#### prediction torch.Size([192, 4])
Epoch [10/11] Step [495/1241] Loss: 0.0873 Time: 517.511
#### prediction torch.Size([192, 4])
Epoch [10/11] Step [528/1241] Loss: 0.1407 Time: 518.97
#### prediction torch.Size([192, 4])
Epoch [10/11] Step [561/1241] Loss: 0.0404 Time: 520.429
#### prediction torch.Size([192, 4])
Epoch [10/11] Step [594/1241] Loss: 0.0878 Time: 521.888
#### prediction torch.Size([192, 4])
Epoch [10/11] Step [627/1241] Loss: 0.1105 Time: 523.348
#### prediction torch.Size([192, 4])
Epoch [10/11] Step [660/1241] Loss: 0.1191 Time: 524.823
#### prediction torch.Size([192, 4])
Epoch [10/11] Step [693/1241] Loss: 0.1241 Time: 526.282
#### prediction torch.Size([192, 4])
Epoch [10/11] Step [726/1241] Loss: 0.0614 Time: 527.914
#### prediction torch.Size([192, 4])
Epoch [10/11] Step [759/1241] Loss: 0.1292 Time: 529.373
#### prediction torch.Size([192, 4])
Epoch [10/11] Step [792/1241] Loss: 0.1149 Time: 530.832
#### prediction torch.Size([192, 4])
Epoch [10/11] Step [825/1241] Loss: 0.0651 Time: 532.29
#### prediction torch.Size([192, 4])
Epoch [10/11] Step [858/1241] Loss: 0.0808 Time: 533.75
#### prediction torch.Size([192, 4])
Epoch [10/11] Step [891/1241] Loss: 0.0786 Time: 535.208
#### prediction torch.Size([192, 4])
Epoch [10/11] Step [924/1241] Loss: 0.0806 Time: 536.681
#### prediction torch.Size([192, 4])
Epoch [10/11] Step [957/1241] Loss: 0.1071 Time: 538.146
#### prediction torch.Size([192, 4])
Epoch [10/11] Step [990/1241] Loss: 0.0844 Time: 539.609
#### prediction torch.Size([192, 4])
Epoch [10/11] Step [1023/1241] Loss: 0.0720 Time: 541.067
#### prediction torch.Size([192, 4])
Epoch [10/11] Step [1056/1241] Loss: 0.0787 Time: 542.525
#### prediction torch.Size([192, 4])
Epoch [10/11] Step [1089/1241] Loss: 0.1283 Time: 543.984
#### prediction torch.Size([192, 4])
Epoch [10/11] Step [1122/1241] Loss: 0.1030 Time: 545.451
#### prediction torch.Size([192, 4])
Epoch [10/11] Step [1155/1241] Loss: 0.1018 Time: 546.918
#### prediction torch.Size([192, 4])
Epoch [10/11] Step [1188/1241] Loss: 0.1170 Time: 548.377
#### prediction torch.Size([192, 4])
Epoch [10/11] Step [1221/1241] Loss: 0.0718 Time: 549.836
#### TRAINED MODEL ResNet1D model training time: 605.63 total training time: 608.735 ####
#### TRAINING TOTAL TIME: 605.63 ####
Accuracy of the ResNet1D model on the test set: 85.114491 %
#### TESTING TOTAL TIME: 4.571 ####
#### TIME #### TERMINO #### 81323.378 ####
#### FINITO #### TERMINO #### NO-VA-MAS ####
#### TIMES #### modelling TOTAL TOTAL ==>> 81323.378 seconds
#### #### READING DATA FILES #### ####
493 511 #### COMBI [reg, sid, ban, sec, men, med, sum, max, mmm, npp, hfq, htp, hhh, aei] METRICS ####
('Plantation', '/home/vargas/repos/forests-sounds-vargas/out/data/extraction/Plantation/2_00_PSA0010-2010_dict_y_split_7_2512283_1736694580.pkl')
(297840, 14) Index(['reg', 'sid', 'ban', 'sec', 'men', 'med', 'sum', 'max', 'mmm', 'npp',
       'hfq'],
      dtype='object') Index(['sec', 'men', 'med', 'sum', 'max', 'mmm', 'npp', 'hfq', 'htp', 'hhh',
       'aei'],
      dtype='object')
#### MERGE 68 merge_data Dataframe shape: (297840, 14) #### time: 628
#### #### SPLIT TRAIN TEST #### ####
#### CLASSES: [0 1 2 3] TOTAL 4
#### SPLIT train_test_split and CUDA: ??? cuda:0 #### time: 35
#### MODELS - TOTAL 1 ####
#### EPOCHS 11 ####
#### TRAINING MODELS ####
#### TRAINING MODEL ResNet1D ####
#### prediction torch.Size([192, 4])
Epoch [10/11] Step [33/1241] Loss: 0.0790 Time: 496.828
#### prediction torch.Size([192, 4])
Epoch [10/11] Step [66/1241] Loss: 0.0863 Time: 498.286
#### prediction torch.Size([192, 4])
Epoch [10/11] Step [99/1241] Loss: 0.0743 Time: 499.745
#### prediction torch.Size([192, 4])
Epoch [10/11] Step [132/1241] Loss: 0.0862 Time: 501.204
#### prediction torch.Size([192, 4])
Epoch [10/11] Step [165/1241] Loss: 0.0633 Time: 502.663
#### prediction torch.Size([192, 4])
Epoch [10/11] Step [198/1241] Loss: 0.0851 Time: 504.123
#### prediction torch.Size([192, 4])
Epoch [10/11] Step [231/1241] Loss: 0.0665 Time: 505.582
#### prediction torch.Size([192, 4])
Epoch [10/11] Step [264/1241] Loss: 0.0868 Time: 507.042
#### prediction torch.Size([192, 4])
Epoch [10/11] Step [297/1241] Loss: 0.0863 Time: 508.5
#### prediction torch.Size([192, 4])
Epoch [10/11] Step [330/1241] Loss: 0.0597 Time: 509.958
#### prediction torch.Size([192, 4])
Epoch [10/11] Step [363/1241] Loss: 0.0458 Time: 511.426
#### prediction torch.Size([192, 4])
Epoch [10/11] Step [396/1241] Loss: 0.0925 Time: 512.888
#### prediction torch.Size([192, 4])
Epoch [10/11] Step [429/1241] Loss: 0.0700 Time: 514.346
#### prediction torch.Size([192, 4])
Epoch [10/11] Step [462/1241] Loss: 0.0891 Time: 515.804
#### prediction torch.Size([192, 4])
Epoch [10/11] Step [495/1241] Loss: 0.0719 Time: 517.263
#### prediction torch.Size([192, 4])
Epoch [10/11] Step [528/1241] Loss: 0.1022 Time: 518.721
#### prediction torch.Size([192, 4])
Epoch [10/11] Step [561/1241] Loss: 0.1059 Time: 520.18
#### prediction torch.Size([192, 4])
Epoch [10/11] Step [594/1241] Loss: 0.0854 Time: 521.639
#### prediction torch.Size([192, 4])
Epoch [10/11] Step [627/1241] Loss: 0.0641 Time: 523.097
#### prediction torch.Size([192, 4])
Epoch [10/11] Step [660/1241] Loss: 0.0656 Time: 524.555
#### prediction torch.Size([192, 4])
Epoch [10/11] Step [693/1241] Loss: 0.0652 Time: 526.015
#### prediction torch.Size([192, 4])
Epoch [10/11] Step [726/1241] Loss: 0.1364 Time: 527.474
#### prediction torch.Size([192, 4])
Epoch [10/11] Step [759/1241] Loss: 0.1162 Time: 528.934
#### prediction torch.Size([192, 4])
Epoch [10/11] Step [792/1241] Loss: 0.0921 Time: 530.392
#### prediction torch.Size([192, 4])
Epoch [10/11] Step [825/1241] Loss: 0.0599 Time: 531.852
#### prediction torch.Size([192, 4])
Epoch [10/11] Step [858/1241] Loss: 0.0743 Time: 533.311
#### prediction torch.Size([192, 4])
Epoch [10/11] Step [891/1241] Loss: 0.1391 Time: 534.769
#### prediction torch.Size([192, 4])
Epoch [10/11] Step [924/1241] Loss: 0.1189 Time: 536.234
#### prediction torch.Size([192, 4])
Epoch [10/11] Step [957/1241] Loss: 0.0449 Time: 537.692
#### prediction torch.Size([192, 4])
Epoch [10/11] Step [990/1241] Loss: 0.0408 Time: 539.151
#### prediction torch.Size([192, 4])
Epoch [10/11] Step [1023/1241] Loss: 0.0457 Time: 540.609
#### prediction torch.Size([192, 4])
Epoch [10/11] Step [1056/1241] Loss: 0.1015 Time: 542.071
#### prediction torch.Size([192, 4])
Epoch [10/11] Step [1089/1241] Loss: 0.0629 Time: 543.529
#### prediction torch.Size([192, 4])
Epoch [10/11] Step [1122/1241] Loss: 0.0357 Time: 544.988
#### prediction torch.Size([192, 4])
Epoch [10/11] Step [1155/1241] Loss: 0.0702 Time: 546.448
#### prediction torch.Size([192, 4])
Epoch [10/11] Step [1188/1241] Loss: 0.0554 Time: 547.906
#### prediction torch.Size([192, 4])
Epoch [10/11] Step [1221/1241] Loss: 0.0844 Time: 549.365
#### TRAINED MODEL ResNet1D model training time: 605.35 total training time: 608.581 ####
#### TRAINING TOTAL TIME: 605.351 ####
Accuracy of the ResNet1D model on the test set: 71.446078 %
#### TESTING TOTAL TIME: 4.567 ####
#### TIME #### TERMINO #### 81987.228 ####
#### FINITO #### TERMINO #### NO-VA-MAS ####
#### TIMES #### modelling TOTAL TOTAL ==>> 81987.228 seconds
#### #### READING DATA FILES #### ####
494 511 #### COMBI [reg, sid, ban, sec, men, med, sum, aci, bet, mmm, npp, hfq, htp, hhh] METRICS ####
('Plantation', '/home/vargas/repos/forests-sounds-vargas/out/data/extraction/Plantation/2_00_PSA0010-2010_dict_y_split_7_2512283_1736694580.pkl')
(297840, 14) Index(['reg', 'sid', 'ban', 'sec', 'men', 'med', 'sum', 'aci', 'bet', 'mmm',
       'npp'],
      dtype='object') Index(['sec', 'men', 'med', 'sum', 'aci', 'bet', 'mmm', 'npp', 'hfq', 'htp',
       'hhh'],
      dtype='object')
#### MERGE 68 merge_data Dataframe shape: (297840, 14) #### time: 625
#### #### SPLIT TRAIN TEST #### ####
#### CLASSES: [0 1 2 3] TOTAL 4
#### SPLIT train_test_split and CUDA: ??? cuda:0 #### time: 35
#### MODELS - TOTAL 1 ####
#### EPOCHS 11 ####
#### TRAINING MODELS ####
#### TRAINING MODEL ResNet1D ####
#### prediction torch.Size([192, 4])
Epoch [10/11] Step [33/1241] Loss: 0.1754 Time: 496.655
#### prediction torch.Size([192, 4])
Epoch [10/11] Step [66/1241] Loss: 0.2254 Time: 498.118
#### prediction torch.Size([192, 4])
Epoch [10/11] Step [99/1241] Loss: 0.1899 Time: 499.58
#### prediction torch.Size([192, 4])
Epoch [10/11] Step [132/1241] Loss: 0.2187 Time: 501.042
#### prediction torch.Size([192, 4])
Epoch [10/11] Step [165/1241] Loss: 0.2146 Time: 502.506
#### prediction torch.Size([192, 4])
Epoch [10/11] Step [198/1241] Loss: 0.2759 Time: 504.14
#### prediction torch.Size([192, 4])
Epoch [10/11] Step [231/1241] Loss: 0.1940 Time: 505.603
#### prediction torch.Size([192, 4])
Epoch [10/11] Step [264/1241] Loss: 0.2632 Time: 507.07
#### prediction torch.Size([192, 4])
Epoch [10/11] Step [297/1241] Loss: 0.2810 Time: 508.534
#### prediction torch.Size([192, 4])
Epoch [10/11] Step [330/1241] Loss: 0.2444 Time: 509.997
#### prediction torch.Size([192, 4])
Epoch [10/11] Step [363/1241] Loss: 0.1696 Time: 511.471
#### prediction torch.Size([192, 4])
Epoch [10/11] Step [396/1241] Loss: 0.1665 Time: 512.934
#### prediction torch.Size([192, 4])
Epoch [10/11] Step [429/1241] Loss: 0.1688 Time: 514.396
#### prediction torch.Size([192, 4])
Epoch [10/11] Step [462/1241] Loss: 0.2593 Time: 515.86
#### prediction torch.Size([192, 4])
Epoch [10/11] Step [495/1241] Loss: 0.1698 Time: 517.323
#### prediction torch.Size([192, 4])
Epoch [10/11] Step [528/1241] Loss: 0.2185 Time: 518.787
#### prediction torch.Size([192, 4])
Epoch [10/11] Step [561/1241] Loss: 0.2564 Time: 520.249
#### prediction torch.Size([192, 4])
Epoch [10/11] Step [594/1241] Loss: 0.1958 Time: 521.712
#### prediction torch.Size([192, 4])
Epoch [10/11] Step [627/1241] Loss: 0.1834 Time: 523.175
#### prediction torch.Size([192, 4])
Epoch [10/11] Step [660/1241] Loss: 0.1707 Time: 524.638
#### prediction torch.Size([192, 4])
Epoch [10/11] Step [693/1241] Loss: 0.1437 Time: 526.101
#### prediction torch.Size([192, 4])
Epoch [10/11] Step [726/1241] Loss: 0.2031 Time: 527.565
#### prediction torch.Size([192, 4])
Epoch [10/11] Step [759/1241] Loss: 0.2575 Time: 529.027
#### prediction torch.Size([192, 4])
Epoch [10/11] Step [792/1241] Loss: 0.2238 Time: 530.49
#### prediction torch.Size([192, 4])
Epoch [10/11] Step [825/1241] Loss: 0.2072 Time: 531.953
#### prediction torch.Size([192, 4])
Epoch [10/11] Step [858/1241] Loss: 0.1708 Time: 533.417
#### prediction torch.Size([192, 4])
Epoch [10/11] Step [891/1241] Loss: 0.2170 Time: 534.88
#### prediction torch.Size([192, 4])
Epoch [10/11] Step [924/1241] Loss: 0.1746 Time: 536.343
#### prediction torch.Size([192, 4])
Epoch [10/11] Step [957/1241] Loss: 0.2416 Time: 537.81
#### prediction torch.Size([192, 4])
Epoch [10/11] Step [990/1241] Loss: 0.1523 Time: 539.272
#### prediction torch.Size([192, 4])
Epoch [10/11] Step [1023/1241] Loss: 0.1538 Time: 540.74
#### prediction torch.Size([192, 4])
Epoch [10/11] Step [1056/1241] Loss: 0.2146 Time: 542.213
#### prediction torch.Size([192, 4])
Epoch [10/11] Step [1089/1241] Loss: 0.1753 Time: 543.678
#### prediction torch.Size([192, 4])
Epoch [10/11] Step [1122/1241] Loss: 0.2084 Time: 545.141
#### prediction torch.Size([192, 4])
Epoch [10/11] Step [1155/1241] Loss: 0.1575 Time: 546.605
#### prediction torch.Size([192, 4])
Epoch [10/11] Step [1188/1241] Loss: 0.2081 Time: 548.069
#### prediction torch.Size([192, 4])
Epoch [10/11] Step [1221/1241] Loss: 0.2175 Time: 549.532
#### TRAINED MODEL ResNet1D model training time: 605.659 total training time: 608.765 ####
#### TRAINING TOTAL TIME: 605.659 ####
Accuracy of the ResNet1D model on the test set: 89.65552 %
#### TESTING TOTAL TIME: 4.582 ####
#### TIME #### TERMINO #### 82647.761 ####
#### FINITO #### TERMINO #### NO-VA-MAS ####
#### TIMES #### modelling TOTAL TOTAL ==>> 82647.761 seconds
#### #### READING DATA FILES #### ####
495 511 #### COMBI [reg, sid, ban, sec, men, med, sum, aci, bet, mmm, npp, hfq, htp, aei] METRICS ####
('Plantation', '/home/vargas/repos/forests-sounds-vargas/out/data/extraction/Plantation/2_00_PSA0010-2010_dict_y_split_7_2512283_1736694580.pkl')
(297840, 14) Index(['reg', 'sid', 'ban', 'sec', 'men', 'med', 'sum', 'aci', 'bet', 'mmm',
       'npp'],
      dtype='object') Index(['sec', 'men', 'med', 'sum', 'aci', 'bet', 'mmm', 'npp', 'hfq', 'htp',
       'aei'],
      dtype='object')
#### MERGE 68 merge_data Dataframe shape: (297840, 14) #### time: 625
#### #### SPLIT TRAIN TEST #### ####
#### CLASSES: [0 1 2 3] TOTAL 4
#### SPLIT train_test_split and CUDA: ??? cuda:0 #### time: 35
#### MODELS - TOTAL 1 ####
#### EPOCHS 11 ####
#### TRAINING MODELS ####
#### TRAINING MODEL ResNet1D ####
#### prediction torch.Size([192, 4])
Epoch [10/11] Step [33/1241] Loss: 0.1849 Time: 497.663
#### prediction torch.Size([192, 4])
Epoch [10/11] Step [66/1241] Loss: 0.2163 Time: 499.128
#### prediction torch.Size([192, 4])
Epoch [10/11] Step [99/1241] Loss: 0.1555 Time: 500.594
#### prediction torch.Size([192, 4])
Epoch [10/11] Step [132/1241] Loss: 0.2220 Time: 502.059
#### prediction torch.Size([192, 4])
Epoch [10/11] Step [165/1241] Loss: 0.2609 Time: 503.523
#### prediction torch.Size([192, 4])
Epoch [10/11] Step [198/1241] Loss: 0.1777 Time: 504.989
#### prediction torch.Size([192, 4])
Epoch [10/11] Step [231/1241] Loss: 0.1767 Time: 506.455
#### prediction torch.Size([192, 4])
Epoch [10/11] Step [264/1241] Loss: 0.2195 Time: 507.921
#### prediction torch.Size([192, 4])
Epoch [10/11] Step [297/1241] Loss: 0.2134 Time: 509.396
#### prediction torch.Size([192, 4])
Epoch [10/11] Step [330/1241] Loss: 0.1902 Time: 510.864
#### prediction torch.Size([192, 4])
Epoch [10/11] Step [363/1241] Loss: 0.2259 Time: 512.329
#### prediction torch.Size([192, 4])
Epoch [10/11] Step [396/1241] Loss: 0.1930 Time: 513.795
#### prediction torch.Size([192, 4])
Epoch [10/11] Step [429/1241] Loss: 0.2178 Time: 515.259
#### prediction torch.Size([192, 4])
Epoch [10/11] Step [462/1241] Loss: 0.1932 Time: 516.724
#### prediction torch.Size([192, 4])
Epoch [10/11] Step [495/1241] Loss: 0.2112 Time: 518.189
#### prediction torch.Size([192, 4])
Epoch [10/11] Step [528/1241] Loss: 0.1947 Time: 519.655
#### prediction torch.Size([192, 4])
Epoch [10/11] Step [561/1241] Loss: 0.1835 Time: 521.12
#### prediction torch.Size([192, 4])
Epoch [10/11] Step [594/1241] Loss: 0.2074 Time: 522.585
#### prediction torch.Size([192, 4])
Epoch [10/11] Step [627/1241] Loss: 0.1981 Time: 524.05
#### prediction torch.Size([192, 4])
Epoch [10/11] Step [660/1241] Loss: 0.3058 Time: 525.513
#### prediction torch.Size([192, 4])
Epoch [10/11] Step [693/1241] Loss: 0.1812 Time: 526.979
#### prediction torch.Size([192, 4])
Epoch [10/11] Step [726/1241] Loss: 0.1540 Time: 528.443
#### prediction torch.Size([192, 4])
Epoch [10/11] Step [759/1241] Loss: 0.2126 Time: 529.908
#### prediction torch.Size([192, 4])
Epoch [10/11] Step [792/1241] Loss: 0.2293 Time: 531.373
#### prediction torch.Size([192, 4])
Epoch [10/11] Step [825/1241] Loss: 0.1309 Time: 532.839
#### prediction torch.Size([192, 4])
Epoch [10/11] Step [858/1241] Loss: 0.2108 Time: 534.304
#### prediction torch.Size([192, 4])
Epoch [10/11] Step [891/1241] Loss: 0.2016 Time: 535.773
#### prediction torch.Size([192, 4])
Epoch [10/11] Step [924/1241] Loss: 0.1695 Time: 537.239
#### prediction torch.Size([192, 4])
Epoch [10/11] Step [957/1241] Loss: 0.1902 Time: 538.713
#### prediction torch.Size([192, 4])
Epoch [10/11] Step [990/1241] Loss: 0.1683 Time: 540.178
#### prediction torch.Size([192, 4])
Epoch [10/11] Step [1023/1241] Loss: 0.1669 Time: 541.81
#### prediction torch.Size([192, 4])
Epoch [10/11] Step [1056/1241] Loss: 0.1995 Time: 543.274
#### prediction torch.Size([192, 4])
Epoch [10/11] Step [1089/1241] Loss: 0.1576 Time: 544.739
#### prediction torch.Size([192, 4])
Epoch [10/11] Step [1122/1241] Loss: 0.2230 Time: 546.204
#### prediction torch.Size([192, 4])
Epoch [10/11] Step [1155/1241] Loss: 0.1764 Time: 547.669
#### prediction torch.Size([192, 4])
Epoch [10/11] Step [1188/1241] Loss: 0.1667 Time: 549.134
#### prediction torch.Size([192, 4])
Epoch [10/11] Step [1221/1241] Loss: 0.2567 Time: 550.597
#### TRAINED MODEL ResNet1D model training time: 606.643 total training time: 611.046 ####
#### TRAINING TOTAL TIME: 606.644 ####
Accuracy of the ResNet1D model on the test set: 85.66848 %
#### TESTING TOTAL TIME: 4.597 ####
#### TIME #### TERMINO #### 83311.125 ####
#### FINITO #### TERMINO #### NO-VA-MAS ####
#### TIMES #### modelling TOTAL TOTAL ==>> 83311.125 seconds
#### #### READING DATA FILES #### ####
496 511 #### COMBI [reg, sid, ban, sec, men, med, sum, aci, bet, mmm, npp, hfq, hhh, aei] METRICS ####
('Plantation', '/home/vargas/repos/forests-sounds-vargas/out/data/extraction/Plantation/2_00_PSA0010-2010_dict_y_split_7_2512283_1736694580.pkl')
(297840, 14) Index(['reg', 'sid', 'ban', 'sec', 'men', 'med', 'sum', 'aci', 'bet', 'mmm',
       'npp'],
      dtype='object') Index(['sec', 'men', 'med', 'sum', 'aci', 'bet', 'mmm', 'npp', 'hfq', 'hhh',
       'aei'],
      dtype='object')
#### MERGE 68 merge_data Dataframe shape: (297840, 14) #### time: 627
#### #### SPLIT TRAIN TEST #### ####
#### CLASSES: [0 1 2 3] TOTAL 4
#### SPLIT train_test_split and CUDA: ??? cuda:0 #### time: 35
#### MODELS - TOTAL 1 ####
#### EPOCHS 11 ####
#### TRAINING MODELS ####
#### TRAINING MODEL ResNet1D ####
#### prediction torch.Size([192, 4])
Epoch [10/11] Step [33/1241] Loss: 0.1458 Time: 497.37
#### prediction torch.Size([192, 4])
Epoch [10/11] Step [66/1241] Loss: 0.2620 Time: 498.832
#### prediction torch.Size([192, 4])
Epoch [10/11] Step [99/1241] Loss: 0.2220 Time: 500.302
#### prediction torch.Size([192, 4])
Epoch [10/11] Step [132/1241] Loss: 0.2882 Time: 501.768
#### prediction torch.Size([192, 4])
Epoch [10/11] Step [165/1241] Loss: 0.2058 Time: 503.23
#### prediction torch.Size([192, 4])
Epoch [10/11] Step [198/1241] Loss: 0.2353 Time: 504.695
#### prediction torch.Size([192, 4])
Epoch [10/11] Step [231/1241] Loss: 0.2304 Time: 506.157
#### prediction torch.Size([192, 4])
Epoch [10/11] Step [264/1241] Loss: 0.1862 Time: 507.625
#### prediction torch.Size([192, 4])
Epoch [10/11] Step [297/1241] Loss: 0.1504 Time: 509.086
#### prediction torch.Size([192, 4])
Epoch [10/11] Step [330/1241] Loss: 0.2996 Time: 510.548
#### prediction torch.Size([192, 4])
Epoch [10/11] Step [363/1241] Loss: 0.2110 Time: 512.011
#### prediction torch.Size([192, 4])
Epoch [10/11] Step [396/1241] Loss: 0.1615 Time: 513.473
#### prediction torch.Size([192, 4])
Epoch [10/11] Step [429/1241] Loss: 0.1742 Time: 514.935
#### prediction torch.Size([192, 4])
Epoch [10/11] Step [462/1241] Loss: 0.2059 Time: 516.397
#### prediction torch.Size([192, 4])
Epoch [10/11] Step [495/1241] Loss: 0.2072 Time: 517.861
#### prediction torch.Size([192, 4])
Epoch [10/11] Step [528/1241] Loss: 0.2575 Time: 519.323
#### prediction torch.Size([192, 4])
Epoch [10/11] Step [561/1241] Loss: 0.1639 Time: 520.785
#### prediction torch.Size([192, 4])
Epoch [10/11] Step [594/1241] Loss: 0.2241 Time: 522.247
#### prediction torch.Size([192, 4])
Epoch [10/11] Step [627/1241] Loss: 0.1915 Time: 523.709
#### prediction torch.Size([192, 4])
Epoch [10/11] Step [660/1241] Loss: 0.2088 Time: 525.171
#### prediction torch.Size([192, 4])
Epoch [10/11] Step [693/1241] Loss: 0.1763 Time: 526.633
#### prediction torch.Size([192, 4])
Epoch [10/11] Step [726/1241] Loss: 0.1744 Time: 528.095
#### prediction torch.Size([192, 4])
Epoch [10/11] Step [759/1241] Loss: 0.2193 Time: 529.557
#### prediction torch.Size([192, 4])
Epoch [10/11] Step [792/1241] Loss: 0.1720 Time: 531.018
#### prediction torch.Size([192, 4])
Epoch [10/11] Step [825/1241] Loss: 0.1743 Time: 532.481
#### prediction torch.Size([192, 4])
Epoch [10/11] Step [858/1241] Loss: 0.1884 Time: 533.948
#### prediction torch.Size([192, 4])
Epoch [10/11] Step [891/1241] Loss: 0.2996 Time: 535.411
#### prediction torch.Size([192, 4])
Epoch [10/11] Step [924/1241] Loss: 0.2360 Time: 536.877
#### prediction torch.Size([192, 4])
Epoch [10/11] Step [957/1241] Loss: 0.2562 Time: 538.341
#### prediction torch.Size([192, 4])
Epoch [10/11] Step [990/1241] Loss: 0.1884 Time: 539.804
#### prediction torch.Size([192, 4])
Epoch [10/11] Step [1023/1241] Loss: 0.1836 Time: 541.267
#### prediction torch.Size([192, 4])
Epoch [10/11] Step [1056/1241] Loss: 0.1528 Time: 542.729
#### prediction torch.Size([192, 4])
Epoch [10/11] Step [1089/1241] Loss: 0.2156 Time: 544.191
#### prediction torch.Size([192, 4])
Epoch [10/11] Step [1122/1241] Loss: 0.1900 Time: 545.653
#### prediction torch.Size([192, 4])
Epoch [10/11] Step [1155/1241] Loss: 0.2098 Time: 547.116
#### prediction torch.Size([192, 4])
Epoch [10/11] Step [1188/1241] Loss: 0.1971 Time: 548.577
#### prediction torch.Size([192, 4])
Epoch [10/11] Step [1221/1241] Loss: 0.1943 Time: 550.039
#### TRAINED MODEL ResNet1D model training time: 606.142 total training time: 609.245 ####
#### TRAINING TOTAL TIME: 606.142 ####
Accuracy of the ResNet1D model on the test set: 87.938155 %
#### TESTING TOTAL TIME: 4.579 ####
#### TIME #### TERMINO #### 83972.216 ####
#### FINITO #### TERMINO #### NO-VA-MAS ####
#### TIMES #### modelling TOTAL TOTAL ==>> 83972.216 seconds
#### #### READING DATA FILES #### ####
497 511 #### COMBI [reg, sid, ban, sec, men, med, sum, aci, bet, mmm, npp, htp, hhh, aei] METRICS ####
('Plantation', '/home/vargas/repos/forests-sounds-vargas/out/data/extraction/Plantation/2_00_PSA0010-2010_dict_y_split_7_2512283_1736694580.pkl')
(297840, 14) Index(['reg', 'sid', 'ban', 'sec', 'men', 'med', 'sum', 'aci', 'bet', 'mmm',
       'npp'],
      dtype='object') Index(['sec', 'men', 'med', 'sum', 'aci', 'bet', 'mmm', 'npp', 'htp', 'hhh',
       'aei'],
      dtype='object')
#### MERGE 68 merge_data Dataframe shape: (297840, 14) #### time: 626
#### #### SPLIT TRAIN TEST #### ####
#### CLASSES: [0 1 2 3] TOTAL 4
#### SPLIT train_test_split and CUDA: ??? cuda:0 #### time: 35
#### MODELS - TOTAL 1 ####
#### EPOCHS 11 ####
#### TRAINING MODELS ####
#### TRAINING MODEL ResNet1D ####
#### prediction torch.Size([192, 4])
Epoch [10/11] Step [33/1241] Loss: 0.1566 Time: 497.458
#### prediction torch.Size([192, 4])
Epoch [10/11] Step [66/1241] Loss: 0.1483 Time: 498.92
#### prediction torch.Size([192, 4])
Epoch [10/11] Step [99/1241] Loss: 0.2219 Time: 500.383
#### prediction torch.Size([192, 4])
Epoch [10/11] Step [132/1241] Loss: 0.1819 Time: 501.848
#### prediction torch.Size([192, 4])
Epoch [10/11] Step [165/1241] Loss: 0.2366 Time: 503.312
#### prediction torch.Size([192, 4])
Epoch [10/11] Step [198/1241] Loss: 0.1772 Time: 504.775
#### prediction torch.Size([192, 4])
Epoch [10/11] Step [231/1241] Loss: 0.1515 Time: 506.253
#### prediction torch.Size([192, 4])
Epoch [10/11] Step [264/1241] Loss: 0.1766 Time: 507.718
#### prediction torch.Size([192, 4])
Epoch [10/11] Step [297/1241] Loss: 0.1911 Time: 509.181
#### prediction torch.Size([192, 4])
Epoch [10/11] Step [330/1241] Loss: 0.1581 Time: 510.643
#### prediction torch.Size([192, 4])
Epoch [10/11] Step [363/1241] Loss: 0.2408 Time: 512.105
#### prediction torch.Size([192, 4])
Epoch [10/11] Step [396/1241] Loss: 0.1970 Time: 513.566
#### prediction torch.Size([192, 4])
Epoch [10/11] Step [429/1241] Loss: 0.1984 Time: 515.029
#### prediction torch.Size([192, 4])
Epoch [10/11] Step [462/1241] Loss: 0.2034 Time: 516.49
#### prediction torch.Size([192, 4])
Epoch [10/11] Step [495/1241] Loss: 0.1697 Time: 517.955
#### prediction torch.Size([192, 4])
Epoch [10/11] Step [528/1241] Loss: 0.2327 Time: 519.59
#### prediction torch.Size([192, 4])
Epoch [10/11] Step [561/1241] Loss: 0.1459 Time: 521.053
#### prediction torch.Size([192, 4])
Epoch [10/11] Step [594/1241] Loss: 0.1752 Time: 522.515
#### prediction torch.Size([192, 4])
Epoch [10/11] Step [627/1241] Loss: 0.1881 Time: 523.977
#### prediction torch.Size([192, 4])
Epoch [10/11] Step [660/1241] Loss: 0.2013 Time: 525.438
#### prediction torch.Size([192, 4])
Epoch [10/11] Step [693/1241] Loss: 0.1802 Time: 526.912
#### prediction torch.Size([192, 4])
Epoch [10/11] Step [726/1241] Loss: 0.1986 Time: 528.376
#### prediction torch.Size([192, 4])
Epoch [10/11] Step [759/1241] Loss: 0.1748 Time: 529.839
#### prediction torch.Size([192, 4])
Epoch [10/11] Step [792/1241] Loss: 0.1853 Time: 531.3
#### prediction torch.Size([192, 4])
Epoch [10/11] Step [825/1241] Loss: 0.2408 Time: 532.763
#### prediction torch.Size([192, 4])
Epoch [10/11] Step [858/1241] Loss: 0.2118 Time: 534.23
#### prediction torch.Size([192, 4])
Epoch [10/11] Step [891/1241] Loss: 0.1736 Time: 535.703
#### prediction torch.Size([192, 4])
Epoch [10/11] Step [924/1241] Loss: 0.2424 Time: 537.166
#### prediction torch.Size([192, 4])
Epoch [10/11] Step [957/1241] Loss: 0.2126 Time: 538.629
#### prediction torch.Size([192, 4])
Epoch [10/11] Step [990/1241] Loss: 0.2430 Time: 540.091
#### prediction torch.Size([192, 4])
Epoch [10/11] Step [1023/1241] Loss: 0.1869 Time: 541.554
#### prediction torch.Size([192, 4])
Epoch [10/11] Step [1056/1241] Loss: 0.2480 Time: 543.017
#### prediction torch.Size([192, 4])
Epoch [10/11] Step [1089/1241] Loss: 0.1874 Time: 544.477
#### prediction torch.Size([192, 4])
Epoch [10/11] Step [1122/1241] Loss: 0.1668 Time: 545.938
#### prediction torch.Size([192, 4])
Epoch [10/11] Step [1155/1241] Loss: 0.2302 Time: 547.4
#### prediction torch.Size([192, 4])
Epoch [10/11] Step [1188/1241] Loss: 0.2390 Time: 548.861
#### prediction torch.Size([192, 4])
Epoch [10/11] Step [1221/1241] Loss: 0.2492 Time: 550.323
#### TRAINED MODEL ResNet1D model training time: 606.26 total training time: 609.308 ####
#### TRAINING TOTAL TIME: 606.26 ####
Accuracy of the ResNet1D model on the test set: 90.076887 %
#### TESTING TOTAL TIME: 4.749 ####
#### TIME #### TERMINO #### 84633.823 ####
#### FINITO #### TERMINO #### NO-VA-MAS ####
#### TIMES #### modelling TOTAL TOTAL ==>> 84633.823 seconds
#### #### READING DATA FILES #### ####
498 511 #### COMBI [reg, sid, ban, sec, men, med, sum, aci, bet, mmm, hfq, htp, hhh, aei] METRICS ####
('Plantation', '/home/vargas/repos/forests-sounds-vargas/out/data/extraction/Plantation/2_00_PSA0010-2010_dict_y_split_7_2512283_1736694580.pkl')
(297840, 14) Index(['reg', 'sid', 'ban', 'sec', 'men', 'med', 'sum', 'aci', 'bet', 'mmm',
       'hfq'],
      dtype='object') Index(['sec', 'men', 'med', 'sum', 'aci', 'bet', 'mmm', 'hfq', 'htp', 'hhh',
       'aei'],
      dtype='object')
#### MERGE 68 merge_data Dataframe shape: (297840, 14) #### time: 625
#### #### SPLIT TRAIN TEST #### ####
#### CLASSES: [0 1 2 3] TOTAL 4
#### SPLIT train_test_split and CUDA: ??? cuda:0 #### time: 35
#### MODELS - TOTAL 1 ####
#### EPOCHS 11 ####
#### TRAINING MODELS ####
#### TRAINING MODEL ResNet1D ####
#### prediction torch.Size([192, 4])
Epoch [10/11] Step [33/1241] Loss: 0.1615 Time: 499.259
#### prediction torch.Size([192, 4])
Epoch [10/11] Step [66/1241] Loss: 0.1351 Time: 500.727
#### prediction torch.Size([192, 4])
Epoch [10/11] Step [99/1241] Loss: 0.1904 Time: 502.194
#### prediction torch.Size([192, 4])
Epoch [10/11] Step [132/1241] Loss: 0.1902 Time: 503.664
#### prediction torch.Size([192, 4])
Epoch [10/11] Step [165/1241] Loss: 0.2306 Time: 505.136
#### prediction torch.Size([192, 4])
Epoch [10/11] Step [198/1241] Loss: 0.1394 Time: 506.605
#### prediction torch.Size([192, 4])
Epoch [10/11] Step [231/1241] Loss: 0.1903 Time: 508.074
#### prediction torch.Size([192, 4])
Epoch [10/11] Step [264/1241] Loss: 0.1743 Time: 509.541
#### prediction torch.Size([192, 4])
Epoch [10/11] Step [297/1241] Loss: 0.0894 Time: 511.009
#### prediction torch.Size([192, 4])
Epoch [10/11] Step [330/1241] Loss: 0.1393 Time: 512.475
#### prediction torch.Size([192, 4])
Epoch [10/11] Step [363/1241] Loss: 0.1435 Time: 513.943
#### prediction torch.Size([192, 4])
Epoch [10/11] Step [396/1241] Loss: 0.1477 Time: 515.41
#### prediction torch.Size([192, 4])
Epoch [10/11] Step [429/1241] Loss: 0.2336 Time: 516.878
#### prediction torch.Size([192, 4])
Epoch [10/11] Step [462/1241] Loss: 0.1551 Time: 518.345
#### prediction torch.Size([192, 4])
Epoch [10/11] Step [495/1241] Loss: 0.1797 Time: 519.812
#### prediction torch.Size([192, 4])
Epoch [10/11] Step [528/1241] Loss: 0.1905 Time: 521.279
#### prediction torch.Size([192, 4])
Epoch [10/11] Step [561/1241] Loss: 0.1287 Time: 522.747
#### prediction torch.Size([192, 4])
Epoch [10/11] Step [594/1241] Loss: 0.1492 Time: 524.214
#### prediction torch.Size([192, 4])
Epoch [10/11] Step [627/1241] Loss: 0.2207 Time: 525.682
#### prediction torch.Size([192, 4])
Epoch [10/11] Step [660/1241] Loss: 0.2486 Time: 527.151
#### prediction torch.Size([192, 4])
Epoch [10/11] Step [693/1241] Loss: 0.2100 Time: 528.618
#### prediction torch.Size([192, 4])
Epoch [10/11] Step [726/1241] Loss: 0.1039 Time: 530.085
#### prediction torch.Size([192, 4])
Epoch [10/11] Step [759/1241] Loss: 0.2183 Time: 531.552
#### prediction torch.Size([192, 4])
Epoch [10/11] Step [792/1241] Loss: 0.1681 Time: 533.022
#### prediction torch.Size([192, 4])
Epoch [10/11] Step [825/1241] Loss: 0.1461 Time: 534.492
#### prediction torch.Size([192, 4])
Epoch [10/11] Step [858/1241] Loss: 0.2604 Time: 535.968
#### prediction torch.Size([192, 4])
Epoch [10/11] Step [891/1241] Loss: 0.1471 Time: 537.436
#### prediction torch.Size([192, 4])
Epoch [10/11] Step [924/1241] Loss: 0.2659 Time: 538.904
#### prediction torch.Size([192, 4])
Epoch [10/11] Step [957/1241] Loss: 0.1612 Time: 540.372
#### prediction torch.Size([192, 4])
Epoch [10/11] Step [990/1241] Loss: 0.5498 Time: 541.839
#### prediction torch.Size([192, 4])
Epoch [10/11] Step [1023/1241] Loss: 0.3150 Time: 543.308
#### prediction torch.Size([192, 4])
Epoch [10/11] Step [1056/1241] Loss: 0.1980 Time: 544.775
#### prediction torch.Size([192, 4])
Epoch [10/11] Step [1089/1241] Loss: 0.1909 Time: 546.242
#### prediction torch.Size([192, 4])
Epoch [10/11] Step [1122/1241] Loss: 0.1586 Time: 547.711
#### prediction torch.Size([192, 4])
Epoch [10/11] Step [1155/1241] Loss: 0.1648 Time: 549.177
#### prediction torch.Size([192, 4])
Epoch [10/11] Step [1188/1241] Loss: 0.2110 Time: 550.645
#### prediction torch.Size([192, 4])
Epoch [10/11] Step [1221/1241] Loss: 0.2061 Time: 552.112
#### TRAINED MODEL ResNet1D model training time: 608.416 total training time: 611.562 ####
#### TRAINING TOTAL TIME: 608.416 ####
Accuracy of the ResNet1D model on the test set: 33.977975 %
#### TESTING TOTAL TIME: 4.604 ####
#### TIME #### TERMINO #### 85296.749 ####
#### FINITO #### TERMINO #### NO-VA-MAS ####
#### TIMES #### modelling TOTAL TOTAL ==>> 85296.749 seconds
#### #### READING DATA FILES #### ####
499 511 #### COMBI [reg, sid, ban, sec, men, med, sum, aci, bet, npp, hfq, htp, hhh, aei] METRICS ####
('Plantation', '/home/vargas/repos/forests-sounds-vargas/out/data/extraction/Plantation/2_00_PSA0010-2010_dict_y_split_7_2512283_1736694580.pkl')
(297840, 14) Index(['reg', 'sid', 'ban', 'sec', 'men', 'med', 'sum', 'aci', 'bet', 'npp',
       'hfq'],
      dtype='object') Index(['sec', 'men', 'med', 'sum', 'aci', 'bet', 'npp', 'hfq', 'htp', 'hhh',
       'aei'],
      dtype='object')
#### MERGE 68 merge_data Dataframe shape: (297840, 14) #### time: 628
#### #### SPLIT TRAIN TEST #### ####
#### CLASSES: [0 1 2 3] TOTAL 4
#### SPLIT train_test_split and CUDA: ??? cuda:0 #### time: 35
#### MODELS - TOTAL 1 ####
#### EPOCHS 11 ####
#### TRAINING MODELS ####
#### TRAINING MODEL ResNet1D ####
#### prediction torch.Size([192, 4])
Epoch [10/11] Step [33/1241] Loss: 0.2041 Time: 497.337
#### prediction torch.Size([192, 4])
Epoch [10/11] Step [66/1241] Loss: 0.1959 Time: 498.798
#### prediction torch.Size([192, 4])
Epoch [10/11] Step [99/1241] Loss: 0.2199 Time: 500.261
#### prediction torch.Size([192, 4])
Epoch [10/11] Step [132/1241] Loss: 0.2407 Time: 501.731
#### prediction torch.Size([192, 4])
Epoch [10/11] Step [165/1241] Loss: 0.2083 Time: 503.192
#### prediction torch.Size([192, 4])
Epoch [10/11] Step [198/1241] Loss: 0.2118 Time: 504.654
#### prediction torch.Size([192, 4])
Epoch [10/11] Step [231/1241] Loss: 0.1817 Time: 506.116
#### prediction torch.Size([192, 4])
Epoch [10/11] Step [264/1241] Loss: 0.1971 Time: 507.577
#### prediction torch.Size([192, 4])
Epoch [10/11] Step [297/1241] Loss: 0.1284 Time: 509.038
#### prediction torch.Size([192, 4])
Epoch [10/11] Step [330/1241] Loss: 0.2102 Time: 510.499
#### prediction torch.Size([192, 4])
Epoch [10/11] Step [363/1241] Loss: 0.1377 Time: 511.962
#### prediction torch.Size([192, 4])
Epoch [10/11] Step [396/1241] Loss: 0.2142 Time: 513.423
#### prediction torch.Size([192, 4])
Epoch [10/11] Step [429/1241] Loss: 0.1875 Time: 514.885
#### prediction torch.Size([192, 4])
Epoch [10/11] Step [462/1241] Loss: 0.2624 Time: 516.347
#### prediction torch.Size([192, 4])
Epoch [10/11] Step [495/1241] Loss: 0.1672 Time: 517.808
#### prediction torch.Size([192, 4])
Epoch [10/11] Step [528/1241] Loss: 0.2051 Time: 519.268
#### prediction torch.Size([192, 4])
Epoch [10/11] Step [561/1241] Loss: 0.1955 Time: 520.73
#### prediction torch.Size([192, 4])
Epoch [10/11] Step [594/1241] Loss: 0.1661 Time: 522.191
#### prediction torch.Size([192, 4])
Epoch [10/11] Step [627/1241] Loss: 0.2199 Time: 523.654
#### prediction torch.Size([192, 4])
Epoch [10/11] Step [660/1241] Loss: 0.2322 Time: 525.115
#### prediction torch.Size([192, 4])
Epoch [10/11] Step [693/1241] Loss: 0.1589 Time: 526.577
#### prediction torch.Size([192, 4])
Epoch [10/11] Step [726/1241] Loss: 0.2222 Time: 528.039
#### prediction torch.Size([192, 4])
Epoch [10/11] Step [759/1241] Loss: 0.1869 Time: 529.502
#### prediction torch.Size([192, 4])
Epoch [10/11] Step [792/1241] Loss: 0.2598 Time: 530.969
#### prediction torch.Size([192, 4])
Epoch [10/11] Step [825/1241] Loss: 0.1987 Time: 532.44
#### prediction torch.Size([192, 4])
Epoch [10/11] Step [858/1241] Loss: 0.1612 Time: 533.902
#### prediction torch.Size([192, 4])
Epoch [10/11] Step [891/1241] Loss: 0.1918 Time: 535.364
#### prediction torch.Size([192, 4])
Epoch [10/11] Step [924/1241] Loss: 0.2079 Time: 536.826
#### prediction torch.Size([192, 4])
Epoch [10/11] Step [957/1241] Loss: 0.2103 Time: 538.288
#### prediction torch.Size([192, 4])
Epoch [10/11] Step [990/1241] Loss: 0.2013 Time: 539.749
#### prediction torch.Size([192, 4])
Epoch [10/11] Step [1023/1241] Loss: 0.1601 Time: 541.211
#### prediction torch.Size([192, 4])
Epoch [10/11] Step [1056/1241] Loss: 0.1832 Time: 542.672
#### prediction torch.Size([192, 4])
Epoch [10/11] Step [1089/1241] Loss: 0.2056 Time: 544.132
#### prediction torch.Size([192, 4])
Epoch [10/11] Step [1122/1241] Loss: 0.2425 Time: 545.595
#### prediction torch.Size([192, 4])
Epoch [10/11] Step [1155/1241] Loss: 0.1932 Time: 547.057
#### prediction torch.Size([192, 4])
Epoch [10/11] Step [1188/1241] Loss: 0.2368 Time: 548.518
#### prediction torch.Size([192, 4])
Epoch [10/11] Step [1221/1241] Loss: 0.2294 Time: 549.979
#### TRAINED MODEL ResNet1D model training time: 606.054 total training time: 609.168 ####
#### TRAINING TOTAL TIME: 606.054 ####
Accuracy of the ResNet1D model on the test set: 85.942117 %
#### TESTING TOTAL TIME: 4.571 ####
#### TIME #### TERMINO #### 85957.806 ####
#### FINITO #### TERMINO #### NO-VA-MAS ####
#### TIMES #### modelling TOTAL TOTAL ==>> 85957.806 seconds
#### #### READING DATA FILES #### ####
500 511 #### COMBI [reg, sid, ban, sec, men, med, sum, aci, mmm, npp, hfq, htp, hhh, aei] METRICS ####
('Plantation', '/home/vargas/repos/forests-sounds-vargas/out/data/extraction/Plantation/2_00_PSA0010-2010_dict_y_split_7_2512283_1736694580.pkl')
(297840, 14) Index(['reg', 'sid', 'ban', 'sec', 'men', 'med', 'sum', 'aci', 'mmm', 'npp',
       'hfq'],
      dtype='object') Index(['sec', 'men', 'med', 'sum', 'aci', 'mmm', 'npp', 'hfq', 'htp', 'hhh',
       'aei'],
      dtype='object')
#### MERGE 68 merge_data Dataframe shape: (297840, 14) #### time: 625
#### #### SPLIT TRAIN TEST #### ####
#### CLASSES: [0 1 2 3] TOTAL 4
#### SPLIT train_test_split and CUDA: ??? cuda:0 #### time: 35
#### MODELS - TOTAL 1 ####
#### EPOCHS 11 ####
#### TRAINING MODELS ####
#### TRAINING MODEL ResNet1D ####
#### prediction torch.Size([192, 4])
Epoch [10/11] Step [33/1241] Loss: 0.2600 Time: 497.237
#### prediction torch.Size([192, 4])
Epoch [10/11] Step [66/1241] Loss: 0.2073 Time: 498.699
#### prediction torch.Size([192, 4])
Epoch [10/11] Step [99/1241] Loss: 0.2571 Time: 500.166
#### prediction torch.Size([192, 4])
Epoch [10/11] Step [132/1241] Loss: 0.3245 Time: 501.636
#### prediction torch.Size([192, 4])
Epoch [10/11] Step [165/1241] Loss: 0.2479 Time: 503.099
#### prediction torch.Size([192, 4])
Epoch [10/11] Step [198/1241] Loss: 0.2622 Time: 504.563
#### prediction torch.Size([192, 4])
Epoch [10/11] Step [231/1241] Loss: 0.2738 Time: 506.026
#### prediction torch.Size([192, 4])
Epoch [10/11] Step [264/1241] Loss: 0.2084 Time: 507.488
#### prediction torch.Size([192, 4])
Epoch [10/11] Step [297/1241] Loss: 0.2808 Time: 508.952
#### prediction torch.Size([192, 4])
Epoch [10/11] Step [330/1241] Loss: 0.2573 Time: 510.415
#### prediction torch.Size([192, 4])
Epoch [10/11] Step [363/1241] Loss: 0.2012 Time: 511.878
#### prediction torch.Size([192, 4])
Epoch [10/11] Step [396/1241] Loss: 0.2005 Time: 513.341
#### prediction torch.Size([192, 4])
Epoch [10/11] Step [429/1241] Loss: 0.2156 Time: 514.805
#### prediction torch.Size([192, 4])
Epoch [10/11] Step [462/1241] Loss: 0.2642 Time: 516.268
#### prediction torch.Size([192, 4])
Epoch [10/11] Step [495/1241] Loss: 0.2523 Time: 517.732
#### prediction torch.Size([192, 4])
Epoch [10/11] Step [528/1241] Loss: 0.2720 Time: 519.195
#### prediction torch.Size([192, 4])
Epoch [10/11] Step [561/1241] Loss: 0.2883 Time: 520.657
#### prediction torch.Size([192, 4])
Epoch [10/11] Step [594/1241] Loss: 0.3098 Time: 522.122
#### prediction torch.Size([192, 4])
Epoch [10/11] Step [627/1241] Loss: 0.1857 Time: 523.584
#### prediction torch.Size([192, 4])
Epoch [10/11] Step [660/1241] Loss: 0.2205 Time: 525.046
#### prediction torch.Size([192, 4])
Epoch [10/11] Step [693/1241] Loss: 0.2596 Time: 526.51
#### prediction torch.Size([192, 4])
Epoch [10/11] Step [726/1241] Loss: 0.2464 Time: 527.974
#### prediction torch.Size([192, 4])
Epoch [10/11] Step [759/1241] Loss: 0.1955 Time: 529.607
#### prediction torch.Size([192, 4])
Epoch [10/11] Step [792/1241] Loss: 0.3028 Time: 531.083
#### prediction torch.Size([192, 4])
Epoch [10/11] Step [825/1241] Loss: 0.2700 Time: 532.547
#### prediction torch.Size([192, 4])
Epoch [10/11] Step [858/1241] Loss: 0.2434 Time: 534.01
#### prediction torch.Size([192, 4])
Epoch [10/11] Step [891/1241] Loss: 0.2795 Time: 535.473
#### prediction torch.Size([192, 4])
Epoch [10/11] Step [924/1241] Loss: 0.1936 Time: 536.936
#### prediction torch.Size([192, 4])
Epoch [10/11] Step [957/1241] Loss: 0.1946 Time: 538.402
#### prediction torch.Size([192, 4])
Epoch [10/11] Step [990/1241] Loss: 0.2425 Time: 539.864
#### prediction torch.Size([192, 4])
Epoch [10/11] Step [1023/1241] Loss: 0.1844 Time: 541.326
#### prediction torch.Size([192, 4])
Epoch [10/11] Step [1056/1241] Loss: 0.3813 Time: 542.79
#### prediction torch.Size([192, 4])
Epoch [10/11] Step [1089/1241] Loss: 0.1887 Time: 544.254
#### prediction torch.Size([192, 4])
Epoch [10/11] Step [1122/1241] Loss: 0.3456 Time: 545.719
#### prediction torch.Size([192, 4])
Epoch [10/11] Step [1155/1241] Loss: 0.2346 Time: 547.183
#### prediction torch.Size([192, 4])
Epoch [10/11] Step [1188/1241] Loss: 0.1969 Time: 548.646
#### prediction torch.Size([192, 4])
Epoch [10/11] Step [1221/1241] Loss: 0.2752 Time: 550.109
#### TRAINED MODEL ResNet1D model training time: 606.072 total training time: 609.344 ####
#### TRAINING TOTAL TIME: 606.073 ####
Accuracy of the ResNet1D model on the test set: 88.656661 %
#### TESTING TOTAL TIME: 4.575 ####
#### TIME #### TERMINO #### 86618.215 ####
#### FINITO #### TERMINO #### NO-VA-MAS ####
#### TIMES #### modelling TOTAL TOTAL ==>> 86618.215 seconds
#### #### READING DATA FILES #### ####
501 511 #### COMBI [reg, sid, ban, sec, men, med, sum, bet, mmm, npp, hfq, htp, hhh, aei] METRICS ####
('Plantation', '/home/vargas/repos/forests-sounds-vargas/out/data/extraction/Plantation/2_00_PSA0010-2010_dict_y_split_7_2512283_1736694580.pkl')
(297840, 14) Index(['reg', 'sid', 'ban', 'sec', 'men', 'med', 'sum', 'bet', 'mmm', 'npp',
       'hfq'],
      dtype='object') Index(['sec', 'men', 'med', 'sum', 'bet', 'mmm', 'npp', 'hfq', 'htp', 'hhh',
       'aei'],
      dtype='object')
#### MERGE 68 merge_data Dataframe shape: (297840, 14) #### time: 627
#### #### SPLIT TRAIN TEST #### ####
#### CLASSES: [0 1 2 3] TOTAL 4
#### SPLIT train_test_split and CUDA: ??? cuda:0 #### time: 35
#### MODELS - TOTAL 1 ####
#### EPOCHS 11 ####
#### TRAINING MODELS ####
#### TRAINING MODEL ResNet1D ####
#### prediction torch.Size([192, 4])
Epoch [10/11] Step [33/1241] Loss: 0.1188 Time: 498.54
#### prediction torch.Size([192, 4])
Epoch [10/11] Step [66/1241] Loss: 0.0455 Time: 499.999
#### prediction torch.Size([192, 4])
Epoch [10/11] Step [99/1241] Loss: 0.0519 Time: 501.461
#### prediction torch.Size([192, 4])
Epoch [10/11] Step [132/1241] Loss: 0.1101 Time: 502.922
#### prediction torch.Size([192, 4])
Epoch [10/11] Step [165/1241] Loss: 0.0854 Time: 504.382
#### prediction torch.Size([192, 4])
Epoch [10/11] Step [198/1241] Loss: 0.1335 Time: 505.842
#### prediction torch.Size([192, 4])
Epoch [10/11] Step [231/1241] Loss: 0.0781 Time: 507.305
#### prediction torch.Size([192, 4])
Epoch [10/11] Step [264/1241] Loss: 0.0765 Time: 508.765
#### prediction torch.Size([192, 4])
Epoch [10/11] Step [297/1241] Loss: 0.0794 Time: 510.226
#### prediction torch.Size([192, 4])
Epoch [10/11] Step [330/1241] Loss: 0.0600 Time: 511.687
#### prediction torch.Size([192, 4])
Epoch [10/11] Step [363/1241] Loss: 0.0525 Time: 513.148
#### prediction torch.Size([192, 4])
Epoch [10/11] Step [396/1241] Loss: 0.0944 Time: 514.608
#### prediction torch.Size([192, 4])
Epoch [10/11] Step [429/1241] Loss: 0.0533 Time: 516.069
#### prediction torch.Size([192, 4])
Epoch [10/11] Step [462/1241] Loss: 0.0677 Time: 517.529
#### prediction torch.Size([192, 4])
Epoch [10/11] Step [495/1241] Loss: 0.1449 Time: 518.99
#### prediction torch.Size([192, 4])
Epoch [10/11] Step [528/1241] Loss: 0.0503 Time: 520.451
#### prediction torch.Size([192, 4])
Epoch [10/11] Step [561/1241] Loss: 0.1060 Time: 521.912
#### prediction torch.Size([192, 4])
Epoch [10/11] Step [594/1241] Loss: 0.0863 Time: 523.373
#### prediction torch.Size([192, 4])
Epoch [10/11] Step [627/1241] Loss: 0.1246 Time: 524.833
#### prediction torch.Size([192, 4])
Epoch [10/11] Step [660/1241] Loss: 0.0626 Time: 526.294
#### prediction torch.Size([192, 4])
Epoch [10/11] Step [693/1241] Loss: 0.0275 Time: 527.758
#### prediction torch.Size([192, 4])
Epoch [10/11] Step [726/1241] Loss: 0.0690 Time: 529.225
#### prediction torch.Size([192, 4])
Epoch [10/11] Step [759/1241] Loss: 0.0344 Time: 530.686
#### prediction torch.Size([192, 4])
Epoch [10/11] Step [792/1241] Loss: 0.1200 Time: 532.148
#### prediction torch.Size([192, 4])
Epoch [10/11] Step [825/1241] Loss: 0.0535 Time: 533.61
#### prediction torch.Size([192, 4])
Epoch [10/11] Step [858/1241] Loss: 0.0708 Time: 535.071
#### prediction torch.Size([192, 4])
Epoch [10/11] Step [891/1241] Loss: 0.1107 Time: 536.532
#### prediction torch.Size([192, 4])
Epoch [10/11] Step [924/1241] Loss: 0.0510 Time: 537.992
#### prediction torch.Size([192, 4])
Epoch [10/11] Step [957/1241] Loss: 0.0824 Time: 539.452
#### prediction torch.Size([192, 4])
Epoch [10/11] Step [990/1241] Loss: 0.0539 Time: 540.912
#### prediction torch.Size([192, 4])
Epoch [10/11] Step [1023/1241] Loss: 0.0921 Time: 542.374
#### prediction torch.Size([192, 4])
Epoch [10/11] Step [1056/1241] Loss: 0.0328 Time: 543.835
#### prediction torch.Size([192, 4])
Epoch [10/11] Step [1089/1241] Loss: 0.0425 Time: 545.296
#### prediction torch.Size([192, 4])
Epoch [10/11] Step [1122/1241] Loss: 0.0487 Time: 546.757
#### prediction torch.Size([192, 4])
Epoch [10/11] Step [1155/1241] Loss: 0.0665 Time: 548.218
#### prediction torch.Size([192, 4])
Epoch [10/11] Step [1188/1241] Loss: 0.0795 Time: 549.68
#### prediction torch.Size([192, 4])
Epoch [10/11] Step [1221/1241] Loss: 0.0772 Time: 551.141
#### TRAINED MODEL ResNet1D model training time: 607.235 total training time: 610.45 ####
#### TRAINING TOTAL TIME: 607.235 ####
Accuracy of the ResNet1D model on the test set: 89.507789 %
#### TESTING TOTAL TIME: 4.583 ####
#### TIME #### TERMINO #### 87282.216 ####
#### FINITO #### TERMINO #### NO-VA-MAS ####
#### TIMES #### modelling TOTAL TOTAL ==>> 87282.216 seconds
#### #### READING DATA FILES #### ####
502 511 #### COMBI [reg, sid, ban, sec, men, med, sum, max, aci, bet, mmm, npp, hfq, htp, hhh] METRICS ####
('Plantation', '/home/vargas/repos/forests-sounds-vargas/out/data/extraction/Plantation/2_00_PSA0010-2010_dict_y_split_7_2512283_1736694580.pkl')
(297840, 15) Index(['reg', 'sid', 'ban', 'sec', 'men', 'med', 'sum', 'max', 'aci', 'bet',
       'mmm'],
      dtype='object') Index(['men', 'med', 'sum', 'max', 'aci', 'bet', 'mmm', 'npp', 'hfq', 'htp',
       'hhh'],
      dtype='object')
#### MERGE 68 merge_data Dataframe shape: (297840, 15) #### time: 629
#### #### SPLIT TRAIN TEST #### ####
#### CLASSES: [0 1 2 3] TOTAL 4
#### SPLIT train_test_split and CUDA: ??? cuda:0 #### time: 35
#### MODELS - TOTAL 1 ####
#### EPOCHS 11 ####
#### TRAINING MODELS ####
#### TRAINING MODEL ResNet1D ####
#### prediction torch.Size([192, 4])
Epoch [10/11] Step [33/1241] Loss: 0.1648 Time: 499.718
#### prediction torch.Size([192, 4])
Epoch [10/11] Step [66/1241] Loss: 0.2414 Time: 501.186
#### prediction torch.Size([192, 4])
Epoch [10/11] Step [99/1241] Loss: 0.2049 Time: 502.655
#### prediction torch.Size([192, 4])
Epoch [10/11] Step [132/1241] Loss: 0.1477 Time: 504.137
#### prediction torch.Size([192, 4])
Epoch [10/11] Step [165/1241] Loss: 0.2274 Time: 505.605
#### prediction torch.Size([192, 4])
Epoch [10/11] Step [198/1241] Loss: 0.3680 Time: 507.073
#### prediction torch.Size([192, 4])
Epoch [10/11] Step [231/1241] Loss: 0.1585 Time: 508.542
#### prediction torch.Size([192, 4])
Epoch [10/11] Step [264/1241] Loss: 0.2234 Time: 510.013
#### prediction torch.Size([192, 4])
Epoch [10/11] Step [297/1241] Loss: 0.2070 Time: 511.482
#### prediction torch.Size([192, 4])
Epoch [10/11] Step [330/1241] Loss: 0.1416 Time: 512.95
#### prediction torch.Size([192, 4])
Epoch [10/11] Step [363/1241] Loss: 0.2543 Time: 514.418
#### prediction torch.Size([192, 4])
Epoch [10/11] Step [396/1241] Loss: 0.2228 Time: 516.08
#### prediction torch.Size([192, 4])
Epoch [10/11] Step [429/1241] Loss: 0.2567 Time: 517.548
#### prediction torch.Size([192, 4])
Epoch [10/11] Step [462/1241] Loss: 0.2220 Time: 519.017
#### prediction torch.Size([192, 4])
Epoch [10/11] Step [495/1241] Loss: 0.2732 Time: 520.486
#### prediction torch.Size([192, 4])
Epoch [10/11] Step [528/1241] Loss: 0.2250 Time: 521.953
#### prediction torch.Size([192, 4])
Epoch [10/11] Step [561/1241] Loss: 0.2299 Time: 523.423
#### prediction torch.Size([192, 4])
Epoch [10/11] Step [594/1241] Loss: 0.1929 Time: 524.899
#### prediction torch.Size([192, 4])
Epoch [10/11] Step [627/1241] Loss: 0.2376 Time: 526.367
#### prediction torch.Size([192, 4])
Epoch [10/11] Step [660/1241] Loss: 0.2056 Time: 527.836
#### prediction torch.Size([192, 4])
Epoch [10/11] Step [693/1241] Loss: 0.1542 Time: 529.306
#### prediction torch.Size([192, 4])
Epoch [10/11] Step [726/1241] Loss: 0.2342 Time: 530.774
#### prediction torch.Size([192, 4])
Epoch [10/11] Step [759/1241] Loss: 0.2947 Time: 532.243
#### prediction torch.Size([192, 4])
Epoch [10/11] Step [792/1241] Loss: 0.2930 Time: 533.711
#### prediction torch.Size([192, 4])
Epoch [10/11] Step [825/1241] Loss: 0.5140 Time: 535.179
#### prediction torch.Size([192, 4])
Epoch [10/11] Step [858/1241] Loss: 0.5475 Time: 536.647
#### prediction torch.Size([192, 4])
Epoch [10/11] Step [891/1241] Loss: 0.2892 Time: 538.115
#### prediction torch.Size([192, 4])
Epoch [10/11] Step [924/1241] Loss: 0.2639 Time: 539.587
#### prediction torch.Size([192, 4])
Epoch [10/11] Step [957/1241] Loss: 0.2475 Time: 541.055
#### prediction torch.Size([192, 4])
Epoch [10/11] Step [990/1241] Loss: 0.2110 Time: 542.524
#### prediction torch.Size([192, 4])
Epoch [10/11] Step [1023/1241] Loss: 0.2595 Time: 543.992
#### prediction torch.Size([192, 4])
Epoch [10/11] Step [1056/1241] Loss: 0.2124 Time: 545.462
#### prediction torch.Size([192, 4])
Epoch [10/11] Step [1089/1241] Loss: 0.2594 Time: 546.931
#### prediction torch.Size([192, 4])
Epoch [10/11] Step [1122/1241] Loss: 0.2081 Time: 548.399
#### prediction torch.Size([192, 4])
Epoch [10/11] Step [1155/1241] Loss: 0.3069 Time: 549.868
#### prediction torch.Size([192, 4])
Epoch [10/11] Step [1188/1241] Loss: 0.1921 Time: 551.336
#### prediction torch.Size([192, 4])
Epoch [10/11] Step [1221/1241] Loss: 0.1722 Time: 552.804
#### TRAINED MODEL ResNet1D model training time: 608.985 total training time: 612.362 ####
#### TRAINING TOTAL TIME: 608.986 ####
Accuracy of the ResNet1D model on the test set: 87.981802 %
#### TESTING TOTAL TIME: 4.773 ####
#### TIME #### TERMINO #### 87948.404 ####
#### FINITO #### TERMINO #### NO-VA-MAS ####
#### TIMES #### modelling TOTAL TOTAL ==>> 87948.404 seconds
#### #### READING DATA FILES #### ####
503 511 #### COMBI [reg, sid, ban, sec, men, med, sum, max, aci, bet, mmm, npp, hfq, htp, aei] METRICS ####
('Plantation', '/home/vargas/repos/forests-sounds-vargas/out/data/extraction/Plantation/2_00_PSA0010-2010_dict_y_split_7_2512283_1736694580.pkl')
(297840, 15) Index(['reg', 'sid', 'ban', 'sec', 'men', 'med', 'sum', 'max', 'aci', 'bet',
       'mmm'],
      dtype='object') Index(['men', 'med', 'sum', 'max', 'aci', 'bet', 'mmm', 'npp', 'hfq', 'htp',
       'aei'],
      dtype='object')
#### MERGE 68 merge_data Dataframe shape: (297840, 15) #### time: 629
#### #### SPLIT TRAIN TEST #### ####
#### CLASSES: [0 1 2 3] TOTAL 4
#### SPLIT train_test_split and CUDA: ??? cuda:0 #### time: 35
#### MODELS - TOTAL 1 ####
#### EPOCHS 11 ####
#### TRAINING MODELS ####
#### TRAINING MODEL ResNet1D ####
#### prediction torch.Size([192, 4])
Epoch [10/11] Step [33/1241] Loss: 0.2642 Time: 497.456
#### prediction torch.Size([192, 4])
Epoch [10/11] Step [66/1241] Loss: 0.2786 Time: 498.921
#### prediction torch.Size([192, 4])
Epoch [10/11] Step [99/1241] Loss: 0.2165 Time: 500.385
#### prediction torch.Size([192, 4])
Epoch [10/11] Step [132/1241] Loss: 0.1729 Time: 501.849
#### prediction torch.Size([192, 4])
Epoch [10/11] Step [165/1241] Loss: 0.2003 Time: 503.313
#### prediction torch.Size([192, 4])
Epoch [10/11] Step [198/1241] Loss: 0.3046 Time: 504.776
#### prediction torch.Size([192, 4])
Epoch [10/11] Step [231/1241] Loss: 0.1872 Time: 506.242
#### prediction torch.Size([192, 4])
Epoch [10/11] Step [264/1241] Loss: 0.2116 Time: 507.705
#### prediction torch.Size([192, 4])
Epoch [10/11] Step [297/1241] Loss: 0.2037 Time: 509.169
#### prediction torch.Size([192, 4])
Epoch [10/11] Step [330/1241] Loss: 0.2016 Time: 510.633
#### prediction torch.Size([192, 4])
Epoch [10/11] Step [363/1241] Loss: 0.1677 Time: 512.098
#### prediction torch.Size([192, 4])
Epoch [10/11] Step [396/1241] Loss: 0.2195 Time: 513.561
#### prediction torch.Size([192, 4])
Epoch [10/11] Step [429/1241] Loss: 0.2974 Time: 515.026
#### prediction torch.Size([192, 4])
Epoch [10/11] Step [462/1241] Loss: 0.1728 Time: 516.49
#### prediction torch.Size([192, 4])
Epoch [10/11] Step [495/1241] Loss: 0.1471 Time: 517.954
#### prediction torch.Size([192, 4])
Epoch [10/11] Step [528/1241] Loss: 0.1648 Time: 519.423
#### prediction torch.Size([192, 4])
Epoch [10/11] Step [561/1241] Loss: 0.1483 Time: 520.898
#### prediction torch.Size([192, 4])
Epoch [10/11] Step [594/1241] Loss: 0.2337 Time: 522.362
#### prediction torch.Size([192, 4])
Epoch [10/11] Step [627/1241] Loss: 0.2396 Time: 523.825
#### prediction torch.Size([192, 4])
Epoch [10/11] Step [660/1241] Loss: 0.2669 Time: 525.289
#### prediction torch.Size([192, 4])
Epoch [10/11] Step [693/1241] Loss: 0.1741 Time: 526.753
#### prediction torch.Size([192, 4])
Epoch [10/11] Step [726/1241] Loss: 0.1859 Time: 528.217
#### prediction torch.Size([192, 4])
Epoch [10/11] Step [759/1241] Loss: 0.2482 Time: 529.681
#### prediction torch.Size([192, 4])
Epoch [10/11] Step [792/1241] Loss: 0.2007 Time: 531.145
#### prediction torch.Size([192, 4])
Epoch [10/11] Step [825/1241] Loss: 0.1768 Time: 532.609
#### prediction torch.Size([192, 4])
Epoch [10/11] Step [858/1241] Loss: 0.2463 Time: 534.073
#### prediction torch.Size([192, 4])
Epoch [10/11] Step [891/1241] Loss: 0.1835 Time: 535.537
#### prediction torch.Size([192, 4])
Epoch [10/11] Step [924/1241] Loss: 0.2526 Time: 537.0
#### prediction torch.Size([192, 4])
Epoch [10/11] Step [957/1241] Loss: 0.1732 Time: 538.464
#### prediction torch.Size([192, 4])
Epoch [10/11] Step [990/1241] Loss: 0.2814 Time: 539.928
#### prediction torch.Size([192, 4])
Epoch [10/11] Step [1023/1241] Loss: 0.2158 Time: 541.392
#### prediction torch.Size([192, 4])
Epoch [10/11] Step [1056/1241] Loss: 0.1637 Time: 542.855
#### prediction torch.Size([192, 4])
Epoch [10/11] Step [1089/1241] Loss: 0.2359 Time: 544.318
#### prediction torch.Size([192, 4])
Epoch [10/11] Step [1122/1241] Loss: 0.1858 Time: 545.781
#### prediction torch.Size([192, 4])
Epoch [10/11] Step [1155/1241] Loss: 0.2457 Time: 547.245
#### prediction torch.Size([192, 4])
Epoch [10/11] Step [1188/1241] Loss: 0.2138 Time: 548.709
#### prediction torch.Size([192, 4])
Epoch [10/11] Step [1221/1241] Loss: 0.2339 Time: 550.355
#### TRAINED MODEL ResNet1D model training time: 606.35 total training time: 609.546 ####
#### TRAINING TOTAL TIME: 606.351 ####
Accuracy of the ResNet1D model on the test set: 89.840183 %
#### TESTING TOTAL TIME: 4.61 ####
#### TIME #### TERMINO #### 88609.895 ####
#### FINITO #### TERMINO #### NO-VA-MAS ####
#### TIMES #### modelling TOTAL TOTAL ==>> 88609.895 seconds
#### #### READING DATA FILES #### ####
504 511 #### COMBI [reg, sid, ban, sec, men, med, sum, max, aci, bet, mmm, npp, hfq, hhh, aei] METRICS ####
('Plantation', '/home/vargas/repos/forests-sounds-vargas/out/data/extraction/Plantation/2_00_PSA0010-2010_dict_y_split_7_2512283_1736694580.pkl')
(297840, 15) Index(['reg', 'sid', 'ban', 'sec', 'men', 'med', 'sum', 'max', 'aci', 'bet',
       'mmm'],
      dtype='object') Index(['men', 'med', 'sum', 'max', 'aci', 'bet', 'mmm', 'npp', 'hfq', 'hhh',
       'aei'],
      dtype='object')
#### MERGE 68 merge_data Dataframe shape: (297840, 15) #### time: 625
#### #### SPLIT TRAIN TEST #### ####
#### CLASSES: [0 1 2 3] TOTAL 4
#### SPLIT train_test_split and CUDA: ??? cuda:0 #### time: 35
#### MODELS - TOTAL 1 ####
#### EPOCHS 11 ####
#### TRAINING MODELS ####
#### TRAINING MODEL ResNet1D ####
#### prediction torch.Size([192, 4])
Epoch [10/11] Step [33/1241] Loss: 0.1690 Time: 499.181
#### prediction torch.Size([192, 4])
Epoch [10/11] Step [66/1241] Loss: 0.1683 Time: 500.654
#### prediction torch.Size([192, 4])
Epoch [10/11] Step [99/1241] Loss: 0.1965 Time: 502.127
#### prediction torch.Size([192, 4])
Epoch [10/11] Step [132/1241] Loss: 0.1833 Time: 503.596
#### prediction torch.Size([192, 4])
Epoch [10/11] Step [165/1241] Loss: 0.1796 Time: 505.063
#### prediction torch.Size([192, 4])
Epoch [10/11] Step [198/1241] Loss: 0.1860 Time: 506.53
#### prediction torch.Size([192, 4])
Epoch [10/11] Step [231/1241] Loss: 0.2055 Time: 508.005
#### prediction torch.Size([192, 4])
Epoch [10/11] Step [264/1241] Loss: 0.2224 Time: 509.479
#### prediction torch.Size([192, 4])
Epoch [10/11] Step [297/1241] Loss: 0.2327 Time: 510.953
#### prediction torch.Size([192, 4])
Epoch [10/11] Step [330/1241] Loss: 0.1685 Time: 512.42
#### prediction torch.Size([192, 4])
Epoch [10/11] Step [363/1241] Loss: 0.1802 Time: 513.889
#### prediction torch.Size([192, 4])
Epoch [10/11] Step [396/1241] Loss: 0.2773 Time: 515.36
#### prediction torch.Size([192, 4])
Epoch [10/11] Step [429/1241] Loss: 0.1633 Time: 516.833
#### prediction torch.Size([192, 4])
Epoch [10/11] Step [462/1241] Loss: 0.1913 Time: 518.313
#### prediction torch.Size([192, 4])
Epoch [10/11] Step [495/1241] Loss: 0.2253 Time: 519.792
#### prediction torch.Size([192, 4])
Epoch [10/11] Step [528/1241] Loss: 0.1850 Time: 521.265
#### prediction torch.Size([192, 4])
Epoch [10/11] Step [561/1241] Loss: 0.1477 Time: 522.737
#### prediction torch.Size([192, 4])
Epoch [10/11] Step [594/1241] Loss: 0.2619 Time: 524.21
#### prediction torch.Size([192, 4])
Epoch [10/11] Step [627/1241] Loss: 0.2439 Time: 525.684
#### prediction torch.Size([192, 4])
Epoch [10/11] Step [660/1241] Loss: 0.2851 Time: 527.156
#### prediction torch.Size([192, 4])
Epoch [10/11] Step [693/1241] Loss: 0.2783 Time: 528.627
#### prediction torch.Size([192, 4])
Epoch [10/11] Step [726/1241] Loss: 0.2510 Time: 530.098
#### prediction torch.Size([192, 4])
Epoch [10/11] Step [759/1241] Loss: 0.3775 Time: 531.571
#### prediction torch.Size([192, 4])
Epoch [10/11] Step [792/1241] Loss: 0.2036 Time: 533.044
#### prediction torch.Size([192, 4])
Epoch [10/11] Step [825/1241] Loss: 0.1576 Time: 534.516
#### prediction torch.Size([192, 4])
Epoch [10/11] Step [858/1241] Loss: 0.1906 Time: 535.99
#### prediction torch.Size([192, 4])
Epoch [10/11] Step [891/1241] Loss: 0.2328 Time: 537.465
#### prediction torch.Size([192, 4])
Epoch [10/11] Step [924/1241] Loss: 0.1430 Time: 538.937
#### prediction torch.Size([192, 4])
Epoch [10/11] Step [957/1241] Loss: 0.2012 Time: 540.41
#### prediction torch.Size([192, 4])
Epoch [10/11] Step [990/1241] Loss: 0.1835 Time: 541.884
#### prediction torch.Size([192, 4])
Epoch [10/11] Step [1023/1241] Loss: 0.2733 Time: 543.357
#### prediction torch.Size([192, 4])
Epoch [10/11] Step [1056/1241] Loss: 0.1919 Time: 544.827
#### prediction torch.Size([192, 4])
Epoch [10/11] Step [1089/1241] Loss: 0.2325 Time: 546.297
#### prediction torch.Size([192, 4])
Epoch [10/11] Step [1122/1241] Loss: 0.2004 Time: 547.769
#### prediction torch.Size([192, 4])
Epoch [10/11] Step [1155/1241] Loss: 0.2919 Time: 549.25
#### prediction torch.Size([192, 4])
Epoch [10/11] Step [1188/1241] Loss: 0.2037 Time: 550.729
#### prediction torch.Size([192, 4])
Epoch [10/11] Step [1221/1241] Loss: 0.2488 Time: 552.2
#### TRAINED MODEL ResNet1D model training time: 608.648 total training time: 611.732 ####
#### TRAINING TOTAL TIME: 608.649 ####
Accuracy of the ResNet1D model on the test set: 86.672374 %
#### TESTING TOTAL TIME: 4.615 ####
#### TIME #### TERMINO #### 89273.237 ####
#### FINITO #### TERMINO #### NO-VA-MAS ####
#### TIMES #### modelling TOTAL TOTAL ==>> 89273.237 seconds
#### #### READING DATA FILES #### ####
505 511 #### COMBI [reg, sid, ban, sec, men, med, sum, max, aci, bet, mmm, npp, htp, hhh, aei] METRICS ####
('Plantation', '/home/vargas/repos/forests-sounds-vargas/out/data/extraction/Plantation/2_00_PSA0010-2010_dict_y_split_7_2512283_1736694580.pkl')
(297840, 15) Index(['reg', 'sid', 'ban', 'sec', 'men', 'med', 'sum', 'max', 'aci', 'bet',
       'mmm'],
      dtype='object') Index(['men', 'med', 'sum', 'max', 'aci', 'bet', 'mmm', 'npp', 'htp', 'hhh',
       'aei'],
      dtype='object')
#### MERGE 68 merge_data Dataframe shape: (297840, 15) #### time: 630
#### #### SPLIT TRAIN TEST #### ####
#### CLASSES: [0 1 2 3] TOTAL 4
#### SPLIT train_test_split and CUDA: ??? cuda:0 #### time: 35
#### MODELS - TOTAL 1 ####
#### EPOCHS 11 ####
#### TRAINING MODELS ####
#### TRAINING MODEL ResNet1D ####
#### prediction torch.Size([192, 4])
Epoch [10/11] Step [33/1241] Loss: 0.1656 Time: 497.364
#### prediction torch.Size([192, 4])
Epoch [10/11] Step [66/1241] Loss: 0.1750 Time: 498.826
#### prediction torch.Size([192, 4])
Epoch [10/11] Step [99/1241] Loss: 0.1956 Time: 500.288
#### prediction torch.Size([192, 4])
Epoch [10/11] Step [132/1241] Loss: 0.1963 Time: 501.748
#### prediction torch.Size([192, 4])
Epoch [10/11] Step [165/1241] Loss: 0.1743 Time: 503.21
#### prediction torch.Size([192, 4])
Epoch [10/11] Step [198/1241] Loss: 0.2302 Time: 504.671
#### prediction torch.Size([192, 4])
Epoch [10/11] Step [231/1241] Loss: 0.2455 Time: 506.13
#### prediction torch.Size([192, 4])
Epoch [10/11] Step [264/1241] Loss: 0.2878 Time: 507.592
#### prediction torch.Size([192, 4])
Epoch [10/11] Step [297/1241] Loss: 0.2614 Time: 509.053
#### prediction torch.Size([192, 4])
Epoch [10/11] Step [330/1241] Loss: 0.2247 Time: 510.515
#### prediction torch.Size([192, 4])
Epoch [10/11] Step [363/1241] Loss: 0.1821 Time: 511.982
#### prediction torch.Size([192, 4])
Epoch [10/11] Step [396/1241] Loss: 0.1434 Time: 513.452
#### prediction torch.Size([192, 4])
Epoch [10/11] Step [429/1241] Loss: 0.1904 Time: 514.919
#### prediction torch.Size([192, 4])
Epoch [10/11] Step [462/1241] Loss: 0.2262 Time: 516.379
#### prediction torch.Size([192, 4])
Epoch [10/11] Step [495/1241] Loss: 0.2163 Time: 517.84
#### prediction torch.Size([192, 4])
Epoch [10/11] Step [528/1241] Loss: 0.1736 Time: 519.301
#### prediction torch.Size([192, 4])
Epoch [10/11] Step [561/1241] Loss: 0.2130 Time: 520.761
#### prediction torch.Size([192, 4])
Epoch [10/11] Step [594/1241] Loss: 0.1687 Time: 522.222
#### prediction torch.Size([192, 4])
Epoch [10/11] Step [627/1241] Loss: 0.1705 Time: 523.683
#### prediction torch.Size([192, 4])
Epoch [10/11] Step [660/1241] Loss: 0.2044 Time: 525.145
#### prediction torch.Size([192, 4])
Epoch [10/11] Step [693/1241] Loss: 0.1436 Time: 526.606
#### prediction torch.Size([192, 4])
Epoch [10/11] Step [726/1241] Loss: 0.2404 Time: 528.241
#### prediction torch.Size([192, 4])
Epoch [10/11] Step [759/1241] Loss: 0.1705 Time: 529.702
#### prediction torch.Size([192, 4])
Epoch [10/11] Step [792/1241] Loss: 0.1861 Time: 531.163
#### prediction torch.Size([192, 4])
Epoch [10/11] Step [825/1241] Loss: 0.1857 Time: 532.623
#### prediction torch.Size([192, 4])
Epoch [10/11] Step [858/1241] Loss: 0.1607 Time: 534.085
#### prediction torch.Size([192, 4])
Epoch [10/11] Step [891/1241] Loss: 0.1638 Time: 535.545
#### prediction torch.Size([192, 4])
Epoch [10/11] Step [924/1241] Loss: 0.1754 Time: 537.006
#### prediction torch.Size([192, 4])
Epoch [10/11] Step [957/1241] Loss: 0.1482 Time: 538.467
#### prediction torch.Size([192, 4])
Epoch [10/11] Step [990/1241] Loss: 0.2204 Time: 539.928
#### prediction torch.Size([192, 4])
Epoch [10/11] Step [1023/1241] Loss: 0.1122 Time: 541.388
#### prediction torch.Size([192, 4])
Epoch [10/11] Step [1056/1241] Loss: 0.2741 Time: 542.859
#### prediction torch.Size([192, 4])
Epoch [10/11] Step [1089/1241] Loss: 0.1921 Time: 544.322
#### prediction torch.Size([192, 4])
Epoch [10/11] Step [1122/1241] Loss: 0.1749 Time: 545.782
#### prediction torch.Size([192, 4])
Epoch [10/11] Step [1155/1241] Loss: 0.1766 Time: 547.243
#### prediction torch.Size([192, 4])
Epoch [10/11] Step [1188/1241] Loss: 0.1648 Time: 548.704
#### prediction torch.Size([192, 4])
Epoch [10/11] Step [1221/1241] Loss: 0.1957 Time: 550.164
#### TRAINED MODEL ResNet1D model training time: 606.058 total training time: 609.573 ####
#### TRAINING TOTAL TIME: 606.059 ####
Accuracy of the ResNet1D model on the test set: 89.15693 %
#### TESTING TOTAL TIME: 4.575 ####
#### TIME #### TERMINO #### 89937.062 ####
#### FINITO #### TERMINO #### NO-VA-MAS ####
#### TIMES #### modelling TOTAL TOTAL ==>> 89937.062 seconds
#### #### READING DATA FILES #### ####
506 511 #### COMBI [reg, sid, ban, sec, men, med, sum, max, aci, bet, mmm, hfq, htp, hhh, aei] METRICS ####
('Plantation', '/home/vargas/repos/forests-sounds-vargas/out/data/extraction/Plantation/2_00_PSA0010-2010_dict_y_split_7_2512283_1736694580.pkl')
(297840, 15) Index(['reg', 'sid', 'ban', 'sec', 'men', 'med', 'sum', 'max', 'aci', 'bet',
       'mmm'],
      dtype='object') Index(['men', 'med', 'sum', 'max', 'aci', 'bet', 'mmm', 'hfq', 'htp', 'hhh',
       'aei'],
      dtype='object')
#### MERGE 68 merge_data Dataframe shape: (297840, 15) #### time: 625
#### #### SPLIT TRAIN TEST #### ####
#### CLASSES: [0 1 2 3] TOTAL 4
#### SPLIT train_test_split and CUDA: ??? cuda:0 #### time: 35
#### MODELS - TOTAL 1 ####
#### EPOCHS 11 ####
#### TRAINING MODELS ####
#### TRAINING MODEL ResNet1D ####
#### prediction torch.Size([192, 4])
Epoch [10/11] Step [33/1241] Loss: 0.2341 Time: 497.192
#### prediction torch.Size([192, 4])
Epoch [10/11] Step [66/1241] Loss: 0.2656 Time: 498.654
#### prediction torch.Size([192, 4])
Epoch [10/11] Step [99/1241] Loss: 0.2557 Time: 500.115
#### prediction torch.Size([192, 4])
Epoch [10/11] Step [132/1241] Loss: 0.1666 Time: 501.577
#### prediction torch.Size([192, 4])
Epoch [10/11] Step [165/1241] Loss: 0.1584 Time: 503.041
#### prediction torch.Size([192, 4])
Epoch [10/11] Step [198/1241] Loss: 0.1893 Time: 504.502
#### prediction torch.Size([192, 4])
Epoch [10/11] Step [231/1241] Loss: 0.2089 Time: 505.964
#### prediction torch.Size([192, 4])
Epoch [10/11] Step [264/1241] Loss: 0.1419 Time: 507.427
#### prediction torch.Size([192, 4])
Epoch [10/11] Step [297/1241] Loss: 0.2137 Time: 508.889
#### prediction torch.Size([192, 4])
Epoch [10/11] Step [330/1241] Loss: 0.2200 Time: 510.351
#### prediction torch.Size([192, 4])
Epoch [10/11] Step [363/1241] Loss: 0.2240 Time: 511.818
#### prediction torch.Size([192, 4])
Epoch [10/11] Step [396/1241] Loss: 0.1547 Time: 513.284
#### prediction torch.Size([192, 4])
Epoch [10/11] Step [429/1241] Loss: 0.1896 Time: 514.748
#### prediction torch.Size([192, 4])
Epoch [10/11] Step [462/1241] Loss: 0.1971 Time: 516.21
#### prediction torch.Size([192, 4])
Epoch [10/11] Step [495/1241] Loss: 0.1585 Time: 517.673
#### prediction torch.Size([192, 4])
Epoch [10/11] Step [528/1241] Loss: 0.2417 Time: 519.135
#### prediction torch.Size([192, 4])
Epoch [10/11] Step [561/1241] Loss: 0.2374 Time: 520.596
#### prediction torch.Size([192, 4])
Epoch [10/11] Step [594/1241] Loss: 0.1940 Time: 522.059
#### prediction torch.Size([192, 4])
Epoch [10/11] Step [627/1241] Loss: 0.2685 Time: 523.521
#### prediction torch.Size([192, 4])
Epoch [10/11] Step [660/1241] Loss: 0.1807 Time: 524.982
#### prediction torch.Size([192, 4])
Epoch [10/11] Step [693/1241] Loss: 0.2265 Time: 526.446
#### prediction torch.Size([192, 4])
Epoch [10/11] Step [726/1241] Loss: 0.2095 Time: 527.91
#### prediction torch.Size([192, 4])
Epoch [10/11] Step [759/1241] Loss: 0.1606 Time: 529.373
#### prediction torch.Size([192, 4])
Epoch [10/11] Step [792/1241] Loss: 0.2165 Time: 530.837
#### prediction torch.Size([192, 4])
Epoch [10/11] Step [825/1241] Loss: 0.1972 Time: 532.3
#### prediction torch.Size([192, 4])
Epoch [10/11] Step [858/1241] Loss: 0.1761 Time: 533.764
#### prediction torch.Size([192, 4])
Epoch [10/11] Step [891/1241] Loss: 0.1630 Time: 535.226
#### prediction torch.Size([192, 4])
Epoch [10/11] Step [924/1241] Loss: 0.1671 Time: 536.688
#### prediction torch.Size([192, 4])
Epoch [10/11] Step [957/1241] Loss: 0.1580 Time: 538.151
#### prediction torch.Size([192, 4])
Epoch [10/11] Step [990/1241] Loss: 0.2406 Time: 539.613
#### prediction torch.Size([192, 4])
Epoch [10/11] Step [1023/1241] Loss: 0.1470 Time: 541.087
#### prediction torch.Size([192, 4])
Epoch [10/11] Step [1056/1241] Loss: 0.1407 Time: 542.55
#### prediction torch.Size([192, 4])
Epoch [10/11] Step [1089/1241] Loss: 0.1543 Time: 544.015
#### prediction torch.Size([192, 4])
Epoch [10/11] Step [1122/1241] Loss: 0.1776 Time: 545.478
#### prediction torch.Size([192, 4])
Epoch [10/11] Step [1155/1241] Loss: 0.1609 Time: 546.94
#### prediction torch.Size([192, 4])
Epoch [10/11] Step [1188/1241] Loss: 0.2615 Time: 548.404
#### prediction torch.Size([192, 4])
Epoch [10/11] Step [1221/1241] Loss: 0.1703 Time: 549.867
#### TRAINED MODEL ResNet1D model training time: 606.005 total training time: 609.519 ####
#### TRAINING TOTAL TIME: 606.005 ####
Accuracy of the ResNet1D model on the test set: 22.79076 %
#### TESTING TOTAL TIME: 4.58 ####
#### TIME #### TERMINO #### 90598.297 ####
#### FINITO #### TERMINO #### NO-VA-MAS ####
#### TIMES #### modelling TOTAL TOTAL ==>> 90598.297 seconds
#### #### READING DATA FILES #### ####
507 511 #### COMBI [reg, sid, ban, sec, men, med, sum, max, aci, bet, npp, hfq, htp, hhh, aei] METRICS ####
('Plantation', '/home/vargas/repos/forests-sounds-vargas/out/data/extraction/Plantation/2_00_PSA0010-2010_dict_y_split_7_2512283_1736694580.pkl')
(297840, 15) Index(['reg', 'sid', 'ban', 'sec', 'men', 'med', 'sum', 'max', 'aci', 'bet',
       'npp'],
      dtype='object') Index(['men', 'med', 'sum', 'max', 'aci', 'bet', 'npp', 'hfq', 'htp', 'hhh',
       'aei'],
      dtype='object')
#### MERGE 68 merge_data Dataframe shape: (297840, 15) #### time: 626
#### #### SPLIT TRAIN TEST #### ####
#### CLASSES: [0 1 2 3] TOTAL 4
#### SPLIT train_test_split and CUDA: ??? cuda:0 #### time: 35
#### MODELS - TOTAL 1 ####
#### EPOCHS 11 ####
#### TRAINING MODELS ####
#### TRAINING MODEL ResNet1D ####
#### prediction torch.Size([192, 4])
Epoch [10/11] Step [33/1241] Loss: 0.2274 Time: 497.73
#### prediction torch.Size([192, 4])
Epoch [10/11] Step [66/1241] Loss: 0.2491 Time: 499.198
#### prediction torch.Size([192, 4])
Epoch [10/11] Step [99/1241] Loss: 0.1871 Time: 500.676
#### prediction torch.Size([192, 4])
Epoch [10/11] Step [132/1241] Loss: 0.2448 Time: 502.144
#### prediction torch.Size([192, 4])
Epoch [10/11] Step [165/1241] Loss: 0.2296 Time: 503.611
#### prediction torch.Size([192, 4])
Epoch [10/11] Step [198/1241] Loss: 0.1943 Time: 505.25
#### prediction torch.Size([192, 4])
Epoch [10/11] Step [231/1241] Loss: 0.1959 Time: 506.717
#### prediction torch.Size([192, 4])
Epoch [10/11] Step [264/1241] Loss: 0.2100 Time: 508.185
#### prediction torch.Size([192, 4])
Epoch [10/11] Step [297/1241] Loss: 0.1982 Time: 509.661
#### prediction torch.Size([192, 4])
Epoch [10/11] Step [330/1241] Loss: 0.1725 Time: 511.128
#### prediction torch.Size([192, 4])
Epoch [10/11] Step [363/1241] Loss: 0.2333 Time: 512.598
#### prediction torch.Size([192, 4])
Epoch [10/11] Step [396/1241] Loss: 0.1729 Time: 514.067
#### prediction torch.Size([192, 4])
Epoch [10/11] Step [429/1241] Loss: 0.1959 Time: 515.535
#### prediction torch.Size([192, 4])
Epoch [10/11] Step [462/1241] Loss: 0.2261 Time: 517.003
#### prediction torch.Size([192, 4])
Epoch [10/11] Step [495/1241] Loss: 0.1918 Time: 518.47
#### prediction torch.Size([192, 4])
Epoch [10/11] Step [528/1241] Loss: 0.1810 Time: 519.937
#### prediction torch.Size([192, 4])
Epoch [10/11] Step [561/1241] Loss: 0.1500 Time: 521.405
#### prediction torch.Size([192, 4])
Epoch [10/11] Step [594/1241] Loss: 0.2403 Time: 522.871
#### prediction torch.Size([192, 4])
Epoch [10/11] Step [627/1241] Loss: 0.2252 Time: 524.338
#### prediction torch.Size([192, 4])
Epoch [10/11] Step [660/1241] Loss: 0.2737 Time: 525.805
#### prediction torch.Size([192, 4])
Epoch [10/11] Step [693/1241] Loss: 0.2828 Time: 527.273
#### prediction torch.Size([192, 4])
Epoch [10/11] Step [726/1241] Loss: 0.2101 Time: 528.741
#### prediction torch.Size([192, 4])
Epoch [10/11] Step [759/1241] Loss: 0.2307 Time: 530.21
#### prediction torch.Size([192, 4])
Epoch [10/11] Step [792/1241] Loss: 0.2018 Time: 531.678
#### prediction torch.Size([192, 4])
Epoch [10/11] Step [825/1241] Loss: 0.2089 Time: 533.146
#### prediction torch.Size([192, 4])
Epoch [10/11] Step [858/1241] Loss: 0.1892 Time: 534.613
#### prediction torch.Size([192, 4])
Epoch [10/11] Step [891/1241] Loss: 0.2768 Time: 536.081
#### prediction torch.Size([192, 4])
Epoch [10/11] Step [924/1241] Loss: 0.2109 Time: 537.549
#### prediction torch.Size([192, 4])
Epoch [10/11] Step [957/1241] Loss: 0.2076 Time: 539.02
#### prediction torch.Size([192, 4])
Epoch [10/11] Step [990/1241] Loss: 0.2312 Time: 540.491
#### prediction torch.Size([192, 4])
Epoch [10/11] Step [1023/1241] Loss: 0.2330 Time: 541.958
#### prediction torch.Size([192, 4])
Epoch [10/11] Step [1056/1241] Loss: 0.2452 Time: 543.428
#### prediction torch.Size([192, 4])
Epoch [10/11] Step [1089/1241] Loss: 0.2151 Time: 544.895
#### prediction torch.Size([192, 4])
Epoch [10/11] Step [1122/1241] Loss: 0.2356 Time: 546.362
#### prediction torch.Size([192, 4])
Epoch [10/11] Step [1155/1241] Loss: 0.2495 Time: 547.83
#### prediction torch.Size([192, 4])
Epoch [10/11] Step [1188/1241] Loss: 0.2387 Time: 549.296
#### prediction torch.Size([192, 4])
Epoch [10/11] Step [1221/1241] Loss: 0.2350 Time: 550.762
#### TRAINED MODEL ResNet1D model training time: 607.028 total training time: 610.562 ####
#### TRAINING TOTAL TIME: 607.029 ####
Accuracy of the ResNet1D model on the test set: 81.255036 %
#### TESTING TOTAL TIME: 4.604 ####
#### TIME #### TERMINO #### 91261.136 ####
#### FINITO #### TERMINO #### NO-VA-MAS ####
#### TIMES #### modelling TOTAL TOTAL ==>> 91261.136 seconds
#### #### READING DATA FILES #### ####
508 511 #### COMBI [reg, sid, ban, sec, men, med, sum, max, aci, mmm, npp, hfq, htp, hhh, aei] METRICS ####
('Plantation', '/home/vargas/repos/forests-sounds-vargas/out/data/extraction/Plantation/2_00_PSA0010-2010_dict_y_split_7_2512283_1736694580.pkl')
(297840, 15) Index(['reg', 'sid', 'ban', 'sec', 'men', 'med', 'sum', 'max', 'aci', 'mmm',
       'npp'],
      dtype='object') Index(['men', 'med', 'sum', 'max', 'aci', 'mmm', 'npp', 'hfq', 'htp', 'hhh',
       'aei'],
      dtype='object')
#### MERGE 68 merge_data Dataframe shape: (297840, 15) #### time: 627
#### #### SPLIT TRAIN TEST #### ####
#### CLASSES: [0 1 2 3] TOTAL 4
#### SPLIT train_test_split and CUDA: ??? cuda:0 #### time: 35
#### MODELS - TOTAL 1 ####
#### EPOCHS 11 ####
#### TRAINING MODELS ####
#### TRAINING MODEL ResNet1D ####
#### prediction torch.Size([192, 4])
Epoch [10/11] Step [33/1241] Loss: 0.2238 Time: 499.986
#### prediction torch.Size([192, 4])
Epoch [10/11] Step [66/1241] Loss: 0.2389 Time: 501.457
#### prediction torch.Size([192, 4])
Epoch [10/11] Step [99/1241] Loss: 0.2895 Time: 502.926
#### prediction torch.Size([192, 4])
Epoch [10/11] Step [132/1241] Loss: 0.2662 Time: 504.395
#### prediction torch.Size([192, 4])
Epoch [10/11] Step [165/1241] Loss: 0.2518 Time: 505.865
#### prediction torch.Size([192, 4])
Epoch [10/11] Step [198/1241] Loss: 0.2366 Time: 507.343
#### prediction torch.Size([192, 4])
Epoch [10/11] Step [231/1241] Loss: 0.2115 Time: 508.813
#### prediction torch.Size([192, 4])
Epoch [10/11] Step [264/1241] Loss: 0.2322 Time: 510.284
#### prediction torch.Size([192, 4])
Epoch [10/11] Step [297/1241] Loss: 0.2629 Time: 511.755
#### prediction torch.Size([192, 4])
Epoch [10/11] Step [330/1241] Loss: 0.2087 Time: 513.225
#### prediction torch.Size([192, 4])
Epoch [10/11] Step [363/1241] Loss: 0.2306 Time: 514.694
#### prediction torch.Size([192, 4])
Epoch [10/11] Step [396/1241] Loss: 0.3387 Time: 516.163
#### prediction torch.Size([192, 4])
Epoch [10/11] Step [429/1241] Loss: 0.2618 Time: 517.632
#### prediction torch.Size([192, 4])
Epoch [10/11] Step [462/1241] Loss: 0.2150 Time: 519.101
#### prediction torch.Size([192, 4])
Epoch [10/11] Step [495/1241] Loss: 0.2429 Time: 520.57
#### prediction torch.Size([192, 4])
Epoch [10/11] Step [528/1241] Loss: 0.1819 Time: 522.04
#### prediction torch.Size([192, 4])
Epoch [10/11] Step [561/1241] Loss: 0.3135 Time: 523.508
#### prediction torch.Size([192, 4])
Epoch [10/11] Step [594/1241] Loss: 0.2239 Time: 524.978
#### prediction torch.Size([192, 4])
Epoch [10/11] Step [627/1241] Loss: 0.2132 Time: 526.448
#### prediction torch.Size([192, 4])
Epoch [10/11] Step [660/1241] Loss: 0.1962 Time: 527.918
#### prediction torch.Size([192, 4])
Epoch [10/11] Step [693/1241] Loss: 0.2071 Time: 529.388
#### prediction torch.Size([192, 4])
Epoch [10/11] Step [726/1241] Loss: 0.3115 Time: 530.856
#### prediction torch.Size([192, 4])
Epoch [10/11] Step [759/1241] Loss: 0.2160 Time: 532.325
#### prediction torch.Size([192, 4])
Epoch [10/11] Step [792/1241] Loss: 0.3207 Time: 533.795
#### prediction torch.Size([192, 4])
Epoch [10/11] Step [825/1241] Loss: 0.2590 Time: 535.264
#### prediction torch.Size([192, 4])
Epoch [10/11] Step [858/1241] Loss: 0.1924 Time: 536.741
#### prediction torch.Size([192, 4])
Epoch [10/11] Step [891/1241] Loss: 0.1966 Time: 538.212
#### prediction torch.Size([192, 4])
Epoch [10/11] Step [924/1241] Loss: 0.2814 Time: 539.68
#### prediction torch.Size([192, 4])
Epoch [10/11] Step [957/1241] Loss: 0.2465 Time: 541.152
#### prediction torch.Size([192, 4])
Epoch [10/11] Step [990/1241] Loss: 0.3774 Time: 542.622
#### prediction torch.Size([192, 4])
Epoch [10/11] Step [1023/1241] Loss: 0.1907 Time: 544.259
#### prediction torch.Size([192, 4])
Epoch [10/11] Step [1056/1241] Loss: 0.2445 Time: 545.728
#### prediction torch.Size([192, 4])
Epoch [10/11] Step [1089/1241] Loss: 0.2276 Time: 547.198
#### prediction torch.Size([192, 4])
Epoch [10/11] Step [1122/1241] Loss: 0.2634 Time: 548.666
#### prediction torch.Size([192, 4])
Epoch [10/11] Step [1155/1241] Loss: 0.1678 Time: 550.135
#### prediction torch.Size([192, 4])
Epoch [10/11] Step [1188/1241] Loss: 0.1738 Time: 551.605
#### prediction torch.Size([192, 4])
Epoch [10/11] Step [1221/1241] Loss: 0.1738 Time: 553.075
#### TRAINED MODEL ResNet1D model training time: 609.266 total training time: 612.724 ####
#### TRAINING TOTAL TIME: 609.267 ####
Accuracy of the ResNet1D model on the test set: 80.343473 %
#### TESTING TOTAL TIME: 4.609 ####
#### TIME #### TERMINO #### 91925.878 ####
#### FINITO #### TERMINO #### NO-VA-MAS ####
#### TIMES #### modelling TOTAL TOTAL ==>> 91925.878 seconds
#### #### READING DATA FILES #### ####
509 511 #### COMBI [reg, sid, ban, sec, men, med, sum, max, bet, mmm, npp, hfq, htp, hhh, aei] METRICS ####
('Plantation', '/home/vargas/repos/forests-sounds-vargas/out/data/extraction/Plantation/2_00_PSA0010-2010_dict_y_split_7_2512283_1736694580.pkl')
(297840, 15) Index(['reg', 'sid', 'ban', 'sec', 'men', 'med', 'sum', 'max', 'bet', 'mmm',
       'npp'],
      dtype='object') Index(['men', 'med', 'sum', 'max', 'bet', 'mmm', 'npp', 'hfq', 'htp', 'hhh',
       'aei'],
      dtype='object')
#### MERGE 68 merge_data Dataframe shape: (297840, 15) #### time: 636
#### #### SPLIT TRAIN TEST #### ####
#### CLASSES: [0 1 2 3] TOTAL 4
#### SPLIT train_test_split and CUDA: ??? cuda:0 #### time: 35
#### MODELS - TOTAL 1 ####
#### EPOCHS 11 ####
#### TRAINING MODELS ####
#### TRAINING MODEL ResNet1D ####
#### prediction torch.Size([192, 4])
Epoch [10/11] Step [33/1241] Loss: 0.1351 Time: 498.56
#### prediction torch.Size([192, 4])
Epoch [10/11] Step [66/1241] Loss: 0.1344 Time: 500.022
#### prediction torch.Size([192, 4])
Epoch [10/11] Step [99/1241] Loss: 0.1382 Time: 501.482
#### prediction torch.Size([192, 4])
Epoch [10/11] Step [132/1241] Loss: 0.0802 Time: 502.939
#### prediction torch.Size([192, 4])
Epoch [10/11] Step [165/1241] Loss: 0.1197 Time: 504.397
#### prediction torch.Size([192, 4])
Epoch [10/11] Step [198/1241] Loss: 0.1088 Time: 505.855
#### prediction torch.Size([192, 4])
Epoch [10/11] Step [231/1241] Loss: 0.0696 Time: 507.312
#### prediction torch.Size([192, 4])
Epoch [10/11] Step [264/1241] Loss: 0.1141 Time: 508.77
#### prediction torch.Size([192, 4])
Epoch [10/11] Step [297/1241] Loss: 0.1018 Time: 510.229
#### prediction torch.Size([192, 4])
Epoch [10/11] Step [330/1241] Loss: 0.0940 Time: 511.686
#### prediction torch.Size([192, 4])
Epoch [10/11] Step [363/1241] Loss: 0.1091 Time: 513.143
#### prediction torch.Size([192, 4])
Epoch [10/11] Step [396/1241] Loss: 0.1627 Time: 514.602
#### prediction torch.Size([192, 4])
Epoch [10/11] Step [429/1241] Loss: 0.0689 Time: 516.061
#### prediction torch.Size([192, 4])
Epoch [10/11] Step [462/1241] Loss: 0.1059 Time: 517.521
#### prediction torch.Size([192, 4])
Epoch [10/11] Step [495/1241] Loss: 0.1263 Time: 518.98
#### prediction torch.Size([192, 4])
Epoch [10/11] Step [528/1241] Loss: 0.0929 Time: 520.437
#### prediction torch.Size([192, 4])
Epoch [10/11] Step [561/1241] Loss: 0.1690 Time: 521.91
#### prediction torch.Size([192, 4])
Epoch [10/11] Step [594/1241] Loss: 0.0975 Time: 523.381
#### prediction torch.Size([192, 4])
Epoch [10/11] Step [627/1241] Loss: 0.1202 Time: 524.879
#### prediction torch.Size([192, 4])
Epoch [10/11] Step [660/1241] Loss: 0.0650 Time: 526.344
#### prediction torch.Size([192, 4])
Epoch [10/11] Step [693/1241] Loss: 0.0676 Time: 527.802
#### prediction torch.Size([192, 4])
Epoch [10/11] Step [726/1241] Loss: 0.0854 Time: 529.262
#### prediction torch.Size([192, 4])
Epoch [10/11] Step [759/1241] Loss: 0.0976 Time: 530.721
#### prediction torch.Size([192, 4])
Epoch [10/11] Step [792/1241] Loss: 0.0908 Time: 532.179
#### prediction torch.Size([192, 4])
Epoch [10/11] Step [825/1241] Loss: 0.2397 Time: 533.638
#### prediction torch.Size([192, 4])
Epoch [10/11] Step [858/1241] Loss: 0.1070 Time: 535.096
#### prediction torch.Size([192, 4])
Epoch [10/11] Step [891/1241] Loss: 0.0986 Time: 536.556
#### prediction torch.Size([192, 4])
Epoch [10/11] Step [924/1241] Loss: 0.0700 Time: 538.014
#### prediction torch.Size([192, 4])
Epoch [10/11] Step [957/1241] Loss: 0.1459 Time: 539.472
#### prediction torch.Size([192, 4])
Epoch [10/11] Step [990/1241] Loss: 0.0652 Time: 540.93
#### prediction torch.Size([192, 4])
Epoch [10/11] Step [1023/1241] Loss: 0.0605 Time: 542.39
#### prediction torch.Size([192, 4])
Epoch [10/11] Step [1056/1241] Loss: 0.0930 Time: 543.848
#### prediction torch.Size([192, 4])
Epoch [10/11] Step [1089/1241] Loss: 0.0841 Time: 545.308
#### prediction torch.Size([192, 4])
Epoch [10/11] Step [1122/1241] Loss: 0.0916 Time: 546.768
#### prediction torch.Size([192, 4])
Epoch [10/11] Step [1155/1241] Loss: 0.0807 Time: 548.226
#### prediction torch.Size([192, 4])
Epoch [10/11] Step [1188/1241] Loss: 0.1124 Time: 549.685
#### prediction torch.Size([192, 4])
Epoch [10/11] Step [1221/1241] Loss: 0.1307 Time: 551.143
#### TRAINED MODEL ResNet1D model training time: 607.105 total training time: 610.539 ####
#### TRAINING TOTAL TIME: 607.105 ####
Accuracy of the ResNet1D model on the test set: 80.843742 %
#### TESTING TOTAL TIME: 4.572 ####
#### TIME #### TERMINO #### 92595.471 ####
#### FINITO #### TERMINO #### NO-VA-MAS ####
#### TIMES #### modelling TOTAL TOTAL ==>> 92595.471 seconds
#### #### READING DATA FILES #### ####
510 511 #### COMBI [reg, sid, ban, sec, men, med, sum, aci, bet, mmm, npp, hfq, htp, hhh, aei] METRICS ####
('Plantation', '/home/vargas/repos/forests-sounds-vargas/out/data/extraction/Plantation/2_00_PSA0010-2010_dict_y_split_7_2512283_1736694580.pkl')
(297840, 15) Index(['reg', 'sid', 'ban', 'sec', 'men', 'med', 'sum', 'aci', 'bet', 'mmm',
       'npp'],
      dtype='object') Index(['men', 'med', 'sum', 'aci', 'bet', 'mmm', 'npp', 'hfq', 'htp', 'hhh',
       'aei'],
      dtype='object')
#### MERGE 68 merge_data Dataframe shape: (297840, 15) #### time: 628
#### #### SPLIT TRAIN TEST #### ####
#### CLASSES: [0 1 2 3] TOTAL 4
#### SPLIT train_test_split and CUDA: ??? cuda:0 #### time: 35
#### MODELS - TOTAL 1 ####
#### EPOCHS 11 ####
#### TRAINING MODELS ####
#### TRAINING MODEL ResNet1D ####
#### prediction torch.Size([192, 4])
Epoch [10/11] Step [33/1241] Loss: 0.1891 Time: 497.038
#### prediction torch.Size([192, 4])
Epoch [10/11] Step [66/1241] Loss: 0.1594 Time: 498.501
#### prediction torch.Size([192, 4])
Epoch [10/11] Step [99/1241] Loss: 0.2085 Time: 499.964
#### prediction torch.Size([192, 4])
Epoch [10/11] Step [132/1241] Loss: 0.2061 Time: 501.426
#### prediction torch.Size([192, 4])
Epoch [10/11] Step [165/1241] Loss: 0.1964 Time: 502.887
#### prediction torch.Size([192, 4])
Epoch [10/11] Step [198/1241] Loss: 0.1797 Time: 504.35
#### prediction torch.Size([192, 4])
Epoch [10/11] Step [231/1241] Loss: 0.2050 Time: 505.812
#### prediction torch.Size([192, 4])
Epoch [10/11] Step [264/1241] Loss: 0.1876 Time: 507.273
#### prediction torch.Size([192, 4])
Epoch [10/11] Step [297/1241] Loss: 0.2538 Time: 508.735
#### prediction torch.Size([192, 4])
Epoch [10/11] Step [330/1241] Loss: 0.1682 Time: 510.198
#### prediction torch.Size([192, 4])
Epoch [10/11] Step [363/1241] Loss: 0.1725 Time: 511.66
#### prediction torch.Size([192, 4])
Epoch [10/11] Step [396/1241] Loss: 0.1223 Time: 513.121
#### prediction torch.Size([192, 4])
Epoch [10/11] Step [429/1241] Loss: 0.1618 Time: 514.582
#### prediction torch.Size([192, 4])
Epoch [10/11] Step [462/1241] Loss: 0.1810 Time: 516.044
#### prediction torch.Size([192, 4])
Epoch [10/11] Step [495/1241] Loss: 0.2495 Time: 517.508
#### prediction torch.Size([192, 4])
Epoch [10/11] Step [528/1241] Loss: 0.2254 Time: 519.134
#### prediction torch.Size([192, 4])
Epoch [10/11] Step [561/1241] Loss: 0.2013 Time: 520.596
#### prediction torch.Size([192, 4])
Epoch [10/11] Step [594/1241] Loss: 0.1712 Time: 522.063
#### prediction torch.Size([192, 4])
Epoch [10/11] Step [627/1241] Loss: 0.2060 Time: 523.525
#### prediction torch.Size([192, 4])
Epoch [10/11] Step [660/1241] Loss: 0.2007 Time: 524.988
#### prediction torch.Size([192, 4])
Epoch [10/11] Step [693/1241] Loss: 0.2316 Time: 526.452
#### prediction torch.Size([192, 4])
Epoch [10/11] Step [726/1241] Loss: 0.2177 Time: 527.915
#### prediction torch.Size([192, 4])
Epoch [10/11] Step [759/1241] Loss: 0.1521 Time: 529.377
#### prediction torch.Size([192, 4])
Epoch [10/11] Step [792/1241] Loss: 0.1595 Time: 530.84
#### prediction torch.Size([192, 4])
Epoch [10/11] Step [825/1241] Loss: 0.1710 Time: 532.302
#### prediction torch.Size([192, 4])
Epoch [10/11] Step [858/1241] Loss: 0.2180 Time: 533.765
#### prediction torch.Size([192, 4])
Epoch [10/11] Step [891/1241] Loss: 0.1871 Time: 535.228
#### prediction torch.Size([192, 4])
Epoch [10/11] Step [924/1241] Loss: 0.1400 Time: 536.689
#### prediction torch.Size([192, 4])
Epoch [10/11] Step [957/1241] Loss: 0.2015 Time: 538.149
#### prediction torch.Size([192, 4])
Epoch [10/11] Step [990/1241] Loss: 0.1719 Time: 539.611
#### prediction torch.Size([192, 4])
Epoch [10/11] Step [1023/1241] Loss: 0.2797 Time: 541.073
#### prediction torch.Size([192, 4])
Epoch [10/11] Step [1056/1241] Loss: 0.1784 Time: 542.536
#### prediction torch.Size([192, 4])
Epoch [10/11] Step [1089/1241] Loss: 0.2538 Time: 543.998
#### prediction torch.Size([192, 4])
Epoch [10/11] Step [1122/1241] Loss: 0.1775 Time: 545.46
#### prediction torch.Size([192, 4])
Epoch [10/11] Step [1155/1241] Loss: 0.1903 Time: 546.923
#### prediction torch.Size([192, 4])
Epoch [10/11] Step [1188/1241] Loss: 0.2436 Time: 548.385
#### prediction torch.Size([192, 4])
Epoch [10/11] Step [1221/1241] Loss: 0.2241 Time: 549.847
#### TRAINED MODEL ResNet1D model training time: 605.765 total training time: 608.964 ####
#### TRAINING TOTAL TIME: 605.765 ####
Accuracy of the ResNet1D model on the test set: 86.764706 %
#### TESTING TOTAL TIME: 4.753 ####
#### TIME #### TERMINO #### 93257.764 ####
#### FINITO #### TERMINO #### NO-VA-MAS ####
#### TIMES #### modelling TOTAL TOTAL ==>> 93257.764 seconds
#### #### READING DATA FILES #### ####
511 511 #### COMBI [reg, sid, ban, sec, men, med, sum, max, aci, bet, mmm, npp, hfq, htp, hhh, aei] METRICS ####
('Plantation', '/home/vargas/repos/forests-sounds-vargas/out/data/extraction/Plantation/2_00_PSA0010-2010_dict_y_split_7_2512283_1736694580.pkl')
(297840, 16) Index(['reg', 'sid', 'ban', 'sec', 'men', 'med', 'sum', 'max', 'aci', 'bet',
       'mmm'],
      dtype='object') Index(['med', 'sum', 'max', 'aci', 'bet', 'mmm', 'npp', 'hfq', 'htp', 'hhh',
       'aei'],
      dtype='object')
#### MERGE 68 merge_data Dataframe shape: (297840, 16) #### time: 628
#### #### SPLIT TRAIN TEST #### ####
#### CLASSES: [0 1 2 3] TOTAL 4
#### SPLIT train_test_split and CUDA: ??? cuda:0 #### time: 35
#### MODELS - TOTAL 1 ####
#### EPOCHS 11 ####
#### TRAINING MODELS ####
#### TRAINING MODEL ResNet1D ####
#### prediction torch.Size([192, 4])
Epoch [10/11] Step [33/1241] Loss: 0.2158 Time: 497.062
#### prediction torch.Size([192, 4])
Epoch [10/11] Step [66/1241] Loss: 0.2684 Time: 498.523
#### prediction torch.Size([192, 4])
Epoch [10/11] Step [99/1241] Loss: 0.2416 Time: 499.983
#### prediction torch.Size([192, 4])
Epoch [10/11] Step [132/1241] Loss: 0.1999 Time: 501.444
#### prediction torch.Size([192, 4])
Epoch [10/11] Step [165/1241] Loss: 0.2040 Time: 502.906
#### prediction torch.Size([192, 4])
Epoch [10/11] Step [198/1241] Loss: 0.2099 Time: 504.366
#### prediction torch.Size([192, 4])
Epoch [10/11] Step [231/1241] Loss: 0.1822 Time: 505.828
#### prediction torch.Size([192, 4])
Epoch [10/11] Step [264/1241] Loss: 0.1438 Time: 507.289
#### prediction torch.Size([192, 4])
Epoch [10/11] Step [297/1241] Loss: 0.1612 Time: 508.75
#### prediction torch.Size([192, 4])
Epoch [10/11] Step [330/1241] Loss: 0.2336 Time: 510.212
#### prediction torch.Size([192, 4])
Epoch [10/11] Step [363/1241] Loss: 0.1689 Time: 511.673
#### prediction torch.Size([192, 4])
Epoch [10/11] Step [396/1241] Loss: 0.1951 Time: 513.134
#### prediction torch.Size([192, 4])
Epoch [10/11] Step [429/1241] Loss: 0.2119 Time: 514.596
#### prediction torch.Size([192, 4])
Epoch [10/11] Step [462/1241] Loss: 0.1870 Time: 516.056
#### prediction torch.Size([192, 4])
Epoch [10/11] Step [495/1241] Loss: 0.1742 Time: 517.521
#### prediction torch.Size([192, 4])
Epoch [10/11] Step [528/1241] Loss: 0.2261 Time: 518.985
#### prediction torch.Size([192, 4])
Epoch [10/11] Step [561/1241] Loss: 0.2142 Time: 520.446
#### prediction torch.Size([192, 4])
Epoch [10/11] Step [594/1241] Loss: 0.2444 Time: 521.907
#### prediction torch.Size([192, 4])
Epoch [10/11] Step [627/1241] Loss: 0.2525 Time: 523.371
#### prediction torch.Size([192, 4])
Epoch [10/11] Step [660/1241] Loss: 0.1837 Time: 524.834
#### prediction torch.Size([192, 4])
Epoch [10/11] Step [693/1241] Loss: 0.1985 Time: 526.297
#### prediction torch.Size([192, 4])
Epoch [10/11] Step [726/1241] Loss: 0.1456 Time: 527.774
#### prediction torch.Size([192, 4])
Epoch [10/11] Step [759/1241] Loss: 0.1875 Time: 529.235
#### prediction torch.Size([192, 4])
Epoch [10/11] Step [792/1241] Loss: 0.2891 Time: 530.696
#### prediction torch.Size([192, 4])
Epoch [10/11] Step [825/1241] Loss: 0.1870 Time: 532.159
#### prediction torch.Size([192, 4])
Epoch [10/11] Step [858/1241] Loss: 0.1384 Time: 533.621
#### prediction torch.Size([192, 4])
Epoch [10/11] Step [891/1241] Loss: 0.1965 Time: 535.082
#### prediction torch.Size([192, 4])
Epoch [10/11] Step [924/1241] Loss: 0.2647 Time: 536.544
#### prediction torch.Size([192, 4])
Epoch [10/11] Step [957/1241] Loss: 0.3157 Time: 538.006
#### prediction torch.Size([192, 4])
Epoch [10/11] Step [990/1241] Loss: 0.2212 Time: 539.467
#### prediction torch.Size([192, 4])
Epoch [10/11] Step [1023/1241] Loss: 0.1746 Time: 540.932
#### prediction torch.Size([192, 4])
Epoch [10/11] Step [1056/1241] Loss: 0.2390 Time: 542.394
#### prediction torch.Size([192, 4])
Epoch [10/11] Step [1089/1241] Loss: 0.2070 Time: 543.854
#### prediction torch.Size([192, 4])
Epoch [10/11] Step [1122/1241] Loss: 0.2236 Time: 545.315
#### prediction torch.Size([192, 4])
Epoch [10/11] Step [1155/1241] Loss: 0.1950 Time: 546.776
#### prediction torch.Size([192, 4])
Epoch [10/11] Step [1188/1241] Loss: 0.2674 Time: 548.242
#### prediction torch.Size([192, 4])
Epoch [10/11] Step [1221/1241] Loss: 0.2212 Time: 549.703
#### TRAINED MODEL ResNet1D model training time: 605.761 total training time: 609.024 ####
#### TRAINING TOTAL TIME: 605.761 ####
Accuracy of the ResNet1D model on the test set: 89.70924 %
#### TESTING TOTAL TIME: 4.643 ####
#### TIME #### TERMINO #### 93921.412 ####
#### FINITO #### TERMINO #### NO-VA-MAS ####
#### TIMES #### modelling TOTAL TOTAL ==>> 93921.412 seconds
0 #### TIMES #### Modelling #### PARTIAL FILE ==>> 93921.401 seconds
SE ME CUIDA MIJO, AHÍ LE DEJO PA` QUE NO TRASNOCHE TANTO ;)
#### TIMES #### Modelling TOTAL TOTAL ==>> 93921.412 seconds
#### #### NO DA MAS #### TERMINO #### FINITO #### ####
#### #### 
 TOTAL_TIME: 93921.442 
 TOTAL_JOBS: 39 
 JOB_ID: 2616261 
 #### ####
#### SLEEPING TIME: 93921.442 seconds ####
All gürkel parcero, aller!
